wavelength,intensity,uncertainty
3500.0,1.0,nan
3501.0,1.0,nan
3502.0,1.0,nan
3503.0,1.0,nan
3504.0,1.0,nan
3505.0,1.0,nan
3506.0,1.0,nan
3507.0,1.0,nan
3508.0,1.0,nan
3509.0,1.0,nan
3510.0,1.0,nan
3511.0,1.0,nan
3512.0,1.0,nan
3513.0,1.0,nan
3514.0,1.0,nan
3515.0,1.0,nan
3516.0,1.0,nan
3517.0,1.0,nan
3518.0,1.0,nan
3519.0,1.0,nan
3520.0,1.0,nan
3521.0,1.0,nan
3522.0,1.0,nan
3523.0,1.0,nan
3524.0,1.0,nan
3525.0,1.0,nan
3526.0,1.0,nan
3527.0,1.0,nan
3528.0,1.0,nan
3529.0,1.0,nan
3530.0,1.0,nan
3531.0,1.0,nan
3532.0,1.0,nan
3533.0,1.0,nan
3534.0,1.0,nan
3535.0,1.0,nan
3536.0,1.0,nan
3537.0,1.0,nan
3538.0,1.0,nan
3539.0,1.0,nan
3540.0,1.0,nan
3541.0,1.0,nan
3542.0,1.0,nan
3543.0,1.0,nan
3544.0,1.0,nan
3545.0,1.0,nan
3546.0,1.0,nan
3547.0,1.0,nan
3548.0,1.0,nan
3549.0,1.0,nan
3550.0,1.0,nan
3551.0,1.0,nan
3552.0,1.0,nan
3553.0,1.0,nan
3554.0,1.0,nan
3555.0,1.0,nan
3556.0,1.0,nan
3557.0,1.0,nan
3558.0,1.0,nan
3559.0,1.0,nan
3560.0,1.0,nan
3561.0,1.0,nan
3562.0,1.0,nan
3563.0,1.0,nan
3564.0,1.0,nan
3565.0,1.0,nan
3566.0,1.0,nan
3567.0,1.0,nan
3568.0,1.0,nan
3569.0,1.0,nan
3570.0,1.0,nan
3571.0,1.0,nan
3572.0,1.0,nan
3573.0,1.0,nan
3574.0,1.0,nan
3575.0,1.0,nan
3576.0,1.0,nan
3577.0,1.0,nan
3578.0,1.0,nan
3579.0,1.0,nan
3580.0,1.0,nan
3581.0,1.0,nan
3582.0,1.0,nan
3583.0,1.0,nan
3584.0,1.0,nan
3585.0,1.0,nan
3586.0,1.0,nan
3587.0,1.0,nan
3588.0,1.0,nan
3589.0,1.0,nan
3590.0,1.0,nan
3591.0,1.0,nan
3592.0,1.0,nan
3593.0,1.0,nan
3594.0,1.0,nan
3595.0,1.0,nan
3596.0,1.0,nan
3597.0,1.0,nan
3598.0,1.0,nan
3599.0,1.0,nan
3600.0,1.0,nan
3601.0,1.0,nan
3602.0,1.0,nan
3603.0,1.0,nan
3604.0,1.0,nan
3605.0,1.0,nan
3606.0,1.0,nan
3607.0,1.0,nan
3608.0,1.0,nan
3609.0,1.0,nan
3610.0,1.0,nan
3611.0,1.0,nan
3612.0,1.0,nan
3613.0,1.0,nan
3614.0,1.0,nan
3615.0,1.0,nan
3616.0,1.0,nan
3617.0,1.0,nan
3618.0,1.0,nan
3619.0,1.0,nan
3620.0,1.0,nan
3621.0,1.0,nan
3622.0,1.0,nan
3623.0,1.0,nan
3624.0,1.0,nan
3625.0,1.0,nan
3626.0,1.0,nan
3627.0,1.0,nan
3628.0,1.0,nan
3629.0,1.0,nan
3630.0,1.0,nan
3631.0,1.0,nan
3632.0,1.0,nan
3633.0,1.0,nan
3634.0,1.0,nan
3635.0,1.0,nan
3636.0,1.0,nan
3637.0,1.0,nan
3638.0,1.0,nan
3639.0,1.0,nan
3640.0,1.0,nan
3641.0,1.0,nan
3642.0,1.0,nan
3643.0,1.0,nan
3644.0,1.0,nan
3645.0,1.0,nan
3646.0,1.0,nan
3647.0,1.0,nan
3648.0,1.0,nan
3649.0,1.0,nan
3650.0,1.0,nan
3651.0,1.0,nan
3652.0,1.0,nan
3653.0,1.0,nan
3654.0,1.0,nan
3655.0,1.0,nan
3656.0,1.0,nan
3657.0,1.0,nan
3658.0,1.0,nan
3659.0,1.0,nan
3660.0,1.0,nan
3661.0,1.0,nan
3662.0,1.0,nan
3663.0,1.0,nan
3664.0,1.0,nan
3665.0,1.0,nan
3666.0,1.0,nan
3667.0,1.0,nan
3668.0,1.0,nan
3669.0,1.0,nan
3670.0,1.0,nan
3671.0,1.0,nan
3672.0,1.0,nan
3673.0,1.0,nan
3674.0,1.0,nan
3675.0,1.0,nan
3676.0,1.0,nan
3677.0,1.0,nan
3678.0,1.0,nan
3679.0,1.0,nan
3680.0,1.0,nan
3681.0,1.0,nan
3682.0,1.0,nan
3683.0,1.0,nan
3684.0,1.0,nan
3685.0,1.0,nan
3686.0,1.0,nan
3687.0,1.0,nan
3688.0,1.0,nan
3689.0,1.0,nan
3690.0,1.0,nan
3691.0,1.0,nan
3692.0,1.0,nan
3693.0,1.0,nan
3694.0,1.0,nan
3695.0,1.0,nan
3696.0,1.0,nan
3697.0,1.0,nan
3698.0,1.0,nan
3699.0,1.0,nan
3700.0,1.0,nan
3701.0,1.0,nan
3702.0,1.0,nan
3703.0,1.0,nan
3704.0,1.0,nan
3705.0,1.0,nan
3706.0,1.0,nan
3707.0,1.0,nan
3708.0,1.0,nan
3709.0,1.0,nan
3710.0,1.0,nan
3711.0,1.0,nan
3712.0,1.0,nan
3713.0,1.0,nan
3714.0,1.0,nan
3715.0,1.0,nan
3716.0,1.0,nan
3717.0,1.0,nan
3718.0,1.0,nan
3719.0,1.0,nan
3720.0,1.0,nan
3721.0,1.0,nan
3722.0,1.0,nan
3723.0,1.0,nan
3724.0,1.0,nan
3725.0,1.0,nan
3726.0,1.0,nan
3727.0,1.0,nan
3728.0,1.0,nan
3729.0,1.0,nan
3730.0,1.0,nan
3731.0,1.0,nan
3732.0,1.0,nan
3733.0,1.0,nan
3734.0,1.0,nan
3735.0,1.0,nan
3736.0,1.0,nan
3737.0,1.0,nan
3738.0,1.0,nan
3739.0,1.0,nan
3740.0,1.0,nan
3741.0,1.0,nan
3742.0,1.0,nan
3743.0,1.0,nan
3744.0,1.0,nan
3745.0,1.0,nan
3746.0,1.0,nan
3747.0,1.0,nan
3748.0,1.0,nan
3749.0,1.0,nan
3750.0,1.0,nan
3751.0,1.0,nan
3752.0,1.0,nan
3753.0,1.0,nan
3754.0,1.0,nan
3755.0,1.0,nan
3756.0,1.0,nan
3757.0,1.0,nan
3758.0,1.0,nan
3759.0,1.0,nan
3760.0,1.0,nan
3761.0,1.0,nan
3762.0,1.0,nan
3763.0,1.0,nan
3764.0,1.0,nan
3765.0,1.0,nan
3766.0,1.0,nan
3767.0,1.0,nan
3768.0,1.0,nan
3769.0,1.0,nan
3770.0,1.0,nan
3771.0,1.0,nan
3772.0,1.0,nan
3773.0,1.0,nan
3774.0,1.0,nan
3775.0,1.0,nan
3776.0,1.0,nan
3777.0,1.0,nan
3778.0,1.0,nan
3779.0,1.0,nan
3780.0,1.0,nan
3781.0,1.0,nan
3782.0,1.0,nan
3783.0,1.0,nan
3784.0,1.0,nan
3785.0,1.0,nan
3786.0,1.0,nan
3787.0,1.0,nan
3788.0,1.0,nan
3789.0,1.0,nan
3790.0,1.0,nan
3791.0,1.0,nan
3792.0,1.0,nan
3793.0,1.0,nan
3794.0,1.0,nan
3795.0,1.0,nan
3796.0,1.0,nan
3797.0,1.0,nan
3798.0,1.0,nan
3799.0,1.0,nan
3800.0,1.0,nan
3801.0,1.0,nan
3802.0,1.0,nan
3803.0,1.0,nan
3804.0,1.0,nan
3805.0,1.0,nan
3806.0,1.0,nan
3807.0,1.0,nan
3808.0,1.0,nan
3809.0,1.0,nan
3810.0,1.0,nan
3811.0,1.0,nan
3812.0,1.0,nan
3813.0,1.0,nan
3814.0,1.0,nan
3815.0,1.0,nan
3816.0,1.0,nan
3817.0,1.0,nan
3818.0,1.0,nan
3819.0,1.0,nan
3820.0,1.0,nan
3821.0,1.0,nan
3822.0,1.0,nan
3823.0,1.0,nan
3824.0,1.0,nan
3825.0,1.0,nan
3826.0,1.0,nan
3827.0,1.0,nan
3828.0,1.0,nan
3829.0,1.0,nan
3830.0,1.0,nan
3831.0,1.0,nan
3832.0,1.0,nan
3833.0,1.0,nan
3834.0,1.0,nan
3835.0,1.0,nan
3836.0,1.0,nan
3837.0,1.0,nan
3838.0,1.0,nan
3839.0,1.0,nan
3840.0,1.0,nan
3841.0,1.0,nan
3842.0,1.0,nan
3843.0,1.0,nan
3844.0,1.0,nan
3845.0,1.0,nan
3846.0,1.0,nan
3847.0,1.0,nan
3848.0,1.0,nan
3849.0,1.0,nan
3850.0,1.0,nan
3851.0,1.0,nan
3852.0,1.0,nan
3853.0,1.0,nan
3854.0,1.0,nan
3855.0,1.0,nan
3856.0,1.0,nan
3857.0,1.0,nan
3858.0,1.0,nan
3859.0,1.0,nan
3860.0,1.0,nan
3861.0,1.0,nan
3862.0,1.0,nan
3863.0,1.0,nan
3864.0,1.0,nan
3865.0,1.0,nan
3866.0,1.0,nan
3867.0,1.0,nan
3868.0,1.0,nan
3869.0,1.0,nan
3870.0,1.0,nan
3871.0,1.0,nan
3872.0,1.0,nan
3873.0,1.0,nan
3874.0,1.0,nan
3875.0,1.0,nan
3876.0,1.0,nan
3877.0,1.0,nan
3878.0,1.0,nan
3879.0,1.0,nan
3880.0,1.0,nan
3881.0,1.0,nan
3882.0,1.0,nan
3883.0,1.0,nan
3884.0,1.0,nan
3885.0,1.0,nan
3886.0,1.0,nan
3887.0,1.0,nan
3888.0,1.0,nan
3889.0,1.0,nan
3890.0,1.0,nan
3891.0,1.0,nan
3892.0,1.0,nan
3893.0,1.0,nan
3894.0,1.0,nan
3895.0,1.0,nan
3896.0,1.0,nan
3897.0,1.0,nan
3898.0,1.0,nan
3899.0,1.0,nan
3900.0,1.0,nan
3901.0,1.0,nan
3902.0,1.0,nan
3903.0,1.0,nan
3904.0,1.0,nan
3905.0,1.0,nan
3906.0,1.0,nan
3907.0,1.0,nan
3908.0,1.0,nan
3909.0,1.0,nan
3910.0,1.0,nan
3911.0,1.0,nan
3912.0,1.0,nan
3913.0,1.0,nan
3914.0,1.0,nan
3915.0,1.0,nan
3916.0,1.0,nan
3917.0,1.0,nan
3918.0,1.0,nan
3919.0,1.0,nan
3920.0,1.0,nan
3921.0,1.0,nan
3922.0,1.0,nan
3923.0,1.0,nan
3924.0,1.0,nan
3925.0,1.0,nan
3926.0,1.0,nan
3927.0,1.0,nan
3928.0,1.0,nan
3929.0,1.0,nan
3930.0,1.0,nan
3931.0,1.0,nan
3932.0,1.0,nan
3933.0,1.0,nan
3934.0,1.0,nan
3935.0,1.0,nan
3936.0,1.0,nan
3937.0,1.0,nan
3938.0,1.0,nan
3939.0,1.0,nan
3940.0,1.0,nan
3941.0,1.0,nan
3942.0,1.0,nan
3943.0,1.0,nan
3944.0,1.0,nan
3945.0,1.0,nan
3946.0,1.0,nan
3947.0,1.0,nan
3948.0,1.0,nan
3949.0,1.0,nan
3950.0,1.0,nan
3951.0,1.0,nan
3952.0,1.0,nan
3953.0,1.0,nan
3954.0,1.0,nan
3955.0,1.0,nan
3956.0,1.0,nan
3957.0,1.0,nan
3958.0,1.0,nan
3959.0,1.0,nan
3960.0,1.0,nan
3961.0,1.0,nan
3962.0,1.0,nan
3963.0,1.0,nan
3964.0,1.0,nan
3965.0,1.0,nan
3966.0,1.0,nan
3967.0,1.0,nan
3968.0,1.0,nan
3969.0,1.0,nan
3970.0,1.0,nan
3971.0,1.0,nan
3972.0,1.0,nan
3973.0,1.0,nan
3974.0,1.0,nan
3975.0,1.0,nan
3976.0,1.0,nan
3977.0,1.0,nan
3978.0,1.0,nan
3979.0,1.0,nan
3980.0,1.0,nan
3981.0,1.0,nan
3982.0,1.0,nan
3983.0,1.0,nan
3984.0,1.0,nan
3985.0,1.0,nan
3986.0,1.0,nan
3987.0,1.0,nan
3988.0,1.0,nan
3989.0,1.0,nan
3990.0,1.0,nan
3991.0,1.0,nan
3992.0,1.0,nan
3993.0,1.0,nan
3994.0,1.0,nan
3995.0,1.0,nan
3996.0,1.0,nan
3997.0,1.0,nan
3998.0,1.0,nan
3999.0,1.0,nan
4000.0,1.0,nan
4001.0,1.0,nan
4002.0,1.0,nan
4003.0,1.0,nan
4004.0,1.0,nan
4005.0,1.0,nan
4006.0,1.0,nan
4007.0,1.0,nan
4008.0,1.0,nan
4009.0,1.0,nan
4010.0,1.0,nan
4011.0,1.0,nan
4012.0,1.0,nan
4013.0,1.0,nan
4014.0,1.0,nan
4015.0,1.0,nan
4016.0,1.0,nan
4017.0,1.0,nan
4018.0,1.0,nan
4019.0,1.0,nan
4020.0,1.0,nan
4021.0,1.0,nan
4022.0,1.0,nan
4023.0,1.0,nan
4024.0,1.0,nan
4025.0,1.0,nan
4026.0,1.0,nan
4027.0,1.0,nan
4028.0,1.0,nan
4029.0,1.0,nan
4030.0,1.0,nan
4031.0,1.0,nan
4032.0,1.0,nan
4033.0,1.0,nan
4034.0,1.0,nan
4035.0,1.0,nan
4036.0,1.0,nan
4037.0,1.0,nan
4038.0,1.0,nan
4039.0,1.0,nan
4040.0,1.0,nan
4041.0,1.0,nan
4042.0,1.0,nan
4043.0,1.0,nan
4044.0,1.0,nan
4045.0,1.0,nan
4046.0,1.0,nan
4047.0,1.0,nan
4048.0,1.0,nan
4049.0,1.0,nan
4050.0,1.0,nan
4051.0,1.0,nan
4052.0,1.0,nan
4053.0,1.0,nan
4054.0,1.0,nan
4055.0,1.0,nan
4056.0,1.0,nan
4057.0,1.0,nan
4058.0,1.0,nan
4059.0,1.0,nan
4060.0,1.0,nan
4061.0,1.0,nan
4062.0,1.0,nan
4063.0,1.0,nan
4064.0,1.0,nan
4065.0,1.0,nan
4066.0,1.0,nan
4067.0,1.0,nan
4068.0,1.0,nan
4069.0,1.0,nan
4070.0,1.0,nan
4071.0,1.0,nan
4072.0,1.0,nan
4073.0,1.0,nan
4074.0,1.0,nan
4075.0,1.0,nan
4076.0,1.0,nan
4077.0,1.0,nan
4078.0,1.0,nan
4079.0,1.0,nan
4080.0,1.0,nan
4081.0,1.0,nan
4082.0,1.0,nan
4083.0,1.0,nan
4084.0,1.0,nan
4085.0,1.0,nan
4086.0,1.0,nan
4087.0,1.0,nan
4088.0,1.0,nan
4089.0,1.0,nan
4090.0,1.0,nan
4091.0,1.0,nan
4092.0,1.0,nan
4093.0,1.0,nan
4094.0,1.0,nan
4095.0,1.0,nan
4096.0,1.0,nan
4097.0,1.0,nan
4098.0,1.0,nan
4099.0,1.0,nan
4100.0,1.0,nan
4101.0,1.0,nan
4102.0,1.0,nan
4103.0,1.0,nan
4104.0,1.0,nan
4105.0,1.0,nan
4106.0,1.0,nan
4107.0,1.0,nan
4108.0,1.0,nan
4109.0,1.0,nan
4110.0,1.0,nan
4111.0,1.0,nan
4112.0,1.0,nan
4113.0,1.0,nan
4114.0,1.0,nan
4115.0,1.0,nan
4116.0,1.0,nan
4117.0,1.0,nan
4118.0,1.0,nan
4119.0,1.0,nan
4120.0,1.0,nan
4121.0,1.0,nan
4122.0,1.0,nan
4123.0,1.0,nan
4124.0,1.0,nan
4125.0,1.0,nan
4126.0,1.0,nan
4127.0,1.0,nan
4128.0,1.0,nan
4129.0,1.0,nan
4130.0,1.0,nan
4131.0,1.0,nan
4132.0,1.0,nan
4133.0,1.0,nan
4134.0,1.0,nan
4135.0,1.0,nan
4136.0,1.0,nan
4137.0,1.0,nan
4138.0,1.0,nan
4139.0,1.0,nan
4140.0,1.0,nan
4141.0,1.0,nan
4142.0,1.0,nan
4143.0,1.0,nan
4144.0,1.0,nan
4145.0,0.9999999999999999,nan
4146.0,0.9999999999999999,nan
4147.0,0.9999999999999999,nan
4148.0,0.9999999999999999,nan
4149.0,0.9999999999999999,nan
4150.0,0.9999999999999998,nan
4151.0,0.9999999999999998,nan
4152.0,0.9999999999999998,nan
4153.0,0.9999999999999997,nan
4154.0,0.9999999999999996,nan
4155.0,0.9999999999999996,nan
4156.0,0.9999999999999994,nan
4157.0,0.9999999999999992,nan
4158.0,0.9999999999999991,nan
4159.0,0.9999999999999989,nan
4160.0,0.9999999999999987,nan
4161.0,0.9999999999999984,nan
4162.0,0.9999999999999981,nan
4163.0,0.9999999999999977,nan
4164.0,0.9999999999999972,nan
4165.0,0.9999999999999967,nan
4166.0,0.9999999999999959,nan
4167.0,0.9999999999999951,nan
4168.0,0.999999999999994,nan
4169.0,0.9999999999999928,nan
4170.0,0.9999999999999913,nan
4171.0,0.9999999999999896,nan
4172.0,0.9999999999999875,nan
4173.0,0.9999999999999849,nan
4174.0,0.9999999999999818,nan
4175.0,0.9999999999999781,nan
4176.0,0.9999999999999737,nan
4177.0,0.9999999999999684,nan
4178.0,0.999999999999962,nan
4179.0,0.9999999999999545,nan
4180.0,0.9999999999999454,nan
4181.0,0.9999999999999346,nan
4182.0,0.9999999999999216,nan
4183.0,0.9999999999999062,nan
4184.0,0.9999999999998878,nan
4185.0,0.9999999999998658,nan
4186.0,0.9999999999998396,nan
4187.0,0.9999999999998084,nan
4188.0,0.9999999999997712,nan
4189.0,0.999999999999727,nan
4190.0,0.9999999999996745,nan
4191.0,0.9999999999996121,nan
4192.0,0.9999999999995379,nan
4193.0,0.9999999999994499,nan
4194.0,0.9999999999993455,nan
4195.0,0.9999999999992217,nan
4196.0,0.9999999999990752,nan
4197.0,0.9999999999989015,nan
4198.0,0.999999999998696,nan
4199.0,0.999999999998453,nan
4200.0,0.9999999999981657,nan
4201.0,0.9999999999978262,nan
4202.0,0.9999999999974254,nan
4203.0,0.9999999999969524,nan
4204.0,0.9999999999963947,nan
4205.0,0.9999999999957371,nan
4206.0,0.9999999999949626,nan
4207.0,0.9999999999940506,nan
4208.0,0.9999999999929777,nan
4209.0,0.9999999999917158,nan
4210.0,0.9999999999902328,nan
4211.0,0.9999999999884909,nan
4212.0,0.9999999999864458,nan
4213.0,0.9999999999840467,nan
4214.0,0.9999999999812332,nan
4215.0,0.9999999999779363,nan
4216.0,0.9999999999740748,nan
4217.0,0.9999999999695548,nan
4218.0,0.9999999999642669,nan
4219.0,0.9999999999580844,nan
4220.0,0.9999999999508601,nan
4221.0,0.9999999999424233,nan
4222.0,0.9999999999325763,nan
4223.0,0.9999999999210898,nan
4224.0,0.9999999999076988,nan
4225.0,0.9999999998920966,nan
4226.0,0.9999999998739286,nan
4227.0,0.9999999998527851,nan
4228.0,0.999999999828193,nan
4229.0,0.9999999997996064,nan
4230.0,0.9999999997663959,nan
4231.0,0.9999999997278357,nan
4232.0,0.9999999996830904,nan
4233.0,0.9999999996311977,nan
4234.0,0.9999999995710511,nan
4235.0,0.9999999995013781,nan
4236.0,0.9999999994207168,nan
4237.0,0.9999999993273886,nan
4238.0,0.9999999992194668,nan
4239.0,0.999999999094742,nan
4240.0,0.999999998950682,nan
4241.0,0.9999999987843861,nan
4242.0,0.9999999985925336,nan
4243.0,0.9999999983713259,nan
4244.0,0.9999999981164197,nan
4245.0,0.9999999978228522,nan
4246.0,0.9999999974849567,nan
4247.0,0.999999997096266,nan
4248.0,0.9999999966494044,nan
4249.0,0.9999999961359657,nan
4250.0,0.999999995546374,nan
4251.0,0.9999999948697289,nan
4252.0,0.9999999940936294,nan
4253.0,0.9999999932039766,nan
4254.0,0.9999999921847506,nan
4255.0,0.9999999910177607,nan
4256.0,0.999999989682364,nan
4257.0,0.9999999881551496,nan
4258.0,0.9999999864095837,nan
4259.0,0.9999999844156124,nan
4260.0,0.9999999821392158,nan
4261.0,0.9999999795419089,nan
4262.0,0.9999999765801831,nan
4263.0,0.9999999732048815,nan
4264.0,0.9999999693605003,nan
4265.0,0.9999999649844091,nan
4266.0,0.9999999600059809,nan
4267.0,0.9999999543456208,nan
4268.0,0.9999999479136847,nan
4269.0,0.9999999406092747,nan
4270.0,0.9999999323188975,nan
4271.0,0.9999999229149744,nan
4272.0,0.9999999122541837,nan
4273.0,0.9999999001756211,nan
4274.0,0.9999998864987575,nan
4275.0,0.9999998710211749,nan
4276.0,0.9999998535160584,nan
4277.0,0.999999833729417,nan
4278.0,0.9999998113770111,nan
4279.0,0.9999997861409538,nan
4280.0,0.999999757665956,nan
4281.0,0.9999997255551824,nan
4282.0,0.999999689365678,nan
4283.0,0.9999996486033275,nan
4284.0,0.9999996027173033,nan
4285.0,0.9999995510939528,nan
4286.0,0.9999994930500772,nan
4287.0,0.9999994278255424,nan
4288.0,0.9999993545751664,nan
4289.0,0.9999992723598149,nan
4290.0,0.9999991801366382,nan
4291.0,0.9999990767483738,nan
4292.0,0.9999989609116345,nan
4293.0,0.9999988312040952,nan
4294.0,0.9999986860504867,nan
4295.0,0.9999985237072972,nan
4296.0,0.9999983422460748,nan
4297.0,0.9999981395352175,nan
4298.0,0.9999979132201321,nan
4299.0,0.9999976607016279,nan
4300.0,0.9999973791124127,nan
4301.0,0.9999970652915423,nan
4302.0,0.9999967157566674,nan
4303.0,0.9999963266739145,nan
4304.0,0.9999958938252254,nan
4305.0,0.9999954125729693,nan
4306.0,0.9999948778216338,nan
4307.0,0.9999942839763856,nan
4308.0,0.9999936248982867,nan
4309.0,0.9999928938559349,nan
4310.0,0.9999920834732877,nan
4311.0,0.9999911856734199,nan
4312.0,0.9999901916179478,nan
4313.0,0.9999890916418454,nan
4314.0,0.9999878751833639,nan
4315.0,0.9999865307087538,nan
4316.0,0.9999850456314775,nan
4317.0,0.9999834062255877,nan
4318.0,0.9999815975329369,nan
4319.0,0.9999796032638694,nan
4320.0,0.9999774056910389,nan
4321.0,0.9999749855359842,nan
4322.0,0.999972321848083,nan
4323.0,0.9999693918754998,nan
4324.0,0.9999661709277313,nan
4325.0,0.999962632229349,nan
4326.0,0.9999587467645317,nan
4327.0,0.9999544831119754,nan
4328.0,0.9999498072697688,nan
4329.0,0.9999446824698162,nan
4330.0,0.9999390689813962,nan
4331.0,0.9999329239034431,nan
4332.0,0.9999262009451457,nan
4333.0,0.9999188501944656,nan
4334.0,0.9999108178741871,nan
4335.0,0.9999020460851253,nan
4336.0,0.9998924725361349,nan
4337.0,0.9998820302605834,nan
4338.0,0.9998706473189772,nan
4339.0,0.9998582464874536,nan
4340.0,0.9998447449318897,nan
4341.0,0.99983005386741,nan
4342.0,0.9998140782031211,nan
4343.0,0.9997967161719448,nan
4344.0,0.9997778589454739,nan
4345.0,0.9997573902338334,nan
4346.0,0.9997351858705907,nan
4347.0,0.9997111133828289,nan
4348.0,0.9996850315465701,nan
4349.0,0.9996567899278198,nan
4350.0,0.9996262284095901,nan
4351.0,0.9995931767053511,nan
4352.0,0.9995574538594654,nan
4353.0,0.9995188677352668,nan
4354.0,0.9994772144915562,nan
4355.0,0.9994322780484161,nan
4356.0,0.9993838295433649,nan
4357.0,0.999331626779017,nan
4358.0,0.9992754136635493,nan
4359.0,0.9992149196454266,nan
4360.0,0.9991498591439943,nan
4361.0,0.9990799309777041,nan
4362.0,0.9990048177919091,nan
4363.0,0.9989241854883336,nan
4364.0,0.9988376826584993,nan
4365.0,0.9987449400235716,nan
4366.0,0.998645569883274,nan
4367.0,0.9985391655767012,nan
4368.0,0.9984253009580549,nan
4369.0,0.9983035298905135,nan
4370.0,0.9981733857616338,nan
4371.0,0.9980343810238758,nan
4372.0,0.9978860067640206,nan
4373.0,0.9977277323054383,nan
4374.0,0.9975590048473361,nan
4375.0,0.9973792491452849,nan
4376.0,0.9971878672374881,nan
4377.0,0.9969842382213997,nan
4378.0,0.9967677180854437,nan
4379.0,0.9965376396007074,nan
4380.0,0.9962933122775899,nan
4381.0,0.9960340223924788,nan
4382.0,0.9957590330895972,nan
4383.0,0.9954675845632083,nan
4384.0,0.9951588943253945,nan
4385.0,0.9948321575646153,nan
4386.0,0.9944865476002221,nan
4387.0,0.9941212164380404,nan
4388.0,0.9937352954320313,nan
4389.0,0.9933278960569125,nan
4390.0,0.9928981107964455,nan
4391.0,0.9924450141518837,nan
4392.0,0.9919676637748244,nan
4393.0,0.9914651017284098,nan
4394.0,0.9909363558804805,nan
4395.0,0.9903804414318964,nan
4396.0,0.9897963625828085,nan
4397.0,0.9891831143391773,nan
4398.0,0.9885396844613064,nan
4399.0,0.9878650555555786,nan
4400.0,0.9871582073099572,nan
4401.0,0.986418118873137,nan
4402.0,0.9856437713765149,nan
4403.0,0.9848341505973817,nan
4404.0,0.9839882497609351,nan
4405.0,0.9831050724778659,nan
4406.0,0.9821836358133937,nan
4407.0,0.9812229734827138,nan
4408.0,0.9802221391668811,nan
4409.0,0.9791802099421953,nan
4410.0,0.9780962898151784,nan
4411.0,0.9769695133542432,nan
4412.0,0.975799049408172,nan
4413.0,0.97458410490053,nan
4414.0,0.9733239286881724,nan
4415.0,0.9720178154710453,nan
4416.0,0.9706651097395633,nan
4417.0,0.9692652097449544,nan
4418.0,0.9678175714771255,nan
4419.0,0.9663217126338185,nan
4420.0,0.9647772165641079,nan
4421.0,0.9631837361686472,nan
4422.0,0.961540997738509,nan
4423.0,0.9598488047139984,nan
4424.0,0.9581070413444482,nan
4425.0,0.9563156762297496,nan
4426.0,0.9544747657242225,nan
4427.0,0.9525844571834162,nan
4428.0,0.9506449920345308,nan
4429.0,0.9486567086513935,nan
4430.0,0.9466200450152982,nan
4431.0,0.944535541143529,nan
4432.0,0.9424038412680443,nan
4433.0,0.9402256957475864,nan
4434.0,0.9380019626974161,nan
4435.0,0.9357336093219314,nan
4436.0,0.9334217129366248,nan
4437.0,0.931067461667152,nan
4438.0,0.9286721548147151,nan
4439.0,0.9262372028785042,nan
4440.0,0.9237641272275795,nan
4441.0,0.9212545594162932,nan
4442.0,0.918710240139147,nan
4443.0,0.9161330178228274,nan
4444.0,0.9135248468550601,nan
4445.0,0.9108877854518395,nan
4446.0,0.9082239931665277,nan
4447.0,0.9055357280462372,nan
4448.0,0.9028253434428216,nan
4449.0,0.9000952844876595,nan
4450.0,0.8973480842412263,nan
4451.0,0.8945863595301872,nan
4452.0,0.8918128064863906,nan
4453.0,0.8890301958036919,nan
4454.0,0.8862413677299631,nan
4455.0,0.8834492268129502,nan
4456.0,0.8806567364198014,nan
4457.0,0.8778669130510985,nan
4458.0,0.8750828204710883,nan
4459.0,0.8723075636764918,nan
4460.0,0.8695442827268054,nan
4461.0,0.8667961464593558,nan
4462.0,0.8640663461125563,nan
4463.0,0.8613580888808295,nan
4464.0,0.8586745914245068,nan
4465.0,0.8560190733577057,nan
4466.0,0.8533947507367201,nan
4467.0,0.8508048295708431,nan
4468.0,0.8482524993767981,nan
4469.0,0.8457409267970799,nan
4470.0,0.8432732493015204,nan
4471.0,0.8408525689903144,nan
4472.0,0.8384819465155666,nan
4473.0,0.8361643951371889,nan
4474.0,0.8339028749276772,nan
4475.0,0.8317002871389739,nan
4476.0,0.8295594687432551,nan
4477.0,0.8274831871581309,nan
4478.0,0.8254741351653755,nan
4479.0,0.823534926030982,nan
4480.0,0.821668088833021,nan
4481.0,0.8198760640025388,nan
4482.0,0.8181611990815294,nan
4483.0,0.8165257447008917,nan
4484.0,0.8149718507802362,nan
4485.0,0.8135015629504494,nan
4486.0,0.8121168191990583,nan
4487.0,0.8108194467376723,nan
4488.0,0.8096111590901243,nan
4489.0,0.8084935533993731,nan
4490.0,0.8074681079507859,nan
4491.0,0.8065361799090802,nan
4492.0,0.8056990032659673,nan
4493.0,0.8049576869954119,nan
4494.0,0.8043132134133845,nan
4495.0,0.803766436739043,nan
4496.0,0.8033180818544252,nan
4497.0,0.8029687432599542,nan
4498.0,0.8027188842233526,nan
4499.0,0.8025688361199136,nan
4500.0,0.8025187979624785,nan
4501.0,0.8025688361199136,nan
4502.0,0.8027188842233526,nan
4503.0,0.8029687432599542,nan
4504.0,0.8033180818544252,nan
4505.0,0.803766436739043,nan
4506.0,0.8043132134133845,nan
4507.0,0.8049576869954119,nan
4508.0,0.8056990032659673,nan
4509.0,0.8065361799090802,nan
4510.0,0.8074681079507859,nan
4511.0,0.8084935533993731,nan
4512.0,0.8096111590901243,nan
4513.0,0.8108194467376723,nan
4514.0,0.8121168191990583,nan
4515.0,0.8135015629504494,nan
4516.0,0.8149718507802362,nan
4517.0,0.8165257447008917,nan
4518.0,0.8181611990815294,nan
4519.0,0.8198760640025388,nan
4520.0,0.821668088833021,nan
4521.0,0.823534926030982,nan
4522.0,0.8254741351653755,nan
4523.0,0.8274831871581309,nan
4524.0,0.8295594687432551,nan
4525.0,0.8317002871389739,nan
4526.0,0.8339028749276772,nan
4527.0,0.8361643951371889,nan
4528.0,0.8384819465155666,nan
4529.0,0.8408525689903144,nan
4530.0,0.8432732493015204,nan
4531.0,0.8457409267970799,nan
4532.0,0.8482524993767981,nan
4533.0,0.8508048295708431,nan
4534.0,0.8533947507367201,nan
4535.0,0.8560190733577057,nan
4536.0,0.8586745914245068,nan
4537.0,0.8613580888808295,nan
4538.0,0.8640663461125563,nan
4539.0,0.8667961464593558,nan
4540.0,0.8695442827268054,nan
4541.0,0.8723075636764918,nan
4542.0,0.8750828204710883,nan
4543.0,0.8778669130510985,nan
4544.0,0.8806567364198014,nan
4545.0,0.8834492268129502,nan
4546.0,0.8862413677299631,nan
4547.0,0.8890301958036919,nan
4548.0,0.8918128064863906,nan
4549.0,0.8945863595301872,nan
4550.0,0.8973480842412263,nan
4551.0,0.9000952844876595,nan
4552.0,0.9028253434428216,nan
4553.0,0.9055357280462372,nan
4554.0,0.9082239931665277,nan
4555.0,0.9108877854518395,nan
4556.0,0.9135248468550601,nan
4557.0,0.9161330178228274,nan
4558.0,0.918710240139147,nan
4559.0,0.9212545594162932,nan
4560.0,0.9237641272275795,nan
4561.0,0.9262372028785042,nan
4562.0,0.9286721548147151,nan
4563.0,0.931067461667152,nan
4564.0,0.9334217129366248,nan
4565.0,0.9357336093219314,nan
4566.0,0.9380019626974161,nan
4567.0,0.9402256957475864,nan
4568.0,0.9424038412680443,nan
4569.0,0.944535541143529,nan
4570.0,0.9466200450152982,nan
4571.0,0.9486567086513935,nan
4572.0,0.9506449920345308,nan
4573.0,0.9525844571834162,nan
4574.0,0.9544747657242225,nan
4575.0,0.9563156762297496,nan
4576.0,0.9581070413444482,nan
4577.0,0.9598488047139984,nan
4578.0,0.961540997738509,nan
4579.0,0.9631837361686472,nan
4580.0,0.9647772165641079,nan
4581.0,0.9663217126338185,nan
4582.0,0.9678175714771255,nan
4583.0,0.9692652097449544,nan
4584.0,0.9706651097395633,nan
4585.0,0.9720178154710453,nan
4586.0,0.9733239286881724,nan
4587.0,0.97458410490053,nan
4588.0,0.975799049408172,nan
4589.0,0.9769695133542432,nan
4590.0,0.9780962898151784,nan
4591.0,0.9791802099421953,nan
4592.0,0.9802221391668811,nan
4593.0,0.9812229734827138,nan
4594.0,0.9821836358133937,nan
4595.0,0.9831050724778659,nan
4596.0,0.9839882497609351,nan
4597.0,0.9848341505973817,nan
4598.0,0.9856437713765149,nan
4599.0,0.986418118873137,nan
4600.0,0.9871582073099572,nan
4601.0,0.9878650555555786,nan
4602.0,0.9885396844613064,nan
4603.0,0.9891831143391773,nan
4604.0,0.9897963625828085,nan
4605.0,0.9903804414318964,nan
4606.0,0.9909363558804805,nan
4607.0,0.9914651017284098,nan
4608.0,0.9919676637748244,nan
4609.0,0.9924450141518837,nan
4610.0,0.9928981107964455,nan
4611.0,0.9933278960569125,nan
4612.0,0.9937352954320313,nan
4613.0,0.9941212164380404,nan
4614.0,0.9944865476002221,nan
4615.0,0.9948321575646153,nan
4616.0,0.9951588943253945,nan
4617.0,0.9954675845632083,nan
4618.0,0.9957590330895972,nan
4619.0,0.9960340223924788,nan
4620.0,0.9962933122775899,nan
4621.0,0.9965376396007074,nan
4622.0,0.9967677180854437,nan
4623.0,0.9969842382213997,nan
4624.0,0.9971878672374881,nan
4625.0,0.9973792491452849,nan
4626.0,0.9975590048473361,nan
4627.0,0.9977277323054383,nan
4628.0,0.9978860067640206,nan
4629.0,0.9980343810238758,nan
4630.0,0.9981733857616338,nan
4631.0,0.9983035298905135,nan
4632.0,0.9984253009580549,nan
4633.0,0.9985391655767012,nan
4634.0,0.998645569883274,nan
4635.0,0.9987449400235716,nan
4636.0,0.9988376826584993,nan
4637.0,0.9989241854883336,nan
4638.0,0.9990048177919091,nan
4639.0,0.9990799309777041,nan
4640.0,0.9991498591439943,nan
4641.0,0.9992149196454266,nan
4642.0,0.9992754136635493,nan
4643.0,0.999331626779017,nan
4644.0,0.9993838295433649,nan
4645.0,0.9994322780484161,nan
4646.0,0.9994772144915562,nan
4647.0,0.9995188677352668,nan
4648.0,0.9995574538594654,nan
4649.0,0.9995931767053511,nan
4650.0,0.9996262284095901,nan
4651.0,0.9996567899278198,nan
4652.0,0.9996850315465701,nan
4653.0,0.9997111133828289,nan
4654.0,0.9997351858705907,nan
4655.0,0.9997573902338334,nan
4656.0,0.9997778589454739,nan
4657.0,0.9997967161719448,nan
4658.0,0.9998140782031211,nan
4659.0,0.99983005386741,nan
4660.0,0.9998447449318897,nan
4661.0,0.9998582464874536,nan
4662.0,0.9998706473189772,nan
4663.0,0.9998820302605834,nan
4664.0,0.9998924725361349,nan
4665.0,0.9999020460851253,nan
4666.0,0.9999108178741871,nan
4667.0,0.9999188501944656,nan
4668.0,0.9999262009451457,nan
4669.0,0.9999329239034431,nan
4670.0,0.9999390689813962,nan
4671.0,0.9999446824698162,nan
4672.0,0.9999498072697688,nan
4673.0,0.9999544831119754,nan
4674.0,0.9999587467645317,nan
4675.0,0.999962632229349,nan
4676.0,0.9999661709277313,nan
4677.0,0.9999693918754998,nan
4678.0,0.999972321848083,nan
4679.0,0.9999749855359842,nan
4680.0,0.9999774056910389,nan
4681.0,0.9999796032638694,nan
4682.0,0.9999815975329369,nan
4683.0,0.9999834062255877,nan
4684.0,0.9999850456314775,nan
4685.0,0.9999865307087538,nan
4686.0,0.9999878751833639,nan
4687.0,0.9999890916418454,nan
4688.0,0.9999901916179478,nan
4689.0,0.9999911856734199,nan
4690.0,0.9999920834732877,nan
4691.0,0.9999928938559349,nan
4692.0,0.9999936248982867,nan
4693.0,0.9999942839763856,nan
4694.0,0.9999948778216338,nan
4695.0,0.9999954125729693,nan
4696.0,0.9999958938252254,nan
4697.0,0.9999963266739145,nan
4698.0,0.9999967157566674,nan
4699.0,0.9999970652915423,nan
4700.0,0.9999973791124127,nan
4701.0,0.9999976607016279,nan
4702.0,0.9999979132201321,nan
4703.0,0.9999981395352175,nan
4704.0,0.9999983422460748,nan
4705.0,0.9999985237072972,nan
4706.0,0.9999986860504867,nan
4707.0,0.9999988312040952,nan
4708.0,0.9999989609116345,nan
4709.0,0.9999990767483738,nan
4710.0,0.9999991801366382,nan
4711.0,0.9999992723598149,nan
4712.0,0.9999993545751664,nan
4713.0,0.9999994278255424,nan
4714.0,0.9999994930500772,nan
4715.0,0.9999995510939528,nan
4716.0,0.9999996027173033,nan
4717.0,0.9999996486033275,nan
4718.0,0.999999689365678,nan
4719.0,0.9999997255551824,nan
4720.0,0.999999757665956,nan
4721.0,0.9999997861409538,nan
4722.0,0.9999998113770111,nan
4723.0,0.999999833729417,nan
4724.0,0.9999998535160584,nan
4725.0,0.9999998710211749,nan
4726.0,0.9999998864987575,nan
4727.0,0.9999999001756211,nan
4728.0,0.9999999122541837,nan
4729.0,0.9999999229149744,nan
4730.0,0.9999999323188975,nan
4731.0,0.9999999406092747,nan
4732.0,0.9999999479136847,nan
4733.0,0.9999999543456208,nan
4734.0,0.9999999600059809,nan
4735.0,0.9999999649844091,nan
4736.0,0.9999999693605003,nan
4737.0,0.9999999732048815,nan
4738.0,0.9999999765801831,nan
4739.0,0.9999999795419089,nan
4740.0,0.9999999821392158,nan
4741.0,0.9999999844156124,nan
4742.0,0.9999999864095837,nan
4743.0,0.9999999881551496,nan
4744.0,0.999999989682364,nan
4745.0,0.9999999910177607,nan
4746.0,0.9999999921847506,nan
4747.0,0.9999999932039766,nan
4748.0,0.9999999940936294,nan
4749.0,0.9999999948697289,nan
4750.0,0.999999995546374,nan
4751.0,0.9999999961359657,nan
4752.0,0.9999999966494044,nan
4753.0,0.999999997096266,nan
4754.0,0.9999999974849567,nan
4755.0,0.9999999978228522,nan
4756.0,0.9999999981164197,nan
4757.0,0.9999999983713259,nan
4758.0,0.9999999985925336,nan
4759.0,0.9999999987843861,nan
4760.0,0.999999998950682,nan
4761.0,0.999999999094742,nan
4762.0,0.9999999992194668,nan
4763.0,0.9999999993273886,nan
4764.0,0.9999999994207168,nan
4765.0,0.9999999995013781,nan
4766.0,0.9999999995710511,nan
4767.0,0.9999999996311977,nan
4768.0,0.9999999996830904,nan
4769.0,0.9999999997278357,nan
4770.0,0.9999999997663959,nan
4771.0,0.9999999997996064,nan
4772.0,0.999999999828193,nan
4773.0,0.9999999998527851,nan
4774.0,0.9999999998739286,nan
4775.0,0.9999999998920966,nan
4776.0,0.9999999999076988,nan
4777.0,0.9999999999210898,nan
4778.0,0.9999999999325763,nan
4779.0,0.9999999999424233,nan
4780.0,0.9999999999508601,nan
4781.0,0.9999999999580844,nan
4782.0,0.9999999999642669,nan
4783.0,0.9999999999695548,nan
4784.0,0.9999999999740748,nan
4785.0,0.9999999999779363,nan
4786.0,0.9999999999812332,nan
4787.0,0.9999999999840467,nan
4788.0,0.9999999999864458,nan
4789.0,0.9999999999884909,nan
4790.0,0.9999999999902328,nan
4791.0,0.9999999999917158,nan
4792.0,0.9999999999929777,nan
4793.0,0.9999999999940506,nan
4794.0,0.9999999999949626,nan
4795.0,0.9999999999957371,nan
4796.0,0.9999999999963947,nan
4797.0,0.9999999999969524,nan
4798.0,0.9999999999974254,nan
4799.0,0.9999999999978262,nan
4800.0,0.9999999999981657,nan
4801.0,0.999999999998453,nan
4802.0,0.999999999998696,nan
4803.0,0.9999999999989015,nan
4804.0,0.9999999999990752,nan
4805.0,0.9999999999992217,nan
4806.0,0.9999999999993455,nan
4807.0,0.9999999999994499,nan
4808.0,0.9999999999995379,nan
4809.0,0.9999999999996121,nan
4810.0,0.9999999999996745,nan
4811.0,0.999999999999727,nan
4812.0,0.9999999999997712,nan
4813.0,0.9999999999998084,nan
4814.0,0.9999999999998396,nan
4815.0,0.9999999999998658,nan
4816.0,0.9999999999998878,nan
4817.0,0.9999999999999062,nan
4818.0,0.9999999999999216,nan
4819.0,0.9999999999999346,nan
4820.0,0.9999999999999454,nan
4821.0,0.9999999999999545,nan
4822.0,0.999999999999962,nan
4823.0,0.9999999999999684,nan
4824.0,0.9999999999999737,nan
4825.0,0.9999999999999781,nan
4826.0,0.9999999999999818,nan
4827.0,0.9999999999999849,nan
4828.0,0.9999999999999875,nan
4829.0,0.9999999999999896,nan
4830.0,0.9999999999999913,nan
4831.0,0.9999999999999928,nan
4832.0,0.999999999999994,nan
4833.0,0.9999999999999951,nan
4834.0,0.9999999999999959,nan
4835.0,0.9999999999999967,nan
4836.0,0.9999999999999972,nan
4837.0,0.9999999999999977,nan
4838.0,0.9999999999999981,nan
4839.0,0.9999999999999984,nan
4840.0,0.9999999999999987,nan
4841.0,0.9999999999999989,nan
4842.0,0.9999999999999991,nan
4843.0,0.9999999999999992,nan
4844.0,0.9999999999999994,nan
4845.0,0.9999999999999996,nan
4846.0,0.9999999999999996,nan
4847.0,0.9999999999999997,nan
4848.0,0.9999999999999998,nan
4849.0,0.9999999999999998,nan
4850.0,0.9999999999999998,nan
4851.0,0.9999999999999999,nan
4852.0,0.9999999999999999,nan
4853.0,0.9999999999999999,nan
4854.0,0.9999999999999999,nan
4855.0,0.9999999999999999,nan
4856.0,1.0,nan
4857.0,1.0,nan
4858.0,1.0,nan
4859.0,1.0,nan
4860.0,1.0,nan
4861.0,1.0,nan
4862.0,1.0,nan
4863.0,1.0,nan
4864.0,1.0,nan
4865.0,1.0,nan
4866.0,1.0,nan
4867.0,1.0,nan
4868.0,1.0,nan
4869.0,1.0,nan
4870.0,1.0,nan
4871.0,1.0,nan
4872.0,1.0,nan
4873.0,1.0,nan
4874.0,1.0,nan
4875.0,1.0,nan
4876.0,1.0,nan
4877.0,1.0,nan
4878.0,1.0,nan
4879.0,1.0,nan
4880.0,1.0,nan
4881.0,1.0,nan
4882.0,1.0,nan
4883.0,1.0,nan
4884.0,1.0,nan
4885.0,1.0,nan
4886.0,1.0,nan
4887.0,1.0,nan
4888.0,1.0,nan
4889.0,1.0,nan
4890.0,1.0,nan
4891.0,1.0,nan
4892.0,1.0,nan
4893.0,1.0,nan
4894.0,1.0,nan
4895.0,1.0,nan
4896.0,1.0,nan
4897.0,1.0,nan
4898.0,1.0,nan
4899.0,1.0,nan
4900.0,1.0,nan
4901.0,1.0,nan
4902.0,1.0,nan
4903.0,1.0,nan
4904.0,1.0,nan
4905.0,1.0,nan
4906.0,1.0,nan
4907.0,1.0,nan
4908.0,1.0,nan
4909.0,1.0,nan
4910.0,1.0,nan
4911.0,1.0,nan
4912.0,1.0,nan
4913.0,1.0,nan
4914.0,1.0,nan
4915.0,1.0,nan
4916.0,1.0,nan
4917.0,1.0,nan
4918.0,1.0,nan
4919.0,1.0,nan
4920.0,1.0,nan
4921.0,1.0,nan
4922.0,1.0,nan
4923.0,1.0,nan
4924.0,1.0,nan
4925.0,1.0,nan
4926.0,1.0,nan
4927.0,1.0,nan
4928.0,1.0,nan
4929.0,1.0,nan
4930.0,1.0,nan
4931.0,1.0,nan
4932.0,1.0,nan
4933.0,1.0,nan
4934.0,1.0,nan
4935.0,1.0,nan
4936.0,1.0,nan
4937.0,1.0,nan
4938.0,1.0,nan
4939.0,1.0,nan
4940.0,1.0,nan
4941.0,1.0,nan
4942.0,1.0,nan
4943.0,1.0,nan
4944.0,1.0,nan
4945.0,1.0,nan
4946.0,1.0,nan
4947.0,1.0,nan
4948.0,1.0,nan
4949.0,1.0,nan
4950.0,1.0,nan
4951.0,1.0,nan
4952.0,1.0,nan
4953.0,1.0,nan
4954.0,1.0,nan
4955.0,1.0,nan
4956.0,1.0,nan
4957.0,1.0,nan
4958.0,1.0,nan
4959.0,1.0,nan
4960.0,1.0,nan
4961.0,1.0,nan
4962.0,1.0,nan
4963.0,1.0,nan
4964.0,1.0,nan
4965.0,1.0,nan
4966.0,1.0,nan
4967.0,1.0,nan
4968.0,1.0,nan
4969.0,1.0,nan
4970.0,1.0,nan
4971.0,1.0,nan
4972.0,1.0,nan
4973.0,1.0,nan
4974.0,1.0,nan
4975.0,1.0,nan
4976.0,1.0,nan
4977.0,1.0,nan
4978.0,1.0,nan
4979.0,1.0,nan
4980.0,1.0,nan
4981.0,1.0,nan
4982.0,1.0,nan
4983.0,1.0,nan
4984.0,1.0,nan
4985.0,1.0,nan
4986.0,1.0,nan
4987.0,1.0,nan
4988.0,1.0,nan
4989.0,1.0,nan
4990.0,1.0,nan
4991.0,1.0,nan
4992.0,1.0,nan
4993.0,1.0,nan
4994.0,1.0,nan
4995.0,1.0,nan
4996.0,1.0,nan
4997.0,1.0,nan
4998.0,1.0,nan
4999.0,1.0,nan
5000.0,1.0,nan
5001.0,1.0,nan
5002.0,1.0,nan
5003.0,1.0,nan
5004.0,1.0,nan
5005.0,1.0,nan
5006.0,1.0,nan
5007.0,1.0,nan
5008.0,1.0,nan
5009.0,1.0,nan
5010.0,1.0,nan
5011.0,1.0,nan
5012.0,1.0,nan
5013.0,1.0,nan
5014.0,1.0,nan
5015.0,1.0,nan
5016.0,1.0,nan
5017.0,1.0,nan
5018.0,1.0,nan
5019.0,1.0,nan
5020.0,1.0,nan
5021.0,1.0,nan
5022.0,1.0,nan
5023.0,1.0,nan
5024.0,1.0,nan
5025.0,1.0,nan
5026.0,1.0,nan
5027.0,1.0,nan
5028.0,1.0,nan
5029.0,1.0,nan
5030.0,1.0,nan
5031.0,1.0,nan
5032.0,1.0,nan
5033.0,1.0,nan
5034.0,1.0,nan
5035.0,1.0,nan
5036.0,1.0,nan
5037.0,1.0,nan
5038.0,1.0,nan
5039.0,1.0,nan
5040.0,1.0,nan
5041.0,1.0,nan
5042.0,1.0,nan
5043.0,1.0,nan
5044.0,1.0,nan
5045.0,1.0,nan
5046.0,1.0,nan
5047.0,1.0,nan
5048.0,1.0,nan
5049.0,1.0,nan
5050.0,1.0,nan
5051.0,1.0,nan
5052.0,1.0,nan
5053.0,1.0,nan
5054.0,1.0,nan
5055.0,1.0,nan
5056.0,1.0,nan
5057.0,1.0,nan
5058.0,1.0,nan
5059.0,1.0,nan
5060.0,1.0,nan
5061.0,1.0,nan
5062.0,1.0,nan
5063.0,1.0,nan
5064.0,1.0,nan
5065.0,1.0,nan
5066.0,1.0,nan
5067.0,1.0,nan
5068.0,1.0,nan
5069.0,1.0,nan
5070.0,1.0,nan
5071.0,1.0,nan
5072.0,1.0,nan
5073.0,1.0,nan
5074.0,1.0,nan
5075.0,1.0,nan
5076.0,1.0,nan
5077.0,1.0,nan
5078.0,1.0,nan
5079.0,1.0,nan
5080.0,1.0,nan
5081.0,1.0,nan
5082.0,1.0,nan
5083.0,1.0,nan
5084.0,1.0,nan
5085.0,1.0,nan
5086.0,1.0,nan
5087.0,1.0,nan
5088.0,1.0,nan
5089.0,1.0,nan
5090.0,1.0,nan
5091.0,1.0,nan
5092.0,1.0,nan
5093.0,1.0,nan
5094.0,1.0,nan
5095.0,1.0,nan
5096.0,1.0,nan
5097.0,1.0,nan
5098.0,1.0,nan
5099.0,1.0,nan
5100.0,1.0,nan
5101.0,1.0,nan
5102.0,1.0,nan
5103.0,1.0,nan
5104.0,1.0,nan
5105.0,1.0,nan
5106.0,1.0,nan
5107.0,1.0,nan
5108.0,1.0,nan
5109.0,1.0,nan
5110.0,1.0,nan
5111.0,1.0,nan
5112.0,1.0,nan
5113.0,1.0,nan
5114.0,1.0,nan
5115.0,1.0,nan
5116.0,1.0,nan
5117.0,1.0,nan
5118.0,1.0,nan
5119.0,1.0,nan
5120.0,1.0,nan
5121.0,1.0,nan
5122.0,1.0,nan
5123.0,1.0,nan
5124.0,1.0,nan
5125.0,1.0,nan
5126.0,1.0,nan
5127.0,1.0,nan
5128.0,1.0,nan
5129.0,1.0,nan
5130.0,1.0,nan
5131.0,1.0,nan
5132.0,1.0,nan
5133.0,1.0,nan
5134.0,1.0,nan
5135.0,1.0,nan
5136.0,1.0,nan
5137.0,1.0,nan
5138.0,1.0,nan
5139.0,1.0,nan
5140.0,1.0,nan
5141.0,1.0,nan
5142.0,1.0,nan
5143.0,1.0,nan
5144.0,1.0,nan
5145.0,1.0,nan
5146.0,1.0,nan
5147.0,1.0,nan
5148.0,1.0,nan
5149.0,1.0,nan
5150.0,1.0,nan
5151.0,1.0,nan
5152.0,1.0,nan
5153.0,1.0,nan
5154.0,1.0,nan
5155.0,1.0,nan
5156.0,1.0,nan
5157.0,1.0,nan
5158.0,1.0,nan
5159.0,1.0,nan
5160.0,1.0,nan
5161.0,1.0,nan
5162.0,1.0,nan
5163.0,1.0,nan
5164.0,1.0,nan
5165.0,1.0,nan
5166.0,1.0,nan
5167.0,1.0,nan
5168.0,1.0,nan
5169.0,1.0,nan
5170.0,1.0,nan
5171.0,1.0,nan
5172.0,1.0,nan
5173.0,1.0,nan
5174.0,1.0,nan
5175.0,1.0,nan
5176.0,1.0,nan
5177.0,1.0,nan
5178.0,1.0,nan
5179.0,1.0,nan
5180.0,1.0,nan
5181.0,1.0,nan
5182.0,1.0,nan
5183.0,1.0,nan
5184.0,1.0,nan
5185.0,1.0,nan
5186.0,1.0,nan
5187.0,1.0,nan
5188.0,1.0,nan
5189.0,1.0,nan
5190.0,1.0,nan
5191.0,1.0,nan
5192.0,1.0,nan
5193.0,1.0,nan
5194.0,1.0,nan
5195.0,1.0,nan
5196.0,1.0,nan
5197.0,1.0,nan
5198.0,1.0,nan
5199.0,1.0,nan
5200.0,1.0,nan
5201.0,1.0,nan
5202.0,1.0,nan
5203.0,1.0,nan
5204.0,1.0,nan
5205.0,1.0,nan
5206.0,1.0,nan
5207.0,1.0,nan
5208.0,1.0,nan
5209.0,1.0,nan
5210.0,1.0,nan
5211.0,1.0,nan
5212.0,1.0,nan
5213.0,1.0,nan
5214.0,1.0,nan
5215.0,1.0,nan
5216.0,1.0,nan
5217.0,1.0,nan
5218.0,1.0,nan
5219.0,1.0,nan
5220.0,1.0,nan
5221.0,1.0,nan
5222.0,1.0,nan
5223.0,1.0,nan
5224.0,1.0,nan
5225.0,1.0,nan
5226.0,1.0,nan
5227.0,1.0,nan
5228.0,1.0,nan
5229.0,1.0,nan
5230.0,1.0,nan
5231.0,1.0,nan
5232.0,1.0,nan
5233.0,1.0,nan
5234.0,1.0,nan
5235.0,1.0,nan
5236.0,1.0,nan
5237.0,1.0,nan
5238.0,1.0,nan
5239.0,1.0,nan
5240.0,1.0,nan
5241.0,1.0,nan
5242.0,1.0,nan
5243.0,1.0,nan
5244.0,1.0,nan
5245.0,1.0,nan
5246.0,1.0,nan
5247.0,1.0,nan
5248.0,1.0,nan
5249.0,1.0,nan
5250.0,1.0,nan
5251.0,1.0,nan
5252.0,1.0,nan
5253.0,1.0,nan
5254.0,1.0,nan
5255.0,1.0,nan
5256.0,1.0,nan
5257.0,1.0,nan
5258.0,1.0,nan
5259.0,1.0,nan
5260.0,1.0,nan
5261.0,1.0,nan
5262.0,1.0,nan
5263.0,1.0,nan
5264.0,1.0,nan
5265.0,1.0,nan
5266.0,1.0,nan
5267.0,1.0,nan
5268.0,1.0,nan
5269.0,1.0,nan
5270.0,1.0,nan
5271.0,1.0,nan
5272.0,1.0,nan
5273.0,1.0,nan
5274.0,1.0,nan
5275.0,1.0,nan
5276.0,1.0,nan
5277.0,1.0,nan
5278.0,1.0,nan
5279.0,1.0,nan
5280.0,1.0,nan
5281.0,1.0,nan
5282.0,1.0,nan
5283.0,1.0,nan
5284.0,1.0,nan
5285.0,1.0,nan
5286.0,1.0,nan
5287.0,1.0,nan
5288.0,1.0,nan
5289.0,1.0,nan
5290.0,1.0,nan
5291.0,1.0,nan
5292.0,1.0,nan
5293.0,1.0,nan
5294.0,1.0,nan
5295.0,1.0,nan
5296.0,1.0,nan
5297.0,1.0,nan
5298.0,1.0,nan
5299.0,1.0,nan
5300.0,1.0,nan
5301.0,1.0,nan
5302.0,1.0,nan
5303.0,1.0,nan
5304.0,1.0,nan
5305.0,1.0,nan
5306.0,1.0,nan
5307.0,1.0,nan
5308.0,1.0,nan
5309.0,1.0,nan
5310.0,1.0,nan
5311.0,1.0,nan
5312.0,1.0,nan
5313.0,1.0,nan
5314.0,1.0,nan
5315.0,1.0,nan
5316.0,1.0,nan
5317.0,1.0,nan
5318.0,1.0,nan
5319.0,1.0,nan
5320.0,1.0,nan
5321.0,1.0,nan
5322.0,1.0,nan
5323.0,1.0,nan
5324.0,1.0,nan
5325.0,1.0,nan
5326.0,1.0,nan
5327.0,1.0,nan
5328.0,1.0,nan
5329.0,1.0,nan
5330.0,1.0,nan
5331.0,1.0,nan
5332.0,1.0,nan
5333.0,1.0,nan
5334.0,1.0,nan
5335.0,1.0,nan
5336.0,1.0,nan
5337.0,1.0,nan
5338.0,1.0,nan
5339.0,1.0,nan
5340.0,1.0,nan
5341.0,1.0,nan
5342.0,1.0,nan
5343.0,1.0,nan
5344.0,1.0,nan
5345.0,1.0,nan
5346.0,1.0,nan
5347.0,1.0,nan
5348.0,1.0,nan
5349.0,1.0,nan
5350.0,1.0,nan
5351.0,1.0,nan
5352.0,1.0,nan
5353.0,1.0,nan
5354.0,1.0,nan
5355.0,1.0,nan
5356.0,1.0,nan
5357.0,1.0,nan
5358.0,1.0,nan
5359.0,1.0,nan
5360.0,1.0,nan
5361.0,1.0,nan
5362.0,1.0,nan
5363.0,1.0,nan
5364.0,1.0,nan
5365.0,1.0,nan
5366.0,1.0,nan
5367.0,1.0,nan
5368.0,1.0,nan
5369.0,1.0,nan
5370.0,1.0,nan
5371.0,1.0,nan
5372.0,1.0,nan
5373.0,1.0,nan
5374.0,1.0,nan
5375.0,1.0,nan
5376.0,1.0,nan
5377.0,1.0,nan
5378.0,1.0,nan
5379.0,1.0,nan
5380.0,1.0,nan
5381.0,1.0,nan
5382.0,1.0,nan
5383.0,1.0,nan
5384.0,1.0,nan
5385.0,1.0,nan
5386.0,1.0,nan
5387.0,1.0,nan
5388.0,1.0,nan
5389.0,1.0,nan
5390.0,1.0,nan
5391.0,1.0,nan
5392.0,1.0,nan
5393.0,1.0,nan
5394.0,1.0,nan
5395.0,1.0,nan
5396.0,1.0,nan
5397.0,1.0,nan
5398.0,1.0,nan
5399.0,1.0,nan
5400.0,1.0,nan
5401.0,1.0,nan
5402.0,1.0,nan
5403.0,1.0,nan
5404.0,1.0,nan
5405.0,1.0,nan
5406.0,1.0,nan
5407.0,1.0,nan
5408.0,1.0,nan
5409.0,1.0,nan
5410.0,1.0,nan
5411.0,1.0,nan
5412.0,1.0,nan
5413.0,1.0,nan
5414.0,1.0,nan
5415.0,1.0,nan
5416.0,1.0,nan
5417.0,1.0,nan
5418.0,1.0,nan
5419.0,1.0,nan
5420.0,1.0,nan
5421.0,1.0,nan
5422.0,1.0,nan
5423.0,1.0,nan
5424.0,1.0,nan
5425.0,1.0,nan
5426.0,1.0,nan
5427.0,1.0,nan
5428.0,1.0,nan
5429.0,1.0,nan
5430.0,1.0,nan
5431.0,1.0,nan
5432.0,1.0,nan
5433.0,1.0,nan
5434.0,1.0,nan
5435.0,1.0,nan
5436.0,1.0,nan
5437.0,1.0,nan
5438.0,1.0,nan
5439.0,1.0,nan
5440.0,1.0,nan
5441.0,1.0,nan
5442.0,1.0,nan
5443.0,1.0,nan
5444.0,1.0,nan
5445.0,1.0,nan
5446.0,1.0,nan
5447.0,1.0,nan
5448.0,1.0,nan
5449.0,1.0,nan
5450.0,1.0,nan
5451.0,1.0,nan
5452.0,1.0,nan
5453.0,1.0,nan
5454.0,1.0,nan
5455.0,1.0,nan
5456.0,1.0,nan
5457.0,1.0,nan
5458.0,1.0,nan
5459.0,1.0,nan
5460.0,1.0,nan
5461.0,1.0,nan
5462.0,1.0,nan
5463.0,1.0,nan
5464.0,1.0,nan
5465.0,1.0,nan
5466.0,1.0,nan
5467.0,1.0,nan
5468.0,1.0,nan
5469.0,1.0,nan
5470.0,1.0,nan
5471.0,1.0,nan
5472.0,1.0,nan
5473.0,1.0,nan
5474.0,1.0,nan
5475.0,1.0,nan
5476.0,1.0,nan
5477.0,1.0,nan
5478.0,1.0,nan
5479.0,1.0,nan
5480.0,1.0,nan
5481.0,1.0,nan
5482.0,1.0,nan
5483.0,1.0,nan
5484.0,1.0,nan
5485.0,1.0,nan
5486.0,1.0,nan
5487.0,1.0,nan
5488.0,1.0,nan
5489.0,1.0,nan
5490.0,1.0,nan
5491.0,1.0,nan
5492.0,1.0,nan
5493.0,1.0,nan
5494.0,1.0,nan
5495.0,1.0,nan
5496.0,1.0,nan
5497.0,1.0,nan
5498.0,1.0,nan
5499.0,1.0,nan
5500.0,1.0,nan
5501.0,1.0,nan
5502.0,1.0,nan
5503.0,1.0,nan
5504.0,1.0,nan
5505.0,1.0,nan
5506.0,1.0,nan
5507.0,1.0,nan
5508.0,1.0,nan
5509.0,1.0,nan
5510.0,1.0,nan
5511.0,1.0,nan
5512.0,1.0,nan
5513.0,1.0,nan
5514.0,1.0,nan
5515.0,1.0,nan
5516.0,0.9999999999999999,nan
5517.0,0.9999999999999999,nan
5518.0,0.9999999999999999,nan
5519.0,0.9999999999999999,nan
5520.0,0.9999999999999999,nan
5521.0,0.9999999999999999,nan
5522.0,0.9999999999999999,nan
5523.0,0.9999999999999999,nan
5524.0,0.9999999999999999,nan
5525.0,0.9999999999999999,nan
5526.0,0.9999999999999998,nan
5527.0,0.9999999999999998,nan
5528.0,0.9999999999999998,nan
5529.0,0.9999999999999998,nan
5530.0,0.9999999999999998,nan
5531.0,0.9999999999999997,nan
5532.0,0.9999999999999997,nan
5533.0,0.9999999999999997,nan
5534.0,0.9999999999999996,nan
5535.0,0.9999999999999996,nan
5536.0,0.9999999999999996,nan
5537.0,0.9999999999999994,nan
5538.0,0.9999999999999994,nan
5539.0,0.9999999999999993,nan
5540.0,0.9999999999999992,nan
5541.0,0.9999999999999992,nan
5542.0,0.9999999999999991,nan
5543.0,0.999999999999999,nan
5544.0,0.9999999999999989,nan
5545.0,0.9999999999999988,nan
5546.0,0.9999999999999987,nan
5547.0,0.9999999999999984,nan
5548.0,0.9999999999999983,nan
5549.0,0.9999999999999981,nan
5550.0,0.9999999999999979,nan
5551.0,0.9999999999999977,nan
5552.0,0.9999999999999974,nan
5553.0,0.9999999999999972,nan
5554.0,0.9999999999999969,nan
5555.0,0.9999999999999966,nan
5556.0,0.9999999999999962,nan
5557.0,0.9999999999999958,nan
5558.0,0.9999999999999953,nan
5559.0,0.9999999999999949,nan
5560.0,0.9999999999999943,nan
5561.0,0.9999999999999937,nan
5562.0,0.999999999999993,nan
5563.0,0.9999999999999923,nan
5564.0,0.9999999999999916,nan
5565.0,0.9999999999999907,nan
5566.0,0.9999999999999897,nan
5567.0,0.9999999999999886,nan
5568.0,0.9999999999999873,nan
5569.0,0.9999999999999861,nan
5570.0,0.9999999999999847,nan
5571.0,0.999999999999983,nan
5572.0,0.9999999999999812,nan
5573.0,0.9999999999999793,nan
5574.0,0.9999999999999772,nan
5575.0,0.9999999999999749,nan
5576.0,0.9999999999999724,nan
5577.0,0.9999999999999695,nan
5578.0,0.9999999999999664,nan
5579.0,0.9999999999999629,nan
5580.0,0.9999999999999591,nan
5581.0,0.999999999999955,nan
5582.0,0.9999999999999505,nan
5583.0,0.9999999999999455,nan
5584.0,0.9999999999999399,nan
5585.0,0.9999999999999338,nan
5586.0,0.9999999999999272,nan
5587.0,0.9999999999999198,nan
5588.0,0.9999999999999118,nan
5589.0,0.999999999999903,nan
5590.0,0.9999999999998933,nan
5591.0,0.9999999999998826,nan
5592.0,0.999999999999871,nan
5593.0,0.9999999999998581,nan
5594.0,0.999999999999844,nan
5595.0,0.9999999999998285,nan
5596.0,0.9999999999998115,nan
5597.0,0.9999999999997928,nan
5598.0,0.9999999999997724,nan
5599.0,0.99999999999975,nan
5600.0,0.9999999999997254,nan
5601.0,0.9999999999996985,nan
5602.0,0.9999999999996689,nan
5603.0,0.9999999999996365,nan
5604.0,0.999999999999601,nan
5605.0,0.999999999999562,nan
5606.0,0.9999999999995194,nan
5607.0,0.9999999999994728,nan
5608.0,0.9999999999994216,nan
5609.0,0.9999999999993656,nan
5610.0,0.9999999999993042,nan
5611.0,0.9999999999992372,nan
5612.0,0.9999999999991637,nan
5613.0,0.9999999999990833,nan
5614.0,0.9999999999989952,nan
5615.0,0.999999999998899,nan
5616.0,0.9999999999987937,nan
5617.0,0.9999999999986786,nan
5618.0,0.9999999999985527,nan
5619.0,0.999999999998415,nan
5620.0,0.9999999999982646,nan
5621.0,0.9999999999981001,nan
5622.0,0.9999999999979203,nan
5623.0,0.9999999999977239,nan
5624.0,0.9999999999975094,nan
5625.0,0.9999999999972751,nan
5626.0,0.9999999999970192,nan
5627.0,0.9999999999967397,nan
5628.0,0.9999999999964346,nan
5629.0,0.9999999999961017,nan
5630.0,0.9999999999957382,nan
5631.0,0.9999999999953415,nan
5632.0,0.9999999999949089,nan
5633.0,0.9999999999944368,nan
5634.0,0.9999999999939219,nan
5635.0,0.9999999999933603,nan
5636.0,0.9999999999927481,nan
5637.0,0.9999999999920807,nan
5638.0,0.9999999999913531,nan
5639.0,0.9999999999905602,nan
5640.0,0.9999999999896962,nan
5641.0,0.9999999999887549,nan
5642.0,0.9999999999877295,nan
5643.0,0.9999999999866126,nan
5644.0,0.9999999999853965,nan
5645.0,0.9999999999840723,nan
5646.0,0.9999999999826308,nan
5647.0,0.9999999999810617,nan
5648.0,0.9999999999793542,nan
5649.0,0.9999999999774962,nan
5650.0,0.9999999999754748,nan
5651.0,0.999999999973276,nan
5652.0,0.9999999999708847,nan
5653.0,0.9999999999682844,nan
5654.0,0.9999999999654572,nan
5655.0,0.9999999999623838,nan
5656.0,0.9999999999590434,nan
5657.0,0.9999999999554133,nan
5658.0,0.999999999951469,nan
5659.0,0.9999999999471842,nan
5660.0,0.99999999994253,nan
5661.0,0.9999999999374753,nan
5662.0,0.9999999999319868,nan
5663.0,0.9999999999260281,nan
5664.0,0.9999999999195599,nan
5665.0,0.9999999999125396,nan
5666.0,0.9999999999049217,nan
5667.0,0.9999999998966563,nan
5668.0,0.99999999988769,nan
5669.0,0.9999999998779647,nan
5670.0,0.999999999867418,nan
5671.0,0.9999999998559824,nan
5672.0,0.9999999998435849,nan
5673.0,0.9999999998301466,nan
5674.0,0.9999999998155827,nan
5675.0,0.9999999997998014,nan
5676.0,0.9999999997827034,nan
5677.0,0.999999999764182,nan
5678.0,0.999999999744122,nan
5679.0,0.9999999997223988,nan
5680.0,0.9999999996988786,nan
5681.0,0.9999999996734166,nan
5682.0,0.999999999645857,nan
5683.0,0.9999999996160316,nan
5684.0,0.9999999995837594,nan
5685.0,0.9999999995488453,nan
5686.0,0.999999999511079,nan
5687.0,0.9999999994702341,nan
5688.0,0.9999999994260665,nan
5689.0,0.9999999993783139,nan
5690.0,0.9999999993266934,nan
5691.0,0.9999999992709004,nan
5692.0,0.9999999992106077,nan
5693.0,0.9999999991454626,nan
5694.0,0.9999999990750859,nan
5695.0,0.9999999989990696,nan
5696.0,0.9999999989169749,nan
5697.0,0.9999999988283301,nan
5698.0,0.9999999987326278,nan
5699.0,0.9999999986293227,nan
5700.0,0.9999999985178286,nan
5701.0,0.9999999983975159,nan
5702.0,0.9999999982677076,nan
5703.0,0.9999999981276768,nan
5704.0,0.9999999979766427,nan
5705.0,0.9999999978137669,nan
5706.0,0.999999997638149,nan
5707.0,0.9999999974488225,nan
5708.0,0.9999999972447501,nan
5709.0,0.9999999970248186,nan
5710.0,0.9999999967878335,nan
5711.0,0.9999999965325134,nan
5712.0,0.9999999962574839,nan
5713.0,0.9999999959612711,nan
5714.0,0.9999999956422946,nan
5715.0,0.9999999952988601,nan
5716.0,0.9999999949291516,nan
5717.0,0.999999994531223,nan
5718.0,0.9999999941029888,nan
5719.0,0.9999999936422151,nan
5720.0,0.9999999931465091,nan
5721.0,0.9999999926133079,nan
5722.0,0.9999999920398676,nan
5723.0,0.9999999914232504,nan
5724.0,0.9999999907603118,nan
5725.0,0.9999999900476867,nan
5726.0,0.9999999892817741,nan
5727.0,0.9999999884587218,nan
5728.0,0.999999987574409,nan
5729.0,0.9999999866244286,nan
5730.0,0.9999999856040683,nan
5731.0,0.9999999845082905,nan
5732.0,0.9999999833317097,nan
5733.0,0.9999999820685705,nan
5734.0,0.9999999807127234,nan
5735.0,0.9999999792575981,nan
5736.0,0.9999999776961763,nan
5737.0,0.9999999760209627,nan
5738.0,0.9999999742239536,nan
5739.0,0.9999999722966041,nan
5740.0,0.999999970229793,nan
5741.0,0.9999999680137859,nan
5742.0,0.9999999656381952,nan
5743.0,0.9999999630919385,nan
5744.0,0.9999999603631944,nan
5745.0,0.9999999574393552,nan
5746.0,0.999999954306977,nan
5747.0,0.9999999509517262,nan
5748.0,0.9999999473583245,nan
5749.0,0.9999999435104883,nan
5750.0,0.9999999393908658,nan
5751.0,0.9999999349809708,nan
5752.0,0.9999999302611113,nan
5753.0,0.9999999252103147,nan
5754.0,0.9999999198062485,nan
5755.0,0.9999999140251361,nan
5756.0,0.9999999078416683,nan
5757.0,0.9999999012289085,nan
5758.0,0.9999998941581935,nan
5759.0,0.9999998865990284,nan
5760.0,0.9999998785189748,nan
5761.0,0.9999998698835328,nan
5762.0,0.9999998606560174,nan
5763.0,0.9999998507974258,nan
5764.0,0.9999998402662988,nan
5765.0,0.9999998290185741,nan
5766.0,0.9999998170074303,nan
5767.0,0.9999998041831237,nan
5768.0,0.9999997904928147,nan
5769.0,0.9999997758803852,nan
5770.0,0.9999997602862457,nan
5771.0,0.9999997436471316,nan
5772.0,0.9999997258958884,nan
5773.0,0.9999997069612452,nan
5774.0,0.9999996867675759,nan
5775.0,0.9999996652346468,nan
5776.0,0.9999996422773513,nan
5777.0,0.9999996178054299,nan
5778.0,0.9999995917231752,nan
5779.0,0.9999995639291206,nan
5780.0,0.9999995343157134,nan
5781.0,0.99999950276897,nan
5782.0,0.9999994691681123,nan
5783.0,0.999999433385186,nan
5784.0,0.9999993952846579,nan
5785.0,0.9999993547229928,nan
5786.0,0.9999993115482082,nan
5787.0,0.9999992655994057,nan
5788.0,0.9999992167062783,nan
5789.0,0.9999991646885928,nan
5790.0,0.9999991093556447,nan
5791.0,0.9999990505056868,nan
5792.0,0.9999989879253269,nan
5793.0,0.9999989213888973,nan
5794.0,0.9999988506577904,nan
5795.0,0.9999987754797625,nan
5796.0,0.9999986955882022,nan
5797.0,0.999998610701363,nan
5798.0,0.9999985205215575,nan
5799.0,0.9999984247343116,nan
5800.0,0.9999983230074787,nan
5801.0,0.9999982149903092,nan
5802.0,0.9999981003124754,nan
5803.0,0.9999979785830497,nan
5804.0,0.999997849389433,nan
5805.0,0.9999977122962325,nan
5806.0,0.999997566844085,nan
5807.0,0.9999974125484261,nan
5808.0,0.9999972488981994,nan
5809.0,0.9999970753545069,nan
5810.0,0.9999968913491947,nan
5811.0,0.9999966962833745,nan
5812.0,0.9999964895258757,nan
5813.0,0.9999962704116264,nan
5814.0,0.9999960382399609,nan
5815.0,0.9999957922728486,nan
5816.0,0.9999955317330451,nan
5817.0,0.9999952558021571,nan
5818.0,0.9999949636186225,nan
5819.0,0.9999946542755997,nan
5820.0,0.9999943268187629,nan
5821.0,0.9999939802440004,nan
5822.0,0.9999936134950123,nan
5823.0,0.9999932254608015,nan
5824.0,0.9999928149730584,nan
5825.0,0.99999238080343,nan
5826.0,0.9999919216606731,nan
5827.0,0.9999914361876857,nan
5828.0,0.9999909229584122,nan
5829.0,0.9999903804746171,nan
5830.0,0.9999898071625248,nan
5831.0,0.9999892013693178,nan
5832.0,0.9999885613594894,nan
5833.0,0.9999878853110474,nan
5834.0,0.99998717131156,nan
5835.0,0.9999864173540425,nan
5836.0,0.9999856213326755,nan
5837.0,0.9999847810383524,nan
5838.0,0.9999838941540468,nan
5839.0,0.9999829582499974,nan
5840.0,0.9999819707787015,nan
5841.0,0.9999809290697124,nan
5842.0,0.999979830324233,nan
5843.0,0.9999786716095016,nan
5844.0,0.9999774498529596,nan
5845.0,0.999976161836197,nan
5846.0,0.9999748041886682,nan
5847.0,0.9999733733811705,nan
5848.0,0.9999718657190776,nan
5849.0,0.9999702773353226,nan
5850.0,0.9999686041831207,nan
5851.0,0.9999668420284259,nan
5852.0,0.999964986442112,nan
5853.0,0.9999630327918724,nan
5854.0,0.9999609762338283,nan
5855.0,0.9999588117038387,nan
5856.0,0.9999565339085029,nan
5857.0,0.9999541373158486,nan
5858.0,0.9999516161456949,nan
5859.0,0.999948964359684,nan
5860.0,0.9999461756509708,nan
5861.0,0.999943243433564,nan
5862.0,0.9999401608313064,nan
5863.0,0.9999369206664899,nan
5864.0,0.9999335154480914,nan
5865.0,0.9999299373596247,nan
5866.0,0.9999261782465968,nan
5867.0,0.9999222296035601,nan
5868.0,0.9999180825607515,nan
5869.0,0.9999137278703089,nan
5870.0,0.9999091558920555,nan
5871.0,0.9999043565788444,nan
5872.0,0.9998993194614514,nan
5873.0,0.9998940336330093,nan
5874.0,0.9998884877329737,nan
5875.0,0.99988266993061,nan
5876.0,0.9998765679079955,nan
5877.0,0.9998701688425236,nan
5878.0,0.9998634593889048,nan
5879.0,0.9998564256606544,nan
5880.0,0.999849053211057,nan
5881.0,0.9998413270136023,nan
5882.0,0.9998332314418806,nan
5883.0,0.9998247502489325,nan
5884.0,0.999815866546043,nan
5885.0,0.9998065627809751,nan
5886.0,0.9997968207156314,nan
5887.0,0.99978662140314,nan
5888.0,0.9997759451643581,nan
5889.0,0.9997647715637831,nan
5890.0,0.9997530793848698,nan
5891.0,0.9997408466047449,nan
5892.0,0.9997280503683148,nan
5893.0,0.9997146669617613,nan
5894.0,0.9997006717854218,nan
5895.0,0.9996860393260492,nan
5896.0,0.9996707431284487,nan
5897.0,0.9996547557664889,nan
5898.0,0.9996380488134844,nan
5899.0,0.9996205928119504,nan
5900.0,0.9996023572427251,nan
5901.0,0.9995833104934645,nan
5902.0,0.9995634198265055,nan
5903.0,0.9995426513461032,nan
5904.0,0.9995209699650408,nan
5905.0,0.9994983393706189,nan
5906.0,0.9994747219900261,nan
5907.0,0.9994500789550965,nan
5908.0,0.999424370066461,nan
5909.0,0.999397553757098,nan
5910.0,0.9993695870552946,nan
5911.0,0.9993404255470232,nan
5912.0,0.9993100233377498,nan
5913.0,0.9992783330136803,nan
5914.0,0.9992453056024614,nan
5915.0,0.9992108905333498,nan
5916.0,0.9991750355968638,nan
5917.0,0.9991376869039378,nan
5918.0,0.9990987888445938,nan
5919.0,0.999058284046155,nan
5920.0,0.9990161133310191,nan
5921.0,0.998972215674017,nan
5922.0,0.9989265281593805,nan
5923.0,0.9988789859373479,nan
5924.0,0.9988295221804316,nan
5925.0,0.9987780680393832,nan
5926.0,0.9987245525988838,nan
5927.0,0.9986689028329959,nan
5928.0,0.9986110435604121,nan
5929.0,0.9985508973995373,nan
5930.0,0.9984883847234468,nan
5931.0,0.9984234236147594,nan
5932.0,0.9983559298204717,nan
5933.0,0.9982858167067981,nan
5934.0,0.998212995214066,nan
5935.0,0.9981373738117172,nan
5936.0,0.9980588584534655,nan
5937.0,0.9979773525326701,nan
5938.0,0.9978927568379775,nan
5939.0,0.9978049695092962,nan
5940.0,0.9977138859941616,nan
5941.0,0.9976193990045605,nan
5942.0,0.9975213984742787,nan
5943.0,0.9974197715168418,nan
5944.0,0.997314402384123,nan
5945.0,0.9972051724256895,nan
5946.0,0.9970919600489657,nan
5947.0,0.9969746406802933,nan
5948.0,0.9968530867269674,nan
5949.0,0.9967271675403364,nan
5950.0,0.9965967493800485,nan
5951.0,0.9964616953795373,nan
5952.0,0.9963218655128357,nan
5953.0,0.9961771165628133,nan
5954.0,0.9960273020909325,nan
5955.0,0.9958722724086233,nan
5956.0,0.9957118745503762,nan
5957.0,0.9955459522486576,nan
5958.0,0.9953743459107516,nan
5959.0,0.9951968925976373,nan
5960.0,0.9950134260050094,nan
5961.0,0.9948237764465546,nan
5962.0,0.9946277708395965,nan
5963.0,0.9944252326932244,nan
5964.0,0.9942159820990224,nan
5965.0,0.9939998357245181,nan
5966.0,0.993776606809469,nan
5967.0,0.9935461051651089,nan
5968.0,0.9933081371764769,nan
5969.0,0.9930625058079513,nan
5970.0,0.9928090106121132,nan
5971.0,0.9925474477420649,nan
5972.0,0.9922776099673289,nan
5973.0,0.9919992866934517,nan
5974.0,0.9917122639854415,nan
5975.0,0.991416324595163,nan
5976.0,0.9911112479928168,nan
5977.0,0.9907968104026281,nan
5978.0,0.9904727848428699,nan
5979.0,0.990138941170344,nan
5980.0,0.9897950461294421,nan
5981.0,0.9894408634059098,nan
5982.0,0.9890761536854302,nan
5983.0,0.9887006747171472,nan
5984.0,0.9883141813822418,nan
5985.0,0.9879164257676746,nan
5986.0,0.987507157245204,nan
5987.0,0.9870861225557872,nan
5988.0,0.9866530658994647,nan
5989.0,0.9862077290308302,nan
5990.0,0.9857498513601781,nan
5991.0,0.9852791700604204,nan
5992.0,0.9847954201798568,nan
5993.0,0.9842983347608787,nan
5994.0,0.9837876449646822,nan
5995.0,0.9832630802020553,nan
5996.0,0.9827243682703048,nan
5997.0,0.982171235496375,nan
5998.0,0.9816034068862064,nan
5999.0,0.9810206062803766,nan
6000.0,0.9804225565160525,nan
6001.0,0.9798089795952796,nan
6002.0,0.9791795968596233,nan
6003.0,0.9785341291711677,nan
6004.0,0.9778722970998684,nan
6005.0,0.9771938211172464,nan
6006.0,0.9764984217963983,nan
6007.0,0.9757858200182908,nan
6008.0,0.9750557371842913,nan
6009.0,0.9743078954348805,nan
6010.0,0.9735420178744782,nan
6011.0,0.972757828802301,nan
6012.0,0.9719550539491617,nan
6013.0,0.971133420720103,nan
6014.0,0.9702926584427508,nan
6015.0,0.9694324986212531,nan
6016.0,0.9685526751956627,nan
6017.0,0.967652924806605,nan
6018.0,0.9667329870650603,nan
6019.0,0.9657926048270745,nan
6020.0,0.9648315244731998,nan
6021.0,0.9638494961924519,nan
6022.0,0.9628462742705562,nan
6023.0,0.9618216173822413,nan
6024.0,0.9607752888873234,nan
6025.0,0.959707057130313,nan
6026.0,0.9586166957432576,nan
6027.0,0.9575039839515233,nan
6028.0,0.9563687068822023,nan
6029.0,0.9552106558748221,nan
6030.0,0.9540296287940128,nan
6031.0,0.9528254303437843,nan
6032.0,0.9515978723830449,nan
6033.0,0.9503467742419822,nan
6034.0,0.9490719630389183,nan
6035.0,0.9477732739972327,nan
6036.0,0.9464505507619438,nan
6037.0,0.9451036457155197,nan
6038.0,0.9437324202924853,nan
6039.0,0.9423367452923814,nan
6040.0,0.9409165011906211,nan
6041.0,0.9394715784467811,nan
6042.0,0.93800187780986,nan
6043.0,0.9365073106200256,nan
6044.0,0.9349877991063683,nan
6045.0,0.9334432766801767,nan
6046.0,0.9318736882232388,nan
6047.0,0.9302789903706782,nan
6048.0,0.9286591517878264,nan
6049.0,0.9270141534406336,nan
6050.0,0.9253439888591183,nan
6051.0,0.9236486643933605,nan
6052.0,0.9219281994615421,nan
6053.0,0.9201826267895415,nan
6054.0,0.9184119926415959,nan
6055.0,0.9166163570415483,nan
6056.0,0.9147957939842042,nan
6057.0,0.912950391636329,nan
6058.0,0.9110802525268301,nan
6059.0,0.9091854937256724,nan
6060.0,0.9072662470110935,nan
6061.0,0.905322659024693,nan
6062.0,0.9033548914139871,nan
6063.0,0.9013631209620335,nan
6064.0,0.8993475397037494,nan
6065.0,0.8973083550285595,nan
6066.0,0.895245789769037,nan
6067.0,0.89316008227521,nan
6068.0,0.891051486474236,nan
6069.0,0.8889202719151649,nan
6070.0,0.8867667237985324,nan
6071.0,0.8845911429905541,nan
6072.0,0.882393846021711,nan
6073.0,0.8801751650695455,nan
6074.0,0.8779354479255134,nan
6075.0,0.8756750579457612,nan
6076.0,0.8733943739857329,nan
6077.0,0.8710937903185298,nan
6078.0,0.8687737165369849,nan
6079.0,0.8664345774394355,nan
6080.0,0.8640768128992137,nan
6081.0,0.8617008777178983,nan
6082.0,0.8593072414624091,nan
6083.0,0.8568963882860474,nan
6084.0,0.8544688167336248,nan
6085.0,0.8520250395308456,nan
6086.0,0.8495655833581441,nan
6087.0,0.8470909886092061,nan
6088.0,0.8446018091344315,nan
6089.0,0.8420986119696298,nan
6090.0,0.839581977050262,nan
6091.0,0.8370524969115792,nan
6092.0,0.8345107763750262,nan
6093.0,0.8319574322213161,nan
6094.0,0.8293930928505976,nan
6095.0,0.8268183979301688,nan
6096.0,0.8242339980302141,nan
6097.0,0.8216405542480617,nan
6098.0,0.8190387378214827,nan
6099.0,0.8164292297315744,nan
6100.0,0.8138127202957887,nan
6101.0,0.8111899087516834,nan
6102.0,0.8085615028319951,nan
6103.0,0.8059282183316414,nan
6104.0,0.8032907786672813,nan
6105.0,0.8006499144300667,nan
6106.0,0.7980063629322367,nan
6107.0,0.795360867748209,nan
6108.0,0.7927141782508336,nan
6109.0,0.7900670491434785,nan
6110.0,0.7874202399886209,nan
6111.0,0.7847745147336216,nan
6112.0,0.7821306412343575,nan
6113.0,0.7794893907773903,nan
6114.0,0.7768515376013431,nan
6115.0,0.774217858418154,nan
6116.0,0.7715891319348717,nan
6117.0,0.7689661383766448,nan
6118.0,0.7663496590115543,nan
6119.0,0.7637404756779228,nan
6120.0,0.7611393703147247,nan
6121.0,0.7585471244957059,nan
6122.0,0.7559645189678078,nan
6123.0,0.7533923331944746,nan
6124.0,0.7508313449044021,nan
6125.0,0.7482823296462703,nan
6126.0,0.7457460603499818,nan
6127.0,0.7432233068949042,nan
6128.0,0.7407148356855949,nan
6129.0,0.7382214092354629,nan
6130.0,0.7357437857587982,nan
6131.0,0.7332827187715734,nan
6132.0,0.7308389567013991,nan
6133.0,0.728413242506986,nan
6134.0,0.7260063133074415,nan
6135.0,0.7236189000217003,nan
6136.0,0.7212517270183636,nan
6137.0,0.7189055117761902,nan
6138.0,0.7165809645554572,nan
6139.0,0.7142787880803794,nan
6140.0,0.71199967723275,nan
6141.0,0.7097443187569332,nan
6142.0,0.7075133909763158,nan
6143.0,0.7053075635212955,nan
6144.0,0.7031274970688561,nan
6145.0,0.7009738430937525,nan
6146.0,0.6988472436313043,nan
6147.0,0.6967483310517674,nan
6148.0,0.6946777278462297,nan
6149.0,0.6926360464239536,nan
6150.0,0.6906238889210596,nan
6151.0,0.688641847020427,nan
6152.0,0.6866905017826608,nan
6153.0,0.6847704234879578,nan
6154.0,0.6828821714886766,nan
6155.0,0.6810262940724037,nan
6156.0,0.6792033283352856,nan
6157.0,0.6774138000653789,nan
6158.0,0.6756582236357539,nan
6159.0,0.673937101907075,nan
6160.0,0.6722509261393593,nan
6161.0,0.6706001759126101,nan
6162.0,0.6689853190560022,nan
6163.0,0.6674068115852905,nan
6164.0,0.6658650976480985,nan
6165.0,0.6643606094767409,nan
6166.0,0.662893767348217,nan
6167.0,0.6614649795510175,nan
6168.0,0.6600746423583699,nan
6169.0,0.6587231400075537,nan
6170.0,0.6574108446849054,nan
6171.0,0.6561381165161363,nan
6172.0,0.654905303561585,nan
6173.0,0.6537127418160239,nan
6174.0,0.6525607552126419,nan
6175.0,0.6514496556308311,nan
6176.0,0.6503797429074024,nan
6177.0,0.6493513048508633,nan
6178.0,0.6483646172583987,nan
6179.0,0.6474199439351949,nan
6180.0,0.6465175367157628,nan
6181.0,0.6456576354869166,nan
6182.0,0.6448404682120786,nan
6183.0,0.6440662509565901,nan
6184.0,0.6433351879137138,nan
6185.0,0.6426474714310333,nan
6186.0,0.6420032820369583,nan
6187.0,0.6414027884670636,nan
6188.0,0.6408461476899997,nan
6189.0,0.6403335049327283,nan
6190.0,0.6398649937048504,nan
6191.0,0.6394407358218087,nan
6192.0,0.6390608414267638,nan
6193.0,0.6387254090109574,nan
6194.0,0.6384345254323937,nan
6195.0,0.6381882659326855,nan
6196.0,0.6379866941519328,nan
6197.0,0.6378298621415098,nan
6198.0,0.6377178103746687,nan
6199.0,0.6376505677548684,nan
6200.0,0.6376281516217733,nan
6201.0,0.6376505677548684,nan
6202.0,0.6377178103746687,nan
6203.0,0.6378298621415098,nan
6204.0,0.6379866941519328,nan
6205.0,0.6381882659326855,nan
6206.0,0.6384345254323937,nan
6207.0,0.6387254090109574,nan
6208.0,0.6390608414267638,nan
6209.0,0.6394407358218087,nan
6210.0,0.6398649937048504,nan
6211.0,0.6403335049327283,nan
6212.0,0.6408461476899997,nan
6213.0,0.6414027884670636,nan
6214.0,0.6420032820369583,nan
6215.0,0.6426474714310333,nan
6216.0,0.6433351879137138,nan
6217.0,0.6440662509565901,nan
6218.0,0.6448404682120786,nan
6219.0,0.6456576354869166,nan
6220.0,0.6465175367157628,nan
6221.0,0.6474199439351949,nan
6222.0,0.6483646172583987,nan
6223.0,0.6493513048508633,nan
6224.0,0.6503797429074024,nan
6225.0,0.6514496556308311,nan
6226.0,0.6525607552126419,nan
6227.0,0.6537127418160239,nan
6228.0,0.654905303561585,nan
6229.0,0.6561381165161363,nan
6230.0,0.6574108446849054,nan
6231.0,0.6587231400075537,nan
6232.0,0.6600746423583699,nan
6233.0,0.6614649795510175,nan
6234.0,0.662893767348217,nan
6235.0,0.6643606094767409,nan
6236.0,0.6658650976480985,nan
6237.0,0.6674068115852905,nan
6238.0,0.6689853190560022,nan
6239.0,0.6706001759126101,nan
6240.0,0.6722509261393593,nan
6241.0,0.673937101907075,nan
6242.0,0.6756582236357539,nan
6243.0,0.6774138000653789,nan
6244.0,0.6792033283352856,nan
6245.0,0.6810262940724037,nan
6246.0,0.6828821714886766,nan
6247.0,0.6847704234879578,nan
6248.0,0.6866905017826608,nan
6249.0,0.688641847020427,nan
6250.0,0.6906238889210596,nan
6251.0,0.6926360464239536,nan
6252.0,0.6946777278462297,nan
6253.0,0.6967483310517674,nan
6254.0,0.6988472436313043,nan
6255.0,0.7009738430937525,nan
6256.0,0.7031274970688561,nan
6257.0,0.7053075635212955,nan
6258.0,0.7075133909763158,nan
6259.0,0.7097443187569332,nan
6260.0,0.71199967723275,nan
6261.0,0.7142787880803794,nan
6262.0,0.7165809645554572,nan
6263.0,0.7189055117761902,nan
6264.0,0.7212517270183636,nan
6265.0,0.7236189000217003,nan
6266.0,0.7260063133074415,nan
6267.0,0.728413242506986,nan
6268.0,0.7308389567013991,nan
6269.0,0.7332827187715734,nan
6270.0,0.7357437857587982,nan
6271.0,0.7382214092354629,nan
6272.0,0.7407148356855949,nan
6273.0,0.7432233068949042,nan
6274.0,0.7457460603499818,nan
6275.0,0.7482823296462703,nan
6276.0,0.7508313449044021,nan
6277.0,0.7533923331944746,nan
6278.0,0.7559645189678078,nan
6279.0,0.7585471244957059,nan
6280.0,0.7611393703147247,nan
6281.0,0.7637404756779228,nan
6282.0,0.7663496590115543,nan
6283.0,0.7689661383766448,nan
6284.0,0.7715891319348717,nan
6285.0,0.774217858418154,nan
6286.0,0.7768515376013431,nan
6287.0,0.7794893907773903,nan
6288.0,0.7821306412343575,nan
6289.0,0.7847745147336216,nan
6290.0,0.7874202399886209,nan
6291.0,0.7900670491434785,nan
6292.0,0.7927141782508336,nan
6293.0,0.795360867748209,nan
6294.0,0.7980063629322367,nan
6295.0,0.8006499144300667,nan
6296.0,0.8032907786672813,nan
6297.0,0.8059282183316414,nan
6298.0,0.8085615028319951,nan
6299.0,0.8111899087516834,nan
6300.0,0.8138127202957887,nan
6301.0,0.8164292297315744,nan
6302.0,0.8190387378214827,nan
6303.0,0.8216405542480617,nan
6304.0,0.8242339980302141,nan
6305.0,0.8268183979301688,nan
6306.0,0.8293930928505976,nan
6307.0,0.8319574322213161,nan
6308.0,0.8345107763750262,nan
6309.0,0.8370524969115792,nan
6310.0,0.839581977050262,nan
6311.0,0.8420986119696298,nan
6312.0,0.8446018091344315,nan
6313.0,0.8470909886092061,nan
6314.0,0.8495655833581441,nan
6315.0,0.8520250395308456,nan
6316.0,0.8544688167336248,nan
6317.0,0.8568963882860474,nan
6318.0,0.8593072414624091,nan
6319.0,0.8617008777178983,nan
6320.0,0.8640768128992137,nan
6321.0,0.8664345774394355,nan
6322.0,0.8687737165369849,nan
6323.0,0.8710937903185298,nan
6324.0,0.8733943739857329,nan
6325.0,0.8756750579457612,nan
6326.0,0.8779354479255134,nan
6327.0,0.8801751650695455,nan
6328.0,0.882393846021711,nan
6329.0,0.8845911429905541,nan
6330.0,0.8867667237985324,nan
6331.0,0.8889202719151649,nan
6332.0,0.891051486474236,nan
6333.0,0.89316008227521,nan
6334.0,0.895245789769037,nan
6335.0,0.8973083550285595,nan
6336.0,0.8993475397037494,nan
6337.0,0.9013631209620335,nan
6338.0,0.9033548914139871,nan
6339.0,0.905322659024693,nan
6340.0,0.9072662470110935,nan
6341.0,0.9091854937256724,nan
6342.0,0.9110802525268301,nan
6343.0,0.912950391636329,nan
6344.0,0.9147957939842042,nan
6345.0,0.9166163570415483,nan
6346.0,0.9184119926415959,nan
6347.0,0.9201826267895415,nan
6348.0,0.9219281994615421,nan
6349.0,0.9236486643933605,nan
6350.0,0.9253439888591183,nan
6351.0,0.9270141534406336,nan
6352.0,0.9286591517878264,nan
6353.0,0.9302789903706782,nan
6354.0,0.9318736882232388,nan
6355.0,0.9334432766801767,nan
6356.0,0.9349877991063683,nan
6357.0,0.9365073106200256,nan
6358.0,0.93800187780986,nan
6359.0,0.9394715784467811,nan
6360.0,0.9409165011906211,nan
6361.0,0.9423367452923814,nan
6362.0,0.9437324202924853,nan
6363.0,0.9451036457155197,nan
6364.0,0.9464505507619438,nan
6365.0,0.9477732739972327,nan
6366.0,0.9490719630389183,nan
6367.0,0.9503467742419822,nan
6368.0,0.9515978723830449,nan
6369.0,0.9528254303437843,nan
6370.0,0.9540296287940128,nan
6371.0,0.9552106558748221,nan
6372.0,0.9563687068822023,nan
6373.0,0.9575039839515233,nan
6374.0,0.9586166957432576,nan
6375.0,0.959707057130313,nan
6376.0,0.9607752888873234,nan
6377.0,0.9618216173822413,nan
6378.0,0.9628462742705562,nan
6379.0,0.9638494961924519,nan
6380.0,0.9648315244731998,nan
6381.0,0.9657926048270745,nan
6382.0,0.9667329870650603,nan
6383.0,0.967652924806605,nan
6384.0,0.9685526751956627,nan
6385.0,0.9694324986212531,nan
6386.0,0.9702926584427508,nan
6387.0,0.971133420720103,nan
6388.0,0.9719550539491617,nan
6389.0,0.972757828802301,nan
6390.0,0.9735420178744782,nan
6391.0,0.9743078954348805,nan
6392.0,0.9750557371842913,nan
6393.0,0.9757858200182908,nan
6394.0,0.9764984217963983,nan
6395.0,0.9771938211172464,nan
6396.0,0.9778722970998684,nan
6397.0,0.9785341291711677,nan
6398.0,0.9791795968596233,nan
6399.0,0.9798089795952796,nan
6400.0,0.9804225565160525,nan
6401.0,0.9810206062803766,nan
6402.0,0.9816034068862064,nan
6403.0,0.982171235496375,nan
6404.0,0.9827243682703048,nan
6405.0,0.9832630802020553,nan
6406.0,0.9837876449646822,nan
6407.0,0.9842983347608787,nan
6408.0,0.9847954201798568,nan
6409.0,0.9852791700604204,nan
6410.0,0.9857498513601781,nan
6411.0,0.9862077290308302,nan
6412.0,0.9866530658994647,nan
6413.0,0.9870861225557872,nan
6414.0,0.987507157245204,nan
6415.0,0.9879164257676746,nan
6416.0,0.9883141813822418,nan
6417.0,0.9887006747171472,nan
6418.0,0.9890761536854302,nan
6419.0,0.9894408634059098,nan
6420.0,0.9897950461294421,nan
6421.0,0.990138941170344,nan
6422.0,0.9904727848428699,nan
6423.0,0.9907968104026281,nan
6424.0,0.9911112479928168,nan
6425.0,0.991416324595163,nan
6426.0,0.9917122639854415,nan
6427.0,0.9919992866934517,nan
6428.0,0.9922776099673289,nan
6429.0,0.9925474477420649,nan
6430.0,0.9928090106121132,nan
6431.0,0.9930625058079513,nan
6432.0,0.9933081371764769,nan
6433.0,0.9935461051651089,nan
6434.0,0.993776606809469,nan
6435.0,0.9939998357245181,nan
6436.0,0.9942159820990224,nan
6437.0,0.9944252326932244,nan
6438.0,0.9946277708395965,nan
6439.0,0.9948237764465546,nan
6440.0,0.9950134260050094,nan
6441.0,0.9951968925976373,nan
6442.0,0.9953743459107516,nan
6443.0,0.9955459522486576,nan
6444.0,0.9957118745503762,nan
6445.0,0.9958722724086233,nan
6446.0,0.9960273020909325,nan
6447.0,0.9961771165628133,nan
6448.0,0.9963218655128357,nan
6449.0,0.9964616953795373,nan
6450.0,0.9965967493800485,nan
6451.0,0.9967271675403364,nan
6452.0,0.9968530867269674,nan
6453.0,0.9969746406802933,nan
6454.0,0.9970919600489657,nan
6455.0,0.9972051724256895,nan
6456.0,0.997314402384123,nan
6457.0,0.9974197715168418,nan
6458.0,0.9975213984742787,nan
6459.0,0.9976193990045605,nan
6460.0,0.9977138859941616,nan
6461.0,0.9978049695092962,nan
6462.0,0.9978927568379775,nan
6463.0,0.9979773525326701,nan
6464.0,0.9980588584534655,nan
6465.0,0.9981373738117172,nan
6466.0,0.998212995214066,nan
6467.0,0.9982858167067981,nan
6468.0,0.9983559298204717,nan
6469.0,0.9984234236147594,nan
6470.0,0.9984883847234468,nan
6471.0,0.9985508973995373,nan
6472.0,0.9986110435604121,nan
6473.0,0.9986689028329959,nan
6474.0,0.9987245525988838,nan
6475.0,0.9987780680393832,nan
6476.0,0.9988295221804316,nan
6477.0,0.9988789859373479,nan
6478.0,0.9989265281593805,nan
6479.0,0.998972215674017,nan
6480.0,0.9990161133310191,nan
6481.0,0.999058284046155,nan
6482.0,0.9990987888445938,nan
6483.0,0.9991376869039378,nan
6484.0,0.9991750355968638,nan
6485.0,0.9992108905333498,nan
6486.0,0.9992453056024614,nan
6487.0,0.9992783330136803,nan
6488.0,0.9993100233377498,nan
6489.0,0.9993404255470232,nan
6490.0,0.9993695870552946,nan
6491.0,0.999397553757098,nan
6492.0,0.999424370066461,nan
6493.0,0.9994500789550965,nan
6494.0,0.9994747219900261,nan
6495.0,0.9994983393706189,nan
6496.0,0.9995209699650408,nan
6497.0,0.9995426513461032,nan
6498.0,0.9995634198265055,nan
6499.0,0.9995833104934645,nan
6500.0,0.9996023572427251,nan
6501.0,0.9996205928119504,nan
6502.0,0.9996380488134844,nan
6503.0,0.9996547557664889,nan
6504.0,0.9996707431284487,nan
6505.0,0.9996860393260492,nan
6506.0,0.9997006717854218,nan
6507.0,0.9997146669617613,nan
6508.0,0.9997280503683148,nan
6509.0,0.9997408466047449,nan
6510.0,0.9997530793848698,nan
6511.0,0.9997647715637831,nan
6512.0,0.9997759451643581,nan
6513.0,0.99978662140314,nan
6514.0,0.9997968207156314,nan
6515.0,0.9998065627809751,nan
6516.0,0.999815866546043,nan
6517.0,0.9998247502489325,nan
6518.0,0.9998332314418806,nan
6519.0,0.9998413270136023,nan
6520.0,0.999849053211057,nan
6521.0,0.9998564256606544,nan
6522.0,0.9998634593889048,nan
6523.0,0.9998701688425236,nan
6524.0,0.9998765679079955,nan
6525.0,0.99988266993061,nan
6526.0,0.9998884877329737,nan
6527.0,0.9998940336330093,nan
6528.0,0.9998993194614514,nan
6529.0,0.9999043565788444,nan
6530.0,0.9999091558920555,nan
6531.0,0.9999137278703089,nan
6532.0,0.9999180825607515,nan
6533.0,0.9999222296035601,nan
6534.0,0.9999261782465968,nan
6535.0,0.9999299373596247,nan
6536.0,0.9999335154480914,nan
6537.0,0.9999369206664899,nan
6538.0,0.9999401608313064,nan
6539.0,0.999943243433564,nan
6540.0,0.9999461756509708,nan
6541.0,0.999948964359684,nan
6542.0,0.9999516161456949,nan
6543.0,0.9999541373158486,nan
6544.0,0.9999565339085029,nan
6545.0,0.9999588117038387,nan
6546.0,0.9999609762338283,nan
6547.0,0.9999630327918724,nan
6548.0,0.999964986442112,nan
6549.0,0.9999668420284259,nan
6550.0,0.9999686041831207,nan
6551.0,0.9999702773353226,nan
6552.0,0.9999718657190776,nan
6553.0,0.9999733733811705,nan
6554.0,0.9999748041886682,nan
6555.0,0.999976161836197,nan
6556.0,0.9999774498529596,nan
6557.0,0.9999786716095016,nan
6558.0,0.999979830324233,nan
6559.0,0.9999809290697124,nan
6560.0,0.9999819707787015,nan
6561.0,0.9999829582499974,nan
6562.0,0.9999838941540468,nan
6563.0,0.9999847810383524,nan
6564.0,0.9999856213326755,nan
6565.0,0.9999864173540425,nan
6566.0,0.99998717131156,nan
6567.0,0.9999878853110474,nan
6568.0,0.9999885613594894,nan
6569.0,0.9999892013693178,nan
6570.0,0.9999898071625248,nan
6571.0,0.9999903804746171,nan
6572.0,0.9999909229584122,nan
6573.0,0.9999914361876857,nan
6574.0,0.9999919216606731,nan
6575.0,0.99999238080343,nan
6576.0,0.9999928149730584,nan
6577.0,0.9999932254608015,nan
6578.0,0.9999936134950123,nan
6579.0,0.9999939802440004,nan
6580.0,0.9999943268187629,nan
6581.0,0.9999946542755997,nan
6582.0,0.9999949636186225,nan
6583.0,0.9999952558021571,nan
6584.0,0.9999955317330451,nan
6585.0,0.9999957922728486,nan
6586.0,0.9999960382399609,nan
6587.0,0.9999962704116264,nan
6588.0,0.9999964895258757,nan
6589.0,0.9999966962833745,nan
6590.0,0.9999968913491947,nan
6591.0,0.9999970753545069,nan
6592.0,0.9999972488981994,nan
6593.0,0.9999974125484261,nan
6594.0,0.999997566844085,nan
6595.0,0.9999977122962325,nan
6596.0,0.999997849389433,nan
6597.0,0.9999979785830497,nan
6598.0,0.9999981003124754,nan
6599.0,0.9999982149903092,nan
6600.0,0.9999983230074787,nan
6601.0,0.9999984247343116,nan
6602.0,0.9999985205215575,nan
6603.0,0.999998610701363,nan
6604.0,0.9999986955882022,nan
6605.0,0.9999987754797625,nan
6606.0,0.9999988506577904,nan
6607.0,0.9999989213888973,nan
6608.0,0.9999989879253269,nan
6609.0,0.9999990505056868,nan
6610.0,0.9999991093556447,nan
6611.0,0.9999991646885928,nan
6612.0,0.9999992167062783,nan
6613.0,0.9999992655994057,nan
6614.0,0.9999993115482082,nan
6615.0,0.9999993547229928,nan
6616.0,0.9999993952846579,nan
6617.0,0.999999433385186,nan
6618.0,0.9999994691681123,nan
6619.0,0.99999950276897,nan
6620.0,0.9999995343157134,nan
6621.0,0.9999995639291206,nan
6622.0,0.9999995917231752,nan
6623.0,0.9999996178054299,nan
6624.0,0.9999996422773513,nan
6625.0,0.9999996652346468,nan
6626.0,0.9999996867675759,nan
6627.0,0.9999997069612452,nan
6628.0,0.9999997258958884,nan
6629.0,0.9999997436471316,nan
6630.0,0.9999997602862457,nan
6631.0,0.9999997758803852,nan
6632.0,0.9999997904928147,nan
6633.0,0.9999998041831237,nan
6634.0,0.9999998170074303,nan
6635.0,0.9999998290185741,nan
6636.0,0.9999998402662988,nan
6637.0,0.9999998507974258,nan
6638.0,0.9999998606560174,nan
6639.0,0.9999998698835328,nan
6640.0,0.9999998785189748,nan
6641.0,0.9999998865990284,nan
6642.0,0.9999998941581935,nan
6643.0,0.9999999012289085,nan
6644.0,0.9999999078416683,nan
6645.0,0.9999999140251361,nan
6646.0,0.9999999198062485,nan
6647.0,0.9999999252103147,nan
6648.0,0.9999999302611113,nan
6649.0,0.9999999349809708,nan
6650.0,0.9999999393908658,nan
6651.0,0.9999999435104883,nan
6652.0,0.9999999473583245,nan
6653.0,0.9999999509517262,nan
6654.0,0.999999954306977,nan
6655.0,0.9999999574393552,nan
6656.0,0.9999999603631944,nan
6657.0,0.9999999630919385,nan
6658.0,0.9999999656381952,nan
6659.0,0.9999999680137859,nan
6660.0,0.999999970229793,nan
6661.0,0.9999999722966041,nan
6662.0,0.9999999742239536,nan
6663.0,0.9999999760209627,nan
6664.0,0.9999999776961763,nan
6665.0,0.9999999792575981,nan
6666.0,0.9999999807127234,nan
6667.0,0.9999999820685705,nan
6668.0,0.9999999833317097,nan
6669.0,0.9999999845082905,nan
6670.0,0.9999999856040683,nan
6671.0,0.9999999866244286,nan
6672.0,0.999999987574409,nan
6673.0,0.9999999884587218,nan
6674.0,0.9999999892817741,nan
6675.0,0.9999999900476867,nan
6676.0,0.9999999907603118,nan
6677.0,0.9999999914232504,nan
6678.0,0.9999999920398676,nan
6679.0,0.9999999926133079,nan
6680.0,0.9999999931465091,nan
6681.0,0.9999999936422151,nan
6682.0,0.9999999941029888,nan
6683.0,0.999999994531223,nan
6684.0,0.9999999949291516,nan
6685.0,0.9999999952988601,nan
6686.0,0.9999999956422946,nan
6687.0,0.9999999959612711,nan
6688.0,0.9999999962574839,nan
6689.0,0.9999999965325134,nan
6690.0,0.9999999967878335,nan
6691.0,0.9999999970248186,nan
6692.0,0.9999999972447501,nan
6693.0,0.9999999974488225,nan
6694.0,0.999999997638149,nan
6695.0,0.9999999978137669,nan
6696.0,0.9999999979766427,nan
6697.0,0.9999999981276768,nan
6698.0,0.9999999982677076,nan
6699.0,0.9999999983975159,nan
6700.0,0.9999999985178286,nan
6701.0,0.9999999986293227,nan
6702.0,0.9999999987326278,nan
6703.0,0.9999999988283301,nan
6704.0,0.9999999989169749,nan
6705.0,0.9999999989990696,nan
6706.0,0.9999999990750859,nan
6707.0,0.9999999991454626,nan
6708.0,0.9999999992106077,nan
6709.0,0.9999999992709004,nan
6710.0,0.9999999993266934,nan
6711.0,0.9999999993783139,nan
6712.0,0.9999999994260665,nan
6713.0,0.9999999994702341,nan
6714.0,0.999999999511079,nan
6715.0,0.9999999995488453,nan
6716.0,0.9999999995837594,nan
6717.0,0.9999999996160316,nan
6718.0,0.999999999645857,nan
6719.0,0.9999999996734166,nan
6720.0,0.9999999996988786,nan
6721.0,0.9999999997223988,nan
6722.0,0.999999999744122,nan
6723.0,0.999999999764182,nan
6724.0,0.9999999997827034,nan
6725.0,0.9999999997998014,nan
6726.0,0.9999999998155827,nan
6727.0,0.9999999998301466,nan
6728.0,0.9999999998435849,nan
6729.0,0.9999999998559824,nan
6730.0,0.999999999867418,nan
6731.0,0.9999999998779647,nan
6732.0,0.99999999988769,nan
6733.0,0.9999999998966563,nan
6734.0,0.9999999999049217,nan
6735.0,0.9999999999125396,nan
6736.0,0.9999999999195599,nan
6737.0,0.9999999999260281,nan
6738.0,0.9999999999319868,nan
6739.0,0.9999999999374753,nan
6740.0,0.99999999994253,nan
6741.0,0.9999999999471842,nan
6742.0,0.999999999951469,nan
6743.0,0.9999999999554133,nan
6744.0,0.9999999999590434,nan
6745.0,0.9999999999623838,nan
6746.0,0.9999999999654572,nan
6747.0,0.9999999999682844,nan
6748.0,0.9999999999708847,nan
6749.0,0.999999999973276,nan
6750.0,0.9999999999754748,nan
6751.0,0.9999999999774962,nan
6752.0,0.9999999999793542,nan
6753.0,0.9999999999810617,nan
6754.0,0.9999999999826308,nan
6755.0,0.9999999999840723,nan
6756.0,0.9999999999853965,nan
6757.0,0.9999999999866126,nan
6758.0,0.9999999999877295,nan
6759.0,0.9999999999887549,nan
6760.0,0.9999999999896962,nan
6761.0,0.9999999999905602,nan
6762.0,0.9999999999913531,nan
6763.0,0.9999999999920807,nan
6764.0,0.9999999999927481,nan
6765.0,0.9999999999933603,nan
6766.0,0.9999999999939219,nan
6767.0,0.9999999999944368,nan
6768.0,0.9999999999949089,nan
6769.0,0.9999999999953415,nan
6770.0,0.9999999999957382,nan
6771.0,0.9999999999961017,nan
6772.0,0.9999999999964346,nan
6773.0,0.9999999999967397,nan
6774.0,0.9999999999970192,nan
6775.0,0.9999999999972751,nan
6776.0,0.9999999999975094,nan
6777.0,0.9999999999977239,nan
6778.0,0.9999999999979203,nan
6779.0,0.9999999999981001,nan
6780.0,0.9999999999982646,nan
6781.0,0.999999999998415,nan
6782.0,0.9999999999985527,nan
6783.0,0.9999999999986786,nan
6784.0,0.9999999999987937,nan
6785.0,0.999999999998899,nan
6786.0,0.9999999999989952,nan
6787.0,0.9999999999990833,nan
6788.0,0.9999999999991637,nan
6789.0,0.9999999999992372,nan
6790.0,0.9999999999993042,nan
6791.0,0.9999999999993656,nan
6792.0,0.9999999999994216,nan
6793.0,0.9999999999994728,nan
6794.0,0.9999999999995194,nan
6795.0,0.999999999999562,nan
6796.0,0.999999999999601,nan
6797.0,0.9999999999996365,nan
6798.0,0.9999999999996689,nan
6799.0,0.9999999999996985,nan
6800.0,0.9999999999997254,nan
6801.0,0.99999999999975,nan
6802.0,0.9999999999997724,nan
6803.0,0.9999999999997928,nan
6804.0,0.9999999999998115,nan
6805.0,0.9999999999998285,nan
6806.0,0.999999999999844,nan
6807.0,0.9999999999998581,nan
6808.0,0.999999999999871,nan
6809.0,0.9999999999998826,nan
6810.0,0.9999999999998933,nan
6811.0,0.999999999999903,nan
6812.0,0.9999999999999118,nan
6813.0,0.9999999999999198,nan
6814.0,0.9999999999999272,nan
6815.0,0.9999999999999338,nan
6816.0,0.9999999999999399,nan
6817.0,0.9999999999999455,nan
6818.0,0.9999999999999505,nan
6819.0,0.999999999999955,nan
6820.0,0.9999999999999591,nan
6821.0,0.9999999999999629,nan
6822.0,0.9999999999999664,nan
6823.0,0.9999999999999695,nan
6824.0,0.9999999999999724,nan
6825.0,0.9999999999999749,nan
6826.0,0.9999999999999772,nan
6827.0,0.9999999999999793,nan
6828.0,0.9999999999999812,nan
6829.0,0.999999999999983,nan
6830.0,0.9999999999999847,nan
6831.0,0.9999999999999861,nan
6832.0,0.9999999999999873,nan
6833.0,0.9999999999999886,nan
6834.0,0.9999999999999897,nan
6835.0,0.9999999999999907,nan
6836.0,0.9999999999999916,nan
6837.0,0.9999999999999923,nan
6838.0,0.999999999999993,nan
6839.0,0.9999999999999937,nan
6840.0,0.9999999999999943,nan
6841.0,0.9999999999999949,nan
6842.0,0.9999999999999953,nan
6843.0,0.9999999999999958,nan
6844.0,0.9999999999999962,nan
6845.0,0.9999999999999966,nan
6846.0,0.9999999999999969,nan
6847.0,0.9999999999999972,nan
6848.0,0.9999999999999974,nan
6849.0,0.9999999999999977,nan
6850.0,0.9999999999999979,nan
6851.0,0.9999999999999981,nan
6852.0,0.9999999999999983,nan
6853.0,0.9999999999999984,nan
6854.0,0.9999999999999987,nan
6855.0,0.9999999999999988,nan
6856.0,0.9999999999999989,nan
6857.0,0.999999999999999,nan
6858.0,0.9999999999999991,nan
6859.0,0.9999999999999992,nan
6860.0,0.9999999999999992,nan
6861.0,0.9999999999999993,nan
6862.0,0.9999999999999994,nan
6863.0,0.9999999999999994,nan
6864.0,0.9999999999999996,nan
6865.0,0.9999999999999996,nan
6866.0,0.9999999999999996,nan
6867.0,0.9999999999999997,nan
6868.0,0.9999999999999997,nan
6869.0,0.9999999999999997,nan
6870.0,0.9999999999999998,nan
6871.0,0.9999999999999998,nan
6872.0,0.9999999999999998,nan
6873.0,0.9999999999999998,nan
6874.0,0.9999999999999998,nan
6875.0,0.9999999999999999,nan
6876.0,0.9999999999999999,nan
6877.0,0.9999999999999999,nan
6878.0,0.9999999999999999,nan
6879.0,0.9999999999999999,nan
6880.0,0.9999999999999999,nan
6881.0,0.9999999999999999,nan
6882.0,0.9999999999999999,nan
6883.0,0.9999999999999999,nan
6884.0,0.9999999999999999,nan
6885.0,1.0,nan
6886.0,1.0,nan
6887.0,1.0,nan
6888.0,1.0,nan
6889.0,1.0,nan
6890.0,1.0,nan
6891.0,1.0,nan
6892.0,1.0,nan
6893.0,1.0,nan
6894.0,1.0,nan
6895.0,1.0,nan
6896.0,1.0,nan
6897.0,1.0,nan
6898.0,1.0,nan
6899.0,1.0,nan
6900.0,1.0,nan
6901.0,1.0,nan
6902.0,1.0,nan
6903.0,1.0,nan
6904.0,1.0,nan
6905.0,1.0,nan
6906.0,1.0,nan
6907.0,1.0,nan
6908.0,1.0,nan
6909.0,1.0,nan
6910.0,1.0,nan
6911.0,1.0,nan
6912.0,1.0,nan
6913.0,1.0,nan
6914.0,1.0,nan
6915.0,1.0,nan
6916.0,1.0,nan
6917.0,1.0,nan
6918.0,1.0,nan
6919.0,1.0,nan
6920.0,1.0,nan
6921.0,1.0,nan
6922.0,1.0,nan
6923.0,1.0,nan
6924.0,1.0,nan
6925.0,1.0,nan
6926.0,1.0,nan
6927.0,1.0,nan
6928.0,1.0,nan
6929.0,1.0,nan
6930.0,1.0,nan
6931.0,1.0,nan
6932.0,1.0,nan
6933.0,1.0,nan
6934.0,1.0,nan
6935.0,1.0,nan
6936.0,1.0,nan
6937.0,1.0,nan
6938.0,1.0,nan
6939.0,1.0,nan
6940.0,1.0,nan
6941.0,1.0,nan
6942.0,1.0,nan
6943.0,1.0,nan
6944.0,1.0,nan
6945.0,1.0,nan
6946.0,1.0,nan
6947.0,1.0,nan
6948.0,1.0,nan
6949.0,1.0,nan
6950.0,1.0,nan
6951.0,1.0,nan
6952.0,1.0,nan
6953.0,1.0,nan
6954.0,1.0,nan
6955.0,1.0,nan
6956.0,1.0,nan
6957.0,1.0,nan
6958.0,1.0,nan
6959.0,1.0,nan
6960.0,1.0,nan
6961.0,1.0,nan
6962.0,1.0,nan
6963.0,1.0,nan
6964.0,1.0,nan
6965.0,1.0,nan
6966.0,1.0,nan
6967.0,1.0,nan
6968.0,1.0,nan
6969.0,1.0,nan
6970.0,1.0,nan
6971.0,1.0,nan
6972.0,1.0,nan
6973.0,1.0,nan
6974.0,1.0,nan
6975.0,1.0,nan
6976.0,1.0,nan
6977.0,1.0,nan
6978.0,1.0,nan
6979.0,1.0,nan
6980.0,1.0,nan
6981.0,1.0,nan
6982.0,1.0,nan
6983.0,1.0,nan
6984.0,1.0,nan
6985.0,1.0,nan
6986.0,1.0,nan
6987.0,1.0,nan
6988.0,1.0,nan
6989.0,1.0,nan
6990.0,1.0,nan
6991.0,1.0,nan
6992.0,1.0,nan
6993.0,1.0,nan
6994.0,1.0,nan
6995.0,1.0,nan
6996.0,1.0,nan
6997.0,1.0,nan
6998.0,1.0,nan
6999.0,1.0,nan
7000.0,1.0,nan
7001.0,1.0,nan
7002.0,1.0,nan
7003.0,1.0,nan
7004.0,1.0,nan
7005.0,1.0,nan
7006.0,1.0,nan
7007.0,1.0,nan
7008.0,1.0,nan
7009.0,1.0,nan
7010.0,1.0,nan
7011.0,1.0,nan
7012.0,1.0,nan
7013.0,1.0,nan
7014.0,1.0,nan
7015.0,1.0,nan
7016.0,1.0,nan
7017.0,1.0,nan
7018.0,1.0,nan
7019.0,1.0,nan
7020.0,1.0,nan
7021.0,1.0,nan
7022.0,1.0,nan
7023.0,1.0,nan
7024.0,1.0,nan
7025.0,1.0,nan
7026.0,1.0,nan
7027.0,1.0,nan
7028.0,1.0,nan
7029.0,1.0,nan
7030.0,1.0,nan
7031.0,1.0,nan
7032.0,1.0,nan
7033.0,1.0,nan
7034.0,1.0,nan
7035.0,1.0,nan
7036.0,1.0,nan
7037.0,1.0,nan
7038.0,1.0,nan
7039.0,1.0,nan
7040.0,1.0,nan
7041.0,1.0,nan
7042.0,1.0,nan
7043.0,1.0,nan
7044.0,1.0,nan
7045.0,1.0,nan
7046.0,1.0,nan
7047.0,1.0,nan
7048.0,1.0,nan
7049.0,1.0,nan
7050.0,1.0,nan
7051.0,1.0,nan
7052.0,1.0,nan
7053.0,1.0,nan
7054.0,1.0,nan
7055.0,1.0,nan
7056.0,1.0,nan
7057.0,1.0,nan
7058.0,1.0,nan
7059.0,1.0,nan
7060.0,1.0,nan
7061.0,1.0,nan
7062.0,1.0,nan
7063.0,1.0,nan
7064.0,1.0,nan
7065.0,1.0,nan
7066.0,1.0,nan
7067.0,1.0,nan
7068.0,1.0,nan
7069.0,1.0,nan
7070.0,1.0,nan
7071.0,1.0,nan
7072.0,1.0,nan
7073.0,1.0,nan
7074.0,1.0,nan
7075.0,1.0,nan
7076.0,1.0,nan
7077.0,1.0,nan
7078.0,1.0,nan
7079.0,1.0,nan
7080.0,1.0,nan
7081.0,1.0,nan
7082.0,1.0,nan
7083.0,1.0,nan
7084.0,1.0,nan
7085.0,1.0,nan
7086.0,1.0,nan
7087.0,1.0,nan
7088.0,1.0,nan
7089.0,1.0,nan
7090.0,1.0,nan
7091.0,1.0,nan
7092.0,1.0,nan
7093.0,1.0,nan
7094.0,1.0,nan
7095.0,1.0,nan
7096.0,1.0,nan
7097.0,1.0,nan
7098.0,1.0,nan
7099.0,1.0,nan
7100.0,1.0,nan
7101.0,1.0,nan
7102.0,1.0,nan
7103.0,1.0,nan
7104.0,1.0,nan
7105.0,1.0,nan
7106.0,1.0,nan
7107.0,1.0,nan
7108.0,1.0,nan
7109.0,1.0,nan
7110.0,1.0,nan
7111.0,1.0,nan
7112.0,1.0,nan
7113.0,1.0,nan
7114.0,1.0,nan
7115.0,1.0,nan
7116.0,1.0,nan
7117.0,1.0,nan
7118.0,1.0,nan
7119.0,1.0,nan
7120.0,1.0,nan
7121.0,1.0,nan
7122.0,1.0,nan
7123.0,1.0,nan
7124.0,1.0,nan
7125.0,1.0,nan
7126.0,1.0,nan
7127.0,1.0,nan
7128.0,1.0,nan
7129.0,1.0,nan
7130.0,1.0,nan
7131.0,1.0,nan
7132.0,1.0,nan
7133.0,1.0,nan
7134.0,1.0,nan
7135.0,1.0,nan
7136.0,1.0,nan
7137.0,1.0,nan
7138.0,1.0,nan
7139.0,1.0,nan
7140.0,1.0,nan
7141.0,1.0,nan
7142.0,1.0,nan
7143.0,1.0,nan
7144.0,1.0,nan
7145.0,1.0,nan
7146.0,1.0,nan
7147.0,1.0,nan
7148.0,1.0,nan
7149.0,1.0,nan
7150.0,1.0,nan
7151.0,1.0,nan
7152.0,1.0,nan
7153.0,1.0,nan
7154.0,1.0,nan
7155.0,1.0,nan
7156.0,1.0,nan
7157.0,1.0,nan
7158.0,1.0,nan
7159.0,1.0,nan
7160.0,1.0,nan
7161.0,1.0,nan
7162.0,1.0,nan
7163.0,1.0,nan
7164.0,1.0,nan
7165.0,1.0,nan
7166.0,1.0,nan
7167.0,1.0,nan
7168.0,1.0,nan
7169.0,1.0,nan
7170.0,1.0,nan
7171.0,1.0,nan
7172.0,1.0,nan
7173.0,1.0,nan
7174.0,1.0,nan
7175.0,1.0,nan
7176.0,1.0,nan
7177.0,1.0,nan
7178.0,1.0,nan
7179.0,1.0,nan
7180.0,1.0,nan
7181.0,1.0,nan
7182.0,1.0,nan
7183.0,1.0,nan
7184.0,1.0,nan
7185.0,1.0,nan
7186.0,1.0,nan
7187.0,1.0,nan
7188.0,1.0,nan
7189.0,1.0,nan
7190.0,1.0,nan
7191.0,1.0,nan
7192.0,1.0,nan
7193.0,1.0,nan
7194.0,1.0,nan
7195.0,1.0,nan
7196.0,1.0,nan
7197.0,1.0,nan
7198.0,1.0,nan
7199.0,1.0,nan
7200.0,1.0,nan
7201.0,1.0,nan
7202.0,1.0,nan
7203.0,1.0,nan
7204.0,1.0,nan
7205.0,1.0,nan
7206.0,1.0,nan
7207.0,1.0,nan
7208.0,1.0,nan
7209.0,1.0,nan
7210.0,1.0,nan
7211.0,1.0,nan
7212.0,1.0,nan
7213.0,1.0,nan
7214.0,1.0,nan
7215.0,1.0,nan
7216.0,1.0,nan
7217.0,1.0,nan
7218.0,1.0,nan
7219.0,1.0,nan
7220.0,1.0,nan
7221.0,1.0,nan
7222.0,1.0,nan
7223.0,1.0,nan
7224.0,1.0,nan
7225.0,1.0,nan
7226.0,1.0,nan
7227.0,1.0,nan
7228.0,1.0,nan
7229.0,1.0,nan
7230.0,1.0,nan
7231.0,1.0,nan
7232.0,1.0,nan
7233.0,1.0,nan
7234.0,1.0,nan
7235.0,1.0,nan
7236.0,1.0,nan
7237.0,1.0,nan
7238.0,1.0,nan
7239.0,1.0,nan
7240.0,1.0,nan
7241.0,1.0,nan
7242.0,1.0,nan
7243.0,1.0,nan
7244.0,1.0,nan
7245.0,1.0,nan
7246.0,1.0,nan
7247.0,1.0,nan
7248.0,1.0,nan
7249.0,1.0,nan
7250.0,1.0,nan
7251.0,1.0,nan
7252.0,1.0,nan
7253.0,1.0,nan
7254.0,1.0,nan
7255.0,1.0,nan
7256.0,1.0,nan
7257.0,1.0,nan
7258.0,1.0,nan
7259.0,1.0,nan
7260.0,1.0,nan
7261.0,1.0,nan
7262.0,1.0,nan
7263.0,1.0,nan
7264.0,1.0,nan
7265.0,1.0,nan
7266.0,1.0,nan
7267.0,1.0,nan
7268.0,1.0,nan
7269.0,1.0,nan
7270.0,1.0,nan
7271.0,1.0,nan
7272.0,1.0,nan
7273.0,1.0,nan
7274.0,1.0,nan
7275.0,1.0,nan
7276.0,1.0,nan
7277.0,1.0,nan
7278.0,1.0,nan
7279.0,1.0,nan
7280.0,1.0,nan
7281.0,1.0,nan
7282.0,1.0,nan
7283.0,1.0,nan
7284.0,1.0,nan
7285.0,1.0,nan
7286.0,1.0,nan
7287.0,1.0,nan
7288.0,1.0,nan
7289.0,1.0,nan
7290.0,1.0,nan
7291.0,1.0,nan
7292.0,1.0,nan
7293.0,1.0,nan
7294.0,1.0,nan
7295.0,1.0,nan
7296.0,1.0,nan
7297.0,1.0,nan
7298.0,1.0,nan
7299.0,1.0,nan
7300.0,1.0,nan
7301.0,1.0,nan
7302.0,1.0,nan
7303.0,1.0,nan
7304.0,1.0,nan
7305.0,1.0,nan
7306.0,1.0,nan
7307.0,1.0,nan
7308.0,1.0,nan
7309.0,1.0,nan
7310.0,1.0,nan
7311.0,1.0,nan
7312.0,1.0,nan
7313.0,1.0,nan
7314.0,1.0,nan
7315.0,1.0,nan
7316.0,1.0,nan
7317.0,1.0,nan
7318.0,1.0,nan
7319.0,1.0,nan
7320.0,1.0,nan
7321.0,1.0,nan
7322.0,1.0,nan
7323.0,1.0,nan
7324.0,1.0,nan
7325.0,1.0,nan
7326.0,1.0,nan
7327.0,1.0,nan
7328.0,1.0,nan
7329.0,1.0,nan
7330.0,1.0,nan
7331.0,1.0,nan
7332.0,1.0,nan
7333.0,1.0,nan
7334.0,1.0,nan
7335.0,1.0,nan
7336.0,1.0,nan
7337.0,1.0,nan
7338.0,1.0,nan
7339.0,1.0,nan
7340.0,1.0,nan
7341.0,1.0,nan
7342.0,1.0,nan
7343.0,1.0,nan
7344.0,1.0,nan
7345.0,1.0,nan
7346.0,1.0,nan
7347.0,1.0,nan
7348.0,1.0,nan
7349.0,1.0,nan
7350.0,1.0,nan
7351.0,1.0,nan
7352.0,1.0,nan
7353.0,1.0,nan
7354.0,1.0,nan
7355.0,1.0,nan
7356.0,1.0,nan
7357.0,1.0,nan
7358.0,1.0,nan
7359.0,1.0,nan
7360.0,1.0,nan
7361.0,1.0,nan
7362.0,1.0,nan
7363.0,1.0,nan
7364.0,1.0,nan
7365.0,1.0,nan
7366.0,1.0,nan
7367.0,1.0,nan
7368.0,1.0,nan
7369.0,1.0,nan
7370.0,1.0,nan
7371.0,1.0,nan
7372.0,1.0,nan
7373.0,1.0,nan
7374.0,1.0,nan
7375.0,1.0,nan
7376.0,1.0,nan
7377.0,1.0,nan
7378.0,1.0,nan
7379.0,1.0,nan
7380.0,1.0,nan
7381.0,1.0,nan
7382.0,1.0,nan
7383.0,1.0,nan
7384.0,1.0,nan
7385.0,1.0,nan
7386.0,1.0,nan
7387.0,1.0,nan
7388.0,1.0,nan
7389.0,1.0,nan
7390.0,1.0,nan
7391.0,1.0,nan
7392.0,1.0,nan
7393.0,1.0,nan
7394.0,1.0,nan
7395.0,1.0,nan
7396.0,1.0,nan
7397.0,1.0,nan
7398.0,1.0,nan
7399.0,1.0,nan
7400.0,1.0,nan
7401.0,1.0,nan
7402.0,1.0,nan
7403.0,1.0,nan
7404.0,1.0,nan
7405.0,1.0,nan
7406.0,1.0,nan
7407.0,1.0,nan
7408.0,1.0,nan
7409.0,1.0,nan
7410.0,1.0,nan
7411.0,1.0,nan
7412.0,1.0,nan
7413.0,1.0,nan
7414.0,1.0,nan
7415.0,1.0,nan
7416.0,1.0,nan
7417.0,1.0,nan
7418.0,1.0,nan
7419.0,1.0,nan
7420.0,1.0,nan
7421.0,1.0,nan
7422.0,1.0,nan
7423.0,1.0,nan
7424.0,1.0,nan
7425.0,1.0,nan
7426.0,1.0,nan
7427.0,1.0,nan
7428.0,1.0,nan
7429.0,1.0,nan
7430.0,1.0,nan
7431.0,1.0,nan
7432.0,1.0,nan
7433.0,1.0,nan
7434.0,1.0,nan
7435.0,1.0,nan
7436.0,1.0,nan
7437.0,1.0,nan
7438.0,1.0,nan
7439.0,1.0,nan
7440.0,1.0,nan
7441.0,1.0,nan
7442.0,1.0,nan
7443.0,1.0,nan
7444.0,1.0,nan
7445.0,1.0,nan
7446.0,1.0,nan
7447.0,1.0,nan
7448.0,1.0,nan
7449.0,1.0,nan
7450.0,1.0,nan
7451.0,1.0,nan
7452.0,1.0,nan
7453.0,1.0,nan
7454.0,1.0,nan
7455.0,1.0,nan
7456.0,1.0,nan
7457.0,1.0,nan
7458.0,1.0,nan
7459.0,1.0,nan
7460.0,1.0,nan
7461.0,1.0,nan
7462.0,1.0,nan
7463.0,1.0,nan
7464.0,1.0,nan
7465.0,1.0,nan
7466.0,1.0,nan
7467.0,1.0,nan
7468.0,1.0,nan
7469.0,1.0,nan
7470.0,1.0,nan
7471.0,1.0,nan
7472.0,1.0,nan
7473.0,1.0,nan
7474.0,1.0,nan
7475.0,1.0,nan
7476.0,1.0,nan
7477.0,1.0,nan
7478.0,1.0,nan
7479.0,1.0,nan
7480.0,1.0,nan
7481.0,1.0,nan
7482.0,1.0,nan
7483.0,1.0,nan
7484.0,1.0,nan
7485.0,1.0,nan
7486.0,1.0,nan
7487.0,1.0,nan
7488.0,1.0,nan
7489.0,1.0,nan
7490.0,1.0,nan
7491.0,1.0,nan
7492.0,1.0,nan
7493.0,1.0,nan
7494.0,1.0,nan
7495.0,1.0,nan
7496.0,1.0,nan
7497.0,1.0,nan
7498.0,1.0,nan
7499.0,1.0,nan
7500.0,1.0,nan
7501.0,1.0,nan
7502.0,1.0,nan
7503.0,1.0,nan
7504.0,1.0,nan
7505.0,1.0,nan
7506.0,1.0,nan
7507.0,1.0,nan
7508.0,1.0,nan
7509.0,1.0,nan
7510.0,1.0,nan
7511.0,1.0,nan
7512.0,1.0,nan
7513.0,1.0,nan
7514.0,1.0,nan
7515.0,1.0,nan
7516.0,1.0,nan
7517.0,1.0,nan
7518.0,1.0,nan
7519.0,1.0,nan
7520.0,1.0,nan
7521.0,1.0,nan
7522.0,1.0,nan
7523.0,1.0,nan
7524.0,1.0,nan
7525.0,1.0,nan
7526.0,1.0,nan
7527.0,1.0,nan
7528.0,1.0,nan
7529.0,1.0,nan
7530.0,1.0,nan
7531.0,1.0,nan
7532.0,1.0,nan
7533.0,1.0,nan
7534.0,1.0,nan
7535.0,1.0,nan
7536.0,1.0,nan
7537.0,1.0,nan
7538.0,1.0,nan
7539.0,1.0,nan
7540.0,1.0,nan
7541.0,1.0,nan
7542.0,1.0,nan
7543.0,1.0,nan
7544.0,1.0,nan
7545.0,1.0,nan
7546.0,1.0,nan
7547.0,1.0,nan
7548.0,1.0,nan
7549.0,1.0,nan
7550.0,1.0,nan
7551.0,1.0,nan
7552.0,1.0,nan
7553.0,1.0,nan
7554.0,1.0,nan
7555.0,1.0,nan
7556.0,1.0,nan
7557.0,1.0,nan
7558.0,1.0,nan
7559.0,1.0,nan
7560.0,1.0,nan
7561.0,1.0,nan
7562.0,1.0,nan
7563.0,1.0,nan
7564.0,1.0,nan
7565.0,1.0,nan
7566.0,1.0,nan
7567.0,1.0,nan
7568.0,1.0,nan
7569.0,1.0,nan
7570.0,1.0,nan
7571.0,1.0,nan
7572.0,1.0,nan
7573.0,1.0,nan
7574.0,1.0,nan
7575.0,1.0,nan
7576.0,1.0,nan
7577.0,1.0,nan
7578.0,1.0,nan
7579.0,1.0,nan
7580.0,1.0,nan
7581.0,1.0,nan
7582.0,1.0,nan
7583.0,1.0,nan
7584.0,1.0,nan
7585.0,1.0,nan
7586.0,1.0,nan
7587.0,1.0,nan
7588.0,1.0,nan
7589.0,1.0,nan
7590.0,1.0,nan
7591.0,1.0,nan
7592.0,1.0,nan
7593.0,1.0,nan
7594.0,1.0,nan
7595.0,1.0,nan
7596.0,1.0,nan
7597.0,1.0,nan
7598.0,1.0,nan
7599.0,1.0,nan
7600.0,1.0,nan
7601.0,1.0,nan
7602.0,1.0,nan
7603.0,1.0,nan
7604.0,1.0,nan
7605.0,1.0,nan
7606.0,1.0,nan
7607.0,1.0,nan
7608.0,1.0,nan
7609.0,1.0,nan
7610.0,1.0,nan
7611.0,1.0,nan
7612.0,1.0,nan
7613.0,1.0,nan
7614.0,1.0,nan
7615.0,1.0,nan
7616.0,1.0,nan
7617.0,1.0,nan
7618.0,1.0,nan
7619.0,1.0,nan
7620.0,1.0,nan
7621.0,1.0,nan
7622.0,1.0,nan
7623.0,1.0,nan
7624.0,1.0,nan
7625.0,1.0,nan
7626.0,1.0,nan
7627.0,1.0,nan
7628.0,1.0,nan
7629.0,1.0,nan
7630.0,1.0,nan
7631.0,1.0,nan
7632.0,1.0,nan
7633.0,1.0,nan
7634.0,1.0,nan
7635.0,1.0,nan
7636.0,1.0,nan
7637.0,1.0,nan
7638.0,1.0,nan
7639.0,1.0,nan
7640.0,1.0,nan
7641.0,1.0,nan
7642.0,1.0,nan
7643.0,1.0,nan
7644.0,1.0,nan
7645.0,1.0,nan
7646.0,1.0,nan
7647.0,1.0,nan
7648.0,1.0,nan
7649.0,1.0,nan
7650.0,1.0,nan
7651.0,1.0,nan
7652.0,1.0,nan
7653.0,1.0,nan
7654.0,1.0,nan
7655.0,1.0,nan
7656.0,1.0,nan
7657.0,1.0,nan
7658.0,1.0,nan
7659.0,1.0,nan
7660.0,1.0,nan
7661.0,1.0,nan
7662.0,1.0,nan
7663.0,1.0,nan
7664.0,1.0,nan
7665.0,1.0,nan
7666.0,1.0,nan
7667.0,1.0,nan
7668.0,1.0,nan
7669.0,1.0,nan
7670.0,1.0,nan
7671.0,1.0,nan
7672.0,1.0,nan
7673.0,1.0,nan
7674.0,1.0,nan
7675.0,1.0,nan
7676.0,1.0,nan
7677.0,1.0,nan
7678.0,1.0,nan
7679.0,1.0,nan
7680.0,1.0,nan
7681.0,1.0,nan
7682.0,1.0,nan
7683.0,1.0,nan
7684.0,1.0,nan
7685.0,1.0,nan
7686.0,1.0,nan
7687.0,1.0,nan
7688.0,1.0,nan
7689.0,1.0,nan
7690.0,1.0,nan
7691.0,1.0,nan
7692.0,1.0,nan
7693.0,1.0,nan
7694.0,1.0,nan
7695.0,1.0,nan
7696.0,1.0,nan
7697.0,1.0,nan
7698.0,1.0,nan
7699.0,1.0,nan
7700.0,1.0,nan
7701.0,1.0,nan
7702.0,1.0,nan
7703.0,1.0,nan
7704.0,1.0,nan
7705.0,1.0,nan
7706.0,1.0,nan
7707.0,1.0,nan
7708.0,1.0,nan
7709.0,1.0,nan
7710.0,1.0,nan
7711.0,1.0,nan
7712.0,1.0,nan
7713.0,1.0,nan
7714.0,1.0,nan
7715.0,1.0,nan
7716.0,1.0,nan
7717.0,1.0,nan
7718.0,1.0,nan
7719.0,1.0,nan
7720.0,1.0,nan
7721.0,1.0,nan
7722.0,1.0,nan
7723.0,1.0,nan
7724.0,1.0,nan
7725.0,1.0,nan
7726.0,1.0,nan
7727.0,1.0,nan
7728.0,1.0,nan
7729.0,1.0,nan
7730.0,1.0,nan
7731.0,1.0,nan
7732.0,1.0,nan
7733.0,1.0,nan
7734.0,1.0,nan
7735.0,1.0,nan
7736.0,1.0,nan
7737.0,1.0,nan
7738.0,1.0,nan
7739.0,1.0,nan
7740.0,1.0,nan
7741.0,1.0,nan
7742.0,1.0,nan
7743.0,1.0,nan
7744.0,1.0,nan
7745.0,1.0,nan
7746.0,1.0,nan
7747.0,1.0,nan
7748.0,1.0,nan
7749.0,1.0,nan
7750.0,1.0,nan
7751.0,1.0,nan
7752.0,1.0,nan
7753.0,1.0,nan
7754.0,1.0,nan
7755.0,1.0,nan
7756.0,1.0,nan
7757.0,1.0,nan
7758.0,1.0,nan
7759.0,1.0,nan
7760.0,1.0,nan
7761.0,1.0,nan
7762.0,1.0,nan
7763.0,1.0,nan
7764.0,1.0,nan
7765.0,1.0,nan
7766.0,1.0,nan
7767.0,1.0,nan
7768.0,1.0,nan
7769.0,1.0,nan
7770.0,1.0,nan
7771.0,1.0,nan
7772.0,1.0,nan
7773.0,1.0,nan
7774.0,1.0,nan
7775.0,1.0,nan
7776.0,1.0,nan
7777.0,1.0,nan
7778.0,1.0,nan
7779.0,1.0,nan
7780.0,1.0,nan
7781.0,1.0,nan
7782.0,1.0,nan
7783.0,1.0,nan
7784.0,1.0,nan
7785.0,1.0,nan
7786.0,1.0,nan
7787.0,1.0,nan
7788.0,1.0,nan
7789.0,1.0,nan
7790.0,1.0,nan
7791.0,1.0,nan
7792.0,1.0,nan
7793.0,1.0,nan
7794.0,1.0,nan
7795.0,1.0,nan
7796.0,1.0,nan
7797.0,1.0,nan
7798.0,1.0,nan
7799.0,1.0,nan
7800.0,1.0,nan
7801.0,1.0,nan
7802.0,1.0,nan
7803.0,1.0,nan
7804.0,1.0,nan
7805.0,1.0,nan
7806.0,1.0,nan
7807.0,1.0,nan
7808.0,1.0,nan
7809.0,1.0,nan
7810.0,1.0,nan
7811.0,1.0,nan
7812.0,1.0,nan
7813.0,1.0,nan
7814.0,1.0,nan
7815.0,1.0,nan
7816.0,1.0,nan
7817.0,1.0,nan
7818.0,1.0,nan
7819.0,1.0,nan
7820.0,1.0,nan
7821.0,1.0,nan
7822.0,1.0,nan
7823.0,1.0,nan
7824.0,1.0,nan
7825.0,1.0,nan
7826.0,1.0,nan
7827.0,1.0,nan
7828.0,1.0,nan
7829.0,1.0,nan
7830.0,1.0,nan
7831.0,1.0,nan
7832.0,1.0,nan
7833.0,1.0,nan
7834.0,1.0,nan
7835.0,1.0,nan
7836.0,1.0,nan
7837.0,1.0,nan
7838.0,1.0,nan
7839.0,1.0,nan
7840.0,1.0,nan
7841.0,1.0,nan
7842.0,1.0,nan
7843.0,1.0,nan
7844.0,1.0,nan
7845.0,1.0,nan
7846.0,1.0,nan
7847.0,1.0,nan
7848.0,1.0,nan
7849.0,1.0,nan
7850.0,1.0,nan
7851.0,1.0,nan
7852.0,1.0,nan
7853.0,1.0,nan
7854.0,1.0,nan
7855.0,1.0,nan
7856.0,1.0,nan
7857.0,1.0,nan
7858.0,1.0,nan
7859.0,1.0,nan
7860.0,1.0,nan
7861.0,1.0,nan
7862.0,1.0,nan
7863.0,1.0,nan
7864.0,1.0,nan
7865.0,1.0,nan
7866.0,1.0,nan
7867.0,1.0,nan
7868.0,1.0,nan
7869.0,1.0,nan
7870.0,1.0,nan
7871.0,1.0,nan
7872.0,1.0,nan
7873.0,1.0,nan
7874.0,1.0,nan
7875.0,1.0,nan
7876.0,1.0,nan
7877.0,1.0,nan
7878.0,1.0,nan
7879.0,1.0,nan
7880.0,1.0,nan
7881.0,1.0,nan
7882.0,1.0,nan
7883.0,1.0,nan
7884.0,1.0,nan
7885.0,1.0,nan
7886.0,1.0,nan
7887.0,1.0,nan
7888.0,1.0,nan
7889.0,1.0,nan
7890.0,1.0,nan
7891.0,1.0,nan
7892.0,1.0,nan
7893.0,1.0,nan
7894.0,1.0,nan
7895.0,1.0,nan
7896.0,1.0,nan
7897.0,1.0,nan
7898.0,1.0,nan
7899.0,1.0,nan
7900.0,1.0,nan
7901.0,1.0,nan
7902.0,1.0,nan
7903.0,1.0,nan
7904.0,1.0,nan
7905.0,1.0,nan
7906.0,1.0,nan
7907.0,1.0,nan
7908.0,1.0,nan
7909.0,1.0,nan
7910.0,1.0,nan
7911.0,1.0,nan
7912.0,1.0,nan
7913.0,1.0,nan
7914.0,1.0,nan
7915.0,1.0,nan
7916.0,1.0,nan
7917.0,1.0,nan
7918.0,1.0,nan
7919.0,1.0,nan
7920.0,1.0,nan
7921.0,1.0,nan
7922.0,1.0,nan
7923.0,1.0,nan
7924.0,1.0,nan
7925.0,1.0,nan
7926.0,1.0,nan
7927.0,1.0,nan
7928.0,1.0,nan
7929.0,1.0,nan
7930.0,1.0,nan
7931.0,1.0,nan
7932.0,1.0,nan
7933.0,1.0,nan
7934.0,1.0,nan
7935.0,1.0,nan
7936.0,1.0,nan
7937.0,1.0,nan
7938.0,1.0,nan
7939.0,1.0,nan
7940.0,1.0,nan
7941.0,1.0,nan
7942.0,1.0,nan
7943.0,1.0,nan
7944.0,1.0,nan
7945.0,1.0,nan
7946.0,1.0,nan
7947.0,1.0,nan
7948.0,1.0,nan
7949.0,1.0,nan
7950.0,1.0,nan
7951.0,1.0,nan
7952.0,1.0,nan
7953.0,1.0,nan
7954.0,1.0,nan
7955.0,1.0,nan
7956.0,1.0,nan
7957.0,1.0,nan
7958.0,1.0,nan
7959.0,1.0,nan
7960.0,1.0,nan
7961.0,1.0,nan
7962.0,1.0,nan
7963.0,1.0,nan
7964.0,1.0,nan
7965.0,1.0,nan
7966.0,1.0,nan
7967.0,1.0,nan
7968.0,1.0,nan
7969.0,1.0,nan
7970.0,1.0,nan
7971.0,1.0,nan
7972.0,1.0,nan
7973.0,1.0,nan
7974.0,1.0,nan
7975.0,1.0,nan
7976.0,1.0,nan
7977.0,1.0,nan
7978.0,1.0,nan
7979.0,1.0,nan
7980.0,1.0,nan
7981.0,1.0,nan
7982.0,1.0,nan
7983.0,1.0,nan
7984.0,1.0,nan
7985.0,1.0,nan
7986.0,1.0,nan
7987.0,1.0,nan
7988.0,1.0,nan
7989.0,1.0,nan
7990.0,1.0,nan
7991.0,1.0,nan
7992.0,1.0,nan
7993.0,1.0,nan
7994.0,1.0,nan
7995.0,1.0,nan
7996.0,1.0,nan
7997.0,1.0,nan
7998.0,1.0,nan
7999.0,1.0,nan
8000.0,1.0,nan
8001.0,1.0,nan
8002.0,1.0,nan
8003.0,1.0,nan
8004.0,1.0,nan
8005.0,1.0,nan
8006.0,1.0,nan
8007.0,1.0,nan
8008.0,1.0,nan
8009.0,1.0,nan
8010.0,1.0,nan
8011.0,1.0,nan
8012.0,1.0,nan
8013.0,1.0,nan
8014.0,1.0,nan
8015.0,1.0,nan
8016.0,1.0,nan
8017.0,1.0,nan
8018.0,1.0,nan
8019.0,1.0,nan
8020.0,1.0,nan
8021.0,1.0,nan
8022.0,1.0,nan
8023.0,1.0,nan
8024.0,1.0,nan
8025.0,1.0,nan
8026.0,1.0,nan
8027.0,1.0,nan
8028.0,1.0,nan
8029.0,1.0,nan
8030.0,1.0,nan
8031.0,1.0,nan
8032.0,1.0,nan
8033.0,1.0,nan
8034.0,1.0,nan
8035.0,1.0,nan
8036.0,1.0,nan
8037.0,1.0,nan
8038.0,1.0,nan
8039.0,1.0,nan
8040.0,1.0,nan
8041.0,1.0,nan
8042.0,1.0,nan
8043.0,1.0,nan
8044.0,1.0,nan
8045.0,1.0,nan
8046.0,1.0,nan
8047.0,1.0,nan
8048.0,1.0,nan
8049.0,1.0,nan
8050.0,1.0,nan
8051.0,1.0,nan
8052.0,1.0,nan
8053.0,1.0,nan
8054.0,1.0,nan
8055.0,1.0,nan
8056.0,1.0,nan
8057.0,1.0,nan
8058.0,1.0,nan
8059.0,1.0,nan
8060.0,1.0,nan
8061.0,1.0,nan
8062.0,1.0,nan
8063.0,1.0,nan
8064.0,1.0,nan
8065.0,1.0,nan
8066.0,1.0,nan
8067.0,1.0,nan
8068.0,1.0,nan
8069.0,1.0,nan
8070.0,1.0,nan
8071.0,1.0,nan
8072.0,1.0,nan
8073.0,1.0,nan
8074.0,1.0,nan
8075.0,1.0,nan
8076.0,1.0,nan
8077.0,1.0,nan
8078.0,1.0,nan
8079.0,1.0,nan
8080.0,1.0,nan
8081.0,1.0,nan
8082.0,1.0,nan
8083.0,1.0,nan
8084.0,1.0,nan
8085.0,0.9999999999999999,nan
8086.0,0.9999999999999999,nan
8087.0,0.9999999999999999,nan
8088.0,0.9999999999999999,nan
8089.0,0.9999999999999999,nan
8090.0,0.9999999999999999,nan
8091.0,0.9999999999999999,nan
8092.0,0.9999999999999999,nan
8093.0,0.9999999999999999,nan
8094.0,0.9999999999999999,nan
8095.0,0.9999999999999999,nan
8096.0,0.9999999999999999,nan
8097.0,0.9999999999999998,nan
8098.0,0.9999999999999998,nan
8099.0,0.9999999999999998,nan
8100.0,0.9999999999999998,nan
8101.0,0.9999999999999998,nan
8102.0,0.9999999999999998,nan
8103.0,0.9999999999999997,nan
8104.0,0.9999999999999997,nan
8105.0,0.9999999999999997,nan
8106.0,0.9999999999999997,nan
8107.0,0.9999999999999996,nan
8108.0,0.9999999999999996,nan
8109.0,0.9999999999999996,nan
8110.0,0.9999999999999994,nan
8111.0,0.9999999999999994,nan
8112.0,0.9999999999999993,nan
8113.0,0.9999999999999993,nan
8114.0,0.9999999999999992,nan
8115.0,0.9999999999999992,nan
8116.0,0.9999999999999991,nan
8117.0,0.999999999999999,nan
8118.0,0.9999999999999989,nan
8119.0,0.9999999999999989,nan
8120.0,0.9999999999999988,nan
8121.0,0.9999999999999987,nan
8122.0,0.9999999999999984,nan
8123.0,0.9999999999999983,nan
8124.0,0.9999999999999982,nan
8125.0,0.999999999999998,nan
8126.0,0.9999999999999979,nan
8127.0,0.9999999999999977,nan
8128.0,0.9999999999999974,nan
8129.0,0.9999999999999972,nan
8130.0,0.999999999999997,nan
8131.0,0.9999999999999968,nan
8132.0,0.9999999999999964,nan
8133.0,0.9999999999999961,nan
8134.0,0.9999999999999958,nan
8135.0,0.9999999999999954,nan
8136.0,0.999999999999995,nan
8137.0,0.9999999999999946,nan
8138.0,0.9999999999999941,nan
8139.0,0.9999999999999936,nan
8140.0,0.999999999999993,nan
8141.0,0.9999999999999925,nan
8142.0,0.9999999999999918,nan
8143.0,0.999999999999991,nan
8144.0,0.9999999999999902,nan
8145.0,0.9999999999999895,nan
8146.0,0.9999999999999885,nan
8147.0,0.9999999999999875,nan
8148.0,0.9999999999999863,nan
8149.0,0.9999999999999852,nan
8150.0,0.9999999999999839,nan
8151.0,0.9999999999999826,nan
8152.0,0.999999999999981,nan
8153.0,0.9999999999999793,nan
8154.0,0.9999999999999776,nan
8155.0,0.9999999999999757,nan
8156.0,0.9999999999999736,nan
8157.0,0.9999999999999714,nan
8158.0,0.9999999999999688,nan
8159.0,0.9999999999999661,nan
8160.0,0.9999999999999633,nan
8161.0,0.9999999999999601,nan
8162.0,0.9999999999999568,nan
8163.0,0.999999999999953,nan
8164.0,0.999999999999949,nan
8165.0,0.9999999999999447,nan
8166.0,0.99999999999994,nan
8167.0,0.999999999999935,nan
8168.0,0.9999999999999295,nan
8169.0,0.9999999999999236,nan
8170.0,0.9999999999999171,nan
8171.0,0.9999999999999102,nan
8172.0,0.9999999999999026,nan
8173.0,0.9999999999998944,nan
8174.0,0.9999999999998855,nan
8175.0,0.999999999999876,nan
8176.0,0.9999999999998657,nan
8177.0,0.9999999999998544,nan
8178.0,0.9999999999998422,nan
8179.0,0.9999999999998291,nan
8180.0,0.9999999999998149,nan
8181.0,0.9999999999997996,nan
8182.0,0.999999999999783,nan
8183.0,0.999999999999765,nan
8184.0,0.9999999999997455,nan
8185.0,0.9999999999997246,nan
8186.0,0.9999999999997019,nan
8187.0,0.9999999999996774,nan
8188.0,0.9999999999996508,nan
8189.0,0.9999999999996223,nan
8190.0,0.9999999999995913,nan
8191.0,0.9999999999995579,nan
8192.0,0.9999999999995218,nan
8193.0,0.9999999999994827,nan
8194.0,0.9999999999994407,nan
8195.0,0.9999999999993952,nan
8196.0,0.9999999999993461,nan
8197.0,0.999999999999293,nan
8198.0,0.9999999999992358,nan
8199.0,0.9999999999991741,nan
8200.0,0.9999999999991074,nan
8201.0,0.9999999999990354,nan
8202.0,0.9999999999989578,nan
8203.0,0.9999999999988741,nan
8204.0,0.9999999999987838,nan
8205.0,0.9999999999986864,nan
8206.0,0.9999999999985812,nan
8207.0,0.999999999998468,nan
8208.0,0.9999999999983458,nan
8209.0,0.9999999999982141,nan
8210.0,0.9999999999980721,nan
8211.0,0.999999999997919,nan
8212.0,0.999999999997754,nan
8213.0,0.9999999999975763,nan
8214.0,0.9999999999973846,nan
8215.0,0.9999999999971783,nan
8216.0,0.999999999996956,nan
8217.0,0.9999999999967165,nan
8218.0,0.9999999999964585,nan
8219.0,0.9999999999961807,nan
8220.0,0.9999999999958816,nan
8221.0,0.9999999999955596,nan
8222.0,0.9999999999952129,nan
8223.0,0.9999999999948397,nan
8224.0,0.999999999994438,nan
8225.0,0.9999999999940058,nan
8226.0,0.9999999999935406,nan
8227.0,0.9999999999930401,nan
8228.0,0.9999999999925017,nan
8229.0,0.9999999999919225,nan
8230.0,0.9999999999912995,nan
8231.0,0.9999999999906296,nan
8232.0,0.9999999999899091,nan
8233.0,0.9999999999891345,nan
8234.0,0.9999999999883017,nan
8235.0,0.9999999999874064,nan
8236.0,0.9999999999864442,nan
8237.0,0.9999999999854101,nan
8238.0,0.9999999999842988,nan
8239.0,0.9999999999831047,nan
8240.0,0.9999999999818219,nan
8241.0,0.9999999999804438,nan
8242.0,0.9999999999789635,nan
8243.0,0.9999999999773738,nan
8244.0,0.9999999999756665,nan
8245.0,0.9999999999738334,nan
8246.0,0.9999999999718652,nan
8247.0,0.9999999999697524,nan
8248.0,0.9999999999674846,nan
8249.0,0.9999999999650505,nan
8250.0,0.9999999999624384,nan
8251.0,0.9999999999596356,nan
8252.0,0.9999999999566284,nan
8253.0,0.9999999999534024,nan
8254.0,0.9999999999499419,nan
8255.0,0.9999999999462305,nan
8256.0,0.9999999999422502,nan
8257.0,0.9999999999379822,nan
8258.0,0.999999999933406,nan
8259.0,0.9999999999285003,nan
8260.0,0.9999999999232415,nan
8261.0,0.9999999999176052,nan
8262.0,0.9999999999115649,nan
8263.0,0.999999999905092,nan
8264.0,0.9999999998981569,nan
8265.0,0.9999999998907271,nan
8266.0,0.9999999998827681,nan
8267.0,0.9999999998742435,nan
8268.0,0.9999999998651139,nan
8269.0,0.9999999998553376,nan
8270.0,0.9999999998448699,nan
8271.0,0.9999999998336632,nan
8272.0,0.9999999998216665,nan
8273.0,0.999999999808826,nan
8274.0,0.9999999997950836,nan
8275.0,0.9999999997803776,nan
8276.0,0.9999999997646423,nan
8277.0,0.9999999997478075,nan
8278.0,0.9999999997297986,nan
8279.0,0.9999999997105358,nan
8280.0,0.999999999689934,nan
8281.0,0.9999999996679028,nan
8282.0,0.9999999996443455,nan
8283.0,0.9999999996191594,nan
8284.0,0.999999999592235,nan
8285.0,0.9999999995634554,nan
8286.0,0.9999999995326964,nan
8287.0,0.9999999994998255,nan
8288.0,0.9999999994647017,nan
8289.0,0.999999999427175,nan
8290.0,0.9999999993870854,nan
8291.0,0.9999999993442626,nan
8292.0,0.9999999992985258,nan
8293.0,0.999999999249682,nan
8294.0,0.9999999991975261,nan
8295.0,0.9999999991418398,nan
8296.0,0.999999999082391,nan
8297.0,0.9999999990189326,nan
8298.0,0.9999999989512018,nan
8299.0,0.9999999988789193,nan
8300.0,0.9999999988017879,nan
8301.0,0.9999999987194917,nan
8302.0,0.9999999986316949,nan
8303.0,0.9999999985380402,nan
8304.0,0.9999999984381484,nan
8305.0,0.9999999983316161,nan
8306.0,0.9999999982180149,nan
8307.0,0.9999999980968892,nan
8308.0,0.9999999979677557,nan
8309.0,0.9999999978301004,nan
8310.0,0.9999999976833776,nan
8311.0,0.9999999975270077,nan
8312.0,0.9999999973603757,nan
8313.0,0.999999997182828,nan
8314.0,0.9999999969936711,nan
8315.0,0.9999999967921689,nan
8316.0,0.99999999657754,nan
8317.0,0.9999999963489554,nan
8318.0,0.9999999961055352,nan
8319.0,0.9999999958463461,nan
8320.0,0.9999999955703981,nan
8321.0,0.9999999952766407,nan
8322.0,0.9999999949639604,nan
8323.0,0.999999994631176,nan
8324.0,0.9999999942770351,nan
8325.0,0.9999999939002101,nan
8326.0,0.9999999934992937,nan
8327.0,0.9999999930727942,nan
8328.0,0.9999999926191305,nan
8329.0,0.9999999921366278,nan
8330.0,0.9999999916235112,nan
8331.0,0.9999999910779002,nan
8332.0,0.9999999904978032,nan
8333.0,0.9999999898811107,nan
8334.0,0.9999999892255889,nan
8335.0,0.9999999885288721,nan
8336.0,0.9999999877884559,nan
8337.0,0.9999999870016891,nan
8338.0,0.9999999861657654,nan
8339.0,0.9999999852777147,nan
8340.0,0.999999984334394,nan
8341.0,0.9999999833324774,nan
8342.0,0.9999999822684467,nan
8343.0,0.9999999811385798,nan
8344.0,0.99999997993894,nan
8345.0,0.9999999786653636,nan
8346.0,0.9999999773134483,nan
8347.0,0.9999999758785387,nan
8348.0,0.9999999743557137,nan
8349.0,0.9999999727397711,nan
8350.0,0.9999999710252127,nan
8351.0,0.9999999692062275,nan
8352.0,0.9999999672766758,nan
8353.0,0.9999999652300705,nan
8354.0,0.9999999630595582,nan
8355.0,0.9999999607579001,nan
8356.0,0.9999999583174509,nan
8357.0,0.9999999557301367,nan
8358.0,0.9999999529874324,nan
8359.0,0.9999999500803376,nan
8360.0,0.9999999469993511,nan
8361.0,0.9999999437344443,nan
8362.0,0.9999999402750333,nan
8363.0,0.9999999366099492,nan
8364.0,0.9999999327274081,nan
8365.0,0.9999999286149773,nan
8366.0,0.9999999242595431,nan
8367.0,0.9999999196472734,nan
8368.0,0.9999999147635812,nan
8369.0,0.999999909593085,nan
8370.0,0.9999999041195677,nan
8371.0,0.999999898325933,nan
8372.0,0.9999998921941602,nan
8373.0,0.9999998857052567,nan
8374.0,0.9999998788392076,nan
8375.0,0.9999998715749239,nan
8376.0,0.9999998638901869,nan
8377.0,0.9999998557615914,nan
8378.0,0.999999847164485,nan
8379.0,0.9999998380729044,nan
8380.0,0.99999982845951,nan
8381.0,0.9999998182955159,nan
8382.0,0.9999998075506173,nan
8383.0,0.9999997961929146,nan
8384.0,0.9999997841888332,nan
8385.0,0.9999997715030403,nan
8386.0,0.9999997580983573,nan
8387.0,0.9999997439356684,nan
8388.0,0.9999997289738246,nan
8389.0,0.9999997131695437,nan
8390.0,0.999999696477305,nan
8391.0,0.99999967884924,nan
8392.0,0.9999996602350174,nan
8393.0,0.9999996405817226,nan
8394.0,0.9999996198337331,nan
8395.0,0.9999995979325861,nan
8396.0,0.9999995748168419,nan
8397.0,0.9999995504219403,nan
8398.0,0.9999995246800505,nan
8399.0,0.9999994975199142,nan
8400.0,0.9999994688666827,nan
8401.0,0.9999994386417445,nan
8402.0,0.9999994067625475,nan
8403.0,0.9999993731424126,nan
8404.0,0.9999993376903379,nan
8405.0,0.9999993003107958,nan
8406.0,0.9999992609035204,nan
8407.0,0.9999992193632863,nan
8408.0,0.9999991755796762,nan
8409.0,0.9999991294368402,nan
8410.0,0.9999990808132438,nan
8411.0,0.9999990295814047,nan
8412.0,0.999998975607619,nan
8413.0,0.9999989187516752,nan
8414.0,0.9999988588665566,nan
8415.0,0.9999987957981294,nan
8416.0,0.9999987293848202,nan
8417.0,0.9999986594572772,nan
8418.0,0.999998585838019,nan
8419.0,0.9999985083410678,nan
8420.0,0.9999984267715677,nan
8421.0,0.9999983409253863,nan
8422.0,0.9999982505887011,nan
8423.0,0.9999981555375677,nan
8424.0,0.9999980555374707,nan
8425.0,0.9999979503428559,nan
8426.0,0.9999978396966441,nan
8427.0,0.9999977233297244,nan
8428.0,0.9999976009604264,nan
8429.0,0.9999974722939735,nan
8430.0,0.9999973370219108,nan
8431.0,0.9999971948215136,nan
8432.0,0.999997045355169,nan
8433.0,0.9999968882697358,nan
8434.0,0.9999967231958768,nan
8435.0,0.9999965497473668,nan
8436.0,0.9999963675203717,nan
8437.0,0.9999961760926999,nan
8438.0,0.9999959750230258,nan
8439.0,0.9999957638500815,nan
8440.0,0.9999955420918181,nan
8441.0,0.9999953092445347,nan
8442.0,0.9999950647819744,nan
8443.0,0.9999948081543848,nan
8444.0,0.9999945387875443,nan
8445.0,0.9999942560817502,nan
8446.0,0.99999395941077,nan
8447.0,0.9999936481207521,nan
8448.0,0.9999933215290975,nan
8449.0,0.999992978923288,nan
8450.0,0.999992619559672,nan
8451.0,0.9999922426622055,nan
8452.0,0.9999918474211472,nan
8453.0,0.9999914329917056,nan
8454.0,0.9999909984926366,nan
8455.0,0.9999905430047925,nan
8456.0,0.9999900655696158,nan
8457.0,0.9999895651875818,nan
8458.0,0.9999890408165842,nan
8459.0,0.9999884913702644,nan
8460.0,0.9999879157162805,nan
8461.0,0.9999873126745179,nan
8462.0,0.9999866810152347,nan
8463.0,0.9999860194571448,nan
8464.0,0.9999853266654336,nan
8465.0,0.9999846012497058,nan
8466.0,0.9999838417618631,nan
8467.0,0.9999830466939089,nan
8468.0,0.99998221447568,nan
8469.0,0.9999813434725005,nan
8470.0,0.9999804319827575,nan
8471.0,0.9999794782353967,nan
8472.0,0.9999784803873335,nan
8473.0,0.9999774365207802,nan
8474.0,0.9999763446404846,nan
8475.0,0.9999752026708785,nan
8476.0,0.999974008453134,nan
8477.0,0.9999727597421252,nan
8478.0,0.9999714542032911,nan
8479.0,0.9999700894094001,nan
8480.0,0.9999686628372103,nan
8481.0,0.9999671718640257,nan
8482.0,0.9999656137641441,nan
8483.0,0.9999639857051934,nan
8484.0,0.9999622847443563,nan
8485.0,0.9999605078244771,nan
8486.0,0.9999586517700494,nan
8487.0,0.9999567132830833,nan
8488.0,0.9999546889388464,nan
8489.0,0.9999525751814768,nan
8490.0,0.9999503683194663,nan
8491.0,0.9999480645210084,nan
8492.0,0.9999456598092102,nan
8493.0,0.9999431500571644,nan
8494.0,0.9999405309828767,nan
8495.0,0.9999377981440487,nan
8496.0,0.9999349469327093,nan
8497.0,0.9999319725696951,nan
8498.0,0.9999288700989736,nan
8499.0,0.9999256343818069,nan
8500.0,0.9999222600907541,nan
8501.0,0.9999187417035066,nan
8502.0,0.9999150734965542,nan
8503.0,0.9999112495386794,nan
8504.0,0.9999072636842752,nan
8505.0,0.9999031095664832,nan
8506.0,0.9998987805901502,nan
8507.0,0.9998942699245977,nan
8508.0,0.9998895704962021,nan
8509.0,0.9998846749807824,nan
8510.0,0.9998795757957917,nan
8511.0,0.9998742650923091,nan
8512.0,0.9998687347468287,nan
8513.0,0.9998629763528418,nan
8514.0,0.9998569812122107,nan
8515.0,0.9998507403263288,nan
8516.0,0.9998442443870651,nan
8517.0,0.9998374837674888,nan
8518.0,0.999830448512372,nan
8519.0,0.9998231283284665,nan
8520.0,0.999815512574552,nan
8521.0,0.999807590251252,nan
8522.0,0.9997993499906156,nan
8523.0,0.9997907800454613,nan
8524.0,0.9997818682784801,nan
8525.0,0.9997726021510956,nan
8526.0,0.9997629687120777,nan
8527.0,0.9997529545859076,nan
8528.0,0.9997425459608924,nan
8529.0,0.9997317285770254,nan
8530.0,0.9997204877135906,nan
8531.0,0.999708808176509,nan
8532.0,0.9996966742854256,nan
8533.0,0.9996840698605338,nan
8534.0,0.999670978209135,nan
8535.0,0.9996573821119344,nan
8536.0,0.9996432638090688,nan
8537.0,0.9996286049858659,nan
8538.0,0.9996133867583348,nan
8539.0,0.9995975896583852,nan
8540.0,0.9995811936187757,nan
8541.0,0.999564177957791,nan
8542.0,0.9995465213636446,nan
8543.0,0.9995282018786119,nan
8544.0,0.9995091968828886,nan
8545.0,0.9994894830781785,nan
8546.0,0.9994690364710086,nan
8547.0,0.9994478323557745,nan
8548.0,0.9994258452975155,nan
8549.0,0.9994030491144221,nan
8550.0,0.9993794168600751,nan
8551.0,0.9993549208054224,nan
8552.0,0.9993295324204916,nan
8553.0,0.9993032223558432,nan
8554.0,0.9992759604237673,nan
8555.0,0.9992477155792256,nan
8556.0,0.999218455900545,nan
8557.0,0.999188148569863,nan
8558.0,0.9991567598533336,nan
8559.0,0.9991242550810948,nan
8560.0,0.9990905986270057,nan
8561.0,0.9990557538881562,nan
8562.0,0.9990196832641578,nan
8563.0,0.998982348136221,nan
8564.0,0.9989437088460257,nan
8565.0,0.9989037246743923,nan
8566.0,0.998862353819763,nan
8567.0,0.9988195533764991,nan
8568.0,0.9987752793130055,nan
8569.0,0.9987294864496905,nan
8570.0,0.998682128436772,nan
8571.0,0.9986331577319386,nan
8572.0,0.9985825255778811,nan
8573.0,0.9985301819796996,nan
8574.0,0.9984760756822052,nan
8575.0,0.9984201541471246,nan
8576.0,0.9983623635302232,nan
8577.0,0.99830264865836,nan
8578.0,0.99824095300649,nan
8579.0,0.9981772186746283,nan
8580.0,0.9981113863647934,nan
8581.0,0.9980433953579455,nan
8582.0,0.997973183490938,nan
8583.0,0.9979006871334988,nan
8584.0,0.9978258411652627,nan
8585.0,0.9977485789528734,nan
8586.0,0.9976688323271736,nan
8587.0,0.997586531560508,nan
8588.0,0.9975016053441574,nan
8589.0,0.9974139807659295,nan
8590.0,0.9973235832879264,nan
8591.0,0.9972303367245164,nan
8592.0,0.9971341632205327,nan
8593.0,0.9970349832297248,nan
8594.0,0.9969327154934903,nan
8595.0,0.9968272770199124,nan
8596.0,0.9967185830631335,nan
8597.0,0.9966065471030915,nan
8598.0,0.996491080825649,nan
8599.0,0.9963720941031468,nan
8600.0,0.9962494949754116,nan
8601.0,0.9961231896312507,nan
8602.0,0.9959930823904656,nan
8603.0,0.9958590756864191,nan
8604.0,0.9957210700491892,nan
8605.0,0.9955789640893459,nan
8606.0,0.9954326544823854,nan
8607.0,0.9952820359538601,nan
8608.0,0.9951270012652399,nan
8609.0,0.994967441200544,nan
8610.0,0.9948032445537823,nan
8611.0,0.9946342981172448,nan
8612.0,0.9944604866706794,nan
8613.0,0.9942816929714006,nan
8614.0,0.994097797745368,nan
8615.0,0.9939086796792792,nan
8616.0,0.9937142154137181,nan
8617.0,0.9935142795374022,nan
8618.0,0.9933087445825751,nan
8619.0,0.9930974810215837,nan
8620.0,0.9928803572646905,nan
8621.0,0.9926572396591627,nan
8622.0,0.9924279924896852,nan
8623.0,0.9921924779801428,nan
8624.0,0.99195055629682,nan
8625.0,0.9917020855530627,nan
8626.0,0.9914469218154507,nan
8627.0,0.991184919111527,nan
8628.0,0.9909159294391329,nan
8629.0,0.9906398027773947,nan
8630.0,0.9903563870994101,nan
8631.0,0.9900655283866829,nan
8632.0,0.9897670706453521,nan
8633.0,0.9894608559242635,nan
8634.0,0.989146724334931,nan
8635.0,0.9888245140734346,nan
8636.0,0.9884940614443011,nan
8637.0,0.9881552008864141,nan
8638.0,0.9878077650010002,nan
8639.0,0.9874515845817347,nan
8640.0,0.987086488647012,nan
8641.0,0.9867123044744261,nan
8642.0,0.9863288576375021,nan
8643.0,0.9859359720447219,nan
8644.0,0.9855334699808865,nan
8645.0,0.9851211721508527,nan
8646.0,0.984698897725686,nan
8647.0,0.9842664643912655,nan
8648.0,0.9838236883993782,nan
8649.0,0.9833703846213377,nan
8650.0,0.9829063666041615,nan
8651.0,0.982431446629337,nan
8652.0,0.9819454357742095,nan
8653.0,0.9814481439760167,nan
8654.0,0.9809393800985999,nan
8655.0,0.9804189520018143,nan
8656.0,0.97988666661366,nan
8657.0,0.9793423300051559,nan
8658.0,0.9787857474679721,nan
8659.0,0.9782167235948372,nan
8660.0,0.9776350623627322,nan
8661.0,0.9770405672188811,nan
8662.0,0.9764330411695458,nan
8663.0,0.9758122868716284,nan
8664.0,0.975178106727082,nan
8665.0,0.9745303029801304,nan
8666.0,0.973868677817286,nan
8667.0,0.9731930334701638,nan
8668.0,0.9725031723210743,nan
8669.0,0.9717988970113813,nan
8670.0,0.9710800105526068,nan
8671.0,0.9703463164402572,nan
8672.0,0.9695976187703448,nan
8673.0,0.9688337223585753,nan
8674.0,0.9680544328621643,nan
8675.0,0.9672595569042436,nan
8676.0,0.9664489022008164,nan
8677.0,0.9656222776902115,nan
8678.0,0.9647794936649852,nan
8679.0,0.9639203619062157,nan
8680.0,0.9630446958201273,nan
8681.0,0.9621523105769815,nan
8682.0,0.9612430232521623,nan
8683.0,0.9603166529693836,nan
8684.0,0.9593730210459389,nan
8685.0,0.958411951139908,nan
8686.0,0.9574332693992343,nan
8687.0,0.9564368046125782,nan
8688.0,0.9554223883618482,nan
8689.0,0.954389855176309,nan
8690.0,0.9533390426881557,nan
8691.0,0.9522697917894456,nan
8692.0,0.9511819467902684,nan
8693.0,0.9500753555780341,nan
8694.0,0.9489498697777539,nan
8695.0,0.947805344913179,nan
8696.0,0.9466416405686698,nan
8697.0,0.9454586205516489,nan
8698.0,0.9442561530554981,nan
8699.0,0.943034110822752,nan
8700.0,0.9417923713084329,nan
8701.0,0.9405308168433756,nan
8702.0,0.9392493347973797,nan
8703.0,0.9379478177420261,nan
8704.0,0.9366261636129924,nan
8705.0,0.9352842758716964,nan
8706.0,0.9339220636660938,nan
8707.0,0.9325394419904557,nan
8708.0,0.9311363318439445,nan
8709.0,0.9297126603878088,nan
8710.0,0.9282683611010124,nan
8711.0,0.9268033739341126,nan
8712.0,0.9253176454611977,nan
8713.0,0.9238111290296976,nan
8714.0,0.922283784907875,nan
8715.0,0.9207355804298049,nan
8716.0,0.9191664901376521,nan
8717.0,0.9175764959210527,nan
8718.0,0.9159655871534064,nan
8719.0,0.9143337608248864,nan
8720.0,0.912681021671977,nan
8721.0,0.9110073823033437,nan
8722.0,0.9093128633218487,nan
8723.0,0.9075974934425209,nan
8724.0,0.9058613096062941,nan
8725.0,0.9041043570893278,nan
8726.0,0.9023266896077294,nan
8727.0,0.9005283694174974,nan
8728.0,0.8987094674095082,nan
8729.0,0.8968700631993772,nan
8730.0,0.895010245212021,nan
8731.0,0.8931301107607595,nan
8732.0,0.8912297661207971,nan
8733.0,0.8893093265969269,nan
8734.0,0.8873689165853111,nan
8735.0,0.885408669629191,nan
8736.0,0.8834287284683903,nan
8737.0,0.8814292450824809,nan
8738.0,0.8794103807274853,nan
8739.0,0.8773723059659988,nan
8740.0,0.8753152006906203,nan
8741.0,0.8732392541405909,nan
8742.0,0.8711446649115437,nan
8743.0,0.8690316409582796,nan
8744.0,0.8669003995904898,nan
8745.0,0.864751167461358,nan
8746.0,0.8625841805489798,nan
8747.0,0.860399684130548,nan
8748.0,0.8581979327492661,nan
8749.0,0.8559791901739519,nan
8750.0,0.8537437293513142,nan
8751.0,0.8514918323508869,nan
8752.0,0.8492237903026209,nan
8753.0,0.8469399033271375,nan
8754.0,0.8446404804586678,nan
8755.0,0.8423258395606997,nan
8756.0,0.8399963072343766,nan
8757.0,0.8376522187196948,nan
8758.0,0.8352939177895597,nan
8759.0,0.832921756636772,nan
8760.0,0.8305360957540227,nan
8761.0,0.8281373038069898,nan
8762.0,0.8257257575006375,nan
8763.0,0.8233018414388281,nan
8764.0,0.8208659479773703,nan
8765.0,0.818418477070633,nan
8766.0,0.815959836111867,nan
8767.0,0.8134904397673856,nan
8768.0,0.8110107098047625,nan
8769.0,0.8085210749152176,nan
8770.0,0.8060219705303675,nan
8771.0,0.803513838633527,nan
8772.0,0.8009971275657575,nan
8773.0,0.7984722918268629,nan
8774.0,0.7959397918715441,nan
8775.0,0.7934000939009304,nan
8776.0,0.7908536696497085,nan
8777.0,0.7883009961690846,nan
8778.0,0.7857425556058113,nan
8779.0,0.7831788349775253,nan
8780.0,0.780610325944641,nan
8781.0,0.7780375245790528,nan
8782.0,0.7754609311299041,nan
8783.0,0.7728810497866795,nan
8784.0,0.7702983884398882,nan
8785.0,0.7677134584396024,nan
8786.0,0.7651267743521193,nan
8787.0,0.7625388537150192,nan
8788.0,0.7599502167908897,nan
8789.0,0.7573613863199914,nan
8790.0,0.7547728872721343,nan
8791.0,0.7521852465980434,nan
8792.0,0.7495989929804806,nan
8793.0,0.7470146565853979,nan
8794.0,0.74443276881339,nan
8795.0,0.7418538620517139,nan
8796.0,0.7392784694271402,nan
8797.0,0.7367071245598988,nan
8798.0,0.7341403613189762,nan
8799.0,0.7315787135790185,nan
8800.0,0.7290227149790904,nan
8801.0,0.7264728986835353,nan
8802.0,0.7239297971451735,nan
8803.0,0.7213939418710764,nan
8804.0,0.7188658631911395,nan
8805.0,0.7163460900296791,nan
8806.0,0.7138351496802634,nan
8807.0,0.7113335675839891,nan
8808.0,0.7088418671113983,nan
8809.0,0.7063605693482303,nan
8810.0,0.7038901928851913,nan
8811.0,0.7014312536119147,nan
8812.0,0.6989842645152825,nan
8813.0,0.696549735482261,nan
8814.0,0.6941281731074018,nan
8815.0,0.6917200805051473,nan
8816.0,0.6893259571270683,nan
8817.0,0.6869462985841569,nan
8818.0,0.684581596474283,nan
8819.0,0.6822323382149161,nan
8820.0,0.6798990068812044,nan
8821.0,0.6775820810494895,nan
8822.0,0.6752820346463317,nan
8823.0,0.6729993368031044,nan
8824.0,0.6707344517162106,nan
8825.0,0.6684878385129617,nan
8826.0,0.6662599511231535,nan
8827.0,0.664051238156357,nan
8828.0,0.6618621427849414,nan
8829.0,0.6596931026328277,nan
8830.0,0.6575445496699708,nan
8831.0,0.6554169101125521,nan
8832.0,0.6533106043288575,nan
8833.0,0.6512260467508094,nan
8834.0,0.6491636457911099,nan
8835.0,0.6471238037659421,nan
8836.0,0.6451069168231758,nan
8837.0,0.6431133748760042,nan
8838.0,0.641143561541944,nan
8839.0,0.6391978540871102,nan
8840.0,0.6372766233756821,nan
8841.0,0.6353802338244599,nan
8842.0,0.6335090433624105,nan
8843.0,0.6316634033950963,nan
8844.0,0.6298436587738651,nan
8845.0,0.6280501477696872,nan
8846.0,0.6262832020515089,nan
8847.0,0.624543146668993,nan
8848.0,0.6228303000395082,nan
8849.0,0.6211449739392293,nan
8850.0,0.6194874734982011,nan
8851.0,0.6178580971992198,nan
8852.0,0.616257136880377,nan
8853.0,0.6146848777411146,nan
8854.0,0.61314159835163,nan
8855.0,0.6116275706654734,nan
8856.0,0.610143060035173,nan
8857.0,0.6086883252307261,nan
8858.0,0.6072636184607881,nan
8859.0,0.6058691853963946,nan
8860.0,0.6045052651970475,nan
8861.0,0.6031720905389997,nan
8862.0,0.6018698876455654,nan
8863.0,0.6005988763192922,nan
8864.0,0.5993592699758256,nan
8865.0,0.5981512756792974,nan
8866.0,0.5969750941790744,nan
8867.0,0.5958309199476995,nan
8868.0,0.5947189412198646,nan
8869.0,0.5936393400322503,nan
8870.0,0.5925922922640764,nan
8871.0,0.5915779676782018,nan
8872.0,0.5905965299626221,nan
8873.0,0.58964813677221,nan
8874.0,0.5887329397705512,nan
8875.0,0.5878510846717279,nan
8876.0,0.5870027112819081,nan
8877.0,0.586187953540601,nan
8878.0,0.5854069395614434,nan
8879.0,0.5846597916723836,nan
8880.0,0.5839466264551382,nan
8881.0,0.5832675547837963,nan
8882.0,0.5826226818624531,nan
8883.0,0.5820121072617578,nan
8884.0,0.5814359249542675,nan
8885.0,0.5808942233485012,nan
8886.0,0.5803870853215944,nan
8887.0,0.579914588250461,nan
8888.0,0.5794768040413691,nan
8889.0,0.5790737991578522,nan
8890.0,0.5787056346468712,nan
8891.0,0.5783723661631591,nan
8892.0,0.578074043991676,nan
8893.0,0.5778107130681155,nan
8894.0,0.5775824129974054,nan
8895.0,0.5773891780701508,nan
8896.0,0.5772310372769763,nan
8897.0,0.5771080143207277,nan
8898.0,0.5770201276265006,nan
8899.0,0.5769673903494679,nan
8900.0,0.5769498103804866,nan
8901.0,0.5769673903494679,nan
8902.0,0.5770201276265006,nan
8903.0,0.5771080143207277,nan
8904.0,0.5772310372769763,nan
8905.0,0.5773891780701508,nan
8906.0,0.5775824129974054,nan
8907.0,0.5778107130681155,nan
8908.0,0.578074043991676,nan
8909.0,0.5783723661631591,nan
8910.0,0.5787056346468712,nan
8911.0,0.5790737991578522,nan
8912.0,0.5794768040413691,nan
8913.0,0.579914588250461,nan
8914.0,0.5803870853215944,nan
8915.0,0.5808942233485012,nan
8916.0,0.5814359249542675,nan
8917.0,0.5820121072617578,nan
8918.0,0.5826226818624531,nan
8919.0,0.5832675547837963,nan
8920.0,0.5839466264551382,nan
8921.0,0.5846597916723836,nan
8922.0,0.5854069395614434,nan
8923.0,0.586187953540601,nan
8924.0,0.5870027112819081,nan
8925.0,0.5878510846717279,nan
8926.0,0.5887329397705512,nan
8927.0,0.58964813677221,nan
8928.0,0.5905965299626221,nan
8929.0,0.5915779676782018,nan
8930.0,0.5925922922640764,nan
8931.0,0.5936393400322503,nan
8932.0,0.5947189412198646,nan
8933.0,0.5958309199476995,nan
8934.0,0.5969750941790744,nan
8935.0,0.5981512756792974,nan
8936.0,0.5993592699758256,nan
8937.0,0.6005988763192922,nan
8938.0,0.6018698876455654,nan
8939.0,0.6031720905389997,nan
8940.0,0.6045052651970475,nan
8941.0,0.6058691853963946,nan
8942.0,0.6072636184607881,nan
8943.0,0.6086883252307261,nan
8944.0,0.610143060035173,nan
8945.0,0.6116275706654734,nan
8946.0,0.61314159835163,nan
8947.0,0.6146848777411146,nan
8948.0,0.616257136880377,nan
8949.0,0.6178580971992198,nan
8950.0,0.6194874734982011,nan
8951.0,0.6211449739392293,nan
8952.0,0.6228303000395082,nan
8953.0,0.624543146668993,nan
8954.0,0.6262832020515089,nan
8955.0,0.6280501477696872,nan
8956.0,0.6298436587738651,nan
8957.0,0.6316634033950963,nan
8958.0,0.6335090433624105,nan
8959.0,0.6353802338244599,nan
8960.0,0.6372766233756821,nan
8961.0,0.6391978540871102,nan
8962.0,0.641143561541944,nan
8963.0,0.6431133748760042,nan
8964.0,0.6451069168231758,nan
8965.0,0.6471238037659421,nan
8966.0,0.6491636457911099,nan
8967.0,0.6512260467508094,nan
8968.0,0.6533106043288575,nan
8969.0,0.6554169101125521,nan
8970.0,0.6575445496699708,nan
8971.0,0.6596931026328277,nan
8972.0,0.6618621427849414,nan
8973.0,0.664051238156357,nan
8974.0,0.6662599511231535,nan
8975.0,0.6684878385129617,nan
8976.0,0.6707344517162106,nan
8977.0,0.6729993368031044,nan
8978.0,0.6752820346463317,nan
8979.0,0.6775820810494895,nan
8980.0,0.6798990068812044,nan
8981.0,0.6822323382149161,nan
8982.0,0.684581596474283,nan
8983.0,0.6869462985841569,nan
8984.0,0.6893259571270683,nan
8985.0,0.6917200805051473,nan
8986.0,0.6941281731074018,nan
8987.0,0.696549735482261,nan
8988.0,0.6989842645152825,nan
8989.0,0.7014312536119147,nan
8990.0,0.7038901928851913,nan
8991.0,0.7063605693482303,nan
8992.0,0.7088418671113983,nan
8993.0,0.7113335675839891,nan
8994.0,0.7138351496802634,nan
8995.0,0.7163460900296791,nan
8996.0,0.7188658631911395,nan
8997.0,0.7213939418710764,nan
8998.0,0.7239297971451735,nan
8999.0,0.7264728986835353,nan
9000.0,0.7290227149790904,nan
9001.0,0.7315787135790185,nan
9002.0,0.7341403613189762,nan
9003.0,0.7367071245598988,nan
9004.0,0.7392784694271402,nan
9005.0,0.7418538620517139,nan
9006.0,0.74443276881339,nan
9007.0,0.7470146565853979,nan
9008.0,0.7495989929804806,nan
9009.0,0.7521852465980434,nan
9010.0,0.7547728872721343,nan
9011.0,0.7573613863199914,nan
9012.0,0.7599502167908897,nan
9013.0,0.7625388537150192,nan
9014.0,0.7651267743521193,nan
9015.0,0.7677134584396024,nan
9016.0,0.7702983884398882,nan
9017.0,0.7728810497866795,nan
9018.0,0.7754609311299041,nan
9019.0,0.7780375245790528,nan
9020.0,0.780610325944641,nan
9021.0,0.7831788349775253,nan
9022.0,0.7857425556058113,nan
9023.0,0.7883009961690846,nan
9024.0,0.7908536696497085,nan
9025.0,0.7934000939009304,nan
9026.0,0.7959397918715441,nan
9027.0,0.7984722918268629,nan
9028.0,0.8009971275657575,nan
9029.0,0.803513838633527,nan
9030.0,0.8060219705303675,nan
9031.0,0.8085210749152176,nan
9032.0,0.8110107098047625,nan
9033.0,0.8134904397673856,nan
9034.0,0.815959836111867,nan
9035.0,0.818418477070633,nan
9036.0,0.8208659479773703,nan
9037.0,0.8233018414388281,nan
9038.0,0.8257257575006375,nan
9039.0,0.8281373038069898,nan
9040.0,0.8305360957540227,nan
9041.0,0.832921756636772,nan
9042.0,0.8352939177895597,nan
9043.0,0.8376522187196948,nan
9044.0,0.8399963072343766,nan
9045.0,0.8423258395606997,nan
9046.0,0.8446404804586678,nan
9047.0,0.8469399033271375,nan
9048.0,0.8492237903026209,nan
9049.0,0.8514918323508869,nan
9050.0,0.8537437293513142,nan
9051.0,0.8559791901739519,nan
9052.0,0.8581979327492661,nan
9053.0,0.860399684130548,nan
9054.0,0.8625841805489798,nan
9055.0,0.864751167461358,nan
9056.0,0.8669003995904898,nan
9057.0,0.8690316409582796,nan
9058.0,0.8711446649115437,nan
9059.0,0.8732392541405909,nan
9060.0,0.8753152006906203,nan
9061.0,0.8773723059659988,nan
9062.0,0.8794103807274853,nan
9063.0,0.8814292450824809,nan
9064.0,0.8834287284683903,nan
9065.0,0.885408669629191,nan
9066.0,0.8873689165853111,nan
9067.0,0.8893093265969269,nan
9068.0,0.8912297661207971,nan
9069.0,0.8931301107607595,nan
9070.0,0.895010245212021,nan
9071.0,0.8968700631993772,nan
9072.0,0.8987094674095082,nan
9073.0,0.9005283694174974,nan
9074.0,0.9023266896077294,nan
9075.0,0.9041043570893278,nan
9076.0,0.9058613096062941,nan
9077.0,0.9075974934425209,nan
9078.0,0.9093128633218487,nan
9079.0,0.9110073823033437,nan
9080.0,0.912681021671977,nan
9081.0,0.9143337608248864,nan
9082.0,0.9159655871534064,nan
9083.0,0.9175764959210527,nan
9084.0,0.9191664901376521,nan
9085.0,0.9207355804298049,nan
9086.0,0.922283784907875,nan
9087.0,0.9238111290296976,nan
9088.0,0.9253176454611977,nan
9089.0,0.9268033739341126,nan
9090.0,0.9282683611010124,nan
9091.0,0.9297126603878088,nan
9092.0,0.9311363318439445,nan
9093.0,0.9325394419904557,nan
9094.0,0.9339220636660938,nan
9095.0,0.9352842758716964,nan
9096.0,0.9366261636129924,nan
9097.0,0.9379478177420261,nan
9098.0,0.9392493347973797,nan
9099.0,0.9405308168433756,nan
9100.0,0.9417923713084329,nan
9101.0,0.943034110822752,nan
9102.0,0.9442561530554981,nan
9103.0,0.9454586205516489,nan
9104.0,0.9466416405686698,nan
9105.0,0.947805344913179,nan
9106.0,0.9489498697777539,nan
9107.0,0.9500753555780341,nan
9108.0,0.9511819467902684,nan
9109.0,0.9522697917894456,nan
9110.0,0.9533390426881557,nan
9111.0,0.954389855176309,nan
9112.0,0.9554223883618482,nan
9113.0,0.9564368046125782,nan
9114.0,0.9574332693992343,nan
9115.0,0.958411951139908,nan
9116.0,0.9593730210459389,nan
9117.0,0.9603166529693836,nan
9118.0,0.9612430232521623,nan
9119.0,0.9621523105769815,nan
9120.0,0.9630446958201273,nan
9121.0,0.9639203619062157,nan
9122.0,0.9647794936649852,nan
9123.0,0.9656222776902115,nan
9124.0,0.9664489022008164,nan
9125.0,0.9672595569042436,nan
9126.0,0.9680544328621643,nan
9127.0,0.9688337223585753,nan
9128.0,0.9695976187703448,nan
9129.0,0.9703463164402572,nan
9130.0,0.9710800105526068,nan
9131.0,0.9717988970113813,nan
9132.0,0.9725031723210743,nan
9133.0,0.9731930334701638,nan
9134.0,0.973868677817286,nan
9135.0,0.9745303029801304,nan
9136.0,0.975178106727082,nan
9137.0,0.9758122868716284,nan
9138.0,0.9764330411695458,nan
9139.0,0.9770405672188811,nan
9140.0,0.9776350623627322,nan
9141.0,0.9782167235948372,nan
9142.0,0.9787857474679721,nan
9143.0,0.9793423300051559,nan
9144.0,0.97988666661366,nan
9145.0,0.9804189520018143,nan
9146.0,0.9809393800985999,nan
9147.0,0.9814481439760167,nan
9148.0,0.9819454357742095,nan
9149.0,0.982431446629337,nan
9150.0,0.9829063666041615,nan
9151.0,0.9833703846213377,nan
9152.0,0.9838236883993782,nan
9153.0,0.9842664643912655,nan
9154.0,0.984698897725686,nan
9155.0,0.9851211721508527,nan
9156.0,0.9855334699808865,nan
9157.0,0.9859359720447219,nan
9158.0,0.9863288576375021,nan
9159.0,0.9867123044744261,nan
9160.0,0.987086488647012,nan
9161.0,0.9874515845817347,nan
9162.0,0.9878077650010002,nan
9163.0,0.9881552008864141,nan
9164.0,0.9884940614443011,nan
9165.0,0.9888245140734346,nan
9166.0,0.989146724334931,nan
9167.0,0.9894608559242635,nan
9168.0,0.9897670706453521,nan
9169.0,0.9900655283866829,nan
9170.0,0.9903563870994101,nan
9171.0,0.9906398027773947,nan
9172.0,0.9909159294391329,nan
9173.0,0.991184919111527,nan
9174.0,0.9914469218154507,nan
9175.0,0.9917020855530627,nan
9176.0,0.99195055629682,nan
9177.0,0.9921924779801428,nan
9178.0,0.9924279924896852,nan
9179.0,0.9926572396591627,nan
9180.0,0.9928803572646905,nan
9181.0,0.9930974810215837,nan
9182.0,0.9933087445825751,nan
9183.0,0.9935142795374022,nan
9184.0,0.9937142154137181,nan
9185.0,0.9939086796792792,nan
9186.0,0.994097797745368,nan
9187.0,0.9942816929714006,nan
9188.0,0.9944604866706794,nan
9189.0,0.9946342981172448,nan
9190.0,0.9948032445537823,nan
9191.0,0.994967441200544,nan
9192.0,0.9951270012652399,nan
9193.0,0.9952820359538601,nan
9194.0,0.9954326544823854,nan
9195.0,0.9955789640893459,nan
9196.0,0.9957210700491892,nan
9197.0,0.9958590756864191,nan
9198.0,0.9959930823904656,nan
9199.0,0.9961231896312507,nan
9200.0,0.9962494949754116,nan
9201.0,0.9963720941031468,nan
9202.0,0.996491080825649,nan
9203.0,0.9966065471030915,nan
9204.0,0.9967185830631335,nan
9205.0,0.9968272770199124,nan
9206.0,0.9969327154934903,nan
9207.0,0.9970349832297248,nan
9208.0,0.9971341632205327,nan
9209.0,0.9972303367245164,nan
9210.0,0.9973235832879264,nan
9211.0,0.9974139807659295,nan
9212.0,0.9975016053441574,nan
9213.0,0.997586531560508,nan
9214.0,0.9976688323271736,nan
9215.0,0.9977485789528734,nan
9216.0,0.9978258411652627,nan
9217.0,0.9979006871334988,nan
9218.0,0.997973183490938,nan
9219.0,0.9980433953579455,nan
9220.0,0.9981113863647934,nan
9221.0,0.9981772186746283,nan
9222.0,0.99824095300649,nan
9223.0,0.99830264865836,nan
9224.0,0.9983623635302232,nan
9225.0,0.9984201541471246,nan
9226.0,0.9984760756822052,nan
9227.0,0.9985301819796996,nan
9228.0,0.9985825255778811,nan
9229.0,0.9986331577319386,nan
9230.0,0.998682128436772,nan
9231.0,0.9987294864496905,nan
9232.0,0.9987752793130055,nan
9233.0,0.9988195533764991,nan
9234.0,0.998862353819763,nan
9235.0,0.9989037246743923,nan
9236.0,0.9989437088460257,nan
9237.0,0.998982348136221,nan
9238.0,0.9990196832641578,nan
9239.0,0.9990557538881562,nan
9240.0,0.9990905986270057,nan
9241.0,0.9991242550810948,nan
9242.0,0.9991567598533336,nan
9243.0,0.999188148569863,nan
9244.0,0.999218455900545,nan
9245.0,0.9992477155792256,nan
9246.0,0.9992759604237673,nan
9247.0,0.9993032223558432,nan
9248.0,0.9993295324204916,nan
9249.0,0.9993549208054224,nan
9250.0,0.9993794168600751,nan
9251.0,0.9994030491144221,nan
9252.0,0.9994258452975155,nan
9253.0,0.9994478323557745,nan
9254.0,0.9994690364710086,nan
9255.0,0.9994894830781785,nan
9256.0,0.9995091968828886,nan
9257.0,0.9995282018786119,nan
9258.0,0.9995465213636446,nan
9259.0,0.999564177957791,nan
9260.0,0.9995811936187757,nan
9261.0,0.9995975896583852,nan
9262.0,0.9996133867583348,nan
9263.0,0.9996286049858659,nan
9264.0,0.9996432638090688,nan
9265.0,0.9996573821119344,nan
9266.0,0.999670978209135,nan
9267.0,0.9996840698605338,nan
9268.0,0.9996966742854256,nan
9269.0,0.999708808176509,nan
9270.0,0.9997204877135906,nan
9271.0,0.9997317285770254,nan
9272.0,0.9997425459608924,nan
9273.0,0.9997529545859076,nan
9274.0,0.9997629687120777,nan
9275.0,0.9997726021510956,nan
9276.0,0.9997818682784801,nan
9277.0,0.9997907800454613,nan
9278.0,0.9997993499906156,nan
9279.0,0.999807590251252,nan
9280.0,0.999815512574552,nan
9281.0,0.9998231283284665,nan
9282.0,0.999830448512372,nan
9283.0,0.9998374837674888,nan
9284.0,0.9998442443870651,nan
9285.0,0.9998507403263288,nan
9286.0,0.9998569812122107,nan
9287.0,0.9998629763528418,nan
9288.0,0.9998687347468287,nan
9289.0,0.9998742650923091,nan
9290.0,0.9998795757957917,nan
9291.0,0.9998846749807824,nan
9292.0,0.9998895704962021,nan
9293.0,0.9998942699245977,nan
9294.0,0.9998987805901502,nan
9295.0,0.9999031095664832,nan
9296.0,0.9999072636842752,nan
9297.0,0.9999112495386794,nan
9298.0,0.9999150734965542,nan
9299.0,0.9999187417035066,nan
9300.0,0.9999222600907541,nan
9301.0,0.9999256343818069,nan
9302.0,0.9999288700989736,nan
9303.0,0.9999319725696951,nan
9304.0,0.9999349469327093,nan
9305.0,0.9999377981440487,nan
9306.0,0.9999405309828767,nan
9307.0,0.9999431500571644,nan
9308.0,0.9999456598092102,nan
9309.0,0.9999480645210084,nan
9310.0,0.9999503683194663,nan
9311.0,0.9999525751814768,nan
9312.0,0.9999546889388464,nan
9313.0,0.9999567132830833,nan
9314.0,0.9999586517700494,nan
9315.0,0.9999605078244771,nan
9316.0,0.9999622847443563,nan
9317.0,0.9999639857051934,nan
9318.0,0.9999656137641441,nan
9319.0,0.9999671718640257,nan
9320.0,0.9999686628372103,nan
9321.0,0.9999700894094001,nan
9322.0,0.9999714542032911,nan
9323.0,0.9999727597421252,nan
9324.0,0.999974008453134,nan
9325.0,0.9999752026708785,nan
9326.0,0.9999763446404846,nan
9327.0,0.9999774365207802,nan
9328.0,0.9999784803873335,nan
9329.0,0.9999794782353967,nan
9330.0,0.9999804319827575,nan
9331.0,0.9999813434725005,nan
9332.0,0.99998221447568,nan
9333.0,0.9999830466939089,nan
9334.0,0.9999838417618631,nan
9335.0,0.9999846012497058,nan
9336.0,0.9999853266654336,nan
9337.0,0.9999860194571448,nan
9338.0,0.9999866810152347,nan
9339.0,0.9999873126745179,nan
9340.0,0.9999879157162805,nan
9341.0,0.9999884913702644,nan
9342.0,0.9999890408165842,nan
9343.0,0.9999895651875818,nan
9344.0,0.9999900655696158,nan
9345.0,0.9999905430047925,nan
9346.0,0.9999909984926366,nan
9347.0,0.9999914329917056,nan
9348.0,0.9999918474211472,nan
9349.0,0.9999922426622055,nan
9350.0,0.999992619559672,nan
9351.0,0.999992978923288,nan
9352.0,0.9999933215290975,nan
9353.0,0.9999936481207521,nan
9354.0,0.99999395941077,nan
9355.0,0.9999942560817502,nan
9356.0,0.9999945387875443,nan
9357.0,0.9999948081543848,nan
9358.0,0.9999950647819744,nan
9359.0,0.9999953092445347,nan
9360.0,0.9999955420918181,nan
9361.0,0.9999957638500815,nan
9362.0,0.9999959750230258,nan
9363.0,0.9999961760926999,nan
9364.0,0.9999963675203717,nan
9365.0,0.9999965497473668,nan
9366.0,0.9999967231958768,nan
9367.0,0.9999968882697358,nan
9368.0,0.999997045355169,nan
9369.0,0.9999971948215136,nan
9370.0,0.9999973370219108,nan
9371.0,0.9999974722939735,nan
9372.0,0.9999976009604264,nan
9373.0,0.9999977233297244,nan
9374.0,0.9999978396966441,nan
9375.0,0.9999979503428559,nan
9376.0,0.9999980555374707,nan
9377.0,0.9999981555375677,nan
9378.0,0.9999982505887011,nan
9379.0,0.9999983409253863,nan
9380.0,0.9999984267715677,nan
9381.0,0.9999985083410678,nan
9382.0,0.999998585838019,nan
9383.0,0.9999986594572772,nan
9384.0,0.9999987293848202,nan
9385.0,0.9999987957981294,nan
9386.0,0.9999988588665566,nan
9387.0,0.9999989187516752,nan
9388.0,0.999998975607619,nan
9389.0,0.9999990295814047,nan
9390.0,0.9999990808132438,nan
9391.0,0.9999991294368402,nan
9392.0,0.9999991755796762,nan
9393.0,0.9999992193632863,nan
9394.0,0.9999992609035204,nan
9395.0,0.9999993003107958,nan
9396.0,0.9999993376903379,nan
9397.0,0.9999993731424126,nan
9398.0,0.9999994067625475,nan
9399.0,0.9999994386417445,nan
9400.0,0.9999994688666827,nan
9401.0,0.9999994975199142,nan
9402.0,0.9999995246800505,nan
9403.0,0.9999995504219403,nan
9404.0,0.9999995748168419,nan
9405.0,0.9999995979325861,nan
9406.0,0.9999996198337331,nan
9407.0,0.9999996405817226,nan
9408.0,0.9999996602350174,nan
9409.0,0.99999967884924,nan
9410.0,0.999999696477305,nan
9411.0,0.9999997131695437,nan
9412.0,0.9999997289738246,nan
9413.0,0.9999997439356684,nan
9414.0,0.9999997580983573,nan
9415.0,0.9999997715030403,nan
9416.0,0.9999997841888332,nan
9417.0,0.9999997961929146,nan
9418.0,0.9999998075506173,nan
9419.0,0.9999998182955159,nan
9420.0,0.99999982845951,nan
9421.0,0.9999998380729044,nan
9422.0,0.999999847164485,nan
9423.0,0.9999998557615914,nan
9424.0,0.9999998638901869,nan
9425.0,0.9999998715749239,nan
9426.0,0.9999998788392076,nan
9427.0,0.9999998857052567,nan
9428.0,0.9999998921941602,nan
9429.0,0.999999898325933,nan
9430.0,0.9999999041195677,nan
9431.0,0.999999909593085,nan
9432.0,0.9999999147635812,nan
9433.0,0.9999999196472734,nan
9434.0,0.9999999242595431,nan
9435.0,0.9999999286149773,nan
9436.0,0.9999999327274081,nan
9437.0,0.9999999366099492,nan
9438.0,0.9999999402750333,nan
9439.0,0.9999999437344443,nan
9440.0,0.9999999469993511,nan
9441.0,0.9999999500803376,nan
9442.0,0.9999999529874324,nan
9443.0,0.9999999557301367,nan
9444.0,0.9999999583174509,nan
9445.0,0.9999999607579001,nan
9446.0,0.9999999630595582,nan
9447.0,0.9999999652300705,nan
9448.0,0.9999999672766758,nan
9449.0,0.9999999692062275,nan
9450.0,0.9999999710252127,nan
9451.0,0.9999999727397711,nan
9452.0,0.9999999743557137,nan
9453.0,0.9999999758785387,nan
9454.0,0.9999999773134483,nan
9455.0,0.9999999786653636,nan
9456.0,0.99999997993894,nan
9457.0,0.9999999811385798,nan
9458.0,0.9999999822684467,nan
9459.0,0.9999999833324774,nan
9460.0,0.999999984334394,nan
9461.0,0.9999999852777147,nan
9462.0,0.9999999861657654,nan
9463.0,0.9999999870016891,nan
9464.0,0.9999999877884559,nan
9465.0,0.9999999885288721,nan
9466.0,0.9999999892255889,nan
9467.0,0.9999999898811107,nan
9468.0,0.9999999904978032,nan
9469.0,0.9999999910779002,nan
9470.0,0.9999999916235112,nan
9471.0,0.9999999921366278,nan
9472.0,0.9999999926191305,nan
9473.0,0.9999999930727942,nan
9474.0,0.9999999934992937,nan
9475.0,0.9999999939002101,nan
9476.0,0.9999999942770351,nan
9477.0,0.999999994631176,nan
9478.0,0.9999999949639604,nan
9479.0,0.9999999952766407,nan
9480.0,0.9999999955703981,nan
9481.0,0.9999999958463461,nan
9482.0,0.9999999961055352,nan
9483.0,0.9999999963489554,nan
9484.0,0.99999999657754,nan
9485.0,0.9999999967921689,nan
9486.0,0.9999999969936711,nan
9487.0,0.999999997182828,nan
9488.0,0.9999999973603757,nan
9489.0,0.9999999975270077,nan
9490.0,0.9999999976833776,nan
9491.0,0.9999999978301004,nan
9492.0,0.9999999979677557,nan
9493.0,0.9999999980968892,nan
9494.0,0.9999999982180149,nan
9495.0,0.9999999983316161,nan
9496.0,0.9999999984381484,nan
9497.0,0.9999999985380402,nan
9498.0,0.9999999986316949,nan
9499.0,0.9999999987194917,nan
9500.0,0.9999999988017879,nan
