wavelength,intensity,uncertainty
3500.0,0.079626586921007,0.01010492652939287
3501.0,0.07805380403024961,0.01010492652939287
3502.0,0.0764810211394922,0.01010492652939287
3503.0,0.07728534575794038,0.01010492652939287
3504.0,0.0796807603725303,0.01010492652939287
3505.0,0.08131076774570684,0.01010492652939287
3506.0,0.07984203549910013,0.01010492652939287
3507.0,0.07837330325249343,0.01010492652939287
3508.0,0.07471601008055623,0.01010492652939287
3509.0,0.07050168860081636,0.01010492652939287
3510.0,0.06941244947999567,0.01010492652939287
3511.0,0.07308659346989244,0.01010492652939287
3512.0,0.0767607374597892,0.01010492652939287
3513.0,0.08228203383809539,0.01010492652939287
3514.0,0.0878122428937885,0.01010492652939287
3515.0,0.09333419718135995,0.01010492652939287
3516.0,0.09885051487978974,0.01010492652939287
3517.0,0.10115343406498681,0.01010492652939287
3518.0,0.09004390728189864,0.01010492652939287
3519.0,0.07893438049881048,0.01010492652939287
3520.0,0.07906638453804367,0.01010492652939287
3521.0,0.08214503226252398,0.01010492652939287
3522.0,0.08278782004885629,0.01010492652939287
3523.0,0.07964232259395619,0.01010492652939287
3524.0,0.07649682513905608,0.01010492652939287
3525.0,0.07558400031209628,0.01010492652939287
3526.0,0.07469282564395324,0.01010492652939287
3527.0,0.08199783871701335,0.01010492652939287
3528.0,0.09501180536948996,0.01010492652939287
3529.0,0.10301682503197898,0.01010492652939287
3530.0,0.08945465892863477,0.01010492652939287
3531.0,0.07589249282529056,0.01010492652939287
3532.0,0.07110109361472676,0.01010492652939287
3533.0,0.0686761970566386,0.01010492652939287
3534.0,0.06918514987422032,0.01010492652939287
3535.0,0.07434999409232597,0.01010492652939287
3536.0,0.07951483831043159,0.01010492652939287
3537.0,0.08520517252974978,0.01010492652939287
3538.0,0.09090318747990166,0.01010492652939287
3539.0,0.09537626711716658,0.01010492652939287
3540.0,0.0989790641707384,0.01010492652939287
3541.0,0.10179102152728323,0.01010492652939287
3542.0,0.10108813578593451,0.01010492652939287
3543.0,0.1003852500445858,0.01010492652939287
3544.0,0.09752454211258069,0.01010492652939287
3545.0,0.0940648068546424,0.01010492652939287
3546.0,0.09117222931739086,0.01010492652939287
3547.0,0.08919816192527608,0.01010492652939287
3548.0,0.0872240945331613,0.01010492652939287
3549.0,0.09096754337049134,0.01010492652939287
3550.0,0.09482296314989047,0.01010492652939287
3551.0,0.08918243148859434,0.01010492652939287
3552.0,0.07666077559491377,0.01010492652939287
3553.0,0.0666649546741413,0.01010492652939287
3554.0,0.06826424195113984,0.01010492652939287
3555.0,0.06986352922813836,0.01010492652939287
3556.0,0.07997569000165901,0.01010492652939287
3557.0,0.09251822360983362,0.01010492652939287
3558.0,0.09865780885557225,0.01010492652939287
3559.0,0.09421417690352993,0.01010492652939287
3560.0,0.08977054495148759,0.01010492652939287
3561.0,0.08617884289975063,0.01010492652939287
3562.0,0.08260809853313797,0.01010492652939287
3563.0,0.08246509663698122,0.01010492652939287
3564.0,0.08485533239122357,0.01010492652939287
3565.0,0.08670757273288758,0.01010492652939287
3566.0,0.0860071175996976,0.01010492652939287
3567.0,0.08530666246650763,0.01010492652939287
3568.0,0.08394642005597029,0.01010492652939287
3569.0,0.08239254442273321,0.01010492652939287
3570.0,0.08373507156858716,0.01010492652939287
3571.0,0.08996411049981091,0.01010492652939287
3572.0,0.09619314943103467,0.01010492652939287
3573.0,0.09230012259954379,0.01010492652939287
3574.0,0.0881068119877002,0.01010492652939287
3575.0,0.08824244839475685,0.01010492652939287
3576.0,0.09164074381816402,0.01010492652939287
3577.0,0.09532709347593002,0.01010492652939287
3578.0,0.10042715611367031,0.01010492652939287
3579.0,0.1055272187514106,0.01010492652939287
3580.0,0.10285049377990844,0.01010492652939287
3581.0,0.09782858129499322,0.01010492652939287
3582.0,0.09292152550092084,0.01010492652939287
3583.0,0.088212278452189,0.01010492652939287
3584.0,0.08350303140345715,0.01010492652939287
3585.0,0.08999701478710882,0.01010492652939287
3586.0,0.09688067575101852,0.01010492652939287
3587.0,0.09773692130454478,0.01010492652939287
3588.0,0.09396063102248756,0.01010492652939287
3589.0,0.09213222142929624,0.01010492652939287
3590.0,0.10019961445984195,0.01010492652939287
3591.0,0.10826700749038766,0.01010492652939287
3592.0,0.10141363925725726,0.01010492652939287
3593.0,0.08993858868301588,0.01010492652939287
3594.0,0.08563483636465663,0.01010492652939287
3595.0,0.09394022104588705,0.01010492652939287
3596.0,0.10224560572711747,0.01010492652939287
3597.0,0.09755693321629108,0.01010492652939287
3598.0,0.09234914730952484,0.01010492652939287
3599.0,0.09171552407040487,0.01010492652939287
3600.0,0.09466679063077062,0.01010492652939287
3601.0,0.09740888238460353,0.01010492652939287
3602.0,0.09905005410405143,0.01010492652939287
3603.0,0.10069122582349933,0.01010492652939287
3604.0,0.10566922799983187,0.01010492652939287
3605.0,0.11170846897653569,0.01010492652939287
3606.0,0.11533675255249168,0.01010492652939287
3607.0,0.11463663945261252,0.01010492652939287
3608.0,0.11393652635273335,0.01010492652939287
3609.0,0.10674211965026072,0.01010492652939287
3610.0,0.09925436969848792,0.01010492652939287
3611.0,0.09479909118070223,0.01010492652939287
3612.0,0.09276716996437316,0.01010492652939287
3613.0,0.0911886467899675,0.01010492652939287
3614.0,0.09208448192186945,0.01010492652939287
3615.0,0.09298031705377141,0.01010492652939287
3616.0,0.09618141320462721,0.01010492652939287
3617.0,0.10013502290466321,0.01010492652939287
3618.0,0.10038774239089338,0.01010492652939287
3619.0,0.09385549648515014,0.01010492652939287
3620.0,0.08732325057940693,0.01010492652939287
3621.0,0.094868999978594,0.01010492652939287
3622.0,0.10312486263401786,0.01010492652939287
3623.0,0.10780319041713216,0.01010492652939287
3624.0,0.1095664897857732,0.01010492652939287
3625.0,0.11015022957246527,0.01010492652939287
3626.0,0.10405294388700283,0.01010492652939287
3627.0,0.0979556582015404,0.01010492652939287
3628.0,0.09481296522248951,0.01010492652939287
3629.0,0.09265987140311774,0.01010492652939287
3630.0,0.09504304337636207,0.01010492652939287
3631.0,0.10591998198888206,0.01010492652939287
3632.0,0.11679692060140204,0.01010492652939287
3633.0,0.11479624917553773,0.01010492652939287
3634.0,0.11207743473105686,0.01010492652939287
3635.0,0.10633679793725605,0.01010492652939287
3636.0,0.09808572411478968,0.01010492652939287
3637.0,0.09176055133277773,0.01010492652939287
3638.0,0.0967679532681499,0.01010492652939287
3639.0,0.10177535520352209,0.01010492652939287
3640.0,0.10492297726554844,0.01010492652939287
3641.0,0.1074316749517318,0.01010492652939287
3642.0,0.11031116999652131,0.01010492652939287
3643.0,0.11389984740200167,0.01010492652939287
3644.0,0.11748852480748204,0.01010492652939287
3645.0,0.11395550536256661,0.01010492652939287
3646.0,0.1099870191038687,0.01010492652939287
3647.0,0.1090422417714663,0.01010492652939287
3648.0,0.11065856601299998,0.01010492652939287
3649.0,0.11167083950388482,0.01010492652939287
3650.0,0.1089865289138739,0.01010492652939287
3651.0,0.10630221832386298,0.01010492652939287
3652.0,0.10927817839292472,0.01010492652939287
3653.0,0.11424809744416067,0.01010492652939287
3654.0,0.11611923675711859,0.01010492652939287
3655.0,0.11193566814173607,0.01010492652939287
3656.0,0.10775209952635355,0.01010492652939287
3657.0,0.1060223069566326,0.01010492652939287
3658.0,0.10445589000070767,0.01010492652939287
3659.0,0.10644188785835272,0.01010492652939287
3660.0,0.11149551908968632,0.01010492652939287
3661.0,0.11473059786332877,0.01010492652939287
3662.0,0.10637843973839335,0.01010492652939287
3663.0,0.09802628161345793,0.01010492652939287
3664.0,0.099182571405443,0.01010492652939287
3665.0,0.1037724673896523,0.01010492652939287
3666.0,0.1081068720067171,0.01010492652939287
3667.0,0.11193121292318728,0.01010492652939287
3668.0,0.11575555383965747,0.01010492652939287
3669.0,0.11397951322064698,0.01010492652939287
3670.0,0.11179984149997894,0.01010492652939287
3671.0,0.11241405568440772,0.01010492652939287
3672.0,0.11548789854375006,0.01010492652939287
3673.0,0.11716601563289429,0.01010492652939287
3674.0,0.10957344045024502,0.01010492652939287
3675.0,0.10198086526759574,0.01010492652939287
3676.0,0.10910891576563814,0.01010492652939287
3677.0,0.12168456622774652,0.01010492652939287
3678.0,0.12838241945332243,0.01010492652939287
3679.0,0.12308870824379334,0.01010492652939287
3680.0,0.11779499703426423,0.01010492652939287
3681.0,0.11175590484924516,0.01010492652939287
3682.0,0.105658956443619,0.01010492652939287
3683.0,0.1021642713909478,0.01010492652939287
3684.0,0.10100510287828474,0.01010492652939287
3685.0,0.10056048077770263,0.01010492652939287
3686.0,0.10507004713420873,0.01010492652939287
3687.0,0.10957961349071481,0.01010492652939287
3688.0,0.1116997636252802,0.01010492652939287
3689.0,0.11291399270881237,0.01010492652939287
3690.0,0.1148389268205626,0.01010492652939287
3691.0,0.11824581252818896,0.01010492652939287
3692.0,0.12165269823581533,0.01010492652939287
3693.0,0.1229351223397436,0.01010492652939287
3694.0,0.12404073819577005,0.01010492652939287
3695.0,0.12062928148906188,0.01010492652939287
3696.0,0.11308496298932431,0.01010492652939287
3697.0,0.10758906412034328,0.01010492652939287
3698.0,0.11693913722871722,0.01010492652939287
3699.0,0.12628921033709117,0.01010492652939287
3700.0,0.12589429720106543,0.01010492652939287
3701.0,0.12171508107346543,0.01010492652939287
3702.0,0.11956140766267605,0.01010492652939287
3703.0,0.12172533846403495,0.01010492652939287
3704.0,0.12388926926539386,0.01010492652939287
3705.0,0.12727132855458273,0.01010492652939287
3706.0,0.13076166593157867,0.01010492652939287
3707.0,0.13128002795274657,0.01010492652939287
3708.0,0.12902638511766648,0.01010492652939287
3709.0,0.1261317814909591,0.01010492652939287
3710.0,0.11837380525973878,0.01010492652939287
3711.0,0.11061582902851845,0.01010492652939287
3712.0,0.11057056409178202,0.01010492652939287
3713.0,0.113592266565772,0.01010492652939287
3714.0,0.11550416565518598,0.01010492652939287
3715.0,0.11499737110874873,0.01010492652939287
3716.0,0.11449057656231151,0.01010492652939287
3717.0,0.12254367710984125,0.01010492652939287
3718.0,0.13140664946652486,0.01010492652939287
3719.0,0.1316317338588538,0.01010492652939287
3720.0,0.12364374444900693,0.01010492652939287
3721.0,0.11563865728473252,0.01010492652939287
3722.0,0.10749752347232482,0.01010492652939287
3723.0,0.09935638965991714,0.01010492652939287
3724.0,0.10501845429852187,0.01010492652939287
3725.0,0.1162997264146532,0.01010492652939287
3726.0,0.12558635251363312,0.01010492652939287
3727.0,0.13042754659764122,0.01010492652939287
3728.0,0.1352687406816493,0.01010492652939287
3729.0,0.13204980933320842,0.01010492652939287
3730.0,0.12802167120422972,0.01010492652939287
3731.0,0.12284138362058086,0.01010492652939287
3732.0,0.11654435543074988,0.01010492652939287
3733.0,0.1118042087582153,0.01010492652939287
3734.0,0.12007889184827177,0.01010492652939287
3735.0,0.12835357493832822,0.01010492652939287
3736.0,0.12960643563063703,0.01010492652939287
3737.0,0.12793353699054838,0.01010492652939287
3738.0,0.12516245054990968,0.01010492652939287
3739.0,0.11988801475289662,0.01010492652939287
3740.0,0.11461357895588357,0.01010492652939287
3741.0,0.11712530892501267,0.01010492652939287
3742.0,0.12046425438058228,0.01010492652939287
3743.0,0.12750887901053656,0.01010492652939287
3744.0,0.1382149622996649,0.01010492652939287
3745.0,0.147097204819908,0.01010492652939287
3746.0,0.13992964857399734,0.01010492652939287
3747.0,0.13276209232808667,0.01010492652939287
3748.0,0.12708690266970432,0.01010492652939287
3749.0,0.12204801314881204,0.01010492652939287
3750.0,0.1187969902434924,0.01010492652939287
3751.0,0.11971527228568464,0.01010492652939287
3752.0,0.1206335543278769,0.01010492652939287
3753.0,0.12385010171250878,0.01010492652939287
3754.0,0.12732439848133903,0.01010492652939287
3755.0,0.1301126036971966,0.01010492652939287
3756.0,0.1322097576621085,0.01010492652939287
3757.0,0.1334254970019205,0.01010492652939287
3758.0,0.1264582264889648,0.01010492652939287
3759.0,0.11949095597600908,0.01010492652939287
3760.0,0.11848778776237023,0.01010492652939287
3761.0,0.12008620210343204,0.01010492652939287
3762.0,0.12082985275002546,0.01010492652939287
3763.0,0.11953388433705492,0.01010492652939287
3764.0,0.11823791592408439,0.01010492652939287
3765.0,0.12494909066118833,0.01010492652939287
3766.0,0.1326060755958842,0.01010492652939287
3767.0,0.13487287723849217,0.01010492652939287
3768.0,0.1316052327758435,0.01010492652939287
3769.0,0.12916256206252455,0.01010492652939287
3770.0,0.13481963361534807,0.01010492652939287
3771.0,0.14047670516817157,0.01010492652939287
3772.0,0.14103998813858284,0.01010492652939287
3773.0,0.13933052168941124,0.01010492652939287
3774.0,0.13733844765649783,0.01010492652939287
3775.0,0.13465620386328947,0.01010492652939287
3776.0,0.13197396007008114,0.01010492652939287
3777.0,0.12913537778605977,0.01010492652939287
3778.0,0.12627738505513583,0.01010492652939287
3779.0,0.1230897965835281,0.01010492652939287
3780.0,0.11955722583788768,0.01010492652939287
3781.0,0.11663816045851626,0.01010492652939287
3782.0,0.1201062742348246,0.01010492652939287
3783.0,0.12357438801113295,0.01010492652939287
3784.0,0.12645361205838743,0.01010492652939287
3785.0,0.12906412942857362,0.01010492652939287
3786.0,0.13080698486186876,0.01010492652939287
3787.0,0.1303806854529357,0.01010492652939287
3788.0,0.12995438604400267,0.01010492652939287
3789.0,0.1326565763168134,0.01010492652939287
3790.0,0.13576627677883396,0.01010492652939287
3791.0,0.13815413806726376,0.01010492652939287
3792.0,0.1397717987486361,0.01010492652939287
3793.0,0.14123684646885273,0.01010492652939287
3794.0,0.14101209270612555,0.01010492652939287
3795.0,0.14078733894339834,0.01010492652939287
3796.0,0.13656634850381164,0.01010492652939287
3797.0,0.13048091665688624,0.01010492652939287
3798.0,0.126508655196806,0.01010492652939287
3799.0,0.12794574870134598,0.01010492652939287
3800.0,0.12938284220588595,0.01010492652939287
3801.0,0.13904693114198743,0.01010492652939287
3802.0,0.14983339326111403,0.01010492652939287
3803.0,0.1514506585124066,0.01010492652939287
3804.0,0.14309441138113588,0.01010492652939287
3805.0,0.1358587439703218,0.01010492652939287
3806.0,0.1418631569488548,0.01010492652939287
3807.0,0.14786756992738775,0.01010492652939287
3808.0,0.14640972562271257,0.01010492652939287
3809.0,0.14139275506061735,0.01010492652939287
3810.0,0.13597976295499206,0.01010492652939287
3811.0,0.12952850567219992,0.01010492652939287
3812.0,0.12307724838940776,0.01010492652939287
3813.0,0.13126741906122358,0.01010492652939287
3814.0,0.14154635311750619,0.01010492652939287
3815.0,0.14519193464134877,0.01010492652939287
3816.0,0.14148205183808676,0.01010492652939287
3817.0,0.13791261724629542,0.01010492652939287
3818.0,0.13612065837999765,0.01010492652939287
3819.0,0.1343286995136999,0.01010492652939287
3820.0,0.1384704077716836,0.01010492652939287
3821.0,0.14550477875275233,0.01010492652939287
3822.0,0.15201324966907787,0.01010492652939287
3823.0,0.15710923678319594,0.01010492652939287
3824.0,0.16220522389731404,0.01010492652939287
3825.0,0.14961237516518766,0.01010492652939287
3826.0,0.13438449985183082,0.01010492652939287
3827.0,0.12965487287733632,0.01010492652939287
3828.0,0.13679283098154998,0.01010492652939287
3829.0,0.14333297477577633,0.01010492652939287
3830.0,0.14173445357790782,0.01010492652939287
3831.0,0.1401359323800393,0.01010492652939287
3832.0,0.14131774061634486,0.01010492652939287
3833.0,0.1438847129772294,0.01010492652939287
3834.0,0.14252707694528238,0.01010492652939287
3835.0,0.13036792862496058,0.01010492652939287
3836.0,0.11820878030463876,0.01010492652939287
3837.0,0.12661344304521097,0.01010492652939287
3838.0,0.13821248420300788,0.01010492652939287
3839.0,0.14238603498349892,0.01010492652939287
3840.0,0.13800204388213505,0.01010492652939287
3841.0,0.13366584326267772,0.01010492652939287
3842.0,0.13003297426373156,0.01010492652939287
3843.0,0.12640010526478546,0.01010492652939287
3844.0,0.1315618013932252,0.01010492652939287
3845.0,0.14120044100136667,0.01010492652939287
3846.0,0.1481252577577733,0.01010492652939287
3847.0,0.147394106377405,0.01010492652939287
3848.0,0.14666295499703663,0.01010492652939287
3849.0,0.14754248776699358,0.01010492652939287
3850.0,0.14868260542040626,0.01010492652939287
3851.0,0.14881959787965066,0.01010492652939287
3852.0,0.14777798371389295,0.01010492652939287
3853.0,0.1467618554654881,0.01010492652939287
3854.0,0.1461535018947284,0.01010492652939287
3855.0,0.1455451483239687,0.01010492652939287
3856.0,0.14746676555886437,0.01010492652939287
3857.0,0.15070415228210307,0.01010492652939287
3858.0,0.15413114704472555,0.01010492652939287
3859.0,0.1581065874913601,0.01010492652939287
3860.0,0.16208202793799473,0.01010492652939287
3861.0,0.15508142749782503,0.01010492652939287
3862.0,0.1462335270486545,0.01010492652939287
3863.0,0.14337670966476382,0.01010492652939287
3864.0,0.1476965458735865,0.01010492652939287
3865.0,0.15186206773979125,0.01010492652939287
3866.0,0.15332537400636856,0.01010492652939287
3867.0,0.15478868027294587,0.01010492652939287
3868.0,0.15240394784733216,0.01010492652939287
3869.0,0.14797494486649068,0.01010492652939287
3870.0,0.1460180315733038,0.01010492652939287
3871.0,0.15139498435349866,0.01010492652939287
3872.0,0.15677193713369353,0.01010492652939287
3873.0,0.15524753842429279,0.01010492652939287
3874.0,0.15251613324844482,0.01010492652939287
3875.0,0.14910148330862955,0.01010492652939287
3876.0,0.1448523637637564,0.01010492652939287
3877.0,0.14127299901817378,0.01010492652939287
3878.0,0.15063133673699325,0.01010492652939287
3879.0,0.15998967445581275,0.01010492652939287
3880.0,0.15805740748798838,0.01010492652939287
3881.0,0.149998942051306,0.01010492652939287
3882.0,0.14449484068836285,0.01010492652939287
3883.0,0.14676542997703465,0.01010492652939287
3884.0,0.14903601926570645,0.01010492652939287
3885.0,0.15605740683822053,0.01010492652939287
3886.0,0.16394135069489194,0.01010492652939287
3887.0,0.16379720132917058,0.01010492652939287
3888.0,0.1536558037997222,0.01010492652939287
3889.0,0.14445526778691908,0.01010492652939287
3890.0,0.15549596872673074,0.01010492652939287
3891.0,0.16653666966654238,0.01010492652939287
3892.0,0.16722740962622892,0.01010492652939287
3893.0,0.16218318986372296,0.01010492652939287
3894.0,0.16003425610077615,0.01010492652939287
3895.0,0.16692950781169308,0.01010492652939287
3896.0,0.17382475952261003,0.01010492652939287
3897.0,0.16530086356386586,0.01010492652939287
3898.0,0.1538735047058442,0.01010492652939287
3899.0,0.14632851232724678,0.01010492652939287
3900.0,0.1437131732985429,0.01010492652939287
3901.0,0.14127315980661878,0.01010492652939287
3902.0,0.14308346235782965,0.01010492652939287
3903.0,0.1448937649090405,0.01010492652939287
3904.0,0.15075373995206967,0.01010492652939287
3905.0,0.15890497706283746,0.01010492652939287
3906.0,0.1650908997848364,0.01010492652939287
3907.0,0.1649739203004321,0.01010492652939287
3908.0,0.16485694081602775,0.01010492652939287
3909.0,0.1639600643027033,0.01010492652939287
3910.0,0.1629110127593457,0.01010492652939287
3911.0,0.16421190655325424,0.01010492652939287
3912.0,0.16855542929623996,0.01010492652939287
3913.0,0.172594947875094,0.01010492652939287
3914.0,0.16820621307595293,0.01010492652939287
3915.0,0.16381747827681184,0.01010492652939287
3916.0,0.16168029068676246,0.01010492652939287
3917.0,0.16084371275348006,0.01010492652939287
3918.0,0.15827300990188914,0.01010492652939287
3919.0,0.14999042136576554,0.01010492652939287
3920.0,0.14170783282964197,0.01010492652939287
3921.0,0.1481995752253066,0.01010492652939287
3922.0,0.15767603094052532,0.01010492652939287
3923.0,0.16440835363481066,0.01010492652939287
3924.0,0.16751750348251457,0.01010492652939287
3925.0,0.1707959269497577,0.01010492652939287
3926.0,0.17954527380052315,0.01010492652939287
3927.0,0.1882946206512886,0.01010492652939287
3928.0,0.1856825390132082,0.01010492652939287
3929.0,0.17637068370517597,0.01010492652939287
3930.0,0.16785545821107284,0.01010492652939287
3931.0,0.16203619571884706,0.01010492652939287
3932.0,0.15621693322662128,0.01010492652939287
3933.0,0.15621927816642397,0.01010492652939287
3934.0,0.15743833061016402,0.01010492652939287
3935.0,0.15942360708948924,0.01010492652939287
3936.0,0.16244058804489875,0.01010492652939287
3937.0,0.16529655118376918,0.01010492652939287
3938.0,0.16192649208308907,0.01010492652939287
3939.0,0.15855643298240893,0.01010492652939287
3940.0,0.16513542219285407,0.01010492652939287
3941.0,0.17770297317519235,0.01010492652939287
3942.0,0.18588826139164996,0.01010492652939287
3943.0,0.17882987213752796,0.01010492652939287
3944.0,0.17177148288340596,0.01010492652939287
3945.0,0.17036568043433328,0.01010492652939287
3946.0,0.17018116681321072,0.01010492652939287
3947.0,0.16938994476127087,0.01010492652939287
3948.0,0.16776557893823646,0.01010492652939287
3949.0,0.16615542797768307,0.01010492652939287
3950.0,0.16522759041621218,0.01010492652939287
3951.0,0.1642997528547413,0.01010492652939287
3952.0,0.16968073643925097,0.01010492652939287
3953.0,0.17893748805336157,0.01010492652939287
3954.0,0.1848034140854307,0.01010492652939287
3955.0,0.17854061784328826,0.01010492652939287
3956.0,0.17227782160114583,0.01010492652939287
3957.0,0.17374909718934953,0.01010492652939287
3958.0,0.1769466266956314,0.01010492652939287
3959.0,0.18107135602777316,0.01010492652939287
3960.0,0.18649469952523942,0.01010492652939287
3961.0,0.19183965762763205,0.01010492652939287
3962.0,0.19224030619465582,0.01010492652939287
3963.0,0.1926409547616796,0.01010492652939287
3964.0,0.1887180528497025,0.01010492652939287
3965.0,0.18208448745382194,0.01010492652939287
3966.0,0.17748356930763165,0.01010492652939287
3967.0,0.1803623362656335,0.01010492652939287
3968.0,0.18324110322363535,0.01010492652939287
3969.0,0.1814456866294729,0.01010492652939287
3970.0,0.17857320558311376,0.01010492652939287
3971.0,0.17710484366120371,0.01010492652939287
3972.0,0.1776423662027918,0.01010492652939287
3973.0,0.17820508829739556,0.01010492652939287
3974.0,0.18107496946808962,0.01010492652939287
3975.0,0.18394485063878369,0.01010492652939287
3976.0,0.18247586189769627,0.01010492652939287
3977.0,0.1782310213429697,0.01010492652939287
3978.0,0.1748168919588742,0.01010492652939287
3979.0,0.17454896177849025,0.01010492652939287
3980.0,0.1742810315981063,0.01010492652939287
3981.0,0.17913503618975246,0.01010492652939287
3982.0,0.18520673701249035,0.01010492652939287
3983.0,0.18545792809462752,0.01010492652939287
3984.0,0.177227314422025,0.01010492652939287
3985.0,0.1690961582703858,0.01010492652939287
3986.0,0.17743516759031225,0.01010492652939287
3987.0,0.1857741769102387,0.01010492652939287
3988.0,0.1887288541160365,0.01010492652939287
3989.0,0.18816875896955543,0.01010492652939287
3990.0,0.18745593950951056,0.01010492652939287
3991.0,0.18614749522656668,0.01010492652939287
3992.0,0.1848390509436228,0.01010492652939287
3993.0,0.19114931973271992,0.01010492652939287
3994.0,0.1993272551045005,0.01010492652939287
3995.0,0.20225055743431478,0.01010492652939287
3996.0,0.19736249482412874,0.01010492652939287
3997.0,0.19247496420824237,0.01010492652939287
3998.0,0.18803005284965116,0.01010492652939287
3999.0,0.18358514149105995,0.01010492652939287
4000.0,0.18622739760684923,0.01010492652939287
4001.0,0.19358970726057806,0.01010492652939287
4002.0,0.19824239722770137,0.01010492652939287
4003.0,0.19200763941791296,0.01010492652939287
4004.0,0.18577288160812458,0.01010492652939287
4005.0,0.18309601660141,0.01010492652939287
4006.0,0.1813179876712622,0.01010492652939287
4007.0,0.18111584750656878,0.01010492652939287
4008.0,0.18330372595292863,0.01010492652939287
4009.0,0.18549160439928847,0.01010492652939287
4010.0,0.18709651970260485,0.01010492652939287
4011.0,0.18869932791022365,0.01010492652939287
4012.0,0.19124952802155154,0.01010492652939287
4013.0,0.19444341980939195,0.01010492652939287
4014.0,0.1972739674678965,0.01010492652939287
4015.0,0.19859955271415444,0.01010492652939287
4016.0,0.19992513796041236,0.01010492652939287
4017.0,0.1997635859531709,0.01010492652939287
4018.0,0.1992150632838988,0.01010492652939287
4019.0,0.19727781762977,0.01010492652939287
4020.0,0.193191661179504,0.01010492652939287
4021.0,0.189105504729238,0.01010492652939287
4022.0,0.18786827643231213,0.01010492652939287
4023.0,0.18665519159431226,0.01010492652939287
4024.0,0.19091208885056596,0.01010492652939287
4025.0,0.198960172883525,0.01010492652939287
4026.0,0.20432861062988186,0.01010492652939287
4027.0,0.19824919240500807,0.01010492652939287
4028.0,0.19216977418013428,0.01010492652939287
4029.0,0.1947043950901206,0.01010492652939287
4030.0,0.1995465820392759,0.01010492652939287
4031.0,0.19975920347320408,0.01010492652939287
4032.0,0.19266198461993594,0.01010492652939287
4033.0,0.18556476576666783,0.01010492652939287
4034.0,0.186128408716426,0.01010492652939287
4035.0,0.18679456928155214,0.01010492652939287
4036.0,0.18946102076902102,0.01010492652939287
4037.0,0.19354161235527662,0.01010492652939287
4038.0,0.19778395714249145,0.01010492652939287
4039.0,0.20273948649757145,0.01010492652939287
4040.0,0.20769501585265143,0.01010492652939287
4041.0,0.20528687527149672,0.01010492652939287
4042.0,0.2008489328702476,0.01010492652939287
4043.0,0.19876753999801372,0.01010492652939287
4044.0,0.20048322066155885,0.01010492652939287
4045.0,0.202198901325104,0.01010492652939287
4046.0,0.20163252262257758,0.01010492652939287
4047.0,0.2010242968656612,0.01010492652939287
4048.0,0.20280540428705426,0.01010492652939287
4049.0,0.20630939864900502,0.01010492652939287
4050.0,0.2111667945128944,0.01010492652939287
4051.0,0.22218667854894383,0.01010492652939287
4052.0,0.23320656258499325,0.01010492652939287
4053.0,0.22268216987851397,0.01010492652939287
4054.0,0.20604969254857491,0.01010492652939287
4055.0,0.2017916380254054,0.01010492652939287
4056.0,0.2178826343400362,0.01010492652939287
4057.0,0.23397363065466703,0.01010492652939287
4058.0,0.21837612706928214,0.01010492652939287
4059.0,0.202038965623822,0.01010492652939287
4060.0,0.19376059516870828,0.01010492652939287
4061.0,0.19140879392107968,0.01010492652939287
4062.0,0.19016568060370956,0.01010492652939287
4063.0,0.1941394755609143,0.01010492652939287
4064.0,0.19811327051811908,0.01010492652939287
4065.0,0.20063339450749024,0.01010492652939287
4066.0,0.2027298128504229,0.01010492652939287
4067.0,0.20413815752944364,0.01010492652939287
4068.0,0.2043916004317371,0.01010492652939287
4069.0,0.20464504333403058,0.01010492652939287
4070.0,0.2082695542899492,0.01010492652939287
4071.0,0.21198978693134152,0.01010492652939287
4072.0,0.20899877237161874,0.01010492652939287
4073.0,0.20097432241105692,0.01010492652939287
4074.0,0.19614095082787877,0.01010492652939287
4075.0,0.2068359958557379,0.01010492652939287
4076.0,0.21753104088359704,0.01010492652939287
4077.0,0.21769265958778783,0.01010492652939287
4078.0,0.21469918023558834,0.01010492652939287
4079.0,0.21302682599073922,0.01010492652939287
4080.0,0.21361802811874173,0.01010492652939287
4081.0,0.21420923024674426,0.01010492652939287
4082.0,0.20882849064211612,0.01010492652939287
4083.0,0.2032476983988006,0.01010492652939287
4084.0,0.20349812162468683,0.01010492652939287
4085.0,0.208208436342903,0.01010492652939287
4086.0,0.2126523902439795,0.01010492652939287
4087.0,0.21575488930511133,0.01010492652939287
4088.0,0.2188573883662432,0.01010492652939287
4089.0,0.21829517942177618,0.01010492652939287
4090.0,0.2166053680140493,0.01010492652939287
4091.0,0.21608851699551135,0.01010492652939287
4092.0,0.21762337886895228,0.01010492652939287
4093.0,0.2191582407423932,0.01010492652939287
4094.0,0.22116930732075568,0.01010492652939287
4095.0,0.22319878081414618,0.01010492652939287
4096.0,0.22271964650055992,0.01010492652939287
4097.0,0.22028401250845678,0.01010492652939287
4098.0,0.21862523805670722,0.01010492652939287
4099.0,0.22101888762515576,0.01010492652939287
4100.0,0.2234125371936043,0.01010492652939287
4101.0,0.2179469896969013,0.01010492652939287
4102.0,0.20999828356981437,0.01010492652939287
4103.0,0.2068232267467695,0.01010492652939287
4104.0,0.2121736840653875,0.01010492652939287
4105.0,0.21752414138400547,0.01010492652939287
4106.0,0.22113519429082276,0.01010492652939287
4107.0,0.22466995753045516,0.01010492652939287
4108.0,0.2268626319762617,0.01010492652939287
4109.0,0.22798799873904757,0.01010492652939287
4110.0,0.22838020931256064,0.01010492652939287
4111.0,0.22480773680102162,0.01010492652939287
4112.0,0.2212352642894826,0.01010492652939287
4113.0,0.22366209509020743,0.01010492652939287
4114.0,0.22803464588409836,0.01010492652939287
4115.0,0.2298941092225183,0.01010492652939287
4116.0,0.22717038255739305,0.01010492652939287
4117.0,0.22444665589226775,0.01010492652939287
4118.0,0.22756796153775033,0.01010492652939287
4119.0,0.23097636574760766,0.01010492652939287
4120.0,0.22883075339278222,0.01010492652939287
4121.0,0.22218155804095072,0.01010492652939287
4122.0,0.21794461606553772,0.01010492652939287
4123.0,0.22724309581336297,0.01010492652939287
4124.0,0.23654157556118818,0.01010492652939287
4125.0,0.23661642395060828,0.01010492652939287
4126.0,0.23362164782395828,0.01010492652939287
4127.0,0.23306068658305293,0.01010492652939287
4128.0,0.23703281011216065,0.01010492652939287
4129.0,0.2410049336412684,0.01010492652939287
4130.0,0.22992844349527,0.01010492652939287
4131.0,0.21803285159227886,0.01010492652939287
4132.0,0.2193159509961237,0.01010492652939287
4133.0,0.23149459123917598,0.01010492652939287
4134.0,0.2414707855858833,0.01010492652939287
4135.0,0.23861141409409328,0.01010492652939287
4136.0,0.23575204260230329,0.01010492652939287
4137.0,0.23744338518041402,0.01010492652939287
4138.0,0.2406882726583951,0.01010492652939287
4139.0,0.24179564255711247,0.01010492652939287
4140.0,0.23883651559772437,0.01010492652939287
4141.0,0.23587738863833624,0.01010492652939287
4142.0,0.2315127797612876,0.01010492652939287
4143.0,0.22706412807236842,0.01010492652939287
4144.0,0.22825558704314478,0.01010492652939287
4145.0,0.2342012100876852,0.01010492652939287
4146.0,0.23836113290095018,0.01010492652939287
4147.0,0.23170092295689565,0.01010492652939287
4148.0,0.22504071301284115,0.01010492652939287
4149.0,0.22866465351107534,0.01010492652939287
4150.0,0.23588888006365508,0.01010492652939287
4151.0,0.23759273398344644,0.01010492652939287
4152.0,0.22856794851088344,0.01010492652939287
4153.0,0.21954316303832042,0.01010492652939287
4154.0,0.22660464004345135,0.01010492652939287
4155.0,0.2347152211232101,0.01010492652939287
4156.0,0.23663498761783633,0.01010492652939287
4157.0,0.23323452282835935,0.01010492652939287
4158.0,0.231286927800471,0.01010492652939287
4159.0,0.23850260784784877,0.01010492652939287
4160.0,0.2457182878952266,0.01010492652939287
4161.0,0.2449814342210179,0.01010492652939287
4162.0,0.24139049014101574,0.01010492652939287
4163.0,0.2388855480690115,0.01010492652939287
4164.0,0.23853704009173973,0.01010492652939287
4165.0,0.23818853211446792,0.01010492652939287
4166.0,0.2420705280993986,0.01010492652939287
4167.0,0.2462515957011959,0.01010492652939287
4168.0,0.24396446939196215,0.01010492652939287
4169.0,0.2360103894084275,0.01010492652939287
4170.0,0.22914728866598527,0.01010492652939287
4171.0,0.2294548969354709,0.01010492652939287
4172.0,0.22976250520495647,0.01010492652939287
4173.0,0.22856459676284877,0.01010492652939287
4174.0,0.22681293504751168,0.01010492652939287
4175.0,0.22808471350442347,0.01010492652939287
4176.0,0.23549132692903565,0.01010492652939287
4177.0,0.2428979403536478,0.01010492652939287
4178.0,0.24236735149154817,0.01010492652939287
4179.0,0.2412317304137955,0.01010492652939287
4180.0,0.2436786943604488,0.01010492652939287
4181.0,0.2493255581129852,0.01010492652939287
4182.0,0.25445119710029046,0.01010492652939287
4183.0,0.2560020209524741,0.01010492652939287
4184.0,0.2575528448046578,0.01010492652939287
4185.0,0.2504857040317394,0.01010492652939287
4186.0,0.24017080138356917,0.01010492652939287
4187.0,0.2357605809314453,0.01010492652939287
4188.0,0.24359549477518042,0.01010492652939287
4189.0,0.25143040861891547,0.01010492652939287
4190.0,0.253807732838611,0.01010492652939287
4191.0,0.2557385269981608,0.01010492652939287
4192.0,0.25448042299960033,0.01010492652939287
4193.0,0.25031866632037514,0.01010492652939287
4194.0,0.24687015896807082,0.01010492652939287
4195.0,0.24853327179201237,0.01010492652939287
4196.0,0.2501963846159539,0.01010492652939287
4197.0,0.24591253199838073,0.01010492652939287
4198.0,0.23933301218874145,0.01010492652939287
4199.0,0.23656667492983532,0.01010492652939287
4200.0,0.24188371341516515,0.01010492652939287
4201.0,0.247200751900495,0.01010492652939287
4202.0,0.2515404015699112,0.01010492652939287
4203.0,0.25579456161704767,0.01010492652939287
4204.0,0.25993169548536843,0.01010492652939287
4205.0,0.2639602008867794,0.01010492652939287
4206.0,0.2669247268440068,0.01010492652939287
4207.0,0.2619094069698493,0.01010492652939287
4208.0,0.2568940870956919,0.01010492652939287
4209.0,0.26002772026183174,0.01010492652939287
4210.0,0.2663827150988376,0.01010492652939287
4211.0,0.26967106027890625,0.01010492652939287
4212.0,0.26631305449146436,0.01010492652939287
4213.0,0.2629550487040224,0.01010492652939287
4214.0,0.2580785726700145,0.01010492652939287
4215.0,0.2530606118755003,0.01010492652939287
4216.0,0.2523036044010427,0.01010492652939287
4217.0,0.2555785737831836,0.01010492652939287
4218.0,0.2580186644620095,0.01010492652939287
4219.0,0.25389518746266376,0.01010492652939287
4220.0,0.24977171046331798,0.01010492652939287
4221.0,0.2569724825672641,0.01010492652939287
4222.0,0.26875642462870214,0.01010492652939287
4223.0,0.27571782534918593,0.01010492652939287
4224.0,0.2719914317464857,0.01010492652939287
4225.0,0.2682650381437854,0.01010492652939287
4226.0,0.26671240469462393,0.01010492652939287
4227.0,0.2653748530548501,0.01010492652939287
4228.0,0.2614390958183467,0.01010492652939287
4229.0,0.25499705063594347,0.01010492652939287
4230.0,0.2499734009326077,0.01010492652939287
4231.0,0.2566593939064944,0.01010492652939287
4232.0,0.26334538688038106,0.01010492652939287
4233.0,0.2648471895820214,0.01010492652939287
4234.0,0.2642013820520369,0.01010492652939287
4235.0,0.2640726872472463,0.01010492652939287
4236.0,0.2651161146195635,0.01010492652939287
4237.0,0.26615954199188074,0.01010492652939287
4238.0,0.26371838332895287,0.01010492652939287
4239.0,0.2609121287816962,0.01010492652939287
4240.0,0.26190132209220035,0.01010492652939287
4241.0,0.2666227057961743,0.01010492652939287
4242.0,0.27083802799366163,0.01010492652939287
4243.0,0.27065767640806654,0.01010492652939287
4244.0,0.27047732482247155,0.01010492652939287
4245.0,0.2728925110336818,0.01010492652939287
4246.0,0.27640802779806956,0.01010492652939287
4247.0,0.27793199055684364,0.01010492652939287
4248.0,0.274838087055591,0.01010492652939287
4249.0,0.2717441835543383,0.01010492652939287
4250.0,0.2658818631327266,0.01010492652939287
4251.0,0.259713171238597,0.01010492652939287
4252.0,0.26057929434365407,0.01010492652939287
4253.0,0.2684971430608753,0.01010492652939287
4254.0,0.27518628818102486,0.01010492652939287
4255.0,0.2706223064547689,0.01010492652939287
4256.0,0.26605832472851293,0.01010492652939287
4257.0,0.2705598022609191,0.01010492652939287
4258.0,0.2789932862187689,0.01010492652939287
4259.0,0.2848624981310938,0.01010492652939287
4260.0,0.28464805247793584,0.01010492652939287
4261.0,0.2844336068247778,0.01010492652939287
4262.0,0.2725187502463641,0.01010492652939287
4263.0,0.25923936853323537,0.01010492652939287
4264.0,0.2570132055163667,0.01010492652939287
4265.0,0.2660817150022106,0.01010492652939287
4266.0,0.27431048133839037,0.01010492652939287
4267.0,0.27441096462332837,0.01010492652939287
4268.0,0.2745114479082664,0.01010492652939287
4269.0,0.2722691633338196,0.01010492652939287
4270.0,0.2689874531579839,0.01010492652939287
4271.0,0.26852124751213624,0.01010492652939287
4272.0,0.2748910405193485,0.01010492652939287
4273.0,0.28126083352656084,0.01010492652939287
4274.0,0.2690761315729828,0.01010492652939287
4275.0,0.25461587835063704,0.01010492652939287
4276.0,0.2483972921736207,0.01010492652939287
4277.0,0.250763775835493,0.01010492652939287
4278.0,0.2528620876705774,0.01010492652939287
4279.0,0.2522098263092949,0.01010492652939287
4280.0,0.2515575649480124,0.01010492652939287
4281.0,0.25255700017422616,0.01010492652939287
4282.0,0.25430589633019446,0.01010492652939287
4283.0,0.25613347575895784,0.01010492652939287
4284.0,0.2581566111042073,0.01010492652939287
4285.0,0.2601797464494568,0.01010492652939287
4286.0,0.26055908264094957,0.01010492652939287
4287.0,0.260726818670373,0.01010492652939287
4288.0,0.2607553128997631,0.01010492652939287
4289.0,0.26063594888109815,0.01010492652939287
4290.0,0.2613392654698583,0.01010492652939287
4291.0,0.27100980067957653,0.01010492652939287
4292.0,0.28068033588929475,0.01010492652939287
4293.0,0.2741423248697345,0.01010492652939287
4294.0,0.26008400417614086,0.01010492652939287
4295.0,0.2523245487851511,0.01010492652939287
4296.0,0.2605936953131467,0.01010492652939287
4297.0,0.26886284184114223,0.01010492652939287
4298.0,0.2726137781269752,0.01010492652939287
4299.0,0.2757553100340981,0.01010492652939287
4300.0,0.27617447138493256,0.01010492652939287
4301.0,0.2736466666085816,0.01010492652939287
4302.0,0.27127268966109885,0.01010492652939287
4303.0,0.27068637854303396,0.01010492652939287
4304.0,0.2701000674249691,0.01010492652939287
4305.0,0.26777666074688605,0.01010492652939287
4306.0,0.26462928661732416,0.01010492652939287
4307.0,0.2625820602451998,0.01010492652939287
4308.0,0.2634018856045776,0.01010492652939287
4309.0,0.2642217109639553,0.01010492652939287
4310.0,0.2722107299380817,0.01010492652939287
4311.0,0.2812112926688126,0.01010492652939287
4312.0,0.2842790405032779,0.01010492652939287
4313.0,0.2807997173537355,0.01010492652939287
4314.0,0.2781703649246187,0.01010492652939287
4315.0,0.28611080968020564,0.01010492652939287
4316.0,0.2940512544357926,0.01010492652939287
4317.0,0.29141378773469945,0.01010492652939287
4318.0,0.28364763669097526,0.01010492652939287
4319.0,0.2790343909737149,0.01010492652939287
4320.0,0.282838152427521,0.01010492652939287
4321.0,0.2866419138813271,0.01010492652939287
4322.0,0.28886530126548127,0.01010492652939287
4323.0,0.29085576850438377,0.01010492652939287
4324.0,0.28941205136596093,0.01010492652939287
4325.0,0.2841048768030405,0.01010492652939287
4326.0,0.279641333638912,0.01010492652939287
4327.0,0.2864504514069162,0.01010492652939287
4328.0,0.2932595691749204,0.01010492652939287
4329.0,0.2952831343810065,0.01010492652939287
4330.0,0.29493540244690103,0.01010492652939287
4331.0,0.29503019124462515,0.01010492652939287
4332.0,0.296335462761704,0.01010492652939287
4333.0,0.29764073427878285,0.01010492652939287
4334.0,0.2931268562034756,0.01010492652939287
4335.0,0.28771834432657206,0.01010492652939287
4336.0,0.29059817950367833,0.01010492652939287
4337.0,0.3029839797298442,0.01010492652939287
4338.0,0.3143912858736613,0.01010492652939287
4339.0,0.31168290886664646,0.01010492652939287
4340.0,0.30897453185963164,0.01010492652939287
4341.0,0.3064259270030126,0.01010492652939287
4342.0,0.3039582194377332,0.01010492652939287
4343.0,0.3041124176769426,0.01010492652939287
4344.0,0.3116175299068055,0.01010492652939287
4345.0,0.31912264213666847,0.01010492652939287
4346.0,0.3148195444595918,0.01010492652939287
4347.0,0.308625159680427,0.01010492652939287
4348.0,0.3073307251408973,0.01010492652939287
4349.0,0.3117656595013504,0.01010492652939287
4350.0,0.3163976854912852,0.01010492652939287
4351.0,0.32411616639891166,0.01010492652939287
4352.0,0.3318346473065382,0.01010492652939287
4353.0,0.32926377085072583,0.01010492652939287
4354.0,0.32137016672421603,0.01010492652939287
4355.0,0.3149797998596844,0.01010492652939287
4356.0,0.3129103661481914,0.01010492652939287
4357.0,0.31084093243669847,0.01010492652939287
4358.0,0.3038392196858639,0.01010492652939287
4359.0,0.29601546042847426,0.01010492652939287
4360.0,0.2961001582696397,0.01010492652939287
4361.0,0.3056125694414589,0.01010492652939287
4362.0,0.3147605711319584,0.01010492652939287
4363.0,0.3176740019138186,0.01010492652939287
4364.0,0.32058743269567885,0.01010492652939287
4365.0,0.31848475847651114,0.01010492652939287
4366.0,0.313731371889825,0.01010492652939287
4367.0,0.31233561104826824,0.01010492652939287
4368.0,0.32083768534163287,0.01010492652939287
4369.0,0.3293397596349975,0.01010492652939287
4370.0,0.3243335953908577,0.01010492652939287
4371.0,0.3169872715127508,0.01010492652939287
4372.0,0.3104924463357128,0.01010492652939287
4373.0,0.3050325544203459,0.01010492652939287
4374.0,0.299696357980901,0.01010492652939287
4375.0,0.2966897596713367,0.01010492652939287
4376.0,0.29368316136177236,0.01010492652939287
4377.0,0.29586148966777265,0.01010492652939287
4378.0,0.3008383365906748,0.01010492652939287
4379.0,0.3065220047831909,0.01010492652939287
4380.0,0.3143432097620792,0.01010492652939287
4381.0,0.3221644147409675,0.01010492652939287
4382.0,0.3218577505695302,0.01010492652939287
4383.0,0.3200889909560384,0.01010492652939287
4384.0,0.3157903300528021,0.01010492652939287
4385.0,0.3083564957770555,0.01010492652939287
4386.0,0.3018285694368175,0.01010492652939287
4387.0,0.31425319069469043,0.01010492652939287
4388.0,0.3266778119525634,0.01010492652939287
4389.0,0.32956788955783634,0.01010492652939287
4390.0,0.3272024272726749,0.01010492652939287
4391.0,0.32403422943567073,0.01010492652939287
4392.0,0.31837478333432756,0.01010492652939287
4393.0,0.3127153372329844,0.01010492652939287
4394.0,0.32079133551854877,0.01010492652939287
4395.0,0.331430500776607,0.01010492652939287
4396.0,0.3319667429074916,0.01010492652939287
4397.0,0.319737063152138,0.01010492652939287
4398.0,0.30839150849014485,0.01010492652939287
4399.0,0.31782289352188775,0.01010492652939287
4400.0,0.32725427855363054,0.01010492652939287
4401.0,0.32978629271527254,0.01010492652939287
4402.0,0.3284349836854877,0.01010492652939287
4403.0,0.32656980177233375,0.01010492652939287
4404.0,0.3230674570046305,0.01010492652939287
4405.0,0.3195651122369273,0.01010492652939287
4406.0,0.3249995400974545,0.01010492652939287
4407.0,0.3321624268473966,0.01010492652939287
4408.0,0.3359977966820085,0.01010492652939287
4409.0,0.3355457889526439,0.01010492652939287
4410.0,0.3351866902843379,0.01010492652939287
4411.0,0.33731445748370725,0.01010492652939287
4412.0,0.33944222468307655,0.01010492652939287
4413.0,0.33890156469929955,0.01010492652939287
4414.0,0.33682744183522906,0.01010492652939287
4415.0,0.33545356473966026,0.01010492652939287
4416.0,0.33637074815847273,0.01010492652939287
4417.0,0.33728793157728515,0.01010492652939287
4418.0,0.3336937803968967,0.01010492652939287
4419.0,0.3291960622002438,0.01010492652939287
4420.0,0.3286234087813916,0.01010492652939287
4421.0,0.3332078543622642,0.01010492652939287
4422.0,0.3378175427086459,0.01010492652939287
4423.0,0.34321072766139804,0.01010492652939287
4424.0,0.3486039126141502,0.01010492652939287
4425.0,0.34769794000017296,0.01010492652939287
4426.0,0.3430964616137115,0.01010492652939287
4427.0,0.33936959257208815,0.01010492652939287
4428.0,0.338582509914681,0.01010492652939287
4429.0,0.33779542725727374,0.01010492652939287
4430.0,0.33744169575811866,0.01010492652939287
4431.0,0.33717777471639854,0.01010492652939287
4432.0,0.33831823431521785,0.01010492652939287
4433.0,0.3413404061767805,0.01010492652939287
4434.0,0.34439233981692996,0.01010492652939287
4435.0,0.34854140084044855,0.01010492652939287
4436.0,0.35269046186396713,0.01010492652939287
4437.0,0.35544525837722907,0.01010492652939287
4438.0,0.3573651018632363,0.01010492652939287
4439.0,0.3574718535264421,0.01010492652939287
4440.0,0.35131519707450604,0.01010492652939287
4441.0,0.34515854062257,0.01010492652939287
4442.0,0.34810784888732166,0.01010492652939287
4443.0,0.3530084353056471,0.01010492652939287
4444.0,0.3561083476883457,0.01010492652939287
4445.0,0.3567476799257671,0.01010492652939287
4446.0,0.35714949361474574,0.01010492652939287
4447.0,0.3467969952492958,0.01010492652939287
4448.0,0.33644449688384587,0.01010492652939287
4449.0,0.33636519147492605,0.01010492652939287
4450.0,0.34256505236050466,0.01010492652939287
4451.0,0.3473658402428539,0.01010492652939287
4452.0,0.34719724314105765,0.01010492652939287
4453.0,0.3470286460392615,0.01010492652939287
4454.0,0.3484707759776971,0.01010492652939287
4455.0,0.35026953316404413,0.01010492652939287
4456.0,0.3480786023944489,0.01010492652939287
4457.0,0.34032733065177473,0.01010492652939287
4458.0,0.3328214086934769,0.01010492652939287
4459.0,0.339668449120758,0.01010492652939287
4460.0,0.3465154895480391,0.01010492652939287
4461.0,0.35042672051928364,0.01010492652939287
4462.0,0.35250664734641196,0.01010492652939287
4463.0,0.3542732522803417,0.01010492652939287
4464.0,0.35489509454302903,0.01010492652939287
4465.0,0.35551693680571633,0.01010492652939287
4466.0,0.3568214610476882,0.01010492652939287
4467.0,0.3582820556536558,0.01010492652939287
4468.0,0.35516427811704226,0.01010492652939287
4469.0,0.3455382913428762,0.01010492652939287
4470.0,0.3362046277994647,0.01010492652939287
4471.0,0.35092916614720254,0.01010492652939287
4472.0,0.36565370449494045,0.01010492652939287
4473.0,0.3680138427903007,0.01010492652939287
4474.0,0.3625035181839646,0.01010492652939287
4475.0,0.35873834823625195,0.01010492652939287
4476.0,0.3615349598049662,0.01010492652939287
4477.0,0.3643315713736804,0.01010492652939287
4478.0,0.36158226893316564,0.01010492652939287
4479.0,0.35752465740145617,0.01010492652939287
4480.0,0.3547173094508085,0.01010492652939287
4481.0,0.3537228436927011,0.01010492652939287
4482.0,0.35284738206429056,0.01010492652939287
4483.0,0.3683746563116266,0.01010492652939287
4484.0,0.38390193055896266,0.01010492652939287
4485.0,0.37934081350740784,0.01010492652939287
4486.0,0.3617321868597349,0.01010492652939287
4487.0,0.34934360342397286,0.01010492652939287
4488.0,0.35716360832901994,0.01010492652939287
4489.0,0.3649836132340671,0.01010492652939287
4490.0,0.3707158859220676,0.01010492652939287
4491.0,0.37594024763786094,0.01010492652939287
4492.0,0.37821805564946104,0.01010492652939287
4493.0,0.37613741964028063,0.01010492652939287
4494.0,0.3740496964926585,0.01010492652939287
4495.0,0.3690172673222621,0.01010492652939287
4496.0,0.3639848381518658,0.01010492652939287
4497.0,0.3617016578763541,0.01010492652939287
4498.0,0.36124033515194176,0.01010492652939287
4499.0,0.3621694750618762,0.01010492652939287
4500.0,0.3686438132620872,0.01010492652939287
4501.0,0.37511815146229815,0.01010492652939287
4502.0,0.37877449507821004,0.01010492652939287
4503.0,0.3817242244364984,0.01010492652939287
4504.0,0.37884441737313723,0.01010492652939287
4505.0,0.3671676291433621,0.01010492652939287
4506.0,0.35549084091358696,0.01010492652939287
4507.0,0.36066096570530637,0.01010492652939287
4508.0,0.36587163661741123,0.01010492652939287
4509.0,0.3696666391095703,0.01010492652939287
4510.0,0.3725045699938776,0.01010492652939287
4511.0,0.37474236029291147,0.01010492652939287
4512.0,0.3745133150573884,0.01010492652939287
4513.0,0.3742842698218652,0.01010492652939287
4514.0,0.3790510797224103,0.01010492652939287
4515.0,0.38510835975629276,0.01010492652939287
4516.0,0.3848674640836513,0.01010492652939287
4517.0,0.3749296820335924,0.01010492652939287
4518.0,0.36499189998353343,0.01010492652939287
4519.0,0.3674300261858664,0.01010492652939287
4520.0,0.369957941323518,0.01010492652939287
4521.0,0.37309721474929913,0.01010492652939287
4522.0,0.37665811458068654,0.01010492652939287
4523.0,0.3792842916330895,0.01010492652939287
4524.0,0.37794818470412705,0.01010492652939287
4525.0,0.3766120777751646,0.01010492652939287
4526.0,0.37222837574687323,0.01010492652939287
4527.0,0.3670341431070585,0.01010492652939287
4528.0,0.3647402444714706,0.01010492652939287
4529.0,0.36700273474992084,0.01010492652939287
4530.0,0.36926522502837117,0.01010492652939287
4531.0,0.37518153829296785,0.01010492652939287
4532.0,0.38114224794864754,0.01010492652939287
4533.0,0.3796307894194285,0.01010492652939287
4534.0,0.3728628362979603,0.01010492652939287
4535.0,0.36928352477305126,0.01010492652939287
4536.0,0.37965194874793023,0.01010492652939287
4537.0,0.3900203727228091,0.01010492652939287
4538.0,0.39142822173317604,0.01010492652939287
4539.0,0.3903835586355254,0.01010492652939287
4540.0,0.3899400508951163,0.01010492652939287
4541.0,0.3904602703367853,0.01010492652939287
4542.0,0.39098048977845434,0.01010492652939287
4543.0,0.39388546022051973,0.01010492652939287
4544.0,0.39683119563694985,0.01010492652939287
4545.0,0.39845406005249256,0.01010492652939287
4546.0,0.3991277304302849,0.01010492652939287
4547.0,0.39874582332550007,0.01010492652939287
4548.0,0.39359634110074315,0.01010492652939287
4549.0,0.38844685887598623,0.01010492652939287
4550.0,0.3914793572707301,0.01010492652939287
4551.0,0.396815397901427,0.01010492652939287
4552.0,0.4001482578793562,0.01010492652939287
4553.0,0.40020376216905956,0.01010492652939287
4554.0,0.4002592664587629,0.01010492652939287
4555.0,0.3948411236198841,0.01010492652939287
4556.0,0.38930209041497454,0.01010492652939287
4557.0,0.3918262471726993,0.01010492652939287
4558.0,0.4002511167513049,0.01010492652939287
4559.0,0.4068509712157261,0.01010492652939287
4560.0,0.4049340884806108,0.01010492652939287
4561.0,0.40301720574549554,0.01010492652939287
4562.0,0.4023065102919417,0.01010492652939287
4563.0,0.40194497431462883,0.01010492652939287
4564.0,0.40275746056512773,0.01010492652939287
4565.0,0.4055304134204036,0.01010492652939287
4566.0,0.4083033662756795,0.01010492652939287
4567.0,0.4062151760661375,0.01010492652939287
4568.0,0.4039951176106954,0.01010492652939287
4569.0,0.40296849862039796,0.01010492652939287
4570.0,0.4028325807822847,0.01010492652939287
4571.0,0.4027951778270818,0.01010492652939287
4572.0,0.4032331264048027,0.01010492652939287
4573.0,0.4036710749825235,0.01010492652939287
4574.0,0.41086733767786693,0.01010492652939287
4575.0,0.4200742514580511,0.01010492652939287
4576.0,0.4218336237974594,0.01010492652939287
4577.0,0.4108983232264642,0.01010492652939287
4578.0,0.3999630226554689,0.01010492652939287
4579.0,0.3981630501212004,0.01010492652939287
4580.0,0.3966574004233013,0.01010492652939287
4581.0,0.40041996161168353,0.01010492652939287
4582.0,0.40819215476425214,0.01010492652939287
4583.0,0.41465298900874153,0.01010492652939287
4584.0,0.41456646294956806,0.01010492652939287
4585.0,0.41447993689039464,0.01010492652939287
4586.0,0.40773370026518585,0.01010492652939287
4587.0,0.39895197216603345,0.01010492652939287
4588.0,0.39646507159059197,0.01010492652939287
4589.0,0.4049319991731603,0.01010492652939287
4590.0,0.4133989267557287,0.01010492652939287
4591.0,0.4161284843056456,0.01010492652939287
4592.0,0.41864369428273673,0.01010492652939287
4593.0,0.41637624649547567,0.01010492652939287
4594.0,0.410396885219458,0.01010492652939287
4595.0,0.4066843124411821,0.01010492652939287
4596.0,0.4146918757475218,0.01010492652939287
4597.0,0.42269943905386165,0.01010492652939287
4598.0,0.42039043409349514,0.01010492652939287
4599.0,0.41484326338380845,0.01010492652939287
4600.0,0.4118976365013586,0.01010492652939287
4601.0,0.4135740858186322,0.01010492652939287
4602.0,0.4152505351359058,0.01010492652939287
4603.0,0.4124380866997864,0.01010492652939287
4604.0,0.4094346213379885,0.01010492652939287
4605.0,0.41046143024906206,0.01010492652939287
4606.0,0.41467778955242973,0.01010492652939287
4607.0,0.4184927554912437,0.01010492652939287
4608.0,0.4201567432474942,0.01010492652939287
4609.0,0.4218207310037447,0.01010492652939287
4610.0,0.4272306295765635,0.01010492652939287
4611.0,0.43384754385694346,0.01010492652939287
4612.0,0.434972105938389,0.01010492652939287
4613.0,0.4261325020373256,0.01010492652939287
4614.0,0.4172928981362623,0.01010492652939287
4615.0,0.4149140379295344,0.01010492652939287
4616.0,0.41284399314467457,0.01010492652939287
4617.0,0.4134241232878051,0.01010492652939287
4618.0,0.41614278938150157,0.01010492652939287
4619.0,0.41881894694571226,0.01010492652939287
4620.0,0.4212587972515221,0.01010492652939287
4621.0,0.4236986475573319,0.01010492652939287
4622.0,0.42510478341882235,0.01010492652939287
4623.0,0.42616909996725577,0.01010492652939287
4624.0,0.4272384259739344,0.01010492652939287
4625.0,0.42831703320290976,0.01010492652939287
4626.0,0.4293956404318851,0.01010492652939287
4627.0,0.42528662073147255,0.01010492652939287
4628.0,0.42090215181357216,0.01010492652939287
4629.0,0.42026040876954024,0.01010492652939287
4630.0,0.4226980200549953,0.01010492652939287
4631.0,0.4240149176868204,0.01010492652939287
4632.0,0.41886265520421095,0.01010492652939287
4633.0,0.41371039272160137,0.01010492652939287
4634.0,0.41844089450418587,0.01010492652939287
4635.0,0.42652390956644565,0.01010492652939287
4636.0,0.43130163271136907,0.01010492652939287
4637.0,0.4298245499710619,0.01010492652939287
4638.0,0.42834746723075473,0.01010492652939287
4639.0,0.437425276596403,0.01010492652939287
4640.0,0.44712001739391427,0.01010492652939287
4641.0,0.4441083105823683,0.01010492652939287
4642.0,0.43043777354689833,0.01010492652939287
4643.0,0.4198714959412152,0.01010492652939287
4644.0,0.4279307749142926,0.01010492652939287
4645.0,0.43599005388737,0.01010492652939287
4646.0,0.4364770879559539,0.01010492652939287
4647.0,0.43432976497847864,0.01010492652939287
4648.0,0.43194560295398965,0.01010492652939287
4649.0,0.4291036077012958,0.01010492652939287
4650.0,0.426261612448602,0.01010492652939287
4651.0,0.4260726874371619,0.01010492652939287
4652.0,0.42605317942707865,0.01010492652939287
4653.0,0.42570334404841814,0.01010492652939287
4654.0,0.42507100152157545,0.01010492652939287
4655.0,0.4250829788676669,0.01010492652939287
4656.0,0.42911775333346486,0.01010492652939287
4657.0,0.43315252779926294,0.01010492652939287
4658.0,0.4303115561325872,0.01010492652939287
4659.0,0.42501816035677886,0.01010492652939287
4660.0,0.4242826555052208,0.01010492652939287
4661.0,0.4325489852290538,0.01010492652939287
4662.0,0.44081531495288667,0.01010492652939287
4663.0,0.4366790729719848,0.01010492652939287
4664.0,0.43168308917842585,0.01010492652939287
4665.0,0.4359838403024191,0.01010492652939287
4666.0,0.44839050861295054,0.01010492652939287
4667.0,0.45733798748230503,0.01010492652939287
4668.0,0.44378515304968574,0.01010492652939287
4669.0,0.4302323186170664,0.01010492652939287
4670.0,0.43350800218475055,0.01010492652939287
4671.0,0.4429357505295942,0.01010492652939287
4672.0,0.44695987333063314,0.01010492652939287
4673.0,0.4400788532769426,0.01010492652939287
4674.0,0.43319783322325206,0.01010492652939287
4675.0,0.44681132581624905,0.01010492652939287
4676.0,0.46195860129119193,0.01010492652939287
4677.0,0.4595605830917207,0.01010492652939287
4678.0,0.44156674829279713,0.01010492652939287
4679.0,0.4271946595878725,0.01010492652939287
4680.0,0.4373962873712123,0.01010492652939287
4681.0,0.447597915154552,0.01010492652939287
4682.0,0.4504738731560098,0.01010492652939287
4683.0,0.45060572713026653,0.01010492652939287
4684.0,0.4525478386823619,0.01010492652939287
4685.0,0.45822360648875066,0.01010492652939287
4686.0,0.4638993742951395,0.01010492652939287
4687.0,0.4640652865122853,0.01010492652939287
4688.0,0.46378812344210124,0.01010492652939287
4689.0,0.4590481605470274,0.01010492652939287
4690.0,0.45026410444678866,0.01010492652939287
4691.0,0.44331336774549035,0.01010492652939287
4692.0,0.4493560597939239,0.01010492652939287
4693.0,0.45539875184235756,0.01010492652939287
4694.0,0.4547488435274356,0.01010492652939287
4695.0,0.4515308443754104,0.01010492652939287
4696.0,0.4519851953971275,0.01010492652939287
4697.0,0.46018162794183537,0.01010492652939287
4698.0,0.46837806048654324,0.01010492652939287
4699.0,0.4694166995706576,0.01010492652939287
4700.0,0.46983941379375466,0.01010492652939287
4701.0,0.46780646539620746,0.01010492652939287
4702.0,0.46350500649460336,0.01010492652939287
4703.0,0.4606794321095062,0.01010492652939287
4704.0,0.4687962742407548,0.01010492652939287
4705.0,0.47691311637200345,0.01010492652939287
4706.0,0.4732264812536565,0.01010492652939287
4707.0,0.46490135591181175,0.01010492652939287
4708.0,0.45741035631274685,0.01010492652939287
4709.0,0.451717150454751,0.01010492652939287
4710.0,0.44602394459675515,0.01010492652939287
4711.0,0.4540930946150768,0.01010492652939287
4712.0,0.4634248460899379,0.01010492652939287
4713.0,0.4685570431922322,0.01010492652939287
4714.0,0.4697344151977463,0.01010492652939287
4715.0,0.4705651112740242,0.01010492652939287
4716.0,0.4687026827631884,0.01010492652939287
4717.0,0.46684025425235254,0.01010492652939287
4718.0,0.46922093770595746,0.01010492652939287
4719.0,0.47330886654592313,0.01010492652939287
4720.0,0.47533779280077787,0.01010492652939287
4721.0,0.4728289941276798,0.01010492652939287
4722.0,0.4703201954545817,0.01010492652939287
4723.0,0.47194794344084373,0.01010492652939287
4724.0,0.47397899110140607,0.01010492652939287
4725.0,0.472238859894714,0.01010492652939287
4726.0,0.4668783969754594,0.01010492652939287
4727.0,0.4625424321810643,0.01010492652939287
4728.0,0.46656006748162976,0.01010492652939287
4729.0,0.4705777027821952,0.01010492652939287
4730.0,0.47550925207373934,0.01010492652939287
4731.0,0.4808172100090254,0.01010492652939287
4732.0,0.48746505310991856,0.01010492652939287
4733.0,0.49713287175986137,0.01010492652939287
4734.0,0.5068006904098042,0.01010492652939287
4735.0,0.49488152030363597,0.01010492652939287
4736.0,0.4807321712266391,0.01010492652939287
4737.0,0.4757542890937936,0.01010492652939287
4738.0,0.47975180929107414,0.01010492652939287
4739.0,0.4832620606911407,0.01010492652939287
4740.0,0.48259412217486763,0.01010492652939287
4741.0,0.4819261836585945,0.01010492652939287
4742.0,0.48382736674613425,0.01010492652939287
4743.0,0.48681143897385,0.01010492652939287
4744.0,0.4880086201677361,0.01010492652939287
4745.0,0.4850860248114037,0.01010492652939287
4746.0,0.4821634294550714,0.01010492652939287
4747.0,0.48709304394713177,0.01010492652939287
4748.0,0.4928800235624479,0.01010492652939287
4749.0,0.49183562617145765,0.01010492652939287
4750.0,0.48397623397321554,0.01010492652939287
4751.0,0.47787020264837593,0.01010492652939287
4752.0,0.4876077936734902,0.01010492652939287
4753.0,0.49734538469860445,0.01010492652939287
4754.0,0.49443082931857985,0.01010492652939287
4755.0,0.4860597640627973,0.01010492652939287
4756.0,0.48274040402269486,0.01010492652939287
4757.0,0.4913373647534302,0.01010492652939287
4758.0,0.4999343254841656,0.01010492652939287
4759.0,0.497556759817174,0.01010492652939287
4760.0,0.4939157279250075,0.01010492652939287
4761.0,0.4938379118366505,0.01010492652939287
4762.0,0.4973837050402984,0.01010492652939287
4763.0,0.5008458435939424,0.01010492652939287
4764.0,0.5035095567538767,0.01010492652939287
4765.0,0.506173269913811,0.01010492652939287
4766.0,0.5109583261031713,0.01010492652939287
4767.0,0.5166792689231595,0.01010492652939287
4768.0,0.5196272169531926,0.01010492652939287
4769.0,0.5158813373959923,0.01010492652939287
4770.0,0.5121354578387919,0.01010492652939287
4771.0,0.5061396151080864,0.01010492652939287
4772.0,0.49987123309660686,0.01010492652939287
4773.0,0.4959533341990019,0.01010492652939287
4774.0,0.4944721219524571,0.01010492652939287
4775.0,0.4931417542612502,0.01010492652939287
4776.0,0.4933359222093204,0.01010492652939287
4777.0,0.4935300901573906,0.01010492652939287
4778.0,0.49446512434033274,0.01010492652939287
4779.0,0.495734451824376,0.01010492652939287
4780.0,0.49687214742510877,0.01010492652939287
4781.0,0.49768460258082886,0.01010492652939287
4782.0,0.49849705773654884,0.01010492652939287
4783.0,0.5015821387210924,0.01010492652939287
4784.0,0.5049562952508456,0.01010492652939287
4785.0,0.5055821328608149,0.01010492652939287
4786.0,0.503303574180249,0.01010492652939287
4787.0,0.5013829996950583,0.01010492652939287
4788.0,0.5033044527714703,0.01010492652939287
4789.0,0.5052259058478821,0.01010492652939287
4790.0,0.505782723410278,0.01010492652939287
4791.0,0.5057098933583122,0.01010492652939287
4792.0,0.5065165338584354,0.01010492652939287
4793.0,0.5095479367297364,0.01010492652939287
4794.0,0.5125793396010375,0.01010492652939287
4795.0,0.5116094819352406,0.01010492652939287
4796.0,0.5101061228644979,0.01010492652939287
4797.0,0.5083115607113918,0.01010492652939287
4798.0,0.5062032835169377,0.01010492652939287
4799.0,0.5050701399749078,0.01010492652939287
4800.0,0.5150855393844658,0.01010492652939287
4801.0,0.5251009387940235,0.01010492652939287
4802.0,0.520295732192581,0.01010492652939287
4803.0,0.5084991796460071,0.01010492652939287
4804.0,0.5017664913127896,0.01010492652939287
4805.0,0.5081518305322724,0.01010492652939287
4806.0,0.5145371697517552,0.01010492652939287
4807.0,0.5115363328433125,0.01010492652939287
4808.0,0.5072257969402812,0.01010492652939287
4809.0,0.505128330090513,0.01010492652939287
4810.0,0.505461337062464,0.01010492652939287
4811.0,0.5062147875906269,0.01010492652939287
4812.0,0.5121069926947468,0.01010492652939287
4813.0,0.5179991977988666,0.01010492652939287
4814.0,0.5215195383775789,0.01010492652939287
4815.0,0.5238961506887013,0.01010492652939287
4816.0,0.5257341376945198,0.01010492652939287
4817.0,0.5261428777279344,0.01010492652939287
4818.0,0.5265516177613488,0.01010492652939287
4819.0,0.5219231234223145,0.01010492652939287
4820.0,0.5165601767538718,0.01010492652939287
4821.0,0.5150785291948229,0.01010492652939287
4822.0,0.5179423564656231,0.01010492652939287
4823.0,0.5211481051344667,0.01010492652939287
4824.0,0.5288393989234105,0.01010492652939287
4825.0,0.5365306927123542,0.01010492652939287
4826.0,0.531975370166074,0.01010492652939287
4827.0,0.5213845288166019,0.01010492652939287
4828.0,0.5147030408310225,0.01010492652939287
4829.0,0.5186501073035322,0.01010492652939287
4830.0,0.5225971737760421,0.01010492652939287
4831.0,0.5285475043479964,0.01010492652939287
4832.0,0.5348026192227697,0.01010492652939287
4833.0,0.5397298460987141,0.01010492652939287
4834.0,0.5431414373153257,0.01010492652939287
4835.0,0.5459600123034768,0.01010492652939287
4836.0,0.5403901031872611,0.01010492652939287
4837.0,0.5348201940710455,0.01010492652939287
4838.0,0.5342058829551395,0.01010492652939287
4839.0,0.5360872610848787,0.01010492652939287
4840.0,0.5367547662870635,0.01010492652939287
4841.0,0.5340399801047493,0.01010492652939287
4842.0,0.531325193922435,0.01010492652939287
4843.0,0.5299655388192483,0.01010492652939287
4844.0,0.5288207445547553,0.01010492652939287
4845.0,0.5283111049551573,0.01010492652939287
4846.0,0.5285405544201641,0.01010492652939287
4847.0,0.5295313080486721,0.01010492652939287
4848.0,0.5421953921842504,0.01010492652939287
4849.0,0.5548594763198286,0.01010492652939287
4850.0,0.5539032618709108,0.01010492652939287
4851.0,0.5459387846957948,0.01010492652939287
4852.0,0.5412464100649926,0.01010492652939287
4853.0,0.5459007357575443,0.01010492652939287
4854.0,0.5505550614500959,0.01010492652939287
4855.0,0.5484534325522569,0.01010492652939287
4856.0,0.5452368349248162,0.01010492652939287
4857.0,0.5421189468729214,0.01010492652939287
4858.0,0.5391181630943772,0.01010492652939287
4859.0,0.5362249830654944,0.01010492652939287
4860.0,0.5351313040415809,0.01010492652939287
4861.0,0.5340376250176676,0.01010492652939287
4862.0,0.5334522282506222,0.01010492652939287
4863.0,0.5331340054903927,0.01010492652939287
4864.0,0.5350105369926456,0.01010492652939287
4865.0,0.543316042065658,0.01010492652939287
4866.0,0.5516215471386704,0.01010492652939287
4867.0,0.5519457088009555,0.01010492652939287
4868.0,0.5509003572479035,0.01010492652939287
4869.0,0.5523733540549353,0.01010492652939287
4870.0,0.5568924167829157,0.01010492652939287
4871.0,0.5606528208427153,0.01010492652939287
4872.0,0.5504750772776836,0.01010492652939287
4873.0,0.5402973337126519,0.01010492652939287
4874.0,0.5393381258459916,0.01010492652939287
4875.0,0.54332835319746,0.01010492652939287
4876.0,0.5470524355462035,0.01010492652939287
4877.0,0.5499768033434933,0.01010492652939287
4878.0,0.5529011711407832,0.01010492652939287
4879.0,0.5522667052941117,0.01010492652939287
4880.0,0.5509979918673285,0.01010492652939287
4881.0,0.5531875064666355,0.01010492652939287
4882.0,0.5596418599185016,0.01010492652939287
4883.0,0.5655038024720265,0.01010492652939287
4884.0,0.5593048667362392,0.01010492652939287
4885.0,0.553105931000452,0.01010492652939287
4886.0,0.5508178774330537,0.01010492652939287
4887.0,0.5506742666903256,0.01010492652939287
4888.0,0.5511040783178067,0.01010492652939287
4889.0,0.5533019422534334,0.01010492652939287
4890.0,0.5554998061890603,0.01010492652939287
4891.0,0.5564937339752146,0.01010492652939287
4892.0,0.5572650277650233,0.01010492652939287
4893.0,0.5592819828398619,0.01010492652939287
4894.0,0.562865297904549,0.01010492652939287
4895.0,0.5661517439290308,0.01010492652939287
4896.0,0.5626695758368903,0.01010492652939287
4897.0,0.5591874077447498,0.01010492652939287
4898.0,0.5602001090777924,0.01010492652939287
4899.0,0.5637296005946,0.01010492652939287
4900.0,0.5661078622361216,0.01010492652939287
4901.0,0.5648424813223702,0.01010492652939287
4902.0,0.563577100408619,0.01010492652939287
4903.0,0.5654566912435097,0.01010492652939287
4904.0,0.567939180811331,0.01010492652939287
4905.0,0.56621388146757,0.01010492652939287
4906.0,0.5590933897659509,0.01010492652939287
4907.0,0.5524740413925702,0.01010492652939287
4908.0,0.558819755898195,0.01010492652939287
4909.0,0.5651654704038199,0.01010492652939287
4910.0,0.5718930046463224,0.01010492652939287
4911.0,0.578838824511983,0.01010492652939287
4912.0,0.5807526649079384,0.01010492652939287
4913.0,0.5663125720273329,0.01010492652939287
4914.0,0.5518724791467273,0.01010492652939287
4915.0,0.5600368969462807,0.01010492652939287
4916.0,0.5726896924060597,0.01010492652939287
4917.0,0.5804098465649021,0.01010492652939287
4918.0,0.5816806747014608,0.01010492652939287
4919.0,0.5827600701955834,0.01010492652939287
4920.0,0.5781248468081318,0.01010492652939287
4921.0,0.5734896234206803,0.01010492652939287
4922.0,0.5736664196296116,0.01010492652939287
4923.0,0.5766517519908075,0.01010492652939287
4924.0,0.5785291943735255,0.01010492652939287
4925.0,0.5767078999010153,0.01010492652939287
4926.0,0.5748866054285053,0.01010492652939287
4927.0,0.5729053595669502,0.01010492652939287
4928.0,0.5708912438106856,0.01010492652939287
4929.0,0.5731972133704298,0.01010492652939287
4930.0,0.5812632966848499,0.01010492652939287
4931.0,0.5890418241506402,0.01010492652939287
4932.0,0.5866933847732636,0.01010492652939287
4933.0,0.584344945395887,0.01010492652939287
4934.0,0.587281406660865,0.01010492652939287
4935.0,0.593366534783643,0.01010492652939287
4936.0,0.5949881230129443,0.01010492652939287
4937.0,0.5812959706503124,0.01010492652939287
4938.0,0.5676038182876803,0.01010492652939287
4939.0,0.5707770974308694,0.01010492652939287
4940.0,0.5775345876364293,0.01010492652939287
4941.0,0.5817015097795563,0.01010492652939287
4942.0,0.5823458464553463,0.01010492652939287
4943.0,0.5828925114388346,0.01010492652939287
4944.0,0.5792547154995127,0.01010492652939287
4945.0,0.5756169195601909,0.01010492652939287
4946.0,0.5812852422352934,0.01010492652939287
4947.0,0.5926126910948318,0.01010492652939287
4948.0,0.5996575461953475,0.01010492652939287
4949.0,0.5915969483088751,0.01010492652939287
4950.0,0.5835363504224028,0.01010492652939287
4951.0,0.5794035359670541,0.01010492652939287
4952.0,0.5761333386634921,0.01010492652939287
4953.0,0.5776610934029162,0.01010492652939287
4954.0,0.5858427415200059,0.01010492652939287
4955.0,0.593890467269865,0.01010492652939287
4956.0,0.594634959926904,0.01010492652939287
4957.0,0.5953794525839429,0.01010492652939287
4958.0,0.5929232859295906,0.01010492652939287
4959.0,0.5884807178738104,0.01010492652939287
4960.0,0.585421478109932,0.01010492652939287
4961.0,0.5873806459827756,0.01010492652939287
4962.0,0.5893398138556194,0.01010492652939287
4963.0,0.5954536665254755,0.01010492652939287
4964.0,0.6025098188400153,0.01010492652939287
4965.0,0.6030825779884218,0.01010492652939287
4966.0,0.5944846244844558,0.01010492652939287
4967.0,0.5860215617725202,0.01010492652939287
4968.0,0.5876385200651315,0.01010492652939287
4969.0,0.5892554783577427,0.01010492652939287
4970.0,0.5903508574014682,0.01010492652939287
4971.0,0.5911159029208998,0.01010492652939287
4972.0,0.5939892601307734,0.01010492652939287
4973.0,0.6047328490487248,0.01010492652939287
4974.0,0.6154764379666764,0.01010492652939287
4975.0,0.6139914606484749,0.01010492652939287
4976.0,0.6096440930112976,0.01010492652939287
4977.0,0.6074280527764939,0.01010492652939287
4978.0,0.6082871242190174,0.01010492652939287
4979.0,0.609133895544422,0.01010492652939287
4980.0,0.6085292530498381,0.01010492652939287
4981.0,0.6079246105552539,0.01010492652939287
4982.0,0.6109210439769398,0.01010492652939287
4983.0,0.6162446549176399,0.01010492652939287
4984.0,0.6182500405209278,0.01010492652939287
4985.0,0.6075034089845263,0.01010492652939287
4986.0,0.5967567774481248,0.01010492652939287
4987.0,0.5961394756645553,0.01010492652939287
4988.0,0.5979677050582612,0.01010492652939287
4989.0,0.601319765568093,0.01010492652939287
4990.0,0.6069146160886011,0.01010492652939287
4991.0,0.6124949843214107,0.01010492652939287
4992.0,0.6140685862906549,0.01010492652939287
4993.0,0.6156421882598991,0.01010492652939287
4994.0,0.6092822669650274,0.01010492652939287
4995.0,0.5976912775418278,0.01010492652939287
4996.0,0.5900922117907871,0.01010492652939287
4997.0,0.5982945105753168,0.01010492652939287
4998.0,0.6064968093598465,0.01010492652939287
4999.0,0.605560704881626,0.01010492652939287
5000.0,0.6023502751536074,0.01010492652939287
5001.0,0.6034706279476635,0.01010492652939287
5002.0,0.6110936572013004,0.01010492652939287
5003.0,0.6187166864549375,0.01010492652939287
5004.0,0.6237461806573019,0.01010492652939287
5005.0,0.6287725576300375,0.01010492652939287
5006.0,0.6262785078534352,0.01010492652939287
5007.0,0.6187255364683538,0.01010492652939287
5008.0,0.6120622678921234,0.01010492652939287
5009.0,0.6090283357739482,0.01010492652939287
5010.0,0.6059944036557732,0.01010492652939287
5011.0,0.612293728542669,0.01010492652939287
5012.0,0.6209861962513841,0.01010492652939287
5013.0,0.6242806497573913,0.01010492652939287
5014.0,0.6193058049103157,0.01010492652939287
5015.0,0.6143309600632401,0.01010492652939287
5016.0,0.618504581926094,0.01010492652939287
5017.0,0.622733448153134,0.01010492652939287
5018.0,0.6216914164347872,0.01010492652939287
5019.0,0.6170323110251729,0.01010492652939287
5020.0,0.6151307600940248,0.01010492652939287
5021.0,0.6248281726878937,0.01010492652939287
5022.0,0.6345255852817624,0.01010492652939287
5023.0,0.6352709711725585,0.01010492652939287
5024.0,0.6336526959915263,0.01010492652939287
5025.0,0.6304297203168983,0.01010492652939287
5026.0,0.6246984743322852,0.01010492652939287
5027.0,0.6189672283476721,0.01010492652939287
5028.0,0.6220348770425574,0.01010492652939287
5029.0,0.6251986301696225,0.01010492652939287
5030.0,0.6234667112588328,0.01010492652939287
5031.0,0.6183078219215503,0.01010492652939287
5032.0,0.6142536027391827,0.01010492652939287
5033.0,0.6149933687803911,0.01010492652939287
5034.0,0.6157331348215996,0.01010492652939287
5035.0,0.6181254633743205,0.01010492652939287
5036.0,0.6209668852507798,0.01010492652939287
5037.0,0.6224849710252027,0.01010492652939287
5038.0,0.6218923151041647,0.01010492652939287
5039.0,0.6212996591831266,0.01010492652939287
5040.0,0.628644876053571,0.01010492652939287
5041.0,0.6361159372487558,0.01010492652939287
5042.0,0.635941005746879,0.01010492652939287
5043.0,0.6303068983892771,0.01010492652939287
5044.0,0.6271264129096992,0.01010492652939287
5045.0,0.6349387991336136,0.01010492652939287
5046.0,0.6427511853575283,0.01010492652939287
5047.0,0.6394114372078386,0.01010492652939287
5048.0,0.632953888050471,0.01010492652939287
5049.0,0.6311204912614813,0.01010492652939287
5050.0,0.6368141058986131,0.01010492652939287
5051.0,0.6425077205357448,0.01010492652939287
5052.0,0.6430021334652108,0.01010492652939287
5053.0,0.6433882296924327,0.01010492652939287
5054.0,0.6442806258331405,0.01010492652939287
5055.0,0.6455417175540008,0.01010492652939287
5056.0,0.6449371561219289,0.01010492652939287
5057.0,0.6356976459753121,0.01010492652939287
5058.0,0.6264581358286951,0.01010492652939287
5059.0,0.6339196810485976,0.01010492652939287
5060.0,0.6461824570230122,0.01010492652939287
5061.0,0.6526852968168019,0.01010492652939287
5062.0,0.6496189135628964,0.01010492652939287
5063.0,0.6465525303089908,0.01010492652939287
5064.0,0.6448830600450255,0.01010492652939287
5065.0,0.6432497168411445,0.01010492652939287
5066.0,0.6466151764942252,0.01010492652939287
5067.0,0.6536931361770484,0.01010492652939287
5068.0,0.6592948816609017,0.01010492652939287
5069.0,0.6578333522621888,0.01010492652939287
5070.0,0.656371822863476,0.01010492652939287
5071.0,0.6503662826047619,0.01010492652939287
5072.0,0.6430180330717058,0.01010492652939287
5073.0,0.6410931616580663,0.01010492652939287
5074.0,0.6483652162462817,0.01010492652939287
5075.0,0.6556372708344973,0.01010492652939287
5076.0,0.6518941825686848,0.01010492652939287
5077.0,0.6478102792393258,0.01010492652939287
5078.0,0.6511555816137367,0.01010492652939287
5079.0,0.6601276452701156,0.01010492652939287
5080.0,0.6662198579128252,0.01010492652939287
5081.0,0.658056808037831,0.01010492652939287
5082.0,0.6498937581628367,0.01010492652939287
5083.0,0.6551793473656257,0.01010492652939287
5084.0,0.6645479349738757,0.01010492652939287
5085.0,0.6694782936267376,0.01010492652939287
5086.0,0.666725423137173,0.01010492652939287
5087.0,0.6639725526476083,0.01010492652939287
5088.0,0.6614374167003014,0.01010492652939287
5089.0,0.6589101343621057,0.01010492652939287
5090.0,0.6571858803133581,0.01010492652939287
5091.0,0.656081837475396,0.01010492652939287
5092.0,0.6552604041706274,0.01010492652939287
5093.0,0.6558873447234761,0.01010492652939287
5094.0,0.656514285276325,0.01010492652939287
5095.0,0.6592615526480458,0.01010492652939287
5096.0,0.6626699612955709,0.01010492652939287
5097.0,0.6657526391860145,0.01010492652939287
5098.0,0.668259606901151,0.01010492652939287
5099.0,0.6707665746162877,0.01010492652939287
5100.0,0.6699778627001723,0.01010492652939287
5101.0,0.6690532039992692,0.01010492652939287
5102.0,0.6670207140132155,0.01010492652939287
5103.0,0.6641157474570967,0.01010492652939287
5104.0,0.6628700411303502,0.01010492652939287
5105.0,0.670436012233809,0.01010492652939287
5106.0,0.678001983337268,0.01010492652939287
5107.0,0.6800936285550868,0.01010492652939287
5108.0,0.680432795438674,0.01010492652939287
5109.0,0.6816989269098248,0.01010492652939287
5110.0,0.6846379641686302,0.01010492652939287
5111.0,0.6875770014274356,0.01010492652939287
5112.0,0.6791008590887954,0.01010492652939287
5113.0,0.6700941116683624,0.01010492652939287
5114.0,0.6669804720232069,0.01010492652939287
5115.0,0.6685991765006175,0.01010492652939287
5116.0,0.6706889984108416,0.01010492652939287
5117.0,0.6753736468064876,0.01010492652939287
5118.0,0.6800582952021336,0.01010492652939287
5119.0,0.6806475556783308,0.01010492652939287
5120.0,0.6798912820055562,0.01010492652939287
5121.0,0.6790366027123168,0.01010492652939287
5122.0,0.6780005615247058,0.01010492652939287
5123.0,0.6769645203370946,0.01010492652939287
5124.0,0.6803724595666216,0.01010492652939287
5125.0,0.6840104533379437,0.01010492652939287
5126.0,0.6857526531618532,0.01010492652939287
5127.0,0.6859426199502212,0.01010492652939287
5128.0,0.6857669874102973,0.01010492652939287
5129.0,0.683500952259416,0.01010492652939287
5130.0,0.6812349171085347,0.01010492652939287
5131.0,0.6774551369130344,0.01010492652939287
5132.0,0.6731651055788977,0.01010492652939287
5133.0,0.671683712539094,0.01010492652939287
5134.0,0.6754891680533256,0.01010492652939287
5135.0,0.6792946235675571,0.01010492652939287
5136.0,0.673801244660394,0.01010492652939287
5137.0,0.6677768409449085,0.01010492652939287
5138.0,0.6695331999531788,0.01010492652939287
5139.0,0.6777849533938327,0.01010492652939287
5140.0,0.684158483265329,0.01010492652939287
5141.0,0.6793722347633834,0.01010492652939287
5142.0,0.6745859862614377,0.01010492652939287
5143.0,0.6684484949189837,0.01010492652939287
5144.0,0.6618438533861118,0.01010492652939287
5145.0,0.6581639079390169,0.01010492652939287
5146.0,0.6601075886498242,0.01010492652939287
5147.0,0.6620512693606315,0.01010492652939287
5148.0,0.6729521381622867,0.01010492652939287
5149.0,0.6844128312196194,0.01010492652939287
5150.0,0.6791053619296281,0.01010492652939287
5151.0,0.6595263233528909,0.01010492652939287
5152.0,0.6441455742472024,0.01010492652939287
5153.0,0.6547145971306659,0.01010492652939287
5154.0,0.6652836200141294,0.01010492652939287
5155.0,0.6601026493774637,0.01010492652939287
5156.0,0.6493387542084726,0.01010492652939287
5157.0,0.6444937867103839,0.01010492652939287
5158.0,0.651276036558694,0.01010492652939287
5159.0,0.6580582864070043,0.01010492652939287
5160.0,0.6548186422103929,0.01010492652939287
5161.0,0.6508980231620161,0.01010492652939287
5162.0,0.6499701397235562,0.01010492652939287
5163.0,0.6516390918928047,0.01010492652939287
5164.0,0.652420433337309,0.01010492652939287
5165.0,0.6474877807412935,0.01010492652939287
5166.0,0.642555128145278,0.01010492652939287
5167.0,0.6371712481734877,0.01010492652939287
5168.0,0.631623419793478,0.01010492652939287
5169.0,0.629133044630027,0.01010492652939287
5170.0,0.6327796513741709,0.01010492652939287
5171.0,0.6364262581183149,0.01010492652939287
5172.0,0.6390088684817629,0.01010492652939287
5173.0,0.6415133244718864,0.01010492652939287
5174.0,0.6467221167774251,0.01010492652939287
5175.0,0.6543232065927509,0.01010492652939287
5176.0,0.6605262993271693,0.01010492652939287
5177.0,0.6573446894351153,0.01010492652939287
5178.0,0.654163079543061,0.01010492652939287
5179.0,0.6490941908411315,0.01010492652939287
5180.0,0.6433226250205347,0.01010492652939287
5181.0,0.6420961319941879,0.01010492652939287
5182.0,0.6501928652124638,0.01010492652939287
5183.0,0.6582895984307394,0.01010492652939287
5184.0,0.6577818738495216,0.01010492652939287
5185.0,0.6565942633540979,0.01010492652939287
5186.0,0.660242189168272,0.01010492652939287
5187.0,0.6682509296908773,0.01010492652939287
5188.0,0.6751074560652492,0.01010492652939287
5189.0,0.6738874044198129,0.01010492652939287
5190.0,0.6726673527743765,0.01010492652939287
5191.0,0.6790552271400923,0.01010492652939287
5192.0,0.6883449638317898,0.01010492652939287
5193.0,0.6924631069070428,0.01010492652939287
5194.0,0.6857382061173445,0.01010492652939287
5195.0,0.679013305327646,0.01010492652939287
5196.0,0.6814056693192994,0.01010492652939287
5197.0,0.6845696768145759,0.01010492652939287
5198.0,0.6893575785473525,0.01010492652939287
5199.0,0.6956384153049265,0.01010492652939287
5200.0,0.7010299138161884,0.01010492652939287
5201.0,0.6999025629819637,0.01010492652939287
5202.0,0.6987752121477392,0.01010492652939287
5203.0,0.7018693318716589,0.01010492652939287
5204.0,0.7066125736500111,0.01010492652939287
5205.0,0.7102677005492868,0.01010492652939287
5206.0,0.7115905661228499,0.01010492652939287
5207.0,0.7129134316964131,0.01010492652939287
5208.0,0.7108808107215119,0.01010492652939287
5209.0,0.7085451418777055,0.01010492652939287
5210.0,0.7093958185266299,0.01010492652939287
5211.0,0.7132327678117694,0.01010492652939287
5212.0,0.7166128956140705,0.01010492652939287
5213.0,0.716485966824169,0.01010492652939287
5214.0,0.7163590380342675,0.01010492652939287
5215.0,0.7196820815151326,0.01010492652939287
5216.0,0.7243851139043007,0.01010492652939287
5217.0,0.7276493223309077,0.01010492652939287
5218.0,0.7277602460579559,0.01010492652939287
5219.0,0.7278711697850041,0.01010492652939287
5220.0,0.7251646594814484,0.01010492652939287
5221.0,0.7221875272249516,0.01010492652939287
5222.0,0.7218648661395336,0.01010492652939287
5223.0,0.7240782843185031,0.01010492652939287
5224.0,0.7265753704786019,0.01010492652939287
5225.0,0.7313572172258277,0.01010492652939287
5226.0,0.7361390639730536,0.01010492652939287
5227.0,0.7382159299982883,0.01010492652939287
5228.0,0.7391851727837229,0.01010492652939287
5229.0,0.7383753294914269,0.01010492652939287
5230.0,0.7335781181805678,0.01010492652939287
5231.0,0.7287809068697088,0.01010492652939287
5232.0,0.7237525880288816,0.01010492652939287
5233.0,0.7187007304581506,0.01010492652939287
5234.0,0.7196560303110766,0.01010492652939287
5235.0,0.7264619029154699,0.01010492652939287
5236.0,0.7330476681725614,0.01010492652939287
5237.0,0.737770024637153,0.01010492652939287
5238.0,0.7424923811017448,0.01010492652939287
5239.0,0.7435801771527741,0.01010492652939287
5240.0,0.7431448013780201,0.01010492652939287
5241.0,0.7425745430377837,0.01010492652939287
5242.0,0.7416950677490106,0.01010492652939287
5243.0,0.7408155924602376,0.01010492652939287
5244.0,0.7401153136828107,0.01010492652939287
5245.0,0.7394343366572707,0.01010492652939287
5246.0,0.741909332097397,0.01010492652939287
5247.0,0.7475176494831031,0.01010492652939287
5248.0,0.7517921635069746,0.01010492652939287
5249.0,0.7441735975545279,0.01010492652939287
5250.0,0.7365550316020814,0.01010492652939287
5251.0,0.737671869037034,0.01010492652939287
5252.0,0.7425345912864832,0.01010492652939287
5253.0,0.7456767357579693,0.01010492652939287
5254.0,0.7447834688947998,0.01010492652939287
5255.0,0.7438902020316303,0.01010492652939287
5256.0,0.744882496829208,0.01010492652939287
5257.0,0.7460890599973258,0.01010492652939287
5258.0,0.745213582827167,0.01010492652939287
5259.0,0.74223091990402,0.01010492652939287
5260.0,0.7395723379547774,0.01010492652939287
5261.0,0.7399641681724157,0.01010492652939287
5262.0,0.7403559983900541,0.01010492652939287
5263.0,0.7417170391230259,0.01010492652939287
5264.0,0.7435032602893216,0.01010492652939287
5265.0,0.7457522814762555,0.01010492652939287
5266.0,0.7491120227127183,0.01010492652939287
5267.0,0.7524717639491808,0.01010492652939287
5268.0,0.7504573886598986,0.01010492652939287
5269.0,0.7478001419045003,0.01010492652939287
5270.0,0.7468980291835344,0.01010492652939287
5271.0,0.7478067010883389,0.01010492652939287
5272.0,0.7487358093230763,0.01010492652939287
5273.0,0.7498684741599059,0.01010492652939287
5274.0,0.7510011389967356,0.01010492652939287
5275.0,0.7474478058332309,0.01010492652939287
5276.0,0.7417918857408864,0.01010492652939287
5277.0,0.7383204954035314,0.01010492652939287
5278.0,0.7402152528460652,0.01010492652939287
5279.0,0.7421100102885989,0.01010492652939287
5280.0,0.7464323197625107,0.01010492652939287
5281.0,0.7510597134782049,0.01010492652939287
5282.0,0.7503787254482773,0.01010492652939287
5283.0,0.7441147842031284,0.01010492652939287
5284.0,0.7388841156647672,0.01010492652939287
5285.0,0.7445745655966886,0.01010492652939287
5286.0,0.75026501552861,0.01010492652939287
5287.0,0.7551736337823929,0.01010492652939287
5288.0,0.7597235131575902,0.01010492652939287
5289.0,0.7623250903839945,0.01010492652939287
5290.0,0.760027139843804,0.01010492652939287
5291.0,0.7577291893036134,0.01010492652939287
5292.0,0.7563762551307127,0.01010492652939287
5293.0,0.7551478679518704,0.01010492652939287
5294.0,0.7594712388946321,0.01010492652939287
5295.0,0.7697468679229832,0.01010492652939287
5296.0,0.7786815062861814,0.01010492652939287
5297.0,0.7725299996664058,0.01010492652939287
5298.0,0.76637849304663,0.01010492652939287
5299.0,0.7659858086751649,0.01010492652939287
5300.0,0.7682947940004328,0.01010492652939287
5301.0,0.7689212450945703,0.01010492652939287
5302.0,0.7652149900141219,0.01010492652939287
5303.0,0.7615087349336735,0.01010492652939287
5304.0,0.7612886759647551,0.01010492652939287
5305.0,0.7615496358582182,0.01010492652939287
5306.0,0.7612232580718482,0.01010492652939287
5307.0,0.7602549408615398,0.01010492652939287
5308.0,0.7595735078825482,0.01010492652939287
5309.0,0.762339168245456,0.01010492652939287
5310.0,0.7651048286083639,0.01010492652939287
5311.0,0.7643611989103981,0.01010492652939287
5312.0,0.761934605950556,0.01010492652939287
5313.0,0.7626775832797646,0.01010492652939287
5314.0,0.7717804752578098,0.01010492652939287
5315.0,0.7808833672358549,0.01010492652939287
5316.0,0.766525338098527,0.01010492652939287
5317.0,0.7487835222618617,0.01010492652939287
5318.0,0.7472706913496472,0.01010492652939287
5319.0,0.763840409629883,0.01010492652939287
5320.0,0.779034406178166,0.01010492652939287
5321.0,0.7765045210797465,0.01010492652939287
5322.0,0.773974635981327,0.01010492652939287
5323.0,0.7733172729105773,0.01010492652939287
5324.0,0.7735777471127809,0.01010492652939287
5325.0,0.7735402137737926,0.01010492652939287
5326.0,0.7726973978346043,0.01010492652939287
5327.0,0.7718545818954161,0.01010492652939287
5328.0,0.7733272491732363,0.01010492652939287
5329.0,0.7751485182061024,0.01010492652939287
5330.0,0.7758060154207822,0.01010492652939287
5331.0,0.775141587211213,0.01010492652939287
5332.0,0.7745657155201645,0.01010492652939287
5333.0,0.7752185655235874,0.01010492652939287
5334.0,0.7758714155270102,0.01010492652939287
5335.0,0.7765873746292382,0.01010492652939287
5336.0,0.7773349451359126,0.01010492652939287
5337.0,0.7789001956586517,0.01010492652939287
5338.0,0.7827297908412602,0.01010492652939287
5339.0,0.7865593860238685,0.01010492652939287
5340.0,0.7845471278203496,0.01010492652939287
5341.0,0.7816180231826168,0.01010492652939287
5342.0,0.7787258236144985,0.01010492652939287
5343.0,0.7758763612643016,0.01010492652939287
5344.0,0.7731657914544845,0.01010492652939287
5345.0,0.7725412807607344,0.01010492652939287
5346.0,0.7719167700669841,0.01010492652939287
5347.0,0.773389307344364,0.01010492652939287
5348.0,0.775935106922757,0.01010492652939287
5349.0,0.7790073288174948,0.01010492652939287
5350.0,0.783573910836053,0.01010492652939287
5351.0,0.788140492854611,0.01010492652939287
5352.0,0.7916930754408857,0.01010492652939287
5353.0,0.7950799625892039,0.01010492652939287
5354.0,0.7940279162458134,0.01010492652939287
5355.0,0.7877351395234792,0.01010492652939287
5356.0,0.7818879369414319,0.01010492652939287
5357.0,0.7833277281119844,0.01010492652939287
5358.0,0.7847675192825367,0.01010492652939287
5359.0,0.788174698016,0.01010492652939287
5360.0,0.7926105291132541,0.01010492652939287
5361.0,0.7953800615960201,0.01010492652939287
5362.0,0.7932993352009341,0.01010492652939287
5363.0,0.7912186088058479,0.01010492652939287
5364.0,0.7902474928784164,0.01010492652939287
5365.0,0.789464948392819,0.01010492652939287
5366.0,0.7917502328295243,0.01010492652939287
5367.0,0.7977282743023353,0.01010492652939287
5368.0,0.8030995627264489,0.01010492652939287
5369.0,0.7975906658001461,0.01010492652939287
5370.0,0.7920817688738436,0.01010492652939287
5371.0,0.789576637005866,0.01010492652939287
5372.0,0.7886757258872706,0.01010492652939287
5373.0,0.7884795409013614,0.01010492652939287
5374.0,0.7903874186273916,0.01010492652939287
5375.0,0.7922952963534219,0.01010492652939287
5376.0,0.79541451201918,0.01010492652939287
5377.0,0.7987475938466135,0.01010492652939287
5378.0,0.7973476931282473,0.01010492652939287
5379.0,0.7901391320127713,0.01010492652939287
5380.0,0.7835177008252934,0.01010492652939287
5381.0,0.7885361204604068,0.01010492652939287
5382.0,0.7935545400955202,0.01010492652939287
5383.0,0.7938509531651232,0.01010492652939287
5384.0,0.7915717262899061,0.01010492652939287
5385.0,0.7918536877212071,0.01010492652939287
5386.0,0.7999816308915063,0.01010492652939287
5387.0,0.8081095740618054,0.01010492652939287
5388.0,0.810536442961156,0.01010492652939287
5389.0,0.8119186547852926,0.01010492652939287
5390.0,0.8099825303084345,0.01010492652939287
5391.0,0.8038940012170855,0.01010492652939287
5392.0,0.7986181622901092,0.01010492652939287
5393.0,0.8113343806131568,0.01010492652939287
5394.0,0.8240505989362042,0.01010492652939287
5395.0,0.823102623845674,0.01010492652939287
5396.0,0.8145435653210317,0.01010492652939287
5397.0,0.8075749016201967,0.01010492652939287
5398.0,0.8056068823404816,0.01010492652939287
5399.0,0.8036388630607665,0.01010492652939287
5400.0,0.8144301900810679,0.01010492652939287
5401.0,0.8276457928983767,0.01010492652939287
5402.0,0.8320552887618374,0.01010492652939287
5403.0,0.8252285771186209,0.01010492652939287
5404.0,0.8185061787136941,0.01010492652939287
5405.0,0.81439487105466,0.01010492652939287
5406.0,0.8102835633956261,0.01010492652939287
5407.0,0.8096777941413792,0.01010492652939287
5408.0,0.8110657585938083,0.01010492652939287
5409.0,0.8132105341283559,0.01010492652939287
5410.0,0.8177986185371575,0.01010492652939287
5411.0,0.8223867029459593,0.01010492652939287
5412.0,0.8227073311035973,0.01010492652939287
5413.0,0.8221879570968549,0.01010492652939287
5414.0,0.8167965880236904,0.01010492652939287
5415.0,0.805066241944229,0.01010492652939287
5416.0,0.7941041323055807,0.01010492652939287
5417.0,0.805228820340238,0.01010492652939287
5418.0,0.8163535083748953,0.01010492652939287
5419.0,0.8216477773903931,0.01010492652939287
5420.0,0.8235566418141153,0.01010492652939287
5421.0,0.8250990432343092,0.01010492652939287
5422.0,0.8254262305495391,0.01010492652939287
5423.0,0.8257534178647691,0.01010492652939287
5424.0,0.8233899573318273,0.01010492652939287
5425.0,0.8204782578587255,0.01010492652939287
5426.0,0.8172715467210423,0.01010492652939287
5427.0,0.8136734094920851,0.01010492652939287
5428.0,0.8103753018515648,0.01010492652939287
5429.0,0.817190691588096,0.01010492652939287
5430.0,0.8240060813246272,0.01010492652939287
5431.0,0.8271821757693463,0.01010492652939287
5432.0,0.8282011353374652,0.01010492652939287
5433.0,0.8290670011967054,0.01010492652939287
5434.0,0.8294112144182854,0.01010492652939287
5435.0,0.8297554276398653,0.01010492652939287
5436.0,0.8236084680689691,0.01010492652939287
5437.0,0.8160934560926817,0.01010492652939287
5438.0,0.8114199758882887,0.01010492652939287
5439.0,0.8105913931944473,0.01010492652939287
5440.0,0.8100261264221799,0.01010492652939287
5441.0,0.8201646518619287,0.01010492652939287
5442.0,0.8303031773016774,0.01010492652939287
5443.0,0.829235731005568,0.01010492652939287
5444.0,0.821388563851937,0.01010492652939287
5445.0,0.8178191018276113,0.01010492652939287
5446.0,0.8292331691210755,0.01010492652939287
5447.0,0.8406472364145396,0.01010492652939287
5448.0,0.8384109355042411,0.01010492652939287
5449.0,0.8332010894735394,0.01010492652939287
5450.0,0.831331838375713,0.01010492652939287
5451.0,0.8340726082852568,0.01010492652939287
5452.0,0.8369118583460297,0.01010492652939287
5453.0,0.8447797511288491,0.01010492652939287
5454.0,0.8526476439116686,0.01010492652939287
5455.0,0.8515859781847872,0.01010492652939287
5456.0,0.845010526815019,0.01010492652939287
5457.0,0.8393930542765254,0.01010492652939287
5458.0,0.8372264226109047,0.01010492652939287
5459.0,0.835059790945284,0.01010492652939287
5460.0,0.8371160468052259,0.01010492652939287
5461.0,0.8401224523584204,0.01010492652939287
5462.0,0.8441172121748516,0.01010492652939287
5463.0,0.8495030948993627,0.01010492652939287
5464.0,0.8547439904577396,0.01010492652939287
5465.0,0.8500653474002572,0.01010492652939287
5466.0,0.8453867043427747,0.01010492652939287
5467.0,0.8428718076415218,0.01010492652939287
5468.0,0.8417203675483025,0.01010492652939287
5469.0,0.8409607733097505,0.01010492652939287
5470.0,0.8416534439336961,0.01010492652939287
5471.0,0.8423461145576417,0.01010492652939287
5472.0,0.8420070315321747,0.01010492652939287
5473.0,0.8414283252478946,0.01010492652939287
5474.0,0.8393335000421038,0.01010492652939287
5475.0,0.835062024571811,0.01010492652939287
5476.0,0.8308750054397256,0.01010492652939287
5477.0,0.8353975461851519,0.01010492652939287
5478.0,0.8399200869305783,0.01010492652939287
5479.0,0.8462862842430476,0.01010492652939287
5480.0,0.8538379490917236,0.01010492652939287
5481.0,0.8570608679777716,0.01010492652939287
5482.0,0.843769495908142,0.01010492652939287
5483.0,0.8304781238385124,0.01010492652939287
5484.0,0.8324086341997945,0.01010492652939287
5485.0,0.8379860538934693,0.01010492652939287
5486.0,0.8434803177283987,0.01010492652939287
5487.0,0.8488528000542189,0.01010492652939287
5488.0,0.8542126226658924,0.01010492652939287
5489.0,0.8569487195204557,0.01010492652939287
5490.0,0.8596848163750188,0.01010492652939287
5491.0,0.8599106859598532,0.01010492652939287
5492.0,0.8584896867593788,0.01010492652939287
5493.0,0.8580150433668335,0.01010492652939287
5494.0,0.8612586263438925,0.01010492652939287
5495.0,0.8645022093209513,0.01010492652939287
5496.0,0.8651914886088916,0.01010492652939287
5497.0,0.8652498395903881,0.01010492652939287
5498.0,0.8617247686933424,0.01010492652939287
5499.0,0.8528460225945126,0.01010492652939287
5500.0,0.8439672764956829,0.01010492652939287
5501.0,0.8470903026356432,0.01010492652939287
5502.0,0.8502133287756036,0.01010492652939287
5503.0,0.8553791211684104,0.01010492652939287
5504.0,0.86191221602304,0.01010492652939287
5505.0,0.8664862641470097,0.01010492652939287
5506.0,0.8631291412644276,0.01010492652939287
5507.0,0.8597720183818457,0.01010492652939287
5508.0,0.8592435478352834,0.01010492652939287
5509.0,0.8594350204284594,0.01010492652939287
5510.0,0.8593260028403437,0.01010492652939287
5511.0,0.8587589653698345,0.01010492652939287
5512.0,0.8581919278993256,0.01010492652939287
5513.0,0.8572786462639436,0.01010492652939287
5514.0,0.8563636939691411,0.01010492652939287
5515.0,0.8533442333773582,0.01010492652939287
5516.0,0.8488877549989495,0.01010492652939287
5517.0,0.8475628393025796,0.01010492652939287
5518.0,0.8593087939312118,0.01010492652939287
5519.0,0.871054748559844,0.01010492652939287
5520.0,0.8713512467147194,0.01010492652939287
5521.0,0.8686465994605624,0.01010492652939287
5522.0,0.8650734205249075,0.01010492652939287
5523.0,0.8601494883299922,0.01010492652939287
5524.0,0.8552255561350769,0.01010492652939287
5525.0,0.8592447638861936,0.01010492652939287
5526.0,0.8633506929943644,0.01010492652939287
5527.0,0.8671594450834961,0.01010492652939287
5528.0,0.8707612021817698,0.01010492652939287
5529.0,0.8730555015948681,0.01010492652939287
5530.0,0.8697202379813439,0.01010492652939287
5531.0,0.8663849743678196,0.01010492652939287
5532.0,0.8617361958069222,0.01010492652939287
5533.0,0.856733008487359,0.01010492652939287
5534.0,0.8568486624026825,0.01010492652939287
5535.0,0.8650876947994334,0.01010492652939287
5536.0,0.8733267271961844,0.01010492652939287
5537.0,0.8683059086469016,0.01010492652939287
5538.0,0.8630912798523692,0.01010492652939287
5539.0,0.8620685768573467,0.01010492652939287
5540.0,0.8640241209395972,0.01010492652939287
5541.0,0.8651588500885355,0.01010492652939287
5542.0,0.8626455128672014,0.01010492652939287
5543.0,0.8601321756458671,0.01010492652939287
5544.0,0.8648176647818787,0.01010492652939287
5545.0,0.871501601112177,0.01010492652939287
5546.0,0.875565929671711,0.01010492652939287
5547.0,0.8753878116842553,0.01010492652939287
5548.0,0.8752096936967995,0.01010492652939287
5549.0,0.8708634077387103,0.01010492652939287
5550.0,0.8664354930321129,0.01010492652939287
5551.0,0.866300536261012,0.01010492652939287
5552.0,0.8692764185736025,0.01010492652939287
5553.0,0.8720409863339996,0.01010492652939287
5554.0,0.8738354926601705,0.01010492652939287
5555.0,0.8756299989863412,0.01010492652939287
5556.0,0.8746411143502547,0.01010492652939287
5557.0,0.8728575887758699,0.01010492652939287
5558.0,0.8751615835985864,0.01010492652939287
5559.0,0.8842217028993248,0.01010492652939287
5560.0,0.8932818222000634,0.01010492652939287
5561.0,0.8846915284707885,0.01010492652939287
5562.0,0.8756670302389314,0.01010492652939287
5563.0,0.8751321489697036,0.01010492652939287
5564.0,0.8808714313847443,0.01010492652939287
5565.0,0.886276563695111,0.01010492652939287
5566.0,0.8900962113708869,0.01010492652939287
5567.0,0.8939158590466629,0.01010492652939287
5568.0,0.8923315144145807,0.01010492652939287
5569.0,0.8891612155182318,0.01010492652939287
5570.0,0.8877580293660232,0.01010492652939287
5571.0,0.8893361334240902,0.01010492652939287
5572.0,0.890914237482157,0.01010492652939287
5573.0,0.8810979055140973,0.01010492652939287
5574.0,0.8709435433054653,0.01010492652939287
5575.0,0.8695068618136348,0.01010492652939287
5576.0,0.8746405586304684,0.01010492652939287
5577.0,0.8795356434350975,0.01010492652939287
5578.0,0.8832596678677691,0.01010492652939287
5579.0,0.8869836923004407,0.01010492652939287
5580.0,0.8883813833619405,0.01010492652939287
5581.0,0.8890775395161957,0.01010492652939287
5582.0,0.8872420224343435,0.01010492652939287
5583.0,0.8810464014458683,0.01010492652939287
5584.0,0.8748507804573933,0.01010492652939287
5585.0,0.8762564569945843,0.01010492652939287
5586.0,0.8779265264891833,0.01010492652939287
5587.0,0.8807714301801399,0.01010492652939287
5588.0,0.8845192849944102,0.01010492652939287
5589.0,0.8863307021378894,0.01010492652939287
5590.0,0.8783044505304782,0.01010492652939287
5591.0,0.870278198923067,0.01010492652939287
5592.0,0.8765262812043431,0.01010492652939287
5593.0,0.8871958159637111,0.01010492652939287
5594.0,0.8920396031771985,0.01010492652939287
5595.0,0.8866401057984591,0.01010492652939287
5596.0,0.8812406084197195,0.01010492652939287
5597.0,0.8846162718331276,0.01010492652939287
5598.0,0.8883425034679424,0.01010492652939287
5599.0,0.893236010125915,0.01010492652939287
5600.0,0.8990443404637082,0.01010492652939287
5601.0,0.903505862977516,0.01010492652939287
5602.0,0.9008789232598339,0.01010492652939287
5603.0,0.8982519835421517,0.01010492652939287
5604.0,0.8942645784865462,0.01010492652939287
5605.0,0.8898444937902419,0.01010492652939287
5606.0,0.8871179364732606,0.01010492652939287
5607.0,0.8874317722701621,0.01010492652939287
5608.0,0.8877456080670637,0.01010492652939287
5609.0,0.885327704077392,0.01010492652939287
5610.0,0.8827864090810488,0.01010492652939287
5611.0,0.8857416497595714,0.01010492652939287
5612.0,0.8930893703510507,0.01010492652939287
5613.0,0.8988576632439053,0.01010492652939287
5614.0,0.8960064437350034,0.01010492652939287
5615.0,0.8931552242261015,0.01010492652939287
5616.0,0.8988850285196553,0.01010492652939287
5617.0,0.9074159631945818,0.01010492652939287
5618.0,0.9097570664247848,0.01010492652939287
5619.0,0.900750145339646,0.01010492652939287
5620.0,0.8917432242545072,0.01010492652939287
5621.0,0.8939641401042597,0.01010492652939287
5622.0,0.8967514033403859,0.01010492652939287
5623.0,0.8997686944429814,0.01010492652939287
5624.0,0.9029734156589952,0.01010492652939287
5625.0,0.9046444241791334,0.01010492652939287
5626.0,0.8976284839898371,0.01010492652939287
5627.0,0.8906125438005408,0.01010492652939287
5628.0,0.8952228661823757,0.01010492652939287
5629.0,0.9037272412523059,0.01010492652939287
5630.0,0.9092462350526488,0.01010492652939287
5631.0,0.9091753597861455,0.01010492652939287
5632.0,0.9091044845196422,0.01010492652939287
5633.0,0.9061100019975499,0.01010492652939287
5634.0,0.9029524792736267,0.01010492652939287
5635.0,0.9031347382640746,0.01010492652939287
5636.0,0.9060915851403076,0.01010492652939287
5637.0,0.9088770139617577,0.01010492652939287
5638.0,0.9106537679484477,0.01010492652939287
5639.0,0.9124305219351377,0.01010492652939287
5640.0,0.9114993312367898,0.01010492652939287
5641.0,0.9096378305095498,0.01010492652939287
5642.0,0.9082206807910944,0.01010492652939287
5643.0,0.9076533912188095,0.01010492652939287
5644.0,0.9070861016465246,0.01010492652939287
5645.0,0.9039013791916928,0.01010492652939287
5646.0,0.9005566098854438,0.01010492652939287
5647.0,0.9043990784374351,0.01010492652939287
5648.0,0.9143291852640458,0.01010492652939287
5649.0,0.9219118631280054,0.01010492652939287
5650.0,0.9151290782803481,0.01010492652939287
5651.0,0.9083462934326906,0.01010492652939287
5652.0,0.9131543204930673,0.01010492652939287
5653.0,0.9220454744755847,0.01010492652939287
5654.0,0.9261992369359274,0.01010492652939287
5655.0,0.9210966067412741,0.01010492652939287
5656.0,0.9159939765466208,0.01010492652939287
5657.0,0.9112299436319593,0.01010492652939287
5658.0,0.9064884549664134,0.01010492652939287
5659.0,0.9090447058747615,0.01010492652939287
5660.0,0.9179028079587795,0.01010492652939287
5661.0,0.9250800914242236,0.01010492652939287
5662.0,0.9215477341341783,0.01010492652939287
5663.0,0.9180153768441331,0.01010492652939287
5664.0,0.9226215583861556,0.01010492652939287
5665.0,0.9301666567286357,0.01010492652939287
5666.0,0.9339120118185747,0.01010492652939287
5667.0,0.9300715485446369,0.01010492652939287
5668.0,0.9262310852706992,0.01010492652939287
5669.0,0.9194359910227856,0.01010492652939287
5670.0,0.9124279503983687,0.01010492652939287
5671.0,0.9098887045099303,0.01010492652939287
5672.0,0.9112836120007921,0.01010492652939287
5673.0,0.9134858667142454,0.01010492652939287
5674.0,0.9210506846309336,0.01010492652939287
5675.0,0.9286155025476218,0.01010492652939287
5676.0,0.9322011316443196,0.01010492652939287
5677.0,0.9343141990888844,0.01010492652939287
5678.0,0.9330075434910012,0.01010492652939287
5679.0,0.9247241536568754,0.01010492652939287
5680.0,0.9164407638227495,0.01010492652939287
5681.0,0.9143740220902491,0.01010492652939287
5682.0,0.9127898144924143,0.01010492652939287
5683.0,0.9132094934925323,0.01010492652939287
5684.0,0.9154276493026535,0.01010492652939287
5685.0,0.9181058577340144,0.01010492652939287
5686.0,0.9239737643392983,0.01010492652939287
5687.0,0.9298416709445821,0.01010492652939287
5688.0,0.9301839700620056,0.01010492652939287
5689.0,0.9284312954795579,0.01010492652939287
5690.0,0.9264908102020561,0.01010492652939287
5691.0,0.9241587048456089,0.01010492652939287
5692.0,0.9218265994891616,0.01010492652939287
5693.0,0.9227854292362141,0.01010492652939287
5694.0,0.924018146950266,0.01010492652939287
5695.0,0.9258349393262839,0.01010492652939287
5696.0,0.9281861264504916,0.01010492652939287
5697.0,0.9299587970745858,0.01010492652939287
5698.0,0.9275386550443784,0.01010492652939287
5699.0,0.9251185130141708,0.01010492652939287
5700.0,0.9242199375296098,0.01010492652939287
5701.0,0.9239122370536084,0.01010492652939287
5702.0,0.9257793348133125,0.01010492652939287
5703.0,0.9322821867070104,0.01010492652939287
5704.0,0.9387850386007082,0.01010492652939287
5705.0,0.9346709758818793,0.01010492652939287
5706.0,0.9296131874197149,0.01010492652939287
5707.0,0.9283019718371036,0.01010492652939287
5708.0,0.9304852395435484,0.01010492652939287
5709.0,0.9326947293979392,0.01010492652939287
5710.0,0.9351031831790134,0.01010492652939287
5711.0,0.9375116369600877,0.01010492652939287
5712.0,0.9404858903499534,0.01010492652939287
5713.0,0.9436851345238518,0.01010492652939287
5714.0,0.9445124898403375,0.01010492652939287
5715.0,0.9401705759294081,0.01010492652939287
5716.0,0.9358286620184787,0.01010492652939287
5717.0,0.9291475185342294,0.01010492652939287
5718.0,0.9222450550377855,0.01010492652939287
5719.0,0.917958371467336,0.01010492652939287
5720.0,0.9161588229084887,0.01010492652939287
5721.0,0.915348227134499,0.01010492652939287
5722.0,0.9224067180356923,0.01010492652939287
5723.0,0.9294652089368854,0.01010492652939287
5724.0,0.9363231087965077,0.01010492652939287
5725.0,0.9430993491273828,0.01010492652939287
5726.0,0.9463301171140281,0.01010492652939287
5727.0,0.9416591541009494,0.01010492652939287
5728.0,0.9369881910878706,0.01010492652939287
5729.0,0.9423389469523605,0.01010492652939287
5730.0,0.9486958463237154,0.01010492652939287
5731.0,0.9485830414883513,0.01010492652939287
5732.0,0.9421993649632675,0.01010492652939287
5733.0,0.9358250072235161,0.01010492652939287
5734.0,0.9295285503409256,0.01010492652939287
5735.0,0.9232320934583351,0.01010492652939287
5736.0,0.9271092195988814,0.01010492652939287
5737.0,0.9352253386657293,0.01010492652939287
5738.0,0.9401941529236294,0.01010492652939287
5739.0,0.9379885991327799,0.01010492652939287
5740.0,0.9357830453419302,0.01010492652939287
5741.0,0.9391365008856044,0.01010492652939287
5742.0,0.9430805550305543,0.01010492652939287
5743.0,0.9446162713346858,0.01010492652939287
5744.0,0.9437723889130508,0.01010492652939287
5745.0,0.9432285042014101,0.01010492652939287
5746.0,0.9453245993377151,0.01010492652939287
5747.0,0.9474206944740199,0.01010492652939287
5748.0,0.9442106322752657,0.01010492652939287
5749.0,0.9387381845004303,0.01010492652939287
5750.0,0.935302986143849,0.01010492652939287
5751.0,0.9366186534306321,0.01010492652939287
5752.0,0.9379343207174151,0.01010492652939287
5753.0,0.9387008247467594,0.01010492652939287
5754.0,0.9394057403734006,0.01010492652939287
5755.0,0.9381215019023077,0.01010492652939287
5756.0,0.9348337299062691,0.01010492652939287
5757.0,0.9320541674217542,0.01010492652939287
5758.0,0.9339927969454755,0.01010492652939287
5759.0,0.9359314264691968,0.01010492652939287
5760.0,0.9405916701249155,0.01010492652939287
5761.0,0.9464391006347636,0.01010492652939287
5762.0,0.9508363888290317,0.01010492652939287
5763.0,0.9517733780832873,0.01010492652939287
5764.0,0.9527103673375429,0.01010492652939287
5765.0,0.9551250135806152,0.01010492652939287
5766.0,0.9577142018572657,0.01010492652939287
5767.0,0.9561173940093767,0.01010492652939287
5768.0,0.950222556077404,0.01010492652939287
5769.0,0.9453173410033014,0.01010492652939287
5770.0,0.9501284230791903,0.01010492652939287
5771.0,0.9549395051550793,0.01010492652939287
5772.0,0.9499201714118753,0.01010492652939287
5773.0,0.9405146972771764,0.01010492652939287
5774.0,0.9355546381205379,0.01010492652939287
5775.0,0.9414509436417243,0.01010492652939287
5776.0,0.9473472491629106,0.01010492652939287
5777.0,0.9410181832988197,0.01010492652939287
5778.0,0.9331712575596264,0.01010492652939287
5779.0,0.9348313744433993,0.01010492652939287
5780.0,0.9464423516647246,0.01010492652939287
5781.0,0.9570661093310695,0.01010492652939287
5782.0,0.957411964781235,0.01010492652939287
5783.0,0.9577578202314003,0.01010492652939287
5784.0,0.9562191743238169,0.01010492652939287
5785.0,0.9538206423071904,0.01010492652939287
5786.0,0.9540317735854802,0.01010492652939287
5787.0,0.960767063101077,0.01010492652939287
5788.0,0.9675023526166737,0.01010492652939287
5789.0,0.9643238493769467,0.01010492652939287
5790.0,0.959853997284422,0.01010492652939287
5791.0,0.9576504898077426,0.01010492652939287
5792.0,0.9578651664124826,0.01010492652939287
5793.0,0.957454670676435,0.01010492652939287
5794.0,0.9501219768482578,0.01010492652939287
5795.0,0.9427892830200807,0.01010492652939287
5796.0,0.9465180102415124,0.01010492652939287
5797.0,0.9554074356638982,0.01010492652939287
5798.0,0.9621793325638259,0.01010492652939287
5799.0,0.9635307184169454,0.01010492652939287
5800.0,0.9648821042700647,0.01010492652939287
5801.0,0.9581039540579944,0.01010492652939287
5802.0,0.9502167266201168,0.01010492652939287
5803.0,0.9498861218837615,0.01010492652939287
5804.0,0.9577750014893885,0.01010492652939287
5805.0,0.9647690197595447,0.01010492652939287
5806.0,0.9611899071737123,0.01010492652939287
5807.0,0.9576107945878801,0.01010492652939287
5808.0,0.9583096200050675,0.01010492652939287
5809.0,0.9610488094697963,0.01010492652939287
5810.0,0.9609002398256741,0.01010492652939287
5811.0,0.9531807191266162,0.01010492652939287
5812.0,0.9454611984275583,0.01010492652939287
5813.0,0.9518951367173772,0.01010492652939287
5814.0,0.9603482241633473,0.01010492652939287
5815.0,0.9666928376894193,0.01010492652939287
5816.0,0.9706994472233021,0.01010492652939287
5817.0,0.9737520765801431,0.01010492652939287
5818.0,0.9647313830406027,0.01010492652939287
5819.0,0.9557106895010623,0.01010492652939287
5820.0,0.963236862848251,0.01010492652939287
5821.0,0.9788296338027141,0.01010492652939287
5822.0,0.9900181760126732,0.01010492652939287
5823.0,0.9893776613734917,0.01010492652939287
5824.0,0.9887371467343101,0.01010492652939287
5825.0,0.9771651798504855,0.01010492652939287
5826.0,0.96396480352884,0.01010492652939287
5827.0,0.9604204890162509,0.01010492652939287
5828.0,0.9677917226356535,0.01010492652939287
5829.0,0.9740780107701812,0.01010492652939287
5830.0,0.9655938130053854,0.01010492652939287
5831.0,0.9571096152405897,0.01010492652939287
5832.0,0.9554011664262221,0.01010492652939287
5833.0,0.9570684054882285,0.01010492652939287
5834.0,0.9589706927932697,0.01010492652939287
5835.0,0.9615198921545912,0.01010492652939287
5836.0,0.9640690915159128,0.01010492652939287
5837.0,0.9597997018496199,0.01010492652939287
5838.0,0.9544711138877717,0.01010492652939287
5839.0,0.9546801741847983,0.01010492652939287
5840.0,0.9612711236897261,0.01010492652939287
5841.0,0.9678546805957661,0.01010492652939287
5842.0,0.9743294407634558,0.01010492652939287
5843.0,0.9808042009311457,0.01010492652939287
5844.0,0.9814146732057601,0.01010492652939287
5845.0,0.9790398829840808,0.01010492652939287
5846.0,0.9777789932937134,0.01010492652939287
5847.0,0.979660529414164,0.01010492652939287
5848.0,0.9815420655346148,0.01010492652939287
5849.0,0.9812772619221265,0.01010492652939287
5850.0,0.9806652122719521,0.01010492652939287
5851.0,0.9791653870892321,0.01010492652939287
5852.0,0.976622483604567,0.01010492652939287
5853.0,0.9739742665225454,0.01010492652939287
5854.0,0.9696410318828187,0.01010492652939287
5855.0,0.9653077972430919,0.01010492652939287
5856.0,0.9610816468762642,0.01010492652939287
5857.0,0.9569111881477143,0.01010492652939287
5858.0,0.9563048398557316,0.01010492652939287
5859.0,0.9660077642751328,0.01010492652939287
5860.0,0.9757106886945339,0.01010492652939287
5861.0,0.9784807506057327,0.01010492652939287
5862.0,0.9800839913374338,0.01010492652939287
5863.0,0.9814838003206111,0.01010492652939287
5864.0,0.9826399206129454,0.01010492652939287
5865.0,0.9838017218641669,0.01010492652939287
5866.0,0.9850630030176828,0.01010492652939287
5867.0,0.9863242841711986,0.01010492652939287
5868.0,0.9831198493846125,0.01010492652939287
5869.0,0.9775430030048456,0.01010492652939287
5870.0,0.9722759648224991,0.01010492652939287
5871.0,0.9679280242924977,0.01010492652939287
5872.0,0.963580083762496,0.01010492652939287
5873.0,0.964183285492021,0.01010492652939287
5874.0,0.9656524133713031,0.01010492652939287
5875.0,0.966265218054888,0.01010492652939287
5876.0,0.9658321666754626,0.01010492652939287
5877.0,0.9653690124341703,0.01010492652939287
5878.0,0.9643243590075458,0.01010492652939287
5879.0,0.9632797055809211,0.01010492652939287
5880.0,0.9678751050410276,0.01010492652939287
5881.0,0.9755307554193017,0.01010492652939287
5882.0,0.9809576396336798,0.01010492652939287
5883.0,0.979600852077389,0.01010492652939287
5884.0,0.9782440645210984,0.01010492652939287
5885.0,0.9774431549041551,0.01010492652939287
5886.0,0.9767431706435755,0.01010492652939287
5887.0,0.9772302803153512,0.01010492652939287
5888.0,0.9791956579028916,0.01010492652939287
5889.0,0.9809808638325571,0.01010492652939287
5890.0,0.9788899443657921,0.01010492652939287
5891.0,0.9767990248990269,0.01010492652939287
5892.0,0.9809584185133793,0.01010492652939287
5893.0,0.988581138592446,0.01010492652939287
5894.0,0.9935380380358302,0.01010492652939287
5895.0,0.9901675472756777,0.01010492652939287
5896.0,0.9867970565155253,0.01010492652939287
5897.0,0.9832202573605486,0.01010492652939287
5898.0,0.9796046098345066,0.01010492652939287
5899.0,0.9800939902752579,0.01010492652939287
5900.0,0.9857957495512268,0.01010492652939287
5901.0,0.9912591680890498,0.01010492652939287
5902.0,0.9909446293385682,0.01010492652939287
5903.0,0.9906300905880867,0.01010492652939287
5904.0,0.9881993586627571,0.01010492652939287
5905.0,0.9845713069148166,0.01010492652939287
5906.0,0.9822598281544931,0.01010492652939287
5907.0,0.9841706920564857,0.01010492652939287
5908.0,0.986081555958478,0.01010492652939287
5909.0,0.984955314761081,0.01010492652939287
5910.0,0.9832364676906326,0.01010492652939287
5911.0,0.9810994835124821,0.01010492652939287
5912.0,0.9784211096907515,0.01010492652939287
5913.0,0.9758958646792046,0.01010492652939287
5914.0,0.9776159839224106,0.01010492652939287
5915.0,0.9793361031656165,0.01010492652939287
5916.0,0.980784930983432,0.01010492652939287
5917.0,0.9820770468983226,0.01010492652939287
5918.0,0.9819600399849887,0.01010492652939287
5919.0,0.9772016439621928,0.01010492652939287
5920.0,0.9724432479393967,0.01010492652939287
5921.0,0.978557489972568,0.01010492652939287
5922.0,0.9868682245422917,0.01010492652939287
5923.0,0.9874075535444754,0.01010492652939287
5924.0,0.9776860295131914,0.01010492652939287
5925.0,0.9685221232302124,0.01010492652939287
5926.0,0.9773804225722066,0.01010492652939287
5927.0,0.9862387219142008,0.01010492652939287
5928.0,0.9874619336571123,0.01010492652939287
5929.0,0.9841827750410207,0.01010492652939287
5930.0,0.9823442710425532,0.01010492652939287
5931.0,0.9853812455658238,0.01010492652939287
5932.0,0.9884182200890946,0.01010492652939287
5933.0,0.989535371182925,0.01010492652939287
5934.0,0.9902512819663958,0.01010492652939287
5935.0,0.9897026737440947,0.01010492652939287
5936.0,0.9874514173957144,0.01010492652939287
5937.0,0.9853021498949109,0.01010492652939287
5938.0,0.9870964511671091,0.01010492652939287
5939.0,0.9888907524393072,0.01010492652939287
5940.0,0.9871171317329194,0.01010492652939287
5941.0,0.9831958964509618,0.01010492652939287
5942.0,0.9792209780322234,0.01010492652939287
5943.0,0.9750593231108124,0.01010492652939287
5944.0,0.9708976681894015,0.01010492652939287
5945.0,0.9766888781228117,0.01010492652939287
5946.0,0.9846304880540481,0.01010492652939287
5947.0,0.9882011628046782,0.01010492652939287
5948.0,0.9857695846862081,0.01010492652939287
5949.0,0.9834316496935875,0.01010492652939287
5950.0,0.985588584741698,0.01010492652939287
5951.0,0.9877455197898084,0.01010492652939287
5952.0,0.9877710107357593,0.01010492652939287
5953.0,0.9864870679987984,0.01010492652939287
5954.0,0.9849175918278879,0.01010492652939287
5955.0,0.9823267845278514,0.01010492652939287
5956.0,0.9797359772278147,0.01010492652939287
5957.0,0.9762442142401581,0.01010492652939287
5958.0,0.9725513568846329,0.01010492652939287
5959.0,0.9751345243794682,0.01010492652939287
5960.0,0.986507743970192,0.01010492652939287
5961.0,0.9976643108637692,0.01010492652939287
5962.0,0.995155092245553,0.01010492652939287
5963.0,0.9926458736273369,0.01010492652939287
5964.0,0.987942366977464,0.01010492652939287
5965.0,0.9818631445889945,0.01010492652939287
5966.0,0.9771222245017088,0.01010492652939287
5967.0,0.9773059561406996,0.01010492652939287
5968.0,0.9774896877796905,0.01010492652939287
5969.0,0.9828181919174861,0.01010492652939287
5970.0,0.9893321975468818,0.01010492652939287
5971.0,0.9933123806728296,0.01010492652939287
5972.0,0.9936728173652886,0.01010492652939287
5973.0,0.9939618857130766,0.01010492652939287
5974.0,0.9877167856154712,0.01010492652939287
5975.0,0.9814716855178656,0.01010492652939287
5976.0,0.9782195476647728,0.01010492652939287
5977.0,0.9768821986492164,0.01010492652939287
5978.0,0.9767131488331766,0.01010492652939287
5979.0,0.980968864376225,0.01010492652939287
5980.0,0.9852245799192734,0.01010492652939287
5981.0,0.9923932540786883,0.01010492652939287
5982.0,1.0002544592613083,0.01010492652939287
5983.0,1.002381054672358,0.01010492652939287
5984.0,0.9961510210947473,0.01010492652939287
5985.0,0.9899493857419187,0.01010492652939287
5986.0,0.9884504964133608,0.01010492652939287
5987.0,0.9869516070848027,0.01010492652939287
5988.0,0.9899479495386065,0.01010492652939287
5989.0,0.9958786794058971,0.01010492652939287
5990.0,1.0008167244617583,0.01010492652939287
5991.0,1.0018832987530544,0.01010492652939287
5992.0,1.0029498730443505,0.01010492652939287
5993.0,0.998537761020108,0.01010492652939287
5994.0,0.992782592858723,0.01010492652939287
5995.0,0.9895724291776008,0.01010492652939287
5996.0,0.9901455855895207,0.01010492652939287
5997.0,0.9907262251793589,0.01010492652939287
5998.0,0.9975328687977209,0.01010492652939287
5999.0,1.004339512416083,0.01010492652939287
6000.0,1.0030853947694163,0.01010492652939287
6001.0,0.9964628101202484,0.01010492652939287
6002.0,0.9918636216743918,0.01010492652939287
6003.0,0.9953945854430059,0.01010492652939287
6004.0,0.9989255492116197,0.01010492652939287
6005.0,0.9984421370112555,0.01010492652939287
6006.0,0.9969445666713621,0.01010492652939287
6007.0,0.9973149189382695,0.01010492652939287
6008.0,1.0005181931043148,0.01010492652939287
6009.0,1.0037214672703598,0.01010492652939287
6010.0,1.002845868326003,0.01010492652939287
6011.0,1.0019555264667905,0.01010492652939287
6012.0,0.9988403744472923,0.01010492652939287
6013.0,0.9942136074600239,0.01010492652939287
6014.0,0.991311641226728,0.01010492652939287
6015.0,0.9955537571287033,0.01010492652939287
6016.0,0.9997958730306786,0.01010492652939287
6017.0,0.9981653795675673,0.01010492652939287
6018.0,0.995006763849091,0.01010492652939287
6019.0,0.9936754374449094,0.01010492652939287
6020.0,0.9951716596432727,0.01010492652939287
6021.0,0.996667881841636,0.01010492652939287
6022.0,0.9997806654445047,0.01010492652939287
6023.0,1.0029071487202919,0.01010492652939287
6024.0,1.0029238565511025,0.01010492652939287
6025.0,1.0007852118885465,0.01010492652939287
6026.0,1.000021682497712,0.01010492652939287
6027.0,1.005132854425951,0.01010492652939287
6028.0,1.0102440263541903,0.01010492652939287
6029.0,1.0040747974022879,0.01010492652939287
6030.0,0.9948837259010658,0.01010492652939287
6031.0,0.9919731690097829,0.01010492652939287
6032.0,0.998979214134169,0.01010492652939287
6033.0,1.005985259258555,0.01010492652939287
6034.0,1.0103160442500052,0.01010492652939287
6035.0,1.014611028923375,0.01010492652939287
6036.0,1.013157368017442,0.01010492652939287
6037.0,1.0076396031671184,0.01010492652939287
6038.0,1.002651699194367,0.01010492652939287
6039.0,1.0,0.01010492652939287
6040.0,0.997348300805633,0.01010492652939287
6041.0,1.000662182982596,0.01010492652939287
6042.0,1.0056204826891701,0.01010492652939287
6043.0,1.0079914406440509,0.01010492652939287
6044.0,1.0061934529551384,0.01010492652939287
6045.0,1.004395465266226,0.01010492652939287
6046.0,1.0002438034561028,0.01010492652939287
6047.0,0.9960489813625822,0.01010492652939287
6048.0,0.9941664349820518,0.01010492652939287
6049.0,0.9939512113780367,0.01010492652939287
6050.0,0.9949045506535354,0.01010492652939287
6051.0,1.0011787462404038,0.01010492652939287
6052.0,1.0074529418272722,0.01010492652939287
6053.0,1.0040140963621966,0.01010492652939287
6054.0,0.997821476546493,0.01010492652939287
6055.0,0.9955703372871175,0.01010492652939287
6056.0,0.9998007438314945,0.01010492652939287
6057.0,1.0040311503758717,0.01010492652939287
6058.0,0.9998121811915597,0.01010492652939287
6059.0,0.9953959907064549,0.01010492652939287
6060.0,0.9970159130277492,0.01010492652939287
6061.0,1.0030748933087419,0.01010492652939287
6062.0,1.0079126226995077,0.01010492652939287
6063.0,1.007003781120541,0.01010492652939287
6064.0,1.0060949395415744,0.01010492652939287
6065.0,1.0077160039227475,0.01010492652939287
6066.0,1.0100744672504405,0.01010492652939287
6067.0,1.0097349242127223,0.01010492652939287
6068.0,1.0048668946066919,0.01010492652939287
6069.0,0.9999988650006615,0.01010492652939287
6070.0,1.0063195361526445,0.01010492652939287
6071.0,1.0129579111533076,0.01010492652939287
6072.0,1.0141552064807398,0.01010492652939287
6073.0,1.0112716920532614,0.01010492652939287
6074.0,1.0098618777529833,0.01010492652939287
6075.0,1.0156233788604025,0.01010492652939287
6076.0,1.0213848799678216,0.01010492652939287
6077.0,1.0169450009763097,0.01010492652939287
6078.0,1.0094494823919795,0.01010492652939287
6079.0,1.0057172445136262,0.01010492652939287
6080.0,1.0084328426331282,0.01010492652939287
6081.0,1.0111484407526303,0.01010492652939287
6082.0,1.0079952654188278,0.01010492652939287
6083.0,1.004645493455701,0.01010492652939287
6084.0,0.9994174124682501,0.01010492652939287
6085.0,0.9927527434346547,0.01010492652939287
6086.0,0.9888571063277948,0.01010492652939287
6087.0,0.9989069560983577,0.01010492652939287
6088.0,1.0089568058689207,0.01010492652939287
6089.0,1.0136212525299333,0.01010492652939287
6090.0,1.0166286520803176,0.01010492652939287
6091.0,1.0144632132446634,0.01010492652939287
6092.0,1.0032495752519377,0.01010492652939287
6093.0,0.9920359372592122,0.01010492652939287
6094.0,1.0010219198985788,0.01010492652939287
6095.0,1.010788685879082,0.01010492652939287
6096.0,1.014879933707716,0.01010492652939287
6097.0,1.0145447624649078,0.01010492652939287
6098.0,1.0127525876622276,0.01010492652939287
6099.0,1.003360073394254,0.01010492652939287
6100.0,0.9939675591262804,0.01010492652939287
6101.0,0.9981527129495575,0.01010492652939287
6102.0,1.0066278092977026,0.01010492652939287
6103.0,1.0132298458195266,0.01010492652939287
6104.0,1.01648668519334,0.01010492652939287
6105.0,1.0197435245671536,0.01010492652939287
6106.0,1.015786301116392,0.01010492652939287
6107.0,1.011512671401392,0.01010492652939287
6108.0,1.0098587804892547,0.01010492652939287
6109.0,1.0102882594440485,0.01010492652939287
6110.0,1.008953785783851,0.01010492652939287
6111.0,0.9980803991364691,0.01010492652939287
6112.0,0.9872070124890872,0.01010492652939287
6113.0,0.9905398867164665,0.01010492652939287
6114.0,0.9984801969032266,0.01010492652939287
6115.0,1.0035446145075504,0.01010492652939287
6116.0,1.003364183944574,0.01010492652939287
6117.0,1.0031837533815977,0.01010492652939287
6118.0,1.0069372283568991,0.01010492652939287
6119.0,1.010883930430428,0.01010492652939287
6120.0,1.0128991787204387,0.01010492652939287
6121.0,1.013348269920773,0.01010492652939287
6122.0,1.0138752145994756,0.01010492652939287
6123.0,1.0148390037956887,0.01010492652939287
6124.0,1.0158027929919018,0.01010492652939287
6125.0,1.010797079705086,0.01010492652939287
6126.0,1.003804715991913,0.01010492652939287
6127.0,0.9990978719500334,0.01010492652939287
6128.0,0.9986479064711816,0.01010492652939287
6129.0,0.99819794099233,0.01010492652939287
6130.0,0.9965416414865352,0.01010492652939287
6131.0,0.994819680761553,0.01010492652939287
6132.0,0.9982373756593625,0.01010492652939287
6133.0,1.0059043033856503,0.01010492652939287
6134.0,1.0125962812450444,0.01010492652939287
6135.0,1.0136063791424774,0.01010492652939287
6136.0,1.0146164770399106,0.01010492652939287
6137.0,1.0111605140660882,0.01010492652939287
6138.0,1.0061799055130283,0.01010492652939287
6139.0,1.004064245104911,0.01010492652939287
6140.0,1.007398973850579,0.01010492652939287
6141.0,1.0107337025962468,0.01010492652939287
6142.0,1.0155678561359849,0.01010492652939287
6143.0,1.0204916699369446,0.01010492652939287
6144.0,1.0228911304237271,0.01010492652939287
6145.0,1.0231627621213497,0.01010492652939287
6146.0,1.0224274943618747,0.01010492652939287
6147.0,1.0155910985360788,0.01010492652939287
6148.0,1.0087547027102826,0.01010492652939287
6149.0,1.0091681035214677,0.01010492652939287
6150.0,1.0121195206593718,0.01010492652939287
6151.0,1.0143341462952575,0.01010492652939287
6152.0,1.0151168449837615,0.01010492652939287
6153.0,1.015899543672266,0.01010492652939287
6154.0,1.0055188324994426,0.01010492652939287
6155.0,0.9944100728574053,0.01010492652939287
6156.0,0.9954582350678872,0.01010492652939287
6157.0,1.0069537519953873,0.01010492652939287
6158.0,1.0171723344636054,0.01010492652939287
6159.0,1.0193372688947893,0.01010492652939287
6160.0,1.0215022033259726,0.01010492652939287
6161.0,1.0126770763293926,0.01010492652939287
6162.0,0.9999077184778373,0.01010492652939287
6163.0,0.9930397975755179,0.01010492652939287
6164.0,0.9978901421566178,0.01010492652939287
6165.0,1.0027404867377179,0.01010492652939287
6166.0,1.0056085870479565,0.01010492652939287
6167.0,1.0083365544084548,0.01010492652939287
6168.0,1.0128685578335226,0.01010492652939287
6169.0,1.0189811243872324,0.01010492652939287
6170.0,1.0235818112591155,0.01010492652939287
6171.0,1.0182453253132224,0.01010492652939287
6172.0,1.0129088393673296,0.01010492652939287
6173.0,1.0132932731281767,0.01010492652939287
6174.0,1.0157819532179386,0.01010492652939287
6175.0,1.0152969021878782,0.01010492652939287
6176.0,1.0087778803764953,0.01010492652939287
6177.0,1.0022588585651124,0.01010492652939287
6178.0,1.0082754800622107,0.01010492652939287
6179.0,1.0152476609329515,0.01010492652939287
6180.0,1.0160033003574684,0.01010492652939287
6181.0,1.011206437990256,0.01010492652939287
6182.0,1.0072528757857107,0.01010492652939287
6183.0,1.0090830797911545,0.01010492652939287
6184.0,1.0109132837965982,0.01010492652939287
6185.0,1.0096921078294245,0.01010492652939287
6186.0,1.0073209903188487,0.01010492652939287
6187.0,1.0072432721517646,0.01010492652939287
6188.0,1.0119216072357589,0.01010492652939287
6189.0,1.016599942319753,0.01010492652939287
6190.0,1.0140636238370189,0.01010492652939287
6191.0,1.0109370155170108,0.01010492652939287
6192.0,1.007660197213743,0.01010492652939287
6193.0,1.0042466051413137,0.01010492652939287
6194.0,1.001843160400557,0.01010492652939287
6195.0,1.0066791048701522,0.01010492652939287
6196.0,1.0115150493397473,0.01010492652939287
6197.0,1.0147729183082368,0.01010492652939287
6198.0,1.017421613372805,0.01010492652939287
6199.0,1.019677138986694,0.01010492652939287
6200.0,1.0210992042669362,0.01010492652939287
6201.0,1.0225212695471786,0.01010492652939287
6202.0,1.016516102259088,0.01010492652939287
6203.0,1.0098612945244274,0.01010492652939287
6204.0,1.0053077408554745,0.01010492652939287
6205.0,1.0027046568169562,0.01010492652939287
6206.0,0.9998372011670134,0.01010492652939287
6207.0,0.9949869584313871,0.01010492652939287
6208.0,0.9901367156957608,0.01010492652939287
6209.0,0.9899522923729315,0.01010492652939287
6210.0,0.991612313575091,0.01010492652939287
6211.0,0.993119042794466,0.01010492652939287
6212.0,0.9942935422412665,0.01010492652939287
6213.0,0.9954680416880672,0.01010492652939287
6214.0,0.9975692186220547,0.01010492652939287
6215.0,0.9997567395213833,0.01010492652939287
6216.0,1.003986073114209,0.01010492652939287
6217.0,1.0101474958212093,0.01010492652939287
6218.0,1.0153815716411367,0.01010492652939287
6219.0,1.0133251224659001,0.01010492652939287
6220.0,1.0112686732906635,0.01010492652939287
6221.0,1.0146452223636246,0.01010492652939287
6222.0,1.0202206240159502,0.01010492652939287
6223.0,1.0228511675683591,0.01010492652939287
6224.0,1.018955268845285,0.01010492652939287
6225.0,1.0150593701222106,0.01010492652939287
6226.0,1.017147059642572,0.01010492652939287
6227.0,1.0198267928545677,0.01010492652939287
6228.0,1.0178030256967054,0.01010492652939287
6229.0,1.0112421555877338,0.01010492652939287
6230.0,1.005497971377328,0.01010492652939287
6231.0,1.0064959829739255,0.01010492652939287
6232.0,1.0074939945705232,0.01010492652939287
6233.0,1.009957449409498,0.01010492652939287
6234.0,1.0130279809057559,0.01010492652939287
6235.0,1.0131869027367946,0.01010492652939287
6236.0,1.0067461759933276,0.01010492652939287
6237.0,1.0003054492498609,0.01010492652939287
6238.0,1.0068294140202751,0.01010492652939287
6239.0,1.0147117483259613,0.01010492652939287
6240.0,1.0176433253692567,0.01010492652939287
6241.0,1.0157066577712126,0.01010492652939287
6242.0,1.0132594485685278,0.01010492652939287
6243.0,1.0063776512418197,0.01010492652939287
6244.0,0.9994958539151115,0.01010492652939287
6245.0,1.0032042318824017,0.01010492652939287
6246.0,1.0114021200598053,0.01010492652939287
6247.0,1.016307400184262,0.01010492652939287
6248.0,1.0135780273732042,0.01010492652939287
6249.0,1.0108486545621465,0.01010492652939287
6250.0,1.0178117351333382,0.01010492652939287
6251.0,1.0258474472121597,0.01010492652939287
6252.0,1.0248352564265315,0.01010492652939287
6253.0,1.0147534130099545,0.01010492652939287
6254.0,1.0060933759876878,0.01010492652939287
6255.0,1.0104550048450827,0.01010492652939287
6256.0,1.0148166337024773,0.01010492652939287
6257.0,1.0158738930378226,0.01010492652939287
6258.0,1.01549793185758,0.01010492652939287
6259.0,1.0175756216360747,0.01010492652939287
6260.0,1.0254745238105882,0.01010492652939287
6261.0,1.0333734259851015,0.01010492652939287
6262.0,1.0162091078175326,0.01010492652939287
6263.0,0.9961218671703904,0.01010492652939287
6264.0,0.9896835388278096,0.01010492652939287
6265.0,0.9971922786411306,0.01010492652939287
6266.0,1.003863972150391,0.01010492652939287
6267.0,1.0024334866908564,0.01010492652939287
6268.0,1.0010030012313218,0.01010492652939287
6269.0,1.002313765354857,0.01010492652939287
6270.0,1.0048407511304978,0.01010492652939287
6271.0,1.005157326597969,0.01010492652939287
6272.0,1.0001070622225818,0.01010492652939287
6273.0,0.9950567978471945,0.01010492652939287
6274.0,0.9985079154539571,0.01010492652939287
6275.0,1.0030016553792815,0.01010492652939287
6276.0,1.0078478321699469,0.01010492652939287
6277.0,1.0130611306953428,0.01010492652939287
6278.0,1.0174319852096907,0.01010492652939287
6279.0,1.01316209642157,0.01010492652939287
6280.0,1.0088922076334494,0.01010492652939287
6281.0,1.0052583880399482,0.01010492652939287
6282.0,1.00191318623109,0.01010492652939287
6283.0,1.0006604324396533,0.01010492652939287
6284.0,1.0046081561475748,0.01010492652939287
6285.0,1.0085558798554963,0.01010492652939287
6286.0,1.0119060874570216,0.01010492652939287
6287.0,1.0151793790285908,0.01010492652939287
6288.0,1.0140939938124576,0.01010492652939287
6289.0,1.008380211710378,0.01010492652939287
6290.0,1.0037256167744453,0.01010492652939287
6291.0,1.010616161949409,0.01010492652939287
6292.0,1.0175067071243729,0.01010492652939287
6293.0,1.0159805319553017,0.01010492652939287
6294.0,1.010549235220637,0.01010492652939287
6295.0,1.0063499038032082,0.01010492652939287
6296.0,1.0052855309377287,0.01010492652939287
6297.0,1.0042211580722489,0.01010492652939287
6298.0,1.0050167015055738,0.01010492652939287
6299.0,1.006063105584105,0.01010492652939287
6300.0,1.0095118451749066,0.01010492652939287
6301.0,1.0155611129577347,0.01010492652939287
6302.0,1.0211527370817102,0.01010492652939287
6303.0,1.021425987170244,0.01010492652939287
6304.0,1.0216992372587776,0.01010492652939287
6305.0,1.0123250296434663,0.01010492652939287
6306.0,0.9983746827987141,0.01010492652939287
6307.0,0.9905935401296124,0.01010492652939287
6308.0,0.9988897174334069,0.01010492652939287
6309.0,1.0071858947372014,0.01010492652939287
6310.0,1.0102666897042936,0.01010492652939287
6311.0,1.012611615656759,0.01010492652939287
6312.0,1.0134914685138419,0.01010492652939287
6313.0,1.0127545614146574,0.01010492652939287
6314.0,1.0117637155012682,0.01010492652939287
6315.0,1.0076150175596101,0.01010492652939287
6316.0,1.0034663196179519,0.01010492652939287
6317.0,1.0085686752740253,0.01010492652939287
6318.0,1.0181563902502093,0.01010492652939287
6319.0,1.0235240279473892,0.01010492652939287
6320.0,1.0176257324680489,0.01010492652939287
6321.0,1.0117274369887086,0.01010492652939287
6322.0,1.0094565017724566,0.01010492652939287
6323.0,1.0077201775040696,0.01010492652939287
6324.0,1.0063754248847598,0.01010492652939287
6325.0,1.0054711903706623,0.01010492652939287
6326.0,1.0051710455135545,0.01010492652939287
6327.0,1.0129427883144935,0.01010492652939287
6328.0,1.0207145311154326,0.01010492652939287
6329.0,1.018482788635077,0.01010492652939287
6330.0,1.011294202460589,0.01010492652939287
6331.0,1.0048851712294105,0.01010492652939287
6332.0,1.0006085548655794,0.01010492652939287
6333.0,0.9963319385017486,0.01010492652939287
6334.0,0.9966293284713023,0.01010492652939287
6335.0,0.9976299244007004,0.01010492652939287
6336.0,0.9995690123003029,0.01010492652939287
6337.0,1.0025844634131553,0.01010492652939287
6338.0,1.0051374152749761,0.01010492652939287
6339.0,1.001018387200664,0.01010492652939287
6340.0,0.9968993591263516,0.01010492652939287
6341.0,0.9924800600006088,0.01010492652939287
6342.0,0.9879087248994589,0.01010492652939287
6343.0,0.9868693367322137,0.01010492652939287
6344.0,0.9957323020691399,0.01010492652939287
6345.0,1.0045952674060659,0.01010492652939287
6346.0,1.0083976173507916,0.01010492652939287
6347.0,1.011389423047462,0.01010492652939287
6348.0,1.010443447477867,0.01010492652939287
6349.0,1.0048931391255873,0.01010492652939287
6350.0,0.9994050483228499,0.01010492652939287
6351.0,0.9948912843459358,0.01010492652939287
6352.0,0.9903775203690215,0.01010492652939287
6353.0,0.9951765948370805,0.01010492652939287
6354.0,1.0047932396482526,0.01010492652939287
6355.0,1.0104665740488161,0.01010492652939287
6356.0,1.0048051836412009,0.01010492652939287
6357.0,0.9991437932335859,0.01010492652939287
6358.0,1.0017002792970873,0.01010492652939287
6359.0,1.0056264114391051,0.01010492652939287
6360.0,1.006181964830378,0.01010492652939287
6361.0,1.0027194335530112,0.01010492652939287
6362.0,0.9995428940993661,0.01010492652939287
6363.0,1.0012593017167664,0.01010492652939287
6364.0,1.0029757093341667,0.01010492652939287
6365.0,1.0012557917378497,0.01010492652939287
6366.0,0.9977199811845575,0.01010492652939287
6367.0,0.9965157983142893,0.01010492652939287
6368.0,1.00218494444326,0.01010492652939287
6369.0,1.0078540905722309,0.01010492652939287
6370.0,1.0031367482820819,0.01010492652939287
6371.0,0.9966200565897566,0.01010492652939287
6372.0,0.9930413176140506,0.01010492652939287
6373.0,0.9930334413816803,0.01010492652939287
6374.0,0.9929761595029488,0.01010492652939287
6375.0,0.9919884046177431,0.01010492652939287
6376.0,0.9910006497325374,0.01010492652939287
6377.0,0.9928826172899463,0.01010492652939287
6378.0,0.9963134923394864,0.01010492652939287
6379.0,1.000366304933927,0.01010492652939287
6380.0,1.0062999528090761,0.01010492652939287
6381.0,1.0122336006842252,0.01010492652939287
6382.0,1.001699419659482,0.01010492652939287
6383.0,0.9882028954756948,0.01010492652939287
6384.0,0.9849463805824608,0.01010492652939287
6385.0,0.9943797696756564,0.01010492652939287
6386.0,1.0032336570001914,0.01010492652939287
6387.0,0.9999637573224998,0.01010492652939287
6388.0,0.9966938576448081,0.01010492652939287
6389.0,1.0002971458052892,0.01010492652939287
6390.0,1.0076890067778645,0.01010492652939287
6391.0,1.0107279929121267,0.01010492652939287
6392.0,1.000258057134384,0.01010492652939287
6393.0,0.9897881213566415,0.01010492652939287
6394.0,0.9971851931899547,0.01010492652939287
6395.0,1.0079164217142307,0.01010492652939287
6396.0,1.0112039399645563,0.01010492652939287
6397.0,1.0050856830045916,0.01010492652939287
6398.0,0.9991421945380597,0.01010492652939287
6399.0,0.9973057656671518,0.01010492652939287
6400.0,0.9954693367962438,0.01010492652939287
6401.0,0.9947762755373707,0.01010492652939287
6402.0,0.9947267607768285,0.01010492652939287
6403.0,0.9950971911544335,0.01010492652939287
6404.0,0.9968055371982931,0.01010492652939287
6405.0,0.9985138832421525,0.01010492652939287
6406.0,0.9951591576399338,0.01010492652939287
6407.0,0.99082518465631,0.01010492652939287
6408.0,0.9899985352736401,0.01010492652939287
6409.0,0.9936909374537308,0.01010492652939287
6410.0,0.997039723320055,0.01010492652939287
6411.0,0.9911910458547747,0.01010492652939287
6412.0,0.9853423683894944,0.01010492652939287
6413.0,0.9855047566801416,0.01010492652939287
6414.0,0.9891215192426211,0.01010492652939287
6415.0,0.9915544963618647,0.01010492652939287
6416.0,0.9901143703386212,0.01010492652939287
6417.0,0.9886742443153778,0.01010492652939287
6418.0,0.9919270550549394,0.01010492652939287
6419.0,0.9961198055784038,0.01010492652939287
6420.0,0.9990775352853245,0.01010492652939287
6421.0,1.000412584863847,0.01010492652939287
6422.0,1.0012663644264046,0.01010492652939287
6423.0,0.9871822631089628,0.01010492652939287
6424.0,0.9730981617915212,0.01010492652939287
6425.0,0.9728038827274463,0.01010492652939287
6426.0,0.9805996327186866,0.01010492652939287
6427.0,0.9858954232649696,0.01010492652939287
6428.0,0.9827882087659114,0.01010492652939287
6429.0,0.9796809942668533,0.01010492652939287
6430.0,0.9883702400997156,0.01010492652939287
6431.0,0.9995042595955583,0.01010492652939287
6432.0,1.0025861890933288,0.01010492652939287
6433.0,0.9948792227229055,0.01010492652939287
6434.0,0.987376727345661,0.01010492652939287
6435.0,0.987411776307942,0.01010492652939287
6436.0,0.987446825270223,0.01010492652939287
6437.0,0.9904461431798078,0.01010492652939287
6438.0,0.9952206087123449,0.01010492652939287
6439.0,0.9975843515507273,0.01010492652939287
6440.0,0.9916201432638789,0.01010492652939287
6441.0,0.9856559349770304,0.01010492652939287
6442.0,0.9834313177831595,0.01010492652939287
6443.0,0.9820080415377826,0.01010492652939287
6444.0,0.981617680495978,0.01010492652939287
6445.0,0.9826387746045109,0.01010492652939287
6446.0,0.9835636219246704,0.01010492652939287
6447.0,0.9801306285490642,0.01010492652939287
6448.0,0.9766976351734579,0.01010492652939287
6449.0,0.9775012111218084,0.01010492652939287
6450.0,0.9808942569083933,0.01010492652939287
6451.0,0.9843102098924945,0.01010492652939287
6452.0,0.9878075272393589,0.01010492652939287
6453.0,0.9913048445862233,0.01010492652939287
6454.0,0.9897821787475959,0.01010492652939287
6455.0,0.9871480503561662,0.01010492652939287
6456.0,0.9854374945088286,0.01010492652939287
6457.0,0.9850141015462164,0.01010492652939287
6458.0,0.9846516365299688,0.01010492652939287
6459.0,0.9878534563759254,0.01010492652939287
6460.0,0.991055276221882,0.01010492652939287
6461.0,0.9897409359575423,0.01010492652939287
6462.0,0.9856094977686516,0.01010492652939287
6463.0,0.9827926265455282,0.01010492652939287
6464.0,0.9847786983146626,0.01010492652939287
6465.0,0.9867647700837969,0.01010492652939287
6466.0,0.9814140706754348,0.01010492652939287
6467.0,0.97438608582089,0.01010492652939287
6468.0,0.9710292536623091,0.01010492652939287
6469.0,0.9728910077488535,0.01010492652939287
6470.0,0.9747557394471937,0.01010492652939287
6471.0,0.9768655285963203,0.01010492652939287
6472.0,0.9789753177454467,0.01010492652939287
6473.0,0.9819714823265251,0.01010492652939287
6474.0,0.9855318623102594,0.01010492652939287
6475.0,0.9874171368592749,0.01010492652939287
6476.0,0.9830040149737455,0.01010492652939287
6477.0,0.9785908930882159,0.01010492652939287
6478.0,0.9819477123840146,0.01010492652939287
6479.0,0.987137500000033,0.01010492652939287
6480.0,0.9850488853325469,0.01010492652939287
6481.0,0.9724065873540145,0.01010492652939287
6482.0,0.9599299022531911,0.01010492652939287
6483.0,0.9702801921287859,0.01010492652939287
6484.0,0.9806304820043807,0.01010492652939287
6485.0,0.9873614776192872,0.01010492652939287
6486.0,0.991741723694577,0.01010492652939287
6487.0,0.9942186150126147,0.01010492652939287
6488.0,0.9893269633522982,0.01010492652939287
6489.0,0.9844353116919816,0.01010492652939287
6490.0,0.9844681770023836,0.01010492652939287
6491.0,0.9856990964414768,0.01010492652939287
6492.0,0.9859439314799227,0.01010492652939287
6493.0,0.9847301833424121,0.01010492652939287
6494.0,0.9835121646598718,0.01010492652939287
6495.0,0.9805197345173441,0.01010492652939287
6496.0,0.9775273043748164,0.01010492652939287
6497.0,0.9760617698446389,0.01010492652939287
6498.0,0.9756080703310278,0.01010492652939287
6499.0,0.9755926558593971,0.01010492652939287
6500.0,0.9773251326330221,0.01010492652939287
6501.0,0.9790576094066471,0.01010492652939287
6502.0,0.9776059849700887,0.01010492652939287
6503.0,0.9753559447646113,0.01010492652939287
6504.0,0.9747787809985567,0.01010492652939287
6505.0,0.9767260482450072,0.01010492652939287
6506.0,0.9786733154914578,0.01010492652939287
6507.0,0.9817906034618513,0.01010492652939287
6508.0,0.9849107073665985,0.01010492652939287
6509.0,0.9862231081998034,0.01010492652939287
6510.0,0.9863133999142224,0.01010492652939287
6511.0,0.9859643307044951,0.01010492652939287
6512.0,0.9838092994139231,0.01010492652939287
6513.0,0.9816542681233514,0.01010492652939287
6514.0,0.9782897907342615,0.01010492652939287
6515.0,0.9746129035523514,0.01010492652939287
6516.0,0.9729316047762089,0.01010492652939287
6517.0,0.9743227820516275,0.01010492652939287
6518.0,0.9757139593270462,0.01010492652939287
6519.0,0.9797703993442483,0.01010492652939287
6520.0,0.9838461762132634,0.01010492652939287
6521.0,0.9800804172558892,0.01010492652939287
6522.0,0.9709067025561795,0.01010492652939287
6523.0,0.9641979790036247,0.01010492652939287
6524.0,0.9679383374207964,0.01010492652939287
6525.0,0.9716786958379681,0.01010492652939287
6526.0,0.9714753721491542,0.01010492652939287
6527.0,0.9702231968364086,0.01010492652939287
6528.0,0.9699628428375642,0.01010492652939287
6529.0,0.9712606278781484,0.01010492652939287
6530.0,0.9725584129187327,0.01010492652939287
6531.0,0.972708212154995,0.01010492652939287
6532.0,0.9728440625965511,0.01010492652939287
6533.0,0.9758166706125697,0.01010492652939287
6534.0,0.9807848708691137,0.01010492652939287
6535.0,0.9838762816576804,0.01010492652939287
6536.0,0.978758252063739,0.01010492652939287
6537.0,0.9736402224697978,0.01010492652939287
6538.0,0.9700562334835151,0.01010492652939287
6539.0,0.9668921118806729,0.01010492652939287
6540.0,0.9647467181308796,0.01010492652939287
6541.0,0.9642344724704991,0.01010492652939287
6542.0,0.9637222268101185,0.01010492652939287
6543.0,0.9581679122537392,0.01010492652939287
6544.0,0.9525274084854647,0.01010492652939287
6545.0,0.955372755050211,0.01010492652939287
6546.0,0.9643069179363846,0.01010492652939287
6547.0,0.9725158742100009,0.01010492652939287
6548.0,0.9774493939951213,0.01010492652939287
6549.0,0.9823829137802418,0.01010492652939287
6550.0,0.9789730907385777,0.01010492652939287
6551.0,0.973214295793384,0.01010492652939287
6552.0,0.9705117296488972,0.01010492652939287
6553.0,0.9728093859410027,0.01010492652939287
6554.0,0.9751070422331083,0.01010492652939287
6555.0,0.9722667346349819,0.01010492652939287
6556.0,0.9693129505337578,0.01010492652939287
6557.0,0.9699812480886159,0.01010492652939287
6558.0,0.9733002166267161,0.01010492652939287
6559.0,0.9756863408002437,0.01010492652939287
6560.0,0.9737191912724554,0.01010492652939287
6561.0,0.971752041744667,0.01010492652939287
6562.0,0.9626447091405957,0.01010492652939287
6563.0,0.9514704814354984,0.01010492652939287
6564.0,0.9454781807887267,0.01010492652939287
6565.0,0.9481390339797428,0.01010492652939287
6566.0,0.9507998871707589,0.01010492652939287
6567.0,0.9545991183473602,0.01010492652939287
6568.0,0.9584292303077873,0.01010492652939287
6569.0,0.9649671633853691,0.01010492652939287
6570.0,0.9735260279466085,0.01010492652939287
6571.0,0.9796552416716673,0.01010492652939287
6572.0,0.9740609653480401,0.01010492652939287
6573.0,0.9684666890244131,0.01010492652939287
6574.0,0.9639275462783449,0.01010492652939287
6575.0,0.9597023139891523,0.01010492652939287
6576.0,0.9593424209376886,0.01010492652939287
6577.0,0.9655711743141674,0.01010492652939287
6578.0,0.9717999276906463,0.01010492652939287
6579.0,0.9669544502003055,0.01010492652939287
6580.0,0.9617521821244239,0.01010492652939287
6581.0,0.9612114722412461,0.01010492652939287
6582.0,0.9642186713419423,0.01010492652939287
6583.0,0.965155059039971,0.01010492652939287
6584.0,0.9557522876483993,0.01010492652939287
6585.0,0.9463495162568274,0.01010492652939287
6586.0,0.951190408421774,0.01010492652939287
6587.0,0.9603847714229579,0.01010492652939287
6588.0,0.9667352566739736,0.01010492652939287
6589.0,0.9681370204452685,0.01010492652939287
6590.0,0.9695387842165634,0.01010492652939287
6591.0,0.9585644318824766,0.01010492652939287
6592.0,0.9471277090836819,0.01010492652939287
6593.0,0.9466566861200095,0.01010492652939287
6594.0,0.9546963555656993,0.01010492652939287
6595.0,0.9595419131379561,0.01010492652939287
6596.0,0.9478727293201742,0.01010492652939287
6597.0,0.936203545502392,0.01010492652939287
6598.0,0.9380986239930531,0.01010492652939287
6599.0,0.9442512548486555,0.01010492652939287
6600.0,0.9480223692956461,0.01010492652939287
6601.0,0.9475623229233364,0.01010492652939287
6602.0,0.9471022765510269,0.01010492652939287
6603.0,0.9462457036483534,0.01010492652939287
6604.0,0.9453722572763024,0.01010492652939287
6605.0,0.9476848113801163,0.01010492652939287
6606.0,0.9525187594089157,0.01010492652939287
6607.0,0.9559940676695226,0.01010492652939287
6608.0,0.9521887261799911,0.01010492652939287
6609.0,0.9483833846904596,0.01010492652939287
6610.0,0.9414979876485543,0.01010492652939287
6611.0,0.9336201282620001,0.01010492652939287
6612.0,0.9310611268750976,0.01010492652939287
6613.0,0.9381515401699786,0.01010492652939287
6614.0,0.9452419534648596,0.01010492652939287
6615.0,0.9414713948267556,0.01010492652939287
6616.0,0.9371816953918539,0.01010492652939287
6617.0,0.9392552980302895,0.01010492652939287
6618.0,0.9464637127539264,0.01010492652939287
6619.0,0.9516298192193094,0.01010492652939287
6620.0,0.9454426215089581,0.01010492652939287
6621.0,0.9392554237986068,0.01010492652939287
6622.0,0.9368718283672086,0.01010492652939287
6623.0,0.9357459736254937,0.01010492652939287
6624.0,0.934856172257398,0.01010492652939287
6625.0,0.9344037163520699,0.01010492652939287
6626.0,0.9339512604467416,0.01010492652939287
6627.0,0.9511642635520923,0.01010492652939287
6628.0,0.9693152556314556,0.01010492652939287
6629.0,0.9665851794208957,0.01010492652939287
6630.0,0.946675055777103,0.01010492652939287
6631.0,0.9312310538924269,0.01010492652939287
6632.0,0.9415671044383684,0.01010492652939287
6633.0,0.9519031549843101,0.01010492652939287
6634.0,0.9510808765895729,0.01010492652939287
6635.0,0.946473377284087,0.01010492652939287
6636.0,0.9458823913069166,0.01010492652939287
6637.0,0.9528920989545024,0.01010492652939287
6638.0,0.9599018066020881,0.01010492652939287
6639.0,0.9609584534670471,0.01010492652939287
6640.0,0.961667145063903,0.01010492652939287
6641.0,0.9607565340012543,0.01010492652939287
6642.0,0.9584875675067925,0.01010492652939287
6643.0,0.9546649868540776,0.01010492652939287
6644.0,0.9415207212518242,0.01010492652939287
6645.0,0.9283764556495706,0.01010492652939287
6646.0,0.9315145258635119,0.01010492652939287
6647.0,0.9403171627448943,0.01010492652939287
6648.0,0.9471205152751364,0.01010492652939287
6649.0,0.9500590540420932,0.01010492652939287
6650.0,0.95299759280905,0.01010492652939287
6651.0,0.9520532614555179,0.01010492652939287
6652.0,0.9508609818184303,0.01010492652939287
6653.0,0.949867191945342,0.01010492652939287
6654.0,0.9490431572379013,0.01010492652939287
6655.0,0.9471607332415419,0.01010492652939287
6656.0,0.9386702787282865,0.01010492652939287
6657.0,0.9301798242150312,0.01010492652939287
6658.0,0.9297991632877232,0.01010492652939287
6659.0,0.9323110834602806,0.01010492652939287
6660.0,0.9319155986284692,0.01010492652939287
6661.0,0.9257779889130316,0.01010492652939287
6662.0,0.9196403791975942,0.01010492652939287
6663.0,0.9270328981082184,0.01010492652939287
6664.0,0.9353633206720033,0.01010492652939287
6665.0,0.9413009533705551,0.01010492652939287
6666.0,0.9451522883888591,0.01010492652939287
6667.0,0.9476781723872433,0.01010492652939287
6668.0,0.9415826542560943,0.01010492652939287
6669.0,0.9354871361249453,0.01010492652939287
6670.0,0.9331630203601908,0.01010492652939287
6671.0,0.9322176303785608,0.01010492652939287
6672.0,0.9295735526267742,0.01010492652939287
6673.0,0.9235013260054987,0.01010492652939287
6674.0,0.9174290993842232,0.01010492652939287
6675.0,0.9118756780739663,0.01010492652939287
6676.0,0.9063610834837599,0.01010492652939287
6677.0,0.9133562877407734,0.01010492652939287
6678.0,0.9314713131952967,0.01010492652939287
6679.0,0.9472248418929535,0.01010492652939287
6680.0,0.9469555047450803,0.01010492652939287
6681.0,0.9466861675972071,0.01010492652939287
6682.0,0.9391030002581332,0.01010492652939287
6683.0,0.9287801638540439,0.01010492652939287
6684.0,0.9220561882224734,0.01010492652939287
6685.0,0.9227548629342247,0.01010492652939287
6686.0,0.9234535376459759,0.01010492652939287
6687.0,0.9313968484956527,0.01010492652939287
6688.0,0.9399227370892321,0.01010492652939287
6689.0,0.9417797672112168,0.01010492652939287
6690.0,0.9375936212353913,0.01010492652939287
6691.0,0.9329806219182842,0.01010492652939287
6692.0,0.9253423513474448,0.01010492652939287
6693.0,0.9177040807766051,0.01010492652939287
6694.0,0.921209587186792,0.01010492652939287
6695.0,0.9289911940664455,0.01010492652939287
6696.0,0.9338181432450219,0.01010492652939287
6697.0,0.9324160565985752,0.01010492652939287
6698.0,0.9310139699521287,0.01010492652939287
6699.0,0.929729215821576,0.01010492652939287
6700.0,0.9284545581004742,0.01010492652939287
6701.0,0.930985701148546,0.01010492652939287
6702.0,0.9370325954845338,0.01010492652939287
6703.0,0.9422131399618677,0.01010492652939287
6704.0,0.9409704440730077,0.01010492652939287
6705.0,0.9397277481841477,0.01010492652939287
6706.0,0.9329546386785356,0.01010492652939287
6707.0,0.9240082060961089,0.01010492652939287
6708.0,0.9187580858877767,0.01010492652939287
6709.0,0.921474638940252,0.01010492652939287
6710.0,0.9241911919927274,0.01010492652939287
6711.0,0.9178279494016213,0.01010492652939287
6712.0,0.9106316980358767,0.01010492652939287
6713.0,0.9080002068484708,0.01010492652939287
6714.0,0.9096674641740037,0.01010492652939287
6715.0,0.9111434081456237,0.01010492652939287
6716.0,0.9111331494310593,0.01010492652939287
6717.0,0.9111228907164951,0.01010492652939287
6718.0,0.9134543522634656,0.01010492652939287
6719.0,0.9167280211210508,0.01010492652939287
6720.0,0.919653083892208,0.01010492652939287
6721.0,0.9218098724805839,0.01010492652939287
6722.0,0.9239666610689596,0.01010492652939287
6723.0,0.9135173945378455,0.01010492652939287
6724.0,0.9018390791544968,0.01010492652939287
6725.0,0.9018101879053811,0.01010492652939287
6726.0,0.912964743825124,0.01010492652939287
6727.0,0.9223557550000462,0.01010492652939287
6728.0,0.9173670936403558,0.01010492652939287
6729.0,0.9123784322806655,0.01010492652939287
6730.0,0.9081609750945213,0.01010492652939287
6731.0,0.9042611494578205,0.01010492652939287
6732.0,0.9024006898693278,0.01010492652939287
6733.0,0.9051367701629374,0.01010492652939287
6734.0,0.9078728504565469,0.01010492652939287
6735.0,0.9099490395311475,0.01010492652939287
6736.0,0.9119570544135857,0.01010492652939287
6737.0,0.9128744746131141,0.01010492652939287
6738.0,0.9127246145053793,0.01010492652939287
6739.0,0.9120585223397074,0.01010492652939287
6740.0,0.9069658886197708,0.01010492652939287
6741.0,0.901873254899834,0.01010492652939287
6742.0,0.8997338474503329,0.01010492652939287
6743.0,0.8988392299134584,0.01010492652939287
6744.0,0.8976830877151787,0.01010492652939287
6745.0,0.8959239858808811,0.01010492652939287
6746.0,0.8941648840465837,0.01010492652939287
6747.0,0.8938310748855403,0.01010492652939287
6748.0,0.8936528902241057,0.01010492652939287
6749.0,0.8990465508684733,0.01010492652939287
6750.0,0.9099986950792815,0.01010492652939287
6751.0,0.9191482916510193,0.01010492652939287
6752.0,0.9120098071468914,0.01010492652939287
6753.0,0.9048713226427633,0.01010492652939287
6754.0,0.9063848909376506,0.01010492652939287
6755.0,0.9116298428279911,0.01010492652939287
6756.0,0.9145366307727923,0.01010492652939287
6757.0,0.9119279916686498,0.01010492652939287
6758.0,0.9093193525645074,0.01010492652939287
6759.0,0.9026159619162356,0.01010492652939287
6760.0,0.895441154088858,0.01010492652939287
6761.0,0.8925908622415524,0.01010492652939287
6762.0,0.8941383832553309,0.01010492652939287
6763.0,0.8961032818156552,0.01010492652939287
6764.0,0.9020517584784613,0.01010492652939287
6765.0,0.9080002351412672,0.01010492652939287
6766.0,0.9061891687330074,0.01010492652939287
6767.0,0.9009547744992819,0.01010492652939287
6768.0,0.8972200186393582,0.01010492652939287
6769.0,0.8971052914768365,0.01010492652939287
6770.0,0.8969905643143146,0.01010492652939287
6771.0,0.8943523586475383,0.01010492652939287
6772.0,0.8914084826370441,0.01010492652939287
6773.0,0.8926960107703711,0.01010492652939287
6774.0,0.8983701290185677,0.01010492652939287
6775.0,0.9032111747356256,0.01010492652939287
6776.0,0.8996326340713328,0.01010492652939287
6777.0,0.8960540934070398,0.01010492652939287
6778.0,0.8971556686529826,0.01010492652939287
6779.0,0.9003690035169518,0.01010492652939287
6780.0,0.8998383541331585,0.01010492652939287
6781.0,0.8900569436705283,0.01010492652939287
6782.0,0.8802755332078981,0.01010492652939287
6783.0,0.8850527055352176,0.01010492652939287
6784.0,0.8916817138331175,0.01010492652939287
6785.0,0.8962055753199991,0.01010492652939287
6786.0,0.8985047384485717,0.01010492652939287
6787.0,0.9009264040831798,0.01010492652939287
6788.0,0.9046628149233978,0.01010492652939287
6789.0,0.9083992257636161,0.01010492652939287
6790.0,0.9037505227576844,0.01010492652939287
6791.0,0.8952328988016898,0.01010492652939287
6792.0,0.8874127835658503,0.01010492652939287
6793.0,0.8813571289483729,0.01010492652939287
6794.0,0.8753014743308956,0.01010492652939287
6795.0,0.8855245783679434,0.01010492652939287
6796.0,0.8979181835589258,0.01010492652939287
6797.0,0.8993416583778604,0.01010492652939287
6798.0,0.8889469378832928,0.01010492652939287
6799.0,0.8792994335110947,0.01010492652939287
6800.0,0.8781947283886632,0.01010492652939287
6801.0,0.8770900232662316,0.01010492652939287
6802.0,0.8792892906793904,0.01010492652939287
6803.0,0.8830471458434402,0.01010492652939287
6804.0,0.8850077904803738,0.01010492652939287
6805.0,0.8823127302604258,0.01010492652939287
6806.0,0.8796176700404775,0.01010492652939287
6807.0,0.8867760802969521,0.01010492652939287
6808.0,0.8953093934105958,0.01010492652939287
6809.0,0.8988676881107117,0.01010492652939287
6810.0,0.8969622346287166,0.01010492652939287
6811.0,0.8951289515239325,0.01010492652939287
6812.0,0.8941777508072856,0.01010492652939287
6813.0,0.8932265500906387,0.01010492652939287
6814.0,0.8952840157426416,0.01010492652939287
6815.0,0.8987922795902035,0.01010492652939287
6816.0,0.8992450305717484,0.01010492652939287
6817.0,0.8915899513605904,0.01010492652939287
6818.0,0.8839348721494323,0.01010492652939287
6819.0,0.8782369324943131,0.01010492652939287
6820.0,0.872824352939522,0.01010492652939287
6821.0,0.8725810394476874,0.01010492652939287
6822.0,0.8781251994105533,0.01010492652939287
6823.0,0.8830237839383973,0.01010492652939287
6824.0,0.8794532941152626,0.01010492652939287
6825.0,0.8758828042921278,0.01010492652939287
6826.0,0.8775198441329124,0.01010492652939287
6827.0,0.8817233188439041,0.01010492652939287
6828.0,0.8840685091139914,0.01010492652939287
6829.0,0.8813614885603905,0.01010492652939287
6830.0,0.8786544680067897,0.01010492652939287
6831.0,0.8713700199965116,0.01010492652939287
6832.0,0.8633891445723565,0.01010492652939287
6833.0,0.8639985475794163,0.01010492652939287
6834.0,0.8744127928061719,0.01010492652939287
6835.0,0.8835812222960535,0.01010492652939287
6836.0,0.8751270219080559,0.01010492652939287
6837.0,0.8666728215200582,0.01010492652939287
6838.0,0.8687471768641923,0.01010492652939287
6839.0,0.8761238193008446,0.01010492652939287
6840.0,0.880640479205686,0.01010492652939287
6841.0,0.8771881877832651,0.01010492652939287
6842.0,0.873735896360844,0.01010492652939287
6843.0,0.878026114784889,0.01010492652939287
6844.0,0.8835439356046206,0.01010492652939287
6845.0,0.8849931050339506,0.01010492652939287
6846.0,0.8817078437544534,0.01010492652939287
6847.0,0.8783310386076069,0.01010492652939287
6848.0,0.8735505608280854,0.01010492652939287
6849.0,0.8687700830485637,0.01010492652939287
6850.0,0.8675859648225887,0.01010492652939287
6851.0,0.8682523370578001,0.01010492652939287
6852.0,0.867287984064517,0.01010492652939287
6853.0,0.8616654946546469,0.01010492652939287
6854.0,0.856043005244777,0.01010492652939287
6855.0,0.8627334787920948,0.01010492652939287
6856.0,0.8714560217505262,0.01010492652939287
6857.0,0.8738358696929375,0.01010492652939287
6858.0,0.8686910505822409,0.01010492652939287
6859.0,0.863820824154746,0.01010492652939287
6860.0,0.8635427221739731,0.01010492652939287
6861.0,0.8632646201932004,0.01010492652939287
6862.0,0.8623011811728879,0.01010492652939287
6863.0,0.8609775008882012,0.01010492652939287
6864.0,0.8599344082656215,0.01010492652939287
6865.0,0.8597132257287408,0.01010492652939287
6866.0,0.85949204319186,0.01010492652939287
6867.0,0.8620850659186777,0.01010492652939287
6868.0,0.8651609761872248,0.01010492652939287
6869.0,0.8666740273210615,0.01010492652939287
6870.0,0.8662967236394399,0.01010492652939287
6871.0,0.8658171593402066,0.01010492652939287
6872.0,0.8634588534615817,0.01010492652939287
6873.0,0.8611005475829567,0.01010492652939287
6874.0,0.8637010309382591,0.01010492652939287
6875.0,0.8689638900630681,0.01010492652939287
6876.0,0.8731555234290744,0.01010492652939287
6877.0,0.8741283293948408,0.01010492652939287
6878.0,0.8751011353606072,0.01010492652939287
6879.0,0.8708319716425098,0.01010492652939287
6880.0,0.8656285955055059,0.01010492652939287
6881.0,0.8616473245512289,0.01010492652939287
6882.0,0.8591732074415991,0.01010492652939287
6883.0,0.8570946130357666,0.01010492652939287
6884.0,0.8630684552149389,0.01010492652939287
6885.0,0.869042297394111,0.01010492652939287
6886.0,0.8672560047032559,0.01010492652939287
6887.0,0.8612146194721518,0.01010492652939287
6888.0,0.8542772504839851,0.01010492652939287
6889.0,0.8445772649115544,0.01010492652939287
6890.0,0.8348772793391236,0.01010492652939287
6891.0,0.8446536430306334,0.01010492652939287
6892.0,0.8580316075817519,0.01010492652939287
6893.0,0.8606285806092044,0.01010492652939287
6894.0,0.8496689680892786,0.01010492652939287
6895.0,0.8393144817178485,0.01010492652939287
6896.0,0.8427568715320026,0.01010492652939287
6897.0,0.8461992613461568,0.01010492652939287
6898.0,0.8506139903555632,0.01010492652939287
6899.0,0.8555731564799125,0.01010492652939287
6900.0,0.8592705931614126,0.01010492652939287
6901.0,0.8589746561563026,0.01010492652939287
6902.0,0.8586787191511926,0.01010492652939287
6903.0,0.8521801164199017,0.01010492652939287
6904.0,0.8444924475837334,0.01010492652939287
6905.0,0.8415280944108368,0.01010492652939287
6906.0,0.8446199377596071,0.01010492652939287
6907.0,0.8478723211762259,0.01010492652939287
6908.0,0.8552780315093524,0.01010492652939287
6909.0,0.8626837418424788,0.01010492652939287
6910.0,0.8629904004800655,0.01010492652939287
6911.0,0.8592385446577534,0.01010492652939287
6912.0,0.8550790181477881,0.01010492652939287
6913.0,0.8495945619029472,0.01010492652939287
6914.0,0.8441101056581063,0.01010492652939287
6915.0,0.842855452261388,0.01010492652939287
6916.0,0.8424406733870293,0.01010492652939287
6917.0,0.8421499758528788,0.01010492652939287
6918.0,0.8420215120931823,0.01010492652939287
6919.0,0.8418969077285734,0.01010492652939287
6920.0,0.8418875134543529,0.01010492652939287
6921.0,0.8418781191801324,0.01010492652939287
6922.0,0.8352025261360293,0.01010492652939287
6923.0,0.8246362049125414,0.01010492652939287
6924.0,0.8195635415406761,0.01010492652939287
6925.0,0.8328316838088469,0.01010492652939287
6926.0,0.8460998260770176,0.01010492652939287
6927.0,0.8475990370740097,0.01010492652939287
6928.0,0.8466797412106541,0.01010492652939287
6929.0,0.844463233888702,0.01010492652939287
6930.0,0.840517111288622,0.01010492652939287
6931.0,0.8367361188590522,0.01010492652939287
6932.0,0.8387705802605622,0.01010492652939287
6933.0,0.8408050416620722,0.01010492652939287
6934.0,0.8388736288172054,0.01010492652939287
6935.0,0.8345794058370462,0.01010492652939287
6936.0,0.8322821229331625,0.01010492652939287
6937.0,0.8368360440143522,0.01010492652939287
6938.0,0.8413899650955421,0.01010492652939287
6939.0,0.8337268390041012,0.01010492652939287
6940.0,0.8234673680986817,0.01010492652939287
6941.0,0.8219757573942317,0.01010492652939287
6942.0,0.8324064495126496,0.01010492652939287
6943.0,0.8424921884422142,0.01010492652939287
6944.0,0.8377994065440861,0.01010492652939287
6945.0,0.8331066246459583,0.01010492652939287
6946.0,0.8339555686618482,0.01010492652939287
6947.0,0.8381744811389583,0.01010492652939287
6948.0,0.841253986137947,0.01010492652939287
6949.0,0.8403146028037791,0.01010492652939287
6950.0,0.8393752194696112,0.01010492652939287
6951.0,0.8268189946831529,0.01010492652939287
6952.0,0.8117114870008844,0.01010492652939287
6953.0,0.808109498752443,0.01010492652939287
6954.0,0.8204635890311451,0.01010492652939287
6955.0,0.832508411566828,0.01010492652939287
6956.0,0.8276878331835792,0.01010492652939287
6957.0,0.8228672548003304,0.01010492652939287
6958.0,0.8266263848848223,0.01010492652939287
6959.0,0.8357102756720369,0.01010492652939287
6960.0,0.8401319682705255,0.01010492652939287
6961.0,0.8276402418843962,0.01010492652939287
6962.0,0.815148515498267,0.01010492652939287
6963.0,0.8202048991305395,0.01010492652939287
6964.0,0.8292412664783284,0.01010492652939287
6965.0,0.8331355505768382,0.01010492652939287
6966.0,0.829756395180726,0.01010492652939287
6967.0,0.826316538275425,0.01010492652939287
6968.0,0.8183406231382879,0.01010492652939287
6969.0,0.810364708001151,0.01010492652939287
6970.0,0.8126506912131738,0.01010492652939287
6971.0,0.8214358767129892,0.01010492652939287
6972.0,0.827033787314974,0.01010492652939287
6973.0,0.820733745599478,0.01010492652939287
6974.0,0.8144337038839817,0.01010492652939287
6975.0,0.8184748063543215,0.01010492652939287
6976.0,0.8249365025748228,0.01010492652939287
6977.0,0.8269577332340163,0.01010492652939287
6978.0,0.8225721924675301,0.01010492652939287
6979.0,0.8182229786160182,0.01010492652939287
6980.0,0.8181603407313566,0.01010492652939287
6981.0,0.8180977028466949,0.01010492652939287
6982.0,0.8152591988307044,0.01010492652939287
6983.0,0.8106268050420946,0.01010492652939287
6984.0,0.8077182634212638,0.01010492652939287
6985.0,0.8114345257707849,0.01010492652939287
6986.0,0.8151507881203058,0.01010492652939287
6987.0,0.8192664226363789,0.01010492652939287
6988.0,0.8234784778543615,0.01010492652939287
6989.0,0.8244317430468222,0.01010492652939287
6990.0,0.8205886882017238,0.01010492652939287
6991.0,0.8167566717407819,0.01010492652939287
6992.0,0.8159786082300784,0.01010492652939287
6993.0,0.8152005447193748,0.01010492652939287
6994.0,0.8163135570809305,0.01010492652939287
6995.0,0.818673474051485,0.01010492652939287
6996.0,0.8198632923510641,0.01010492652939287
6997.0,0.8164214700780492,0.01010492652939287
6998.0,0.8129796478050342,0.01010492652939287
6999.0,0.8130729387448414,0.01010492652939287
7000.0,0.8140460329729967,0.01010492652939287
7001.0,0.8118328791423592,0.01010492652939287
7002.0,0.8048355690672815,0.01010492652939287
7003.0,0.7978382589922036,0.01010492652939287
7004.0,0.8002192321848134,0.01010492652939287
7005.0,0.8026114773525035,0.01010492652939287
7006.0,0.8079803581178527,0.01010492652939287
7007.0,0.815351594154715,0.01010492652939287
7008.0,0.8188798078013299,0.01010492652939287
7009.0,0.8067313020633441,0.01010492652939287
7010.0,0.7945827963253584,0.01010492652939287
7011.0,0.7904357070546215,0.01010492652939287
7012.0,0.7883402630319023,0.01010492652939287
7013.0,0.7899958801136349,0.01010492652939287
7014.0,0.7973978035681437,0.01010492652939287
7015.0,0.8047997270226526,0.01010492652939287
7016.0,0.8126896667248835,0.01010492652939287
7017.0,0.8205825533851319,0.01010492652939287
7018.0,0.8195955730535265,0.01010492652939287
7019.0,0.8125149188145789,0.01010492652939287
7020.0,0.8050423340450377,0.01010492652939287
7021.0,0.7959211914811921,0.01010492652939287
7022.0,0.7868000489173466,0.01010492652939287
7023.0,0.7914562403223525,0.01010492652939287
7024.0,0.7997501496493321,0.01010492652939287
7025.0,0.8018102872644466,0.01010492652939287
7026.0,0.7941265601730316,0.01010492652939287
7027.0,0.7864428330816166,0.01010492652939287
7028.0,0.7941642715873815,0.01010492652939287
7029.0,0.8020539703969857,0.01010492652939287
7030.0,0.8063226620541272,0.01010492652939287
7031.0,0.8080566487045487,0.01010492652939287
7032.0,0.8077230153834201,0.01010492652939287
7033.0,0.7984164415447249,0.01010492652939287
7034.0,0.7891098677060298,0.01010492652939287
7035.0,0.7883259867143408,0.01010492652939287
7036.0,0.7898581962978641,0.01010492652939287
7037.0,0.7921247248289957,0.01010492652939287
7038.0,0.7955625035195483,0.01010492652939287
7039.0,0.7990002822101007,0.01010492652939287
7040.0,0.7984801285481055,0.01010492652939287
7041.0,0.7978972271780832,0.01010492652939287
7042.0,0.7970064997830186,0.01010492652939287
7043.0,0.795895987139621,0.01010492652939287
7044.0,0.7934706990631514,0.01010492652939287
7045.0,0.7851548710529953,0.01010492652939287
7046.0,0.7768390430428394,0.01010492652939287
7047.0,0.7767988752456954,0.01010492652939287
7048.0,0.7790723328844374,0.01010492652939287
7049.0,0.7811002257216616,0.01010492652939287
7050.0,0.7827283979355953,0.01010492652939287
7051.0,0.7843565701495291,0.01010492652939287
7052.0,0.7877617211376283,0.01010492652939287
7053.0,0.7912038925168566,0.01010492652939287
7054.0,0.7897435181944066,0.01010492652939287
7055.0,0.7847130327904472,0.01010492652939287
7056.0,0.7804719445648836,0.01010492652939287
7057.0,0.7798844851717431,0.01010492652939287
7058.0,0.7792970257786026,0.01010492652939287
7059.0,0.7749737145340411,0.01010492652939287
7060.0,0.7695764180586239,0.01010492652939287
7061.0,0.7701524170898333,0.01010492652939287
7062.0,0.7806521019467603,0.01010492652939287
7063.0,0.7911517868036871,0.01010492652939287
7064.0,0.7845509483181597,0.01010492652939287
7065.0,0.7775078549186063,0.01010492652939287
7066.0,0.7757851987955539,0.01010492652939287
7067.0,0.7780139134531572,0.01010492652939287
7068.0,0.7794479899695742,0.01010492652939287
7069.0,0.7770799437132344,0.01010492652939287
7070.0,0.7747118974568948,0.01010492652939287
7071.0,0.7738690156800204,0.01010492652939287
7072.0,0.7734768045891476,0.01010492652939287
7073.0,0.7724542278412985,0.01010492652939287
7074.0,0.7703626815003896,0.01010492652939287
7075.0,0.7682711351594808,0.01010492652939287
7076.0,0.7643825772112246,0.01010492652939287
7077.0,0.7604384186563063,0.01010492652939287
7078.0,0.7614191188219303,0.01010492652939287
7079.0,0.7661298280185125,0.01010492652939287
7080.0,0.7704002988483718,0.01010492652939287
7081.0,0.7724915897629464,0.01010492652939287
7082.0,0.774582880677521,0.01010492652939287
7083.0,0.7744986599278557,0.01010492652939287
7084.0,0.7737539551987498,0.01010492652939287
7085.0,0.7735655072804842,0.01010492652939287
7086.0,0.774340021972458,0.01010492652939287
7087.0,0.7751145366644318,0.01010492652939287
7088.0,0.7775907757991339,0.01010492652939287
7089.0,0.7801283955418433,0.01010492652939287
7090.0,0.7771777779396232,0.01010492652939287
7091.0,0.7699883727710073,0.01010492652939287
7092.0,0.7631763103762262,0.01010492652939287
7093.0,0.7582981296973488,0.01010492652939287
7094.0,0.7534199490184712,0.01010492652939287
7095.0,0.7532088797744938,0.01010492652939287
7096.0,0.7544530673243874,0.01010492652939287
7097.0,0.7566935559412202,0.01010492652939287
7098.0,0.760694948769381,0.01010492652939287
7099.0,0.7646963415975419,0.01010492652939287
7100.0,0.7615214499459567,0.01010492652939287
7101.0,0.7580505365595849,0.01010492652939287
7102.0,0.752961188274259,0.01010492652939287
7103.0,0.7465972356800995,0.01010492652939287
7104.0,0.7430726963932303,0.01010492652939287
7105.0,0.7546271626245846,0.01010492652939287
7106.0,0.7661816288559388,0.01010492652939287
7107.0,0.7645653412614024,0.01010492652939287
7108.0,0.7587327426164403,0.01010492652939287
7109.0,0.7567868211130355,0.01010492652939287
7110.0,0.7618552395014557,0.01010492652939287
7111.0,0.7669236578898758,0.01010492652939287
7112.0,0.7629299306201615,0.01010492652939287
7113.0,0.7585149729618136,0.01010492652939287
7114.0,0.7555812454849173,0.01010492652939287
7115.0,0.7538369907294883,0.01010492652939287
7116.0,0.7530651312455517,0.01010492652939287
7117.0,0.7576490425928524,0.01010492652939287
7118.0,0.762232953940153,0.01010492652939287
7119.0,0.7671818973470362,0.01010492652939287
7120.0,0.7722507715422352,0.01010492652939287
7121.0,0.7713293296045662,0.01010492652939287
7122.0,0.759367714589246,0.01010492652939287
7123.0,0.7474060995739257,0.01010492652939287
7124.0,0.7418524985190834,0.01010492652939287
7125.0,0.7366306254596684,0.01010492652939287
7126.0,0.7373203449344878,0.01010492652939287
7127.0,0.7428503421392901,0.01010492652939287
7128.0,0.7477309994198701,0.01010492652939287
7129.0,0.7488988985853451,0.01010492652939287
7130.0,0.7500667977508202,0.01010492652939287
7131.0,0.7479932117639402,0.01010492652939287
7132.0,0.7448269903324445,0.01010492652939287
7133.0,0.7441682547139555,0.01010492652939287
7134.0,0.7482294923905348,0.01010492652939287
7135.0,0.7522907300671141,0.01010492652939287
7136.0,0.7474693434497658,0.01010492652939287
7137.0,0.7421407003689374,0.01010492652939287
7138.0,0.739275883748405,0.01010492652939287
7139.0,0.7384678737984711,0.01010492652939287
7140.0,0.7388422601701616,0.01010492652939287
7141.0,0.7462420513528574,0.01010492652939287
7142.0,0.7536418425355532,0.01010492652939287
7143.0,0.7465327203804035,0.01010492652939287
7144.0,0.7344075926448055,0.01010492652939287
7145.0,0.7260046407544553,0.01010492652939287
7146.0,0.7247587146998632,0.01010492652939287
7147.0,0.7235127886452711,0.01010492652939287
7148.0,0.7283832619395497,0.01010492652939287
7149.0,0.7336360101931324,0.01010492652939287
7150.0,0.7340058839498274,0.01010492652939287
7151.0,0.7302198889680532,0.01010492652939287
7152.0,0.728097245364562,0.01010492652939287
7153.0,0.736255833987181,0.01010492652939287
7154.0,0.7444144226097998,0.01010492652939287
7155.0,0.7425681181123729,0.01010492652939287
7156.0,0.7371753636959787,0.01010492652939287
7157.0,0.7358642798853592,0.01010492652939287
7158.0,0.7425712821045565,0.01010492652939287
7159.0,0.7492782843237537,0.01010492652939287
7160.0,0.7455756800050194,0.01010492652939287
7161.0,0.7411657562676871,0.01010492652939287
7162.0,0.7405794720012514,0.01010492652939287
7163.0,0.7433110094281726,0.01010492652939287
7164.0,0.7455599954594858,0.01010492652939287
7165.0,0.7447025568815828,0.01010492652939287
7166.0,0.7438451183036798,0.01010492652939287
7167.0,0.7367612855848656,0.01010492652939287
7168.0,0.7274151623598709,0.01010492652939287
7169.0,0.7197766549372692,0.01010492652939287
7170.0,0.715565708475422,0.01010492652939287
7171.0,0.7113547620135748,0.01010492652939287
7172.0,0.7146319375037244,0.01010492652939287
7173.0,0.7184591425702459,0.01010492652939287
7174.0,0.7219370321482173,0.01010492652939287
7175.0,0.7251059118709334,0.01010492652939287
7176.0,0.728126319542628,0.01010492652939287
7177.0,0.7301500398347872,0.01010492652939287
7178.0,0.7321737601269465,0.01010492652939287
7179.0,0.7292456295608017,0.01010492652939287
7180.0,0.7244738115251759,0.01010492652939287
7181.0,0.7212586144361695,0.01010492652939287
7182.0,0.7212364859556152,0.01010492652939287
7183.0,0.7212143574750609,0.01010492652939287
7184.0,0.7197327488836611,0.01010492652939287
7185.0,0.7181358186772858,0.01010492652939287
7186.0,0.717844278020467,0.01010492652939287
7187.0,0.7187299722313953,0.01010492652939287
7188.0,0.719906075465592,0.01010492652939287
7189.0,0.7231178342571154,0.01010492652939287
7190.0,0.726329593048639,0.01010492652939287
7191.0,0.7235000073058275,0.01010492652939287
7192.0,0.718366094460365,0.01010492652939287
7193.0,0.7149008262604618,0.01010492652939287
7194.0,0.7149341289902786,0.01010492652939287
7195.0,0.7149674317200956,0.01010492652939287
7196.0,0.71872601113112,0.01010492652939287
7197.0,0.7227998808862541,0.01010492652939287
7198.0,0.7201180019047999,0.01010492652939287
7199.0,0.7112251926332608,0.01010492652939287
7200.0,0.7043390950536457,0.01010492652939287
7201.0,0.7121621941758755,0.01010492652939287
7202.0,0.7199852932981053,0.01010492652939287
7203.0,0.7163149662789067,0.01010492652939287
7204.0,0.7081547198655639,0.01010492652939287
7205.0,0.7043110616117003,0.01010492652939287
7206.0,0.7097195621298272,0.01010492652939287
7207.0,0.7151280626479544,0.01010492652939287
7208.0,0.7091894501736951,0.01010492652939287
7209.0,0.7022260329920096,0.01010492652939287
7210.0,0.6983099253396942,0.01010492652939287
7211.0,0.6972497845253738,0.01010492652939287
7212.0,0.6969801563055619,0.01010492652939287
7213.0,0.7027793591498364,0.01010492652939287
7214.0,0.7085785619941108,0.01010492652939287
7215.0,0.7097199581926829,0.01010492652939287
7216.0,0.7089982317329786,0.01010492652939287
7217.0,0.7062059814711209,0.01010492652939287
7218.0,0.698876031535579,0.01010492652939287
7219.0,0.691546081600037,0.01010492652939287
7220.0,0.6997700634542913,0.01010492652939287
7221.0,0.7094880413883627,0.01010492652939287
7222.0,0.7094175992228181,0.01010492652939287
7223.0,0.6999953096851058,0.01010492652939287
7224.0,0.6928100002789158,0.01010492652939287
7225.0,0.7036421069319682,0.01010492652939287
7226.0,0.7144742135850205,0.01010492652939287
7227.0,0.7089897220702364,0.01010492652939287
7228.0,0.6968239839283809,0.01010492652939287
7229.0,0.6905646782944519,0.01010492652939287
7230.0,0.6975431357911023,0.01010492652939287
7231.0,0.7045215932877528,0.01010492652939287
7232.0,0.6958414679950315,0.01010492652939287
7233.0,0.6855664870478363,0.01010492652939287
7234.0,0.6872956222543702,0.01010492652939287
7235.0,0.7007159701129771,0.01010492652939287
7236.0,0.712216269412112,0.01010492652939287
7237.0,0.70746161215677,0.01010492652939287
7238.0,0.7027069549014279,0.01010492652939287
7239.0,0.6976520614208586,0.01010492652939287
7240.0,0.6924713449225623,0.01010492652939287
7241.0,0.6864664172011435,0.01010492652939287
7242.0,0.6785719933950956,0.01010492652939287
7243.0,0.6706775695890476,0.01010492652939287
7244.0,0.6809061477273111,0.01010492652939287
7245.0,0.6930868045324412,0.01010492652939287
7246.0,0.6959621974421776,0.01010492652939287
7247.0,0.6895991106471852,0.01010492652939287
7248.0,0.6841877295349506,0.01010492652939287
7249.0,0.6872623907606124,0.01010492652939287
7250.0,0.690337051986274,0.01010492652939287
7251.0,0.6885022801352164,0.01010492652939287
7252.0,0.6845622625394232,0.01010492652939287
7253.0,0.682553922700611,0.01010492652939287
7254.0,0.6850761041874026,0.01010492652939287
7255.0,0.6875982856741942,0.01010492652939287
7256.0,0.6909122625455095,0.01010492652939287
7257.0,0.6943162161650656,0.01010492652939287
7258.0,0.6924665015095334,0.01010492652939287
7259.0,0.6852996684789774,0.01010492652939287
7260.0,0.6786210370320795,0.01010492652939287
7261.0,0.6765376029913771,0.01010492652939287
7262.0,0.6744541689506747,0.01010492652939287
7263.0,0.681910452715672,0.01010492652939287
7264.0,0.6935516904057911,0.01010492652939287
7265.0,0.7003515273362714,0.01010492652939287
7266.0,0.6955320024436544,0.01010492652939287
7267.0,0.6907124775510375,0.01010492652939287
7268.0,0.6865302959499532,0.01010492652939287
7269.0,0.6824243556834741,0.01010492652939287
7270.0,0.6810784369384437,0.01010492652939287
7271.0,0.6825800525923746,0.01010492652939287
7272.0,0.6838282464958183,0.01010492652939287
7273.0,0.6825522263845437,0.01010492652939287
7274.0,0.6812762062732691,0.01010492652939287
7275.0,0.678499476327977,0.01010492652939287
7276.0,0.6750493844049885,0.01010492652939287
7277.0,0.6712336200682987,0.01010492652939287
7278.0,0.6665196064830158,0.01010492652939287
7279.0,0.6618055928977328,0.01010492652939287
7280.0,0.6642928760504035,0.01010492652939287
7281.0,0.6676851870363613,0.01010492652939287
7282.0,0.6691116460563826,0.01010492652939287
7283.0,0.6684705711122301,0.01010492652939287
7284.0,0.6683577928039075,0.01010492652939287
7285.0,0.6738288164381381,0.01010492652939287
7286.0,0.6792998400723685,0.01010492652939287
7287.0,0.6795569711612923,0.01010492652939287
7288.0,0.6774217382451893,0.01010492652939287
7289.0,0.6749915902260877,0.01010492652939287
7290.0,0.6718197991631567,0.01010492652939287
7291.0,0.6686480081002257,0.01010492652939287
7292.0,0.6684728770476863,0.01010492652939287
7293.0,0.6686926862410818,0.01010492652939287
7294.0,0.6660521351513027,0.01010492652939287
7295.0,0.660344879379817,0.01010492652939287
7296.0,0.6559545739703159,0.01010492652939287
7297.0,0.6663799601329627,0.01010492652939287
7298.0,0.6768053462956097,0.01010492652939287
7299.0,0.6778737203353494,0.01010492652939287
7300.0,0.674552384984104,0.01010492652939287
7301.0,0.6696762006582142,0.01010492652939287
7302.0,0.6607961133933246,0.01010492652939287
7303.0,0.6519160261284349,0.01010492652939287
7304.0,0.6558919821987639,0.01010492652939287
7305.0,0.6616417912429348,0.01010492652939287
7306.0,0.6667473617957478,0.01010492652939287
7307.0,0.6711488023391644,0.01010492652939287
7308.0,0.6747339529182493,0.01010492652939287
7309.0,0.6685108693947113,0.01010492652939287
7310.0,0.6622877858711732,0.01010492652939287
7311.0,0.6558854947817495,0.01010492652939287
7312.0,0.6493972604546896,0.01010492652939287
7313.0,0.6477521526239011,0.01010492652939287
7314.0,0.658881055289808,0.01010492652939287
7315.0,0.6700099579557147,0.01010492652939287
7316.0,0.6621842242809122,0.01010492652939287
7317.0,0.6516246488262185,0.01010492652939287
7318.0,0.6482511200602649,0.01010492652939287
7319.0,0.6528843793561211,0.01010492652939287
7320.0,0.6569296052505738,0.01010492652939287
7321.0,0.6533990008235903,0.01010492652939287
7322.0,0.6498683963966067,0.01010492652939287
7323.0,0.6520057401441707,0.01010492652939287
7324.0,0.6569212910470554,0.01010492652939287
7325.0,0.6630503596479556,0.01010492652939287
7326.0,0.6724586227394815,0.01010492652939287
7327.0,0.6818668858310074,0.01010492652939287
7328.0,0.6723586531900324,0.01010492652939287
7329.0,0.6600024950865734,0.01010492652939287
7330.0,0.6522379694681102,0.01010492652939287
7331.0,0.6496890674159422,0.01010492652939287
7332.0,0.6478020676400149,0.01010492652939287
7333.0,0.6550989619468964,0.01010492652939287
7334.0,0.6623958562537777,0.01010492652939287
7335.0,0.6607936090763608,0.01010492652939287
7336.0,0.6547337739122269,0.01010492652939287
7337.0,0.6490842010111453,0.01010492652939287
7338.0,0.6445707389923614,0.01010492652939287
7339.0,0.6400572769735774,0.01010492652939287
7340.0,0.6448857095353234,0.01010492652939287
7341.0,0.6511803005520733,0.01010492652939287
7342.0,0.6562261100907226,0.01010492652939287
7343.0,0.6598257918555106,0.01010492652939287
7344.0,0.6627274013890674,0.01010492652939287
7345.0,0.6551445029882751,0.01010492652939287
7346.0,0.6475616045874828,0.01010492652939287
7347.0,0.6427446148739115,0.01010492652939287
7348.0,0.6393432081908231,0.01010492652939287
7349.0,0.6387908538048566,0.01010492652939287
7350.0,0.646326131746219,0.01010492652939287
7351.0,0.6538614096875816,0.01010492652939287
7352.0,0.6525232024533759,0.01010492652939287
7353.0,0.6497349983399233,0.01010492652939287
7354.0,0.6476999822180755,0.01010492652939287
7355.0,0.6465542011334344,0.01010492652939287
7356.0,0.6451851445034585,0.01010492652939287
7357.0,0.6401646023924875,0.01010492652939287
7358.0,0.6351440602815165,0.01010492652939287
7359.0,0.6369861892157487,0.01010492652939287
7360.0,0.6424164788792894,0.01010492652939287
7361.0,0.6461323211970399,0.01010492652939287
7362.0,0.644857753400283,0.01010492652939287
7363.0,0.643583185603526,0.01010492652939287
7364.0,0.6425486194130607,0.01010492652939287
7365.0,0.6415548400124288,0.01010492652939287
7366.0,0.6382874881571794,0.01010492652939287
7367.0,0.6322834287176783,0.01010492652939287
7368.0,0.6273338618849906,0.01010492652939287
7369.0,0.6412932647515953,0.01010492652939287
7370.0,0.6552526676182,0.01010492652939287
7371.0,0.6539197710414165,0.01010492652939287
7372.0,0.6444197163825269,0.01010492652939287
7373.0,0.6363416611977452,0.01010492652939287
7374.0,0.6325091929595743,0.01010492652939287
7375.0,0.6286767247214032,0.01010492652939287
7376.0,0.6211419477294448,0.01010492652939287
7377.0,0.6129535145309601,0.01010492652939287
7378.0,0.608927391310167,0.01010492652939287
7379.0,0.6100095576074426,0.01010492652939287
7380.0,0.6110366105442251,0.01010492652939287
7381.0,0.6109710411092302,0.01010492652939287
7382.0,0.6109054716742353,0.01010492652939287
7383.0,0.6067128995968446,0.01010492652939287
7384.0,0.6002692351690595,0.01010492652939287
7385.0,0.5973312907904479,0.01010492652939287
7386.0,0.6051328205136501,0.01010492652939287
7387.0,0.6129343502368525,0.01010492652939287
7388.0,0.6131337353501523,0.01010492652939287
7389.0,0.6119401138516974,0.01010492652939287
7390.0,0.6099702269851656,0.01010492652939287
7391.0,0.6070289594012822,0.01010492652939287
7392.0,0.6045439845213616,0.01010492652939287
7393.0,0.6121608231152156,0.01010492652939287
7394.0,0.6197776617090696,0.01010492652939287
7395.0,0.6188925668622237,0.01010492652939287
7396.0,0.6132718156316005,0.01010492652939287
7397.0,0.6087800515333287,0.01010492652939287
7398.0,0.6078381375228439,0.01010492652939287
7399.0,0.6068962235123592,0.01010492652939287
7400.0,0.6127484631359092,0.01010492652939287
7401.0,0.6198915919499282,0.01010492652939287
7402.0,0.6242975060381409,0.01010492652939287
7403.0,0.6252108537958878,0.01010492652939287
7404.0,0.6258420587962515,0.01010492652939287
7405.0,0.6194108779009951,0.01010492652939287
7406.0,0.6129796970057387,0.01010492652939287
7407.0,0.6141920458817062,0.01010492652939287
7408.0,0.6197515623488371,0.01010492652939287
7409.0,0.6219330069788735,0.01010492652939287
7410.0,0.6132085953226368,0.01010492652939287
7411.0,0.6044841836664002,0.01010492652939287
7412.0,0.6023673801505249,0.01010492652939287
7413.0,0.6015512121450358,0.01010492652939287
7414.0,0.6030407236141659,0.01010492652939287
7415.0,0.6075301661124208,0.01010492652939287
7416.0,0.6117245832239879,0.01010492652939287
7417.0,0.6074370204683113,0.01010492652939287
7418.0,0.6031494577126345,0.01010492652939287
7419.0,0.6042021547972748,0.01010492652939287
7420.0,0.6083556479182332,0.01010492652939287
7421.0,0.6114649856899667,0.01010492652939287
7422.0,0.6111118394020956,0.01010492652939287
7423.0,0.6107586931142245,0.01010492652939287
7424.0,0.6129679694651332,0.01010492652939287
7425.0,0.6156993579433059,0.01010492652939287
7426.0,0.6155231926430891,0.01010492652939287
7427.0,0.6114892395084173,0.01010492652939287
7428.0,0.6075873403991651,0.01010492652939287
7429.0,0.6081367623966937,0.01010492652939287
7430.0,0.6086861843942223,0.01010492652939287
7431.0,0.5992065124529299,0.01010492652939287
7432.0,0.5837822532821261,0.01010492652939287
7433.0,0.5744494591913031,0.01010492652939287
7434.0,0.5858727683359172,0.01010492652939287
7435.0,0.5972960774805314,0.01010492652939287
7436.0,0.5932258749513138,0.01010492652939287
7437.0,0.5858903247583004,0.01010492652939287
7438.0,0.581252317198917,0.01010492652939287
7439.0,0.5802643743895528,0.01010492652939287
7440.0,0.5794127853541704,0.01010492652939287
7441.0,0.5841039772311594,0.01010492652939287
7442.0,0.5887951691081483,0.01010492652939287
7443.0,0.5869903023685845,0.01010492652939287
7444.0,0.5812552575835598,0.01010492652939287
7445.0,0.578384252593089,0.01010492652939287
7446.0,0.5855451275316039,0.01010492652939287
7447.0,0.5927060024701187,0.01010492652939287
7448.0,0.5928671789339323,0.01010492652939287
7449.0,0.5915035672797224,0.01010492652939287
7450.0,0.590090343402575,0.01010492652939287
7451.0,0.5886086546577739,0.01010492652939287
7452.0,0.5872764827380569,0.01010492652939287
7453.0,0.5935790136990614,0.01010492652939287
7454.0,0.5998815446600662,0.01010492652939287
7455.0,0.5971382870976507,0.01010492652939287
7456.0,0.5888094746800149,0.01010492652939287
7457.0,0.5812141841028594,0.01010492652939287
7458.0,0.5762611931941695,0.01010492652939287
7459.0,0.5713082022854795,0.01010492652939287
7460.0,0.5728099533749785,0.01010492652939287
7461.0,0.5757640214140719,0.01010492652939287
7462.0,0.5799282582957201,0.01010492652939287
7463.0,0.5857958253112516,0.01010492652939287
7464.0,0.5915646977290727,0.01010492652939287
7465.0,0.5905812147538785,0.01010492652939287
7466.0,0.5895977317786842,0.01010492652939287
7467.0,0.5891018773792507,0.01010492652939287
7468.0,0.5889132957809814,0.01010492652939287
7469.0,0.5881306652236309,0.01010492652939287
7470.0,0.5851463616879878,0.01010492652939287
7471.0,0.5821620581523448,0.01010492652939287
7472.0,0.5823828830984032,0.01010492652939287
7473.0,0.5833480943930219,0.01010492652939287
7474.0,0.5830886797031617,0.01010492652939287
7475.0,0.5810711031467006,0.01010492652939287
7476.0,0.5790888169946193,0.01010492652939287
7477.0,0.5807458537941567,0.01010492652939287
7478.0,0.5824028905936939,0.01010492652939287
7479.0,0.5802519618471476,0.01010492652939287
7480.0,0.5756525187652465,0.01010492652939287
7481.0,0.572866855879422,0.01010492652939287
7482.0,0.5770008168630167,0.01010492652939287
7483.0,0.5811347778466117,0.01010492652939287
7484.0,0.5784942250638053,0.01010492652939287
7485.0,0.5742306116911378,0.01010492652939287
7486.0,0.573427907386949,0.01010492652939287
7487.0,0.5776936941741694,0.01010492652939287
7488.0,0.5819044929579824,0.01010492652939287
7489.0,0.5747190280347028,0.01010492652939287
7490.0,0.5675335631114231,0.01010492652939287
7491.0,0.5608110102653702,0.01010492652939287
7492.0,0.5543921571916527,0.01010492652939287
7493.0,0.5495294239583427,0.01010492652939287
7494.0,0.5507806763701653,0.01010492652939287
7495.0,0.5520319287819877,0.01010492652939287
7496.0,0.554627583353323,0.01010492652939287
7497.0,0.5575553133083703,0.01010492652939287
7498.0,0.5620405063120287,0.01010492652939287
7499.0,0.5688525677625597,0.01010492652939287
7500.0,0.5756646292130906,0.01010492652939287
7501.0,0.5754609126095885,0.01010492652939287
7502.0,0.5752571960060865,0.01010492652939287
7503.0,0.5755541533495625,0.01010492652939287
7504.0,0.5761862311304942,0.01010492652939287
7505.0,0.576418941099729,0.01010492652939287
7506.0,0.575034816534346,0.01010492652939287
7507.0,0.5736506919689629,0.01010492652939287
7508.0,0.5677557199623255,0.01010492652939287
7509.0,0.5607126557605524,0.01010492652939287
7510.0,0.5555087655555387,0.01010492652939287
7511.0,0.5531082223819501,0.01010492652939287
7512.0,0.5507076792083616,0.01010492652939287
7513.0,0.5423178683709131,0.01010492652939287
7514.0,0.5338991587751372,0.01010492652939287
7515.0,0.534717934898824,0.01010492652939287
7516.0,0.5418443275339613,0.01010492652939287
7517.0,0.5477029946773825,0.01010492652939287
7518.0,0.5482702858553918,0.01010492652939287
7519.0,0.5488375770334013,0.01010492652939287
7520.0,0.5455522430545169,0.01010492652939287
7521.0,0.5412570542996582,0.01010492652939287
7522.0,0.5401295303710739,0.01010492652939287
7523.0,0.5439284054207688,0.01010492652939287
7524.0,0.5477272804704637,0.01010492652939287
7525.0,0.5525979129339489,0.01010492652939287
7526.0,0.5574789381965974,0.01010492652939287
7527.0,0.5576429769037932,0.01010492652939287
7528.0,0.5545214567475205,0.01010492652939287
7529.0,0.5512330259909257,0.01010492652939287
7530.0,0.5472259228405864,0.01010492652939287
7531.0,0.5432188196902469,0.01010492652939287
7532.0,0.5420184414043467,0.01010492652939287
7533.0,0.541575365406564,0.01010492652939287
7534.0,0.5427750005682295,0.01010492652939287
7535.0,0.5465815469177072,0.01010492652939287
7536.0,0.5503880932671851,0.01010492652939287
7537.0,0.5445731838527325,0.01010492652939287
7538.0,0.5386176441469699,0.01010492652939287
7539.0,0.5367756171942165,0.01010492652939287
7540.0,0.5378561270228649,0.01010492652939287
7541.0,0.538803485728615,0.01010492652939287
7542.0,0.5391590616659295,0.01010492652939287
7543.0,0.5395146376032439,0.01010492652939287
7544.0,0.5396099357696436,0.01010492652939287
7545.0,0.5396329789106821,0.01010492652939287
7546.0,0.5377744832318498,0.01010492652939287
7547.0,0.5328688413510275,0.01010492652939287
7548.0,0.5279631994702053,0.01010492652939287
7549.0,0.5257971107391448,0.01010492652939287
7550.0,0.5236846729877623,0.01010492652939287
7551.0,0.5279318181280003,0.01010492652939287
7552.0,0.5367873566679608,0.01010492652939287
7553.0,0.5424509555405731,0.01010492652939287
7554.0,0.5334616233228634,0.01010492652939287
7555.0,0.5244722911051537,0.01010492652939287
7556.0,0.5217632411079828,0.01010492652939287
7557.0,0.5208471729176006,0.01010492652939287
7558.0,0.5202028795560274,0.01010492652939287
7559.0,0.5200077936344286,0.01010492652939287
7560.0,0.51981270771283,0.01010492652939287
7561.0,0.5234115151815046,0.01010492652939287
7562.0,0.5271036533608872,0.01010492652939287
7563.0,0.5248928879850999,0.01010492652939287
7564.0,0.5183196427376515,0.01010492652939287
7565.0,0.5127697334372885,0.01010492652939287
7566.0,0.5120753767685816,0.01010492652939287
7567.0,0.511381020099875,0.01010492652939287
7568.0,0.5150400895270205,0.01010492652939287
7569.0,0.5199767948735977,0.01010492652939287
7570.0,0.518763130340316,0.01010492652939287
7571.0,0.5071731966226267,0.01010492652939287
7572.0,0.4955832629049374,0.01010492652939287
7573.0,0.49407709491981,0.01010492652939287
7574.0,0.4928700744965834,0.01010492652939287
7575.0,0.4979707068515375,0.01010492652939287
7576.0,0.507825317510872,0.01010492652939287
7577.0,0.5156288646666235,0.01010492652939287
7578.0,0.5133661994502088,0.01010492652939287
7579.0,0.5111035342337941,0.01010492652939287
7580.0,0.5047967055439952,0.01010492652939287
7581.0,0.49727030880675366,0.01010492652939287
7582.0,0.49348775951042834,0.01010492652939287
7583.0,0.4961529474734486,0.01010492652939287
7584.0,0.4988181354364689,0.01010492652939287
7585.0,0.4915598648105199,0.01010492652939287
7586.0,0.48395643040757175,0.01010492652939287
7587.0,0.47782572359235836,0.01010492652939287
7588.0,0.4728269220568885,0.01010492652939287
7589.0,0.4692806308290332,0.01010492652939287
7590.0,0.4731135160544675,0.01010492652939287
7591.0,0.4769464012799018,0.01010492652939287
7592.0,0.47928673329188193,0.01010492652939287
7593.0,0.48116474929277725,0.01010492652939287
7594.0,0.48213516251079236,0.01010492652939287
7595.0,0.4815097575907022,0.01010492652939287
7596.0,0.480884352670612,0.01010492652939287
7597.0,0.4767389067540237,0.01010492652939287
7598.0,0.4724528349798984,0.01010492652939287
7599.0,0.4741641253586484,0.01010492652939287
7600.0,0.4805757038486318,0.01010492652939287
7601.0,0.4850990587461632,0.01010492652939287
7602.0,0.47968439473607,0.01010492652939287
7603.0,0.4742697307259768,0.01010492652939287
7604.0,0.47222859651819227,0.01010492652939287
7605.0,0.47126037289626455,0.01010492652939287
7606.0,0.47154897136105517,0.01010492652939287
7607.0,0.4740939450486435,0.01010492652939287
7608.0,0.47663891873623176,0.01010492652939287
7609.0,0.4757421532151983,0.01010492652939287
7610.0,0.4746899264501141,0.01010492652939287
7611.0,0.47566252625619876,0.01010492652939287
7612.0,0.47825323800900466,0.01010492652939287
7613.0,0.4810291370155845,0.01010492652939287
7614.0,0.48481567033732853,0.01010492652939287
7615.0,0.48860220365907264,0.01010492652939287
7616.0,0.48685257666787585,0.01010492652939287
7617.0,0.483295763587265,0.01010492652939287
7618.0,0.4836763454966425,0.01010492652939287
7619.0,0.4912754848876465,0.01010492652939287
7620.0,0.49887462427865054,0.01010492652939287
7621.0,0.49113430984533896,0.01010492652939287
7622.0,0.48262025247007145,0.01010492652939287
7623.0,0.4801387949815345,0.01010492652939287
7624.0,0.48257278925254476,0.01010492652939287
7625.0,0.4849223933723747,0.01010492652939287
7626.0,0.4867940116759201,0.01010492652939287
7627.0,0.4886656299794655,0.01010492652939287
7628.0,0.4892425740227003,0.01010492652939287
7629.0,0.4893858851806721,0.01010492652939287
7630.0,0.4899187652434021,0.01010492652939287
7631.0,0.49118107949676565,0.01010492652939287
7632.0,0.49244339375012913,0.01010492652939287
7633.0,0.4935795534081447,0.01010492652939287
7634.0,0.4947086778289039,0.01010492652939287
7635.0,0.4923886840571295,0.01010492652939287
7636.0,0.48720326901771205,0.01010492652939287
7637.0,0.48388260885470435,0.01010492652939287
7638.0,0.49153472118755487,0.01010492652939287
7639.0,0.4991868335204054,0.01010492652939287
7640.0,0.4968786466478408,0.01010492652939287
7641.0,0.4911486150482546,0.01010492652939287
7642.0,0.48732972351925935,0.01010492652939287
7643.0,0.48716605443296124,0.01010492652939287
7644.0,0.48700238534666307,0.01010492652939287
7645.0,0.48167953282043213,0.01010492652939287
7646.0,0.4760412143004217,0.01010492652939287
7647.0,0.48052696309698406,0.01010492652939287
7648.0,0.4935878642547984,0.01010492652939287
7649.0,0.5028826486764311,0.01010492652939287
7650.0,0.48913008623389576,0.01010492652939287
7651.0,0.4753775237913604,0.01010492652939287
7652.0,0.4764609867847112,0.01010492652939287
7653.0,0.48277077692023934,0.01010492652939287
7654.0,0.48455233855031665,0.01010492652939287
7655.0,0.4774861912920801,0.01010492652939287
7656.0,0.4704200440338435,0.01010492652939287
7657.0,0.47043824198124845,0.01010492652939287
7658.0,0.4709281248847241,0.01010492652939287
7659.0,0.4752495677719347,0.01010492652939287
7660.0,0.4828796955668021,0.01010492652939287
7661.0,0.4887336451283012,0.01010492652939287
7662.0,0.48327035284889874,0.01010492652939287
7663.0,0.47780706056949634,0.01010492652939287
7664.0,0.47838708923581347,0.01010492652939287
7665.0,0.4811494282436423,0.01010492652939287
7666.0,0.48353728173411215,0.01010492652939287
7667.0,0.485177511260071,0.01010492652939287
7668.0,0.48681774078602985,0.01010492652939287
7669.0,0.4812182671356747,0.01010492652939287
7670.0,0.4750970130762218,0.01010492652939287
7671.0,0.4790492729792447,0.01010492652939287
7672.0,0.4918698634587051,0.01010492652939287
7673.0,0.5017347107018517,0.01010492652939287
7674.0,0.49196691479749105,0.01010492652939287
7675.0,0.48219911889313033,0.01010492652939287
7676.0,0.4840823453226925,0.01010492652939287
7677.0,0.4902772165304288,0.01010492652939287
7678.0,0.49169257443148495,0.01010492652939287
7679.0,0.48335702744777326,0.01010492652939287
7680.0,0.4750214804640615,0.01010492652939287
7681.0,0.47419434611804606,0.01010492652939287
7682.0,0.47395001223549843,0.01010492652939287
7683.0,0.4716322278580141,0.01010492652939287
7684.0,0.4674535334691335,0.01010492652939287
7685.0,0.463686444659646,0.01010492652939287
7686.0,0.4627731545339471,0.01010492652939287
7687.0,0.46185986440824817,0.01010492652939287
7688.0,0.46177124688650356,0.01010492652939287
7689.0,0.4619952949712241,0.01010492652939287
7690.0,0.464005297261458,0.01010492652939287
7691.0,0.4697393448024454,0.01010492652939287
7692.0,0.4754733923434329,0.01010492652939287
7693.0,0.47788675594160623,0.01010492652939287
7694.0,0.4800237557265957,0.01010492652939287
7695.0,0.4743378711327735,0.01010492652939287
7696.0,0.46149449692339706,0.01010492652939287
7697.0,0.4499240970588997,0.01010492652939287
7698.0,0.4475796102681334,0.01010492652939287
7699.0,0.44523512347736716,0.01010492652939287
7700.0,0.45413041250753156,0.01010492652939287
7701.0,0.4673904811481561,0.01010492652939287
7702.0,0.4730434790248706,0.01010492652939287
7703.0,0.46248140501012897,0.01010492652939287
7704.0,0.4519193309953873,0.01010492652939287
7705.0,0.4438175572444278,0.01010492652939287
7706.0,0.43593447685024883,0.01010492652939287
7707.0,0.4354137887136879,0.01010492652939287
7708.0,0.44176011145312954,0.01010492652939287
7709.0,0.44739173606425214,0.01010492652939287
7710.0,0.44760049652647865,0.01010492652939287
7711.0,0.44780925698870516,0.01010492652939287
7712.0,0.4493893290880399,0.01010492652939287
7713.0,0.4515147046403848,0.01010492652939287
7714.0,0.45422498795868466,0.01010492652939287
7715.0,0.45821001301118436,0.01010492652939287
7716.0,0.46219503806368406,0.01010492652939287
7717.0,0.46004327074889273,0.01010492652939287
7718.0,0.45731088707346695,0.01010492652939287
7719.0,0.45747219112023063,0.01010492652939287
7720.0,0.4603848703782572,0.01010492652939287
7721.0,0.4623269911572542,0.01010492652939287
7722.0,0.4565463885547541,0.01010492652939287
7723.0,0.450765785952254,0.01010492652939287
7724.0,0.4455827965723001,0.01010492652939287
7725.0,0.4406430923049033,0.01010492652939287
7726.0,0.43476954049816846,0.01010492652939287
7727.0,0.4268147393305094,0.01010492652939287
7728.0,0.4188599381628503,0.01010492652939287
7729.0,0.43240353210880283,0.01010492652939287
7730.0,0.4481054854056632,0.01010492652939287
7731.0,0.45402231541021754,0.01010492652939287
7732.0,0.4504547469517915,0.01010492652939287
7733.0,0.44715534376287597,0.01010492652939287
7734.0,0.44609768170335606,0.01010492652939287
7735.0,0.4450400196438362,0.01010492652939287
7736.0,0.44564065707253714,0.01010492652939287
7737.0,0.4469322526213291,0.01010492652939287
7738.0,0.4468767514738901,0.01010492652939287
7739.0,0.4437505062826907,0.01010492652939287
7740.0,0.4406242610914913,0.01010492652939287
7741.0,0.4377385055496824,0.01010492652939287
7742.0,0.4348783000370252,0.01010492652939287
7743.0,0.435548158777846,0.01010492652939287
7744.0,0.4397059569003753,0.01010492652939287
7745.0,0.4431995883151966,0.01010492652939287
7746.0,0.4408485527021998,0.01010492652939287
7747.0,0.438497517089203,0.01010492652939287
7748.0,0.4386948012957876,0.01010492652939287
7749.0,0.4399786122747587,0.01010492652939287
7750.0,0.442016068550204,0.01010492652939287
7751.0,0.4458110256570251,0.01010492652939287
7752.0,0.4496059827638462,0.01010492652939287
7753.0,0.44360976404161345,0.01010492652939287
7754.0,0.4365154695254755,0.01010492652939287
7755.0,0.43721965022270726,0.01010492652939287
7756.0,0.44577868065291903,0.01010492652939287
7757.0,0.4527370919892853,0.01010492652939287
7758.0,0.44483543470140546,0.01010492652939287
7759.0,0.43693377741352557,0.01010492652939287
7760.0,0.4338546052818227,0.01010492652939287
7761.0,0.4328790344337614,0.01010492652939287
7762.0,0.43422385517684436,0.01010492652939287
7763.0,0.44110554528577334,0.01010492652939287
7764.0,0.44798723539470225,0.01010492652939287
7765.0,0.4381014759668601,0.01010492652939287
7766.0,0.42623513189574996,0.01010492652939287
7767.0,0.4273327440872384,0.01010492652939287
7768.0,0.4417412797405402,0.01010492652939287
7769.0,0.4537844443580153,0.01010492652939287
7770.0,0.4426039660782954,0.01010492652939287
7771.0,0.4314234877985754,0.01010492652939287
7772.0,0.42863841634235383,0.01010492652939287
7773.0,0.4295992121667471,0.01010492652939287
7774.0,0.42938695001407773,0.01010492652939287
7775.0,0.4263099057769289,0.01010492652939287
7776.0,0.42323286153978007,0.01010492652939287
7777.0,0.4202416186552159,0.01010492652939287
7778.0,0.41726102857016295,0.01010492652939287
7779.0,0.4168413080896107,0.01010492652939287
7780.0,0.41910200640885553,0.01010492652939287
7781.0,0.42155113045320997,0.01010492652939287
7782.0,0.4259619469781472,0.01010492652939287
7783.0,0.43037276350308445,0.01010492652939287
7784.0,0.43015040437610386,0.01010492652939287
7785.0,0.4278139563589994,0.01010492652939287
7786.0,0.4249775869394088,0.01010492652939287
7787.0,0.42089141401360547,0.01010492652939287
7788.0,0.4168052410878021,0.01010492652939287
7789.0,0.41053214019854073,0.01010492652939287
7790.0,0.4039741748798464,0.01010492652939287
7791.0,0.4053859257197982,0.01010492652939287
7792.0,0.4153013439250427,0.01010492652939287
7793.0,0.4252448904976584,0.01010492652939287
7794.0,0.4354998873988493,0.01010492652939287
7795.0,0.44575488430004023,0.01010492652939287
7796.0,0.43948715466713373,0.01010492652939287
7797.0,0.42551075860547866,0.01010492652939287
7798.0,0.4169773310679313,0.01010492652939287
7799.0,0.4223769725301396,0.01010492652939287
7800.0,0.42777661399234795,0.01010492652939287
7801.0,0.4229117435704333,0.01010492652939287
7802.0,0.41664653046310324,0.01010492652939287
7803.0,0.4126229289680189,0.01010492652939287
7804.0,0.41103757168273836,0.01010492652939287
7805.0,0.40948027425149136,0.01010492652939287
7806.0,0.40825451478790103,0.01010492652939287
7807.0,0.40702875532431065,0.01010492652939287
7808.0,0.4074715238900515,0.01010492652939287
7809.0,0.40871009749105586,0.01010492652939287
7810.0,0.41007665205425925,0.01010492652939287
7811.0,0.4117787393140098,0.01010492652939287
7812.0,0.41348082657376045,0.01010492652939287
7813.0,0.4105804102352101,0.01010492652939287
7814.0,0.4070233953037649,0.01010492652939287
7815.0,0.40512228453720645,0.01010492652939287
7816.0,0.40505734092057155,0.01010492652939287
7817.0,0.4050211068997283,0.01010492652939287
7818.0,0.40534821399283544,0.01010492652939287
7819.0,0.4056753210859425,0.01010492652939287
7820.0,0.40470588939996804,0.01010492652939287
7821.0,0.4031043950591918,0.01010492652939287
7822.0,0.4024774881622511,0.01010492652939287
7823.0,0.40446816789542656,0.01010492652939287
7824.0,0.406458847628602,0.01010492652939287
7825.0,0.4027402768692703,0.01010492652939287
7826.0,0.3981712246572627,0.01010492652939287
7827.0,0.3957607636552606,0.01010492652939287
7828.0,0.3957904492384765,0.01010492652939287
7829.0,0.3958796848640581,0.01010492652939287
7830.0,0.3967796368558797,0.01010492652939287
7831.0,0.3976795888477012,0.01010492652939287
7832.0,0.3970364611008267,0.01010492652939287
7833.0,0.395624568807877,0.01010492652939287
7834.0,0.3944461747179576,0.01010492652939287
7835.0,0.393910426583225,0.01010492652939287
7836.0,0.39337467844849244,0.01010492652939287
7837.0,0.39758420826447755,0.01010492652939287
7838.0,0.4025308686359107,0.01010492652939287
7839.0,0.40332548787736316,0.01010492652939287
7840.0,0.39933506747031144,0.01010492652939287
7841.0,0.39597246844361816,0.01010492652939287
7842.0,0.40184950482589826,0.01010492652939287
7843.0,0.4077265412081784,0.01010492652939287
7844.0,0.406622936311171,0.01010492652939287
7845.0,0.4019657803281495,0.01010492652939287
7846.0,0.3977602046536893,0.01010492652939287
7847.0,0.39482858260200215,0.01010492652939287
7848.0,0.3918969605503149,0.01010492652939287
7849.0,0.39573324066980636,0.01010492652939287
7850.0,0.40066446730513716,0.01010492652939287
7851.0,0.39945351222416475,0.01010492652939287
7852.0,0.3910258945522477,0.01010492652939287
7853.0,0.38373272562352345,0.01010492652939287
7854.0,0.3945907365859025,0.01010492652939287
7855.0,0.40544874754828164,0.01010492652939287
7856.0,0.40511943974162856,0.01010492652939287
7857.0,0.39897190958247786,0.01010492652939287
7858.0,0.39321882491186894,0.01010492652939287
7859.0,0.38860668303288387,0.01010492652939287
7860.0,0.3839945411538988,0.01010492652939287
7861.0,0.3888045649482976,0.01010492652939287
7862.0,0.3952003669766415,0.01010492652939287
7863.0,0.39787920484382044,0.01010492652939287
7864.0,0.3961055315522403,0.01010492652939287
7865.0,0.394364045319025,0.01010492652939287
7866.0,0.39318619024117274,0.01010492652939287
7867.0,0.3920083351633204,0.01010492652939287
7868.0,0.38872818237589735,0.01010492652939287
7869.0,0.3843311839302641,0.01010492652939287
7870.0,0.3793420944344016,0.01010492652939287
7871.0,0.3725964681561951,0.01010492652939287
7872.0,0.3658508418779886,0.01010492652939287
7873.0,0.37333633341659994,0.01010492652939287
7874.0,0.3833107651657547,0.01010492652939287
7875.0,0.38526324890635066,0.01010492652939287
7876.0,0.3774182601458372,0.01010492652939287
7877.0,0.3701732384232851,0.01010492652939287
7878.0,0.3745178238728876,0.01010492652939287
7879.0,0.3788624093224902,0.01010492652939287
7880.0,0.38123007773143486,0.01010492652939287
7881.0,0.38252508559794945,0.01010492652939287
7882.0,0.38378894611871583,0.01010492652939287
7883.0,0.3849580037958701,0.01010492652939287
7884.0,0.3861270614730244,0.01010492652939287
7885.0,0.38292211296724465,0.01010492652939287
7886.0,0.3789230186580398,0.01010492652939287
7887.0,0.37929814794441546,0.01010492652939287
7888.0,0.3851204235950848,0.01010492652939287
7889.0,0.3902382688453762,0.01010492652939287
7890.0,0.3802013411578638,0.01010492652939287
7891.0,0.3701644134703514,0.01010492652939287
7892.0,0.37403274347080484,0.01010492652939287
7893.0,0.38560603901848767,0.01010492652939287
7894.0,0.39185370111201934,0.01010492652939287
7895.0,0.38146534979185304,0.01010492652939287
7896.0,0.3710769984716868,0.01010492652939287
7897.0,0.3663762468334743,0.01010492652939287
7898.0,0.3627464840084069,0.01010492652939287
7899.0,0.3606977737546295,0.01010492652939287
7900.0,0.3606566125423259,0.01010492652939287
7901.0,0.36057379528307326,0.01010492652939287
7902.0,0.35948113446143604,0.01010492652939287
7903.0,0.35838847363979875,0.01010492652939287
7904.0,0.3577753986153669,0.01010492652939287
7905.0,0.35743366818672206,0.01010492652939287
7906.0,0.3570141724565031,0.01010492652939287
7907.0,0.35634527790557924,0.01010492652939287
7908.0,0.3556763833546554,0.01010492652939287
7909.0,0.35896168037034987,0.01010492652939287
7910.0,0.3630185269600185,0.01010492652939287
7911.0,0.367030621512251,0.01010492652939287
7912.0,0.3709847726551311,0.01010492652939287
7913.0,0.37475883191644055,0.01010492652939287
7914.0,0.37353999901282325,0.01010492652939287
7915.0,0.372321166109206,0.01010492652939287
7916.0,0.36667220823464114,0.01010492652939287
7917.0,0.3584641819583028,0.01010492652939287
7918.0,0.3529389668884341,0.01010492652939287
7919.0,0.35625043409142326,0.01010492652939287
7920.0,0.3595619012944124,0.01010492652939287
7921.0,0.3613718750617615,0.01010492652939287
7922.0,0.3628785168219115,0.01010492652939287
7923.0,0.3630748214073445,0.01010492652939287
7924.0,0.36154104292643746,0.01010492652939287
7925.0,0.3600744910047016,0.01010492652939287
7926.0,0.3607807014753487,0.01010492652939287
7927.0,0.36148691194599575,0.01010492652939287
7928.0,0.35928790806656935,0.01010492652939287
7929.0,0.3553757148089501,0.01010492652939287
7930.0,0.3519535669211895,0.01010492652939287
7931.0,0.35018983573247364,0.01010492652939287
7932.0,0.34842610454375783,0.01010492652939287
7933.0,0.34549691982394864,0.01010492652939287
7934.0,0.3423241570076552,0.01010492652939287
7935.0,0.3436593871073618,0.01010492652939287
7936.0,0.3510645344291676,0.01010492652939287
7937.0,0.3582126507640569,0.01010492652939287
7938.0,0.3554222356047806,0.01010492652939287
7939.0,0.3526318204455043,0.01010492652939287
7940.0,0.35410596097593505,0.01010492652939287
7941.0,0.35814703598882097,0.01010492652939287
7942.0,0.36067474849140324,0.01010492652939287
7943.0,0.35793823763827387,0.01010492652939287
7944.0,0.3552017267851445,0.01010492652939287
7945.0,0.35184928557453815,0.01010492652939287
7946.0,0.3483637674399808,0.01010492652939287
7947.0,0.34833745196024635,0.01010492652939287
7948.0,0.35306138058199293,0.01010492652939287
7949.0,0.3577089856007827,0.01010492652939287
7950.0,0.3586930576776826,0.01010492652939287
7951.0,0.35967712975458255,0.01010492652939287
7952.0,0.35629228783586464,0.01010492652939287
7953.0,0.3502234425516291,0.01010492652939287
7954.0,0.3437917695646287,0.01010492652939287
7955.0,0.33606228979466246,0.01010492652939287
7956.0,0.32833281002469616,0.01010492652939287
7957.0,0.32849232297773406,0.01010492652939287
7958.0,0.33041266837407834,0.01010492652939287
7959.0,0.3332266358544958,0.01010492652939287
7960.0,0.3372921893085714,0.01010492652939287
7961.0,0.3412647137295826,0.01010492652939287
7962.0,0.33936925298830506,0.01010492652939287
7963.0,0.3374737922470275,0.01010492652939287
7964.0,0.33358226960012416,0.01010492652939287
7965.0,0.32843930970379587,0.01010492652939287
7966.0,0.3252322391831905,0.01010492652939287
7967.0,0.32914880653390083,0.01010492652939287
7968.0,0.3330653738846112,0.01010492652939287
7969.0,0.33450689477389994,0.01010492652939287
7970.0,0.3353780947651362,0.01010492652939287
7971.0,0.3365819879098221,0.01010492652939287
7972.0,0.3382611569880065,0.01010492652939287
7973.0,0.3399493301088192,0.01010492652939287
7974.0,0.3424618733547029,0.01010492652939287
7975.0,0.34497441660058664,0.01010492652939287
7976.0,0.3429252037118282,0.01010492652939287
7977.0,0.3379575444770943,0.01010492652939287
7978.0,0.3330861779358671,0.01010492652939287
7979.0,0.32857950613613934,0.01010492652939287
7980.0,0.32407283433641154,0.01010492652939287
7981.0,0.3270129582300423,0.01010492652939287
7982.0,0.3317234941755805,0.01010492652939287
7983.0,0.3366598294695422,0.01010492652939287
7984.0,0.3419252057019147,0.01010492652939287
7985.0,0.34710595329026217,0.01010492652939287
7986.0,0.3382721974291123,0.01010492652939287
7987.0,0.3294384415679624,0.01010492652939287
7988.0,0.3268754916054774,0.01010492652939287
7989.0,0.3284059843823993,0.01010492652939287
7990.0,0.330603295825592,0.01010492652939287
7991.0,0.3354012000672348,0.01010492652939287
7992.0,0.3401991043088776,0.01010492652939287
7993.0,0.3410388919228272,0.01010492652939287
7994.0,0.34090837889859754,0.01010492652939287
7995.0,0.33747384917860307,0.01010492652939287
7996.0,0.3291276767287927,0.01010492652939287
7997.0,0.3207852854948621,0.01010492652939287
7998.0,0.3155888658731425,0.01010492652939287
7999.0,0.310392446251423,0.01010492652939287
8000.0,0.3166828839404446,0.01010492652939287
8001.0,0.3306235685984088,0.01010492652939287
8002.0,0.3392661842276995,0.01010492652939287
8003.0,0.326620775506821,0.01010492652939287
8004.0,0.3139753667859425,0.01010492652939287
8005.0,0.32121174843637357,0.01010492652939287
8006.0,0.33347089818059944,0.01010492652939287
8007.0,0.33609474449156856,0.01010492652939287
8008.0,0.3241055324233896,0.01010492652939287
8009.0,0.3121163203552105,0.01010492652939287
8010.0,0.31992189044723973,0.01010492652939287
8011.0,0.3277990079446616,0.01010492652939287
8012.0,0.3316132199487644,0.01010492652939287
8013.0,0.3326669497931003,0.01010492652939287
8014.0,0.3330439408729987,0.01010492652939287
8015.0,0.3306178967002009,0.01010492652939287
8016.0,0.32819185252740324,0.01010492652939287
8017.0,0.32114801272583926,0.01010492652939287
8018.0,0.31290256801028976,0.01010492652939287
8019.0,0.31053724987718506,0.01010492652939287
8020.0,0.3172708432141548,0.01010492652939287
8021.0,0.3240044365511245,0.01010492652939287
8022.0,0.3240288941901146,0.01010492652939287
8023.0,0.323996494746923,0.01010492652939287
8024.0,0.32403860262079576,0.01010492652939287
8025.0,0.32413235072865015,0.01010492652939287
8026.0,0.32280464627718275,0.01010492652939287
8027.0,0.31540428057547276,0.01010492652939287
8028.0,0.30800391487376283,0.01010492652939287
8029.0,0.31278137951309243,0.01010492652939287
8030.0,0.32082109398502623,0.01010492652939287
8031.0,0.32346108077988833,0.01010492652939287
8032.0,0.3175751817688691,0.01010492652939287
8033.0,0.3116892827578499,0.01010492652939287
8034.0,0.30826673758552947,0.01010492652939287
8035.0,0.3048771570022911,0.01010492652939287
8036.0,0.3023057466394179,0.01010492652939287
8037.0,0.30031275579708827,0.01010492652939287
8038.0,0.29970429920329744,0.01010492652939287
8039.0,0.30520037997805993,0.01010492652939287
8040.0,0.31069646075282237,0.01010492652939287
8041.0,0.31762414551973045,0.01010492652939287
8042.0,0.3249464531328643,0.01010492652939287
8043.0,0.32639705268242564,0.01010492652939287
8044.0,0.3183866555402143,0.01010492652939287
8045.0,0.31037625839800287,0.01010492652939287
8046.0,0.3132737823946364,0.01010492652939287
8047.0,0.3163713293950327,0.01010492652939287
8048.0,0.31257510154701024,0.01010492652939287
8049.0,0.3038079492731656,0.01010492652939287
8050.0,0.2972972200016878,0.01010492652939287
8051.0,0.3010607368009538,0.01010492652939287
8052.0,0.3048242536002198,0.01010492652939287
8053.0,0.3080602643638053,0.01010492652939287
8054.0,0.31114672025749057,0.01010492652939287
8055.0,0.30838771337136694,0.01010492652939287
8056.0,0.2960161676917975,0.01010492652939287
8057.0,0.28364462201222806,0.01010492652939287
8058.0,0.2949836753500578,0.01010492652939287
8059.0,0.3068761701882946,0.01010492652939287
8060.0,0.31296840572496,0.01010492652939287
8061.0,0.31479503390026836,0.01010492652939287
8062.0,0.3157799857475299,0.01010492652939287
8063.0,0.3128044469278843,0.01010492652939287
8064.0,0.30982890810823854,0.01010492652939287
8065.0,0.30794407044975713,0.01010492652939287
8066.0,0.3063771425870872,0.01010492652939287
8067.0,0.304868707066909,0.01010492652939287
8068.0,0.3034584484045465,0.01010492652939287
8069.0,0.302048189742184,0.01010492652939287
8070.0,0.2945428664158035,0.01010492652939287
8071.0,0.28686447335205195,0.01010492652939287
8072.0,0.285753276953362,0.01010492652939287
8073.0,0.28956747805347094,0.01010492652939287
8074.0,0.2937608049187001,0.01010492652939287
8075.0,0.2997990325141934,0.01010492652939287
8076.0,0.30583726010968665,0.01010492652939287
8077.0,0.3073277909047809,0.01010492652939287
8078.0,0.3074561410670001,0.01010492652939287
8079.0,0.3072648288098883,0.01010492652939287
8080.0,0.3065258213326857,0.01010492652939287
8081.0,0.30578681385548306,0.01010492652939287
8082.0,0.3067142381926655,0.01010492652939287
8083.0,0.30769748592809537,0.01010492652939287
8084.0,0.30574855770687515,0.01010492652939287
8085.0,0.30155701185779554,0.01010492652939287
8086.0,0.2993644072676444,0.01010492652939287
8087.0,0.30723893438001804,0.01010492652939287
8088.0,0.31511346149239156,0.01010492652939287
8089.0,0.30669813308287086,0.01010492652939287
8090.0,0.29327054143585024,0.01010492652939287
8091.0,0.2851504223898649,0.01010492652939287
8092.0,0.28631400129285905,0.01010492652939287
8093.0,0.28747758019585323,0.01010492652939287
8094.0,0.29254550999510354,0.01010492652939287
8095.0,0.2977643561008169,0.01010492652939287
8096.0,0.2988256453707492,0.01010492652939287
8097.0,0.2966443956555185,0.01010492652939287
8098.0,0.29497812182927396,0.01010492652939287
8099.0,0.29599817745378276,0.01010492652939287
8100.0,0.2970182330782915,0.01010492652939287
8101.0,0.2944168597033352,0.01010492652939287
8102.0,0.290671274954144,0.01010492652939287
8103.0,0.28756892627381014,0.01010492652939287
8104.0,0.285615367094378,0.01010492652939287
8105.0,0.2836618079149459,0.01010492652939287
8106.0,0.27827813486701963,0.01010492652939287
8107.0,0.272744018228372,0.01010492652939287
8108.0,0.2726214866304491,0.01010492652939287
8109.0,0.27680256468775616,0.01010492652939287
8110.0,0.2814381411661766,0.01010492652939287
8111.0,0.28853150526030025,0.01010492652939287
8112.0,0.29562486935442384,0.01010492652939287
8113.0,0.29511948250810516,0.01010492652939287
8114.0,0.2921496358973194,0.01010492652939287
8115.0,0.2909775112311689,0.01010492652939287
8116.0,0.2930839438742106,0.01010492652939287
8117.0,0.29519037651725233,0.01010492652939287
8118.0,0.29892839793529263,0.01010492652939287
8119.0,0.30274656036369174,0.01010492652939287
8120.0,0.2994197644298395,0.01010492652939287
8121.0,0.29029933921530293,0.01010492652939287
8122.0,0.28184030956590705,0.01010492652939287
8123.0,0.27709244392091176,0.01010492652939287
8124.0,0.27234457827591646,0.01010492652939287
8125.0,0.27415217096478184,0.01010492652939287
8126.0,0.27814142018715104,0.01010492652939287
8127.0,0.2794746878717135,0.01010492652939287
8128.0,0.2758610758535561,0.01010492652939287
8129.0,0.2722474638353987,0.01010492652939287
8130.0,0.2692843996966401,0.01010492652939287
8131.0,0.26635674512600044,0.01010492652939287
8132.0,0.26600141269899585,0.01010492652939287
8133.0,0.26777275888635693,0.01010492652939287
8134.0,0.2692481744563005,0.01010492652939287
8135.0,0.26899894519851275,0.01010492652939287
8136.0,0.26874971594072505,0.01010492652939287
8137.0,0.2701855281971459,0.01010492652939287
8138.0,0.2721965881202535,0.01010492652939287
8139.0,0.27361073886998366,0.01010492652939287
8140.0,0.27388930631426595,0.01010492652939287
8141.0,0.2741678737585482,0.01010492652939287
8142.0,0.2740984644091281,0.01010492652939287
8143.0,0.2740082472870566,0.01010492652939287
8144.0,0.27236366850569677,0.01010492652939287
8145.0,0.26940888664427476,0.01010492652939287
8146.0,0.2660139719394526,0.01010492652939287
8147.0,0.25995215059878973,0.01010492652939287
8148.0,0.25389032925812693,0.01010492652939287
8149.0,0.25692025484328374,0.01010492652939287
8150.0,0.2631330286228883,0.01010492652939287
8151.0,0.2650497139770522,0.01010492652939287
8152.0,0.25861711087190575,0.01010492652939287
8153.0,0.25218450776675927,0.01010492652939287
8154.0,0.25611354169316697,0.01010492652939287
8155.0,0.2607183345564122,0.01010492652939287
8156.0,0.26353653232055724,0.01010492652939287
8157.0,0.26481937492141727,0.01010492652939287
8158.0,0.2664674646873088,0.01010492652939287
8159.0,0.27041917473089505,0.01010492652939287
8160.0,0.2743708847744813,0.01010492652939287
8161.0,0.27204542247892727,0.01010492652939287
8162.0,0.2674671413993501,0.01010492652939287
8163.0,0.2650638416284282,0.01010492652939287
8164.0,0.2669793219470908,0.01010492652939287
8165.0,0.26889480226575335,0.01010492652939287
8166.0,0.27364482153150826,0.01010492652939287
8167.0,0.2785952259413358,0.01010492652939287
8168.0,0.28008889348949795,0.01010492652939287
8169.0,0.27855402356201364,0.01010492652939287
8170.0,0.2763911521200373,0.01010492652939287
8171.0,0.2701005979964662,0.01010492652939287
8172.0,0.2638100438728951,0.01010492652939287
8173.0,0.25748707278915467,0.01010492652939287
8174.0,0.2511521782258118,0.01010492652939287
8175.0,0.2465945497467447,0.01010492652939287
8176.0,0.24564315572230788,0.01010492652939287
8177.0,0.24469176169787107,0.01010492652939287
8178.0,0.2504180619779405,0.01010492652939287
8179.0,0.2566533854672675,0.01010492652939287
8180.0,0.25667649668204395,0.01010492652939287
8181.0,0.2511509728425176,0.01010492652939287
8182.0,0.2477253425241868,0.01010492652939287
8183.0,0.2587018121106526,0.01010492652939287
8184.0,0.2696782816971184,0.01010492652939287
8185.0,0.2646063894269795,0.01010492652939287
8186.0,0.25348651946544076,0.01010492652939287
8187.0,0.24673773858521644,0.01010492652939287
8188.0,0.24905372546771687,0.01010492652939287
8189.0,0.2513697123502173,0.01010492652939287
8190.0,0.2531181476794711,0.01010492652939287
8191.0,0.25482014697255057,0.01010492652939287
8192.0,0.25341577778695973,0.01010492652939287
8193.0,0.2491829033581759,0.01010492652939287
8194.0,0.245808615652873,0.01010492652939287
8195.0,0.2485875327991072,0.01010492652939287
8196.0,0.2513664499453414,0.01010492652939287
8197.0,0.2540261254871274,0.01010492652939287
8198.0,0.25663977099192176,0.01010492652939287
8199.0,0.2584166216832154,0.01010492652939287
8200.0,0.25841959273240966,0.01010492652939287
8201.0,0.25842256378160383,0.01010492652939287
8202.0,0.25225063471936177,0.01010492652939287
8203.0,0.24553860342805756,0.01010492652939287
8204.0,0.23971919768998645,0.01010492652939287
8205.0,0.23472836335665437,0.01010492652939287
8206.0,0.23063073719266053,0.01010492652939287
8207.0,0.23323217229871063,0.01010492652939287
8208.0,0.2358336074047607,0.01010492652939287
8209.0,0.2429764789090215,0.01010492652939287
8210.0,0.25191462510335927,0.01010492652939287
8211.0,0.2561980567385649,0.01010492652939287
8212.0,0.250393323739861,0.01010492652939287
8213.0,0.24458859074115707,0.01010492652939287
8214.0,0.24571409849891424,0.01010492652939287
8215.0,0.2474853373507673,0.01010492652939287
8216.0,0.24901189588588474,0.01010492652939287
8217.0,0.250306922812876,0.01010492652939287
8218.0,0.25109120274742264,0.01010492652939287
8219.0,0.24786014196478298,0.01010492652939287
8220.0,0.2446290811821433,0.01010492652939287
8221.0,0.24428109886692145,0.01010492652939287
8222.0,0.24509996112535543,0.01010492652939287
8223.0,0.24620838237412535,0.01010492652939287
8224.0,0.24795852895283113,0.01010492652939287
8225.0,0.2497086755315369,0.01010492652939287
8226.0,0.23517209926715704,0.01010492652939287
8227.0,0.21902403987189614,0.01010492652939287
8228.0,0.21601028285640503,0.01010492652939287
8229.0,0.2256661712968606,0.01010492652939287
8230.0,0.23426897858624535,0.01010492652939287
8231.0,0.2341780159285146,0.01010492652939287
8232.0,0.2340870532707838,0.01010492652939287
8233.0,0.23523394024931532,0.01010492652939287
8234.0,0.23689362062554872,0.01010492652939287
8235.0,0.2373114565732532,0.01010492652939287
8236.0,0.23491444514962143,0.01010492652939287
8237.0,0.23251743372598968,0.01010492652939287
8238.0,0.23252064861692134,0.01010492652939287
8239.0,0.23277534610579756,0.01010492652939287
8240.0,0.23421825314708009,0.01010492652939287
8241.0,0.23682956624822607,0.01010492652939287
8242.0,0.23856196767440302,0.01010492652939287
8243.0,0.23266010141212026,0.01010492652939287
8244.0,0.22675823514983748,0.01010492652939287
8245.0,0.22701372034130654,0.01010492652939287
8246.0,0.22987950153366413,0.01010492652939287
8247.0,0.23391248130130926,0.01010492652939287
8248.0,0.2406518737016919,0.01010492652939287
8249.0,0.24739126610207451,0.01010492652939287
8250.0,0.24134534794301638,0.01010492652939287
8251.0,0.233884522082055,0.01010492652939287
8252.0,0.232657178504223,0.01010492652939287
8253.0,0.23767830154190775,0.01010492652939287
8254.0,0.24213288405700917,0.01010492652939287
8255.0,0.24139878446891405,0.01010492652939287
8256.0,0.2406646848808189,0.01010492652939287
8257.0,0.2349993502108525,0.01010492652939287
8258.0,0.22719516658971312,0.01010492652939287
8259.0,0.22279159847707733,0.01010492652939287
8260.0,0.2264558874007928,0.01010492652939287
8261.0,0.2301201763245083,0.01010492652939287
8262.0,0.23094967923339751,0.01010492652939287
8263.0,0.23144858377326216,0.01010492652939287
8264.0,0.2351280201055865,0.01010492652939287
8265.0,0.24205746586659638,0.01010492652939287
8266.0,0.24772939693212132,0.01010492652939287
8267.0,0.24122923062467685,0.01010492652939287
8268.0,0.23472906431723237,0.01010492652939287
8269.0,0.23091080734406955,0.01010492652939287
8270.0,0.22828244428698102,0.01010492652939287
8271.0,0.2244662199736877,0.01010492652939287
8272.0,0.2177658880836125,0.01010492652939287
8273.0,0.21106555619353728,0.01010492652939287
8274.0,0.2139954195188775,0.01010492652939287
8275.0,0.2181063445215867,0.01010492652939287
8276.0,0.2167149271494866,0.01010492652939287
8277.0,0.20959190313695755,0.01010492652939287
8278.0,0.20386640877089857,0.01010492652939287
8279.0,0.21247503604898038,0.01010492652939287
8280.0,0.22108366332706222,0.01010492652939287
8281.0,0.22398202115738775,0.01010492652939287
8282.0,0.22428933176882335,0.01010492652939287
8283.0,0.22285242554334037,0.01010492652939287
8284.0,0.2170805201499764,0.01010492652939287
8285.0,0.21130861475661245,0.01010492652939287
8286.0,0.21623042628912667,0.01010492652939287
8287.0,0.2225288002985517,0.01010492652939287
8288.0,0.22593328486593006,0.01010492652939287
8289.0,0.22626480267430665,0.01010492652939287
8290.0,0.2268910829288926,0.01010492652939287
8291.0,0.230730273847131,0.01010492652939287
8292.0,0.23456946476536938,0.01010492652939287
8293.0,0.22702426439534248,0.01010492652939287
8294.0,0.21419702659102483,0.01010492652939287
8295.0,0.2066387600805801,0.01010492652939287
8296.0,0.21248834392635418,0.01010492652939287
8297.0,0.21833792777212827,0.01010492652939287
8298.0,0.22123262115559073,0.01010492652939287
8299.0,0.22372876664291114,0.01010492652939287
8300.0,0.22679725368962897,0.01010492652939287
8301.0,0.23048530047439297,0.01010492652939287
8302.0,0.23358460148824353,0.01010492652939287
8303.0,0.22984196301294374,0.01010492652939287
8304.0,0.22609932453764395,0.01010492652939287
8305.0,0.22764016116418054,0.01010492652939287
8306.0,0.2316871417328306,0.01010492652939287
8307.0,0.23283645579380916,0.01010492652939287
8308.0,0.226434275319649,0.01010492652939287
8309.0,0.22003209484548883,0.01010492652939287
8310.0,0.2155345545322856,0.01010492652939287
8311.0,0.21130575111850358,0.01010492652939287
8312.0,0.21080116115310152,0.01010492652939287
8313.0,0.21440637239211183,0.01010492652939287
8314.0,0.21757242509237903,0.01010492652939287
8315.0,0.21527732886742373,0.01010492652939287
8316.0,0.21298223264246843,0.01010492652939287
8317.0,0.2190565285237534,0.01010492652939287
8318.0,0.22918871148685047,0.01010492652939287
8319.0,0.23279763175450968,0.01010492652939287
8320.0,0.2189920269410012,0.01010492652939287
8321.0,0.20518642212749266,0.01010492652939287
8322.0,0.20629563824305774,0.01010492652939287
8323.0,0.2096030442200516,0.01010492652939287
8324.0,0.21095571688936465,0.01010492652939287
8325.0,0.21010931458753299,0.01010492652939287
8326.0,0.2092440149548148,0.01010492652939287
8327.0,0.20812620788352648,0.01010492652939287
8328.0,0.20700840081223823,0.01010492652939287
8329.0,0.2081863627885488,0.01010492652939287
8330.0,0.21050190511878397,0.01010492652939287
8331.0,0.2115101592017334,0.01010492652939287
8332.0,0.2089424230118215,0.01010492652939287
8333.0,0.20637468682190963,0.01010492652939287
8334.0,0.2077733991230304,0.01010492652939287
8335.0,0.20978191167692065,0.01010492652939287
8336.0,0.20577310243991762,0.01010492652939287
8337.0,0.19486298341696595,0.01010492652939287
8338.0,0.18532280480149227,0.01010492652939287
8339.0,0.1955452850271028,0.01010492652939287
8340.0,0.20576776525271334,0.01010492652939287
8341.0,0.2065818874732645,0.01010492652939287
8342.0,0.20263228412165135,0.01010492652939287
8343.0,0.20075056802812083,0.01010492652939287
8344.0,0.2046664901832952,0.01010492652939287
8345.0,0.20858241233846955,0.01010492652939287
8346.0,0.2015683217646505,0.01010492652939287
8347.0,0.19280360241111633,0.01010492652939287
8348.0,0.1877494330504125,0.01010492652939287
8349.0,0.18703390157194485,0.01010492652939287
8350.0,0.18708515089965574,0.01010492652939287
8351.0,0.19914418765196035,0.01010492652939287
8352.0,0.21120322440426498,0.01010492652939287
8353.0,0.21088929057742858,0.01010492652939287
8354.0,0.20417476723427658,0.01010492652939287
8355.0,0.19992432852489267,0.01010492652939287
8356.0,0.2027567005302534,0.01010492652939287
8357.0,0.20558907253561415,0.01010492652939287
8358.0,0.20950579521861387,0.01010492652939287
8359.0,0.21360324301455302,0.01010492652939287
8360.0,0.21163688309167958,0.01010492652939287
8361.0,0.2024418260724525,0.01010492652939287
8362.0,0.19396092332057474,0.01010492652939287
8363.0,0.19769826857763667,0.01010492652939287
8364.0,0.20143561383469857,0.01010492652939287
8365.0,0.2038950752274658,0.01010492652939287
8366.0,0.20567925120204164,0.01010492652939287
8367.0,0.20537921514775592,0.01010492652939287
8368.0,0.19893519861029227,0.01010492652939287
8369.0,0.19249118207282856,0.01010492652939287
8370.0,0.19833539727556465,0.01010492652939287
8371.0,0.20630841882201473,0.01010492652939287
8372.0,0.2078958235761209,0.01010492652939287
8373.0,0.20172198664382157,0.01010492652939287
8374.0,0.19585673229468936,0.01010492652939287
8375.0,0.19580311659524216,0.01010492652939287
8376.0,0.19574950089579496,0.01010492652939287
8377.0,0.19623851093610836,0.01010492652939287
8378.0,0.19702039845518335,0.01010492652939287
8379.0,0.19809825146421492,0.01010492652939287
8380.0,0.20007114986799174,0.01010492652939287
8381.0,0.20204404827176856,0.01010492652939287
8382.0,0.19077317089570126,0.01010492652939287
8383.0,0.17711991459038368,0.01010492652939287
8384.0,0.17504660638337277,0.01010492652939287
8385.0,0.18732371772821158,0.01010492652939287
8386.0,0.1990093276864725,0.01010492652939287
8387.0,0.19832010600450573,0.01010492652939287
8388.0,0.19763088432253892,0.01010492652939287
8389.0,0.19755506164147765,0.01010492652939287
8390.0,0.19781735088642693,0.01010492652939287
8391.0,0.19822358913505753,0.01010492652939287
8392.0,0.19907656567097276,0.01010492652939287
8393.0,0.19992954220688797,0.01010492652939287
8394.0,0.19780000790778787,0.01010492652939287
8395.0,0.19511390819645377,0.01010492652939287
8396.0,0.19281652396527976,0.01010492652939287
8397.0,0.19101031554463418,0.01010492652939287
8398.0,0.18940784745436598,0.01010492652939287
8399.0,0.19259327712791124,0.01010492652939287
8400.0,0.19577870680145654,0.01010492652939287
8401.0,0.193507882803778,0.01010492652939287
8402.0,0.1881659967022088,0.01010492652939287
8403.0,0.1827996768339256,0.01010492652939287
8404.0,0.1773555127038507,0.01010492652939287
8405.0,0.1719113485737758,0.01010492652939287
8406.0,0.1777238104023472,0.01010492652939287
8407.0,0.1857134133547264,0.01010492652939287
8408.0,0.1858944318974958,0.01010492652939287
8409.0,0.1760143897586682,0.01010492652939287
8410.0,0.1666634259065626,0.01010492652939287
8411.0,0.17147412419538227,0.01010492652939287
8412.0,0.17628482248420194,0.01010492652939287
8413.0,0.17839801378485445,0.01010492652939287
8414.0,0.17896103093729374,0.01010492652939287
8415.0,0.17946440813461756,0.01010492652939287
8416.0,0.17977265563264033,0.01010492652939287
8417.0,0.1800809031306631,0.01010492652939287
8418.0,0.18707053632362924,0.01010492652939287
8419.0,0.19539837212696287,0.01010492652939287
8420.0,0.19634348036732033,0.01010492652939287
8421.0,0.18758850489301968,0.01010492652939287
8422.0,0.17879853037615273,0.01010492652939287
8423.0,0.16892223942275286,0.01010492652939287
8424.0,0.15904594846935297,0.01010492652939287
8425.0,0.16296350177905397,0.01010492652939287
8426.0,0.17497344372311388,0.01010492652939287
8427.0,0.18272401357702256,0.01010492652939287
8428.0,0.1761577411174593,0.01010492652939287
8429.0,0.16959146865789607,0.01010492652939287
8430.0,0.16502617708526476,0.01010492652939287
8431.0,0.16087558155151735,0.01010492652939287
8432.0,0.16170022916224536,0.01010492652939287
8433.0,0.1691911435705055,0.01010492652939287
8434.0,0.1763424950309651,0.01010492652939287
8435.0,0.17097632146190678,0.01010492652939287
8436.0,0.16561014789284845,0.01010492652939287
8437.0,0.16527734005894051,0.01010492652939287
8438.0,0.1679587550836999,0.01010492652939287
8439.0,0.17113701804782222,0.01010492652939287
8440.0,0.17603166480246493,0.01010492652939287
8441.0,0.18092631155710764,0.01010492652939287
8442.0,0.1855610840918281,0.01010492652939287
8443.0,0.19014016929370847,0.01010492652939287
8444.0,0.18975924502280594,0.01010492652939287
8445.0,0.18260058053482497,0.01010492652939287
8446.0,0.17563942370992053,0.01010492652939287
8447.0,0.17762097496314805,0.01010492652939287
8448.0,0.17960252621637557,0.01010492652939287
8449.0,0.1802880072434281,0.01010492652939287
8450.0,0.1801813060819501,0.01010492652939287
8451.0,0.17945053650036374,0.01010492652939287
8452.0,0.17650313045390134,0.01010492652939287
8453.0,0.1735557244074389,0.01010492652939287
8454.0,0.16727194731593067,0.01010492652939287
8455.0,0.16024947223645028,0.01010492652939287
8456.0,0.15905798723412204,0.01010492652939287
8457.0,0.16599302575885716,0.01010492652939287
8458.0,0.1727812309373765,0.01010492652939287
8459.0,0.17097968536253424,0.01010492652939287
8460.0,0.16917813978769203,0.01010492652939287
8461.0,0.16811171040524897,0.01010492652939287
8462.0,0.1675038330336574,0.01010492652939287
8463.0,0.16666272382033992,0.01010492652939287
8464.0,0.16496947145345175,0.01010492652939287
8465.0,0.1632762190865636,0.01010492652939287
8466.0,0.16807359694522547,0.01010492652939287
8467.0,0.17435482094689655,0.01010492652939287
8468.0,0.17726926977877988,0.01010492652939287
8469.0,0.17539780855827006,0.01010492652939287
8470.0,0.173566825700805,0.01010492652939287
8471.0,0.17506721212218734,0.01010492652939287
8472.0,0.17656759854356965,0.01010492652939287
8473.0,0.1708125994314697,0.01010492652939287
8474.0,0.16043924096212966,0.01010492652939287
8475.0,0.15324045937686864,0.01010492652939287
8476.0,0.15797808687574894,0.01010492652939287
8477.0,0.16271571437462923,0.01010492652939287
8478.0,0.1698605836039463,0.01010492652939287
8479.0,0.17757333330082792,0.01010492652939287
8480.0,0.18217989702101206,0.01010492652939287
8481.0,0.18228249107500008,0.01010492652939287
8482.0,0.18229384265221155,0.01010492652939287
8483.0,0.1697289395127323,0.01010492652939287
8484.0,0.15716403637325307,0.01010492652939287
8485.0,0.15446873021771654,0.01010492652939287
8486.0,0.15818377616264523,0.01010492652939287
8487.0,0.16034910396804652,0.01010492652939287
8488.0,0.15651493815727732,0.01010492652939287
8489.0,0.15268077234650815,0.01010492652939287
8490.0,0.15923052890472048,0.01010492652939287
8491.0,0.16830652329298632,0.01010492652939287
8492.0,0.171866970205347,0.01010492652939287
8493.0,0.1672690031429716,0.01010492652939287
8494.0,0.1626817096084721,0.01010492652939287
8495.0,0.162529266906737,0.01010492652939287
8496.0,0.1623768242050019,0.01010492652939287
8497.0,0.15892806439174242,0.01010492652939287
8498.0,0.15329491878801388,0.01010492652939287
8499.0,0.15006600395869038,0.01010492652939287
8500.0,0.1564252190440186,0.01010492652939287
8501.0,0.16278443412934682,0.01010492652939287
8502.0,0.1651094353124292,0.01010492652939287
8503.0,0.16642285433082996,0.01010492652939287
8504.0,0.16665724044691085,0.01010492652939287
8505.0,0.1652633269122125,0.01010492652939287
8506.0,0.1638694133775141,0.01010492652939287
8507.0,0.163884537011921,0.01010492652939287
8508.0,0.16390305183085016,0.01010492652939287
8509.0,0.16584658419913584,0.01010492652939287
8510.0,0.16909153688247602,0.01010492652939287
8511.0,0.16992922659740103,0.01010492652939287
8512.0,0.16087203171829365,0.01010492652939287
8513.0,0.15181483683918626,0.01010492652939287
8514.0,0.15299299323811003,0.01010492652939287
8515.0,0.15681502436293512,0.01010492652939287
8516.0,0.15753191532900138,0.01010492652939287
8517.0,0.1534680264774688,0.01010492652939287
8518.0,0.14940413762593624,0.01010492652939287
8519.0,0.1546556286687903,0.01010492652939287
8520.0,0.15997470408814,0.01010492652939287
8521.0,0.1593086049794293,0.01010492652939287
8522.0,0.1545147992996286,0.01010492652939287
8523.0,0.15080895531620073,0.01010492652939287
8524.0,0.15171497412112794,0.01010492652939287
8525.0,0.1526209929260551,0.01010492652939287
8526.0,0.14557406139484175,0.01010492652939287
8527.0,0.13641198349763425,0.01010492652939287
8528.0,0.1353575903572361,0.01010492652939287
8529.0,0.14704026987488503,0.01010492652939287
8530.0,0.15872294939253392,0.01010492652939287
8531.0,0.15064597115208933,0.01010492652939287
8532.0,0.14232889986478534,0.01010492652939287
8533.0,0.1379280811023341,0.01010492652939287
8534.0,0.13628225389111348,0.01010492652939287
8535.0,0.13660547128643116,0.01010492652939287
8536.0,0.14554167089615508,0.01010492652939287
8537.0,0.154477870505879,0.01010492652939287
8538.0,0.14982469237458615,0.01010492652939287
8539.0,0.14145209739981368,0.01010492652939287
8540.0,0.13956621024440966,0.01010492652939287
8541.0,0.14807932656197206,0.01010492652939287
8542.0,0.15659244287953447,0.01010492652939287
8543.0,0.15368306945664797,0.01010492652939287
8544.0,0.1505784397988975,0.01010492652939287
8545.0,0.14803007442187832,0.01010492652939287
8546.0,0.14588084300299214,0.01010492652939287
8547.0,0.1452300687148432,0.01010492652939287
8548.0,0.15134716040788765,0.01010492652939287
8549.0,0.1574642521009321,0.01010492652939287
8550.0,0.15350908700328358,0.01010492652939287
8551.0,0.1467181942245765,0.01010492652939287
8552.0,0.14304216480020754,0.01010492652939287
8553.0,0.14446228839544847,0.01010492652939287
8554.0,0.1458824119906894,0.01010492652939287
8555.0,0.14379007900519516,0.01010492652939287
8556.0,0.1416201702915436,0.01010492652939287
8557.0,0.14357854208526172,0.01010492652939287
8558.0,0.14855802560162487,0.01010492652939287
8559.0,0.15125455679677072,0.01010492652939287
8560.0,0.14329731049295744,0.01010492652939287
8561.0,0.13534006418914415,0.01010492652939287
8562.0,0.13779586707427413,0.01010492652939287
8563.0,0.14326597367197239,0.01010492652939287
8564.0,0.1440165054781163,0.01010492652939287
8565.0,0.13688595245604934,0.01010492652939287
8566.0,0.12975539943398237,0.01010492652939287
8567.0,0.1377512804047183,0.01010492652939287
8568.0,0.14615749620632776,0.01010492652939287
8569.0,0.14666965289043032,0.01010492652939287
8570.0,0.14129022666924018,0.01010492652939287
8571.0,0.13698249075406566,0.01010492652939287
8572.0,0.1378458479238866,0.01010492652939287
8573.0,0.13870920509370757,0.01010492652939287
8574.0,0.1394478695255348,0.01010492652939287
8575.0,0.14014943689668197,0.01010492652939287
8576.0,0.13922454627436204,0.01010492652939287
8577.0,0.13552728407227088,0.01010492652939287
8578.0,0.1318300218701797,0.01010492652939287
8579.0,0.13964642919798084,0.01010492652939287
8580.0,0.14783378498646482,0.01010492652939287
8581.0,0.14835791350366032,0.01010492652939287
8582.0,0.14304956460510115,0.01010492652939287
8583.0,0.13734123871960813,0.01010492652939287
8584.0,0.12963590543172127,0.01010492652939287
8585.0,0.12193057214383435,0.01010492652939287
8586.0,0.12774806679921114,0.01010492652939287
8587.0,0.13769871419586474,0.01010492652939287
8588.0,0.14261745967612602,0.01010492652939287
8589.0,0.1387800337295282,0.01010492652939287
8590.0,0.1349426077829304,0.01010492652939287
8591.0,0.13088732120137767,0.01010492652939287
8592.0,0.12682389536820754,0.01010492652939287
8593.0,0.12685512248040984,0.01010492652939287
8594.0,0.13006428919198712,0.01010492652939287
8595.0,0.13351734936355197,0.01010492652939287
8596.0,0.13823142905416322,0.01010492652939287
8597.0,0.14294550874477444,0.01010492652939287
8598.0,0.14072797200936918,0.01010492652939287
8599.0,0.1363347386355199,0.01010492652939287
8600.0,0.13517724830643255,0.01010492652939287
8601.0,0.13976859478684886,0.01010492652939287
8602.0,0.1443599412672652,0.01010492652939287
8603.0,0.14612196483754858,0.01010492652939287
8604.0,0.1477635916882505,0.01010492652939287
8605.0,0.1434454843450157,0.01010492652939287
8606.0,0.13441085617733192,0.01010492652939287
8607.0,0.12757820514141804,0.01010492652939287
8608.0,0.1325454620940339,0.01010492652939287
8609.0,0.13751271904664975,0.01010492652939287
8610.0,0.1349437310247903,0.01010492652939287
8611.0,0.12994639740003183,0.01010492652939287
8612.0,0.12594612435316552,0.01010492652939287
8613.0,0.12375470782766743,0.01010492652939287
8614.0,0.12156329130216934,0.01010492652939287
8615.0,0.12621045375915546,0.01010492652939287
8616.0,0.1311844916895187,0.01010492652939287
8617.0,0.13009437723310227,0.01010492652939287
8618.0,0.12411084696783832,0.01010492652939287
8619.0,0.119576389368463,0.01010492652939287
8620.0,0.12309740658885898,0.01010492652939287
8621.0,0.12661842380925498,0.01010492652939287
8622.0,0.12838000123398816,0.01010492652939287
8623.0,0.12955978307133587,0.01010492652939287
8624.0,0.13156955736086492,0.01010492652939287
8625.0,0.1351170916388418,0.01010492652939287
8626.0,0.1386646259168187,0.01010492652939287
8627.0,0.1343929911896471,0.01010492652939287
8628.0,0.1297061793471605,0.01010492652939287
8629.0,0.12582608041787136,0.01010492652939287
8630.0,0.12260971027493084,0.01010492652939287
8631.0,0.1202142427815719,0.01010492652939287
8632.0,0.12255731903778572,0.01010492652939287
8633.0,0.12490039529399953,0.01010492652939287
8634.0,0.12563597086374687,0.01010492652939287
8635.0,0.1258262367150942,0.01010492652939287
8636.0,0.1252188584936134,0.01010492652939287
8637.0,0.12310204964820606,0.01010492652939287
8638.0,0.12098524080279871,0.01010492652939287
8639.0,0.1200686850124566,0.01010492652939287
8640.0,0.11922228378441725,0.01010492652939287
8641.0,0.11864618295516788,0.01010492652939287
8642.0,0.11829682418229924,0.01010492652939287
8643.0,0.11897408362682702,0.01010492652939287
8644.0,0.12581105237565485,0.01010492652939287
8645.0,0.13264802112448268,0.01010492652939287
8646.0,0.13287980073931643,0.01010492652939287
8647.0,0.13081365856805408,0.01010492652939287
8648.0,0.12950191361168228,0.01010492652939287
8649.0,0.12964849284888014,0.01010492652939287
8650.0,0.12979507208607796,0.01010492652939287
8651.0,0.13083024044535524,0.01010492652939287
8652.0,0.13192215140501964,0.01010492652939287
8653.0,0.13378805682715036,0.01010492652939287
8654.0,0.13631590851562278,0.01010492652939287
8655.0,0.1379737116013813,0.01010492652939287
8656.0,0.1341993851502009,0.01010492652939287
8657.0,0.13042505869902055,0.01010492652939287
8658.0,0.12109738358555865,0.01010492652939287
8659.0,0.10978895381894338,0.01010492652939287
8660.0,0.10447532848011203,0.01010492652939287
8661.0,0.11100144188619773,0.01010492652939287
8662.0,0.11752755529228343,0.01010492652939287
8663.0,0.12430071842872772,0.01010492652939287
8664.0,0.1310910069636817,0.01010492652939287
8665.0,0.12668833451648487,0.01010492652939287
8666.0,0.11252640620170694,0.01010492652939287
8667.0,0.10138835907401327,0.01010492652939287
8668.0,0.10991916074871196,0.01010492652939287
8669.0,0.11844996242341065,0.01010492652939287
8670.0,0.11787359216275076,0.01010492652939287
8671.0,0.1139678787191805,0.01010492652939287
8672.0,0.11126736289165783,0.01010492652939287
8673.0,0.11099907558638109,0.01010492652939287
8674.0,0.11073078828110432,0.01010492652939287
8675.0,0.11360136037559376,0.01010492652939287
8676.0,0.11670684065742058,0.01010492652939287
8677.0,0.11748867247852339,0.01010492652939287
8678.0,0.11620503900120838,0.01010492652939287
8679.0,0.11500145098601698,0.01010492652939287
8680.0,0.11434097517178095,0.01010492652939287
8681.0,0.11368049935754493,0.01010492652939287
8682.0,0.11480679918487675,0.01010492652939287
8683.0,0.1166024027591281,0.01010492652939287
8684.0,0.11899873020976322,0.01010492652939287
8685.0,0.1226340506554403,0.01010492652939287
8686.0,0.12626937110111736,0.01010492652939287
8687.0,0.12310625473272382,0.01010492652939287
8688.0,0.11939644175931065,0.01010492652939287
8689.0,0.1177525164748047,0.01010492652939287
8690.0,0.11798065417612172,0.01010492652939287
8691.0,0.11751502263178402,0.01010492652939287
8692.0,0.11213238575413906,0.01010492652939287
8693.0,0.1067497488764941,0.01010492652939287
8694.0,0.1093680122517199,0.01010492652939287
8695.0,0.1150563885146494,0.01010492652939287
8696.0,0.1191096002380036,0.01010492652939287
8697.0,0.11971554343576533,0.01010492652939287
8698.0,0.12032148663352707,0.01010492652939287
8699.0,0.11733218901387443,0.01010492652939287
8700.0,0.11403352256247873,0.01010492652939287
8701.0,0.11374620500392624,0.01010492652939287
8702.0,0.11624073399764075,0.01010492652939287
8703.0,0.11791940680221555,0.01010492652939287
8704.0,0.11354920644689452,0.01010492652939287
8705.0,0.10917900609157348,0.01010492652939287
8706.0,0.11478764732844259,0.01010492652939287
8707.0,0.12431773969267278,0.01010492652939287
8708.0,0.1292478062909815,0.01010492652939287
8709.0,0.12426342341655883,0.01010492652939287
8710.0,0.11927904054213613,0.01010492652939287
8711.0,0.11738333873420519,0.01010492652939287
8712.0,0.1157710021617348,0.01010492652939287
8713.0,0.11504079002005368,0.01010492652939287
8714.0,0.11514129645654661,0.01010492652939287
8715.0,0.11517707090171327,0.01010492652939287
8716.0,0.1147099799826831,0.01010492652939287
8717.0,0.11424288906365297,0.01010492652939287
8718.0,0.11095517828341286,0.01010492652939287
8719.0,0.1065325716330934,0.01010492652939287
8720.0,0.10276928034546323,0.01010492652939287
8721.0,0.10045901868406047,0.01010492652939287
8722.0,0.0981487570226577,0.01010492652939287
8723.0,0.1006783332384658,0.01010492652939287
8724.0,0.10367977770580891,0.01010492652939287
8725.0,0.10467021065002453,0.01010492652939287
8726.0,0.10373007253203864,0.01010492652939287
8727.0,0.10236427383301183,0.01010492652939287
8728.0,0.0975277042424401,0.01010492652939287
8729.0,0.09269113465186839,0.01010492652939287
8730.0,0.09737052553295575,0.01010492652939287
8731.0,0.10596920182865742,0.01010492652939287
8732.0,0.11029585877530679,0.01010492652939287
8733.0,0.10499378461107088,0.01010492652939287
8734.0,0.09969171044683496,0.01010492652939287
8735.0,0.0966215046702911,0.01010492652939287
8736.0,0.09378187602519078,0.01010492652939287
8737.0,0.09529584314795572,0.01010492652939287
8738.0,0.10107033629532156,0.01010492652939287
8739.0,0.10617126119035425,0.01010492652939287
8740.0,0.10549653187578292,0.01010492652939287
8741.0,0.10482180256121161,0.01010492652939287
8742.0,0.10987347216150373,0.01010492652939287
8743.0,0.11733882867642784,0.01010492652939287
8744.0,0.11876256147270378,0.01010492652939287
8745.0,0.10625699513987324,0.01010492652939287
8746.0,0.0937514288070427,0.01010492652939287
8747.0,0.09854179091631692,0.01010492652939287
8748.0,0.10522065653057891,0.01010492652939287
8749.0,0.10683852694997169,0.01010492652939287
8750.0,0.10340753885360032,0.01010492652939287
8751.0,0.10092071638447117,0.01010492652939287
8752.0,0.10696551102885246,0.01010492652939287
8753.0,0.11301030567323375,0.01010492652939287
8754.0,0.11329691171459844,0.01010492652939287
8755.0,0.11110017524847562,0.01010492652939287
8756.0,0.1072541526453485,0.01010492652939287
8757.0,0.09951767685614939,0.01010492652939287
8758.0,0.09178120106695029,0.01010492652939287
8759.0,0.0969456370018211,0.01010492652939287
8760.0,0.10359531846314497,0.01010492652939287
8761.0,0.1080340468375896,0.01010492652939287
8762.0,0.1102243483440162,0.01010492652939287
8763.0,0.11245260290060977,0.01010492652939287
8764.0,0.1150430928980301,0.01010492652939287
8765.0,0.11763358289545042,0.01010492652939287
8766.0,0.11426744548960428,0.01010492652939287
8767.0,0.10827338422937954,0.01010492652939287
8768.0,0.10522796114097227,0.01010492652939287
8769.0,0.10930035724598432,0.01010492652939287
8770.0,0.11337275335099636,0.01010492652939287
8771.0,0.1068394957214742,0.01010492652939287
8772.0,0.099021569402724,0.01010492652939287
8773.0,0.09798987253553451,0.01010492652939287
8774.0,0.1039932888406289,0.01010492652939287
8775.0,0.10964223131786811,0.01010492652939287
8776.0,0.11170862497492798,0.01010492652939287
8777.0,0.11377501863198783,0.01010492652939287
8778.0,0.11456039118869824,0.01010492652939287
8779.0,0.11476774202939914,0.01010492652939287
8780.0,0.11368102314642643,0.01010492652939287
8781.0,0.10939687365453249,0.01010492652939287
8782.0,0.10511272416263856,0.01010492652939287
8783.0,0.10273270913993322,0.01010492652939287
8784.0,0.10059489796039563,0.01010492652939287
8785.0,0.10002907393835435,0.01010492652939287
8786.0,0.10112451041855498,0.01010492652939287
8787.0,0.10209544593720557,0.01010492652939287
8788.0,0.10173018803754061,0.01010492652939287
8789.0,0.10136493013787563,0.01010492652939287
8790.0,0.10163725564627356,0.01010492652939287
8791.0,0.10220376437628506,0.01010492652939287
8792.0,0.1001021794035065,0.01010492652939287
8793.0,0.09125122180120142,0.01010492652939287
8794.0,0.08240026419889633,0.01010492652939287
8795.0,0.08346531296350143,0.01010492652939287
8796.0,0.08585249591035986,0.01010492652939287
8797.0,0.08653077391837928,0.01010492652939287
8798.0,0.085368037129449,0.01010492652939287
8799.0,0.0851093630484929,0.01010492652939287
8800.0,0.09518668947971638,0.01010492652939287
8801.0,0.10526401591093985,0.01010492652939287
8802.0,0.09757549867119816,0.01010492652939287
8803.0,0.08150627425810544,0.01010492652939287
8804.0,0.07384079293017444,0.01010492652939287
8805.0,0.08794535295647234,0.01010492652939287
8806.0,0.10204991298277026,0.01010492652939287
8807.0,0.101098085625005,0.01010492652939287
8808.0,0.09804536700435665,0.01010492652939287
8809.0,0.09823746333746655,0.01010492652939287
8810.0,0.10199313478350687,0.01010492652939287
8811.0,0.10484498935630716,0.01010492652939287
8812.0,0.09665019325610127,0.01010492652939287
8813.0,0.08845539715589541,0.01010492652939287
8814.0,0.08924244883454113,0.01010492652939287
8815.0,0.09436060504711746,0.01010492652939287
8816.0,0.09594106520419983,0.01010492652939287
8817.0,0.08813421784562722,0.01010492652939287
8818.0,0.08032737048705461,0.01010492652939287
8819.0,0.08487850920693163,0.01010492652939287
8820.0,0.09123150009232033,0.01010492652939287
8821.0,0.09432302300470771,0.01010492652939287
8822.0,0.09376302961146377,0.01010492652939287
8823.0,0.0935301729937197,0.01010492652939287
8824.0,0.09758890729525038,0.01010492652939287
8825.0,0.10164764159678108,0.01010492652939287
8826.0,0.09575963116412617,0.01010492652939287
8827.0,0.08496955119402208,0.01010492652939287
8828.0,0.07811118551725896,0.01010492652939287
8829.0,0.08194216807547337,0.01010492652939287
8830.0,0.08577315063368779,0.01010492652939287
8831.0,0.08474909467286916,0.01010492652939287
8832.0,0.08298637448370147,0.01010492652939287
8833.0,0.0847781409911508,0.01010492652939287
8834.0,0.09062695658160104,0.01010492652939287
8835.0,0.09609932536388843,0.01010492652939287
8836.0,0.09624668293255237,0.01010492652939287
8837.0,0.09639404050121629,0.01010492652939287
8838.0,0.09641546126759235,0.01010492652939287
8839.0,0.09637345898732906,0.01010492652939287
8840.0,0.09583314871767963,0.01010492652939287
8841.0,0.09390437118670353,0.01010492652939287
8842.0,0.09197559365572741,0.01010492652939287
8843.0,0.09138232345528838,0.01010492652939287
8844.0,0.09100080267860665,0.01010492652939287
8845.0,0.09250090236147468,0.01010492652939287
8846.0,0.09619052403363497,0.01010492652939287
8847.0,0.09980149142429905,0.01010492652939287
8848.0,0.10220642649870196,0.01010492652939287
8849.0,0.10461136157310486,0.01010492652939287
8850.0,0.09979703440269658,0.01010492652939287
8851.0,0.09126806865903732,0.01010492652939287
8852.0,0.08395438930989169,0.01010492652939287
8853.0,0.0801121530413427,0.01010492652939287
8854.0,0.07626991677279371,0.01010492652939287
8855.0,0.07629942895116838,0.01010492652939287
8856.0,0.07696791499910442,0.01010492652939287
8857.0,0.07633829720868336,0.01010492652939287
8858.0,0.07416867171501826,0.01010492652939287
8859.0,0.07264030001264281,0.01010492652939287
8860.0,0.08183587469204999,0.01010492652939287
8861.0,0.09103144937145717,0.01010492652939287
8862.0,0.09564424551539843,0.01010492652939287
8863.0,0.09784814524966812,0.01010492652939287
8864.0,0.09754401349919087,0.01010492652939287
8865.0,0.08989324235235983,0.01010492652939287
8866.0,0.08224247120552881,0.01010492652939287
8867.0,0.08314000346775616,0.01010492652939287
8868.0,0.08550433322070164,0.01010492652939287
8869.0,0.08558610466387978,0.01010492652939287
8870.0,0.08290700982255546,0.01010492652939287
8871.0,0.08071644011320613,0.01010492652939287
8872.0,0.08750109957243973,0.01010492652939287
8873.0,0.0942857590316733,0.01010492652939287
8874.0,0.09759568405135738,0.01010492652939287
8875.0,0.09904002286825782,0.01010492652939287
8876.0,0.09727860017368647,0.01010492652939287
8877.0,0.08588448062976538,0.01010492652939287
8878.0,0.07449036108584428,0.01010492652939287
8879.0,0.07475410305559811,0.01010492652939287
8880.0,0.07709548371094253,0.01010492652939287
8881.0,0.08031466941175017,0.01010492652939287
8882.0,0.08461640288980665,0.01010492652939287
8883.0,0.08830685388231398,0.01010492652939287
8884.0,0.07955222042542887,0.01010492652939287
8885.0,0.07079758696854374,0.01010492652939287
8886.0,0.07617689682010016,0.01010492652939287
8887.0,0.08930623134820433,0.01010492652939287
8888.0,0.09710656141696902,0.01010492652939287
8889.0,0.08847579440268462,0.01010492652939287
8890.0,0.0798450273884002,0.01010492652939287
8891.0,0.07592716541172118,0.01010492652939287
8892.0,0.07288082214753533,0.01010492652939287
8893.0,0.07183720918532702,0.01010492652939287
8894.0,0.07331193459742195,0.01010492652939287
8895.0,0.07478200702928561,0.01010492652939287
8896.0,0.07614599151187691,0.01010492652939287
8897.0,0.07750997599446822,0.01010492652939287
8898.0,0.07330055669523973,0.01010492652939287
8899.0,0.06597044876163223,0.01010492652939287
8900.0,0.06153876354327748,0.01010492652939287
8901.0,0.06628058621872732,0.01010492652939287
8902.0,0.07102240889417714,0.01010492652939287
8903.0,0.07377730942868775,0.01010492652939287
8904.0,0.07615131215649941,0.01010492652939287
8905.0,0.07956312827232989,0.01010492652939287
8906.0,0.0843056201843035,0.01010492652939287
8907.0,0.08891046319311305,0.01010492652939287
8908.0,0.08995419586852442,0.01010492652939287
8909.0,0.09099792854393578,0.01010492652939287
8910.0,0.08574099210623919,0.01010492652939287
8911.0,0.07688197502465186,0.01010492652939287
8912.0,0.06994594052453612,0.01010492652939287
8913.0,0.0692595994142105,0.01010492652939287
8914.0,0.0685732583038849,0.01010492652939287
8915.0,0.07816228151234186,0.01010492652939287
8916.0,0.08979159288769045,0.01010492652939287
8917.0,0.09426657588695424,0.01010492652939287
8918.0,0.08938742317014349,0.01010492652939287
8919.0,0.08470116755348014,0.01010492652939287
8920.0,0.08577324759319994,0.01010492652939287
8921.0,0.08684532763291973,0.01010492652939287
8922.0,0.08718704773884574,0.01010492652939287
8923.0,0.08710249313056413,0.01010492652939287
8924.0,0.08593863545189204,0.01010492652939287
8925.0,0.08117147950176326,0.01010492652939287
8926.0,0.07640432355163451,0.01010492652939287
8927.0,0.07259874781557951,0.01010492652939287
8928.0,0.06899077611772696,0.01010492652939287
8929.0,0.07555379260703582,0.01010492652939287
8930.0,0.09567812667916899,0.01010492652939287
8931.0,0.11498141960948421,0.01010492652939287
8932.0,0.10536978537106106,0.01010492652939287
8933.0,0.09575815113263793,0.01010492652939287
8934.0,0.09200013586128938,0.01010492652939287
8935.0,0.09172962154541867,0.01010492652939287
8936.0,0.09108861040545298,0.01010492652939287
8937.0,0.08917647984239939,0.01010492652939287
8938.0,0.08726434927934582,0.01010492652939287
8939.0,0.0788384080717246,0.01010492652939287
8940.0,0.06902816358300816,0.01010492652939287
8941.0,0.06734295418482289,0.01010492652939287
8942.0,0.07670595114197004,0.01010492652939287
8943.0,0.0857022978276919,0.01010492652939287
8944.0,0.07899057499026922,0.01010492652939287
8945.0,0.07227885215284653,0.01010492652939287
8946.0,0.06852749902517898,0.01010492652939287
8947.0,0.0665763707210075,0.01010492652939287
8948.0,0.06655728651107802,0.01010492652939287
8949.0,0.07335285782917246,0.01010492652939287
8950.0,0.08014842914726691,0.01010492652939287
8951.0,0.08076121836702409,0.01010492652939287
8952.0,0.08001614914643936,0.01010492652939287
8953.0,0.07887414644577266,0.01010492652939287
8954.0,0.07718166866098074,0.01010492652939287
8955.0,0.07540554731500228,0.01010492652939287
8956.0,0.06906806376575732,0.01010492652939287
8957.0,0.06273058021651234,0.01010492652939287
8958.0,0.06407169763881669,0.01010492652939287
8959.0,0.07017832811546787,0.01010492652939287
8960.0,0.0752080327078289,0.01010492652939287
8961.0,0.07633088950887816,0.01010492652939287
8962.0,0.07745374630992741,0.01010492652939287
8963.0,0.07532626357683025,0.01010492652939287
8964.0,0.07246159043392626,0.01010492652939287
8965.0,0.07263704200039507,0.01010492652939287
8966.0,0.0771127279383764,0.01010492652939287
8967.0,0.08145750621332276,0.01010492652939287
8968.0,0.07601991185115665,0.01010492652939287
8969.0,0.07058231748899055,0.01010492652939287
8970.0,0.07089233995172141,0.01010492652939287
8971.0,0.07484251973689611,0.01010492652939287
8972.0,0.07773561706548839,0.01010492652939287
8973.0,0.07668267363290036,0.01010492652939287
8974.0,0.07562973020031236,0.01010492652939287
8975.0,0.08062359710682221,0.01010492652939287
8976.0,0.08703286554455533,0.01010492652939287
8977.0,0.08531815256908264,0.01010492652939287
8978.0,0.07188203532591109,0.01010492652939287
8979.0,0.05863234014749814,0.01010492652939287
8980.0,0.06738044860753038,0.01010492652939287
8981.0,0.07612855706756264,0.01010492652939287
8982.0,0.07901809744712786,0.01010492652939287
8983.0,0.0781215671501823,0.01010492652939287
8984.0,0.07747683615221365,0.01010492652939287
8985.0,0.07779977571600964,0.01010492652939287
8986.0,0.07812271527980562,0.01010492652939287
8987.0,0.07357602214805951,0.01010492652939287
8988.0,0.06785365018371353,0.01010492652939287
8989.0,0.06468144125561119,0.01010492652939287
8990.0,0.06526258801291132,0.01010492652939287
8991.0,0.0658404068396273,0.01010492652939287
8992.0,0.06549749820512803,0.01010492652939287
8993.0,0.06515458957062877,0.01010492652939287
8994.0,0.0670921928434086,0.01010492652939287
8995.0,0.0705334802622221,0.01010492652939287
8996.0,0.07268368087224795,0.01010492652939287
8997.0,0.06972332953084166,0.01010492652939287
8998.0,0.06676297818943538,0.01010492652939287
8999.0,0.068149098754706,0.01010492652939287
9000.0,0.07061694995941242,0.01010492652939287
9001.0,0.07075476882409149,0.01010492652939287
9002.0,0.06739404063166739,0.01010492652939287
9003.0,0.06403331243924329,0.01010492652939287
9004.0,0.06382791869501844,0.01010492652939287
9005.0,0.063626317420082,0.01010492652939287
9006.0,0.060115734714309414,0.01010492652939287
9007.0,0.05437923076490704,0.01010492652939287
9008.0,0.05230565866619884,0.01010492652939287
9009.0,0.06517416832436586,0.01010492652939287
9010.0,0.07804267798253288,0.01010492652939287
9011.0,0.07659349207717164,0.01010492652939287
9012.0,0.07147310218119404,0.01010492652939287
9013.0,0.06625865378645039,0.01010492652939287
9014.0,0.06090011577657582,0.01010492652939287
9015.0,0.05554157776670125,0.01010492652939287
9016.0,0.05671131226340975,0.01010492652939287
9017.0,0.05792046869554138,0.01010492652939287
9018.0,0.06118183599887868,0.01010492652939287
9019.0,0.06585150185552793,0.01010492652939287
9020.0,0.0692292178826645,0.01010492652939287
9021.0,0.06717266993939683,0.01010492652939287
9022.0,0.06511612199612914,0.01010492652939287
9023.0,0.06397297581874348,0.01010492652939287
9024.0,0.06307100097256191,0.01010492652939287
9025.0,0.06376392206276447,0.01010492652939287
9026.0,0.06694978818583401,0.01010492652939287
9027.0,0.07013565430890355,0.01010492652939287
9028.0,0.06282988270518013,0.01010492652939287
9029.0,0.05540951797093517,0.01010492652939287
9030.0,0.0571185732855898,0.01010492652939287
9031.0,0.06521822263444026,0.01010492652939287
9032.0,0.07140735156282153,0.01010492652939287
9033.0,0.06930531174339224,0.01010492652939287
9034.0,0.06720327192396294,0.01010492652939287
9035.0,0.0694992882493719,0.01010492652939287
9036.0,0.07299050151184895,0.01010492652939287
9037.0,0.07004157082193756,0.01010492652939287
9038.0,0.05682051021423173,0.01010492652939287
9039.0,0.0435994496065259,0.01010492652939287
9040.0,0.048045852851965866,0.01010492652939287
9041.0,0.05277235003655198,0.01010492652939287
9042.0,0.05577897273283882,0.01010492652939287
9043.0,0.05755761919983396,0.01010492652939287
9044.0,0.05889528451123501,0.01010492652939287
9045.0,0.05825723819790574,0.01010492652939287
9046.0,0.05761919188457648,0.01010492652939287
9047.0,0.058054811865140464,0.01010492652939287
9048.0,0.05879059661603893,0.01010492652939287
9049.0,0.05756791323901255,0.01010492652939287
9050.0,0.05315731328784024,0.01010492652939287
9051.0,0.04874671333666794,0.01010492652939287
9052.0,0.05667042859200919,0.01010492652939287
9053.0,0.06485110874748899,0.01010492652939287
9054.0,0.06727075534328904,0.01010492652939287
9055.0,0.06549512646306045,0.01010492652939287
9056.0,0.0649292831605967,0.01010492652939287
9057.0,0.06996278526870868,0.01010492652939287
9058.0,0.07499628737682065,0.01010492652939287
9059.0,0.07415434086115837,0.01010492652939287
9060.0,0.07162331637945808,0.01010492652939287
9061.0,0.06865571779718833,0.01010492652939287
9062.0,0.06496282038969609,0.01010492652939287
9063.0,0.06126992298220385,0.01010492652939287
9064.0,0.059458175786650684,0.01010492652939287
9065.0,0.057695079027612874,0.01010492652939287
9066.0,0.05778598066834743,0.01010492652939287
9067.0,0.05925380580681753,0.01010492652939287
9068.0,0.06118723289255555,0.01010492652939287
9069.0,0.06534843596208025,0.01010492652939287
9070.0,0.06950963903160494,0.01010492652939287
9071.0,0.0670958423187233,0.01010492652939287
9072.0,0.06273919963591991,0.01010492652939287
9073.0,0.058782035972447653,0.01010492652939287
9074.0,0.055502305985769704,0.01010492652939287
9075.0,0.052222575999091754,0.01010492652939287
9076.0,0.043591592542703166,0.01010492652939287
9077.0,0.03479503812500229,0.01010492652939287
9078.0,0.03433280287432942,0.01010492652939287
9079.0,0.0401828473303516,0.01010492652939287
9080.0,0.04524025096104973,0.01010492652939287
9081.0,0.046374082506433295,0.01010492652939287
9082.0,0.047507914051816855,0.01010492652939287
9083.0,0.05199173059705096,0.01010492652939287
9084.0,0.057492600491222325,0.01010492652939287
9085.0,0.05810235210283471,0.01010492652939287
9086.0,0.05024485632695213,0.01010492652939287
9087.0,0.04238736055106955,0.01010492652939287
9088.0,0.03947860228466033,0.01010492652939287
9089.0,0.03674834325677209,0.01010492652939287
9090.0,0.041607267320926726,0.01010492652939287
9091.0,0.05232762428384072,0.01010492652939287
9092.0,0.05976444952854594,0.01010492652939287
9093.0,0.050373174717426646,0.01010492652939287
9094.0,0.040981899906307344,0.01010492652939287
9095.0,0.04646857480012688,0.01010492652939287
9096.0,0.05659435842083045,0.01010492652939287
9097.0,0.06383003691372816,0.01010492652939287
9098.0,0.06595762262257525,0.01010492652939287
9099.0,0.06808520833142234,0.01010492652939287
9100.0,0.06183185637818156,0.01010492652939287
9101.0,0.05523279074639127,0.01010492652939287
9102.0,0.05355433031670447,0.01010492652939287
9103.0,0.055751110464641505,0.01010492652939287
9104.0,0.05827513849350155,0.01010492652939287
9105.0,0.06253705110210736,0.01010492652939287
9106.0,0.06679896371071317,0.01010492652939287
9107.0,0.06048573209729286,0.01010492652939287
9108.0,0.05078711358555205,0.01010492652939287
9109.0,0.04921094070742532,0.01010492652939287
9110.0,0.0622934575923578,0.01010492652939287
9111.0,0.07537597447729028,0.01010492652939287
9112.0,0.07405381296851936,0.01010492652939287
9113.0,0.07206208726308232,0.01010492652939287
9114.0,0.06599082089545749,0.01010492652939287
9115.0,0.0566435597536552,0.01010492652939287
9116.0,0.04867503184800095,0.01010492652939287
9117.0,0.04830030809452656,0.01010492652939287
9118.0,0.047925584341052166,0.01010492652939287
9119.0,0.04674579080421932,0.01010492652939287
9120.0,0.0453014926814681,0.01010492652939287
9121.0,0.04349086237333755,0.01010492652939287
9122.0,0.0410050805972717,0.01010492652939287
9123.0,0.038519298821205854,0.01010492652939287
9124.0,0.049100095481814376,0.01010492652939287
9125.0,0.06035731855138909,0.01010492652939287
9126.0,0.059910252242420706,0.01010492652939287
9127.0,0.04987997956458308,0.01010492652939287
9128.0,0.04138135537977347,0.01010492652939287
9129.0,0.04164030201402133,0.01010492652939287
9130.0,0.04189924864826919,0.01010492652939287
9131.0,0.0412596817237774,0.01010492652939287
9132.0,0.04031724506038706,0.01010492652939287
9133.0,0.0422599917377253,0.01010492652939287
9134.0,0.04963367176231379,0.01010492652939287
9135.0,0.05700735178690228,0.01010492652939287
9136.0,0.05872177114879359,0.01010492652939287
9137.0,0.06011300938147366,0.01010492652939287
9138.0,0.06058383528396461,0.01010492652939287
9139.0,0.0602862993513449,0.01010492652939287
9140.0,0.06067362041503645,0.01010492652939287
9141.0,0.0651301334651557,0.01010492652939287
9142.0,0.06958664651527494,0.01010492652939287
9143.0,0.06035325718558295,0.01010492652939287
9144.0,0.04638700984413281,0.01010492652939287
9145.0,0.037952771595600114,0.01010492652939287
9146.0,0.04015551925202076,0.01010492652939287
9147.0,0.042358266908441404,0.01010492652939287
9148.0,0.0443542937482783,0.01010492652939287
9149.0,0.04633740053707852,0.01010492652939287
9150.0,0.042937835587642706,0.01010492652939287
9151.0,0.034957018914356305,0.01010492652939287
9152.0,0.028395647230527732,0.01010492652939287
9153.0,0.030607913972915318,0.01010492652939287
9154.0,0.032820180715302905,0.01010492652939287
9155.0,0.03951688940907444,0.01010492652939287
9156.0,0.047803205168536,0.01010492652939287
9157.0,0.053248137427812696,0.01010492652939287
9158.0,0.0531114195372825,0.01010492652939287
9159.0,0.05297470164675232,0.01010492652939287
9160.0,0.05652483120213458,0.01010492652939287
9161.0,0.060325477314741104,0.01010492652939287
9162.0,0.057415531919565874,0.01010492652939287
9163.0,0.04868271900530551,0.01010492652939287
9164.0,0.04148889900213427,0.01010492652939287
9165.0,0.044202345864065525,0.01010492652939287
9166.0,0.046915792725996774,0.01010492652939287
9167.0,0.045204340919799996,0.01010492652939287
9168.0,0.04188515179064192,0.01010492652939287
9169.0,0.03987736150320038,0.01010492652939287
9170.0,0.04050183748287147,0.01010492652939287
9171.0,0.04112631346254257,0.01010492652939287
9172.0,0.044163308850209054,0.01010492652939287
9173.0,0.04737751249336002,0.01010492652939287
9174.0,0.05219071984153694,0.01010492652939287
9175.0,0.05841843046723491,0.01010492652939287
9176.0,0.06360761813855799,0.01010492652939287
9177.0,0.06182523968102336,0.01010492652939287
9178.0,0.06004286122348873,0.01010492652939287
9179.0,0.05251392200758176,0.01010492652939287
9180.0,0.04284540662792497,0.01010492652939287
9181.0,0.03741176934706488,0.01010492652939287
9182.0,0.04066506149956881,0.01010492652939287
9183.0,0.043918353652072736,0.01010492652939287
9184.0,0.04337715777728655,0.01010492652939287
9185.0,0.042536138366666455,0.01010492652939287
9186.0,0.0472892050657456,0.01010492652939287
9187.0,0.057087166772415855,0.01010492652939287
9188.0,0.06510770380177502,0.01010492652939287
9189.0,0.06066917746819038,0.01010492652939287
9190.0,0.056230651134605736,0.01010492652939287
9191.0,0.0510463980394881,0.01010492652939287
9192.0,0.045577705217748905,0.01010492652939287
9193.0,0.04256053068836458,0.01010492652939287
9194.0,0.04468334246710972,0.01010492652939287
9195.0,0.04680615424585487,0.01010492652939287
9196.0,0.046989610495446366,0.01010492652939287
9197.0,0.04700892858176463,0.01010492652939287
9198.0,0.04757460012328854,0.01010492652939287
9199.0,0.04864256435750302,0.01010492652939287
9200.0,0.04895128188323148,0.01010492652939287
9201.0,0.04369472103583774,0.01010492652939287
9202.0,0.038438160188444,0.01010492652939287
9203.0,0.0414323602755547,0.01010492652939287
9204.0,0.04764972907497369,0.01010492652939287
9205.0,0.05242623781519215,0.01010492652939287
9206.0,0.05411441254173629,0.01010492652939287
9207.0,0.05580258726828043,0.01010492652939287
9208.0,0.05109042108745635,0.01010492652939287
9209.0,0.0458002136466814,0.01010492652939287
9210.0,0.04281379588311599,0.01010492652939287
9211.0,0.04198651123563611,0.01010492652939287
9212.0,0.040234700599488506,0.01010492652939287
9213.0,0.031385226904511974,0.01010492652939287
9214.0,0.022535753209535443,0.01010492652939287
9215.0,0.027266652261819124,0.01010492652939287
9216.0,0.03742970041299305,0.01010492652939287
9217.0,0.04317941267801012,0.01010492652939287
9218.0,0.039256986525817134,0.01010492652939287
9219.0,0.03533456037362415,0.01010492652939287
9220.0,0.04159387842742681,0.01010492652939287
9221.0,0.04883117980626196,0.01010492652939287
9222.0,0.049505419995851146,0.01010492652939287
9223.0,0.04390931768773395,0.01010492652939287
9224.0,0.03931257997977389,0.01010492652939287
9225.0,0.04276507236652043,0.01010492652939287
9226.0,0.046217564753266965,0.01010492652939287
9227.0,0.049322790009579176,0.01010492652939287
9228.0,0.05228581789606949,0.01010492652939287
9229.0,0.05556213088659007,0.01010492652939287
9230.0,0.059540592592759886,0.01010492652939287
9231.0,0.0635190542989297,0.01010492652939287
9232.0,0.0645349752702006,0.01010492652939287
9233.0,0.06524915598143535,0.01010492652939287
9234.0,0.0574045349378604,0.01010492652939287
9235.0,0.0412242088676948,0.01010492652939287
9236.0,0.026724307164468098,0.01010492652939287
9237.0,0.02645072538604317,0.01010492652939287
9238.0,0.026177143607618247,0.01010492652939287
9239.0,0.03149961624552595,0.01010492652939287
9240.0,0.039167283749548504,0.01010492652939287
9241.0,0.046219401227026446,0.01010492652939287
9242.0,0.05186037635116027,0.01010492652939287
9243.0,0.057501351475294095,0.01010492652939287
9244.0,0.051394599778358314,0.01010492652939287
9245.0,0.04402246793181741,0.01010492652939287
9246.0,0.04147950149565782,0.01010492652939287
9247.0,0.043731041387972125,0.01010492652939287
9248.0,0.04610002235746535,0.01010492652939287
9249.0,0.049516186265144355,0.01010492652939287
9250.0,0.05293235017282335,0.01010492652939287
9251.0,0.051221792312303914,0.01010492652939287
9252.0,0.047312811738166025,0.01010492652939287
9253.0,0.044703337903307765,0.01010492652939287
9254.0,0.045141703167800265,0.01010492652939287
9255.0,0.045580068432292765,0.01010492652939287
9256.0,0.044193547053089755,0.01010492652939287
9257.0,0.04259965219165022,0.01010492652939287
9258.0,0.04121650270825739,0.01010492652939287
9259.0,0.04004664383694468,0.01010492652939287
9260.0,0.039389435035452544,0.01010492652939287
9261.0,0.04355754501615974,0.01010492652939287
9262.0,0.047725654996866936,0.01010492652939287
9263.0,0.051515957646259956,0.01010492652939287
9264.0,0.05514052098277956,0.01010492652939287
9265.0,0.05543203169007328,0.01010492652939287
9266.0,0.04772421608724963,0.01010492652939287
9267.0,0.04001640048442597,0.01010492652939287
9268.0,0.041240968394494065,0.01010492652939287
9269.0,0.04353406067640826,0.01010492652939287
9270.0,0.0449010295796862,0.01010492652939287
9271.0,0.04531251021671835,0.01010492652939287
9272.0,0.04530203800680244,0.01010492652939287
9273.0,0.04108869336084521,0.01010492652939287
9274.0,0.036875348714887964,0.01010492652939287
9275.0,0.03701549629016672,0.01010492652939287
9276.0,0.03910903689688174,0.01010492652939287
9277.0,0.041000330184483645,0.01010492652939287
9278.0,0.04239481677949481,0.01010492652939287
9279.0,0.04378930337450598,0.01010492652939287
9280.0,0.0382048269208812,0.01010492652939287
9281.0,0.03174326457060031,0.01010492652939287
9282.0,0.030540453931877414,0.01010492652939287
9283.0,0.034868399403584514,0.01010492652939287
9284.0,0.03846773308165339,0.01010492652939287
9285.0,0.03436604488534645,0.01010492652939287
9286.0,0.03026435668903949,0.01010492652939287
9287.0,0.033669170605507025,0.01010492652939287
9288.0,0.04051829897653638,0.01010492652939287
9289.0,0.04611902906519572,0.01010492652939287
9290.0,0.04858032718639752,0.01010492652939287
9291.0,0.051041625307599335,0.01010492652939287
9292.0,0.05401789203942975,0.01010492652939287
9293.0,0.057062028275650066,0.01010492652939287
9294.0,0.05163656486309388,0.01010492652939287
9295.0,0.03713051078233852,0.01010492652939287
9296.0,0.024611428070294147,0.01010492652939287
9297.0,0.0344457732559828,0.01010492652939287
9298.0,0.04428011844167147,0.01010492652939287
9299.0,0.03971718170216612,0.01010492652939287
9300.0,0.028399964553295295,0.01010492652939287
9301.0,0.023023384478729526,0.01010492652939287
9302.0,0.0329445822779145,0.01010492652939287
9303.0,0.04286578007709946,0.01010492652939287
9304.0,0.04339563883352453,0.01010492652939287
9305.0,0.04262969807722379,0.01010492652939287
9306.0,0.0393745653042758,0.01010492652939287
9307.0,0.03339883321665957,0.01010492652939287
9308.0,0.028055493568900282,0.01010492652939287
9309.0,0.030310744331161477,0.01010492652939287
9310.0,0.03256599509342267,0.01010492652939287
9311.0,0.033252628512408136,0.01010492652939287
9312.0,0.03318699428896968,0.01010492652939287
9313.0,0.031549503116460806,0.01010492652939287
9314.0,0.025766153440733665,0.01010492652939287
9315.0,0.019982803765006524,0.01010492652939287
9316.0,0.02585206160119803,0.01010492652939287
9317.0,0.03340198398236614,0.01010492652939287
9318.0,0.03764301773002014,0.01010492652939287
9319.0,0.03819724409159218,0.01010492652939287
9320.0,0.03796582223564287,0.01010492652939287
9321.0,0.027612632510875576,0.01010492652939287
9322.0,0.017259442786108282,0.01010492652939287
9323.0,0.016850412103597882,0.01010492652939287
9324.0,0.021315620379182568,0.01010492652939287
9325.0,0.026004273300233416,0.01010492652939287
9326.0,0.031296723307697345,0.01010492652939287
9327.0,0.03658917331516127,0.01010492652939287
9328.0,0.0380302226951052,0.01010492652939287
9329.0,0.03889143413527639,0.01010492652939287
9330.0,0.033979167057731026,0.01010492652939287
9331.0,0.022508820535696195,0.01010492652939287
9332.0,0.012046962971987948,0.01010492652939287
9333.0,0.015577889705016688,0.01010492652939287
9334.0,0.019108816438045427,0.01010492652939287
9335.0,0.024823770393177583,0.01010492652939287
9336.0,0.03163270555145029,0.01010492652939287
9337.0,0.03740159680427348,0.01010492652939287
9338.0,0.04029036647276397,0.01010492652939287
9339.0,0.04317913614125446,0.01010492652939287
9340.0,0.03888522244702285,0.01010492652939287
9341.0,0.033464026502823034,0.01010492652939287
9342.0,0.036353290352462105,0.01010492652939287
9343.0,0.04886632499962439,0.01010492652939287
9344.0,0.059910337046103705,0.01010492652939287
9345.0,0.04889075964792654,0.01010492652939287
9346.0,0.03787118224974936,0.01010492652939287
9347.0,0.03192091624364311,0.01010492652939287
9348.0,0.02856510724762313,0.01010492652939287
9349.0,0.02803818149448193,0.01010492652939287
9350.0,0.03554163397920548,0.01010492652939287
9351.0,0.04304508646392901,0.01010492652939287
9352.0,0.037753461243189804,0.01010492652939287
9353.0,0.030371020252145768,0.01010492652939287
9354.0,0.028389704482817815,0.01010492652939287
9355.0,0.03278510985220435,0.01010492652939287
9356.0,0.036583242416837254,0.01010492652939287
9357.0,0.03061347598690533,0.01010492652939287
9358.0,0.024643709556973405,0.01010492652939287
9359.0,0.02570407180934793,0.01010492652939287
9360.0,0.030440150338006292,0.01010492652939287
9361.0,0.03263321873674892,0.01010492652939287
9362.0,0.02742409802493902,0.01010492652939287
9363.0,0.022214977313129124,0.01010492652939287
9364.0,0.01801267430884665,0.01010492652939287
9365.0,0.013981473752050652,0.01010492652939287
9366.0,0.01257539443693816,0.01010492652939287
9367.0,0.014329183283100063,0.01010492652939287
9368.0,0.016230952775033135,0.01010492652939287
9369.0,0.020786284301389034,0.01010492652939287
9370.0,0.025341615827744936,0.01010492652939287
9371.0,0.022144550375611274,0.01010492652939287
9372.0,0.01480716241194444,0.01010492652939287
9373.0,0.011246986894123205,0.01010492652939287
9374.0,0.018964230353349022,0.01010492652939287
9375.0,0.026681473812574834,0.01010492652939287
9376.0,0.02574488789218573,0.01010492652939287
9377.0,0.023280436615236048,0.01010492652939287
9378.0,0.025336500731673765,0.01010492652939287
9379.0,0.03294047010360408,0.01010492652939287
9380.0,0.040278270424733593,0.01010492652939287
9381.0,0.042339269313723685,0.01010492652939287
9382.0,0.04440026820271378,0.01010492652939287
9383.0,0.04153070834601963,0.01010492652939287
9384.0,0.035971752809865115,0.01010492652939287
9385.0,0.030113416404658224,0.01010492652939287
9386.0,0.023337952264016606,0.01010492652939287
9387.0,0.016562488123374988,0.01010492652939287
9388.0,0.024275813730720172,0.01010492652939287
9389.0,0.03464404541405848,0.01010492652939287
9390.0,0.03769209138676499,0.01010492652939287
9391.0,0.031580013078390326,0.01010492652939287
9392.0,0.025975228195275448,0.01010492652939287
9393.0,0.03160135608798084,0.01010492652939287
9394.0,0.03722748398068624,0.01010492652939287
9395.0,0.033027623026930304,0.01010492652939287
9396.0,0.023354594454040537,0.01010492652939287
9397.0,0.01688655475278539,0.01010492652939287
9398.0,0.020495892996109922,0.01010492652939287
9399.0,0.024105231239434453,0.01010492652939287
9400.0,0.02630583375426021,0.01010492652939287
9401.0,0.02823877648067072,0.01010492652939287
9402.0,0.025461322684147955,0.01010492652939287
9403.0,0.01667360884334076,0.01010492652939287
9404.0,0.008629068250724181,0.01010492652939287
9405.0,0.019187083026559984,0.01010492652939287
9406.0,0.02974509780239578,0.01010492652939287
9407.0,0.03294964976982948,0.01010492652939287
9408.0,0.03197200631702852,0.01010492652939287
9409.0,0.031975747067860376,0.01010492652939287
9410.0,0.0351478144862316,0.01010492652939287
9411.0,0.03831988190460282,0.01010492652939287
9412.0,0.037845232682292694,0.01010492652939287
9413.0,0.0366527671097342,0.01010492652939287
9414.0,0.036074791856268426,0.01010492652939287
9415.0,0.03629633301244906,0.01010492652939287
9416.0,0.036444494283490066,0.01010492652939287
9417.0,0.0344829838568318,0.01010492652939287
9418.0,0.03252147343017353,0.01010492652939287
9419.0,0.02707607237443331,0.01010492652939287
9420.0,0.019607767082448734,0.01010492652939287
9421.0,0.014581850449954203,0.01010492652939287
9422.0,0.017655046470687833,0.01010492652939287
9423.0,0.02072824249142146,0.01010492652939287
9424.0,0.030508099582013205,0.01010492652939287
9425.0,0.041654487324117355,0.01010492652939287
9426.0,0.045711358375594896,0.01010492652939287
9427.0,0.04036174778444774,0.01010492652939287
9428.0,0.034983373960730584,0.01010492652939287
9429.0,0.02863543950584781,0.01010492652939287
9430.0,0.022287505050965037,0.01010492652939287
9431.0,0.022921258436357922,0.01010492652939287
9432.0,0.02769329715728697,0.01010492652939287
9433.0,0.03103229758564281,0.01010492652939287
9434.0,0.029488352720798555,0.01010492652939287
9435.0,0.027944407855954295,0.01010492652939287
9436.0,0.030511522576558408,0.01010492652939287
9437.0,0.03394506700629966,0.01010492652939287
9438.0,0.03487316008556907,0.01010492652939287
9439.0,0.03241110854088803,0.01010492652939287
9440.0,0.029963437764819405,0.01010492652939287
9441.0,0.028100345232846553,0.01010492652939287
9442.0,0.026237252700873702,0.01010492652939287
9443.0,0.02874953257479553,0.01010492652939287
9444.0,0.03390895490622931,0.01010492652939287
9445.0,0.03772507102595815,0.01010492652939287
9446.0,0.03683598484741304,0.01010492652939287
9447.0,0.035946898668867924,0.01010492652939287
9448.0,0.03340717661728019,0.01010492652939287
9449.0,0.030507886224930406,0.01010492652939287
9450.0,0.026411661239907517,0.01010492652939287
9451.0,0.020663666516994913,0.01010492652939287
9452.0,0.015150362376194307,0.01010492652939287
9453.0,0.021620946084286358,0.01010492652939287
9454.0,0.028091529792378403,0.01010492652939287
9455.0,0.031834821497801896,0.01010492652939287
9456.0,0.03389407658799076,0.01010492652939287
9457.0,0.033067855545009094,0.01010492652939287
9458.0,0.02184754367973959,0.01010492652939287
9459.0,0.010627231814470084,0.01010492652939287
9460.0,0.013791952127704671,0.01010492652939287
9461.0,0.02019330468106742,0.01010492652939287
9462.0,0.025114746142767715,0.01010492652939287
9463.0,0.027953191356956855,0.01010492652939287
9464.0,0.0307413005302373,0.01010492652939287
9465.0,0.03008558557151577,0.01010492652939287
9466.0,0.029429870612794236,0.01010492652939287
9467.0,0.030602065252184982,0.01010492652939287
9468.0,0.03292609333695605,0.01010492652939287
9469.0,0.03405625360451531,0.01010492652939287
9470.0,0.03076168343087619,0.01010492652939287
9471.0,0.027467113257237073,0.01010492652939287
9472.0,0.024470167095435272,0.01010492652939287
9473.0,0.021542343670110396,0.01010492652939287
9474.0,0.020203896308200225,0.01010492652939287
9475.0,0.021147272475923365,0.01010492652939287
9476.0,0.022080490762535522,0.01010492652939287
9477.0,0.021966177559495155,0.01010492652939287
9478.0,0.021851864356454788,0.01010492652939287
9479.0,0.021061468018761537,0.01010492652939287
9480.0,0.01983635155898654,0.01010492652939287
9481.0,0.02067813496286674,0.01010492652939287
9482.0,0.029405201083575715,0.01010492652939287
9483.0,0.038132267204284684,0.01010492652939287
9484.0,0.03455422373364238,0.01010492652939287
9485.0,0.028028081090082833,0.01010492652939287
9486.0,0.025046758646671705,0.01010492652939287
9487.0,0.027256814898722562,0.01010492652939287
9488.0,0.0294527162488745,0.01010492652939287
9489.0,0.028715014180243914,0.01010492652939287
9490.0,0.027977312111613323,0.01010492652939287
9491.0,0.02839289159295031,0.01010492652939287
9492.0,0.029565097140866227,0.01010492652939287
9493.0,0.02817242917496556,0.01010492652939287
9494.0,0.016702388350077188,0.01010492652939287
9495.0,0.0052323475251888196,0.01010492652939287
9496.0,0.014278339131327956,0.01010492652939287
9497.0,0.028391913598452494,0.01010492652939287
9498.0,0.032269212071061266,0.01010492652939287
9499.0,0.020853391617819666,0.01010492652939287
9500.0,0.009437571164578063,0.01010492652939287
