wavelength,intensity,uncertainty
3500.0,0.06448354203498673,0.010097697205005945
3501.0,0.06735516564489805,0.010097697205005945
3502.0,0.07022678925480935,0.010097697205005945
3503.0,0.07141753870990952,0.010097697205005945
3504.0,0.07148321408142858,0.010097697205005945
3505.0,0.07245801151079197,0.010097697205005945
3506.0,0.07711337581676216,0.010097697205005945
3507.0,0.08176874012273233,0.010097697205005945
3508.0,0.07837575461765324,0.010097697205005945
3509.0,0.07293431863355647,0.010097697205005945
3510.0,0.07083259042548501,0.010097697205005945
3511.0,0.07382138649420496,0.010097697205005945
3512.0,0.07681018256292492,0.010097697205005945
3513.0,0.07553230710018403,0.010097697205005945
3514.0,0.0742338445612958,0.010097697205005945
3515.0,0.0743350397273056,0.010097697205005945
3516.0,0.07539196076049863,0.010097697205005945
3517.0,0.07662328692358947,0.010097697205005945
3518.0,0.07858256493321072,0.010097697205005945
3519.0,0.08054184294283198,0.010097697205005945
3520.0,0.08611580226765135,0.010097697205005945
3521.0,0.09263724624024305,0.010097697205005945
3522.0,0.0947426382881154,0.010097697205005945
3523.0,0.08998012136103661,0.010097697205005945
3524.0,0.08521760443395783,0.010097697205005945
3525.0,0.08425885907642235,0.010097697205005945
3526.0,0.08333699877653154,0.010097697205005945
3527.0,0.08734108178960583,0.010097697205005945
3528.0,0.09477626992087822,0.010097697205005945
3529.0,0.09986383720698622,0.010097697205005945
3530.0,0.09484317715976233,0.010097697205005945
3531.0,0.08982251711253843,0.010097697205005945
3532.0,0.08122530187238979,0.010097697205005945
3533.0,0.07166307097805141,0.010097697205005945
3534.0,0.06796155389640615,0.010097697205005945
3535.0,0.07356073482186949,0.010097697205005945
3536.0,0.07915991574733285,0.010097697205005945
3537.0,0.08691390527140455,0.010097697205005945
3538.0,0.09469939017085129,0.010097697205005945
3539.0,0.09431556999398821,0.010097697205005945
3540.0,0.08812768501958744,0.010097697205005945
3541.0,0.08359113907767299,0.010097697205005945
3542.0,0.08639387772457759,0.010097697205005945
3543.0,0.0891966163714822,0.010097697205005945
3544.0,0.0853453475805856,0.010097697205005945
3545.0,0.07964687733839942,0.010097697205005945
3546.0,0.0759930484609647,0.010097697205005945
3547.0,0.07565050984405297,0.010097697205005945
3548.0,0.07530797122714124,0.010097697205005945
3549.0,0.07487429151064104,0.010097697205005945
3550.0,0.07443882690112566,0.010097697205005945
3551.0,0.07946709802269238,0.010097697205005945
3552.0,0.08845459793489632,0.010097697205005945
3553.0,0.09483793202880823,0.010097697205005945
3554.0,0.08926657203070373,0.010097697205005945
3555.0,0.08369521203259923,0.010097697205005945
3556.0,0.08494183153653892,0.010097697205005945
3557.0,0.08813494210201797,0.010097697205005945
3558.0,0.09054066294638888,0.010097697205005945
3559.0,0.09164493390141265,0.010097697205005945
3560.0,0.09274920485643641,0.010097697205005945
3561.0,0.09218236145655104,0.010097697205005945
3562.0,0.09157440823243675,0.010097697205005945
3563.0,0.08852675892834619,0.010097697205005945
3564.0,0.08367607744824009,0.010097697205005945
3565.0,0.08211731495005155,0.010097697205005945
3566.0,0.09617814044882071,0.010097697205005945
3567.0,0.11023896594758986,0.010097697205005945
3568.0,0.10013939023024568,0.010097697205005945
3569.0,0.08294926198208608,0.010097697205005945
3570.0,0.07397579604702448,0.010097697205005945
3571.0,0.07886463459502847,0.010097697205005945
3572.0,0.08375347314303247,0.010097697205005945
3573.0,0.08626631277133212,0.010097697205005945
3574.0,0.08870866541066647,0.010097697205005945
3575.0,0.086520362599338,0.010097697205005945
3576.0,0.08084200789045684,0.010097697205005945
3577.0,0.0767218550750436,0.010097697205005945
3578.0,0.08024904772261039,0.010097697205005945
3579.0,0.0837762403701772,0.010097697205005945
3580.0,0.08736484153860898,0.010097697205005945
3581.0,0.09097196121411413,0.010097697205005945
3582.0,0.09592141585554545,0.010097697205005945
3583.0,0.10318266960496157,0.010097697205005945
3584.0,0.11044392335437768,0.010097697205005945
3585.0,0.10852681764396577,0.010097697205005945
3586.0,0.10629046464799362,0.010097697205005945
3587.0,0.1034938101395074,0.010097697205005945
3588.0,0.1002665204982607,0.010097697205005945
3589.0,0.09880202463961009,0.010097697205005945
3590.0,0.10629303588087234,0.010097697205005945
3591.0,0.11378404712213461,0.010097697205005945
3592.0,0.11765694736693925,0.010097697205005945
3593.0,0.12040914341944403,0.010097697205005945
3594.0,0.11812089780564637,0.010097697205005945
3595.0,0.10697015376533053,0.010097697205005945
3596.0,0.09581940972501468,0.010097697205005945
3597.0,0.0996799970357067,0.010097697205005945
3598.0,0.10414028797091128,0.010097697205005945
3599.0,0.10453155391210334,0.010097697205005945
3600.0,0.1017338195367863,0.010097697205005945
3601.0,0.09950062389034588,0.010097697205005945
3602.0,0.1002386847116817,0.010097697205005945
3603.0,0.10097674553301753,0.010097697205005945
3604.0,0.10647016658929051,0.010097697205005945
3605.0,0.11347597278357542,0.010097697205005945
3606.0,0.11520062787382221,0.010097697205005945
3607.0,0.10744402175380798,0.010097697205005945
3608.0,0.09968741563379374,0.010097697205005945
3609.0,0.10568687511612818,0.010097697205005945
3610.0,0.11230768762441266,0.010097697205005945
3611.0,0.11071500835781184,0.010097697205005945
3612.0,0.10255863156053,0.010097697205005945
3613.0,0.09703549583390053,0.010097697205005945
3614.0,0.10588291602771248,0.010097697205005945
3615.0,0.11473033622152443,0.010097697205005945
3616.0,0.10974245309479569,0.010097697205005945
3617.0,0.10023826872490046,0.010097697205005945
3618.0,0.09420945378306088,0.010097697205005945
3619.0,0.09455214945931954,0.010097697205005945
3620.0,0.0948948451355782,0.010097697205005945
3621.0,0.08983349759260063,0.010097697205005945
3622.0,0.08449956274978838,0.010097697205005945
3623.0,0.08664345851477202,0.010097697205005945
3624.0,0.0948804014416609,0.010097697205005945
3625.0,0.10216525889524364,0.010097697205005945
3626.0,0.10405750422802382,0.010097697205005945
3627.0,0.10594974956080401,0.010097697205005945
3628.0,0.10155297467674544,0.010097697205005945
3629.0,0.09504978116236829,0.010097697205005945
3630.0,0.09239939746567721,0.010097697205005945
3631.0,0.09696306801382423,0.010097697205005945
3632.0,0.10152673856197128,0.010097697205005945
3633.0,0.09986640825424724,0.010097697205005945
3634.0,0.0978589853766143,0.010097697205005945
3635.0,0.0987110214222184,0.010097697205005945
3636.0,0.10193860795789614,0.010097697205005945
3637.0,0.10507292938402257,0.010097697205005945
3638.0,0.10765845115725226,0.010097697205005945
3639.0,0.11024397293048195,0.010097697205005945
3640.0,0.11034117230446712,0.010097697205005945
3641.0,0.109583512531615,0.010097697205005945
3642.0,0.10695970582518738,0.010097697205005945
3643.0,0.1007667299835642,0.010097697205005945
3644.0,0.09457375414194104,0.010097697205005945
3645.0,0.1004353182526345,0.010097697205005945
3646.0,0.10703397525213261,0.010097697205005945
3647.0,0.10900086498443706,0.010097697205005945
3648.0,0.10704461703144579,0.010097697205005945
3649.0,0.10530631771880548,0.010097697205005945
3650.0,0.1049017895727583,0.010097697205005945
3651.0,0.10449726142671109,0.010097697205005945
3652.0,0.10511541795818635,0.010097697205005945
3653.0,0.10609383841015263,0.010097697205005945
3654.0,0.10625250083984399,0.010097697205005945
3655.0,0.10480943748842295,0.010097697205005945
3656.0,0.10336637413700188,0.010097697205005945
3657.0,0.09922995425331019,0.010097697205005945
3658.0,0.09491420717412764,0.010097697205005945
3659.0,0.09275986122146772,0.010097697205005945
3660.0,0.09247196008947486,0.010097697205005945
3661.0,0.09409262052555882,0.010097697205005945
3662.0,0.10787402723613015,0.010097697205005945
3663.0,0.12165543394670149,0.010097697205005945
3664.0,0.12094459445238055,0.010097697205005945
3665.0,0.1150004438285107,0.010097697205005945
3666.0,0.11046512679289171,0.010097697205005945
3667.0,0.10874240918705641,0.010097697205005945
3668.0,0.10701969158122111,0.010097697205005945
3669.0,0.10537399571298538,0.010097697205005945
3670.0,0.10373385096097304,0.010097697205005945
3671.0,0.10146751125825698,0.010097697205005945
3672.0,0.09864989383370297,0.010097697205005945
3673.0,0.09717125468866838,0.010097697205005945
3674.0,0.10458637952871663,0.010097697205005945
3675.0,0.11200150436876491,0.010097697205005945
3676.0,0.11026987587017681,0.010097697205005945
3677.0,0.10515334687620878,0.010097697205005945
3678.0,0.10331197038863713,0.010097697205005945
3679.0,0.10815238313856168,0.010097697205005945
3680.0,0.11299279588848625,0.010097697205005945
3681.0,0.11451194581426018,0.010097697205005945
3682.0,0.11577330043673718,0.010097697205005945
3683.0,0.11777954605564464,0.010097697205005945
3684.0,0.12045432710187194,0.010097697205005945
3685.0,0.12223728115506648,0.010097697205005945
3686.0,0.11783690138990867,0.010097697205005945
3687.0,0.11343652162475085,0.010097697205005945
3688.0,0.11664010331431308,0.010097697205005945
3689.0,0.12272664389978552,0.010097697205005945
3690.0,0.12526994649014933,0.010097697205005945
3691.0,0.12042494170553128,0.010097697205005945
3692.0,0.1155799369209132,0.010097697205005945
3693.0,0.11223417209710379,0.010097697205005945
3694.0,0.1090131814702926,0.010097697205005945
3695.0,0.10933303740543818,0.010097697205005945
3696.0,0.11289256444784432,0.010097697205005945
3697.0,0.11529175286455824,0.010097697205005945
3698.0,0.10928135837031977,0.010097697205005945
3699.0,0.10327096387608131,0.010097697205005945
3700.0,0.11264014631001072,0.010097697205005945
3701.0,0.12798173111771047,0.010097697205005945
3702.0,0.13502495502742126,0.010097697205005945
3703.0,0.1243795675493162,0.010097697205005945
3704.0,0.11373418007121115,0.010097697205005945
3705.0,0.11452802671653382,0.010097697205005945
3706.0,0.11633869417282759,0.010097697205005945
3707.0,0.11760859902020296,0.010097697205005945
3708.0,0.1183741266778215,0.010097697205005945
3709.0,0.11874881589764283,0.010097697205005945
3710.0,0.11615796810489938,0.010097697205005945
3711.0,0.11356712031215595,0.010097697205005945
3712.0,0.11770828872367584,0.010097697205005945
3713.0,0.12452645015601894,0.010097697205005945
3714.0,0.12753608142070452,0.010097697205005945
3715.0,0.12224544273984465,0.010097697205005945
3716.0,0.11695480405898478,0.010097697205005945
3717.0,0.12259842573755496,0.010097697205005945
3718.0,0.1292765635079511,0.010097697205005945
3719.0,0.13312096794390343,0.010097697205005945
3720.0,0.134271002979892,0.010097697205005945
3721.0,0.13408129843623717,0.010097697205005945
3722.0,0.12323130046315171,0.010097697205005945
3723.0,0.11238130249006627,0.010097697205005945
3724.0,0.11570980647433664,0.010097697205005945
3725.0,0.12481030196489849,0.010097697205005945
3726.0,0.13031551510368042,0.010097697205005945
3727.0,0.12780798656697917,0.010097697205005945
3728.0,0.1253004580302779,0.010097697205005945
3729.0,0.125111416500092,0.010097697205005945
3730.0,0.12515514248971515,0.010097697205005945
3731.0,0.1247470530742602,0.010097697205005945
3732.0,0.123901033833552,0.010097697205005945
3733.0,0.12376073710570884,0.010097697205005945
3734.0,0.1295199634067706,0.010097697205005945
3735.0,0.13527918970783237,0.010097697205005945
3736.0,0.13215482050558006,0.010097697205005945
3737.0,0.12532895317694354,0.010097697205005945
3738.0,0.1206948088377212,0.010097697205005945
3739.0,0.12105675745468797,0.010097697205005945
3740.0,0.12141870607165474,0.010097697205005945
3741.0,0.13161131199227338,0.010097697205005945
3742.0,0.14284834365564106,0.010097697205005945
3743.0,0.14380569388713346,0.010097697205005945
3744.0,0.13460603191625684,0.010097697205005945
3745.0,0.1273218118415849,0.010097697205005945
3746.0,0.1368934804534765,0.010097697205005945
3747.0,0.14646514906536812,0.010097697205005945
3748.0,0.14335160679129527,0.010097697205005945
3749.0,0.13482947288947875,0.010097697205005945
3750.0,0.12792370965231706,0.010097697205005945
3751.0,0.12478732280512739,0.010097697205005945
3752.0,0.12165093595793772,0.010097697205005945
3753.0,0.12950416148912636,0.010097697205005945
3754.0,0.13858986691321518,0.010097697205005945
3755.0,0.13984997613901723,0.010097697205005945
3756.0,0.13322791859160965,0.010097697205005945
3757.0,0.12721764335779012,0.010097697205005945
3758.0,0.12688712491184162,0.010097697205005945
3759.0,0.12655660646589306,0.010097697205005945
3760.0,0.12034386664110171,0.010097697205005945
3761.0,0.11156526128381643,0.010097697205005945
3762.0,0.1095096287679942,0.010097697205005945
3763.0,0.12349621193484281,0.010097697205005945
3764.0,0.13748279510169142,0.010097697205005945
3765.0,0.1317783054392787,0.010097697205005945
3766.0,0.1237478903956934,0.010097697205005945
3767.0,0.12156718303120496,0.010097697205005945
3768.0,0.12539274486520383,0.010097697205005945
3769.0,0.12929692460593056,0.010097697205005945
3770.0,0.13397298924907616,0.010097697205005945
3771.0,0.1386490538922218,0.010097697205005945
3772.0,0.1395077381003357,0.010097697205005945
3773.0,0.13866318138518055,0.010097697205005945
3774.0,0.1386283981042434,0.010097697205005945
3775.0,0.1405712020118303,0.010097697205005945
3776.0,0.14251400591941718,0.010097697205005945
3777.0,0.14763610134110178,0.010097697205005945
3778.0,0.15315292661338964,0.010097697205005945
3779.0,0.1535063778809752,0.010097697205005945
3780.0,0.1484554131141546,0.010097697205005945
3781.0,0.1435896953446252,0.010097697205005945
3782.0,0.14065257645100487,0.010097697205005945
3783.0,0.1377154575573845,0.010097697205005945
3784.0,0.13673760601341398,0.010097697205005945
3785.0,0.13665375583003556,0.010097697205005945
3786.0,0.13632131005572554,0.010097697205005945
3787.0,0.13536737530408632,0.010097697205005945
3788.0,0.1344134405524471,0.010097697205005945
3789.0,0.13979036749817347,0.010097697205005945
3790.0,0.14599193857272966,0.010097697205005945
3791.0,0.14650555754121083,0.010097697205005945
3792.0,0.14095014572653275,0.010097697205005945
3793.0,0.1356339019747479,0.010097697205005945
3794.0,0.13296583793384334,0.010097697205005945
3795.0,0.1302977738929388,0.010097697205005945
3796.0,0.12884195965157055,0.010097697205005945
3797.0,0.1279517197004792,0.010097697205005945
3798.0,0.1284168812063529,0.010097697205005945
3799.0,0.13235163874950284,0.010097697205005945
3800.0,0.13628639629265277,0.010097697205005945
3801.0,0.14573311788730683,0.010097697205005945
3802.0,0.15593181274956147,0.010097697205005945
3803.0,0.1610332834664221,0.010097697205005945
3804.0,0.16059040511285022,0.010097697205005945
3805.0,0.15911817040012935,0.010097697205005945
3806.0,0.1454836943978158,0.010097697205005945
3807.0,0.1318492183955023,0.010097697205005945
3808.0,0.1276349173031252,0.010097697205005945
3809.0,0.1279135719745341,0.010097697205005945
3810.0,0.12716015348343435,0.010097697205005945
3811.0,0.12370090839671716,0.010097697205005945
3812.0,0.12024166330999998,0.010097697205005945
3813.0,0.13334907364042142,0.010097697205005945
3814.0,0.14881990257630104,0.010097697205005945
3815.0,0.1512816769843886,0.010097697205005945
3816.0,0.13931822130850569,0.010097697205005945
3817.0,0.1284922393187044,0.010097697205005945
3818.0,0.1320618259461595,0.010097697205005945
3819.0,0.13563141257361458,0.010097697205005945
3820.0,0.13702214021407533,0.010097697205005945
3821.0,0.1373506740983771,0.010097697205005945
3822.0,0.13893600748734525,0.010097697205005945
3823.0,0.14389690414769343,0.010097697205005945
3824.0,0.1488578008080416,0.010097697205005945
3825.0,0.1499335372356554,0.010097697205005945
3826.0,0.15043051875963498,0.010097697205005945
3827.0,0.1500214534461657,0.010097697205005945
3828.0,0.14858816127297203,0.010097697205005945
3829.0,0.1469861689866903,0.010097697205005945
3830.0,0.1430874874415286,0.010097697205005945
3831.0,0.13918880589636687,0.010097697205005945
3832.0,0.140331174372861,0.010097697205005945
3833.0,0.14398500122345242,0.010097697205005945
3834.0,0.14609997527467777,0.010097697205005945
3835.0,0.14397963824296478,0.010097697205005945
3836.0,0.14185930121125176,0.010097697205005945
3837.0,0.13381545927215718,0.010097697205005945
3838.0,0.12485146123094552,0.010097697205005945
3839.0,0.12771939326055828,0.010097697205005945
3840.0,0.14422308966119635,0.010097697205005945
3841.0,0.15957899654430235,0.010097697205005945
3842.0,0.15804290675430166,0.010097697205005945
3843.0,0.15650681696430094,0.010097697205005945
3844.0,0.1548444944594385,0.010097697205005945
3845.0,0.15311791218487286,0.010097697205005945
3846.0,0.1511617244495317,0.010097697205005945
3847.0,0.14855779653814952,0.010097697205005945
3848.0,0.14595386862676732,0.010097697205005945
3849.0,0.15347828148414877,0.010097697205005945
3850.0,0.1626413101423347,0.010097697205005945
3851.0,0.16084516514061983,0.010097697205005945
3852.0,0.14617270643928068,0.010097697205005945
3853.0,0.13301410983248682,0.010097697205005945
3854.0,0.1440773067384409,0.010097697205005945
3855.0,0.155140503644395,0.010097697205005945
3856.0,0.16058052376101345,0.010097697205005945
3857.0,0.1630960814963159,0.010097697205005945
3858.0,0.1641159990700406,0.010097697205005945
3859.0,0.16080974253153593,0.010097697205005945
3860.0,0.15750348599303127,0.010097697205005945
3861.0,0.16144889864175857,0.010097697205005945
3862.0,0.16661478857305048,0.010097697205005945
3863.0,0.16636628403501966,0.010097697205005945
3864.0,0.15963193493478922,0.010097697205005945
3865.0,0.15338116647657565,0.010097697205005945
3866.0,0.15559843237192472,0.010097697205005945
3867.0,0.15781569826727374,0.010097697205005945
3868.0,0.16190944726586395,0.010097697205005945
3869.0,0.16700007791305166,0.010097697205005945
3870.0,0.16911187148244575,0.010097697205005945
3871.0,0.16238644838771088,0.010097697205005945
3872.0,0.15566102529297607,0.010097697205005945
3873.0,0.15773423744898205,0.010097697205005945
3874.0,0.16134628002966137,0.010097697205005945
3875.0,0.16178787906793596,0.010097697205005945
3876.0,0.15835730972642426,0.010097697205005945
3877.0,0.1547604956623632,0.010097697205005945
3878.0,0.14795232012855355,0.010097697205005945
3879.0,0.14114414459474392,0.010097697205005945
3880.0,0.14103539152452355,0.010097697205005945
3881.0,0.1445616954576915,0.010097697205005945
3882.0,0.14811403771103943,0.010097697205005945
3883.0,0.15174563252143983,0.010097697205005945
3884.0,0.15537722733184023,0.010097697205005945
3885.0,0.15463233307475366,0.010097697205005945
3886.0,0.15309284222101813,0.010097697205005945
3887.0,0.15315351522816323,0.010097697205005945
3888.0,0.15520684511866756,0.010097697205005945
3889.0,0.1573125369489811,0.010097697205005945
3890.0,0.16054471807897,0.010097697205005945
3891.0,0.1637768992089589,0.010097697205005945
3892.0,0.16651362402380548,0.010097697205005945
3893.0,0.1689758142759708,0.010097697205005945
3894.0,0.17133631022732296,0.010097697205005945
3895.0,0.17337913734791743,0.010097697205005945
3896.0,0.1754219644685119,0.010097697205005945
3897.0,0.16888680240225518,0.010097697205005945
3898.0,0.16073638416957423,0.010097697205005945
3899.0,0.1576768422804524,0.010097697205005945
3900.0,0.16108146490385802,0.010097697205005945
3901.0,0.16435605624359081,0.010097697205005945
3902.0,0.16447837403974574,0.010097697205005945
3903.0,0.16460069183590073,0.010097697205005945
3904.0,0.1643498844336895,0.010097697205005945
3905.0,0.16388796672187642,0.010097697205005945
3906.0,0.16479890575267192,0.010097697205005945
3907.0,0.17011269342769067,0.010097697205005945
3908.0,0.17542648110270945,0.010097697205005945
3909.0,0.1745143581754583,0.010097697205005945
3910.0,0.17238742342337435,0.010097697205005945
3911.0,0.16929144161682497,0.010097697205005945
3912.0,0.1649407707865876,0.010097697205005945
3913.0,0.16064580436792794,0.010097697205005945
3914.0,0.157895194739215,0.010097697205005945
3915.0,0.1551445851105021,0.010097697205005945
3916.0,0.15944872579186567,0.010097697205005945
3917.0,0.16782805367886072,0.010097697205005945
3918.0,0.17406217731572998,0.010097697205005945
3919.0,0.17323039623182293,0.010097697205005945
3920.0,0.1723986151479159,0.010097697205005945
3921.0,0.16903498304064196,0.010097697205005945
3922.0,0.16515986587814221,0.010097697205005945
3923.0,0.16378386284895807,0.010097697205005945
3924.0,0.16570752583423598,0.010097697205005945
3925.0,0.16755650470933225,0.010097697205005945
3926.0,0.16699169314335133,0.010097697205005945
3927.0,0.16642688157737046,0.010097697205005945
3928.0,0.16567051348672976,0.010097697205005945
3929.0,0.16480118553708167,0.010097697205005945
3930.0,0.16435841215760355,0.010097697205005945
3931.0,0.16535918924454374,0.010097697205005945
3932.0,0.1663599663314839,0.010097697205005945
3933.0,0.16464923998292014,0.010097697205005945
3934.0,0.1623718133517542,0.010097697205005945
3935.0,0.16287640200675174,0.010097697205005945
3936.0,0.1671269154695996,0.010097697205005945
3937.0,0.17118131013720073,0.010097697205005945
3938.0,0.1676524447218813,0.010097697205005945
3939.0,0.16412357930656185,0.010097697205005945
3940.0,0.162455993447992,0.010097697205005945
3941.0,0.16190875470723567,0.010097697205005945
3942.0,0.16257944844989347,0.010097697205005945
3943.0,0.1674867137880877,0.010097697205005945
3944.0,0.17239397912628188,0.010097697205005945
3945.0,0.16936068890088726,0.010097697205005945
3946.0,0.16461177499168378,0.010097697205005945
3947.0,0.1632730775654864,0.010097697205005945
3948.0,0.1666173554806292,0.010097697205005945
3949.0,0.16993336133375636,0.010097697205005945
3950.0,0.17189230821014814,0.010097697205005945
3951.0,0.17385125508653998,0.010097697205005945
3952.0,0.17448147534069539,0.010097697205005945
3953.0,0.17429540423971793,0.010097697205005945
3954.0,0.17469892651671945,0.010097697205005945
3955.0,0.1772113789534126,0.010097697205005945
3956.0,0.17972383139010575,0.010097697205005945
3957.0,0.1809425574834814,0.010097697205005945
3958.0,0.18187252233723292,0.010097697205005945
3959.0,0.18321941510432888,0.010097697205005945
3960.0,0.18515024725437942,0.010097697205005945
3961.0,0.18700952849041713,0.010097697205005945
3962.0,0.18435559822722553,0.010097697205005945
3963.0,0.1817016679640339,0.010097697205005945
3964.0,0.17864680634871719,0.010097697205005945
3965.0,0.17534057956927526,0.010097697205005945
3966.0,0.17114556341450723,0.010097697205005945
3967.0,0.16368000208649094,0.010097697205005945
3968.0,0.15621444075847465,0.010097697205005945
3969.0,0.16382774427183847,0.010097697205005945
3970.0,0.17491564588749742,0.010097697205005945
3971.0,0.17959375092602425,0.010097697205005945
3972.0,0.17511500371150832,0.010097697205005945
3973.0,0.17067477807506154,0.010097697205005945
3974.0,0.1697614169195955,0.010097697205005945
3975.0,0.16884805576412945,0.010097697205005945
3976.0,0.1665152966240224,0.010097697205005945
3977.0,0.16327445806460783,0.010097697205005945
3978.0,0.16303557887869347,0.010097697205005945
3979.0,0.174166189503907,0.010097697205005945
3980.0,0.18529680012912056,0.010097697205005945
3981.0,0.1899150965548574,0.010097697205005945
3982.0,0.1929851459197975,0.010097697205005945
3983.0,0.19386714702524438,0.010097697205005945
3984.0,0.1915606648262969,0.010097697205005945
3985.0,0.1892614173290776,0.010097697205005945
3986.0,0.1881602364380484,0.010097697205005945
3987.0,0.18705905554701918,0.010097697205005945
3988.0,0.18831178145890184,0.010097697205005945
3989.0,0.19110108542268553,0.010097697205005945
3990.0,0.1920273291816439,0.010097697205005945
3991.0,0.18568763814178163,0.010097697205005945
3992.0,0.17934794710191931,0.010097697205005945
3993.0,0.18040227097349648,0.010097697205005945
3994.0,0.1832691784705991,0.010097697205005945
3995.0,0.18508163409248785,0.010097697205005945
3996.0,0.18532657618047604,0.010097697205005945
3997.0,0.18556658950945928,0.010097697205005945
3998.0,0.18170587534598812,0.010097697205005945
3999.0,0.17784516118251695,0.010097697205005945
4000.0,0.17613530235994262,0.010097697205005945
4001.0,0.17585791319440627,0.010097697205005945
4002.0,0.17720245177147181,0.010097697205005945
4003.0,0.1850640132661055,0.010097697205005945
4004.0,0.1929255747607392,0.010097697205005945
4005.0,0.190285591487432,0.010097697205005945
4006.0,0.18499258637801105,0.010097697205005945
4007.0,0.1849382292085934,0.010097697205005945
4008.0,0.19282889096933695,0.010097697205005945
4009.0,0.2007195527300805,0.010097697205005945
4010.0,0.19657741408282725,0.010097697205005945
4011.0,0.19239178338590995,0.010097697205005945
4012.0,0.19214334171574948,0.010097697205005945
4013.0,0.19456996597707713,0.010097697205005945
4014.0,0.19690764081320183,0.010097697205005945
4015.0,0.1988768893264188,0.010097697205005945
4016.0,0.20084613783963579,0.010097697205005945
4017.0,0.20191780875360077,0.010097697205005945
4018.0,0.20275591938455284,0.010097697205005945
4019.0,0.20085554854789284,0.010097697205005945
4020.0,0.19471764981334164,0.010097697205005945
4021.0,0.1885797510787904,0.010097697205005945
4022.0,0.19233534667656516,0.010097697205005945
4023.0,0.19617478544664568,0.010097697205005945
4024.0,0.1950664874660292,0.010097697205005945
4025.0,0.1905289654366599,0.010097697205005945
4026.0,0.1870986629526363,0.010097697205005945
4027.0,0.18839857055157197,0.010097697205005945
4028.0,0.1896984781505076,0.010097697205005945
4029.0,0.19447255554529394,0.010097697205005945
4030.0,0.20017730856271215,0.010097697205005945
4031.0,0.2024355237163739,0.010097697205005945
4032.0,0.19925183697989712,0.010097697205005945
4033.0,0.19606815024342034,0.010097697205005945
4034.0,0.19653461652076046,0.010097697205005945
4035.0,0.1970499291279687,0.010097697205005945
4036.0,0.19748764382245215,0.010097697205005945
4037.0,0.19787049933683304,0.010097697205005945
4038.0,0.19741585337288636,0.010097697205005945
4039.0,0.19326858725449755,0.010097697205005945
4040.0,0.18912132113610872,0.010097697205005945
4041.0,0.19508797654839666,0.010097697205005945
4042.0,0.20384254294923126,0.010097697205005945
4043.0,0.20832801685192398,0.010097697205005945
4044.0,0.20593476491121743,0.010097697205005945
4045.0,0.2035415129705109,0.010097697205005945
4046.0,0.20501488881107288,0.010097697205005945
4047.0,0.20655916858405401,0.010097697205005945
4048.0,0.21073400904517264,0.010097697205005945
4049.0,0.21680567942397694,0.010097697205005945
4050.0,0.2200931414916653,0.010097697205005945
4051.0,0.21070317504940678,0.010097697205005945
4052.0,0.2013132086071483,0.010097697205005945
4053.0,0.20009097228453585,0.010097697205005945
4054.0,0.201184394424196,0.010097697205005945
4055.0,0.20223141075372858,0.010097697205005945
4056.0,0.20320211530660687,0.010097697205005945
4057.0,0.20417281985948518,0.010097697205005945
4058.0,0.20820173065629208,0.010097697205005945
4059.0,0.21230202464552492,0.010097697205005945
4060.0,0.2081524535714594,0.010097697205005945
4061.0,0.1979357942320919,0.010097697205005945
4062.0,0.18995586854905083,0.010097697205005945
4063.0,0.19250084712557772,0.010097697205005945
4064.0,0.19504582570210466,0.010097697205005945
4065.0,0.19607494854879867,0.010097697205005945
4066.0,0.1966622405781148,0.010097697205005945
4067.0,0.19783699391248272,0.010097697205005945
4068.0,0.19999777554664855,0.010097697205005945
4069.0,0.2021585571808144,0.010097697205005945
4070.0,0.20388247048632646,0.010097697205005945
4071.0,0.2055939788886791,0.010097697205005945
4072.0,0.20954371306781666,0.010097697205005945
4073.0,0.21517211657954374,0.010097697205005945
4074.0,0.2194633994232792,0.010097697205005945
4075.0,0.21724798943898496,0.010097697205005945
4076.0,0.21503257945469076,0.010097697205005945
4077.0,0.2128071688470535,0.010097697205005945
4078.0,0.21057876273289236,0.010097697205005945
4079.0,0.207555029955907,0.010097697205005945
4080.0,0.20316862022568052,0.010097697205005945
4081.0,0.19878221049545405,0.010097697205005945
4082.0,0.20763991574714027,0.010097697205005945
4083.0,0.2169412824188189,0.010097697205005945
4084.0,0.21972757737921295,0.010097697205005945
4085.0,0.21753094672992196,0.010097697205005945
4086.0,0.21531122021422536,0.010097697205005945
4087.0,0.2129751775597468,0.010097697205005945
4088.0,0.21063913490526823,0.010097697205005945
4089.0,0.21310748108683425,0.010097697205005945
4090.0,0.21705410075641227,0.010097697205005945
4091.0,0.22070171175287168,0.010097697205005945
4092.0,0.22382630427820005,0.010097697205005945
4093.0,0.22695089680352842,0.010097697205005945
4094.0,0.2169538924278218,0.010097697205005945
4095.0,0.2064496941569406,0.010097697205005945
4096.0,0.20499892799223743,0.010097697205005945
4097.0,0.21060906507273242,0.010097697205005945
4098.0,0.2154361268371232,0.010097697205005945
4099.0,0.2161783404973629,0.010097697205005945
4100.0,0.21692055415760259,0.010097697205005945
4101.0,0.22239436312039274,0.010097697205005945
4102.0,0.2293631469023168,0.010097697205005945
4103.0,0.2310777338171138,0.010097697205005945
4104.0,0.22340857114313353,0.010097697205005945
4105.0,0.21573940846915327,0.010097697205005945
4106.0,0.20752030163081459,0.010097697205005945
4107.0,0.19927707443438977,0.010097697205005945
4108.0,0.1999698849770145,0.010097697205005945
4109.0,0.20776915656642403,0.010097697205005945
4110.0,0.21518599377011824,0.010097697205005945
4111.0,0.22053474348799113,0.010097697205005945
4112.0,0.22588349320586404,0.010097697205005945
4113.0,0.22632195096852434,0.010097697205005945
4114.0,0.2251678816105756,0.010097697205005945
4115.0,0.22538640221526335,0.010097697205005945
4116.0,0.2281081546840181,0.010097697205005945
4117.0,0.23082990715277285,0.010097697205005945
4118.0,0.23127125676670005,0.010097697205005945
4119.0,0.23160059666861432,0.010097697205005945
4120.0,0.2325987614817571,0.010097697205005945
4121.0,0.23413925605987324,0.010097697205005945
4122.0,0.2344071005613188,0.010097697205005945
4123.0,0.227533964077001,0.010097697205005945
4124.0,0.2206608275926832,0.010097697205005945
4125.0,0.21495702941367972,0.010097697205005945
4126.0,0.20964238702268395,0.010097697205005945
4127.0,0.21026605352930455,0.010097697205005945
4128.0,0.2219500754397349,0.010097697205005945
4129.0,0.23363409735016524,0.010097697205005945
4130.0,0.23468758050738137,0.010097697205005945
4131.0,0.2351624394033513,0.010097697205005945
4132.0,0.23675791125490314,0.010097697205005945
4133.0,0.2392798547824517,0.010097697205005945
4134.0,0.24102376017876087,0.010097697205005945
4135.0,0.23823336138400786,0.010097697205005945
4136.0,0.23544296258925482,0.010097697205005945
4137.0,0.2326551951885328,0.010097697205005945
4138.0,0.22986832610590194,0.010097697205005945
4139.0,0.2307363359581463,0.010097697205005945
4140.0,0.23855753012550884,0.010097697205005945
4141.0,0.24637872429287141,0.010097697205005945
4142.0,0.23745156762652103,0.010097697205005945
4143.0,0.22752291924364842,0.010097697205005945
4144.0,0.22932146941651552,0.010097697205005945
4145.0,0.24100511394719537,0.010097697205005945
4146.0,0.24992188360380108,0.010097697205005945
4147.0,0.2420732673708669,0.010097697205005945
4148.0,0.23422465113793273,0.010097697205005945
4149.0,0.23684768616907562,0.010097697205005945
4150.0,0.24313664773674595,0.010097697205005945
4151.0,0.24669087507684215,0.010097697205005945
4152.0,0.24493024791104756,0.010097697205005945
4153.0,0.24316962074525295,0.010097697205005945
4154.0,0.2434435769772632,0.010097697205005945
4155.0,0.2438502234308689,0.010097697205005945
4156.0,0.23964544778475588,0.010097697205005945
4157.0,0.2314777312716935,0.010097697205005945
4158.0,0.22529408406583423,0.010097697205005945
4159.0,0.23162399678871654,0.010097697205005945
4160.0,0.2379539095115988,0.010097697205005945
4161.0,0.2380799082110383,0.010097697205005945
4162.0,0.23597937985475306,0.010097697205005945
4163.0,0.23643394795156947,0.010097697205005945
4164.0,0.24196207674737216,0.010097697205005945
4165.0,0.2474902055431748,0.010097697205005945
4166.0,0.2439175124321045,0.010097697205005945
4167.0,0.23970144502170201,0.010097697205005945
4168.0,0.23826237582806453,0.010097697205005945
4169.0,0.2392563073243391,0.010097697205005945
4170.0,0.24027600850062472,0.010097697205005945
4171.0,0.24146508675552866,0.010097697205005945
4172.0,0.2426541650104326,0.010097697205005945
4173.0,0.24790399764500173,0.010097697205005945
4174.0,0.2546474410858836,0.010097697205005945
4175.0,0.2547365786365013,0.010097697205005945
4176.0,0.24132352459885228,0.010097697205005945
4177.0,0.22791047056120325,0.010097697205005945
4178.0,0.2308660722377665,0.010097697205005945
4179.0,0.23506941382019192,0.010097697205005945
4180.0,0.23798649217730533,0.010097697205005945
4181.0,0.23975470360817663,0.010097697205005945
4182.0,0.24217013108855404,0.010097697205005945
4183.0,0.24902448373865566,0.010097697205005945
4184.0,0.25587883638875725,0.010097697205005945
4185.0,0.2552931884626027,0.010097697205005945
4186.0,0.25190370560853087,0.010097697205005945
4187.0,0.24783467491558678,0.010097697205005945
4188.0,0.24235639741287823,0.010097697205005945
4189.0,0.23687811991016972,0.010097697205005945
4190.0,0.2423629440497827,0.010097697205005945
4191.0,0.2487447492328525,0.010097697205005945
4192.0,0.2511953050489988,0.010097697205005945
4193.0,0.2500662599507672,0.010097697205005945
4194.0,0.24882337776307026,0.010097697205005945
4195.0,0.24676466310087433,0.010097697205005945
4196.0,0.24470594843867838,0.010097697205005945
4197.0,0.24701078490383682,0.010097697205005945
4198.0,0.2510000537509361,0.010097697205005945
4199.0,0.2521978134335462,0.010097697205005945
4200.0,0.24747799189107011,0.010097697205005945
4201.0,0.24275817034859404,0.010097697205005945
4202.0,0.24326553288471517,0.010097697205005945
4203.0,0.24423010342771148,0.010097697205005945
4204.0,0.24899200766764662,0.010097697205005945
4205.0,0.257278751751263,0.010097697205005945
4206.0,0.2642852053099667,0.010097697205005945
4207.0,0.2616894799318151,0.010097697205005945
4208.0,0.25909375455366357,0.010097697205005945
4209.0,0.2565584319763487,0.010097697205005945
4210.0,0.2540469872231501,0.010097697205005945
4211.0,0.2536315051128041,0.010097697205005945
4212.0,0.25775860363525926,0.010097697205005945
4213.0,0.2618857021577144,0.010097697205005945
4214.0,0.25844559198988065,0.010097697205005945
4215.0,0.254300400697364,0.010097697205005945
4216.0,0.2510472601588625,0.010097697205005945
4217.0,0.24863823306750202,0.010097697205005945
4218.0,0.24758819794926684,0.010097697205005945
4219.0,0.25722215291759426,0.010097697205005945
4220.0,0.2668561078859217,0.010097697205005945
4221.0,0.2675283255328279,0.010097697205005945
4222.0,0.2645735331339615,0.010097697205005945
4223.0,0.26136593936469227,0.010097697205005945
4224.0,0.25759808309885524,0.010097697205005945
4225.0,0.25383022683301826,0.010097697205005945
4226.0,0.2490397903558228,0.010097697205005945
4227.0,0.24414817509781986,0.010097697205005945
4228.0,0.24447649298234514,0.010097697205005945
4229.0,0.24984007656331447,0.010097697205005945
4230.0,0.2549215543979875,0.010097697205005945
4231.0,0.2576740925715634,0.010097697205005945
4232.0,0.26042663074513916,0.010097697205005945
4233.0,0.26205865841575876,0.010097697205005945
4234.0,0.2632265017693646,0.010097697205005945
4235.0,0.2638659809727963,0.010097697205005945
4236.0,0.2633078347691648,0.010097697205005945
4237.0,0.2627496885655333,0.010097697205005945
4238.0,0.26909670972569555,0.010097697205005945
4239.0,0.2761672165910816,0.010097697205005945
4240.0,0.27636409691953867,0.010097697205005945
4241.0,0.2698019111533399,0.010097697205005945
4242.0,0.2641764227610052,0.010097697205005945
4243.0,0.26668713132536426,0.010097697205005945
4244.0,0.2691978398897233,0.010097697205005945
4245.0,0.2731119116931708,0.010097697205005945
4246.0,0.2776209135535321,0.010097697205005945
4247.0,0.2795299300427523,0.010097697205005945
4248.0,0.275410295193313,0.010097697205005945
4249.0,0.27129066034387367,0.010097697205005945
4250.0,0.2705501247760455,0.010097697205005945
4251.0,0.2701835428620469,0.010097697205005945
4252.0,0.27078156587991337,0.010097697205005945
4253.0,0.2723465125915004,0.010097697205005945
4254.0,0.2734288543978926,0.010097697205005945
4255.0,0.27009124152376096,0.010097697205005945
4256.0,0.2667536286496293,0.010097697205005945
4257.0,0.27454687709755454,0.010097697205005945
4258.0,0.287167969010468,0.010097697205005945
4259.0,0.2927047567933736,0.010097697205005945
4260.0,0.2814342481383218,0.010097697205005945
4261.0,0.27016373948326994,0.010097697205005945
4262.0,0.26314393898578564,0.010097697205005945
4263.0,0.25661986450667723,0.010097697205005945
4264.0,0.2554877474386323,0.010097697205005945
4265.0,0.25986537325906767,0.010097697205005945
4266.0,0.26400249076528964,0.010097697205005945
4267.0,0.2658116111275218,0.010097697205005945
4268.0,0.2676207314897539,0.010097697205005945
4269.0,0.2656278731234259,0.010097697205005945
4270.0,0.26194817497458545,0.010097697205005945
4271.0,0.2603652133552445,0.010097697205005945
4272.0,0.2638730935153484,0.010097697205005945
4273.0,0.2673809736754523,0.010097697205005945
4274.0,0.27206520476175555,0.010097697205005945
4275.0,0.27689370530127133,0.010097697205005945
4276.0,0.27443461015317944,0.010097697205005945
4277.0,0.2643842694971595,0.010097697205005945
4278.0,0.2553724100300842,0.010097697205005945
4279.0,0.2570119995144391,0.010097697205005945
4280.0,0.258651588998794,0.010097697205005945
4281.0,0.2627385363986684,0.010097697205005945
4282.0,0.2679359777916239,0.010097697205005945
4283.0,0.27133591481988206,0.010097697205005945
4284.0,0.27026841422207876,0.010097697205005945
4285.0,0.2692009136242754,0.010097697205005945
4286.0,0.27041414941037023,0.010097697205005945
4287.0,0.27192097592339015,0.010097697205005945
4288.0,0.27106380743835873,0.010097697205005945
4289.0,0.26769635713609236,0.010097697205005945
4290.0,0.2643328065748633,0.010097697205005945
4291.0,0.2610117631909418,0.010097697205005945
4292.0,0.2576907198070203,0.010097697205005945
4293.0,0.25996010994004337,0.010097697205005945
4294.0,0.2648233040246865,0.010097697205005945
4295.0,0.26769303751768336,0.010097697205005945
4296.0,0.26549005001576154,0.010097697205005945
4297.0,0.26328706251383976,0.010097697205005945
4298.0,0.25877965112590395,0.010097697205005945
4299.0,0.253961425072144,0.010097697205005945
4300.0,0.2568063444424115,0.010097697205005945
4301.0,0.26794661873419773,0.010097697205005945
4302.0,0.27778996496095687,0.010097697205005945
4303.0,0.2725614350381174,0.010097697205005945
4304.0,0.26733290511527796,0.010097697205005945
4305.0,0.26343517461557026,0.010097697205005945
4306.0,0.2601686905678977,0.010097697205005945
4307.0,0.258658211940554,0.010097697205005945
4308.0,0.2617239898631553,0.010097697205005945
4309.0,0.26478976778575664,0.010097697205005945
4310.0,0.2675623388415188,0.010097697205005945
4311.0,0.27029353961332964,0.010097697205005945
4312.0,0.27348626178988555,0.010097697205005945
4313.0,0.27718828915299093,0.010097697205005945
4314.0,0.2810311231832505,0.010097697205005945
4315.0,0.2866249562518412,0.010097697205005945
4316.0,0.2922187893204319,0.010097697205005945
4317.0,0.2914073565058759,0.010097697205005945
4318.0,0.2874903402328257,0.010097697205005945
4319.0,0.28337029488666227,0.010097697205005945
4320.0,0.27870824241139636,0.010097697205005945
4321.0,0.27404618993613045,0.010097697205005945
4322.0,0.2773522279049986,0.010097697205005945
4323.0,0.28183262631122485,0.010097697205005945
4324.0,0.2839335485999014,0.010097697205005945
4325.0,0.2833575602563299,0.010097697205005945
4326.0,0.2833303995251899,0.010097697205005945
4327.0,0.2906367112015387,0.010097697205005945
4328.0,0.29794302287788743,0.010097697205005945
4329.0,0.3007231426811762,0.010097697205005945
4330.0,0.30126048159225316,0.010097697205005945
4331.0,0.3002886970712984,0.010097697205005945
4332.0,0.29518881706361977,0.010097697205005945
4333.0,0.29008893705594113,0.010097697205005945
4334.0,0.2964692025173745,0.010097697205005945
4335.0,0.3046144210910888,0.010097697205005945
4336.0,0.3031365976640606,0.010097697205005945
4337.0,0.2906220379217454,0.010097697205005945
4338.0,0.27987065595687444,0.010097697205005945
4339.0,0.2945547460034913,0.010097697205005945
4340.0,0.3092388360501081,0.010097697205005945
4341.0,0.30893938637122004,0.010097697205005945
4342.0,0.3010533342996683,0.010097697205005945
4343.0,0.29853650769417894,0.010097697205005945
4344.0,0.311073126002645,0.010097697205005945
4345.0,0.32360974431111095,0.010097697205005945
4346.0,0.31943989212016377,0.010097697205005945
4347.0,0.31259421248153646,0.010097697205005945
4348.0,0.30729476831776503,0.010097697205005945
4349.0,0.3038032921962057,0.010097697205005945
4350.0,0.30073832561485525,0.010097697205005945
4351.0,0.3043524984331944,0.010097697205005945
4352.0,0.3079666712515336,0.010097697205005945
4353.0,0.3096041756473098,0.010097697205005945
4354.0,0.310219141186971,0.010097697205005945
4355.0,0.31032349158302125,0.010097697205005945
4356.0,0.3089601203104582,0.010097697205005945
4357.0,0.30759674903789513,0.010097697205005945
4358.0,0.30611251582723026,0.010097697205005945
4359.0,0.304608138960215,0.010097697205005945
4360.0,0.3049294884824055,0.010097697205005945
4361.0,0.30742729604225616,0.010097697205005945
4362.0,0.30946877455430327,0.010097697205005945
4363.0,0.303703058270267,0.010097697205005945
4364.0,0.29793734198623073,0.010097697205005945
4365.0,0.299694211055954,0.010097697205005945
4366.0,0.30542631789060387,0.010097697205005945
4367.0,0.31046976538785254,0.010097697205005945
4368.0,0.31348313654451765,0.010097697205005945
4369.0,0.31649650770118276,0.010097697205005945
4370.0,0.3163217497490278,0.010097697205005945
4371.0,0.31559468210618874,0.010097697205005945
4372.0,0.3161352265904186,0.010097697205005945
4373.0,0.31821645921845204,0.010097697205005945
4374.0,0.3203552228775572,0.010097697205005945
4375.0,0.32357748762185373,0.010097697205005945
4376.0,0.3267997523661503,0.010097697205005945
4377.0,0.32807492893469165,0.010097697205005945
4378.0,0.3282991817558759,0.010097697205005945
4379.0,0.32811300554446615,0.010097697205005945
4380.0,0.3266856284905234,0.010097697205005945
4381.0,0.32525825143658066,0.010097697205005945
4382.0,0.3230975005284959,0.010097697205005945
4383.0,0.3208048254285188,0.010097697205005945
4384.0,0.32056884723149937,0.010097697205005945
4385.0,0.322881625142719,0.010097697205005945
4386.0,0.3247419689409892,0.010097697205005945
4387.0,0.31713691484993767,0.010097697205005945
4388.0,0.3095318607588861,0.010097697205005945
4389.0,0.30959930394879476,0.010097697205005945
4390.0,0.31389590765110403,0.010097697205005945
4391.0,0.31835175995203174,0.010097697205005945
4392.0,0.3233018320417753,0.010097697205005945
4393.0,0.3282519041315189,0.010097697205005945
4394.0,0.3254894795037579,0.010097697205005945
4395.0,0.3212878282805604,0.010097697205005945
4396.0,0.3219348048703767,0.010097697205005945
4397.0,0.32870844432174545,0.010097697205005945
4398.0,0.334772930822191,0.010097697205005945
4399.0,0.3241723229761314,0.010097697205005945
4400.0,0.31357171513007176,0.010097697205005945
4401.0,0.3212119555005674,0.010097697205005945
4402.0,0.33911908980158306,0.010097697205005945
4403.0,0.3508746758396627,0.010097697205005945
4404.0,0.34303186188431195,0.010097697205005945
4405.0,0.33518904792896126,0.010097697205005945
4406.0,0.32961687951526664,0.010097697205005945
4407.0,0.3244838760702306,0.010097697205005945
4408.0,0.3221789555868693,0.010097697205005945
4409.0,0.3235179112271987,0.010097697205005945
4410.0,0.3249633133581094,0.010097697205005945
4411.0,0.32925793322025293,0.010097697205005945
4412.0,0.3335525530823965,0.010097697205005945
4413.0,0.3347979997064816,0.010097697205005945
4414.0,0.3342911804243883,0.010097697205005945
4415.0,0.33287842763128167,0.010097697205005945
4416.0,0.3285016462226525,0.010097697205005945
4417.0,0.32412486481402336,0.010097697205005945
4418.0,0.33453278841570266,0.010097697205005945
4419.0,0.3479019137413419,0.010097697205005945
4420.0,0.35452954299525596,0.010097697205005945
4421.0,0.35229959546603673,0.010097697205005945
4422.0,0.35001756342638823,0.010097697205005945
4423.0,0.34611890831304737,0.010097697205005945
4424.0,0.34222025319970645,0.010097697205005945
4425.0,0.3393561709679973,0.010097697205005945
4426.0,0.33709903816017933,0.010097697205005945
4427.0,0.3352104026113037,0.010097697205005945
4428.0,0.3345603808856775,0.010097697205005945
4429.0,0.3339103591600514,0.010097697205005945
4430.0,0.33772244836749193,0.010097697205005945
4431.0,0.34245929389874336,0.010097697205005945
4432.0,0.3427790371212741,0.010097697205005945
4433.0,0.3371803595537547,0.010097697205005945
4434.0,0.3318491100550767,0.010097697205005945
4435.0,0.3363762316396905,0.010097697205005945
4436.0,0.3409033532243043,0.010097697205005945
4437.0,0.3428913717945189,0.010097697205005945
4438.0,0.3433588526670523,0.010097697205005945
4439.0,0.3430034560124913,0.010097697205005945
4440.0,0.3398053915370544,0.010097697205005945
4441.0,0.33660732706161756,0.010097697205005945
4442.0,0.33797563870497854,0.010097697205005945
4443.0,0.34032245951665235,0.010097697205005945
4444.0,0.33917807299844593,0.010097697205005945
4445.0,0.33326303100957333,0.010097697205005945
4446.0,0.3277906840245017,0.010097697205005945
4447.0,0.34236258304473804,0.010097697205005945
4448.0,0.35693448206497436,0.010097697205005945
4449.0,0.3581550899823834,0.010097697205005945
4450.0,0.3512151408621071,0.010097697205005945
4451.0,0.34601257507724786,0.010097697205005945
4452.0,0.34698104299741855,0.010097697205005945
4453.0,0.3479495109175893,0.010097697205005945
4454.0,0.34745598579148573,0.010097697205005945
4455.0,0.34663876425777523,0.010097697205005945
4456.0,0.34730708284992806,0.010097697205005945
4457.0,0.35004576627266576,0.010097697205005945
4458.0,0.35272713091883395,0.010097697205005945
4459.0,0.3520553471357863,0.010097697205005945
4460.0,0.3513835633527387,0.010097697205005945
4461.0,0.3516229862647095,0.010097697205005945
4462.0,0.35243080321645787,0.010097697205005945
4463.0,0.3524638757275895,0.010097697205005945
4464.0,0.34966631771266193,0.010097697205005945
4465.0,0.34686875969773434,0.010097697205005945
4466.0,0.3484095255077601,0.010097697205005945
4467.0,0.35094209101228113,0.010097697205005945
4468.0,0.3536196617090659,0.010097697205005945
4469.0,0.3565033589727602,0.010097697205005945
4470.0,0.35934027870699475,0.010097697205005945
4471.0,0.35832740776668026,0.010097697205005945
4472.0,0.35731453682636577,0.010097697205005945
4473.0,0.35981153302428975,0.010097697205005945
4474.0,0.3645427079113833,0.010097697205005945
4475.0,0.36779322272956916,0.010097697205005945
4476.0,0.3654764556886598,0.010097697205005945
4477.0,0.3631596886477504,0.010097697205005945
4478.0,0.36453482477313776,0.010097697205005945
4479.0,0.36678089947929626,0.010097697205005945
4480.0,0.3696584615878171,0.010097697205005945
4481.0,0.37345168042976357,0.010097697205005945
4482.0,0.3771509330705395,0.010097697205005945
4483.0,0.3678985109839314,0.010097697205005945
4484.0,0.35864608889732336,0.010097697205005945
4485.0,0.3524414634421355,0.010097697205005945
4486.0,0.3482163969871582,0.010097697205005945
4487.0,0.346967162319071,0.010097697205005945
4488.0,0.3572383992469919,0.010097697205005945
4489.0,0.3675096361749127,0.010097697205005945
4490.0,0.37200035174097346,0.010097697205005945
4491.0,0.37508476136377433,0.010097697205005945
4492.0,0.3722655779739672,0.010097697205005945
4493.0,0.3607139965863546,0.010097697205005945
4494.0,0.34923010478317207,0.010097697205005945
4495.0,0.36587123531290777,0.010097697205005945
4496.0,0.3825123658426435,0.010097697205005945
4497.0,0.3833030227298304,0.010097697205005945
4498.0,0.37358997253254494,0.010097697205005945
4499.0,0.36763258286621925,0.010097697205005945
4500.0,0.37665285735332227,0.010097697205005945
4501.0,0.3856731318404253,0.010097697205005945
4502.0,0.3835388960833084,0.010097697205005945
4503.0,0.3786076585082002,0.010097697205005945
4504.0,0.3737140805652677,0.010097697205005945
4505.0,0.3688773323684799,0.010097697205005945
4506.0,0.36404058417169205,0.010097697205005945
4507.0,0.3729205381992995,0.010097697205005945
4508.0,0.38183350474729993,0.010097697205005945
4509.0,0.38767258145604355,0.010097697205005945
4510.0,0.39143353545655474,0.010097697205005945
4511.0,0.3924632675398788,0.010097697205005945
4512.0,0.38226650462618744,0.010097697205005945
4513.0,0.372069741712496,0.010097697205005945
4514.0,0.3706854819321008,0.010097697205005945
4515.0,0.37157756359550714,0.010097697205005945
4516.0,0.373133047794755,0.010097697205005945
4517.0,0.37570992919095364,0.010097697205005945
4518.0,0.37828681058715224,0.010097697205005945
4519.0,0.3758564063709963,0.010097697205005945
4520.0,0.37338967360142844,0.010097697205005945
4521.0,0.37778270845570394,0.010097697205005945
4522.0,0.38690661753331795,0.010097697205005945
4523.0,0.39305512369276246,0.010097697205005945
4524.0,0.38659091559528136,0.010097697205005945
4525.0,0.3801267074978003,0.010097697205005945
4526.0,0.3833253422014255,0.010097697205005945
4527.0,0.3890938819053439,0.010097697205005945
4528.0,0.3917180111163443,0.010097697205005945
4529.0,0.38940231026286365,0.010097697205005945
4530.0,0.38708660940938305,0.010097697205005945
4531.0,0.3852785582596752,0.010097697205005945
4532.0,0.38347667539312386,0.010097697205005945
4533.0,0.38262797157679107,0.010097697205005945
4534.0,0.3824498068060121,0.010097697205005945
4535.0,0.3834368722874132,0.010097697205005945
4536.0,0.3895208804202855,0.010097697205005945
4537.0,0.39560488855315784,0.010097697205005945
4538.0,0.3893596617877091,0.010097697205005945
4539.0,0.3797399196601904,0.010097697205005945
4540.0,0.37729362523815513,0.010097697205005945
4541.0,0.3863472641689745,0.010097697205005945
4542.0,0.39540090309979403,0.010097697205005945
4543.0,0.3859795604442589,0.010097697205005945
4544.0,0.3762424061376826,0.010097697205005945
4545.0,0.37586310009395674,0.010097697205005945
4546.0,0.38219829136048394,0.010097697205005945
4547.0,0.38830920509545214,0.010097697205005945
4548.0,0.3934071567342419,0.010097697205005945
4549.0,0.39850510837303177,0.010097697205005945
4550.0,0.3993701021282841,0.010097697205005945
4551.0,0.3990433554332474,0.010097697205005945
4552.0,0.39791738152199035,0.010097697205005945
4553.0,0.39548381118419723,0.010097697205005945
4554.0,0.39305024084640416,0.010097697205005945
4555.0,0.4021730200701458,0.010097697205005945
4556.0,0.4115510315541438,0.010097697205005945
4557.0,0.4116839543407631,0.010097697205005945
4558.0,0.4050512404923029,0.010097697205005945
4559.0,0.3993452271744479,0.010097697205005945
4560.0,0.39796381633275496,0.010097697205005945
4561.0,0.39658240549106205,0.010097697205005945
4562.0,0.3951752420357845,0.010097697205005945
4563.0,0.39376062387657457,0.010097697205005945
4564.0,0.39550552868544786,0.010097697205005945
4565.0,0.40252643178397735,0.010097697205005945
4566.0,0.4095473348825067,0.010097697205005945
4567.0,0.40016710582947607,0.010097697205005945
4568.0,0.39034196320390424,0.010097697205005945
4569.0,0.39343889223523243,0.010097697205005945
4570.0,0.4061799669895386,0.010097697205005945
4571.0,0.4153760359514199,0.010097697205005945
4572.0,0.40746683220861935,0.010097697205005945
4573.0,0.39955762846581877,0.010097697205005945
4574.0,0.4027846210580381,0.010097697205005945
4575.0,0.40932471879043164,0.010097697205005945
4576.0,0.41262328754939426,0.010097697205005945
4577.0,0.4103965228309221,0.010097697205005945
4578.0,0.40816975811244993,0.010097697205005945
4579.0,0.40945337612946997,0.010097697205005945
4580.0,0.4108500919793537,0.010097697205005945
4581.0,0.40931030201162394,0.010097697205005945
4582.0,0.4055355393285874,0.010097697205005945
4583.0,0.4034599595990011,0.010097697205005945
4584.0,0.409868070298891,0.010097697205005945
4585.0,0.41627618099878094,0.010097697205005945
4586.0,0.410749144400844,0.010097697205005945
4587.0,0.4015742179548277,0.010097697205005945
4588.0,0.39608800365359953,0.010097697205005945
4589.0,0.3970206338411486,0.010097697205005945
4590.0,0.39795326402869774,0.010097697205005945
4591.0,0.3982757252719305,0.010097697205005945
4592.0,0.3985753906641926,0.010097697205005945
4593.0,0.40221237837119633,0.010097697205005945
4594.0,0.40843952668068995,0.010097697205005945
4595.0,0.4141040551976688,0.010097697205005945
4596.0,0.41685963100964635,0.010097697205005945
4597.0,0.4196152068216239,0.010097697205005945
4598.0,0.41398072425225235,0.010097697205005945
4599.0,0.40571276909946763,0.010097697205005945
4600.0,0.40142577978917504,0.010097697205005945
4601.0,0.40421163979237595,0.010097697205005945
4602.0,0.40699749979557687,0.010097697205005945
4603.0,0.40848371919684023,0.010097697205005945
4604.0,0.4099146347427013,0.010097697205005945
4605.0,0.4105470479040964,0.010097697205005945
4606.0,0.41054752799563454,0.010097697205005945
4607.0,0.4109848075700962,0.010097697205005945
4608.0,0.41376279887746903,0.010097697205005945
4609.0,0.41654079018484186,0.010097697205005945
4610.0,0.4231022239149349,0.010097697205005945
4611.0,0.43088276687012694,0.010097697205005945
4612.0,0.43278844673099653,0.010097697205005945
4613.0,0.42403601347819836,0.010097697205005945
4614.0,0.41528358022540013,0.010097697205005945
4615.0,0.4134986784295204,0.010097697205005945
4616.0,0.4120468158730914,0.010097697205005945
4617.0,0.41064215084790806,0.010097697205005945
4618.0,0.40927557146615934,0.010097697205005945
4619.0,0.4083624094934032,0.010097697205005945
4620.0,0.40996981988874936,0.010097697205005945
4621.0,0.41157723028409554,0.010097697205005945
4622.0,0.41823087823862937,0.010097697205005945
4623.0,0.4265531702422845,0.010097697205005945
4624.0,0.4292164330496439,0.010097697205005945
4625.0,0.4213949876542713,0.010097697205005945
4626.0,0.4135735422588987,0.010097697205005945
4627.0,0.41825796291465517,0.010097697205005945
4628.0,0.423606411856308,0.010097697205005945
4629.0,0.4249809942999364,0.010097697205005945
4630.0,0.42308604982177445,0.010097697205005945
4631.0,0.4226901353996652,0.010097697205005945
4632.0,0.4309471586994671,0.010097697205005945
4633.0,0.43920418199926897,0.010097697205005945
4634.0,0.43752903343259936,0.010097697205005945
4635.0,0.4324846111298725,0.010097697205005945
4636.0,0.43135719180935633,0.010097697205005945
4637.0,0.43764215660447425,0.010097697205005945
4638.0,0.44392712139959206,0.010097697205005945
4639.0,0.4364831883087967,0.010097697205005945
4640.0,0.42823680375325573,0.010097697205005945
4641.0,0.4286829720694191,0.010097697205005945
4642.0,0.43642090659142085,0.010097697205005945
4643.0,0.4429763987688982,0.010097697205005945
4644.0,0.44243723687921443,0.010097697205005945
4645.0,0.44189807498953054,0.010097697205005945
4646.0,0.4392604903717819,0.010097697205005945
4647.0,0.43589287195705334,0.010097697205005945
4648.0,0.43435172767388036,0.010097697205005945
4649.0,0.43634133796190894,0.010097697205005945
4650.0,0.4383309482499375,0.010097697205005945
4651.0,0.4359957787717245,0.010097697205005945
4652.0,0.43338444200320314,0.010097697205005945
4653.0,0.43370418309026587,0.010097697205005945
4654.0,0.43653068118522564,0.010097697205005945
4655.0,0.43992581783060597,0.010097697205005945
4656.0,0.4468712369038261,0.010097697205005945
4657.0,0.4538166559770463,0.010097697205005945
4658.0,0.45346786673464323,0.010097697205005945
4659.0,0.45051739732755464,0.010097697205005945
4660.0,0.44832038378920597,0.010097697205005945
4661.0,0.4476114455916181,0.010097697205005945
4662.0,0.44690250739403015,0.010097697205005945
4663.0,0.44744118149061746,0.010097697205005945
4664.0,0.4480663396230018,0.010097697205005945
4665.0,0.4481181949224369,0.010097697205005945
4666.0,0.44767018168437916,0.010097697205005945
4667.0,0.44717516042065414,0.010097697205005945
4668.0,0.446374375242229,0.010097697205005945
4669.0,0.4455735900638038,0.010097697205005945
4670.0,0.44295052818049063,0.010097697205005945
4671.0,0.4396612897312922,0.010097697205005945
4672.0,0.4379043555563199,0.010097697205005945
4673.0,0.43923978906520883,0.010097697205005945
4674.0,0.4405752225740977,0.010097697205005945
4675.0,0.442818293763017,0.010097697205005945
4676.0,0.4451292913847644,0.010097697205005945
4677.0,0.44491844875805353,0.010097697205005945
4678.0,0.44246597035493923,0.010097697205005945
4679.0,0.4417715142763168,0.010097697205005945
4680.0,0.4530053218199524,0.010097697205005945
4681.0,0.464239129363588,0.010097697205005945
4682.0,0.4666430676731311,0.010097697205005945
4683.0,0.46573944770522363,0.010097697205005945
4684.0,0.4639070489400176,0.010097697205005945
4685.0,0.46015904390538254,0.010097697205005945
4686.0,0.45641103887074747,0.010097697205005945
4687.0,0.45447566366169945,0.010097697205005945
4688.0,0.45268605116236077,0.010097697205005945
4689.0,0.4526481188122164,0.010097697205005945
4690.0,0.45419752133411173,0.010097697205005945
4691.0,0.45652581829198297,0.010097697205005945
4692.0,0.46437443503879317,0.010097697205005945
4693.0,0.47222305178560325,0.010097697205005945
4694.0,0.4684068976150881,0.010097697205005945
4695.0,0.4601147266972239,0.010097697205005945
4696.0,0.45612144036520424,0.010097697205005945
4697.0,0.4611911010145231,0.010097697205005945
4698.0,0.466260761663842,0.010097697205005945
4699.0,0.46443983976516295,0.010097697205005945
4700.0,0.4620259863825609,0.010097697205005945
4701.0,0.4608971068758104,0.010097697205005945
4702.0,0.4609552702104919,0.010097697205005945
4703.0,0.4617002028783944,0.010097697205005945
4704.0,0.4675369405017033,0.010097697205005945
4705.0,0.47337367812501224,0.010097697205005945
4706.0,0.4730522914785445,0.010097697205005945
4707.0,0.47031090616419063,0.010097697205005945
4708.0,0.46889285924025365,0.010097697205005945
4709.0,0.47032700755930135,0.010097697205005945
4710.0,0.4717611558783491,0.010097697205005945
4711.0,0.47365749387627337,0.010097697205005945
4712.0,0.4755962345970302,0.010097697205005945
4713.0,0.4772157412163831,0.010097697205005945
4714.0,0.4785346171201943,0.010097697205005945
4715.0,0.47929094865553107,0.010097697205005945
4716.0,0.4756771986757786,0.010097697205005945
4717.0,0.4720634486960262,0.010097697205005945
4718.0,0.47328450489518187,0.010097697205005945
4719.0,0.4764508787319733,0.010097697205005945
4720.0,0.479172872347774,0.010097697205005945
4721.0,0.4809155203226997,0.010097697205005945
4722.0,0.48265816829762537,0.010097697205005945
4723.0,0.47740289684884596,0.010097697205005945
4724.0,0.471465351306053,0.010097697205005945
4725.0,0.4689904397040654,0.010097697205005945
4726.0,0.46983965668524946,0.010097697205005945
4727.0,0.4709474131409149,0.010097697205005945
4728.0,0.4741632606961851,0.010097697205005945
4729.0,0.47737910825145535,0.010097697205005945
4730.0,0.4866641175342649,0.010097697205005945
4731.0,0.4984487985116362,0.010097697205005945
4732.0,0.5018262517288554,0.010097697205005945
4733.0,0.4862546017522597,0.010097697205005945
4734.0,0.4706829517756639,0.010097697205005945
4735.0,0.47289859909848425,0.010097697205005945
4736.0,0.4769518744866738,0.010097697205005945
4737.0,0.47642382538875805,0.010097697205005945
4738.0,0.47141238985789297,0.010097697205005945
4739.0,0.46844020697869176,0.010097697205005945
4740.0,0.4829540295953636,0.010097697205005945
4741.0,0.49746785221203543,0.010097697205005945
4742.0,0.4955414335963121,0.010097697205005945
4743.0,0.4866854252460999,0.010097697205005945
4744.0,0.4823973387340369,0.010097697205005945
4745.0,0.48864084979326283,0.010097697205005945
4746.0,0.4948843608524888,0.010097697205005945
4747.0,0.48703540193123446,0.010097697205005945
4748.0,0.4776477179255675,0.010097697205005945
4749.0,0.4738906711898583,0.010097697205005945
4750.0,0.47575075899684166,0.010097697205005945
4751.0,0.47815071075134075,0.010097697205005945
4752.0,0.48542895118818913,0.010097697205005945
4753.0,0.4927071916250375,0.010097697205005945
4754.0,0.4945014410296053,0.010097697205005945
4755.0,0.4939306015181886,0.010097697205005945
4756.0,0.49269889484111684,0.010097697205005945
4757.0,0.48990828779345025,0.010097697205005945
4758.0,0.48711768074578365,0.010097697205005945
4759.0,0.482283269441383,0.010097697205005945
4760.0,0.477213560725899,0.010097697205005945
4761.0,0.4780723907457176,0.010097697205005945
4762.0,0.484960243208209,0.010097697205005945
4763.0,0.49192977376664454,0.010097697205005945
4764.0,0.4996788648863704,0.010097697205005945
4765.0,0.5074279560060964,0.010097697205005945
4766.0,0.503325303608449,0.010097697205005945
4767.0,0.49399394083549697,0.010097697205005945
4768.0,0.48564501877163346,0.010097697205005945
4769.0,0.4796676441571698,0.010097697205005945
4770.0,0.47369026954270604,0.010097697205005945
4771.0,0.48287847209316404,0.010097697205005945
4772.0,0.4939036893742266,0.010097697205005945
4773.0,0.49917360786947096,0.010097697205005945
4774.0,0.49847715305129503,0.010097697205005945
4775.0,0.4979993154963929,0.010097697205005945
4776.0,0.499730969748972,0.010097697205005945
4777.0,0.5014626240015512,0.010097697205005945
4778.0,0.5051653638438988,0.010097697205005945
4779.0,0.5097574959645574,0.010097697205005945
4780.0,0.511299019186252,0.010097697205005945
4781.0,0.5053029962534296,0.010097697205005945
4782.0,0.4993069733206072,0.010097697205005945
4783.0,0.4947491394038351,0.010097697205005945
4784.0,0.4903742415730022,0.010097697205005945
4785.0,0.4873930454510676,0.010097697205005945
4786.0,0.4858846995301407,0.010097697205005945
4787.0,0.4846301229514725,0.010097697205005945
4788.0,0.4860990990319552,0.010097697205005945
4789.0,0.48756807511243794,0.010097697205005945
4790.0,0.4928570408712886,0.010097697205005945
4791.0,0.49990856327120975,0.010097697205005945
4792.0,0.5077427530960213,0.010097697205005945
4793.0,0.5175568261948174,0.010097697205005945
4794.0,0.5273708992936134,0.010097697205005945
4795.0,0.5178593039424164,0.010097697205005945
4796.0,0.5057709527978899,0.010097697205005945
4797.0,0.4981919504295162,0.010097697205005945
4798.0,0.49547089985988035,0.010097697205005945
4799.0,0.4936099344234618,0.010097697205005945
4800.0,0.5015821811070988,0.010097697205005945
4801.0,0.5095544277907358,0.010097697205005945
4802.0,0.5102287987779299,0.010097697205005945
4803.0,0.5074605322899409,0.010097697205005945
4804.0,0.5071339068085287,0.010097697205005945
4805.0,0.5131323944519113,0.010097697205005945
4806.0,0.5191308820952939,0.010097697205005945
4807.0,0.5157235748997977,0.010097697205005945
4808.0,0.5110038312151614,0.010097697205005945
4809.0,0.5124408316086282,0.010097697205005945
4810.0,0.5206393947679712,0.010097697205005945
4811.0,0.5277519186289634,0.010097697205005945
4812.0,0.5215906288433585,0.010097697205005945
4813.0,0.5154293390577535,0.010097697205005945
4814.0,0.51381937944652,0.010097697205005945
4815.0,0.5144041003997969,0.010097697205005945
4816.0,0.5157168788301271,0.010097697205005945
4817.0,0.5189615641622827,0.010097697205005945
4818.0,0.5222062494944383,0.010097697205005945
4819.0,0.5229762524067978,0.010097697205005945
4820.0,0.5233854350488705,0.010097697205005945
4821.0,0.5236999516160179,0.010097697205005945
4822.0,0.5239084807201452,0.010097697205005945
4823.0,0.5239708587665727,0.010097697205005945
4824.0,0.5221159331069036,0.010097697205005945
4825.0,0.5202610074472346,0.010097697205005945
4826.0,0.5153564889152558,0.010097697205005945
4827.0,0.5089490348279296,0.010097697205005945
4828.0,0.5053501121540267,0.010097697205005945
4829.0,0.5093868842603732,0.010097697205005945
4830.0,0.5134236563667196,0.010097697205005945
4831.0,0.5174217820194722,0.010097697205005945
4832.0,0.521414027852176,0.010097697205005945
4833.0,0.5262845327367208,0.010097697205005945
4834.0,0.5321574721174548,0.010097697205005945
4835.0,0.5370896191312557,0.010097697205005945
4836.0,0.5287138304819599,0.010097697205005945
4837.0,0.5203380418326641,0.010097697205005945
4838.0,0.5231370015901063,0.010097697205005945
4839.0,0.5315636776029321,0.010097697205005945
4840.0,0.5368271257494895,0.010097697205005945
4841.0,0.5332766707959564,0.010097697205005945
4842.0,0.5297262158424234,0.010097697205005945
4843.0,0.534795962238353,0.010097697205005945
4844.0,0.5412324721305839,0.010097697205005945
4845.0,0.5451586395784926,0.010097697205005945
4846.0,0.5461636812730114,0.010097697205005945
4847.0,0.5470882771202036,0.010097697205005945
4848.0,0.5467793699750502,0.010097697205005945
4849.0,0.5464704628298968,0.010097697205005945
4850.0,0.5388271517161497,0.010097697205005945
4851.0,0.5274099563785661,0.010097697205005945
4852.0,0.5213786017912759,0.010097697205005945
4853.0,0.5307318015694289,0.010097697205005945
4854.0,0.5400850013475818,0.010097697205005945
4855.0,0.543354302088088,0.010097697205005945
4856.0,0.5456195467636413,0.010097697205005945
4857.0,0.547277336374467,0.010097697205005945
4858.0,0.548214470632914,0.010097697205005945
4859.0,0.54903178142941,0.010097697205005945
4860.0,0.547845236032431,0.010097697205005945
4861.0,0.5466586906354521,0.010097697205005945
4862.0,0.5474583021718301,0.010097697205005945
4863.0,0.5493019192757435,0.010097697205005945
4864.0,0.5502409383737522,0.010097697205005945
4865.0,0.5485301680299381,0.010097697205005945
4866.0,0.5468193976861241,0.010097697205005945
4867.0,0.5438330946899479,0.010097697205005945
4868.0,0.540627923925013,0.010097697205005945
4869.0,0.5411692387665691,0.010097697205005945
4870.0,0.5462421117952851,0.010097697205005945
4871.0,0.5509880764966599,0.010097697205005945
4872.0,0.5497280509979952,0.010097697205005945
4873.0,0.5484680254993304,0.010097697205005945
4874.0,0.5527187112802998,0.010097697205005945
4875.0,0.5599280999807773,0.010097697205005945
4876.0,0.5631478438302443,0.010097697205005945
4877.0,0.5543794721418503,0.010097697205005945
4878.0,0.5456111004534566,0.010097697205005945
4879.0,0.5537658439986453,0.010097697205005945
4880.0,0.5649365882785314,0.010097697205005945
4881.0,0.5696056320012994,0.010097697205005945
4882.0,0.5662564927313596,0.010097697205005945
4883.0,0.5626375495272439,0.010097697205005945
4884.0,0.5535256749452874,0.010097697205005945
4885.0,0.5444138003633311,0.010097697205005945
4886.0,0.5433065166358105,0.010097697205005945
4887.0,0.5465883672987257,0.010097697205005945
4888.0,0.5493733789487235,0.010097697205005945
4889.0,0.550626470308893,0.010097697205005945
4890.0,0.5518795616690624,0.010097697205005945
4891.0,0.5549277815787474,0.010097697205005945
4892.0,0.5583079598261798,0.010097697205005945
4893.0,0.5623450695591371,0.010097697205005945
4894.0,0.5672082394798555,0.010097697205005945
4895.0,0.5716242258927845,0.010097697205005945
4896.0,0.5658444283282035,0.010097697205005945
4897.0,0.5600646307636225,0.010097697205005945
4898.0,0.5573866118450198,0.010097697205005945
4899.0,0.5564453566251962,0.010097697205005945
4900.0,0.5553952870319816,0.010097697205005945
4901.0,0.5540008199469849,0.010097697205005945
4902.0,0.5526063528619883,0.010097697205005945
4903.0,0.5563505551073149,0.010097697205005945
4904.0,0.5610798527607446,0.010097697205005945
4905.0,0.5684941412719177,0.010097697205005945
4906.0,0.5793511029924672,0.010097697205005945
4907.0,0.5896564653318577,0.010097697205005945
4908.0,0.5856914178747434,0.010097697205005945
4909.0,0.5817263704176293,0.010097697205005945
4910.0,0.5770311577667568,0.010097697205005945
4911.0,0.5719185110522834,0.010097697205005945
4912.0,0.5652832160983328,0.010097697205005945
4913.0,0.553699314366076,0.010097697205005945
4914.0,0.5421154126338191,0.010097697205005945
4915.0,0.5522473062776297,0.010097697205005945
4916.0,0.5666911132479043,0.010097697205005945
4917.0,0.5739116587632535,0.010097697205005945
4918.0,0.5716879399940369,0.010097697205005945
4919.0,0.569345620005819,0.010097697205005945
4920.0,0.5634628339985411,0.010097697205005945
4921.0,0.5575800479912634,0.010097697205005945
4922.0,0.561315864956388,0.010097697205005945
4923.0,0.5706655813749936,0.010097697205005945
4924.0,0.5771715670816367,0.010097697205005945
4925.0,0.5741836393176221,0.010097697205005945
4926.0,0.5711957115536074,0.010097697205005945
4927.0,0.5661581715278801,0.010097697205005945
4928.0,0.5606994376654496,0.010097697205005945
4929.0,0.5598707384124848,0.010097697205005945
4930.0,0.5652154186388045,0.010097697205005945
4931.0,0.5706419690890041,0.010097697205005945
4932.0,0.578951775249795,0.010097697205005945
4933.0,0.5872615814105858,0.010097697205005945
4934.0,0.5881420325332615,0.010097697205005945
4935.0,0.584596182091085,0.010097697205005945
4936.0,0.5823741684533168,0.010097697205005945
4937.0,0.5846940417242763,0.010097697205005945
4938.0,0.5870139149952359,0.010097697205005945
4939.0,0.5946718129251812,0.010097697205005945
4940.0,0.6034641382207913,0.010097697205005945
4941.0,0.605117886090657,0.010097697205005945
4942.0,0.5970647864694094,0.010097697205005945
4943.0,0.5891826247868924,0.010097697205005945
4944.0,0.5886238042689159,0.010097697205005945
4945.0,0.5880649837509393,0.010097697205005945
4946.0,0.585742727957802,0.010097697205005945
4947.0,0.5823481128757177,0.010097697205005945
4948.0,0.5818708474650156,0.010097697205005945
4949.0,0.5916835817104379,0.010097697205005945
4950.0,0.6014963159558601,0.010097697205005945
4951.0,0.5966016661811109,0.010097697205005945
4952.0,0.5884769906332539,0.010097697205005945
4953.0,0.5833116809621358,0.010097697205005945
4954.0,0.5822504775498771,0.010097697205005945
4955.0,0.5812567000406751,0.010097697205005945
4956.0,0.5839398817780779,0.010097697205005945
4957.0,0.5866230635154805,0.010097697205005945
4958.0,0.5877108487917236,0.010097697205005945
4959.0,0.5878084950191143,0.010097697205005945
4960.0,0.5869473082421329,0.010097697205005945
4961.0,0.5826076883992986,0.010097697205005945
4962.0,0.5782680685564642,0.010097697205005945
4963.0,0.5769037663011763,0.010097697205005945
4964.0,0.5762142783440952,0.010097697205005945
4965.0,0.5793041245034773,0.010097697205005945
4966.0,0.5877398113841096,0.010097697205005945
4967.0,0.5961087694388149,0.010097697205005945
4968.0,0.5994912643196607,0.010097697205005945
4969.0,0.6028737592005066,0.010097697205005945
4970.0,0.6015151725310096,0.010097697205005945
4971.0,0.597153900879633,0.010097697205005945
4972.0,0.5937150070470062,0.010097697205005945
4973.0,0.5937193076855114,0.010097697205005945
4974.0,0.5937236083240166,0.010097697205005945
4975.0,0.5988648164510326,0.010097697205005945
4976.0,0.6052084414420239,0.010097697205005945
4977.0,0.6090179688622877,0.010097697205005945
4978.0,0.6091712616643731,0.010097697205005945
4979.0,0.6092783550366856,0.010097697205005945
4980.0,0.6039339156959738,0.010097697205005945
4981.0,0.5985894763552618,0.010097697205005945
4982.0,0.6012640550874703,0.010097697205005945
4983.0,0.6091208846296537,0.010097697205005945
4984.0,0.6151102503289175,0.010097697205005945
4985.0,0.6139229090504585,0.010097697205005945
4986.0,0.6127355677719998,0.010097697205005945
4987.0,0.6072725694988018,0.010097697205005945
4988.0,0.6007772963624968,0.010097697205005945
4989.0,0.5996678059941093,0.010097697205005945
4990.0,0.6064851650408104,0.010097697205005945
4991.0,0.613273270984966,0.010097697205005945
4992.0,0.6119680185575179,0.010097697205005945
4993.0,0.6106627661300698,0.010097697205005945
4994.0,0.6111098635345437,0.010097697205005945
4995.0,0.6127123947923357,0.010097697205005945
4996.0,0.6145769902559216,0.010097697205005945
4997.0,0.6174789232007697,0.010097697205005945
4998.0,0.6203808561456177,0.010097697205005945
4999.0,0.6182589693637827,0.010097697205005945
5000.0,0.614886776622984,0.010097697205005945
5001.0,0.6109418606470782,0.010097697205005945
5002.0,0.6061369998737128,0.010097697205005945
5003.0,0.6013321391003476,0.010097697205005945
5004.0,0.6054938068279966,0.010097697205005945
5005.0,0.6096662516331701,0.010097697205005945
5006.0,0.6142804174549649,0.010097697205005945
5007.0,0.6191917249244862,0.010097697205005945
5008.0,0.6231017373697407,0.010097697205005945
5009.0,0.6229271987708839,0.010097697205005945
5010.0,0.6227526601720272,0.010097697205005945
5011.0,0.6198147600741989,0.010097697205005945
5012.0,0.6161683057458632,0.010097697205005945
5013.0,0.6133815740713126,0.010097697205005945
5014.0,0.6119118643344749,0.010097697205005945
5015.0,0.6104421545976371,0.010097697205005945
5016.0,0.6147499851421773,0.010097697205005945
5017.0,0.6190927042149839,0.010097697205005945
5018.0,0.6131385217966552,0.010097697205005945
5019.0,0.6001182470595108,0.010097697205005945
5020.0,0.5921946528611354,0.010097697205005945
5021.0,0.6057089711788969,0.010097697205005945
5022.0,0.6192232894966584,0.010097697205005945
5023.0,0.6222227192396896,0.010097697205005945
5024.0,0.6224458354591952,0.010097697205005945
5025.0,0.6202672006419627,0.010097697205005945
5026.0,0.6143344442042358,0.010097697205005945
5027.0,0.6084016877665086,0.010097697205005945
5028.0,0.6186318636624114,0.010097697205005945
5029.0,0.6290385764406001,0.010097697205005945
5030.0,0.6349114898664505,0.010097697205005945
5031.0,0.6376107437456693,0.010097697205005945
5032.0,0.6375780197680544,0.010097697205005945
5033.0,0.6256892123989168,0.010097697205005945
5034.0,0.6138004050297794,0.010097697205005945
5035.0,0.6208532297556641,0.010097697205005945
5036.0,0.6330535514478193,0.010097697205005945
5037.0,0.6388929594658256,0.010097697205005945
5038.0,0.6345866110939067,0.010097697205005945
5039.0,0.6302802627219879,0.010097697205005945
5040.0,0.6332868645530311,0.010097697205005945
5041.0,0.6364094033994847,0.010097697205005945
5042.0,0.6325604752028396,0.010097697205005945
5043.0,0.6237339769157484,0.010097697205005945
5044.0,0.617471656579874,0.010097697205005945
5045.0,0.6226975282491016,0.010097697205005945
5046.0,0.6279233999183291,0.010097697205005945
5047.0,0.6255719794693855,0.010097697205005945
5048.0,0.6211021762777247,0.010097697205005945
5049.0,0.6211546627521868,0.010097697205005945
5050.0,0.6285683525948411,0.010097697205005945
5051.0,0.6359820424374955,0.010097697205005945
5052.0,0.6370507113766274,0.010097697205005945
5053.0,0.6379871923802678,0.010097697205005945
5054.0,0.6362777137591513,0.010097697205005945
5055.0,0.632641405618763,0.010097697205005945
5056.0,0.6310848394203273,0.010097697205005945
5057.0,0.6391541058585879,0.010097697205005945
5058.0,0.6472233722968485,0.010097697205005945
5059.0,0.6490552340238384,0.010097697205005945
5060.0,0.6490939624026132,0.010097697205005945
5061.0,0.6466603890864889,0.010097697205005945
5062.0,0.6401194774912942,0.010097697205005945
5063.0,0.6335785658960992,0.010097697205005945
5064.0,0.640166679167572,0.010097697205005945
5065.0,0.6470943361855943,0.010097697205005945
5066.0,0.6493164799437305,0.010097697205005945
5067.0,0.6480439433519599,0.010097697205005945
5068.0,0.6476503095402991,0.010097697205005945
5069.0,0.6514619813917993,0.010097697205005945
5070.0,0.6552736532432997,0.010097697205005945
5071.0,0.6562850940032147,0.010097697205005945
5072.0,0.6564690947827218,0.010097697205005945
5073.0,0.6527002598728138,0.010097697205005945
5074.0,0.6422282343439648,0.010097697205005945
5075.0,0.6317562088151161,0.010097697205005945
5076.0,0.633098209263091,0.010097697205005945
5077.0,0.6348057426930156,0.010097697205005945
5078.0,0.643637404823239,0.010097697205005945
5079.0,0.657864767804531,0.010097697205005945
5080.0,0.6676663946663762,0.010097697205005945
5081.0,0.6555606277368948,0.010097697205005945
5082.0,0.6434548608074132,0.010097697205005945
5083.0,0.6441954115563306,0.010097697205005945
5084.0,0.6488360963108958,0.010097697205005945
5085.0,0.6532214589297328,0.010097697205005945
5086.0,0.6571648212611463,0.010097697205005945
5087.0,0.6611081835925595,0.010097697205005945
5088.0,0.6678918411186958,0.010097697205005945
5089.0,0.6747779471033483,0.010097697205005945
5090.0,0.6755793391144352,0.010097697205005945
5091.0,0.6716812605459471,0.010097697205005945
5092.0,0.6677969118703291,0.010097697205005945
5093.0,0.6639829288956702,0.010097697205005945
5094.0,0.6601689459210113,0.010097697205005945
5095.0,0.6617347818587819,0.010097697205005945
5096.0,0.6649781046385346,0.010097697205005945
5097.0,0.6629210112212834,0.010097697205005945
5098.0,0.6514957403395578,0.010097697205005945
5099.0,0.6400704694578321,0.010097697205005945
5100.0,0.6519262312337466,0.010097697205005945
5101.0,0.6647423356067794,0.010097697205005945
5102.0,0.6715425367511182,0.010097697205005945
5103.0,0.6736048913612692,0.010097697205005945
5104.0,0.6750085501192242,0.010097697205005945
5105.0,0.6729141346924208,0.010097697205005945
5106.0,0.6708197192656173,0.010097697205005945
5107.0,0.6730717929542211,0.010097697205005945
5108.0,0.6767152942201828,0.010097697205005945
5109.0,0.6768421431007907,0.010097697205005945
5110.0,0.6706224408751792,0.010097697205005945
5111.0,0.6644027386495677,0.010097697205005945
5112.0,0.6715250338254675,0.010097697205005945
5113.0,0.6792674972222941,0.010097697205005945
5114.0,0.6789663234782226,0.010097697205005945
5115.0,0.6722058653634368,0.010097697205005945
5116.0,0.6678380091489021,0.010097697205005945
5117.0,0.6766481555881129,0.010097697205005945
5118.0,0.6854583020273236,0.010097697205005945
5119.0,0.6807919221262045,0.010097697205005945
5120.0,0.6716978477655889,0.010097697205005945
5121.0,0.664878126731484,0.010097697205005945
5122.0,0.6622500466404406,0.010097697205005945
5123.0,0.6596219665493972,0.010097697205005945
5124.0,0.6712573355655561,0.010097697205005945
5125.0,0.6836310902046855,0.010097697205005945
5126.0,0.6892665089794033,0.010097697205005945
5127.0,0.6893847313586023,0.010097697205005945
5128.0,0.6892513295705961,0.010097697205005945
5129.0,0.6876792057297811,0.010097697205005945
5130.0,0.6861070818889662,0.010097697205005945
5131.0,0.6863083401075224,0.010097697205005945
5132.0,0.6871073675595755,0.010097697205005945
5133.0,0.6846785029252735,0.010097697205005945
5134.0,0.6761736061284246,0.010097697205005945
5135.0,0.6676687093315756,0.010097697205005945
5136.0,0.6722732877769517,0.010097697205005945
5137.0,0.6776265037678777,0.010097697205005945
5138.0,0.6761382741757593,0.010097697205005945
5139.0,0.6689387937555072,0.010097697205005945
5140.0,0.6650787631746407,0.010097697205005945
5141.0,0.6810606303895128,0.010097697205005945
5142.0,0.6970424976043852,0.010097697205005945
5143.0,0.697066605670835,0.010097697205005945
5144.0,0.6915738147748278,0.010097697205005945
5145.0,0.6844656226617727,0.010097697205005945
5146.0,0.674251325752436,0.010097697205005945
5147.0,0.6640370288430991,0.010097697205005945
5148.0,0.6618087242517392,0.010097697205005945
5149.0,0.6600795441802524,0.010097697205005945
5150.0,0.6600359217202221,0.010097697205005945
5151.0,0.661426896071723,0.010097697205005945
5152.0,0.6635974687121055,0.010097697205005945
5153.0,0.670586765258764,0.010097697205005945
5154.0,0.6775760618054226,0.010097697205005945
5155.0,0.6710852369800393,0.010097697205005945
5156.0,0.6598160927089679,0.010097697205005945
5157.0,0.6504256716880302,0.010097697205005945
5158.0,0.644725838688708,0.010097697205005945
5159.0,0.6390260056893858,0.010097697205005945
5160.0,0.6517278273949606,0.010097697205005945
5161.0,0.665680017945859,0.010097697205005945
5162.0,0.6670122508932412,0.010097697205005945
5163.0,0.65739398251201,0.010097697205005945
5164.0,0.6485837385187551,0.010097697205005945
5165.0,0.6449751515230798,0.010097697205005945
5166.0,0.6413665645274045,0.010097697205005945
5167.0,0.6462837918795443,0.010097697205005945
5168.0,0.6542987782909567,0.010097697205005945
5169.0,0.6567576681052794,0.010097697205005945
5170.0,0.648064248504523,0.010097697205005945
5171.0,0.6393708289037667,0.010097697205005945
5172.0,0.6351851613616047,0.010097697205005945
5173.0,0.6313306044732316,0.010097697205005945
5174.0,0.6344167553423262,0.010097697205005945
5175.0,0.6436427630737879,0.010097697205005945
5176.0,0.6510906508897195,0.010097697205005945
5177.0,0.6466020855689789,0.010097697205005945
5178.0,0.6421135202482383,0.010097697205005945
5179.0,0.6429053504527104,0.010097697205005945
5180.0,0.6456631928296639,0.010097697205005945
5181.0,0.6480860588840315,0.010097697205005945
5182.0,0.6498217940202735,0.010097697205005945
5183.0,0.6515575291565154,0.010097697205005945
5184.0,0.6518539533935166,0.010097697205005945
5185.0,0.65203664969677,0.010097697205005945
5186.0,0.6580881981562509,0.010097697205005945
5187.0,0.6694324329210095,0.010097697205005945
5188.0,0.6790912662965352,0.010097697205005945
5189.0,0.6769360841648665,0.010097697205005945
5190.0,0.674780902033198,0.010097697205005945
5191.0,0.6737425299334864,0.010097697205005945
5192.0,0.6731301384429794,0.010097697205005945
5193.0,0.6754271289212357,0.010097697205005945
5194.0,0.6838240875421715,0.010097697205005945
5195.0,0.6922210461631074,0.010097697205005945
5196.0,0.6930027235616244,0.010097697205005945
5197.0,0.693139878460854,0.010097697205005945
5198.0,0.6969186559684272,0.010097697205005945
5199.0,0.7040453768417334,0.010097697205005945
5200.0,0.709673201204301,0.010097697205005945
5201.0,0.7043141141431234,0.010097697205005945
5202.0,0.6989550270819458,0.010097697205005945
5203.0,0.7023780909872864,0.010097697205005945
5204.0,0.7092319116975749,0.010097697205005945
5205.0,0.7130290125349908,0.010097697205005945
5206.0,0.7102743515317009,0.010097697205005945
5207.0,0.707519690528411,0.010097697205005945
5208.0,0.7096101728672842,0.010097697205005945
5209.0,0.7121382401415092,0.010097697205005945
5210.0,0.7155607788136435,0.010097697205005945
5211.0,0.719821624400564,0.010097697205005945
5212.0,0.722524400768548,0.010097697205005945
5213.0,0.7132657499036664,0.010097697205005945
5214.0,0.7040070990387848,0.010097697205005945
5215.0,0.714386525363212,0.010097697205005945
5216.0,0.732621182563343,0.010097697205005945
5217.0,0.7438439518729452,0.010097697205005945
5218.0,0.7396996718592466,0.010097697205005945
5219.0,0.7355553918455481,0.010097697205005945
5220.0,0.7326725710619562,0.010097697205005945
5221.0,0.7299109167570461,0.010097697205005945
5222.0,0.7286176429201202,0.010097697205005945
5223.0,0.7287272584035451,0.010097697205005945
5224.0,0.728444449651706,0.010097697205005945
5225.0,0.7250009196136779,0.010097697205005945
5226.0,0.7215573895756499,0.010097697205005945
5227.0,0.7232950759863814,0.010097697205005945
5228.0,0.7271543434133564,0.010097697205005945
5229.0,0.7327574653423149,0.010097697205005945
5230.0,0.7422689926920536,0.010097697205005945
5231.0,0.7517805200417923,0.010097697205005945
5232.0,0.7353654443392046,0.010097697205005945
5233.0,0.716309696103508,0.010097697205005945
5234.0,0.7108244381975347,0.010097697205005945
5235.0,0.7185559374610104,0.010097697205005945
5236.0,0.725566339755874,0.010097697205005945
5237.0,0.7264720006687329,0.010097697205005945
5238.0,0.7273776615815916,0.010097697205005945
5239.0,0.7257157284289222,0.010097697205005945
5240.0,0.7229777677803095,0.010097697205005945
5241.0,0.7212509361773687,0.010097697205005945
5242.0,0.721842107920238,0.010097697205005945
5243.0,0.7224332796631072,0.010097697205005945
5244.0,0.7264812180502611,0.010097697205005945
5245.0,0.730901494333939,0.010097697205005945
5246.0,0.7341039109981374,0.010097697205005945
5247.0,0.736097208662134,0.010097697205005945
5248.0,0.7377003973956501,0.010097697205005945
5249.0,0.7358251148323923,0.010097697205005945
5250.0,0.7339498322691345,0.010097697205005945
5251.0,0.733117112465569,0.010097697205005945
5252.0,0.7327314607407743,0.010097697205005945
5253.0,0.7327264818850976,0.010097697205005945
5254.0,0.7336143261441377,0.010097697205005945
5255.0,0.7345021704031777,0.010097697205005945
5256.0,0.7375624742098023,0.010097697205005945
5257.0,0.7408696484195619,0.010097697205005945
5258.0,0.739402226463844,0.010097697205005945
5259.0,0.7331025441377559,0.010097697205005945
5260.0,0.7282186506990599,0.010097697205005945
5261.0,0.7366608701629771,0.010097697205005945
5262.0,0.7451030896268941,0.010097697205005945
5263.0,0.7474341625876272,0.010097697205005945
5264.0,0.747084352626413,0.010097697205005945
5265.0,0.7467637789235549,0.010097697205005945
5266.0,0.7465133722407504,0.010097697205005945
5267.0,0.746262965557946,0.010097697205005945
5268.0,0.7472116179906371,0.010097697205005945
5269.0,0.7483037062583804,0.010097697205005945
5270.0,0.7503733652759836,0.010097697205005945
5271.0,0.753451591189175,0.010097697205005945
5272.0,0.7554576862782383,0.010097697205005945
5273.0,0.7467847940796225,0.010097697205005945
5274.0,0.7381119018810068,0.010097697205005945
5275.0,0.7427837169704302,0.010097697205005945
5276.0,0.7534432441995141,0.010097697205005945
5277.0,0.7603498410452655,0.010097697205005945
5278.0,0.758037621347732,0.010097697205005945
5279.0,0.7557254016501984,0.010097697205005945
5280.0,0.7509419230852183,0.010097697205005945
5281.0,0.7458478673923015,0.010097697205005945
5282.0,0.7462560016263514,0.010097697205005945
5283.0,0.7524509218180716,0.010097697205005945
5284.0,0.7577576473413994,0.010097697205005945
5285.0,0.7536766486613642,0.010097697205005945
5286.0,0.7495956499813289,0.010097697205005945
5287.0,0.7535857780558571,0.010097697205005945
5288.0,0.761279295289221,0.010097697205005945
5289.0,0.7698245069955112,0.010097697205005945
5290.0,0.7805115326505994,0.010097697205005945
5291.0,0.7911985583056876,0.010097697205005945
5292.0,0.782872914518511,0.010097697205005945
5293.0,0.7720415248945146,0.010097697205005945
5294.0,0.7650120088760413,0.010097697205005945
5295.0,0.7620586309769152,0.010097697205005945
5296.0,0.7597143426455798,0.010097697205005945
5297.0,0.764222311951892,0.010097697205005945
5298.0,0.7687302812582044,0.010097697205005945
5299.0,0.7621649460686658,0.010097697205005945
5300.0,0.7504047272884913,0.010097697205005945
5301.0,0.7434800487352965,0.010097697205005945
5302.0,0.749007405101366,0.010097697205005945
5303.0,0.7545347614674355,0.010097697205005945
5304.0,0.7551651181930997,0.010097697205005945
5305.0,0.755119796006634,0.010097697205005945
5306.0,0.7589274914752085,0.010097697205005945
5307.0,0.766946399707459,0.010097697205005945
5308.0,0.7743346352838655,0.010097697205005945
5309.0,0.7741449447299342,0.010097697205005945
5310.0,0.773955254176003,0.010097697205005945
5311.0,0.7729412413566914,0.010097697205005945
5312.0,0.7715319052484761,0.010097697205005945
5313.0,0.7697848028954862,0.010097697205005945
5314.0,0.767146823634882,0.010097697205005945
5315.0,0.7645088443742778,0.010097697205005945
5316.0,0.7660918868967675,0.010097697205005945
5317.0,0.7682837306379735,0.010097697205005945
5318.0,0.7724525571109221,0.010097697205005945
5319.0,0.7788241638357336,0.010097697205005945
5320.0,0.7840199155532785,0.010097697205005945
5321.0,0.7740667352604995,0.010097697205005945
5322.0,0.7641135549677205,0.010097697205005945
5323.0,0.7615208451611606,0.010097697205005945
5324.0,0.7625359509417592,0.010097697205005945
5325.0,0.7661333999424387,0.010097697205005945
5326.0,0.7767089141778326,0.010097697205005945
5327.0,0.7872844284132265,0.010097697205005945
5328.0,0.7821508895548128,0.010097697205005945
5329.0,0.7746523136974744,0.010097697205005945
5330.0,0.7743072253958404,0.010097697205005945
5331.0,0.7820877652664631,0.010097697205005945
5332.0,0.7889889404202787,0.010097697205005945
5333.0,0.7836889301284357,0.010097697205005945
5334.0,0.7783889198365926,0.010097697205005945
5335.0,0.7834509960754928,0.010097697205005945
5336.0,0.7937034507928405,0.010097697205005945
5337.0,0.801001426371611,0.010097697205005945
5338.0,0.80011776741279,0.010097697205005945
5339.0,0.7992341084539688,0.010097697205005945
5340.0,0.7909228515084172,0.010097697205005945
5341.0,0.7814458743232785,0.010097697205005945
5342.0,0.778548439664045,0.010097697205005945
5343.0,0.7832703197951691,0.010097697205005945
5344.0,0.7875241136863056,0.010097697205005945
5345.0,0.7847476123192327,0.010097697205005945
5346.0,0.7819711109521601,0.010097697205005945
5347.0,0.7825474538666817,0.010097697205005945
5348.0,0.7848397715314921,0.010097697205005945
5349.0,0.7869708638664104,0.010097697205005945
5350.0,0.7886442842971176,0.010097697205005945
5351.0,0.7903177047278248,0.010097697205005945
5352.0,0.7882298132675691,0.010097697205005945
5353.0,0.7855272940262485,0.010097697205005945
5354.0,0.785351889541529,0.010097697205005945
5355.0,0.7881600681856697,0.010097697205005945
5356.0,0.790865172653982,0.010097697205005945
5357.0,0.791884584871768,0.010097697205005945
5358.0,0.7929039970895538,0.010097697205005945
5359.0,0.7911366249133078,0.010097697205005945
5360.0,0.7879121771672363,0.010097697205005945
5361.0,0.785637101417795,0.010097697205005945
5362.0,0.7861254558932872,0.010097697205005945
5363.0,0.7866138103687794,0.010097697205005945
5364.0,0.7878528157859029,0.010097697205005945
5365.0,0.789219389691702,0.010097697205005945
5366.0,0.7903100090360654,0.010097697205005945
5367.0,0.7910684608527745,0.010097697205005945
5368.0,0.7921489608830861,0.010097697205005945
5369.0,0.7990043709254532,0.010097697205005945
5370.0,0.8058597809678203,0.010097697205005945
5371.0,0.8064397886106454,0.010097697205005945
5372.0,0.8036682922095154,0.010097697205005945
5373.0,0.8011401747950394,0.010097697205005945
5374.0,0.7993387008622472,0.010097697205005945
5375.0,0.7975372269294551,0.010097697205005945
5376.0,0.7940559951540266,0.010097697205005945
5377.0,0.7902781959628783,0.010097697205005945
5378.0,0.7900494067502255,0.010097697205005945
5379.0,0.7941762206929932,0.010097697205005945
5380.0,0.7979343205388509,0.010097697205005945
5381.0,0.7943826634134526,0.010097697205005945
5382.0,0.7908310062880541,0.010097697205005945
5383.0,0.7949377811110669,0.010097697205005945
5384.0,0.803221882451389,0.010097697205005945
5385.0,0.808066161478752,0.010097697205005945
5386.0,0.8023728384937238,0.010097697205005945
5387.0,0.7966795155086955,0.010097697205005945
5388.0,0.7956451597798646,0.010097697205005945
5389.0,0.79546450685792,0.010097697205005945
5390.0,0.7977233484220576,0.010097697205005945
5391.0,0.8030348547079708,0.010097697205005945
5392.0,0.8081470671455339,0.010097697205005945
5393.0,0.8088471352182656,0.010097697205005945
5394.0,0.8095472032909972,0.010097697205005945
5395.0,0.8086397055720377,0.010097697205005945
5396.0,0.8068367786831261,0.010097697205005945
5397.0,0.8053198180192227,0.010097697205005945
5398.0,0.8047020148389261,0.010097697205005945
5399.0,0.8040842116586295,0.010097697205005945
5400.0,0.8094599157062665,0.010097697205005945
5401.0,0.8159743861272127,0.010097697205005945
5402.0,0.8171239587668133,0.010097697205005945
5403.0,0.8114281563684723,0.010097697205005945
5404.0,0.805994283763231,0.010097697205005945
5405.0,0.8071168412913993,0.010097697205005945
5406.0,0.8082393988195676,0.010097697205005945
5407.0,0.8078316843793834,0.010097697205005945
5408.0,0.8065536457688751,0.010097697205005945
5409.0,0.8064006227746079,0.010097697205005945
5410.0,0.8098796298916632,0.010097697205005945
5411.0,0.8133586370087185,0.010097697205005945
5412.0,0.8129702561036108,0.010097697205005945
5413.0,0.8118206220964402,0.010097697205005945
5414.0,0.8131957116722991,0.010097697205005945
5415.0,0.8178557316559041,0.010097697205005945
5416.0,0.8222987859908779,0.010097697205005945
5417.0,0.8205040779277207,0.010097697205005945
5418.0,0.8187093698645636,0.010097697205005945
5419.0,0.8241142874619181,0.010097697205005945
5420.0,0.833699632862157,0.010097697205005945
5421.0,0.8387062670151372,0.010097697205005945
5422.0,0.8285296099855034,0.010097697205005945
5423.0,0.8183529529558696,0.010097697205005945
5424.0,0.8195452513120156,0.010097697205005945
5425.0,0.8230540564736374,0.010097697205005945
5426.0,0.8218099380771358,0.010097697205005945
5427.0,0.8142595663563095,0.010097697205005945
5428.0,0.8071274802178646,0.010097697205005945
5429.0,0.8140951039190799,0.010097697205005945
5430.0,0.8210627276202953,0.010097697205005945
5431.0,0.8263210323315913,0.010097697205005945
5432.0,0.8305661651750575,0.010097697205005945
5433.0,0.8330120233435101,0.010097697205005945
5434.0,0.829327019656376,0.010097697205005945
5435.0,0.8256420159692419,0.010097697205005945
5436.0,0.8236070947286915,0.010097697205005945
5437.0,0.8219199379572613,0.010097697205005945
5438.0,0.8210524340211226,0.010097697205005945
5439.0,0.8212940083564644,0.010097697205005945
5440.0,0.82144420053206,0.010097697205005945
5441.0,0.8178797079139681,0.010097697205005945
5442.0,0.8143152152958761,0.010097697205005945
5443.0,0.8208390727139314,0.010097697205005945
5444.0,0.8334664790941155,0.010097697205005945
5445.0,0.8441712164377122,0.010097697205005945
5446.0,0.848141415750447,0.010097697205005945
5447.0,0.8521116150631818,0.010097697205005945
5448.0,0.8503797651323803,0.010097697205005945
5449.0,0.8474058021353726,0.010097697205005945
5450.0,0.8443188216882517,0.010097697205005945
5451.0,0.8410758771599739,0.010097697205005945
5452.0,0.8378405235423221,0.010097697205005945
5453.0,0.8349927807985036,0.010097697205005945
5454.0,0.8321450380546849,0.010097697205005945
5455.0,0.8337375274855126,0.010097697205005945
5456.0,0.8380717525115605,0.010097697205005945
5457.0,0.8411091213652605,0.010097697205005945
5458.0,0.8394749420180239,0.010097697205005945
5459.0,0.8378407626707872,0.010097697205005945
5460.0,0.8392304155261917,0.010097697205005945
5461.0,0.8413004306271914,0.010097697205005945
5462.0,0.8424039439653307,0.010097697205005945
5463.0,0.8421470921054571,0.010097697205005945
5464.0,0.8418486585958763,0.010097697205005945
5465.0,0.8387053472189597,0.010097697205005945
5466.0,0.8355620358420432,0.010097697205005945
5467.0,0.8344685369235593,0.010097697205005945
5468.0,0.8346667006501136,0.010097697205005945
5469.0,0.8354202255737436,0.010097697205005945
5470.0,0.8382320383238265,0.010097697205005945
5471.0,0.8410438510739094,0.010097697205005945
5472.0,0.8470595853000511,0.010097697205005945
5473.0,0.8538194255494774,0.010097697205005945
5474.0,0.8565398174192694,0.010097697205005945
5475.0,0.8534608842762094,0.010097697205005945
5476.0,0.8504139792847811,0.010097697205005945
5477.0,0.8506699774303256,0.010097697205005945
5478.0,0.8509259755758699,0.010097697205005945
5479.0,0.8496202996513605,0.010097697205005945
5480.0,0.8473104703800303,0.010097697205005945
5481.0,0.8470804769747935,0.010097697205005945
5482.0,0.8547851175095607,0.010097697205005945
5483.0,0.8624897580443277,0.010097697205005945
5484.0,0.8572803802402504,0.010097697205005945
5485.0,0.8489770188758363,0.010097697205005945
5486.0,0.8396564073535876,0.010097697205005945
5487.0,0.8288460359848068,0.010097697205005945
5488.0,0.8181501728300603,0.010097697205005945
5489.0,0.8311861370357968,0.010097697205005945
5490.0,0.8442221012415332,0.010097697205005945
5491.0,0.8450815492688906,0.010097697205005945
5492.0,0.8379524280340928,0.010097697205005945
5493.0,0.8346526846847169,0.010097697205005945
5494.0,0.8463985443880775,0.010097697205005945
5495.0,0.8581444040914379,0.010097697205005945
5496.0,0.8557454567463667,0.010097697205005945
5497.0,0.8498526573608902,0.010097697205005945
5498.0,0.8470104913257565,0.010097697205005945
5499.0,0.8487260080505742,0.010097697205005945
5500.0,0.850441524775392,0.010097697205005945
5501.0,0.8531307274545047,0.010097697205005945
5502.0,0.8558199301336173,0.010097697205005945
5503.0,0.8554049468740254,0.010097697205005945
5504.0,0.8529122119039614,0.010097697205005945
5505.0,0.8498787564683099,0.010097697205005945
5506.0,0.8446562024204606,0.010097697205005945
5507.0,0.8394336483726114,0.010097697205005945
5508.0,0.8369431939952225,0.010097697205005945
5509.0,0.8351481083592592,0.010097697205005945
5510.0,0.8357716861835411,0.010097697205005945
5511.0,0.8400818934638947,0.010097697205005945
5512.0,0.8443921007442483,0.010097697205005945
5513.0,0.8446006144283907,0.010097697205005945
5514.0,0.8447893370698509,0.010097697205005945
5515.0,0.84642350747023,0.010097697205005945
5516.0,0.8490446704817498,0.010097697205005945
5517.0,0.8530467484682207,0.010097697205005945
5518.0,0.8628126454805616,0.010097697205005945
5519.0,0.8725785424929025,0.010097697205005945
5520.0,0.8702705102834009,0.010097697205005945
5521.0,0.8647976451112014,0.010097697205005945
5522.0,0.8603468656260158,0.010097697205005945
5523.0,0.8574856488503861,0.010097697205005945
5524.0,0.8546244320747565,0.010097697205005945
5525.0,0.8595099059149075,0.010097697205005945
5526.0,0.8644704991792128,0.010097697205005945
5527.0,0.8684460995993271,0.010097697205005945
5528.0,0.8717356153906982,0.010097697205005945
5529.0,0.8733712720313079,0.010097697205005945
5530.0,0.8678858536023888,0.010097697205005945
5531.0,0.8624004351734696,0.010097697205005945
5532.0,0.8593182467172787,0.010097697205005945
5533.0,0.8568844907384847,0.010097697205005945
5534.0,0.8587528460119739,0.010097697205005945
5535.0,0.8674484647945012,0.010097697205005945
5536.0,0.8761440835770287,0.010097697205005945
5537.0,0.8673243213172387,0.010097697205005945
5538.0,0.8582485486159083,0.010097697205005945
5539.0,0.8579993487611556,0.010097697205005945
5540.0,0.8640211842347788,0.010097697205005945
5541.0,0.8696392821406094,0.010097697205005945
5542.0,0.8734629908562517,0.010097697205005945
5543.0,0.877286699571894,0.010097697205005945
5544.0,0.8760373567004803,0.010097697205005945
5545.0,0.873379697360886,0.010097697205005945
5546.0,0.873173873728952,0.010097697205005945
5547.0,0.876938790315396,0.010097697205005945
5548.0,0.8807037069018399,0.010097697205005945
5549.0,0.8750803343547147,0.010097697205005945
5550.0,0.8692731030240649,0.010097697205005945
5551.0,0.865120720355607,0.010097697205005945
5552.0,0.8621675033843893,0.010097697205005945
5553.0,0.859934673448061,0.010097697205005945
5554.0,0.8610088551349714,0.010097697205005945
5555.0,0.8620830368218818,0.010097697205005945
5556.0,0.8709777313798424,0.010097697205005945
5557.0,0.8821051340877157,0.010097697205005945
5558.0,0.8867325397089898,0.010097697205005945
5559.0,0.8806163195724594,0.010097697205005945
5560.0,0.8745000994359291,0.010097697205005945
5561.0,0.8801966830503793,0.010097697205005945
5562.0,0.8861838645430821,0.010097697205005945
5563.0,0.8831146418719692,0.010097697205005945
5564.0,0.8733523772927478,0.010097697205005945
5565.0,0.8672019684074035,0.010097697205005945
5566.0,0.8781891920557631,0.010097697205005945
5567.0,0.8891764157041225,0.010097697205005945
5568.0,0.89231966585311,0.010097697205005945
5569.0,0.8931608803011888,0.010097697205005945
5570.0,0.8932735223621239,0.010097697205005945
5571.0,0.8921569922989425,0.010097697205005945
5572.0,0.891040462235761,0.010097697205005945
5573.0,0.8885717832815909,0.010097697205005945
5574.0,0.8860629911341165,0.010097697205005945
5575.0,0.8845867941340769,0.010097697205005945
5576.0,0.8838888477925253,0.010097697205005945
5577.0,0.8827623452099393,0.010097697205005945
5578.0,0.8795325736997166,0.010097697205005945
5579.0,0.876302802189494,0.010097697205005945
5580.0,0.8767446452812606,0.010097697205005945
5581.0,0.87829370965144,0.010097697205005945
5582.0,0.881496145837792,0.010097697205005945
5583.0,0.8875460557075477,0.010097697205005945
5584.0,0.8935959655773034,0.010097697205005945
5585.0,0.8927687186205582,0.010097697205005945
5586.0,0.8917022662089842,0.010097697205005945
5587.0,0.8934268763640721,0.010097697205005945
5588.0,0.8972966343941712,0.010097697205005945
5589.0,0.899927167138887,0.010097697205005945
5590.0,0.8962620736162491,0.010097697205005945
5591.0,0.8925969800936111,0.010097697205005945
5592.0,0.8882016986736557,0.010097697205005945
5593.0,0.8835802427006008,0.010097697205005945
5594.0,0.8834685465664797,0.010097697205005945
5595.0,0.8912862625994645,0.010097697205005945
5596.0,0.8991039786324495,0.010097697205005945
5597.0,0.9022309622394161,0.010097697205005945
5598.0,0.90517055079316,0.010097697205005945
5599.0,0.9024699910114365,0.010097697205005945
5600.0,0.8953491008425981,0.010097697205005945
5601.0,0.8897574784177149,0.010097697205005945
5602.0,0.8922146335925821,0.010097697205005945
5603.0,0.8946717887674495,0.010097697205005945
5604.0,0.8939644988509782,0.010097697205005945
5605.0,0.8922507952266642,0.010097697205005945
5606.0,0.8905912079812185,0.010097697205005945
5607.0,0.8890287759797141,0.010097697205005945
5608.0,0.8874663439782097,0.010097697205005945
5609.0,0.8923746500717659,0.010097697205005945
5610.0,0.8975752354268324,0.010097697205005945
5611.0,0.8968851509106451,0.010097697205005945
5612.0,0.8914876196290967,0.010097697205005945
5613.0,0.887187900279033,0.010097697205005945
5614.0,0.8888793406170441,0.010097697205005945
5615.0,0.8905707809550554,0.010097697205005945
5616.0,0.8892186767130671,0.010097697205005945
5617.0,0.8868730587148695,0.010097697205005945
5618.0,0.8881489323130612,0.010097697205005945
5619.0,0.8960642071713089,0.010097697205005945
5620.0,0.9039794820295565,0.010097697205005945
5621.0,0.8983442028970172,0.010097697205005945
5622.0,0.8920254153664577,0.010097697205005945
5623.0,0.8897001428352564,0.010097697205005945
5624.0,0.89062884548871,0.010097697205005945
5625.0,0.8917908371456038,0.010097697205005945
5626.0,0.8942741777179821,0.010097697205005945
5627.0,0.8967575182903604,0.010097697205005945
5628.0,0.9028545038412792,0.010097697205005945
5629.0,0.9101618288161026,0.010097697205005945
5630.0,0.9152826013264247,0.010097697205005945
5631.0,0.9163092428428715,0.010097697205005945
5632.0,0.9173358843593182,0.010097697205005945
5633.0,0.9106705797916237,0.010097697205005945
5634.0,0.9035763200557433,0.010097697205005945
5635.0,0.9036983980168339,0.010097697205005945
5636.0,0.9098155872954076,0.010097697205005945
5637.0,0.9138434512840639,0.010097697205005945
5638.0,0.905577103649359,0.010097697205005945
5639.0,0.897310756014654,0.010097697205005945
5640.0,0.8936012873768688,0.010097697205005945
5641.0,0.8914573271686707,0.010097697205005945
5642.0,0.8906204361281171,0.010097697205005945
5643.0,0.892283429124977,0.010097697205005945
5644.0,0.893946422121837,0.010097697205005945
5645.0,0.8974227005781963,0.010097697205005945
5646.0,0.9010098550881303,0.010097697205005945
5647.0,0.9043966142012213,0.010097697205005945
5648.0,0.9076136370801794,0.010097697205005945
5649.0,0.9095109906404301,0.010097697205005945
5650.0,0.903332419139186,0.010097697205005945
5651.0,0.897153847637942,0.010097697205005945
5652.0,0.8980701599001136,0.010097697205005945
5653.0,0.9014858062153016,0.010097697205005945
5654.0,0.9064011834189013,0.010097697205005945
5655.0,0.914246885868997,0.010097697205005945
5656.0,0.9220925883190927,0.010097697205005945
5657.0,0.9235293053176856,0.010097697205005945
5658.0,0.9245393036946699,0.010097697205005945
5659.0,0.9240788235667984,0.010097697205005945
5660.0,0.9223485342602361,0.010097697205005945
5661.0,0.9198963599134029,0.010097697205005945
5662.0,0.9128445640710493,0.010097697205005945
5663.0,0.9057927682286956,0.010097697205005945
5664.0,0.903659625702173,0.010097697205005945
5665.0,0.9033026635396937,0.010097697205005945
5666.0,0.9057234331042263,0.010097697205005945
5667.0,0.9136896742820313,0.010097697205005945
5668.0,0.9216559154598365,0.010097697205005945
5669.0,0.9209654133557098,0.010097697205005945
5670.0,0.9196510018258561,0.010097697205005945
5671.0,0.9191769412965394,0.010097697205005945
5672.0,0.919442693160471,0.010097697205005945
5673.0,0.919087773030082,0.010097697205005945
5674.0,0.9146102242401949,0.010097697205005945
5675.0,0.910132675450308,0.010097697205005945
5676.0,0.923316208603766,0.010097697205005945
5677.0,0.9430355039895405,0.010097697205005945
5678.0,0.9502577153481916,0.010097697205005945
5679.0,0.931984050899652,0.010097697205005945
5680.0,0.9137103864511124,0.010097697205005945
5681.0,0.9178775420404663,0.010097697205005945
5682.0,0.9237865465331453,0.010097697205005945
5683.0,0.9219663146886287,0.010097697205005945
5684.0,0.9132091372476486,0.010097697205005945
5685.0,0.9071600576082366,0.010097697205005945
5686.0,0.9198871227263388,0.010097697205005945
5687.0,0.932614187844441,0.010097697205005945
5688.0,0.9296435041048886,0.010097697205005945
5689.0,0.9207211904176398,0.010097697205005945
5690.0,0.9155862588730446,0.010097697205005945
5691.0,0.9183487204629419,0.010097697205005945
5692.0,0.9211111820528392,0.010097697205005945
5693.0,0.9295025868971726,0.010097697205005945
5694.0,0.9383624603608572,0.010097697205005945
5695.0,0.9395496602699391,0.010097697205005945
5696.0,0.9337168048348121,0.010097697205005945
5697.0,0.9280223798024203,0.010097697205005945
5698.0,0.9233312325403495,0.010097697205005945
5699.0,0.9186400852782788,0.010097697205005945
5700.0,0.9180628417728651,0.010097697205005945
5701.0,0.9190831642262866,0.010097697205005945
5702.0,0.9231485764522166,0.010097697205005945
5703.0,0.9337048379300589,0.010097697205005945
5704.0,0.9442610994079011,0.010097697205005945
5705.0,0.943682205489939,0.010097697205005945
5706.0,0.9421135199812387,0.010097697205005945
5707.0,0.9406228481095111,0.010097697205005945
5708.0,0.9392049406973269,0.010097697205005945
5709.0,0.9382094966267693,0.010097697205005945
5710.0,0.940419547601958,0.010097697205005945
5711.0,0.9426295985771465,0.010097697205005945
5712.0,0.9422219743140898,0.010097697205005945
5713.0,0.9407734288573038,0.010097697205005945
5714.0,0.9400632993741124,0.010097697205005945
5715.0,0.9409624657723056,0.010097697205005945
5716.0,0.9418616321704987,0.010097697205005945
5717.0,0.9401874654858028,0.010097697205005945
5718.0,0.938269829705221,0.010097697205005945
5719.0,0.9354531939295665,0.010097697205005945
5720.0,0.931781771273351,0.010097697205005945
5721.0,0.9282746860095924,0.010097697205005945
5722.0,0.9260752316105382,0.010097697205005945
5723.0,0.9238757772114842,0.010097697205005945
5724.0,0.9255455116364655,0.010097697205005945
5725.0,0.9287903719171714,0.010097697205005945
5726.0,0.9335310132755014,0.010097697205005945
5727.0,0.9416052752525618,0.010097697205005945
5728.0,0.9496795372296221,0.010097697205005945
5729.0,0.9486351470970704,0.010097697205005945
5730.0,0.9466752780208837,0.010097697205005945
5731.0,0.9420863167095578,0.010097697205005945
5732.0,0.9349490626880529,0.010097697205005945
5733.0,0.9292072622607606,0.010097697205005945
5734.0,0.9351308267108415,0.010097697205005945
5735.0,0.9410543911609224,0.010097697205005945
5736.0,0.9427632844443397,0.010097697205005945
5737.0,0.9427160647416492,0.010097697205005945
5738.0,0.9418865395357904,0.010097697205005945
5739.0,0.939273727375857,0.010097697205005945
5740.0,0.9366609152159238,0.010097697205005945
5741.0,0.9351945755076784,0.010097697205005945
5742.0,0.933850038981551,0.010097697205005945
5743.0,0.9362595059701259,0.010097697205005945
5744.0,0.9423781792954131,0.010097697205005945
5745.0,0.9472923325192094,0.010097697205005945
5746.0,0.9416067088499073,0.010097697205005945
5747.0,0.9359210851806052,0.010097697205005945
5748.0,0.937281729726197,0.010097697205005945
5749.0,0.9416466906853348,0.010097697205005945
5750.0,0.9446047526800024,0.010097697205005945
5751.0,0.944281926289528,0.010097697205005945
5752.0,0.9439590998990534,0.010097697205005945
5753.0,0.9431770326869628,0.010097697205005945
5754.0,0.942343461831327,0.010097697205005945
5755.0,0.9428865442767138,0.010097697205005945
5756.0,0.9448162317337326,0.010097697205005945
5757.0,0.9466729855865572,0.010097697205005945
5758.0,0.9478526274596986,0.010097697205005945
5759.0,0.9490322693328398,0.010097697205005945
5760.0,0.9495961355825263,0.010097697205005945
5761.0,0.9498913962585337,0.010097697205005945
5762.0,0.9471487327756519,0.010097697205005945
5763.0,0.9371570388811312,0.010097697205005945
5764.0,0.9271653449866105,0.010097697205005945
5765.0,0.9356502118217643,0.010097697205005945
5766.0,0.946317544890757,0.010097697205005945
5767.0,0.95087479094223,0.010097697205005945
5768.0,0.9491584196667021,0.010097697205005945
5769.0,0.948027792461765,0.010097697205005945
5770.0,0.9526481070408083,0.010097697205005945
5771.0,0.9572684216198514,0.010097697205005945
5772.0,0.9556262626415535,0.010097697205005945
5773.0,0.9511899097322956,0.010097697205005945
5774.0,0.9475183482808354,0.010097697205005945
5775.0,0.9457145213399476,0.010097697205005945
5776.0,0.9439106943990598,0.010097697205005945
5777.0,0.9479996231288054,0.010097697205005945
5778.0,0.952820176044382,0.010097697205005945
5779.0,0.9539735778747716,0.010097697205005945
5780.0,0.95128863483467,0.010097697205005945
5781.0,0.9492324202326341,0.010097697205005945
5782.0,0.9537218715611111,0.010097697205005945
5783.0,0.9582113228895883,0.010097697205005945
5784.0,0.9581062649649751,0.010097697205005945
5785.0,0.9559047613846678,0.010097697205005945
5786.0,0.9539700687246858,0.010097697205005945
5787.0,0.9527024033655178,0.010097697205005945
5788.0,0.95143473800635,0.010097697205005945
5789.0,0.9477512558295698,0.010097697205005945
5790.0,0.943753094664335,0.010097697205005945
5791.0,0.942895113530535,0.010097697205005945
5792.0,0.9453876966982611,0.010097697205005945
5793.0,0.9476075393957775,0.010097697205005945
5794.0,0.9468074731188298,0.010097697205005945
5795.0,0.9460074068418823,0.010097697205005945
5796.0,0.9466281191621384,0.010097697205005945
5797.0,0.9479116947363708,0.010097697205005945
5798.0,0.9461508470930327,0.010097697205005945
5799.0,0.9365967964269338,0.010097697205005945
5800.0,0.927042745760835,0.010097697205005945
5801.0,0.9326039152738833,0.010097697205005945
5802.0,0.9402271884948584,0.010097697205005945
5803.0,0.9477060530628008,0.010097697205005945
5804.0,0.9550278415520059,0.010097697205005945
5805.0,0.9617373757375238,0.010097697205005945
5806.0,0.9612128898425797,0.010097697205005945
5807.0,0.9606884039476354,0.010097697205005945
5808.0,0.960159095685118,0.010097697205005945
5809.0,0.9596274873926766,0.010097697205005945
5810.0,0.959870985738191,0.010097697205005945
5811.0,0.9621466114866921,0.010097697205005945
5812.0,0.9644222372351933,0.010097697205005945
5813.0,0.9598247843279466,0.010097697205005945
5814.0,0.9542468099115184,0.010097697205005945
5815.0,0.9528637305808777,0.010097697205005945
5816.0,0.956132205801056,0.010097697205005945
5817.0,0.9591591167023505,0.010097697205005945
5818.0,0.9591288529449746,0.010097697205005945
5819.0,0.9590985891875985,0.010097697205005945
5820.0,0.9636049340325316,0.010097697205005945
5821.0,0.9703228755710884,0.010097697205005945
5822.0,0.9724454796776609,0.010097697205005945
5823.0,0.9622257394426145,0.010097697205005945
5824.0,0.952005999207568,0.010097697205005945
5825.0,0.948916881350013,0.010097697205005945
5826.0,0.9468899803431724,0.010097697205005945
5827.0,0.9481309099605122,0.010097697205005945
5828.0,0.953065908979104,0.010097697205005945
5829.0,0.9572549033381332,0.010097697205005945
5830.0,0.9512877640862921,0.010097697205005945
5831.0,0.9453206248344511,0.010097697205005945
5832.0,0.9471715924037678,0.010097697205005945
5833.0,0.9529175520404503,0.010097697205005945
5834.0,0.9585952940772529,0.010097697205005945
5835.0,0.9640852840711421,0.010097697205005945
5836.0,0.9695752740650315,0.010097697205005945
5837.0,0.9732322846823956,0.010097697205005945
5838.0,0.9766045606393279,0.010097697205005945
5839.0,0.9769364896738659,0.010097697205005945
5840.0,0.9737645563637333,0.010097697205005945
5841.0,0.9704837490904367,0.010097697205005945
5842.0,0.9656006457554965,0.010097697205005945
5843.0,0.9607175424205564,0.010097697205005945
5844.0,0.9596093508321228,0.010097697205005945
5845.0,0.9604228081581245,0.010097697205005945
5846.0,0.9620008956932827,0.010097697205005945
5847.0,0.965736082212993,0.010097697205005945
5848.0,0.9694712687327034,0.010097697205005945
5849.0,0.9664746790257089,0.010097697205005945
5850.0,0.9623889874466115,0.010097697205005945
5851.0,0.9610634549646303,0.010097697205005945
5852.0,0.9629809292547125,0.010097697205005945
5853.0,0.9646734039600564,0.010097697205005945
5854.0,0.9627658853095864,0.010097697205005945
5855.0,0.9608583666591165,0.010097697205005945
5856.0,0.9634463521913701,0.010097697205005945
5857.0,0.9683723280376366,0.010097697205005945
5858.0,0.9710872429306809,0.010097697205005945
5859.0,0.9674066123562239,0.010097697205005945
5860.0,0.963725981781767,0.010097697205005945
5861.0,0.9677817971780558,0.010097697205005945
5862.0,0.9731396792173836,0.010097697205005945
5863.0,0.977930248569659,0.010097697205005945
5864.0,0.9820412401912725,0.010097697205005945
5865.0,0.9855300327843696,0.010097697205005945
5866.0,0.9781234290559614,0.010097697205005945
5867.0,0.970716825327553,0.010097697205005945
5868.0,0.9665766145425634,0.010097697205005945
5869.0,0.9641716750087662,0.010097697205005945
5870.0,0.9638591169502677,0.010097697205005945
5871.0,0.9697539572684793,0.010097697205005945
5872.0,0.9756487975866911,0.010097697205005945
5873.0,0.9691709825307501,0.010097697205005945
5874.0,0.9605292615983831,0.010097697205005945
5875.0,0.960100969337219,0.010097697205005945
5876.0,0.9697040112931401,0.010097697205005945
5877.0,0.9786228844896727,0.010097697205005945
5878.0,0.9743256196999072,0.010097697205005945
5879.0,0.9700283549101417,0.010097697205005945
5880.0,0.9711968746664642,0.010097697205005945
5881.0,0.9753310886301979,0.010097697205005945
5882.0,0.9785289267437193,0.010097697205005945
5883.0,0.9788767276820894,0.010097697205005945
5884.0,0.9792245286204596,0.010097697205005945
5885.0,0.981489231347782,0.010097697205005945
5886.0,0.9841019673077079,0.010097697205005945
5887.0,0.9843611904138747,0.010097697205005945
5888.0,0.9816896239285646,0.010097697205005945
5889.0,0.9789538668915155,0.010097697205005945
5890.0,0.9748371455521954,0.010097697205005945
5891.0,0.9707204242128752,0.010097697205005945
5892.0,0.96942308291773,0.010097697205005945
5893.0,0.9696879727291478,0.010097697205005945
5894.0,0.9694761532704648,0.010097697205005945
5895.0,0.9677752073294381,0.010097697205005945
5896.0,0.9660742613884115,0.010097697205005945
5897.0,0.9711833375965948,0.010097697205005945
5898.0,0.97757475749051,0.010097697205005945
5899.0,0.9775234201879427,0.010097697205005945
5900.0,0.9692913612135508,0.010097697205005945
5901.0,0.9619117216235494,0.010097697205005945
5902.0,0.9751967943821196,0.010097697205005945
5903.0,0.9884818671406898,0.010097697205005945
5904.0,0.9930634897621472,0.010097697205005945
5905.0,0.9927207919112921,0.010097697205005945
5906.0,0.9910482456952427,0.010097697205005945
5907.0,0.985110781742323,0.010097697205005945
5908.0,0.9791733177894031,0.010097697205005945
5909.0,0.9853582787421309,0.010097697205005945
5910.0,0.99390859089596,0.010097697205005945
5911.0,0.9956570371221324,0.010097697205005945
5912.0,0.9885986596954333,0.010097697205005945
5913.0,0.9818718608058027,0.010097697205005945
5914.0,0.9843377910128265,0.010097697205005945
5915.0,0.9868037212198505,0.010097697205005945
5916.0,0.9886131764924274,0.010097697205005945
5917.0,0.9900434180244613,0.010097697205005945
5918.0,0.9911408729037766,0.010097697205005945
5919.0,0.9911421903032601,0.010097697205005945
5920.0,0.9911435077027438,0.010097697205005945
5921.0,0.9835215205295501,0.010097697205005945
5922.0,0.974359471826527,0.010097697205005945
5923.0,0.9707178265407923,0.010097697205005945
5924.0,0.974364959026075,0.010097697205005945
5925.0,0.9781839817181842,0.010097697205005945
5926.0,0.987558495894849,0.010097697205005945
5927.0,0.9969330100715139,0.010097697205005945
5928.0,0.9960263159479259,0.010097697205005945
5929.0,0.9890568482274306,0.010097697205005945
5930.0,0.982818526082633,0.010097697205005945
5931.0,0.9790545544913761,0.010097697205005945
5932.0,0.975290582900119,0.010097697205005945
5933.0,0.9777799172034116,0.010097697205005945
5934.0,0.9815761833627422,0.010097697205005945
5935.0,0.9830443893687107,0.010097697205005945
5936.0,0.9813779115625506,0.010097697205005945
5937.0,0.9796787823121917,0.010097697205005945
5938.0,0.9767171305528167,0.010097697205005945
5939.0,0.9737554787934416,0.010097697205005945
5940.0,0.9779364470399091,0.010097697205005945
5941.0,0.9864167230975804,0.010097697205005945
5942.0,0.9916544217831443,0.010097697205005945
5943.0,0.9856128325130916,0.010097697205005945
5944.0,0.9795712432430389,0.010097697205005945
5945.0,0.9752518017904843,0.010097697205005945
5946.0,0.9713044448298847,0.010097697205005945
5947.0,0.9706571283907491,0.010097697205005945
5948.0,0.9745414915281009,0.010097697205005945
5949.0,0.9784599062777437,0.010097697205005945
5950.0,0.9840127984173374,0.010097697205005945
5951.0,0.9895656905569311,0.010097697205005945
5952.0,0.9874304241460787,0.010097697205005945
5953.0,0.9805720060676207,0.010097697205005945
5954.0,0.9765113333856779,0.010097697205005945
5955.0,0.9824579807758738,0.010097697205005945
5956.0,0.9884046281660697,0.010097697205005945
5957.0,0.9925155616750322,0.010097697205005945
5958.0,0.9962167616892105,0.010097697205005945
5959.0,0.9963434784852058,0.010097697205005945
5960.0,0.9914638585548728,0.010097697205005945
5961.0,0.9867826164744199,0.010097697205005945
5962.0,0.9946144387705175,0.010097697205005945
5963.0,1.0024462610666154,0.010097697205005945
5964.0,1.0040275446915246,0.010097697205005945
5965.0,1.0016900335636012,0.010097697205005945
5966.0,0.9982568006272021,0.010097697205005945
5967.0,0.9907915576652248,0.010097697205005945
5968.0,0.9833263147032472,0.010097697205005945
5969.0,0.9899473992409729,0.010097697205005945
5970.0,0.9998143731287018,0.010097697205005945
5971.0,1.0030837836305615,0.010097697205005945
5972.0,0.9969281035811997,0.010097697205005945
5973.0,0.9908944337428359,0.010097697205005945
5974.0,0.9960314765557507,0.010097697205005945
5975.0,1.0011685193686655,0.010097697205005945
5976.0,1.0014508101032595,0.010097697205005945
5977.0,0.9986272062995522,0.010097697205005945
5978.0,0.997567786654211,0.010097697205005945
5979.0,1.0031899610339439,0.010097697205005945
5980.0,1.0088121354136768,0.010097697205005945
5981.0,1.0036906441458207,0.010097697205005945
5982.0,0.9960149381623494,0.010097697205005945
5983.0,0.9935802447498095,0.010097697205005945
5984.0,0.9987828970896001,0.010097697205005945
5985.0,1.0039193646502524,0.010097697205005945
5986.0,0.9980956327847652,0.010097697205005945
5987.0,0.9922719009192779,0.010097697205005945
5988.0,0.9897805875597541,0.010097697205005945
5989.0,0.9894646029471792,0.010097697205005945
5990.0,0.9890100611507299,0.010097697205005945
5991.0,0.9880151463371721,0.010097697205005945
5992.0,0.9870202315236143,0.010097697205005945
5993.0,0.9932671781305235,0.010097697205005945
5994.0,1.001289409151419,0.010097697205005945
5995.0,1.003784284625516,0.010097697205005945
5996.0,0.9980623748390113,0.010097697205005945
5997.0,0.9923466072883566,0.010097697205005945
5998.0,0.9917411799652364,0.010097697205005945
5999.0,0.9911357526421163,0.010097697205005945
6000.0,0.9905274041899593,0.010097697205005945
6001.0,0.9899171102658637,0.010097697205005945
6002.0,0.9914299871568572,0.010097697205005945
6003.0,1.0014739178650631,0.010097697205005945
6004.0,1.011517848573269,0.010097697205005945
6005.0,1.0125470133215868,0.010097697205005945
6006.0,1.0112987635116213,0.010097697205005945
6007.0,1.008850721511637,0.010097697205005945
6008.0,1.00458305510262,0.010097697205005945
6009.0,1.0003153886936031,0.010097697205005945
6010.0,0.9981058162122123,0.010097697205005945
6011.0,0.9959036826245354,0.010097697205005945
6012.0,0.9961679677706615,0.010097697205005945
6013.0,0.9981080253226128,0.010097697205005945
6014.0,0.9969022426358438,0.010097697205005945
6015.0,0.9826664673553848,0.010097697205005945
6016.0,0.9684306920749257,0.010097697205005945
6017.0,0.9755802838623489,0.010097697205005945
6018.0,0.9882946005146444,0.010097697205005945
6019.0,0.9966711956394965,0.010097697205005945
6020.0,0.9983355978197482,0.010097697205005945
6021.0,1.0,0.010097697205005945
6022.0,1.0032060050146394,0.010097697205005945
6023.0,1.006425074460078,0.010097697205005945
6024.0,1.0031148798693155,0.010097697205005945
6025.0,0.9952793213835474,0.010097697205005945
6026.0,0.9900956617830756,0.010097697205005945
6027.0,0.9962413170406947,0.010097697205005945
6028.0,1.0023869722983136,0.010097697205005945
6029.0,1.0058715955497515,0.010097697205005945
6030.0,1.0086433700445876,0.010097697205005945
6031.0,1.0115583201865095,0.010097697205005945
6032.0,1.0146993371396194,0.010097697205005945
6033.0,1.0178403540927292,0.010097697205005945
6034.0,1.012080381700233,0.010097697205005945
6035.0,1.0062012963116287,0.010097697205005945
6036.0,1.00042604116046,0.010097697205005945
6037.0,0.9947241905828879,0.010097697205005945
6038.0,0.9904522487749603,0.010097697205005945
6039.0,0.9924849047240976,0.010097697205005945
6040.0,0.9945175606732348,0.010097697205005945
6041.0,0.9966529296276179,0.010097697205005945
6042.0,0.9988166115084086,0.010097697205005945
6043.0,1.000951238641626,0.010097697205005945
6044.0,1.003039050288158,0.010097697205005945
6045.0,1.00512686193469,0.010097697205005945
6046.0,0.9992196748202753,0.010097697205005945
6047.0,0.9931658801491162,0.010097697205005945
6048.0,0.9929705245363294,0.010097697205005945
6049.0,0.996999539236294,0.010097697205005945
6050.0,1.0009248656379193,0.010097697205005945
6051.0,1.004378064654441,0.010097697205005945
6052.0,1.0078312636709625,0.010097697205005945
6053.0,1.0015432463106895,0.010097697205005945
6054.0,0.9924934665261788,0.010097697205005945
6055.0,0.987841697238524,0.010097697205005945
6056.0,0.990422211879047,0.010097697205005945
6057.0,0.99300272651957,0.010097697205005945
6058.0,1.000012464703861,0.010097697205005945
6059.0,1.007125587712884,0.010097697205005945
6060.0,1.008191425429282,0.010097697205005945
6061.0,1.004809988753403,0.010097697205005945
6062.0,1.0014876621671898,0.010097697205005945
6063.0,0.9984434768933055,0.010097697205005945
6064.0,0.9953992916194212,0.010097697205005945
6065.0,0.9988610363282296,0.010097697205005945
6066.0,1.004219083109509,0.010097697205005945
6067.0,1.0041677647514407,0.010097697205005945
6068.0,0.9950370618186437,0.010097697205005945
6069.0,0.9859063588858465,0.010097697205005945
6070.0,0.9934486379002885,0.010097697205005945
6071.0,1.0014643472663127,0.010097697205005945
6072.0,1.0088012888977822,0.010097697205005945
6073.0,1.015629154728337,0.010097697205005945
6074.0,1.0192795011230922,0.010097697205005945
6075.0,1.0074674113901527,0.010097697205005945
6076.0,0.9956553216572132,0.010097697205005945
6077.0,0.9959897925697806,0.010097697205005945
6078.0,0.9999625468582286,0.010097697205005945
6079.0,1.0020187974353068,0.010097697205005945
6080.0,1.000791396702355,0.010097697205005945
6081.0,0.9995639959694028,0.010097697205005945
6082.0,0.9942609607435081,0.010097697205005945
6083.0,0.9888213968187213,0.010097697205005945
6084.0,0.9902818452712533,0.010097697205005945
6085.0,0.9970196336988058,0.010097697205005945
6086.0,1.0032179638029548,0.010097697205005945
6087.0,1.006699456698655,0.010097697205005945
6088.0,1.010180949594355,0.010097697205005945
6089.0,1.0076728446441243,0.010097697205005945
6090.0,1.0033217865105324,0.010097697205005945
6091.0,1.0031773713945582,0.010097697205005945
6092.0,1.010391110731822,0.010097697205005945
6093.0,1.0176048500690857,0.010097697205005945
6094.0,1.0109807513707685,0.010097697205005945
6095.0,1.003821773646141,0.010097697205005945
6096.0,1.0006136026565398,0.010097697205005945
6097.0,1.0004867232444734,0.010097697205005945
6098.0,1.0007245797492763,0.010097697205005945
6099.0,1.0028650512234172,0.010097697205005945
6100.0,1.0050055226975583,0.010097697205005945
6101.0,0.9967374489480785,0.010097697205005945
6102.0,0.9851807353175287,0.010097697205005945
6103.0,0.9823535894276719,0.010097697205005945
6104.0,0.9951170427803827,0.010097697205005945
6105.0,1.0078804961330936,0.010097697205005945
6106.0,1.0070097029794625,0.010097697205005945
6107.0,1.005540916558004,0.010097697205005945
6108.0,1.007881143992721,0.010097697205005945
6109.0,1.013250522532887,0.010097697205005945
6110.0,1.0177304989020757,0.010097697205005945
6111.0,1.0174008619928474,0.010097697205005945
6112.0,1.017071225083619,0.010097697205005945
6113.0,1.0163538151791172,0.010097697205005945
6114.0,1.0155106410599324,0.010097697205005945
6115.0,1.0135975404708693,0.010097697205005945
6116.0,1.0097331841502954,0.010097697205005945
6117.0,1.0058688278297216,0.010097697205005945
6118.0,1.0099523470563154,0.010097697205005945
6119.0,1.0144262531170898,0.010097697205005945
6120.0,1.0137372261629525,0.010097697205005945
6121.0,1.0088617339597752,0.010097697205005945
6122.0,1.003932622989676,0.010097697205005945
6123.0,0.9987026511607356,0.010097697205005945
6124.0,0.9934726793317954,0.010097697205005945
6125.0,0.9961827671552391,0.010097697205005945
6126.0,1.001535306831003,0.010097697205005945
6127.0,1.006268824503484,0.010097697205005945
6128.0,1.009849387104559,0.010097697205005945
6129.0,1.0134299497056343,0.010097697205005945
6130.0,1.0129914767152854,0.010097697205005945
6131.0,1.0123342460914813,0.010097697205005945
6132.0,1.0099943027537086,0.010097697205005945
6133.0,1.0062631692993487,0.010097697205005945
6134.0,1.0042616656023629,0.010097697205005945
6135.0,1.0123402172946339,0.010097697205005945
6136.0,1.0204187689869053,0.010097697205005945
6137.0,1.0159586286754885,0.010097697205005945
6138.0,1.0072179687106364,0.010097697205005945
6139.0,0.9998724904587092,0.010097697205005945
6140.0,0.9951812603435618,0.010097697205005945
6141.0,0.9904900302284143,0.010097697205005945
6142.0,1.0014683268703894,0.010097697205005945
6143.0,1.0133836053922296,0.010097697205005945
6144.0,1.0169786814962904,0.010097697205005945
6145.0,1.0135604896331616,0.010097697205005945
6146.0,1.0111352398363147,0.010097697205005945
6147.0,1.0147265457800867,0.010097697205005945
6148.0,1.0183178517238587,0.010097697205005945
6149.0,1.0156878443974573,0.010097697205005945
6150.0,1.0108798732682107,0.010097697205005945
6151.0,1.0075655002914752,0.010097697205005945
6152.0,1.0071538799079491,0.010097697205005945
6153.0,1.006742259524423,0.010097697205005945
6154.0,1.0135029583693007,0.010097697205005945
6155.0,1.020731417163855,0.010097697205005945
6156.0,1.0226137880943988,0.010097697205005945
6157.0,1.0199018647668043,0.010097697205005945
6158.0,1.017162713187032,0.010097697205005945
6159.0,1.0142518325430872,0.010097697205005945
6160.0,1.0113409518991425,0.010097697205005945
6161.0,1.0121696239511262,0.010097697205005945
6162.0,1.0143403866933243,0.010097697205005945
6163.0,1.01487133339372,0.010097697205005945
6164.0,1.012146157917923,0.010097697205005945
6165.0,1.0094209824421259,0.010097697205005945
6166.0,1.0081564820038866,0.010097697205005945
6167.0,1.006995242654421,0.010097697205005945
6168.0,1.00979407033425,0.010097697205005945
6169.0,1.0160624161996528,0.010097697205005945
6170.0,1.0210094725399994,0.010097697205005945
6171.0,1.0172720531838833,0.010097697205005945
6172.0,1.0135346338277673,0.010097697205005945
6173.0,1.0127740119960542,0.010097697205005945
6174.0,1.0131083041963047,0.010097697205005945
6175.0,1.0089599664254434,0.010097697205005945
6176.0,0.9957159649313652,0.010097697205005945
6177.0,0.982471963437287,0.010097697205005945
6178.0,0.9934963161080749,0.010097697205005945
6179.0,1.0063705820808333,0.010097697205005945
6180.0,1.010438855472453,0.010097697205005945
6181.0,1.0066417763995723,0.010097697205005945
6182.0,1.0042338175858552,0.010097697205005945
6183.0,1.0113531269646996,0.010097697205005945
6184.0,1.018472436343544,0.010097697205005945
6185.0,1.0153454787704537,0.010097697205005945
6186.0,1.0083571181146425,0.010097697205005945
6187.0,1.0038454068838123,0.010097697205005945
6188.0,1.0044697730582923,0.010097697205005945
6189.0,1.0050941392327724,0.010097697205005945
6190.0,0.9997246240660154,0.010097697205005945
6191.0,0.9938647004258877,0.010097697205005945
6192.0,0.9950663828172462,0.010097697205005945
6193.0,1.0026980138198438,0.010097697205005945
6194.0,1.009403872709474,0.010097697205005945
6195.0,1.0094750314561416,0.010097697205005945
6196.0,1.009546190202809,0.010097697205005945
6197.0,1.0056127002192978,0.010097697205005945
6198.0,1.0001333225396107,0.010097697205005945
6199.0,0.999706451443599,0.010097697205005945
6200.0,1.0099901373751343,0.010097697205005945
6201.0,1.0202738233066695,0.010097697205005945
6202.0,1.0129439629284793,0.010097697205005945
6203.0,1.0040734921028502,0.010097697205005945
6204.0,1.0048306930353954,0.010097697205005945
6205.0,1.0145246911323436,0.010097697205005945
6206.0,1.0218140220812673,0.010097697205005945
6207.0,1.0110683494199861,0.010097697205005945
6208.0,1.0003226767587048,0.010097697205005945
6209.0,1.0027885872728721,0.010097697205005945
6210.0,1.0104771671830206,0.010097697205005945
6211.0,1.015645459406459,0.010097697205005945
6212.0,1.0153515311682255,0.010097697205005945
6213.0,1.015057602929992,0.010097697205005945
6214.0,1.0096052839219996,0.010097697205005945
6215.0,1.0036723274538342,0.010097697205005945
6216.0,1.003282666670756,0.010097697205005945
6217.0,1.0081384141878216,0.010097697205005945
6218.0,1.01294875087225,0.010097697205005945
6219.0,1.017402081117115,0.010097697205005945
6220.0,1.0218554113619802,0.010097697205005945
6221.0,1.019527187853442,0.010097697205005945
6222.0,1.0144543220163857,0.010097697205005945
6223.0,1.0123025977618945,0.010097697205005945
6224.0,1.0166247548525404,0.010097697205005945
6225.0,1.0209469119431864,0.010097697205005945
6226.0,1.0155160494111504,0.010097697205005945
6227.0,1.0091201783412473,0.010097697205005945
6228.0,1.00677526374036,0.010097697205005945
6229.0,1.0083379934692513,0.010097697205005945
6230.0,1.0112197092416642,0.010097697205005945
6231.0,1.0249903875732977,0.010097697205005945
6232.0,1.0387610659049313,0.010097697205005945
6233.0,1.0311798488222848,0.010097697205005945
6234.0,1.0147533643693833,0.010097697205005945
6235.0,1.0052509285158464,0.010097697205005945
6236.0,1.0114430028208903,0.010097697205005945
6237.0,1.017635077125934,0.010097697205005945
6238.0,1.013153527228826,0.010097697205005945
6239.0,1.0075536533105394,0.010097697205005945
6240.0,1.0026205694218688,0.010097697205005945
6241.0,0.9983431623956529,0.010097697205005945
6242.0,0.9955846343147893,0.010097697205005945
6243.0,1.0060191593987728,0.010097697205005945
6244.0,1.0164536844827563,0.010097697205005945
6245.0,1.018483228812286,0.010097697205005945
6246.0,1.0169496360014603,0.010097697205005945
6247.0,1.0154847086945338,0.010097697205005945
6248.0,1.0141789978149758,0.010097697205005945
6249.0,1.0128732869354178,0.010097697205005945
6250.0,1.0137316158743088,0.010097697205005945
6251.0,1.01482943188644,0.010097697205005945
6252.0,1.0161900365143541,0.010097697205005945
6253.0,1.0178140614614541,0.010097697205005945
6254.0,1.018545838685875,0.010097697205005945
6255.0,1.0111059324988891,0.010097697205005945
6256.0,1.0036660263119033,0.010097697205005945
6257.0,1.0039558946236162,0.010097697205005945
6258.0,1.007598436211873,0.010097697205005945
6259.0,1.009489456446086,0.010097697205005945
6260.0,1.0072250454516845,0.010097697205005945
6261.0,1.0049606344572832,0.010097697205005945
6262.0,1.0091672663945825,0.010097697205005945
6263.0,1.014128564196571,0.010097697205005945
6264.0,1.0100790460844309,0.010097697205005945
6265.0,0.9968218738464273,0.010097697205005945
6266.0,0.985654471461456,0.010097697205005945
6267.0,0.9947149695769995,0.010097697205005945
6268.0,1.003775467692543,0.010097697205005945
6269.0,1.0110975264927458,0.010097697205005945
6270.0,1.0176482846608403,0.010097697205005945
6271.0,1.0187416778729208,0.010097697205005945
6272.0,1.0065846788050192,0.010097697205005945
6273.0,0.9944276797371181,0.010097697205005945
6274.0,1.0010948903452759,0.010097697205005945
6275.0,1.0100707304419982,0.010097697205005945
6276.0,1.014275469752282,0.010097697205005945
6277.0,1.0135103124100227,0.010097697205005945
6278.0,1.01280634331093,0.010097697205005945
6279.0,1.0127299671383652,0.010097697205005945
6280.0,1.0126535909658008,0.010097697205005945
6281.0,1.0072858564428306,0.010097697205005945
6282.0,0.9995171565252693,0.010097697205005945
6283.0,0.9944554923447452,0.010097697205005945
6284.0,0.9961217747240438,0.010097697205005945
6285.0,0.9977880571033426,0.010097697205005945
6286.0,1.0053585907016762,0.010097697205005945
6287.0,1.0136891566385051,0.010097697205005945
6288.0,1.018687403700916,0.010097697205005945
6289.0,1.020147124037773,0.010097697205005945
6290.0,1.0212811914976032,0.010097697205005945
6291.0,1.0188656425978737,0.010097697205005945
6292.0,1.0164500936981438,0.010097697205005945
6293.0,1.0126245775495364,0.010097697205005945
6294.0,1.0081448762450351,0.010097697205005945
6295.0,1.0040763297663742,0.010097697205005945
6296.0,1.0010540410998519,0.010097697205005945
6297.0,0.9980317524333295,0.010097697205005945
6298.0,1.0043334069838974,0.010097697205005945
6299.0,1.0118926506059778,0.010097697205005945
6300.0,1.0152601993155022,0.010097697205005945
6301.0,1.0140902382821961,0.010097697205005945
6302.0,1.0126321565018734,0.010097697205005945
6303.0,1.0078257624039526,0.010097697205005945
6304.0,1.0030193683060318,0.010097697205005945
6305.0,0.9999051414766722,0.010097697205005945
6306.0,0.997593570980012,0.010097697205005945
6307.0,0.9952925726423567,0.010097697205005945
6308.0,0.9930191259918058,0.010097697205005945
6309.0,0.9907456793412547,0.010097697205005945
6310.0,0.9932856663233989,0.010097697205005945
6311.0,0.9965048090098787,0.010097697205005945
6312.0,1.003046941155334,0.010097697205005945
6313.0,1.013256109648192,0.010097697205005945
6314.0,1.0219551027348888,0.010097697205005945
6315.0,1.011874333915835,0.010097697205005945
6316.0,1.0017935650967809,0.010097697205005945
6317.0,0.9971902552099913,0.010097697205005945
6318.0,0.9952426829873288,0.010097697205005945
6319.0,0.9951475450542806,0.010097697205005945
6320.0,0.9999976722291767,0.010097697205005945
6321.0,1.004847799404073,0.010097697205005945
6322.0,0.9998290948499454,0.010097697205005945
6323.0,0.9933558930575188,0.010097697205005945
6324.0,0.9969765740315073,0.010097697205005945
6325.0,1.0119528731177323,0.010097697205005945
6326.0,1.0250361459935073,0.010097697205005945
6327.0,1.0128246720917267,0.010097697205005945
6328.0,1.0006131981899462,0.010097697205005945
6329.0,0.9965508935866307,0.010097697205005945
6330.0,0.9965265974687225,0.010097697205005945
6331.0,0.9960565125892075,0.010097697205005945
6332.0,0.994367005536687,0.010097697205005945
6333.0,0.9926774984841664,0.010097697205005945
6334.0,0.9987384116498876,0.010097697205005945
6335.0,1.0059908714142634,0.010097697205005945
6336.0,1.0081667213236336,0.010097697205005945
6337.0,1.0045201707549678,0.010097697205005945
6338.0,1.00076748917117,0.010097697205005945
6339.0,0.9954837694246434,0.010097697205005945
6340.0,0.990200049678117,0.010097697205005945
6341.0,0.9917883257386968,0.010097697205005945
6342.0,0.9968560933471657,0.010097697205005945
6343.0,1.001826557624818,0.010097697205005945
6344.0,1.0065242171302275,0.010097697205005945
6345.0,1.0112218766356371,0.010097697205005945
6346.0,1.004091531660622,0.010097697205005945
6347.0,0.9950667291434759,0.010097697205005945
6348.0,0.9958453559803729,0.010097697205005945
6349.0,1.0080868468275812,0.010097697205005945
6350.0,1.0190020282373748,0.010097697205005945
6351.0,1.0091472038575358,0.010097697205005945
6352.0,0.9992923794776969,0.010097697205005945
6353.0,1.0011590257614582,0.010097697205005945
6354.0,1.0090892379258354,0.010097697205005945
6355.0,1.0142861488388122,0.010097697205005945
6356.0,1.0116264077826407,0.010097697205005945
6357.0,1.008966666726469,0.010097697205005945
6358.0,1.0066131060068557,0.010097697205005945
6359.0,1.0043105753433352,0.010097697205005945
6360.0,1.0054400817220681,0.010097697205005945
6361.0,1.010660937522212,0.010097697205005945
6362.0,1.0154403760065038,0.010097697205005945
6363.0,1.0126677399783117,0.010097697205005945
6364.0,1.0098951039501196,0.010097697205005945
6365.0,1.0058097906893166,0.010097697205005945
6366.0,1.0010308057899953,0.010097697205005945
6367.0,0.9961650092455044,0.010097697205005945
6368.0,0.9910433034910832,0.010097697205005945
6369.0,0.9859215977366618,0.010097697205005945
6370.0,0.9907287449734962,0.010097697205005945
6371.0,0.997255961108807,0.010097697205005945
6372.0,0.9978779876028712,0.010097697205005945
6373.0,0.9913226958361692,0.010097697205005945
6374.0,0.9859975214951993,0.010097697205005945
6375.0,1.0038395586723292,0.010097697205005945
6376.0,1.021681595849459,0.010097697205005945
6377.0,1.0213491953645937,0.010097697205005945
6378.0,1.0112073017239065,0.010097697205005945
6379.0,1.003692478708295,0.010097697205005945
6380.0,1.0041223233800858,0.010097697205005945
6381.0,1.0045521680518763,0.010097697205005945
6382.0,1.0022591600808741,0.010097697205005945
6383.0,0.9994763471727128,0.010097697205005945
6384.0,0.9964142420041457,0.010097697205005945
6385.0,0.9930060246526555,0.010097697205005945
6386.0,0.9903366887882518,0.010097697205005945
6387.0,1.0031255314036565,0.010097697205005945
6388.0,1.015914374019061,0.010097697205005945
6389.0,1.0171375198102384,0.010097697205005945
6390.0,1.0119855329012968,0.010097697205005945
6391.0,1.0069417990769152,0.010097697205005945
6392.0,1.002234023101167,0.010097697205005945
6393.0,0.997526247125419,0.010097697205005945
6394.0,0.9990168096230679,0.010097697205005945
6395.0,1.001664042120742,0.010097697205005945
6396.0,0.9999771268952998,0.010097697205005945
6397.0,0.9928136391392899,0.010097697205005945
6398.0,0.9862630055731928,0.010097697205005945
6399.0,0.9941144454698846,0.010097697205005945
6400.0,1.0019658853665765,0.010097697205005945
6401.0,1.000068165144943,0.010097697205005945
6402.0,0.9926831127741578,0.010097697205005945
6403.0,0.9873083020830916,0.010097697205005945
6404.0,0.9883379799595582,0.010097697205005945
6405.0,0.9893676578360248,0.010097697205005945
6406.0,0.9866003912109864,0.010097697205005945
6407.0,0.9830987585290663,0.010097697205005945
6408.0,0.9818079470264481,0.010097697205005945
6409.0,0.9833656935817722,0.010097697205005945
6410.0,0.9851132130171621,0.010097697205005945
6411.0,0.9919403198755312,0.010097697205005945
6412.0,0.9987674267339005,0.010097697205005945
6413.0,0.997953120531175,0.010097697205005945
6414.0,0.9927475296959938,0.010097697205005945
6415.0,0.9884818750560513,0.010097697205005945
6416.0,0.9872914988395085,0.010097697205005945
6417.0,0.9861011226229657,0.010097697205005945
6418.0,0.9867703349576481,0.010097697205005945
6419.0,0.9878120009070563,0.010097697205005945
6420.0,0.9872034109662281,0.010097697205005945
6421.0,0.9844265681474015,0.010097697205005945
6422.0,0.981926347245333,0.010097697205005945
6423.0,0.9880120450671762,0.010097697205005945
6424.0,0.9940977428890194,0.010097697205005945
6425.0,0.9907403568247319,0.010097697205005945
6426.0,0.9818430282139101,0.010097697205005945
6427.0,0.977778326353294,0.010097697205005945
6428.0,0.9899573227839219,0.010097697205005945
6429.0,1.0021363192145498,0.010097697205005945
6430.0,0.9981013243037129,0.010097697205005945
6431.0,0.9907060384337194,0.010097697205005945
6432.0,0.9842713951409701,0.010097697205005945
6433.0,0.9791239049643585,0.010097697205005945
6434.0,0.9743565260066078,0.010097697205005945
6435.0,0.9836014287988162,0.010097697205005945
6436.0,0.9928463315910244,0.010097697205005945
6437.0,0.9915160451177859,0.010097697205005945
6438.0,0.9838528238061276,0.010097697205005945
6439.0,0.9797665804540766,0.010097697205005945
6440.0,0.9880371700533516,0.010097697205005945
6441.0,0.9963077596526266,0.010097697205005945
6442.0,0.9933531630325547,0.010097697205005945
6443.0,0.9879931693654828,0.010097697205005945
6444.0,0.9828346783459554,0.010097697205005945
6445.0,0.9779515361146922,0.010097697205005945
6446.0,0.9731930809689829,0.010097697205005945
6447.0,0.9740801799747043,0.010097697205005945
6448.0,0.9749672789804259,0.010097697205005945
6449.0,0.9750870985833834,0.010097697205005945
6450.0,0.9747379427680182,0.010097697205005945
6451.0,0.9770997095704119,0.010097697205005945
6452.0,0.9890904364905231,0.010097697205005945
6453.0,1.0010811634106342,0.010097697205005945
6454.0,0.9964808450380853,0.010097697205005945
6455.0,0.9882071427370938,0.010097697205005945
6456.0,0.9825278076001231,0.010097697205005945
6457.0,0.9804641853210548,0.010097697205005945
6458.0,0.9785020356704024,0.010097697205005945
6459.0,0.9824760347818973,0.010097697205005945
6460.0,0.9864500338933924,0.010097697205005945
6461.0,0.9883486643489419,0.010097697205005945
6462.0,0.9889527178651102,0.010097697205005945
6463.0,0.9901462347381321,0.010097697205005945
6464.0,0.9934934333730715,0.010097697205005945
6465.0,0.9968406320080107,0.010097697205005945
6466.0,1.0007824305636566,0.010097697205005945
6467.0,1.0048601627294935,0.010097697205005945
6468.0,1.0019701202658429,0.010097697205005945
6469.0,0.989175305145759,0.010097697205005945
6470.0,0.9765493195494185,0.010097697205005945
6471.0,0.9778180037572067,0.010097697205005945
6472.0,0.9790866879649951,0.010097697205005945
6473.0,0.9800142048711097,0.010097697205005945
6474.0,0.9807245543789099,0.010097697205005945
6475.0,0.9814488414117462,0.010097697205005945
6476.0,0.982225533538718,0.010097697205005945
6477.0,0.9830022256656896,0.010097697205005945
6478.0,0.9772341542979022,0.010097697205005945
6479.0,0.9699221402065772,0.010097697205005945
6480.0,0.9669644794308745,0.010097697205005945
6481.0,0.970320630962803,0.010097697205005945
6482.0,0.9736955975195648,0.010097697205005945
6483.0,0.9796639016657405,0.010097697205005945
6484.0,0.985632205811916,0.010097697205005945
6485.0,0.9846008786476226,0.010097697205005945
6486.0,0.9790232562955368,0.010097697205005945
6487.0,0.9754180436019542,0.010097697205005945
6488.0,0.9794487092354276,0.010097697205005945
6489.0,0.9834793748689009,0.010097697205005945
6490.0,0.9797768883303031,0.010097697205005945
6491.0,0.9741930528304491,0.010097697205005945
6492.0,0.9692017597481566,0.010097697205005945
6493.0,0.9650869356585056,0.010097697205005945
6494.0,0.9609961444790143,0.010097697205005945
6495.0,0.9668910274715784,0.010097697205005945
6496.0,0.9727859104641425,0.010097697205005945
6497.0,0.9744252130556347,0.010097697205005945
6498.0,0.9732444503913296,0.010097697205005945
6499.0,0.9731349288793048,0.010097697205005945
6500.0,0.9772975427410256,0.010097697205005945
6501.0,0.9814601566027467,0.010097697205005945
6502.0,0.9823917189959239,0.010097697205005945
6503.0,0.9825130928076508,0.010097697205005945
6504.0,0.982584973445542,0.010097697205005945
6505.0,0.9825821670952054,0.010097697205005945
6506.0,0.982579360744869,0.010097697205005945
6507.0,0.9769426608463544,0.010097697205005945
6508.0,0.9712924016372556,0.010097697205005945
6509.0,0.9672165667738052,0.010097697205005945
6510.0,0.9642051314679737,0.010097697205005945
6511.0,0.9627458587891198,0.010097697205005945
6512.0,0.9676666410800459,0.010097697205005945
6513.0,0.9725874233709719,0.010097697205005945
6514.0,0.9714056342501385,0.010097697205005945
6515.0,0.9686475011543612,0.010097697205005945
6516.0,0.9651420476006252,0.010097697205005945
6517.0,0.9604859939515569,0.010097697205005945
6518.0,0.9558299403024888,0.010097697205005945
6519.0,0.9710514129930442,0.010097697205005945
6520.0,0.9864170999012882,0.010097697205005945
6521.0,0.987959870301297,0.010097697205005945
6522.0,0.9799695948335612,0.010097697205005945
6523.0,0.9746383327617141,0.010097697205005945
6524.0,0.9805786117517122,0.010097697205005945
6525.0,0.9865188907417105,0.010097697205005945
6526.0,0.9834253538383946,0.010097697205005945
6527.0,0.9779292063251556,0.010097697205005945
6528.0,0.9762702722750364,0.010097697205005945
6529.0,0.9806395532024598,0.010097697205005945
6530.0,0.9850088341298833,0.010097697205005945
6531.0,0.9786814712034055,0.010097697205005945
6532.0,0.9722241369056778,0.010097697205005945
6533.0,0.9709570538941671,0.010097697205005945
6534.0,0.9733411906013927,0.010097697205005945
6535.0,0.9764270439206374,0.010097697205005945
6536.0,0.9825823415169727,0.010097697205005945
6537.0,0.9887376391133079,0.010097697205005945
6538.0,0.9840436507583529,0.010097697205005945
6539.0,0.9763802095207128,0.010097697205005945
6540.0,0.9716240979134046,0.010097697205005945
6541.0,0.9715287991197049,0.010097697205005945
6542.0,0.9714335003260052,0.010097697205005945
6543.0,0.9705285200988538,0.010097697205005945
6544.0,0.9696096991634386,0.010097697205005945
6545.0,0.972148871387568,0.010097697205005945
6546.0,0.9771692428272064,0.010097697205005945
6547.0,0.980576621276454,0.010097697205005945
6548.0,0.9766988260870011,0.010097697205005945
6549.0,0.9728210308975482,0.010097697205005945
6550.0,0.9736428356404061,0.010097697205005945
6551.0,0.9757877585180466,0.010097697205005945
6552.0,0.9746464471268935,0.010097697205005945
6553.0,0.968128606884589,0.010097697205005945
6554.0,0.9616107666422844,0.010097697205005945
6555.0,0.9655544676567624,0.010097697205005945
6556.0,0.969729221116177,0.010097697205005945
6557.0,0.9698311773332282,0.010097697205005945
6558.0,0.9669526249654352,0.010097697205005945
6559.0,0.9647383247498593,0.010097697205005945
6560.0,0.9656238679112805,0.010097697205005945
6561.0,0.9665094110727016,0.010097697205005945
6562.0,0.9656166599648334,0.010097697205005945
6563.0,0.9642091394632243,0.010097697205005945
6564.0,0.9611988568872133,0.010097697205005945
6565.0,0.9555121671292663,0.010097697205005945
6566.0,0.9498254773713195,0.010097697205005945
6567.0,0.9570611539110905,0.010097697205005945
6568.0,0.964647375529218,0.010097697205005945
6569.0,0.965504851692335,0.010097697205005945
6570.0,0.9613404549372612,0.010097697205005945
6571.0,0.9582915564341955,0.010097697205005945
6572.0,0.9606251320142383,0.010097697205005945
6573.0,0.9629587075942808,0.010097697205005945
6574.0,0.9587561524412674,0.010097697205005945
6575.0,0.9526090474907221,0.010097697205005945
6576.0,0.9497501096879185,0.010097697205005945
6577.0,0.9524960022505796,0.010097697205005945
6578.0,0.9552418948132405,0.010097697205005945
6579.0,0.9523864529086665,0.010097697205005945
6580.0,0.9493505466966016,0.010097697205005945
6581.0,0.9473863905567259,0.010097697205005945
6582.0,0.9462379427170361,0.010097697205005945
6583.0,0.9472914634702998,0.010097697205005945
6584.0,0.9593389856876878,0.010097697205005945
6585.0,0.9713865079050759,0.010097697205005945
6586.0,0.9704363641626773,0.010097697205005945
6587.0,0.9655135795705037,0.010097697205005945
6588.0,0.9615031880126357,0.010097697205005945
6589.0,0.9590804803861712,0.010097697205005945
6590.0,0.9566577727597069,0.010097697205005945
6591.0,0.9589769910406737,0.010097697205005945
6592.0,0.9614733672011209,0.010097697205005945
6593.0,0.9595673666957899,0.010097697205005945
6594.0,0.9542445962408944,0.010097697205005945
6595.0,0.9494537952291073,0.010097697205005945
6596.0,0.9474134732639095,0.010097697205005945
6597.0,0.9453731512987115,0.010097697205005945
6598.0,0.947964948950907,0.010097697205005945
6599.0,0.9520106768931007,0.010097697205005945
6600.0,0.9556465719921615,0.010097697205005945
6601.0,0.9585543307399227,0.010097697205005945
6602.0,0.9614620894876839,0.010097697205005945
6603.0,0.9637350398206552,0.010097697205005945
6604.0,0.9659809770295926,0.010097697205005945
6605.0,0.963721110494453,0.010097697205005945
6606.0,0.9578953605661511,0.010097697205005945
6607.0,0.9526893215204649,0.010097697205005945
6608.0,0.950804175906799,0.010097697205005945
6609.0,0.9489190302931332,0.010097697205005945
6610.0,0.9522327018646755,0.010097697205005945
6611.0,0.9572215478625548,0.010097697205005945
6612.0,0.9604652971588602,0.010097697205005945
6613.0,0.9605431108850865,0.010097697205005945
6614.0,0.9606209246113128,0.010097697205005945
6615.0,0.9544375252542797,0.010097697205005945
6616.0,0.947954847787606,0.010097697205005945
6617.0,0.9454041821406702,0.010097697205005945
6618.0,0.9460264197408934,0.010097697205005945
6619.0,0.9464788472646798,0.010097697205005945
6620.0,0.9459872912139498,0.010097697205005945
6621.0,0.9454957351632196,0.010097697205005945
6622.0,0.9435963453405897,0.010097697205005945
6623.0,0.9412314258202238,0.010097697205005945
6624.0,0.9404008033518362,0.010097697205005945
6625.0,0.9424128339831777,0.010097697205005945
6626.0,0.9444248646145191,0.010097697205005945
6627.0,0.9443833385904804,0.010097697205005945
6628.0,0.944232774159962,0.010097697205005945
6629.0,0.9480632397190664,0.010097697205005945
6630.0,0.9551691260136055,0.010097697205005945
6631.0,0.9601838236143145,0.010097697205005945
6632.0,0.9531274320067621,0.010097697205005945
6633.0,0.9460710403992098,0.010097697205005945
6634.0,0.9466371819856877,0.010097697205005945
6635.0,0.9497891025174102,0.010097697205005945
6636.0,0.9471950386270163,0.010097697205005945
6637.0,0.9337274972711702,0.010097697205005945
6638.0,0.9202599559153243,0.010097697205005945
6639.0,0.9313465850373541,0.010097697205005945
6640.0,0.9438684007438408,0.010097697205005945
6641.0,0.9485367954648861,0.010097697205005945
6642.0,0.9466173315226529,0.010097697205005945
6643.0,0.9441605825743296,0.010097697205005945
6644.0,0.9384801235894584,0.010097697205005945
6645.0,0.9327996646045872,0.010097697205005945
6646.0,0.9366519216775329,0.010097697205005945
6647.0,0.9438205767317548,0.010097697205005945
6648.0,0.9433339287898139,0.010097697205005945
6649.0,0.9280488254081486,0.010097697205005945
6650.0,0.912763722026483,0.010097697205005945
6651.0,0.9226732215006075,0.010097697205005945
6652.0,0.9341915717318026,0.010097697205005945
6653.0,0.9399514276736107,0.010097697205005945
6654.0,0.9407864243567837,0.010097697205005945
6655.0,0.9417648591956627,0.010097697205005945
6656.0,0.9436388470414714,0.010097697205005945
6657.0,0.9455128348872801,0.010097697205005945
6658.0,0.9450875670704151,0.010097697205005945
6659.0,0.9438422064357582,0.010097697205005945
6660.0,0.9418583554639108,0.010097697205005945
6661.0,0.9384159860761124,0.010097697205005945
6662.0,0.934973616688314,0.010097697205005945
6663.0,0.9355595504263956,0.010097697205005945
6664.0,0.9364247246892513,0.010097697205005945
6665.0,0.9377753512701031,0.010097697205005945
6666.0,0.9395492486360842,0.010097697205005945
6667.0,0.94037311480925,0.010097697205005945
6668.0,0.9350174988093544,0.010097697205005945
6669.0,0.9296618828094588,0.010097697205005945
6670.0,0.9331942841609581,0.010097697205005945
6671.0,0.9399759115278028,0.010097697205005945
6672.0,0.9440799365685062,0.010097697205005945
6673.0,0.9427802496683989,0.010097697205005945
6674.0,0.9414805627682915,0.010097697205005945
6675.0,0.9343552238451485,0.010097697205005945
6676.0,0.9267939006415716,0.010097697205005945
6677.0,0.9228608266079197,0.010097697205005945
6678.0,0.9221528629475289,0.010097697205005945
6679.0,0.9216423356028476,0.010097697205005945
6680.0,0.9224714228862412,0.010097697205005945
6681.0,0.9233005101696348,0.010097697205005945
6682.0,0.9248903500984872,0.010097697205005945
6683.0,0.9267651584275355,0.010097697205005945
6684.0,0.9279148556956636,0.010097697205005945
6685.0,0.9275690114006429,0.010097697205005945
6686.0,0.9272231671056224,0.010097697205005945
6687.0,0.9283218404871234,0.010097697205005945
6688.0,0.9295366748231562,0.010097697205005945
6689.0,0.9256298747034934,0.010097697205005945
6690.0,0.9170819596079752,0.010097697205005945
6691.0,0.9112095096764246,0.010097697205005945
6692.0,0.9242990944020605,0.010097697205005945
6693.0,0.9373886791276964,0.010097697205005945
6694.0,0.935450038496195,0.010097697205005945
6695.0,0.9277447532509042,0.010097697205005945
6696.0,0.9232065597970351,0.010097697205005945
6697.0,0.9253452576198484,0.010097697205005945
6698.0,0.9274839554426616,0.010097697205005945
6699.0,0.9302282862776924,0.010097697205005945
6700.0,0.9330247315570593,0.010097697205005945
6701.0,0.9326557528121177,0.010097697205005945
6702.0,0.9293625948299424,0.010097697205005945
6703.0,0.9259315337787454,0.010097697205005945
6704.0,0.9214780398723744,0.010097697205005945
6705.0,0.9170245459660035,0.010097697205005945
6706.0,0.9168502596339667,0.010097697205005945
6707.0,0.9183576016965241,0.010097697205005945
6708.0,0.9204639264105364,0.010097697205005945
6709.0,0.9238612402483245,0.010097697205005945
6710.0,0.9272585540861126,0.010097697205005945
6711.0,0.9273913627117393,0.010097697205005945
6712.0,0.9272246754463427,0.010097697205005945
6713.0,0.9302678486090945,0.010097697205005945
6714.0,0.9363338273964925,0.010097697205005945
6715.0,0.9400040542159421,0.010097697205005945
6716.0,0.9250630710107297,0.010097697205005945
6717.0,0.9101220878055172,0.010097697205005945
6718.0,0.9078029092431215,0.010097697205005945
6719.0,0.910562200898948,0.010097697205005945
6720.0,0.9138109645791093,0.010097697205005945
6721.0,0.9181384492975145,0.010097697205005945
6722.0,0.9224659340159197,0.010097697205005945
6723.0,0.9268274306852211,0.010097697205005945
6724.0,0.9311922434077061,0.010097697205005945
6725.0,0.9311545874451049,0.010097697205005945
6726.0,0.9268905615448229,0.010097697205005945
6727.0,0.9235041862874768,0.010097697205005945
6728.0,0.9272740393494141,0.010097697205005945
6729.0,0.9310438924113514,0.010097697205005945
6730.0,0.9255463311953879,0.010097697205005945
6731.0,0.9162318518954768,0.010097697205005945
6732.0,0.9099834806271322,0.010097697205005945
6733.0,0.9106458294143234,0.010097697205005945
6734.0,0.9113081782015146,0.010097697205005945
6735.0,0.9073632919481529,0.010097697205005945
6736.0,0.9029424264455688,0.010097697205005945
6737.0,0.9051983332487606,0.010097697205005945
6738.0,0.9139882785079486,0.010097697205005945
6739.0,0.9212694541530093,0.010097697205005945
6740.0,0.915613363911418,0.010097697205005945
6741.0,0.9099572736698268,0.010097697205005945
6742.0,0.9087907488456713,0.010097697205005945
6743.0,0.9095165835063437,0.010097697205005945
6744.0,0.9104465030032765,0.010097697205005945
6745.0,0.9118469514282546,0.010097697205005945
6746.0,0.9132473998532327,0.010097697205005945
6747.0,0.914628936183445,0.010097697205005945
6748.0,0.9160084075445882,0.010097697205005945
6749.0,0.9158079192928972,0.010097697205005945
6750.0,0.9140312603003502,0.010097697205005945
6751.0,0.912161049027206,0.010097697205005945
6752.0,0.9094454858209572,0.010097697205005945
6753.0,0.9067299226147083,0.010097697205005945
6754.0,0.9099643632526219,0.010097697205005945
6755.0,0.9157648708405104,0.010097697205005945
6756.0,0.9192018129410151,0.010097697205005945
6757.0,0.9170634090329828,0.010097697205005945
6758.0,0.9149250051249505,0.010097697205005945
6759.0,0.915438659490884,0.010097697205005945
6760.0,0.916257637834808,0.010097697205005945
6761.0,0.9173413296338067,0.010097697205005945
6762.0,0.9186942215566095,0.010097697205005945
6763.0,0.9194181248450716,0.010097697205005945
6764.0,0.9141387695222224,0.010097697205005945
6765.0,0.9088594141993731,0.010097697205005945
6766.0,0.9009787156097175,0.010097697205005945
6767.0,0.8919503655788253,0.010097697205005945
6768.0,0.8876670019068302,0.010097697205005945
6769.0,0.8948377241585255,0.010097697205005945
6770.0,0.9020084464102206,0.010097697205005945
6771.0,0.9026880032565928,0.010097697205005945
6772.0,0.9025812816554853,0.010097697205005945
6773.0,0.9049260447284768,0.010097697205005945
6774.0,0.9098122002264534,0.010097697205005945
6775.0,0.9134191534124848,0.010097697205005945
6776.0,0.9040976352324938,0.010097697205005945
6777.0,0.8947761170525025,0.010097697205005945
6778.0,0.8939782042040925,0.010097697205005945
6779.0,0.8970263083955302,0.010097697205005945
6780.0,0.8993568598417977,0.010097697205005945
6781.0,0.8999144580468755,0.010097697205005945
6782.0,0.9004720562519533,0.010097697205005945
6783.0,0.8969867861830518,0.010097697205005945
6784.0,0.8929872676462814,0.010097697205005945
6785.0,0.8931884240386911,0.010097697205005945
6786.0,0.897828812208108,0.010097697205005945
6787.0,0.9020679358208753,0.010097697205005945
6788.0,0.9020005299665372,0.010097697205005945
6789.0,0.9019331241121992,0.010097697205005945
6790.0,0.9036894050983504,0.010097697205005945
6791.0,0.9062871415916037,0.010097697205005945
6792.0,0.9055151105855173,0.010097697205005945
6793.0,0.8962187101001539,0.010097697205005945
6794.0,0.8869223096147903,0.010097697205005945
6795.0,0.8917035586595656,0.010097697205005945
6796.0,0.8983618276416905,0.010097697205005945
6797.0,0.9000984804213502,0.010097697205005945
6798.0,0.8965330429280414,0.010097697205005945
6799.0,0.8930964887560129,0.010097697205005945
6800.0,0.8911334364362348,0.010097697205005945
6801.0,0.8891703841164567,0.010097697205005945
6802.0,0.8905589582480643,0.010097697205005945
6803.0,0.8935285999813001,0.010097697205005945
6804.0,0.8941568347602138,0.010097697205005945
6805.0,0.8887196144548719,0.010097697205005945
6806.0,0.8832823941495301,0.010097697205005945
6807.0,0.8836854113772746,0.010097697205005945
6808.0,0.8849033454700973,0.010097697205005945
6809.0,0.883462389339909,0.010097697205005945
6810.0,0.8791013421839456,0.010097697205005945
6811.0,0.8756128441236843,0.010097697205005945
6812.0,0.8827888350109644,0.010097697205005945
6813.0,0.8899648258982444,0.010097697205005945
6814.0,0.8906148032435456,0.010097697205005945
6815.0,0.8881178950552587,0.010097697205005945
6816.0,0.8855400536540566,0.010097697205005945
6817.0,0.882747455262444,0.010097697205005945
6818.0,0.8799548568708312,0.010097697205005945
6819.0,0.8822966456202562,0.010097697205005945
6820.0,0.8853870520271032,0.010097697205005945
6821.0,0.8869368443030047,0.010097697205005945
6822.0,0.8867617759742877,0.010097697205005945
6823.0,0.8861180391448087,0.010097697205005945
6824.0,0.879326007068035,0.010097697205005945
6825.0,0.8725339749912613,0.010097697205005945
6826.0,0.8727066909797214,0.010097697205005945
6827.0,0.8763118544913648,0.010097697205005945
6828.0,0.8765919204094611,0.010097697205005945
6829.0,0.8678318772451377,0.010097697205005945
6830.0,0.8590718340808141,0.010097697205005945
6831.0,0.865306133245446,0.010097697205005945
6832.0,0.873821729306593,0.010097697205005945
6833.0,0.8802473602339832,0.010097697205005945
6834.0,0.884287529671943,0.010097697205005945
6835.0,0.8875202607483965,0.010097697205005945
6836.0,0.8793314091839614,0.010097697205005945
6837.0,0.8711425576195263,0.010097697205005945
6838.0,0.8682682146633147,0.010097697205005945
6839.0,0.8680703119628607,0.010097697205005945
6840.0,0.8685075262153128,0.010097697205005945
6841.0,0.8707144072501788,0.010097697205005945
6842.0,0.8729212882850449,0.010097697205005945
6843.0,0.8725949061206644,0.010097697205005945
6844.0,0.8718668660915905,0.010097697205005945
6845.0,0.8738644567558169,0.010097697205005945
6846.0,0.8790336904086086,0.010097697205005945
6847.0,0.8838407238942252,0.010097697205005945
6848.0,0.8830940214832278,0.010097697205005945
6849.0,0.8823473190722304,0.010097697205005945
6850.0,0.8780073877350224,0.010097697205005945
6851.0,0.8718185767866933,0.010097697205005945
6852.0,0.8670629675918424,0.010097697205005945
6853.0,0.8664012726650343,0.010097697205005945
6854.0,0.8657395777382264,0.010097697205005945
6855.0,0.868823975936201,0.010097697205005945
6856.0,0.8725266104820408,0.010097697205005945
6857.0,0.872938019875973,0.010097697205005945
6858.0,0.8694448786959978,0.010097697205005945
6859.0,0.8658601025646997,0.010097697205005945
6860.0,0.8607428780985164,0.010097697205005945
6861.0,0.8556256536323331,0.010097697205005945
6862.0,0.8556307861010736,0.010097697205005945
6863.0,0.8583284395227909,0.010097697205005945
6864.0,0.8617791635252552,0.010097697205005945
6865.0,0.8674358159741515,0.010097697205005945
6866.0,0.8730924684230479,0.010097697205005945
6867.0,0.8710190096322724,0.010097697205005945
6868.0,0.8676191463812495,0.010097697205005945
6869.0,0.8634889742142233,0.010097697205005945
6870.0,0.8584754575758514,0.010097697205005945
6871.0,0.8539679192342532,0.010097697205005945
6872.0,0.8587562612288075,0.010097697205005945
6873.0,0.8635446032233618,0.010097697205005945
6874.0,0.865234049247783,0.010097697205005945
6875.0,0.865259696882336,0.010097697205005945
6876.0,0.8639182418397954,0.010097697205005945
6877.0,0.8584689061569606,0.010097697205005945
6878.0,0.8530195704741258,0.010097697205005945
6879.0,0.8554596723374482,0.010097697205005945
6880.0,0.8593058125753333,0.010097697205005945
6881.0,0.8604053300481562,0.010097697205005945
6882.0,0.858117591564072,0.010097697205005945
6883.0,0.8559000959193328,0.010097697205005945
6884.0,0.8551126724397219,0.010097697205005945
6885.0,0.8543252489601109,0.010097697205005945
6886.0,0.854297893021241,0.010097697205005945
6887.0,0.8546873027413271,0.010097697205005945
6888.0,0.8547413591308721,0.010097697205005945
6889.0,0.8537614094179209,0.010097697205005945
6890.0,0.8527814597049694,0.010097697205005945
6891.0,0.8514415513256954,0.010097697205005945
6892.0,0.8500350787549252,0.010097697205005945
6893.0,0.8511143540618512,0.010097697205005945
6894.0,0.8553193394372094,0.010097697205005945
6895.0,0.8593476780612787,0.010097697205005945
6896.0,0.8593484707559972,0.010097697205005945
6897.0,0.8593492634507155,0.010097697205005945
6898.0,0.8541301691898935,0.010097697205005945
6899.0,0.8459883292367473,0.010097697205005945
6900.0,0.840836312877083,0.010097697205005945
6901.0,0.8451470881907731,0.010097697205005945
6902.0,0.8494578635044633,0.010097697205005945
6903.0,0.8526322735788181,0.010097697205005945
6904.0,0.8555888396730998,0.010097697205005945
6905.0,0.8564571069303206,0.010097697205005945
6906.0,0.8546477745827649,0.010097697205005945
6907.0,0.8527999285201524,0.010097697205005945
6908.0,0.8499556953777067,0.010097697205005945
6909.0,0.8471114622352609,0.010097697205005945
6910.0,0.8453497938511816,0.010097697205005945
6911.0,0.8442070256968847,0.010097697205005945
6912.0,0.8423948216690057,0.010097697205005945
6913.0,0.8384069510519822,0.010097697205005945
6914.0,0.8344190804349587,0.010097697205005945
6915.0,0.8411455069718694,0.010097697205005945
6916.0,0.8499993766846659,0.010097697205005945
6917.0,0.8566411594859175,0.010097697205005945
6918.0,0.8603906846078164,0.010097697205005945
6919.0,0.8636849769276405,0.010097697205005945
6920.0,0.8533897270819051,0.010097697205005945
6921.0,0.8430944772361697,0.010097697205005945
6922.0,0.8352490537312676,0.010097697205005945
6923.0,0.8288334718359408,0.010097697205005945
6924.0,0.825284236932888,0.010097697205005945
6925.0,0.8313044208946578,0.010097697205005945
6926.0,0.8373246048564277,0.010097697205005945
6927.0,0.8392727046312698,0.010097697205005945
6928.0,0.8403839940522173,0.010097697205005945
6929.0,0.8397944830424707,0.010097697205005945
6930.0,0.8369372381251338,0.010097697205005945
6931.0,0.8343637927867421,0.010097697205005945
6932.0,0.8417850282722119,0.010097697205005945
6933.0,0.8492062637576817,0.010097697205005945
6934.0,0.8492721584558992,0.010097697205005945
6935.0,0.8449558482023264,0.010097697205005945
6936.0,0.8406117047451678,0.010097697205005945
6937.0,0.8361720697118773,0.010097697205005945
6938.0,0.8317324346785868,0.010097697205005945
6939.0,0.8253503319226927,0.010097697205005945
6940.0,0.8185554194324464,0.010097697205005945
6941.0,0.8190221097725379,0.010097697205005945
6942.0,0.829362934272878,0.010097697205005945
6943.0,0.8394373208213319,0.010097697205005945
6944.0,0.8380969445889838,0.010097697205005945
6945.0,0.8367565683566356,0.010097697205005945
6946.0,0.8369788511083069,0.010097697205005945
6947.0,0.8381513994583666,0.010097697205005945
6948.0,0.837146650997306,0.010097697205005945
6949.0,0.8284621980231097,0.010097697205005945
6950.0,0.8197777450489134,0.010097697205005945
6951.0,0.8227042500374527,0.010097697205005945
6952.0,0.8281807457937886,0.010097697205005945
6953.0,0.8315238463807044,0.010097697205005945
6954.0,0.8319083129790833,0.010097697205005945
6955.0,0.832277976847089,0.010097697205005945
6956.0,0.831840398485436,0.010097697205005945
6957.0,0.831402820123783,0.010097697205005945
6958.0,0.829550247174252,0.010097697205005945
6959.0,0.8268194966497571,0.010097697205005945
6960.0,0.8245068605749233,0.010097697205005945
6961.0,0.8237110508091344,0.010097697205005945
6962.0,0.8229152410433455,0.010097697205005945
6963.0,0.824551158682385,0.010097697205005945
6964.0,0.8267386021245817,0.010097697205005945
6965.0,0.8248619757742676,0.010097697205005945
6966.0,0.817236752152236,0.010097697205005945
6967.0,0.8098410879421138,0.010097697205005945
6968.0,0.8195997725118248,0.010097697205005945
6969.0,0.8293584570815358,0.010097697205005945
6970.0,0.8294815827698315,0.010097697205005945
6971.0,0.8235021878332393,0.010097697205005945
6972.0,0.8200022320079426,0.010097697205005945
6973.0,0.8257579096833436,0.010097697205005945
6974.0,0.8315135873587445,0.010097697205005945
6975.0,0.8337042476829022,0.010097697205005945
6976.0,0.8350604298715111,0.010097697205005945
6977.0,0.8327020796797963,0.010097697205005945
6978.0,0.8249843455258714,0.010097697205005945
6979.0,0.817331089268904,0.010097697205005945
6980.0,0.8172862248527106,0.010097697205005945
6981.0,0.8172413604365172,0.010097697205005945
6982.0,0.815038145334726,0.010097697205005945
6983.0,0.8114401067661537,0.010097697205005945
6984.0,0.8085791241937115,0.010097697205005945
6985.0,0.8085506649552304,0.010097697205005945
6986.0,0.8085222057167493,0.010097697205005945
6987.0,0.8102761893528441,0.010097697205005945
6988.0,0.8124605094206528,0.010097697205005945
6989.0,0.8134190720012252,0.010097697205005945
6990.0,0.812573552345392,0.010097697205005945
6991.0,0.8117535548637914,0.010097697205005945
6992.0,0.8179946922538082,0.010097697205005945
6993.0,0.8242358296438249,0.010097697205005945
6994.0,0.8225540362164846,0.010097697205005945
6995.0,0.8156481589235197,0.010097697205005945
6996.0,0.8120029308902889,0.010097697205005945
6997.0,0.8212644395101242,0.010097697205005945
6998.0,0.8305259481299595,0.010097697205005945
6999.0,0.8235698170919383,0.010097697205005945
7000.0,0.812577511866208,0.010097697205005945
7001.0,0.8070233690444724,0.010097697205005945
7002.0,0.8096346352377556,0.010097697205005945
7003.0,0.8122459014310387,0.010097697205005945
7004.0,0.8090881444361501,0.010097697205005945
7005.0,0.8059234535191607,0.010097697205005945
7006.0,0.804855759348802,0.010097697205005945
7007.0,0.8051986955200492,0.010097697205005945
7008.0,0.8054769317880665,0.010097697205005945
7009.0,0.8054912397922992,0.010097697205005945
7010.0,0.8055055477965318,0.010097697205005945
7011.0,0.8022179250370478,0.010097697205005945
7012.0,0.7980836533637883,0.010097697205005945
7013.0,0.7946651771941036,0.010097697205005945
7014.0,0.7923432388171292,0.010097697205005945
7015.0,0.7900213004401548,0.010097697205005945
7016.0,0.790008891698754,0.010097697205005945
7017.0,0.7900104293923496,0.010097697205005945
7018.0,0.7944681194927886,0.010097697205005945
7019.0,0.8019837765282769,0.010097697205005945
7020.0,0.8076421399075839,0.010097697205005945
7021.0,0.8054882618456006,0.010097697205005945
7022.0,0.8033343837836172,0.010097697205005945
7023.0,0.7997969474431739,0.010097697205005945
7024.0,0.7958942013296622,0.010097697205005945
7025.0,0.793937724002306,0.010097697205005945
7026.0,0.7950234145006895,0.010097697205005945
7027.0,0.796109104999073,0.010097697205005945
7028.0,0.8022118657801361,0.010097697205005945
7029.0,0.8083694246589428,0.010097697205005945
7030.0,0.8049002376775765,0.010097697205005945
7031.0,0.7946923285940996,0.010097697205005945
7032.0,0.7862342147268724,0.010097697205005945
7033.0,0.7853697634327338,0.010097697205005945
7034.0,0.7845053121385952,0.010097697205005945
7035.0,0.7877656383541917,0.010097697205005945
7036.0,0.7921468964731948,0.010097697205005945
7037.0,0.7966377581514992,0.010097697205005945
7038.0,0.8013034392141087,0.010097697205005945
7039.0,0.8059691202767183,0.010097697205005945
7040.0,0.7988408007861938,0.010097697205005945
7041.0,0.7915255032381234,0.010097697205005945
7042.0,0.7883955908307034,0.010097697205005945
7043.0,0.7882540089660957,0.010097697205005945
7044.0,0.7885639431876785,0.010097697205005945
7045.0,0.790896788295415,0.010097697205005945
7046.0,0.7932296334031513,0.010097697205005945
7047.0,0.791735429213481,0.010097697205005945
7048.0,0.7891712972632496,0.010097697205005945
7049.0,0.784168762468579,0.010097697205005945
7050.0,0.775197092444478,0.010097697205005945
7051.0,0.7662254224203768,0.010097697205005945
7052.0,0.7745420205659636,0.010097697205005945
7053.0,0.7832187909650896,0.010097697205005945
7054.0,0.7869953550430353,0.010097697205005945
7055.0,0.7872035116132371,0.010097697205005945
7056.0,0.7873720321347274,0.010097697205005945
7057.0,0.7873571020253597,0.010097697205005945
7058.0,0.7873421719159919,0.010097697205005945
7059.0,0.7850781882941222,0.010097697205005945
7060.0,0.7821676452389839,0.010097697205005945
7061.0,0.7793157952143727,0.010097697205005945
7062.0,0.7765614543778577,0.010097697205005945
7063.0,0.7738071135413428,0.010097697205005945
7064.0,0.7741144702622399,0.010097697205005945
7065.0,0.774501008816518,0.010097697205005945
7066.0,0.7770529260965475,0.010097697205005945
7067.0,0.7812130221373303,0.010097697205005945
7068.0,0.7845517219155936,0.010097697205005945
7069.0,0.7839602687433322,0.010097697205005945
7070.0,0.7833688155710707,0.010097697205005945
7071.0,0.7828590391071678,0.010097697205005945
7072.0,0.782373397284926,0.010097697205005945
7073.0,0.7790249841882356,0.010097697205005945
7074.0,0.7708219039465274,0.010097697205005945
7075.0,0.7626188237048193,0.010097697205005945
7076.0,0.7678215907726988,0.010097697205005945
7077.0,0.7734391427201992,0.010097697205005945
7078.0,0.7721589704887908,0.010097697205005945
7079.0,0.7656545725606994,0.010097697205005945
7080.0,0.7602515786970377,0.010097697205005945
7081.0,0.7603005349523191,0.010097697205005945
7082.0,0.7603494912076005,0.010097697205005945
7083.0,0.7625376849561137,0.010097697205005945
7084.0,0.7653753498684562,0.010097697205005945
7085.0,0.7692176806301423,0.010097697205005945
7086.0,0.774799236206426,0.010097697205005945
7087.0,0.7803807917827097,0.010097697205005945
7088.0,0.7769033400126991,0.010097697205005945
7089.0,0.7730991330025947,0.010097697205005945
7090.0,0.7698648682108526,0.010097697205005945
7091.0,0.7670707928345686,0.010097697205005945
7092.0,0.7650076892603997,0.010097697205005945
7093.0,0.7666908161720727,0.010097697205005945
7094.0,0.7683739430837457,0.010097697205005945
7095.0,0.7651044125826362,0.010097697205005945
7096.0,0.7602905889040009,0.010097697205005945
7097.0,0.7563875945515928,0.010097697205005945
7098.0,0.7540944380780917,0.010097697205005945
7099.0,0.7518012816045906,0.010097697205005945
7100.0,0.7578773002459323,0.010097697205005945
7101.0,0.7642985473607578,0.010097697205005945
7102.0,0.7647032331198913,0.010097697205005945
7103.0,0.7603695540345187,0.010097697205005945
7104.0,0.7570011784560661,0.010097697205005945
7105.0,0.7587591495317733,0.010097697205005945
7106.0,0.7605171206074804,0.010097697205005945
7107.0,0.7620136736668032,0.010097697205005945
7108.0,0.7634265398175529,0.010097697205005945
7109.0,0.7643612025778099,0.010097697205005945
7110.0,0.7644328450777845,0.010097697205005945
7111.0,0.7645044875777592,0.010097697205005945
7112.0,0.7584629572763669,0.010097697205005945
7113.0,0.7521372719578249,0.010097697205005945
7114.0,0.7522209667373205,0.010097697205005945
7115.0,0.7574515879591742,0.010097697205005945
7116.0,0.7615943106446978,0.010097697205005945
7117.0,0.7597450921731235,0.010097697205005945
7118.0,0.7578958737015492,0.010097697205005945
7119.0,0.7550957685497127,0.010097697205005945
7120.0,0.7519832508681573,0.010097697205005945
7121.0,0.7487612858979366,0.010097697205005945
7122.0,0.745337609201165,0.010097697205005945
7123.0,0.7419139325043935,0.010097697205005945
7124.0,0.7466362927709904,0.010097697205005945
7125.0,0.7517803544460426,0.010097697205005945
7126.0,0.746615520704434,0.010097697205005945
7127.0,0.7330099974841408,0.010097697205005945
7128.0,0.7227187766279369,0.010097697205005945
7129.0,0.7313778813857341,0.010097697205005945
7130.0,0.7400369861435314,0.010097697205005945
7131.0,0.740875158289474,0.010097697205005945
7132.0,0.7390770610156863,0.010097697205005945
7133.0,0.737702750070907,0.010097697205005945
7134.0,0.7371261545689665,0.010097697205005945
7135.0,0.7365495590670261,0.010097697205005945
7136.0,0.7412939251798968,0.010097697205005945
7137.0,0.7463421533139145,0.010097697205005945
7138.0,0.7470816381394292,0.010097697205005945
7139.0,0.744224176458508,0.010097697205005945
7140.0,0.7423813303579867,0.010097697205005945
7141.0,0.7465669918310252,0.010097697205005945
7142.0,0.7507526533040637,0.010097697205005945
7143.0,0.7455068689782198,0.010097697205005945
7144.0,0.7370004555716655,0.010097697205005945
7145.0,0.7344528000786592,0.010097697205005945
7146.0,0.7433626861176422,0.010097697205005945
7147.0,0.7522725721566251,0.010097697205005945
7148.0,0.7434699323192868,0.010097697205005945
7149.0,0.7335602596146794,0.010097697205005945
7150.0,0.734838069017361,0.010097697205005945
7151.0,0.745637668746929,0.010097697205005945
7152.0,0.7534398123298532,0.010097697205005945
7153.0,0.74271457610982,0.010097697205005945
7154.0,0.7319893398897865,0.010097697205005945
7155.0,0.728611692235631,0.010097697205005945
7156.0,0.7278385556503498,0.010097697205005945
7157.0,0.7264076869018147,0.010097697205005945
7158.0,0.7236847606653273,0.010097697205005945
7159.0,0.7209618344288399,0.010097697205005945
7160.0,0.7215117876144491,0.010097697205005945
7161.0,0.7222841287607891,0.010097697205005945
7162.0,0.7238425054649293,0.010097697205005945
7163.0,0.7260829354445603,0.010097697205005945
7164.0,0.7280966805557549,0.010097697205005945
7165.0,0.7286511418263959,0.010097697205005945
7166.0,0.7292056030970369,0.010097697205005945
7167.0,0.7243258303156062,0.010097697205005945
7168.0,0.7174715895152641,0.010097697205005945
7169.0,0.714331789334153,0.010097697205005945
7170.0,0.7186476894573343,0.010097697205005945
7171.0,0.7229635895805157,0.010097697205005945
7172.0,0.7290910157665746,0.010097697205005945
7173.0,0.7353515050783863,0.010097697205005945
7174.0,0.7358339331519507,0.010097697205005945
7175.0,0.7312049993609182,0.010097697205005945
7176.0,0.7277030972982245,0.010097697205005945
7177.0,0.7317669174859006,0.010097697205005945
7178.0,0.7358307376735767,0.010097697205005945
7179.0,0.7314734779953411,0.010097697205005945
7180.0,0.7239808574444645,0.010097697205005945
7181.0,0.7198914679614655,0.010097697205005945
7182.0,0.7227830652843749,0.010097697205005945
7183.0,0.725674662607284,0.010097697205005945
7184.0,0.7220883912879443,0.010097697205005945
7185.0,0.7179902676536103,0.010097697205005945
7186.0,0.7163361988409024,0.010097697205005945
7187.0,0.7168862433947233,0.010097697205005945
7188.0,0.7174693413820346,0.010097697205005945
7189.0,0.7182841312252534,0.010097697205005945
7190.0,0.7190989210684724,0.010097697205005945
7191.0,0.7189278505507737,0.010097697205005945
7192.0,0.7183807470595902,0.010097697205005945
7193.0,0.7160142327962713,0.010097697205005945
7194.0,0.7098330431594081,0.010097697205005945
7195.0,0.7036518535225447,0.010097697205005945
7196.0,0.7132274579492178,0.010097697205005945
7197.0,0.7241366452067772,0.010097697205005945
7198.0,0.7240671018871633,0.010097697205005945
7199.0,0.7139042094885425,0.010097697205005945
7200.0,0.70526897116559,0.010097697205005945
7201.0,0.7078314372173181,0.010097697205005945
7202.0,0.7103939032690463,0.010097697205005945
7203.0,0.7131285361578649,0.010097697205005945
7204.0,0.7159304262084183,0.010097697205005945
7205.0,0.7170984437571584,0.010097697205005945
7206.0,0.7147644251510779,0.010097697205005945
7207.0,0.7124304065449973,0.010097697205005945
7208.0,0.7099808595464145,0.010097697205005945
7209.0,0.7075208787008652,0.010097697205005945
7210.0,0.7086957585400478,0.010097697205005945
7211.0,0.7132772636256236,0.010097697205005945
7212.0,0.7169908070375667,0.010097697205005945
7213.0,0.7140409363508957,0.010097697205005945
7214.0,0.711091065664225,0.010097697205005945
7215.0,0.7111924433636941,0.010097697205005945
7216.0,0.7125143204176164,0.010097697205005945
7217.0,0.7109509858013675,0.010097697205005945
7218.0,0.7030645053025991,0.010097697205005945
7219.0,0.6951780248038307,0.010097697205005945
7220.0,0.7064732059079172,0.010097697205005945
7221.0,0.7196108360870241,0.010097697205005945
7222.0,0.7227738630611157,0.010097697205005945
7223.0,0.7164071634989607,0.010097697205005945
7224.0,0.7098385556821941,0.010097697205005945
7225.0,0.7016437085538361,0.010097697205005945
7226.0,0.6934488614254779,0.010097697205005945
7227.0,0.6916995737482522,0.010097697205005945
7228.0,0.6925895845264701,0.010097697205005945
7229.0,0.6924423091835692,0.010097697205005945
7230.0,0.689970221366881,0.010097697205005945
7231.0,0.687498133550193,0.010097697205005945
7232.0,0.6908633191130759,0.010097697205005945
7233.0,0.6948230417794339,0.010097697205005945
7234.0,0.6952835577741312,0.010097697205005945
7235.0,0.6923360786454865,0.010097697205005945
7236.0,0.6900204177580491,0.010097697205005945
7237.0,0.6930536726626029,0.010097697205005945
7238.0,0.6960869275671566,0.010097697205005945
7239.0,0.6958034056591031,0.010097697205005945
7240.0,0.6941298886984093,0.010097697205005945
7241.0,0.6939984844506664,0.010097697205005945
7242.0,0.6974023583590973,0.010097697205005945
7243.0,0.7008062322675281,0.010097697205005945
7244.0,0.6939666958964301,0.010097697205005945
7245.0,0.6860238134712912,0.010097697205005945
7246.0,0.6872547121165491,0.010097697205005945
7247.0,0.6975935512981779,0.010097697205005945
7248.0,0.7053350499342361,0.010097697205005945
7249.0,0.6899169287056997,0.010097697205005945
7250.0,0.6744988074771634,0.010097697205005945
7251.0,0.6774324291786474,0.010097697205005945
7252.0,0.688235580438466,0.010097697205005945
7253.0,0.6943336865759813,0.010097697205005945
7254.0,0.6893966668041733,0.010097697205005945
7255.0,0.6844596470323655,0.010097697205005945
7256.0,0.6865033906722692,0.010097697205005945
7257.0,0.6893404028816794,0.010097697205005945
7258.0,0.6886317466304754,0.010097697205005945
7259.0,0.6843345998358029,0.010097697205005945
7260.0,0.6811133778904185,0.010097697205005945
7261.0,0.6880192985889871,0.010097697205005945
7262.0,0.6949252192875559,0.010097697205005945
7263.0,0.6916489341434576,0.010097697205005945
7264.0,0.6839058436728742,0.010097697205005945
7265.0,0.6773638003561396,0.010097697205005945
7266.0,0.6737042702086334,0.010097697205005945
7267.0,0.6700447400611274,0.010097697205005945
7268.0,0.6751703296953865,0.010097697205005945
7269.0,0.6813468274755806,0.010097697205005945
7270.0,0.6839485938829046,0.010097697205005945
7271.0,0.6828622837762628,0.010097697205005945
7272.0,0.6818653372001274,0.010097697205005945
7273.0,0.6817584984212723,0.010097697205005945
7274.0,0.6816516596424171,0.010097697205005945
7275.0,0.6777359355398662,0.010097697205005945
7276.0,0.6721111811529487,0.010097697205005945
7277.0,0.6690264561853365,0.010097697205005945
7278.0,0.6721811395838159,0.010097697205005945
7279.0,0.6753358229822952,0.010097697205005945
7280.0,0.6666983316735652,0.010097697205005945
7281.0,0.6565788508408157,0.010097697205005945
7282.0,0.6559582788075154,0.010097697205005945
7283.0,0.6653279384425987,0.010097697205005945
7284.0,0.6734012212734649,0.010097697205005945
7285.0,0.6677725214931829,0.010097697205005945
7286.0,0.6621438217129008,0.010097697205005945
7287.0,0.664182747830246,0.010097697205005945
7288.0,0.669739919105521,0.010097697205005945
7289.0,0.6720848617056607,0.010097697205005945
7290.0,0.6663517946417307,0.010097697205005945
7291.0,0.6606187275778005,0.010097697205005945
7292.0,0.6598266568164495,0.010097697205005945
7293.0,0.6596857771438894,0.010097697205005945
7294.0,0.6594502945078923,0.010097697205005945
7295.0,0.6591133843165686,0.010097697205005945
7296.0,0.6592424334842801,0.010097697205005945
7297.0,0.6646135254410752,0.010097697205005945
7298.0,0.6699846173978703,0.010097697205005945
7299.0,0.6691115913248086,0.010097697205005945
7300.0,0.6653092259291038,0.010097697205005945
7301.0,0.6621342939885816,0.010097697205005945
7302.0,0.6605750705163411,0.010097697205005945
7303.0,0.6590158470441008,0.010097697205005945
7304.0,0.6550104864216085,0.010097697205005945
7305.0,0.6506676123398615,0.010097697205005945
7306.0,0.649722187785458,0.010097697205005945
7307.0,0.6524900560561536,0.010097697205005945
7308.0,0.6549318784418987,0.010097697205005945
7309.0,0.6534560557413055,0.010097697205005945
7310.0,0.6519802330407121,0.010097697205005945
7311.0,0.6568821749708809,0.010097697205005945
7312.0,0.6648427251609192,0.010097697205005945
7313.0,0.6684617477381674,0.010097697205005945
7314.0,0.6606297542537516,0.010097697205005945
7315.0,0.6527977607693358,0.010097697205005945
7316.0,0.652854542616019,0.010097697205005945
7317.0,0.6540491285969877,0.010097697205005945
7318.0,0.6574173376414107,0.010097697205005945
7319.0,0.6632074261905426,0.010097697205005945
7320.0,0.6680016579808281,0.010097697205005945
7321.0,0.6599659351946057,0.010097697205005945
7322.0,0.6519302124083834,0.010097697205005945
7323.0,0.6491844404792761,0.010097697205005945
7324.0,0.6490315961617034,0.010097697205005945
7325.0,0.6481905456549739,0.010097697205005945
7326.0,0.645489809090441,0.010097697205005945
7327.0,0.642789072525908,0.010097697205005945
7328.0,0.6455113705463684,0.010097697205005945
7329.0,0.6490501199062805,0.010097697205005945
7330.0,0.648292894083278,0.010097697205005945
7331.0,0.6426558810653188,0.010097697205005945
7332.0,0.6380233569198516,0.010097697205005945
7333.0,0.6473281158801638,0.010097697205005945
7334.0,0.656632874840476,0.010097697205005945
7335.0,0.6528245345756039,0.010097697205005945
7336.0,0.6424478310952525,0.010097697205005945
7337.0,0.6381389385049608,0.010097697205005945
7338.0,0.6506332145332809,0.010097697205005945
7339.0,0.663127490561601,0.010097697205005945
7340.0,0.6619324087737966,0.010097697205005945
7341.0,0.6585888583287336,0.010097697205005945
7342.0,0.6548279448767829,0.010097697205005945
7343.0,0.6505837120878403,0.010097697205005945
7344.0,0.6466750084250323,0.010097697205005945
7345.0,0.6478056941373874,0.010097697205005945
7346.0,0.6489363798497426,0.010097697205005945
7347.0,0.641282364226143,0.010097697205005945
7348.0,0.6291323671565578,0.010097697205005945
7349.0,0.6216930191105773,0.010097697205005945
7350.0,0.6276258360348544,0.010097697205005945
7351.0,0.6335586529591317,0.010097697205005945
7352.0,0.627793931223088,0.010097697205005945
7353.0,0.6201177401808199,0.010097697205005945
7354.0,0.617161489701155,0.010097697205005945
7355.0,0.6197777344930337,0.010097697205005945
7356.0,0.6227803895234032,0.010097697205005945
7357.0,0.6321024619957534,0.010097697205005945
7358.0,0.6414245344681033,0.010097697205005945
7359.0,0.640356574120748,0.010097697205005945
7360.0,0.6338561651692949,0.010097697205005945
7361.0,0.6299051366710677,0.010097697205005945
7362.0,0.633374840008521,0.010097697205005945
7363.0,0.6368445433459743,0.010097697205005945
7364.0,0.6324390176967085,0.010097697205005945
7365.0,0.6266951455483001,0.010097697205005945
7366.0,0.6236420939811294,0.010097697205005945
7367.0,0.6238279931135853,0.010097697205005945
7368.0,0.6238202527964752,0.010097697205005945
7369.0,0.6203402050769506,0.010097697205005945
7370.0,0.616860157357426,0.010097697205005945
7371.0,0.6176440385803607,0.010097697205005945
7372.0,0.62070515625507,0.010097697205005945
7373.0,0.623827105466696,0.010097697205005945
7374.0,0.6271306761091168,0.010097697205005945
7375.0,0.6304342467515376,0.010097697205005945
7376.0,0.6306435311956435,0.010097697205005945
7377.0,0.6303065080482428,0.010097697205005945
7378.0,0.6264570799972135,0.010097697205005945
7379.0,0.6182969732008278,0.010097697205005945
7380.0,0.6108034838601788,0.010097697205005945
7381.0,0.6165256855795476,0.010097697205005945
7382.0,0.6222478872989162,0.010097697205005945
7383.0,0.6283997260470472,0.010097697205005945
7384.0,0.6347859122654119,0.010097697205005945
7385.0,0.6360748122432424,0.010097697205005945
7386.0,0.6217486109574516,0.010097697205005945
7387.0,0.6074224096716608,0.010097697205005945
7388.0,0.6024847837874778,0.010097697205005945
7389.0,0.5992675076572787,0.010097697205005945
7390.0,0.6014382707760799,0.010097697205005945
7391.0,0.6103513640902568,0.010097697205005945
7392.0,0.6189575394097078,0.010097697205005945
7393.0,0.6207688913459642,0.010097697205005945
7394.0,0.6225802432822207,0.010097697205005945
7395.0,0.6201805564087376,0.010097697205005945
7396.0,0.6154352815627339,0.010097697205005945
7397.0,0.6108404370944163,0.010097697205005945
7398.0,0.6067185876444948,0.010097697205005945
7399.0,0.6025967381945734,0.010097697205005945
7400.0,0.6091415281418513,0.010097697205005945
7401.0,0.6177129795746008,0.010097697205005945
7402.0,0.6212623948846814,0.010097697205005945
7403.0,0.6184039116448043,0.010097697205005945
7404.0,0.6154704851298431,0.010097697205005945
7405.0,0.6106611347604611,0.010097697205005945
7406.0,0.6058517843910791,0.010097697205005945
7407.0,0.604795622403471,0.010097697205005945
7408.0,0.6058740421320491,0.010097697205005945
7409.0,0.6071714534484062,0.010097697205005945
7410.0,0.609175862987238,0.010097697205005945
7411.0,0.6111802725260699,0.010097697205005945
7412.0,0.6127770958647858,0.010097697205005945
7413.0,0.6142936903106629,0.010097697205005945
7414.0,0.6106457651308157,0.010097697205005945
7415.0,0.6002782577860225,0.010097697205005945
7416.0,0.5905582062553646,0.010097697205005945
7417.0,0.5994525093810409,0.010097697205005945
7418.0,0.6083468125067172,0.010097697205005945
7419.0,0.6124386809156243,0.010097697205005945
7420.0,0.6137420388438224,0.010097697205005945
7421.0,0.6135556716990015,0.010097697205005945
7422.0,0.6084292835866587,0.010097697205005945
7423.0,0.603302895474316,0.010097697205005945
7424.0,0.5959571333606705,0.010097697205005945
7425.0,0.5881591577583217,0.010097697205005945
7426.0,0.5877892432125267,0.010097697205005945
7427.0,0.5972749962696998,0.010097697205005945
7428.0,0.6061179514951655,0.010097697205005945
7429.0,0.5932932631438675,0.010097697205005945
7430.0,0.5804685747925695,0.010097697205005945
7431.0,0.5843950570290495,0.010097697205005945
7432.0,0.5982505313921279,0.010097697205005945
7433.0,0.6074240712583937,0.010097697205005945
7434.0,0.6006443528392638,0.010097697205005945
7435.0,0.5938646344201339,0.010097697205005945
7436.0,0.5928464341323694,0.010097697205005945
7437.0,0.593042507287981,0.010097697205005945
7438.0,0.5923404152250685,0.010097697205005945
7439.0,0.5904230092082794,0.010097697205005945
7440.0,0.5885129228183028,0.010097697205005945
7441.0,0.5869003792582639,0.010097697205005945
7442.0,0.5852878356982251,0.010097697205005945
7443.0,0.5905622455368885,0.010097697205005945
7444.0,0.6000033285300589,0.010097697205005945
7445.0,0.6062711061316445,0.010097697205005945
7446.0,0.6014237383616778,0.010097697205005945
7447.0,0.5965763705917112,0.010097697205005945
7448.0,0.5841239393377189,0.010097697205005945
7449.0,0.5700148495177659,0.010097697205005945
7450.0,0.5639145822959082,0.010097697205005945
7451.0,0.5688664902594271,0.010097697205005945
7452.0,0.5737950841457002,0.010097697205005945
7453.0,0.5775332029626153,0.010097697205005945
7454.0,0.5812713217795303,0.010097697205005945
7455.0,0.5833744521413958,0.010097697205005945
7456.0,0.5844680168164572,0.010097697205005945
7457.0,0.5866048233103268,0.010097697205005945
7458.0,0.5924996058586812,0.010097697205005945
7459.0,0.5983943884070357,0.010097697205005945
7460.0,0.592652733407042,0.010097697205005945
7461.0,0.5842928799586667,0.010097697205005945
7462.0,0.5774754823468142,0.010097697205005945
7463.0,0.5728291136146895,0.010097697205005945
7464.0,0.5683595599653168,0.010097697205005945
7465.0,0.5759871048936468,0.010097697205005945
7466.0,0.5836146498219769,0.010097697205005945
7467.0,0.5855770651654584,0.010097697205005945
7468.0,0.58396967282534,0.010097697205005945
7469.0,0.5814699795133536,0.010097697205005945
7470.0,0.5756632272321782,0.010097697205005945
7471.0,0.569856474951003,0.010097697205005945
7472.0,0.5667568660847138,0.010097697205005945
7473.0,0.5642859872718811,0.010097697205005945
7474.0,0.5647601387248378,0.010097697205005945
7475.0,0.5694623891851011,0.010097697205005945
7476.0,0.5741129080987354,0.010097697205005945
7477.0,0.5734286112663511,0.010097697205005945
7478.0,0.5727443144339669,0.010097697205005945
7479.0,0.5741061235659765,0.010097697205005945
7480.0,0.576783574797381,0.010097697205005945
7481.0,0.5785638216600829,0.010097697205005945
7482.0,0.5769212079254247,0.010097697205005945
7483.0,0.5752785941907664,0.010097697205005945
7484.0,0.5714604900729222,0.010097697205005945
7485.0,0.5671211747174414,0.010097697205005945
7486.0,0.5641698855354778,0.010097697205005945
7487.0,0.5632513565780427,0.010097697205005945
7488.0,0.5623431576448552,0.010097697205005945
7489.0,0.563575856237143,0.010097697205005945
7490.0,0.5648085548294306,0.010097697205005945
7491.0,0.5658061494495215,0.010097697205005945
7492.0,0.5666495009069382,0.010097697205005945
7493.0,0.5673408328054184,0.010097697205005945
7494.0,0.5674348807563622,0.010097697205005945
7495.0,0.567528928707306,0.010097697205005945
7496.0,0.5686674678256731,0.010097697205005945
7497.0,0.5700640025168319,0.010097697205005945
7498.0,0.5698335843796091,0.010097697205005945
7499.0,0.5671724792323242,0.010097697205005945
7500.0,0.5645113740850392,0.010097697205005945
7501.0,0.5601740228918848,0.010097697205005945
7502.0,0.5558366716987304,0.010097697205005945
7503.0,0.5525784431107537,0.010097697205005945
7504.0,0.5500425130200288,0.010097697205005945
7505.0,0.5487424651868024,0.010097697205005945
7506.0,0.5524458679475421,0.010097697205005945
7507.0,0.5561492707082819,0.010097697205005945
7508.0,0.5582377479947515,0.010097697205005945
7509.0,0.5599151975626202,0.010097697205005945
7510.0,0.5602142169233558,0.010097697205005945
7511.0,0.5584121744835212,0.010097697205005945
7512.0,0.5566101320436866,0.010097697205005945
7513.0,0.5641506521962383,0.010097697205005945
7514.0,0.5717362510585206,0.010097697205005945
7515.0,0.5736454195668799,0.010097697205005945
7516.0,0.5716785608840889,0.010097697205005945
7517.0,0.5688007859465575,0.010097697205005945
7518.0,0.5621209257718565,0.010097697205005945
7519.0,0.5554410655971557,0.010097697205005945
7520.0,0.5527389977023559,0.010097697205005945
7521.0,0.5510795935415312,0.010097697205005945
7522.0,0.5494885272425316,0.010097697205005945
7523.0,0.5480037409924441,0.010097697205005945
7524.0,0.5465189547423566,0.010097697205005945
7525.0,0.5419799895924925,0.010097697205005945
7526.0,0.5374114081623907,0.010097697205005945
7527.0,0.5357095590609402,0.010097697205005945
7528.0,0.5360044970397294,0.010097697205005945
7529.0,0.5364507439880215,0.010097697205005945
7530.0,0.5375484868814354,0.010097697205005945
7531.0,0.5386462297748493,0.010097697205005945
7532.0,0.5315887172734745,0.010097697205005945
7533.0,0.5223307776305213,0.010097697205005945
7534.0,0.5184688483074295,0.010097697205005945
7535.0,0.5231701527527886,0.010097697205005945
7536.0,0.5278714571981477,0.010097697205005945
7537.0,0.5335472162520069,0.010097697205005945
7538.0,0.5392372182477686,0.010097697205005945
7539.0,0.540773795986926,0.010097697205005945
7540.0,0.5393594809277539,0.010097697205005945
7541.0,0.5374247374532037,0.010097697205005945
7542.0,0.5331769787991992,0.010097697205005945
7543.0,0.5289292201451947,0.010097697205005945
7544.0,0.5328563060761204,0.010097697205005945
7545.0,0.5390527890467195,0.010097697205005945
7546.0,0.5423484519088442,0.010097697205005945
7547.0,0.5409462457273733,0.010097697205005945
7548.0,0.5395440395459025,0.010097697205005945
7549.0,0.5367167226572357,0.010097697205005945
7550.0,0.5338614966237518,0.010097697205005945
7551.0,0.5278438639120865,0.010097697205005945
7552.0,0.5195346321582615,0.010097697205005945
7553.0,0.5139422678598088,0.010097697205005945
7554.0,0.5208219662423453,0.010097697205005945
7555.0,0.527701664624882,0.010097697205005945
7556.0,0.525803316411537,0.010097697205005945
7557.0,0.5213988900805417,0.010097697205005945
7558.0,0.5212116299919938,0.010097697205005945
7559.0,0.5279947816226616,0.010097697205005945
7560.0,0.5347779332533292,0.010097697205005945
7561.0,0.5321073105869726,0.010097697205005945
7562.0,0.529204122747258,0.010097697205005945
7563.0,0.5289702313488814,0.010097697205005945
7564.0,0.530709055900884,0.010097697205005945
7565.0,0.5316984488190164,0.010097697205005945
7566.0,0.5291319178468081,0.010097697205005945
7567.0,0.5265653868745998,0.010097697205005945
7568.0,0.5205987759926773,0.010097697205005945
7569.0,0.5136343155720371,0.010097697205005945
7570.0,0.5080496235027586,0.010097697205005945
7571.0,0.5047927341681968,0.010097697205005945
7572.0,0.501535844833635,0.010097697205005945
7573.0,0.4953586988758259,0.010097697205005945
7574.0,0.4890949198414323,0.010097697205005945
7575.0,0.49136436577460774,0.010097697205005945
7576.0,0.5000651686306861,0.010097697205005945
7577.0,0.5071944808910214,0.010097697205005945
7578.0,0.5066112293765273,0.010097697205005945
7579.0,0.5060279778620331,0.010097697205005945
7580.0,0.4997576555241056,0.010097697205005945
7581.0,0.49177232589098585,0.010097697205005945
7582.0,0.48566622302680595,0.010097697205005945
7583.0,0.482796566264684,0.010097697205005945
7584.0,0.47992690950256206,0.010097697205005945
7585.0,0.47762389454647614,0.010097697205005945
7586.0,0.4753405888705997,0.010097697205005945
7587.0,0.474024130740239,0.010097697205005945
7588.0,0.473450769874159,0.010097697205005945
7589.0,0.473520278218181,0.010097697205005945
7590.0,0.4768557498485632,0.010097697205005945
7591.0,0.4801912214789455,0.010097697205005945
7592.0,0.4753053155949266,0.010097697205005945
7593.0,0.4678728509525205,0.010097697205005945
7594.0,0.46379237200226897,0.010097697205005945
7595.0,0.46560561623919716,0.010097697205005945
7596.0,0.4674188604761253,0.010097697205005945
7597.0,0.46704143809229676,0.010097697205005945
7598.0,0.4665764984402239,0.010097697205005945
7599.0,0.46194660736600485,0.010097697205005945
7600.0,0.4540525359481004,0.010097697205005945
7601.0,0.4494654406402502,0.010097697205005945
7602.0,0.46228348275370656,0.010097697205005945
7603.0,0.47510152486716295,0.010097697205005945
7604.0,0.47896818666226343,0.010097697205005945
7605.0,0.47998796959030254,0.010097697205005945
7606.0,0.48106465140921434,0.010097697205005945
7607.0,0.482243483921471,0.010097697205005945
7608.0,0.4834223164337277,0.010097697205005945
7609.0,0.48203907522296713,0.010097697205005945
7610.0,0.4805401067173167,0.010097697205005945
7611.0,0.47555764481757934,0.010097697205005945
7612.0,0.4677913977001072,0.010097697205005945
7613.0,0.4630523568837686,0.010097697205005945
7614.0,0.47483388378826685,0.010097697205005945
7615.0,0.48661541069276515,0.010097697205005945
7616.0,0.48687624602418045,0.010097697205005945
7617.0,0.4833763460490988,0.010097697205005945
7618.0,0.4813417782946152,0.010097697205005945
7619.0,0.48199365294455454,0.010097697205005945
7620.0,0.4826455275944938,0.010097697205005945
7621.0,0.48850141524365576,0.010097697205005945
7622.0,0.49461980039593045,0.010097697205005945
7623.0,0.495700706968088,0.010097697205005945
7624.0,0.49267700136386305,0.010097697205005945
7625.0,0.48869165496494094,0.010097697205005945
7626.0,0.47925957510485756,0.010097697205005945
7627.0,0.4698274952447742,0.010097697205005945
7628.0,0.474374990159444,0.010097697205005945
7629.0,0.48360474649705487,0.010097697205005945
7630.0,0.48693881751588597,0.010097697205005945
7631.0,0.47923372602403885,0.010097697205005945
7632.0,0.4715286345321918,0.010097697205005945
7633.0,0.48652615057955817,0.010097697205005945
7634.0,0.5027897182514055,0.010097697205005945
7635.0,0.5032559872424154,0.010097697205005945
7636.0,0.49059834656011536,0.010097697205005945
7637.0,0.4799946807369755,0.010097697205005945
7638.0,0.4814772140850477,0.010097697205005945
7639.0,0.48295974743311976,0.010097697205005945
7640.0,0.4858525376783368,0.010097697205005945
7641.0,0.4892298194059602,0.010097697205005945
7642.0,0.4919201875441058,0.010097697205005945
7643.0,0.4932967733974834,0.010097697205005945
7644.0,0.494673359250861,0.010097697205005945
7645.0,0.48854518649669265,0.010097697205005945
7646.0,0.4819581240442281,0.010097697205005945
7647.0,0.48177959384560515,0.010097697205005945
7648.0,0.487029133094795,0.010097697205005945
7649.0,0.49118090926152913,0.010097697205005945
7650.0,0.4886147506672484,0.010097697205005945
7651.0,0.4860485920729677,0.010097697205005945
7652.0,0.48419604080546746,0.010097697205005945
7653.0,0.4825948739371736,0.010097697205005945
7654.0,0.4821103157449057,0.010097697205005945
7655.0,0.483807500036647,0.010097697205005945
7656.0,0.48550468432838834,0.010097697205005945
7657.0,0.4856760910239023,0.010097697205005945
7658.0,0.485745909454367,0.010097697205005945
7659.0,0.48145439256719,0.010097697205005945
7660.0,0.4733967114012421,0.010097697205005945
7661.0,0.46640687980829176,0.010097697205005945
7662.0,0.4662210454946005,0.010097697205005945
7663.0,0.4660352111809092,0.010097697205005945
7664.0,0.4649540117235406,0.010097697205005945
7665.0,0.46354948596428835,0.010097697205005945
7666.0,0.4666628776651476,0.010097697205005945
7667.0,0.47879585278456366,0.010097697205005945
7668.0,0.4909288279039797,0.010097697205005945
7669.0,0.4790783157827886,0.010097697205005945
7670.0,0.46549926404067243,0.010097697205005945
7671.0,0.4656451550920749,0.010097697205005945
7672.0,0.4778739528917101,0.010097697205005945
7673.0,0.48789600507298325,0.010097697205005945
7674.0,0.48326040745898546,0.010097697205005945
7675.0,0.4786248098449878,0.010097697205005945
7676.0,0.4758783829867387,0.010097697205005945
7677.0,0.4738310735956657,0.010097697205005945
7678.0,0.4747381498151362,0.010097697205005945
7679.0,0.4816726039772671,0.010097697205005945
7680.0,0.48860705813939787,0.010097697205005945
7681.0,0.4729833221328919,0.010097697205005945
7682.0,0.4556086269929905,0.010097697205005945
7683.0,0.4565118423990086,0.010097697205005945
7684.0,0.47381937843162014,0.010097697205005945
7685.0,0.48858877672332307,0.010097697205005945
7686.0,0.4857604200114169,0.010097697205005945
7687.0,0.48293206329951066,0.010097697205005945
7688.0,0.474510211859655,0.010097697205005945
7689.0,0.4639676480146723,0.010097697205005945
7690.0,0.45894737063883057,0.010097697205005945
7691.0,0.46544208319678415,0.010097697205005945
7692.0,0.47193679575473774,0.010097697205005945
7693.0,0.462458471843184,0.010097697205005945
7694.0,0.4516507924907453,0.010097697205005945
7695.0,0.45099751127270277,0.010097697205005945
7696.0,0.45963492076152995,0.010097697205005945
7697.0,0.46726405079795036,0.010097697205005945
7698.0,0.4675856505456763,0.010097697205005945
7699.0,0.4679072502934022,0.010097697205005945
7700.0,0.4630939681029178,0.010097697205005945
7701.0,0.4562866400930955,0.010097697205005945
7702.0,0.4518567057911016,0.010097697205005945
7703.0,0.4524943738663094,0.010097697205005945
7704.0,0.4531320419415172,0.010097697205005945
7705.0,0.45539091956731553,0.010097697205005945
7706.0,0.45779390470872183,0.010097697205005945
7707.0,0.4584986085060713,0.010097697205005945
7708.0,0.45761930046975585,0.010097697205005945
7709.0,0.4573407098154533,0.010097697205005945
7710.0,0.4616201397092082,0.010097697205005945
7711.0,0.4658995696029631,0.010097697205005945
7712.0,0.4626449963692545,0.010097697205005945
7713.0,0.4563945192073494,0.010097697205005945
7714.0,0.45445185972648944,0.010097697205005945
7715.0,0.46189761206195495,0.010097697205005945
7716.0,0.4693433643974204,0.010097697205005945
7717.0,0.46089721609833195,0.010097697205005945
7718.0,0.4509474976997926,0.010097697205005945
7719.0,0.4478553749097917,0.010097697205005945
7720.0,0.4512835889279114,0.010097697205005945
7721.0,0.4541623659764191,0.010097697205005945
7722.0,0.452669278965665,0.010097697205005945
7723.0,0.4511761919549109,0.010097697205005945
7724.0,0.4468122875717343,0.010097697205005945
7725.0,0.44127968895417574,0.010097697205005945
7726.0,0.4399466129662735,0.010097697205005945
7727.0,0.4479729381878624,0.010097697205005945
7728.0,0.4559992634094513,0.010097697205005945
7729.0,0.4524480685879437,0.010097697205005945
7730.0,0.44773453357716686,0.010097697205005945
7731.0,0.4423651687037545,0.010097697205005945
7732.0,0.4363601294954007,0.010097697205005945
7733.0,0.4316173011570111,0.010097697205005945
7734.0,0.4374259884057568,0.010097697205005945
7735.0,0.44323467565450253,0.010097697205005945
7736.0,0.4435527777847193,0.010097697205005945
7737.0,0.44158313611555206,0.010097697205005945
7738.0,0.4425232548509468,0.010097697205005945
7739.0,0.45009625261876585,0.010097697205005945
7740.0,0.45766925038658496,0.010097697205005945
7741.0,0.44682477766398476,0.010097697205005945
7742.0,0.43402360156923375,0.010097697205005945
7743.0,0.4304756287835227,0.010097697205005945
7744.0,0.43607043921960703,0.010097697205005945
7745.0,0.4404405158450674,0.010097697205005945
7746.0,0.43403293493706124,0.010097697205005945
7747.0,0.4276253540290551,0.010097697205005945
7748.0,0.4329188615837736,0.010097697205005945
7749.0,0.4432013606234399,0.010097697205005945
7750.0,0.4486251060191005,0.010097697205005945
7751.0,0.44271823791694914,0.010097697205005945
7752.0,0.4368113698147978,0.010097697205005945
7753.0,0.4298890121048431,0.010097697205005945
7754.0,0.4228527677099019,0.010097697205005945
7755.0,0.4267224755179652,0.010097697205005945
7756.0,0.4415769737377233,0.010097697205005945
7757.0,0.45440668653527955,0.010097697205005945
7758.0,0.44843839146264175,0.010097697205005945
7759.0,0.442470096390004,0.010097697205005945
7760.0,0.4407800390631371,0.010097697205005945
7761.0,0.4409561785460624,0.010097697205005945
7762.0,0.44153456943625574,0.010097697205005945
7763.0,0.44307280413159433,0.010097697205005945
7764.0,0.444611038826933,0.010097697205005945
7765.0,0.43925449306967185,0.010097697205005945
7766.0,0.4330835302925069,0.010097697205005945
7767.0,0.42982472701614466,0.010097697205005945
7768.0,0.4295560242491163,0.010097697205005945
7769.0,0.42936007727314524,0.010097697205005945
7770.0,0.4298784598821003,0.010097697205005945
7771.0,0.43039684249105525,0.010097697205005945
7772.0,0.4289647521983781,0.010097697205005945
7773.0,0.4266623988228566,0.010097697205005945
7774.0,0.42432503828818935,0.010097697205005945
7775.0,0.42190218506321175,0.010097697205005945
7776.0,0.4194793318382341,0.010097697205005945
7777.0,0.418488615972825,0.010097697205005945
7778.0,0.41767570933424414,0.010097697205005945
7779.0,0.4193096482601003,0.010097697205005945
7780.0,0.4235046589561047,0.010097697205005945
7781.0,0.4280690700736522,0.010097697205005945
7782.0,0.43647929379902606,0.010097697205005945
7783.0,0.4448895175243999,0.010097697205005945
7784.0,0.44009735288151086,0.010097697205005945
7785.0,0.4292810215181369,0.010097697205005945
7786.0,0.4203082988475527,0.010097697205005945
7787.0,0.4159445979089342,0.010097697205005945
7788.0,0.4115808969703157,0.010097697205005945
7789.0,0.4087345641125003,0.010097697205005945
7790.0,0.40608588028556314,0.010097697205005945
7791.0,0.40733626931393335,0.010097697205005945
7792.0,0.4127469594037918,0.010097697205005945
7793.0,0.41826142359218216,0.010097697205005945
7794.0,0.42492492272663823,0.010097697205005945
7795.0,0.43158842186109425,0.010097697205005945
7796.0,0.42583282601978145,0.010097697205005945
7797.0,0.414283110163374,0.010097697205005945
7798.0,0.4086114389367984,0.010097697205005945
7799.0,0.41798655716864924,0.010097697205005945
7800.0,0.4273616754005001,0.010097697205005945
7801.0,0.4209573862214834,0.010097697205005945
7802.0,0.41240038116104466,0.010097697205005945
7803.0,0.4098557143587251,0.010097697205005945
7804.0,0.413850783907323,0.010097697205005945
7805.0,0.4176351787219621,0.010097697205005945
7806.0,0.41893037052614385,0.010097697205005945
7807.0,0.42022556233032565,0.010097697205005945
7808.0,0.4149340877569061,0.010097697205005945
7809.0,0.4065011003190025,0.010097697205005945
7810.0,0.40208899471821336,0.010097697205005945
7811.0,0.4082185923686296,0.010097697205005945
7812.0,0.4143481900190459,0.010097697205005945
7813.0,0.41260693565322465,0.010097697205005945
7814.0,0.40974281625354375,0.010097697205005945
7815.0,0.4059749260540813,0.010097697205005945
7816.0,0.4012048798791657,0.010097697205005945
7817.0,0.3971557141499414,0.010097697205005945
7818.0,0.40222982225790627,0.010097697205005945
7819.0,0.4073039303658711,0.010097697205005945
7820.0,0.40467386893097207,0.010097697205005945
7821.0,0.3982880248439297,0.010097697205005945
7822.0,0.3954915739347055,0.010097697205005945
7823.0,0.40233566133932624,0.010097697205005945
7824.0,0.409179748743947,0.010097697205005945
7825.0,0.40644086653535205,0.010097697205005945
7826.0,0.4022744523016177,0.010097697205005945
7827.0,0.40454003785027437,0.010097697205005945
7828.0,0.41407657967466055,0.010097697205005945
7829.0,0.4220214276087044,0.010097697205005945
7830.0,0.40829689907075406,0.010097697205005945
7831.0,0.3945723705328037,0.010097697205005945
7832.0,0.388295079461028,0.010097697205005945
7833.0,0.385728012810341,0.010097697205005945
7834.0,0.3851815816959908,0.010097697205005945
7835.0,0.3901964492875023,0.010097697205005945
7836.0,0.39521131687901384,0.010097697205005945
7837.0,0.39878548911940714,0.010097697205005945
7838.0,0.4021358640237055,0.010097697205005945
7839.0,0.40355270527211146,0.010097697205005945
7840.0,0.4027412364157941,0.010097697205005945
7841.0,0.40199601675083146,0.010097697205005945
7842.0,0.402225785185042,0.010097697205005945
7843.0,0.4024555536192525,0.010097697205005945
7844.0,0.40517931270791624,0.010097697205005945
7845.0,0.40917265761886507,0.010097697205005945
7846.0,0.41414573762847623,0.010097697205005945
7847.0,0.42188274922375674,0.010097697205005945
7848.0,0.4296197608190373,0.010097697205005945
7849.0,0.4158298773879383,0.010097697205005945
7850.0,0.3985572605913435,0.010097697205005945
7851.0,0.3891645394414956,0.010097697205005945
7852.0,0.389030181323058,0.010097697205005945
7853.0,0.3891751678841752,0.010097697205005945
7854.0,0.39378966931817394,0.010097697205005945
7855.0,0.3984041707521727,0.010097697205005945
7856.0,0.39788903937246634,0.010097697205005945
7857.0,0.394706124503885,0.010097697205005945
7858.0,0.3927425886912395,0.010097697205005945
7859.0,0.39430613528805497,0.010097697205005945
7860.0,0.3958696818848705,0.010097697205005945
7861.0,0.39654518194822164,0.010097697205005945
7862.0,0.3970712211644265,0.010097697205005945
7863.0,0.3995637254304527,0.010097697205005945
7864.0,0.4044118369065563,0.010097697205005945
7865.0,0.40820107928646476,0.010097697205005945
7866.0,0.39344834727089467,0.010097697205005945
7867.0,0.3786956152553246,0.010097697205005945
7868.0,0.38178601638220394,0.010097697205005945
7869.0,0.3943555819910158,0.010097697205005945
7870.0,0.4027935061005153,0.010097697205005945
7871.0,0.3989742270954071,0.010097697205005945
7872.0,0.3951549480902989,0.010097697205005945
7873.0,0.38976704294078796,0.010097697205005945
7874.0,0.3841047941496623,0.010097697205005945
7875.0,0.3800523128275779,0.010097697205005945
7876.0,0.3779658941743472,0.010097697205005945
7877.0,0.3758445687829215,0.010097697205005945
7878.0,0.37304894737564215,0.010097697205005945
7879.0,0.3702533259683628,0.010097697205005945
7880.0,0.37423671508830875,0.010097697205005945
7881.0,0.38189834510543075,0.010097697205005945
7882.0,0.38633352461213455,0.010097697205005945
7883.0,0.38094839115755236,0.010097697205005945
7884.0,0.37556325770297005,0.010097697205005945
7885.0,0.3787858389649559,0.010097697205005945
7886.0,0.3835712393527843,0.010097697205005945
7887.0,0.3857843707591946,0.010097697205005945
7888.0,0.38479429928309233,0.010097697205005945
7889.0,0.3837093397027866,0.010097697205005945
7890.0,0.3805830036104368,0.010097697205005945
7891.0,0.377456667518087,0.010097697205005945
7892.0,0.3787667261419567,0.010097697205005945
7893.0,0.3825350109425312,0.010097697205005945
7894.0,0.38369991718043733,0.010097697205005945
7895.0,0.3767324874131827,0.010097697205005945
7896.0,0.369765057645928,0.010097697205005945
7897.0,0.36456784036635653,0.010097697205005945
7898.0,0.3597039583911691,0.010097697205005945
7899.0,0.3616111593029467,0.010097697205005945
7900.0,0.3721159749976248,0.010097697205005945
7901.0,0.38201552930420424,0.010097697205005945
7902.0,0.3772420802631475,0.010097697205005945
7903.0,0.37246863122209073,0.010097697205005945
7904.0,0.37123295557239894,0.010097697205005945
7905.0,0.3719989148678209,0.010097697205005945
7906.0,0.3712961160389327,0.010097697205005945
7907.0,0.3658829060538107,0.010097697205005945
7908.0,0.36046969606868867,0.010097697205005945
7909.0,0.36536930651276034,0.010097697205005945
7910.0,0.37228117460155213,0.010097697205005945
7911.0,0.3752800399280704,0.010097697205005945
7912.0,0.3732124829453189,0.010097697205005945
7913.0,0.3710542243111779,0.010097697205005945
7914.0,0.3663813405833442,0.010097697205005945
7915.0,0.36170845685551045,0.010097697205005945
7916.0,0.3603616432693454,0.010097697205005945
7917.0,0.3609361391400118,0.010097697205005945
7918.0,0.3621306020374067,0.010097697205005945
7919.0,0.3653671212754181,0.010097697205005945
7920.0,0.3686036405134294,0.010097697205005945
7921.0,0.3627885888967199,0.010097697205005945
7922.0,0.3551449371073449,0.010097697205005945
7923.0,0.3544491181236257,0.010097697205005945
7924.0,0.3629267608387409,0.010097697205005945
7925.0,0.3709365083313039,0.010097697205005945
7926.0,0.3638238822311767,0.010097697205005945
7927.0,0.3567112561310494,0.010097697205005945
7928.0,0.3563837723463926,0.010097697205005945
7929.0,0.3600574507286845,0.010097697205005945
7930.0,0.36335793546237033,0.010097697205005945
7931.0,0.3653954543220917,0.010097697205005945
7932.0,0.3674329731818131,0.010097697205005945
7933.0,0.3637839611571461,0.010097697205005945
7934.0,0.35894647243095146,0.010097697205005945
7935.0,0.35243163584943077,0.010097697205005945
7936.0,0.34365828581764324,0.010097697205005945
7937.0,0.3353035562654338,0.010097697205005945
7938.0,0.34313548525701126,0.010097697205005945
7939.0,0.35096741424858874,0.010097697205005945
7940.0,0.35420554330710163,0.010097697205005945
7941.0,0.3546785581751387,0.010097697205005945
7942.0,0.3549625487415239,0.010097697205005945
7943.0,0.35458901929087555,0.010097697205005945
7944.0,0.35421548984022727,0.010097697205005945
7945.0,0.352095749848425,0.010097697205005945
7946.0,0.3495987264112354,0.010097697205005945
7947.0,0.34717558172092167,0.010097697205005945
7948.0,0.34485388875708695,0.010097697205005945
7949.0,0.3426182873233972,0.010097697205005945
7950.0,0.34451507933662306,0.010097697205005945
7951.0,0.346411871349849,0.010097697205005945
7952.0,0.347310401263305,0.010097697205005945
7953.0,0.34759565775500467,0.010097697205005945
7954.0,0.346628903294055,0.010097697205005945
7955.0,0.34118380196401815,0.010097697205005945
7956.0,0.33573870063398126,0.010097697205005945
7957.0,0.33971167007130837,0.010097697205005945
7958.0,0.3457867639677152,0.010097697205005945
7959.0,0.34829558155200974,0.010097697205005945
7960.0,0.3458095568086807,0.010097697205005945
7961.0,0.343435107523226,0.010097697205005945
7962.0,0.34809849481111427,0.010097697205005945
7963.0,0.3527618820990025,0.010097697205005945
7964.0,0.3500046845752833,0.010097697205005945
7965.0,0.3425951282146016,0.010097697205005945
7966.0,0.3390622059772153,0.010097697205005945
7967.0,0.3497944261597723,0.010097697205005945
7968.0,0.36052664634232934,0.010097697205005945
7969.0,0.35385071656011835,0.010097697205005945
7970.0,0.34316345532369463,0.010097697205005945
7971.0,0.3359243627946324,0.010097697205005945
7972.0,0.3336112255617901,0.010097697205005945
7973.0,0.3313751893459824,0.010097697205005945
7974.0,0.33619817957863773,0.010097697205005945
7975.0,0.34102116981129316,0.010097697205005945
7976.0,0.3406670163461677,0.010097697205005945
7977.0,0.3370007138617997,0.010097697205005945
7978.0,0.3355142170126711,0.010097697205005945
7979.0,0.34228342081654556,0.010097697205005945
7980.0,0.3490526246204201,0.010097697205005945
7981.0,0.34740636063377,0.010097697205005945
7982.0,0.34375939108028514,0.010097697205005945
7983.0,0.3386229340645419,0.010097697205005945
7984.0,0.3313159554961272,0.010097697205005945
7985.0,0.32407948462410174,0.010097697205005945
7986.0,0.32851908827327686,0.010097697205005945
7987.0,0.33295869192245203,0.010097697205005945
7988.0,0.3354951155859178,0.010097697205005945
7989.0,0.336789185647601,0.010097697205005945
7990.0,0.3379317919580535,0.010097697205005945
7991.0,0.3384836896387079,0.010097697205005945
7992.0,0.33903558731936234,0.010097697205005945
7993.0,0.33214788398777007,0.010097697205005945
7994.0,0.3234364219625919,0.010097697205005945
7995.0,0.319758599488399,0.010097697205005945
7996.0,0.32356362028700225,0.010097697205005945
7997.0,0.3273571914973174,0.010097697205005945
7998.0,0.32162470525121695,0.010097697205005945
7999.0,0.31589221900511644,0.010097697205005945
8000.0,0.3165410549557861,0.010097697205005945
8001.0,0.32143985148949855,0.010097697205005945
8002.0,0.32531168495569746,0.010097697205005945
8003.0,0.32505710657832976,0.010097697205005945
8004.0,0.32480252820096206,0.010097697205005945
8005.0,0.32789165095944134,0.010097697205005945
8006.0,0.33182549821539614,0.010097697205005945
8007.0,0.3347083253342647,0.010097697205005945
8008.0,0.3359971581666753,0.010097697205005945
8009.0,0.3372859909990858,0.010097697205005945
8010.0,0.3266153639703833,0.010097697205005945
8011.0,0.3159015099783309,0.010097697205005945
8012.0,0.3094565188107449,0.010097697205005945
8013.0,0.30591194452187037,0.010097697205005945
8014.0,0.30489397629470383,0.010097697205005945
8015.0,0.3143411479897802,0.010097697205005945
8016.0,0.32378831968485655,0.010097697205005945
8017.0,0.32110884467464684,0.010097697205005945
8018.0,0.3152738730936347,0.010097697205005945
8019.0,0.31390176649866003,0.010097697205005945
8020.0,0.3194354999126545,0.010097697205005945
8021.0,0.32496923332664907,0.010097697205005945
8022.0,0.315213141366685,0.010097697205005945
8023.0,0.3053274746154265,0.010097697205005945
8024.0,0.3055825061316416,0.010097697205005945
8025.0,0.3128659484389257,0.010097697205005945
8026.0,0.3189405947238394,0.010097697205005945
8027.0,0.3198510807866226,0.010097697205005945
8028.0,0.3207615668494059,0.010097697205005945
8029.0,0.3202622036365614,0.010097697205005945
8030.0,0.31938516390543636,0.010097697205005945
8031.0,0.31890650009791316,0.010097697205005945
8032.0,0.31905685090660163,0.010097697205005945
8033.0,0.31920720171529005,0.010097697205005945
8034.0,0.3189001777744331,0.010097697205005945
8035.0,0.31858703324690335,0.010097697205005945
8036.0,0.314756251288581,0.010097697205005945
8037.0,0.3084386149990689,0.010097697205005945
8038.0,0.303188384263161,0.010097697205005945
8039.0,0.3026444416499604,0.010097697205005945
8040.0,0.3021004990367597,0.010097697205005945
8041.0,0.30355961755472194,0.010097697205005945
8042.0,0.3055708815605987,0.010097697205005945
8043.0,0.306452702388032,0.010097697205005945
8044.0,0.30551466806273864,0.010097697205005945
8045.0,0.30457663373744526,0.010097697205005945
8046.0,0.3021572097574289,0.010097697205005945
8047.0,0.2997106209304441,0.010097697205005945
8048.0,0.30277305234095025,0.010097697205005945
8049.0,0.3098078971045228,0.010097697205005945
8050.0,0.3135339582786447,0.010097697205005945
8051.0,0.30219402484218294,0.010097697205005945
8052.0,0.2908540914057211,0.010097697205005945
8053.0,0.2933712611484198,0.010097697205005945
8054.0,0.2998171011298944,0.010097697205005945
8055.0,0.30341709037991943,0.010097697205005945
8056.0,0.3023372362049027,0.010097697205005945
8057.0,0.30125738202988595,0.010097697205005945
8058.0,0.3042214267123921,0.010097697205005945
8059.0,0.3072798621544721,0.010097697205005945
8060.0,0.3033929553648579,0.010097697205005945
8061.0,0.29439832814236033,0.010097697205005945
8062.0,0.2873017517413024,0.010097697205005945
8063.0,0.2891364144794883,0.010097697205005945
8064.0,0.29097107721767423,0.010097697205005945
8065.0,0.2929127144453978,0.010097697205005945
8066.0,0.29488553183441296,0.010097697205005945
8067.0,0.2946856582126048,0.010097697205005945
8068.0,0.29083901704208204,0.010097697205005945
8069.0,0.28699237587155935,0.010097697205005945
8070.0,0.2954962347080215,0.010097697205005945
8071.0,0.30435078675455407,0.010097697205005945
8072.0,0.30453621829757344,0.010097697205005945
8073.0,0.2982198094629545,0.010097697205005945
8074.0,0.2933099169505239,0.010097697205005945
8075.0,0.29524441020309294,0.010097697205005945
8076.0,0.29717890345566206,0.010097697205005945
8077.0,0.2905230059524923,0.010097697205005945
8078.0,0.281294011686304,0.010097697205005945
8079.0,0.2786416112010041,0.010097697205005945
8080.0,0.2872572508744767,0.010097697205005945
8081.0,0.2958728905479492,0.010097697205005945
8082.0,0.2959760300020968,0.010097697205005945
8083.0,0.29579401126031823,0.010097697205005945
8084.0,0.2983560107884387,0.010097697205005945
8085.0,0.30301671920518763,0.010097697205005945
8086.0,0.3064494027619841,0.010097697205005945
8087.0,0.3036974683647028,0.010097697205005945
8088.0,0.3009455339674215,0.010097697205005945
8089.0,0.30563696866739326,0.010097697205005945
8090.0,0.31261867078190164,0.010097697205005945
8091.0,0.3125640619328943,0.010097697205005945
8092.0,0.3002017144348679,0.010097697205005945
8093.0,0.28783936693684137,0.010097697205005945
8094.0,0.28850775934198275,0.010097697205005945
8095.0,0.2896798337134535,0.010097697205005945
8096.0,0.29302843390910566,0.010097697205005945
8097.0,0.2980745382197668,0.010097697205005945
8098.0,0.30227526328583953,0.010097697205005945
8099.0,0.30206613691932543,0.010097697205005945
8100.0,0.30185701055281133,0.010097697205005945
8101.0,0.29692521974658403,0.010097697205005945
8102.0,0.2905012758788409,0.010097697205005945
8103.0,0.2871285285263355,0.010097697205005945
8104.0,0.28920507528465333,0.010097697205005945
8105.0,0.2912816220429711,0.010097697205005945
8106.0,0.28314558409993307,0.010097697205005945
8107.0,0.2745616257752629,0.010097697205005945
8108.0,0.2753810536221176,0.010097697205005945
8109.0,0.2836786053855488,0.010097697205005945
8110.0,0.28979120631530936,0.010097697205005945
8111.0,0.28408826542919013,0.010097697205005945
8112.0,0.2783853245430709,0.010097697205005945
8113.0,0.27995052651914004,0.010097697205005945
8114.0,0.2838729640180804,0.010097697205005945
8115.0,0.28426982580087223,0.010097697205005945
8116.0,0.2782369935657528,0.010097697205005945
8117.0,0.2722041613306335,0.010097697205005945
8118.0,0.2697728643792706,0.010097697205005945
8119.0,0.2675184690350443,0.010097697205005945
8120.0,0.2708192336333308,0.010097697205005945
8121.0,0.27862450835890745,0.010097697205005945
8122.0,0.2839470090169397,0.010097697205005945
8123.0,0.2753383885181947,0.010097697205005945
8124.0,0.2667297680194497,0.010097697205005945
8125.0,0.2648004876011574,0.010097697205005945
8126.0,0.2650940915616346,0.010097697205005945
8127.0,0.268421543241439,0.010097697205005945
8128.0,0.27739966661841053,0.010097697205005945
8129.0,0.286377789995382,0.010097697205005945
8130.0,0.27832887326637024,0.010097697205005945
8131.0,0.26935316827843286,0.010097697205005945
8132.0,0.2695163166987669,0.010097697205005945
8133.0,0.277235052257082,0.010097697205005945
8134.0,0.2842691313516314,0.010097697205005945
8135.0,0.28731312236637774,0.010097697205005945
8136.0,0.290357113381124,0.010097697205005945
8137.0,0.288374983489977,0.010097697205005945
8138.0,0.2846770120013259,0.010097697205005945
8139.0,0.2820153964735994,0.010097697205005945
8140.0,0.2813253849690922,0.010097697205005945
8141.0,0.28063537346458506,0.010097697205005945
8142.0,0.27972512337182553,0.010097697205005945
8143.0,0.2788017037960535,0.010097697205005945
8144.0,0.2805255964676099,0.010097697205005945
8145.0,0.2844809625157833,0.010097697205005945
8146.0,0.2859298893579871,0.010097697205005945
8147.0,0.2721914938929259,0.010097697205005945
8148.0,0.25845309842786474,0.010097697205005945
8149.0,0.2621209741481612,0.010097697205005945
8150.0,0.2718824553401463,0.010097697205005945
8151.0,0.27606003351204084,0.010097697205005945
8152.0,0.2693855033410375,0.010097697205005945
8153.0,0.2627109731700341,0.010097697205005945
8154.0,0.2633905035986239,0.010097697205005945
8155.0,0.2645496466750112,0.010097697205005945
8156.0,0.26541689301079036,0.010097697205005945
8157.0,0.26603329058511,0.010097697205005945
8158.0,0.2659112508679027,0.010097697205005945
8159.0,0.2611318741980027,0.010097697205005945
8160.0,0.2563524975281028,0.010097697205005945
8161.0,0.26053498292219485,0.010097697205005945
8162.0,0.26793379727888333,0.010097697205005945
8163.0,0.2705748093782,0.010097697205005945
8164.0,0.26376842918152404,0.010097697205005945
8165.0,0.2569620489848481,0.010097697205005945
8166.0,0.2628127785721373,0.010097697205005945
8167.0,0.26955829098476214,0.010097697205005945
8168.0,0.26880552645764644,0.010097697205005945
8169.0,0.26148332560269893,0.010097697205005945
8170.0,0.2549760294951524,0.010097697205005945
8171.0,0.2538248800454956,0.010097697205005945
8172.0,0.25267373059583875,0.010097697205005945
8173.0,0.25340132813738103,0.010097697205005945
8174.0,0.2548199590549961,0.010097697205005945
8175.0,0.25642929769112055,0.010097697205005945
8176.0,0.2584255996251649,0.010097697205005945
8177.0,0.2604219015592093,0.010097697205005945
8178.0,0.2595909760788375,0.010097697205005945
8179.0,0.25854453843121733,0.010097697205005945
8180.0,0.26018457716914417,0.010097697205005945
8181.0,0.26422412776961135,0.010097697205005945
8182.0,0.2672441898307727,0.010097697205005945
8183.0,0.2632720993629248,0.010097697205005945
8184.0,0.25930000889507687,0.010097697205005945
8185.0,0.25893214228957434,0.010097697205005945
8186.0,0.25992256170161343,0.010097697205005945
8187.0,0.2598756346476797,0.010097697205005945
8188.0,0.2576774577270426,0.010097697205005945
8189.0,0.25547928080640536,0.010097697205005945
8190.0,0.25898596105426847,0.010097697205005945
8191.0,0.26295940234318765,0.010097697205005945
8192.0,0.26146193173621274,0.010097697205005945
8193.0,0.25498291979283844,0.010097697205005945
8194.0,0.24977272512332954,0.010097697205005945
8195.0,0.25365572091640864,0.010097697205005945
8196.0,0.2575387167094877,0.010097697205005945
8197.0,0.2593413876804721,0.010097697205005945
8198.0,0.2603410048099822,0.010097697205005945
8199.0,0.259020867922581,0.010097697205005945
8200.0,0.2527832000480287,0.010097697205005945
8201.0,0.24654553217347636,0.010097697205005945
8202.0,0.249736187996663,0.010097697205005945
8203.0,0.25375151443047805,0.010097697205005945
8204.0,0.25294522653908247,0.010097697205005945
8205.0,0.2476633197948772,0.010097697205005945
8206.0,0.2430256683182577,0.010097697205005945
8207.0,0.24321993134853595,0.010097697205005945
8208.0,0.24341419437881417,0.010097697205005945
8209.0,0.24448595124332242,0.010097697205005945
8210.0,0.24590459009255086,0.010097697205005945
8211.0,0.2464621073958704,0.010097697205005945
8212.0,0.24515331564530987,0.010097697205005945
8213.0,0.2438445238947494,0.010097697205005945
8214.0,0.2437290422890579,0.010097697205005945
8215.0,0.24372474837402833,0.010097697205005945
8216.0,0.24154834168031364,0.010097697205005945
8217.0,0.23731654789461748,0.010097697205005945
8218.0,0.2340387134879058,0.010097697205005945
8219.0,0.23826062356063724,0.010097697205005945
8220.0,0.2424825336333687,0.010097697205005945
8221.0,0.24476985827750103,0.010097697205005945
8222.0,0.24627421411410857,0.010097697205005945
8223.0,0.2469195612516739,0.010097697205005945
8224.0,0.24566115938054514,0.010097697205005945
8225.0,0.24440275750941637,0.010097697205005945
8226.0,0.24668602320499558,0.010097697205005945
8227.0,0.2493197177495167,0.010097697205005945
8228.0,0.2448561716147299,0.010097697205005945
8229.0,0.23354646642844645,0.010097697205005945
8230.0,0.22430678899321532,0.010097697205005945
8231.0,0.23215634065822363,0.010097697205005945
8232.0,0.2400058923232319,0.010097697205005945
8233.0,0.24333159780034008,0.010097697205005945
8234.0,0.2447832481503822,0.010097697205005945
8235.0,0.24584373649739452,0.010097697205005945
8236.0,0.2460175909708714,0.010097697205005945
8237.0,0.24619144544434823,0.010097697205005945
8238.0,0.2449550911387888,0.010097697205005945
8239.0,0.2435709828630123,0.010097697205005945
8240.0,0.2429919598040855,0.010097697205005945
8241.0,0.24320460387505907,0.010097697205005945
8242.0,0.24405977914893867,0.010097697205005945
8243.0,0.2504960103364803,0.010097697205005945
8244.0,0.2569322415240219,0.010097697205005945
8245.0,0.25072732818741794,0.010097697205005945
8246.0,0.23916343392437595,0.010097697205005945
8247.0,0.2321689361095241,0.010097697205005945
8248.0,0.23576961252911718,0.010097697205005945
8249.0,0.2393702889487102,0.010097697205005945
8250.0,0.24127337894813658,0.010097697205005945
8251.0,0.24298860271706557,0.010097697205005945
8252.0,0.24217316684942358,0.010097697205005945
8253.0,0.23882098802878615,0.010097697205005945
8254.0,0.23583435840293834,0.010097697205005945
8255.0,0.23619562445133802,0.010097697205005945
8256.0,0.23655689049973763,0.010097697205005945
8257.0,0.23952862627669494,0.010097697205005945
8258.0,0.24363261398411085,0.010097697205005945
8259.0,0.24211491713220254,0.010097697205005945
8260.0,0.22725994436225022,0.010097697205005945
8261.0,0.2124049715922979,0.010097697205005945
8262.0,0.22421484318834017,0.010097697205005945
8263.0,0.2391344218351391,0.010097697205005945
8264.0,0.24367762040520746,0.010097697205005945
8265.0,0.2376177704017799,0.010097697205005945
8266.0,0.23181492427091208,0.010097697205005945
8267.0,0.228499743829566,0.010097697205005945
8268.0,0.22518456338821993,0.010097697205005945
8269.0,0.2268331509588483,0.010097697205005945
8270.0,0.23068403421589453,0.010097697205005945
8271.0,0.2328928534099514,0.010097697205005945
8272.0,0.23111476808894732,0.010097697205005945
8273.0,0.22933668276794322,0.010097697205005945
8274.0,0.23502445067706373,0.010097697205005945
8275.0,0.24162784209554428,0.010097697205005945
8276.0,0.24332272044040307,0.010097697205005945
8277.0,0.2399045643335702,0.010097697205005945
8278.0,0.23627849093953845,0.010097697205005945
8279.0,0.23051986050519144,0.010097697205005945
8280.0,0.2247612300708444,0.010097697205005945
8281.0,0.22765906121798896,0.010097697205005945
8282.0,0.23448478069183304,0.010097697205005945
8283.0,0.23760621640312507,0.010097697205005945
8284.0,0.23152118954143394,0.010097697205005945
8285.0,0.22543616267974284,0.010097697205005945
8286.0,0.22787374363205398,0.010097697205005945
8287.0,0.2314084082460611,0.010097697205005945
8288.0,0.2300976344165395,0.010097697205005945
8289.0,0.2236415806556525,0.010097697205005945
8290.0,0.21831690297029932,0.010097697205005945
8291.0,0.22532422450815176,0.010097697205005945
8292.0,0.23233154604600423,0.010097697205005945
8293.0,0.2277017371746018,0.010097697205005945
8294.0,0.21767262702366882,0.010097697205005945
8295.0,0.20938762660346266,0.010097697205005945
8296.0,0.20554082881715643,0.010097697205005945
8297.0,0.20169403103085023,0.010097697205005945
8298.0,0.21272082730601596,0.010097697205005945
8299.0,0.22575373504178506,0.010097697205005945
8300.0,0.22698474425686374,0.010097697205005945
8301.0,0.21544019832332775,0.010097697205005945
8302.0,0.20509096012408173,0.010097697205005945
8303.0,0.20863264665494027,0.010097697205005945
8304.0,0.21217433318579884,0.010097697205005945
8305.0,0.2141926623941056,0.010097697205005945
8306.0,0.2154884079520682,0.010097697205005945
8307.0,0.21831631899944728,0.010097697205005945
8308.0,0.22513714617075742,0.010097697205005945
8309.0,0.23195797334206758,0.010097697205005945
8310.0,0.22485949430022475,0.010097697205005945
8311.0,0.21579705835434473,0.010097697205005945
8312.0,0.2117023774634177,0.010097697205005945
8313.0,0.2130897899033529,0.010097697205005945
8314.0,0.2141723506164621,0.010097697205005945
8315.0,0.2114639325976697,0.010097697205005945
8316.0,0.2087555145788773,0.010097697205005945
8317.0,0.20767214593068636,0.010097697205005945
8318.0,0.20737668000763518,0.010097697205005945
8319.0,0.2077674798735571,0.010097697205005945
8320.0,0.20999033730827457,0.010097697205005945
8321.0,0.21221319474299202,0.010097697205005945
8322.0,0.21017104400851358,0.010097697205005945
8323.0,0.20750030391577054,0.010097697205005945
8324.0,0.20544819643055615,0.010097697205005945
8325.0,0.20409205062881267,0.010097697205005945
8326.0,0.20351477644918475,0.010097697205005945
8327.0,0.21334483859954811,0.010097697205005945
8328.0,0.22317490074991148,0.010097697205005945
8329.0,0.22216045795802844,0.010097697205005945
8330.0,0.2157724364155997,0.010097697205005945
8331.0,0.21109710474116247,0.010097697205005945
8332.0,0.21110670947694848,0.010097697205005945
8333.0,0.21111631421273452,0.010097697205005945
8334.0,0.2159041168622593,0.010097697205005945
8335.0,0.2214265178059931,0.010097697205005945
8336.0,0.2204496309011901,0.010097697205005945
8337.0,0.21201866386082144,0.010097697205005945
8338.0,0.20431749821189218,0.010097697205005945
8339.0,0.20714439337643845,0.010097697205005945
8340.0,0.2099712885409847,0.010097697205005945
8341.0,0.2103275411217452,0.010097697205005945
8342.0,0.20943283543223903,0.010097697205005945
8343.0,0.20807450712098693,0.010097697205005945
8344.0,0.20541634187022423,0.010097697205005945
8345.0,0.2027581766194615,0.010097697205005945
8346.0,0.20431697950608108,0.010097697205005945
8347.0,0.20655120208044356,0.010097697205005945
8348.0,0.20816522285465727,0.010097697205005945
8349.0,0.2090540597531771,0.010097697205005945
8350.0,0.20941753908139005,0.010097697205005945
8351.0,0.20155391885870919,0.010097697205005945
8352.0,0.19369029863602838,0.010097697205005945
8353.0,0.1972776286836691,0.010097697205005945
8354.0,0.2067885832791313,0.010097697205005945
8355.0,0.21177465281806776,0.010097697205005945
8356.0,0.2037543085666066,0.010097697205005945
8357.0,0.19573396431514542,0.010097697205005945
8358.0,0.20088057736621398,0.010097697205005945
8359.0,0.20822168330103288,0.010097697205005945
8360.0,0.208557498302921,0.010097697205005945
8361.0,0.20054226911373363,0.010097697205005945
8362.0,0.19334520569866734,0.010097697205005945
8363.0,0.20014589150624706,0.010097697205005945
8364.0,0.20694657731382676,0.010097697205005945
8365.0,0.20574240999669413,0.010097697205005945
8366.0,0.20030815515680725,0.010097697205005945
8367.0,0.19570575259637174,0.010097697205005945
8368.0,0.193555540167776,0.010097697205005945
8369.0,0.1914053277391803,0.010097697205005945
8370.0,0.1913161442385679,0.010097697205005945
8371.0,0.19158401222829455,0.010097697205005945
8372.0,0.19270921701419413,0.010097697205005945
8373.0,0.19487645083160798,0.010097697205005945
8374.0,0.19703255184139745,0.010097697205005945
8375.0,0.19897898497425975,0.010097697205005945
8376.0,0.20092541810712203,0.010097697205005945
8377.0,0.19450107524807325,0.010097697205005945
8378.0,0.18355867954311575,0.010097697205005945
8379.0,0.1762383556977343,0.010097697205005945
8380.0,0.1798717370894914,0.010097697205005945
8381.0,0.18350511848124848,0.010097697205005945
8382.0,0.19288923506438505,0.010097697205005945
8383.0,0.2033078323405949,0.010097697205005945
8384.0,0.20261209802690966,0.010097697205005945
8385.0,0.18814295816776314,0.010097697205005945
8386.0,0.17501907059158062,0.010097697205005945
8387.0,0.19003927682999475,0.010097697205005945
8388.0,0.2050594830684089,0.010097697205005945
8389.0,0.20688991615757713,0.010097697205005945
8390.0,0.2014500087399146,0.010097697205005945
8391.0,0.19804543294162277,0.010097697205005945
8392.0,0.2009574035482422,0.010097697205005945
8393.0,0.20386937415486167,0.010097697205005945
8394.0,0.19634838303288438,0.010097697205005945
8395.0,0.18688050019231645,0.010097697205005945
8396.0,0.18434482505376068,0.010097697205005945
8397.0,0.1905685971473668,0.010097697205005945
8398.0,0.1961780500110027,0.010097697205005945
8399.0,0.187351000970502,0.010097697205005945
8400.0,0.17852395193000134,0.010097697205005945
8401.0,0.18177132250847466,0.010097697205005945
8402.0,0.19181480169052567,0.010097697205005945
8403.0,0.19910945973914151,0.010097697205005945
8404.0,0.1976465670410981,0.010097697205005945
8405.0,0.19618367434305473,0.010097697205005945
8406.0,0.1958376206208573,0.010097697205005945
8407.0,0.1957075744369683,0.010097697205005945
8408.0,0.19108101488031057,0.010097697205005945
8409.0,0.18066087078567147,0.010097697205005945
8410.0,0.17086057478050423,0.010097697205005945
8411.0,0.17765154596980862,0.010097697205005945
8412.0,0.18444251715911297,0.010097697205005945
8413.0,0.1870094203766569,0.010097697205005945
8414.0,0.18714888188641582,0.010097697205005945
8415.0,0.18561713486654924,0.010097697205005945
8416.0,0.1786175363497505,0.010097697205005945
8417.0,0.1716179378329518,0.010097697205005945
8418.0,0.17214753181402703,0.010097697205005945
8419.0,0.1741851340907825,0.010097697205005945
8420.0,0.17608656357106572,0.010097697205005945
8421.0,0.17780907712709568,0.010097697205005945
8422.0,0.1794170498408509,0.010097697205005945
8423.0,0.17746985102722201,0.010097697205005945
8424.0,0.17552265221359314,0.010097697205005945
8425.0,0.17799912089910372,0.010097697205005945
8426.0,0.1830708078507782,0.010097697205005945
8427.0,0.18757317714143265,0.010097697205005945
8428.0,0.19016192371808546,0.010097697205005945
8429.0,0.19275067029473827,0.010097697205005945
8430.0,0.19432336162891886,0.010097697205005945
8431.0,0.19568547919545767,0.010097697205005945
8432.0,0.19441588249752195,0.010097697205005945
8433.0,0.18962008438341246,0.010097697205005945
8434.0,0.18479694385310422,0.010097697205005945
8435.0,0.17896586243480392,0.010097697205005945
8436.0,0.17313478101650362,0.010097697205005945
8437.0,0.17421693925352108,0.010097697205005945
8438.0,0.17943907977932436,0.010097697205005945
8439.0,0.1837171729557969,0.010097697205005945
8440.0,0.18473401165277514,0.010097697205005945
8441.0,0.18575085034975342,0.010097697205005945
8442.0,0.1791171267886243,0.010097697205005945
8443.0,0.1708439970293414,0.010097697205005945
8444.0,0.16980891148431318,0.010097697205005945
8445.0,0.1786644488570717,0.010097697205005945
8446.0,0.18714948394541223,0.010097697205005945
8447.0,0.17885899893381968,0.010097697205005945
8448.0,0.17056851392222713,0.010097697205005945
8449.0,0.1692255428962038,0.010097697205005945
8450.0,0.1721290214242125,0.010097697205005945
8451.0,0.17341562993635895,0.010097697205005945
8452.0,0.16895925751781984,0.010097697205005945
8453.0,0.16450288509928074,0.010097697205005945
8454.0,0.1689204395523755,0.010097697205005945
8455.0,0.17530274907527038,0.010097697205005945
8456.0,0.17650579830254345,0.010097697205005945
8457.0,0.1704906255660927,0.010097697205005945
8458.0,0.16448524001010845,0.010097697205005945
8459.0,0.15905240451139288,0.010097697205005945
8460.0,0.1536195690126773,0.010097697205005945
8461.0,0.16134740130481542,0.010097697205005945
8462.0,0.17728461701421744,0.010097697205005945
8463.0,0.18771197614126342,0.010097697205005945
8464.0,0.17800835088355957,0.010097697205005945
8465.0,0.16830472562585572,0.010097697205005945
8466.0,0.16419104540684382,0.010097697205005945
8467.0,0.16135530247543844,0.010097697205005945
8468.0,0.15999772412996158,0.010097697205005945
8469.0,0.16074137393133855,0.010097697205005945
8470.0,0.16154221657592277,0.010097697205005945
8471.0,0.16705003021683512,0.010097697205005945
8472.0,0.17255784385774742,0.010097697205005945
8473.0,0.173603218635184,0.010097697205005945
8474.0,0.17180806258401918,0.010097697205005945
8475.0,0.17025291288884403,0.010097697205005945
8476.0,0.16960018709219052,0.010097697205005945
8477.0,0.168947461295537,0.010097697205005945
8478.0,0.17199087512906755,0.010097697205005945
8479.0,0.17590622694657113,0.010097697205005945
8480.0,0.1748813764697725,0.010097697205005945
8481.0,0.16669323266625993,0.010097697205005945
8482.0,0.15859119317581077,0.010097697205005945
8483.0,0.16235719817020644,0.010097697205005945
8484.0,0.16612320316460213,0.010097697205005945
8485.0,0.1687298727771762,0.010097697205005945
8486.0,0.17058354831997266,0.010097697205005945
8487.0,0.1706309509886975,0.010097697205005945
8488.0,0.16368564814494788,0.010097697205005945
8489.0,0.15674034530119826,0.010097697205005945
8490.0,0.1572928597558884,0.010097697205005945
8491.0,0.15966947006078722,0.010097697205005945
8492.0,0.15990746681974616,0.010097697205005945
8493.0,0.15698209770868463,0.010097697205005945
8494.0,0.15406713164865624,0.010097697205005945
8495.0,0.15547463329323136,0.010097697205005945
8496.0,0.1568821349378065,0.010097697205005945
8497.0,0.16038334887509695,0.010097697205005945
8498.0,0.1652720128746244,0.010097697205005945
8499.0,0.16963653662901695,0.010097697205005945
8500.0,0.17191077653156311,0.010097697205005945
8501.0,0.1741850164341093,0.010097697205005945
8502.0,0.17080106902589368,0.010097697205005945
8503.0,0.16599832690161,0.010097697205005945
8504.0,0.16103110852520183,0.010097697205005945
8505.0,0.15581568953941466,0.010097697205005945
8506.0,0.15060027055362746,0.010097697205005945
8507.0,0.1599589878167811,0.010097697205005945
8508.0,0.169352781220122,0.010097697205005945
8509.0,0.16830971044827073,0.010097697205005945
8510.0,0.1602107315016601,0.010097697205005945
8511.0,0.1541572172333179,0.010097697205005945
8512.0,0.1565114412130162,0.010097697205005945
8513.0,0.15886566519271447,0.010097697205005945
8514.0,0.15476020509737173,0.010097697205005945
8515.0,0.14898615591315567,0.010097697205005945
8516.0,0.14715445420206677,0.010097697205005945
8517.0,0.15139252527734423,0.010097697205005945
8518.0,0.15563059635262172,0.010097697205005945
8519.0,0.1546727028009024,0.010097697205005945
8520.0,0.15367711180328278,0.010097697205005945
8521.0,0.15132436350721176,0.010097697205005945
8522.0,0.1480356446604814,0.010097697205005945
8523.0,0.14654418859614796,0.010097697205005945
8524.0,0.15267131816278418,0.010097697205005945
8525.0,0.15879844772942042,0.010097697205005945
8526.0,0.15706375993627952,0.010097697205005945
8527.0,0.1532381632708582,0.010097697205005945
8528.0,0.15073545728829735,0.010097697205005945
8529.0,0.15031099623652222,0.010097697205005945
8530.0,0.1498865351847471,0.010097697205005945
8531.0,0.1536328457920706,0.010097697205005945
8532.0,0.15742983406231958,0.010097697205005945
8533.0,0.15809331169892923,0.010097697205005945
8534.0,0.15655243829673748,0.010097697205005945
8535.0,0.15475391851991369,0.010097697205005945
8536.0,0.1518284036334092,0.010097697205005945
8537.0,0.14890288874690463,0.010097697205005945
8538.0,0.1459596668295714,0.010097697205005945
8539.0,0.14301159849248535,0.010097697205005945
8540.0,0.14016742377029515,0.010097697205005945
8541.0,0.13748980349948547,0.010097697205005945
8542.0,0.1348121832286758,0.010097697205005945
8543.0,0.1418980731175124,0.010097697205005945
8544.0,0.14915086061590233,0.010097697205005945
8545.0,0.14893678597557436,0.010097697205005945
8546.0,0.1433650453058144,0.010097697205005945
8547.0,0.13938558873790835,0.010097697205005945
8548.0,0.14259777294789414,0.010097697205005945
8549.0,0.14580995715787992,0.010097697205005945
8550.0,0.1424571741072045,0.010097697205005945
8551.0,0.1372561002739209,0.010097697205005945
8552.0,0.13784736385883478,0.010097697205005945
8553.0,0.14791533138430354,0.010097697205005945
8554.0,0.1579832989097723,0.010097697205005945
8555.0,0.1524935785249015,0.010097697205005945
8556.0,0.1466602527628973,0.010097697205005945
8557.0,0.14305128704616632,0.010097697205005945
8558.0,0.14107012743325073,0.010097697205005945
8559.0,0.139754614477774,0.010097697205005945
8560.0,0.14154545259032936,0.010097697205005945
8561.0,0.1433362907028847,0.010097697205005945
8562.0,0.14766252660028384,0.010097697205005945
8563.0,0.1527226934353959,0.010097697205005945
8564.0,0.1523637623633081,0.010097697205005945
8565.0,0.14295563254233104,0.010097697205005945
8566.0,0.13354750272135396,0.010097697205005945
8567.0,0.14175944614175384,0.010097697205005945
8568.0,0.15044936935414702,0.010097697205005945
8569.0,0.15474672314683696,0.010097697205005945
8570.0,0.15576576517137178,0.010097697205005945
8571.0,0.15646104393289792,0.010097697205005945
8572.0,0.15559410834843007,0.010097697205005945
8573.0,0.15472717276396225,0.010097697205005945
8574.0,0.1490230939965719,0.010097697205005945
8575.0,0.14187992745982012,0.010097697205005945
8576.0,0.1385067120147496,0.010097697205005945
8577.0,0.141559549566858,0.010097697205005945
8578.0,0.14461238711896646,0.010097697205005945
8579.0,0.14505768446935519,0.010097697205005945
8580.0,0.14541897185042135,0.010097697205005945
8581.0,0.1437650252649274,0.010097697205005945
8582.0,0.1405772853856523,0.010097697205005945
8583.0,0.13854305233294503,0.010097697205005945
8584.0,0.14226805480282725,0.010097697205005945
8585.0,0.14599305727270945,0.010097697205005945
8586.0,0.13636808016585414,0.010097697205005945
8587.0,0.12266278014761628,0.010097697205005945
8588.0,0.11613640089846758,0.010097697205005945
8589.0,0.1221022883823419,0.010097697205005945
8590.0,0.1280681758662162,0.010097697205005945
8591.0,0.1320639626647953,0.010097697205005945
8592.0,0.13598614669804404,0.010097697205005945
8593.0,0.14146752110448832,0.010097697205005945
8594.0,0.14815901341251014,0.010097697205005945
8595.0,0.15232754902249301,0.010097697205005945
8596.0,0.14345146407521356,0.010097697205005945
8597.0,0.13457537912793405,0.010097697205005945
8598.0,0.13440934124280374,0.010097697205005945
8599.0,0.13697721402859292,0.010097697205005945
8600.0,0.14002318842182374,0.010097697205005945
8601.0,0.14391859000427237,0.010097697205005945
8602.0,0.147813991586721,0.010097697205005945
8603.0,0.14450266488929084,0.010097697205005945
8604.0,0.14088466890335166,0.010097697205005945
8605.0,0.13800632379135105,0.010097697205005945
8606.0,0.13571333679033842,0.010097697205005945
8607.0,0.1336141907291818,0.010097697205005945
8608.0,0.13255379535335698,0.010097697205005945
8609.0,0.1314933999775322,0.010097697205005945
8610.0,0.1348673719634794,0.010097697205005945
8611.0,0.1396701956548938,0.010097697205005945
8612.0,0.14241836284591664,0.010097697205005945
8613.0,0.14143899442645314,0.010097697205005945
8614.0,0.14045962600698966,0.010097697205005945
8615.0,0.1431070749059006,0.010097697205005945
8616.0,0.1459278811105958,0.010097697205005945
8617.0,0.14539255345044547,0.010097697205005945
8618.0,0.14214902232452364,0.010097697205005945
8619.0,0.1395702630864955,0.010097697205005945
8620.0,0.1406870074142155,0.010097697205005945
8621.0,0.14180375174193552,0.010097697205005945
8622.0,0.13936459244287602,0.010097697205005945
8623.0,0.13574959919693852,0.010097697205005945
8624.0,0.130566766742862,0.010097697205005945
8625.0,0.12247913630386437,0.010097697205005945
8626.0,0.11439150586486677,0.010097697205005945
8627.0,0.11669445352039616,0.010097697205005945
8628.0,0.11954911328713584,0.010097697205005945
8629.0,0.1224882752272485,0.010097697205005945
8630.0,0.12549696193144902,0.010097697205005945
8631.0,0.12807487689293792,0.010097697205005945
8632.0,0.12816622325831026,0.010097697205005945
8633.0,0.12825756962368257,0.010097697205005945
8634.0,0.12602365506588664,0.010097697205005945
8635.0,0.12300094620778683,0.010097697205005945
8636.0,0.12156182808109112,0.010097697205005945
8637.0,0.12311943547041727,0.010097697205005945
8638.0,0.12467704285974344,0.010097697205005945
8639.0,0.12364534373590183,0.010097697205005945
8640.0,0.1224623001398821,0.010097697205005945
8641.0,0.11978336854965001,0.010097697205005945
8642.0,0.11584960817839733,0.010097697205005945
8643.0,0.11334404294853816,0.010097697205005945
8644.0,0.11940764856693063,0.010097697205005945
8645.0,0.12547125418532312,0.010097697205005945
8646.0,0.12494335899994358,0.010097697205005945
8647.0,0.12212230414982349,0.010097697205005945
8648.0,0.12000205341960038,0.010097697205005945
8649.0,0.11923652614649831,0.010097697205005945
8650.0,0.11847099887339627,0.010097697205005945
8651.0,0.13000759447995905,0.010097697205005945
8652.0,0.1423297662601766,0.010097697205005945
8653.0,0.1398628304057914,0.010097697205005945
8654.0,0.12474774904651786,0.010097697205005945
8655.0,0.11255341500277229,0.010097697205005945
8656.0,0.1185947033290007,0.010097697205005945
8657.0,0.12463599165522914,0.010097697205005945
8658.0,0.1355365265188853,0.010097697205005945
8659.0,0.14817024540810111,0.010097697205005945
8660.0,0.1516171078038554,0.010097697205005945
8661.0,0.13691992862495608,0.010097697205005945
8662.0,0.12222274944605675,0.010097697205005945
8663.0,0.11618263327183365,0.010097697205005945
8664.0,0.11074262159342756,0.010097697205005945
8665.0,0.11024289969109825,0.010097697205005945
8666.0,0.1140506664025159,0.010097697205005945
8667.0,0.11734001022647464,0.010097697205005945
8668.0,0.11725727004373293,0.010097697205005945
8669.0,0.11717452986099121,0.010097697205005945
8670.0,0.11699954208395152,0.010097697205005945
8671.0,0.11679083100604566,0.010097697205005945
8672.0,0.11770629303334723,0.010097697205005945
8673.0,0.12089046672587274,0.010097697205005945
8674.0,0.12407464041839823,0.010097697205005945
8675.0,0.11666480006478917,0.010097697205005945
8676.0,0.10846211736966282,0.010097697205005945
8677.0,0.1073231141535578,0.010097697205005945
8678.0,0.11246293714101648,0.010097697205005945
8679.0,0.1163659045583461,0.010097697205005945
8680.0,0.11187674913528932,0.010097697205005945
8681.0,0.10738759371223251,0.010097697205005945
8682.0,0.10426037030261032,0.010097697205005945
8683.0,0.10164330954488186,0.010097697205005945
8684.0,0.1012497927318499,0.010097697205005945
8685.0,0.10544233530475598,0.010097697205005945
8686.0,0.10963487787766206,0.010097697205005945
8687.0,0.11361045708312638,0.010097697205005945
8688.0,0.11756858916954877,0.010097697205005945
8689.0,0.11900933163679923,0.010097697205005945
8690.0,0.11816886978096305,0.010097697205005945
8691.0,0.11836043471428105,0.010097697205005945
8692.0,0.12586636426979866,0.010097697205005945
8693.0,0.1333722938253163,0.010097697205005945
8694.0,0.13203651782441328,0.010097697205005945
8695.0,0.12730799434258666,0.010097697205005945
8696.0,0.12514678629566076,0.010097697205005945
8697.0,0.12839801563946956,0.010097697205005945
8698.0,0.1316492449832784,0.010097697205005945
8699.0,0.12952504211796048,0.010097697205005945
8700.0,0.1269382857639871,0.010097697205005945
8701.0,0.12427503582524667,0.010097697205005945
8702.0,0.12154112206686037,0.010097697205005945
8703.0,0.11778960744827661,0.010097697205005945
8704.0,0.1064934561490227,0.010097697205005945
8705.0,0.09519730484976878,0.010097697205005945
8706.0,0.09435988017402333,0.010097697205005945
8707.0,0.09763249020818024,0.010097697205005945
8708.0,0.10014818362913702,0.010097697205005945
8709.0,0.10103249237998199,0.010097697205005945
8710.0,0.10191680113082695,0.010097697205005945
8711.0,0.10965353855456658,0.010097697205005945
8712.0,0.11801893915931146,0.010097697205005945
8713.0,0.12058268612570926,0.010097697205005945
8714.0,0.11768287115766037,0.010097697205005945
8715.0,0.11506274557503826,0.010097697205005945
8716.0,0.11461536490235942,0.010097697205005945
8717.0,0.11416798422968061,0.010097697205005945
8718.0,0.11006335047857037,0.010097697205005945
8719.0,0.10448719570769165,0.010097697205005945
8720.0,0.09877643664929588,0.010097697205005945
8721.0,0.0927690304495659,0.010097697205005945
8722.0,0.08676162424983593,0.010097697205005945
8723.0,0.08865893681670264,0.010097697205005945
8724.0,0.0913269334266926,0.010097697205005945
8725.0,0.09343974893148353,0.010097697205005945
8726.0,0.09501959057528367,0.010097697205005945
8727.0,0.09639538139566395,0.010097697205005945
8728.0,0.09610737319432254,0.010097697205005945
8729.0,0.09581936499298113,0.010097697205005945
8730.0,0.09871202120228233,0.010097697205005945
8731.0,0.10291467987224326,0.010097697205005945
8732.0,0.10391300326704536,0.010097697205005945
8733.0,0.0976890553581199,0.010097697205005945
8734.0,0.09146510744919448,0.010097697205005945
8735.0,0.10342977265081567,0.010097697205005945
8736.0,0.11727352635922073,0.010097697205005945
8737.0,0.12178154337328954,0.010097697205005945
8738.0,0.11715340001192118,0.010097697205005945
8739.0,0.11311039175562476,0.010097697205005945
8740.0,0.11408474888299902,0.010097697205005945
8741.0,0.1150591060103733,0.010097697205005945
8742.0,0.11345097195538442,0.010097697205005945
8743.0,0.11075431346004559,0.010097697205005945
8744.0,0.10924010118450594,0.010097697205005945
8745.0,0.11045208436017011,0.010097697205005945
8746.0,0.11166406753583429,0.010097697205005945
8747.0,0.11387342547507102,0.010097697205005945
8748.0,0.11619168452031647,0.010097697205005945
8749.0,0.11315750282717234,0.010097697205005945
8750.0,0.10478371598491885,0.010097697205005945
8751.0,0.09738219528652511,0.010097697205005945
8752.0,0.09876621203251962,0.010097697205005945
8753.0,0.10015022877851412,0.010097697205005945
8754.0,0.10146498883792131,0.010097697205005945
8755.0,0.1027498804637659,0.010097697205005945
8756.0,0.10532609505735899,0.010097697205005945
8757.0,0.1109483739095471,0.010097697205005945
8758.0,0.11657065276173521,0.010097697205005945
8759.0,0.10766953429769877,0.010097697205005945
8760.0,0.09709637812391057,0.010097697205005945
8761.0,0.09082465269322598,0.010097697205005945
8762.0,0.08892726361147042,0.010097697205005945
8763.0,0.08782830307865025,0.010097697205005945
8764.0,0.09434978717729213,0.010097697205005945
8765.0,0.10087127127593402,0.010097697205005945
8766.0,0.10233789067147073,0.010097697205005945
8767.0,0.10157442269799356,0.010097697205005945
8768.0,0.10234821369797324,0.010097697205005945
8769.0,0.10683284705599748,0.010097697205005945
8770.0,0.11131748041402173,0.010097697205005945
8771.0,0.10422919190422211,0.010097697205005945
8772.0,0.09573906898245553,0.010097697205005945
8773.0,0.0954098239678885,0.010097697205005945
8774.0,0.10354075556128099,0.010097697205005945
8775.0,0.11095404052047171,0.010097697205005945
8776.0,0.1111143101633506,0.010097697205005945
8777.0,0.1112745798062295,0.010097697205005945
8778.0,0.10882491477609543,0.010097697205005945
8779.0,0.10519759629594702,0.010097697205005945
8780.0,0.10287688481043747,0.010097697205005945
8781.0,0.10378458144085925,0.010097697205005945
8782.0,0.10469227807128102,0.010097697205005945
8783.0,0.10253059616643419,0.010097697205005945
8784.0,0.09997849263464446,0.010097697205005945
8785.0,0.09758645600537072,0.010097697205005945
8786.0,0.09536357649776804,0.010097697205005945
8787.0,0.09349367368793653,0.010097697205005945
8788.0,0.09541205600063345,0.010097697205005945
8789.0,0.09733043831333038,0.010097697205005945
8790.0,0.09935501272806012,0.010097697205005945
8791.0,0.10142858455127142,0.010097697205005945
8792.0,0.10408974543321493,0.010097697205005945
8793.0,0.10823730745102159,0.010097697205005945
8794.0,0.11238486946882822,0.010097697205005945
8795.0,0.11176480084861296,0.010097697205005945
8796.0,0.11050904814332878,0.010097697205005945
8797.0,0.11224072065433813,0.010097697205005945
8798.0,0.11719076646568657,0.010097697205005945
8799.0,0.1207103264086797,0.010097697205005945
8800.0,0.10787537627447083,0.010097697205005945
8801.0,0.09504042614026197,0.010097697205005945
8802.0,0.08949459083078493,0.010097697205005945
8803.0,0.08738726021775782,0.010097697205005945
8804.0,0.08739728618347582,0.010097697205005945
8805.0,0.09289236087257974,0.010097697205005945
8806.0,0.09838743556168364,0.010097697205005945
8807.0,0.10209751323464092,0.010097697205005945
8808.0,0.10555852155650908,0.010097697205005945
8809.0,0.10134818129760859,0.010097697205005945
8810.0,0.08871288390721499,0.010097697205005945
8811.0,0.07692773415389084,0.010097697205005945
8812.0,0.0755332777425951,0.010097697205005945
8813.0,0.07413882133129937,0.010097697205005945
8814.0,0.07833000421306069,0.010097697205005945
8815.0,0.08521461814183018,0.010097697205005945
8816.0,0.09020206899260774,0.010097697205005945
8817.0,0.09015538097416292,0.010097697205005945
8818.0,0.0901086929557181,0.010097697205005945
8819.0,0.09130545820889487,0.010097697205005945
8820.0,0.09268352476440041,0.010097697205005945
8821.0,0.09119313397111006,0.010097697205005945
8822.0,0.08649123876697076,0.010097697205005945
8823.0,0.08212499586949476,0.010097697205005945
8824.0,0.08216205611367486,0.010097697205005945
8825.0,0.08219911635785494,0.010097697205005945
8826.0,0.07992741863048752,0.010097697205005945
8827.0,0.07651789215370337,0.010097697205005945
8828.0,0.07614047410556105,0.010097697205005945
8829.0,0.08400660084775532,0.010097697205005945
8830.0,0.09187272758994962,0.010097697205005945
8831.0,0.09149174783773409,0.010097697205005945
8832.0,0.08985602159258672,0.010097697205005945
8833.0,0.08887230346464688,0.010097697205005945
8834.0,0.08863277969156104,0.010097697205005945
8835.0,0.08839104370885231,0.010097697205005945
8836.0,0.0881180150154784,0.010097697205005945
8837.0,0.08784498632210451,0.010097697205005945
8838.0,0.0860859234304554,0.010097697205005945
8839.0,0.08357847869527305,0.010097697205005945
8840.0,0.08320246776743805,0.010097697205005945
8841.0,0.08876540649367601,0.010097697205005945
8842.0,0.09432834521991397,0.010097697205005945
8843.0,0.09289316686337298,0.010097697205005945
8844.0,0.09034841222388594,0.010097697205005945
8845.0,0.09029245468414453,0.010097697205005945
8846.0,0.09313255195137721,0.010097697205005945
8847.0,0.0956806485927092,0.010097697205005945
8848.0,0.09375140230361632,0.010097697205005945
8849.0,0.09182215601452345,0.010097697205005945
8850.0,0.09028656260478327,0.010097697205005945
8851.0,0.0889535214947834,0.010097697205005945
8852.0,0.08892775943939395,0.010097697205005945
8853.0,0.09263621579459767,0.010097697205005945
8854.0,0.09634467214980141,0.010097697205005945
8855.0,0.09816551937594371,0.010097697205005945
8856.0,0.09967484509547209,0.010097697205005945
8857.0,0.09536634569690533,0.010097697205005945
8858.0,0.0841558595440798,0.010097697205005945
8859.0,0.07447613950961524,0.010097697205005945
8860.0,0.09039604009234495,0.010097697205005945
8861.0,0.10631594067507467,0.010097697205005945
8862.0,0.10241266917944412,0.010097697205005945
8863.0,0.08808952518107024,0.010097697205005945
8864.0,0.07788514660248358,0.010097697205005945
8865.0,0.07974564220166334,0.010097697205005945
8866.0,0.08160613780084312,0.010097697205005945
8867.0,0.08225625769145292,0.010097697205005945
8868.0,0.08269869004838495,0.010097697205005945
8869.0,0.0855828888275343,0.010097697205005945
8870.0,0.0914205239157947,0.010097697205005945
8871.0,0.09674905736495584,0.010097697205005945
8872.0,0.09272432814256482,0.010097697205005945
8873.0,0.08869959892017378,0.010097697205005945
8874.0,0.08246178636472816,0.010097697205005945
8875.0,0.07503576855112981,0.010097697205005945
8876.0,0.07096953759177574,0.010097697205005945
8877.0,0.07699882001654336,0.010097697205005945
8878.0,0.08302810244131097,0.010097697205005945
8879.0,0.08668046264812602,0.010097697205005945
8880.0,0.08990921295471495,0.010097697205005945
8881.0,0.09346863844999596,0.010097697205005945
8882.0,0.09743586712704282,0.010097697205005945
8883.0,0.10086434179862043,0.010097697205005945
8884.0,0.09332433748704942,0.010097697205005945
8885.0,0.0857843331754784,0.010097697205005945
8886.0,0.07982574579910823,0.010097697205005945
8887.0,0.07473429224408268,0.010097697205005945
8888.0,0.07053652217452003,0.010097697205005945
8889.0,0.06909427618514907,0.010097697205005945
8890.0,0.0676520301957781,0.010097697205005945
8891.0,0.06633912704080615,0.010097697205005945
8892.0,0.06505014219091486,0.010097697205005945
8893.0,0.06376737451146587,0.010097697205005945
8894.0,0.06249242462899582,0.010097697205005945
8895.0,0.061568257513346505,0.010097697205005945
8896.0,0.06864193748113992,0.010097697205005945
8897.0,0.07571561744893336,0.010097697205005945
8898.0,0.07857746894444304,0.010097697205005945
8899.0,0.07908101198825139,0.010097697205005945
8900.0,0.08093807094828313,0.010097697205005945
8901.0,0.08707900778317573,0.010097697205005945
8902.0,0.09321994461806835,0.010097697205005945
8903.0,0.08407783493235427,0.010097697205005945
8904.0,0.0720059280596073,0.010097697205005945
8905.0,0.06950156652943447,0.010097697205005945
8906.0,0.07926463300013682,0.010097697205005945
8907.0,0.08861436595827278,0.010097697205005945
8908.0,0.08727076094635929,0.010097697205005945
8909.0,0.08592715593444579,0.010097697205005945
8910.0,0.08052263047168864,0.010097697205005945
8911.0,0.07279648444930993,0.010097697205005945
8912.0,0.06786474867565637,0.010097697205005945
8913.0,0.07201484621037027,0.010097697205005945
8914.0,0.0761649437450842,0.010097697205005945
8915.0,0.08039207905644848,0.010097697205005945
8916.0,0.08463451107742101,0.010097697205005945
8917.0,0.083863449876527,0.010097697205005945
8918.0,0.07653735044650668,0.010097697205005945
8919.0,0.06992528168744713,0.010097697205005945
8920.0,0.08462835073607383,0.010097697205005945
8921.0,0.09933141978470052,0.010097697205005945
8922.0,0.09813409653837511,0.010097697205005945
8923.0,0.08765650630627408,0.010097697205005945
8924.0,0.08035747115040807,0.010097697205005945
8925.0,0.08367017455633773,0.010097697205005945
8926.0,0.08698287796226739,0.010097697205005945
8927.0,0.09093040912723412,0.010097697205005945
8928.0,0.09500839693732802,0.010097697205005945
8929.0,0.09145967195049907,0.010097697205005945
8930.0,0.07774199656781618,0.010097697205005945
8931.0,0.06461933355557992,0.010097697205005945
8932.0,0.07245145402455626,0.010097697205005945
8933.0,0.0802835744935326,0.010097697205005945
8934.0,0.07635836330266028,0.010097697205005945
8935.0,0.06542830508839448,0.010097697205005945
8936.0,0.058867400676818234,0.010097697205005945
8937.0,0.06729641223718938,0.010097697205005945
8938.0,0.07572542379756052,0.010097697205005945
8939.0,0.07736661480733362,0.010097697205005945
8940.0,0.07756527044535548,0.010097697205005945
8941.0,0.07664300142822147,0.010097697205005945
8942.0,0.07419652891400048,0.010097697205005945
8943.0,0.07188490779382929,0.010097697205005945
8944.0,0.07535060429241475,0.010097697205005945
8945.0,0.0788163007910002,0.010097697205005945
8946.0,0.07336447057087501,0.010097697205005945
8947.0,0.0624898200488421,0.010097697205005945
8948.0,0.054577252897961046,0.010097697205005945
8949.0,0.05711246894201132,0.010097697205005945
8950.0,0.05964768498606159,0.010097697205005945
8951.0,0.07032921312765338,0.010097697205005945
8952.0,0.08279982884557766,0.010097697205005945
8953.0,0.08760369962531855,0.010097697205005945
8954.0,0.08177517914408182,0.010097697205005945
8955.0,0.0760577237176894,0.010097697205005945
8956.0,0.07639701594866673,0.010097697205005945
8957.0,0.07673630817964405,0.010097697205005945
8958.0,0.07678284796300375,0.010097697205005945
8959.0,0.07664769897050662,0.010097697205005945
8960.0,0.07699026339898624,0.010097697205005945
8961.0,0.0790658659602183,0.010097697205005945
8962.0,0.08114146852145039,0.010097697205005945
8963.0,0.07618484710956945,0.010097697205005945
8964.0,0.06963328830172379,0.010097697205005945
8965.0,0.06910307625991528,0.010097697205005945
8966.0,0.07709001558570659,0.010097697205005945
8967.0,0.08487813959357808,0.010097697205005945
8968.0,0.07780933711779056,0.010097697205005945
8969.0,0.07074053464200304,0.010097697205005945
8970.0,0.06713280150012538,0.010097697205005945
8971.0,0.06571707893639608,0.010097697205005945
8972.0,0.06526240471706563,0.010097697205005945
8973.0,0.06839528028332441,0.010097697205005945
8974.0,0.0715281558495832,0.010097697205005945
8975.0,0.07180694201456742,0.010097697205005945
8976.0,0.07141765984562487,0.010097697205005945
8977.0,0.06895612762175414,0.010097697205005945
8978.0,0.06350472141834787,0.010097697205005945
8979.0,0.05812530378281788,0.010097697205005945
8980.0,0.06124053715550549,0.010097697205005945
8981.0,0.0643557705281931,0.010097697205005945
8982.0,0.06800962956395251,0.010097697205005945
8983.0,0.07201157277327841,0.010097697205005945
8984.0,0.0752681175255431,0.010097697205005945
8985.0,0.07566007867247755,0.010097697205005945
8986.0,0.07605203981941198,0.010097697205005945
8987.0,0.06372651483931019,0.010097697205005945
8988.0,0.048330598275644746,0.010097697205005945
8989.0,0.046231881238000955,0.010097697205005945
8990.0,0.06370411661853659,0.010097697205005945
8991.0,0.08108822892936413,0.010097697205005945
8992.0,0.07409162529806164,0.010097697205005945
8993.0,0.06709502166675917,0.010097697205005945
8994.0,0.06296489131227632,0.010097697205005945
8995.0,0.060724806086531864,0.010097697205005945
8996.0,0.05995538376161115,0.010097697205005945
8997.0,0.06500733541909617,0.010097697205005945
8998.0,0.0700592870765812,0.010097697205005945
8999.0,0.06801634821797796,0.010097697205005945
9000.0,0.06420766449331324,0.010097697205005945
9001.0,0.06152546225664483,0.010097697205005945
9002.0,0.06053467366561902,0.010097697205005945
9003.0,0.059543885074593204,0.010097697205005945
9004.0,0.05664471226084141,0.010097697205005945
9005.0,0.053743245716052865,0.010097697205005945
9006.0,0.05126579459427062,0.010097697205005945
9007.0,0.04907357473093576,0.010097697205005945
9008.0,0.0494997885518541,0.010097697205005945
9009.0,0.06060729587749667,0.010097697205005945
9010.0,0.07171480320313925,0.010097697205005945
9011.0,0.07428881317958368,0.010097697205005945
9012.0,0.07467474691266296,0.010097697205005945
9013.0,0.0727765904038607,0.010097697205005945
9014.0,0.06737940203515523,0.010097697205005945
9015.0,0.061982213666449744,0.010097697205005945
9016.0,0.06169049576067196,0.010097697205005945
9017.0,0.06142960799053745,0.010097697205005945
9018.0,0.06351220547685023,0.010097697205005945
9019.0,0.06720298414116432,0.010097697205005945
9020.0,0.06990321428170888,0.010097697205005945
9021.0,0.06843694969413514,0.010097697205005945
9022.0,0.06697068510656137,0.010097697205005945
9023.0,0.06536619821817134,0.010097697205005945
9024.0,0.06372521560847322,0.010097697205005945
9025.0,0.06440438427885845,0.010097697205005945
9026.0,0.06871012787318317,0.010097697205005945
9027.0,0.07301587146750788,0.010097697205005945
9028.0,0.0711279820838486,0.010097697205005945
9029.0,0.0691724437962974,0.010097697205005945
9030.0,0.06605875118171976,0.010097697205005945
9031.0,0.062134350538227884,0.010097697205005945
9032.0,0.0597903076444861,0.010097697205005945
9033.0,0.06430461216472821,0.010097697205005945
9034.0,0.06881891668497032,0.010097697205005945
9035.0,0.07290754783402686,0.010097697205005945
9036.0,0.07688049980740265,0.010097697205005945
9037.0,0.07829731162936812,0.010097697205005945
9038.0,0.07563704009458042,0.010097697205005945
9039.0,0.07297676855979274,0.010097697205005945
9040.0,0.0696690820766136,0.010097697205005945
9041.0,0.06635113169791078,0.010097697205005945
9042.0,0.06350444888377287,0.010097697205005945
9043.0,0.060994247231986605,0.010097697205005945
9044.0,0.05817490867501153,0.010097697205005945
9045.0,0.053970555430976036,0.010097697205005945
9046.0,0.049766202186940535,0.010097697205005945
9047.0,0.06045349743077238,0.010097697205005945
9048.0,0.07530404924108726,0.010097697205005945
9049.0,0.08172958394989045,0.010097697205005945
9050.0,0.07444121069541702,0.010097697205005945
9051.0,0.0671528374409436,0.010097697205005945
9052.0,0.06895478996848659,0.010097697205005945
9053.0,0.07094612428315702,0.010097697205005945
9054.0,0.07192830689127294,0.010097697205005945
9055.0,0.07217560931474092,0.010097697205005945
9056.0,0.07069766734336401,0.010097697205005945
9057.0,0.06123464151750451,0.010097697205005945
9058.0,0.05177161569164501,0.010097697205005945
9059.0,0.05260678889889592,0.010097697205005945
9060.0,0.056402495367609794,0.010097697205005945
9061.0,0.05924341708907319,0.010097697205005945
9062.0,0.06049811494930016,0.010097697205005945
9063.0,0.06175281280952714,0.010097697205005945
9064.0,0.061336503975513004,0.010097697205005945
9065.0,0.06087697945113084,0.010097697205005945
9066.0,0.06198197153153829,0.010097697205005945
9067.0,0.06424889540001891,0.010097697205005945
9068.0,0.06565120692870559,0.010097697205005945
9069.0,0.06291658858160261,0.010097697205005945
9070.0,0.060181970234499636,0.010097697205005945
9071.0,0.06150902678578667,0.010097697205005945
9072.0,0.06403626721062834,0.010097697205005945
9073.0,0.06504668447630942,0.010097697205005945
9074.0,0.06348488382807518,0.010097697205005945
9075.0,0.06192308317984095,0.010097697205005945
9076.0,0.06210778485428753,0.010097697205005945
9077.0,0.06234652434812302,0.010097697205005945
9078.0,0.060581091327256274,0.010097697205005945
9079.0,0.05729773017816043,0.010097697205005945
9080.0,0.05522293582542777,0.010097697205005945
9081.0,0.0591305471146327,0.010097697205005945
9082.0,0.06303815840383763,0.010097697205005945
9083.0,0.059007079227784254,0.010097697205005945
9084.0,0.05256581859592512,0.010097697205005945
9085.0,0.045985817101942335,0.010097697205005945
9086.0,0.03916563470566072,0.010097697205005945
9087.0,0.03234545230937911,0.010097697205005945
9088.0,0.04885497660201703,0.010097697205005945
9089.0,0.06620599529012815,0.010097697205005945
9090.0,0.07011925908298562,0.010097697205005945
9091.0,0.0636540015418292,0.010097697205005945
9092.0,0.05727311857922872,0.010097697205005945
9093.0,0.05132465533172753,0.010097697205005945
9094.0,0.045376192084226344,0.010097697205005945
9095.0,0.047839375073193864,0.010097697205005945
9096.0,0.05292540208549543,0.010097697205005945
9097.0,0.05857868246107258,0.010097697205005945
9098.0,0.0652345501763969,0.010097697205005945
9099.0,0.07189041789172124,0.010097697205005945
9100.0,0.06120664304547777,0.010097697205005945
9101.0,0.0498076079435937,0.010097697205005945
9102.0,0.04716149969413388,0.010097697205005945
9103.0,0.051408790918581804,0.010097697205005945
9104.0,0.05554024355084678,0.010097697205005945
9105.0,0.0590565230534145,0.010097697205005945
9106.0,0.06257280255598222,0.010097697205005945
9107.0,0.05701374901234648,0.010097697205005945
9108.0,0.04854943829703825,0.010097697205005945
9109.0,0.04430931813760476,0.010097697205005945
9110.0,0.04769265298812014,0.010097697205005945
9111.0,0.05107598783863553,0.010097697205005945
9112.0,0.053279117008565025,0.010097697205005945
9113.0,0.05542738737173576,0.010097697205005945
9114.0,0.05668064215197665,0.010097697205005945
9115.0,0.05721517229744132,0.010097697205005945
9116.0,0.05824530789187213,0.010097697205005945
9117.0,0.06200514537317162,0.010097697205005945
9118.0,0.06576498285447113,0.010097697205005945
9119.0,0.05880181881974154,0.010097697205005945
9120.0,0.04831562717370683,0.010097697205005945
9121.0,0.045433781381599966,0.010097697205005945
9122.0,0.056566770951694885,0.010097697205005945
9123.0,0.06769976052178982,0.010097697205005945
9124.0,0.05841239890862546,0.010097697205005945
9125.0,0.04806792315592847,0.010097697205005945
9126.0,0.042900279248878605,0.010097697205005945
9127.0,0.04197130770451992,0.010097697205005945
9128.0,0.041922775316856155,0.010097697205005945
9129.0,0.046908366817097924,0.010097697205005945
9130.0,0.05189395831733969,0.010097697205005945
9131.0,0.05507269074740242,0.010097697205005945
9132.0,0.05764236955830862,0.010097697205005945
9133.0,0.05779984524641602,0.010097697205005945
9134.0,0.05341670329161103,0.010097697205005945
9135.0,0.04903356133680604,0.010097697205005945
9136.0,0.05309636707229211,0.010097697205005945
9137.0,0.057641492155568436,0.010097697205005945
9138.0,0.05845465698939989,0.010097697205005945
9139.0,0.05615237483086624,0.010097697205005945
9140.0,0.05412650557684556,0.010097697205005945
9141.0,0.05374298966381075,0.010097697205005945
9142.0,0.053359473750775925,0.010097697205005945
9143.0,0.04893232127428283,0.010097697205005945
9144.0,0.04310720720719251,0.010097697205005945
9145.0,0.04074467274978908,0.010097697205005945
9146.0,0.04504001066468038,0.010097697205005945
9147.0,0.04933534857957167,0.010097697205005945
9148.0,0.0455317480766268,0.010097697205005945
9149.0,0.041221963922559335,0.010097697205005945
9150.0,0.03819442928569555,0.010097697205005945
9151.0,0.03625823146013453,0.010097697205005945
9152.0,0.03557221062568906,0.010097697205005945
9153.0,0.04261357688287881,0.010097697205005945
9154.0,0.04965494314006856,0.010097697205005945
9155.0,0.05529729702742042,0.010097697205005945
9156.0,0.06044374083896102,0.010097697205005945
9157.0,0.06056160159876165,0.010097697205005945
9158.0,0.050801249388636005,0.010097697205005945
9159.0,0.04104089717851035,0.010097697205005945
9160.0,0.047419359985890544,0.010097697205005945
9161.0,0.05489443458293061,0.010097697205005945
9162.0,0.056688907753320014,0.010097697205005945
9163.0,0.053554249192511706,0.010097697205005945
9164.0,0.05085819979860831,0.010097697205005945
9165.0,0.05098569691664567,0.010097697205005945
9166.0,0.051113194034683035,0.010097697205005945
9167.0,0.05212763220389002,0.010097697205005945
9168.0,0.053464330460430316,0.010097697205005945
9169.0,0.051369836482212716,0.010097697205005945
9170.0,0.04238818408336542,0.010097697205005945
9171.0,0.033406531684518126,0.010097697205005945
9172.0,0.038387823998915535,0.010097697205005945
9173.0,0.044394744984261734,0.010097697205005945
9174.0,0.05000224057713458,0.010097697205005945
9175.0,0.05525639832281994,0.010097697205005945
9176.0,0.059048160024497205,0.010097697205005945
9177.0,0.05302291124563183,0.010097697205005945
9178.0,0.04699766246676646,0.010097697205005945
9179.0,0.04650917956606643,0.010097697205005945
9180.0,0.048082161391015836,0.010097697205005945
9181.0,0.04670037924317917,0.010097697205005945
9182.0,0.03925754279223702,0.010097697205005945
9183.0,0.031814706341294866,0.010097697205005945
9184.0,0.030826689392573076,0.010097697205005945
9185.0,0.030348703518506565,0.010097697205005945
9186.0,0.033608445183573026,0.010097697205005945
9187.0,0.04023896853346442,0.010097697205005945
9188.0,0.04569542745112535,0.010097697205005945
9189.0,0.04292214626218042,0.010097697205005945
9190.0,0.040148865073235486,0.010097697205005945
9191.0,0.038358211458652015,0.010097697205005945
9192.0,0.03694235774805427,0.010097697205005945
9193.0,0.03830182220722175,0.010097697205005945
9194.0,0.04548016937176507,0.010097697205005945
9195.0,0.052658516536308375,0.010097697205005945
9196.0,0.04483820614067124,0.010097697205005945
9197.0,0.03574847811299898,0.010097697205005945
9198.0,0.03588713825227391,0.010097697205005945
9199.0,0.0445099617063478,0.010097697205005945
9200.0,0.05178565015669671,0.010097697205005945
9201.0,0.04918683902988393,0.010097697205005945
9202.0,0.046588027903071164,0.010097697205005945
9203.0,0.04690892313911621,0.010097697205005945
9204.0,0.04837040483410658,0.010097697205005945
9205.0,0.04894792909053853,0.010097697205005945
9206.0,0.047630782308857894,0.010097697205005945
9207.0,0.046313635527177266,0.010097697205005945
9208.0,0.04981242155511645,0.010097697205005945
9209.0,0.053746154394389796,0.010097697205005945
9210.0,0.055965515661576606,0.010097697205005945
9211.0,0.05657815194375908,0.010097697205005945
9212.0,0.056529855227250285,0.010097697205005945
9213.0,0.05140752080204275,0.010097697205005945
9214.0,0.04628518637683521,0.010097697205005945
9215.0,0.043381899044881565,0.010097697205005945
9216.0,0.04136623055022721,0.010097697205005945
9217.0,0.04097439779338777,0.010097697205005945
9218.0,0.044141316155451964,0.010097697205005945
9219.0,0.04730823451751615,0.010097697205005945
9220.0,0.04463756196193952,0.010097697205005945
9221.0,0.04140617343665193,0.010097697205005945
9222.0,0.04128639503744791,0.010097697205005945
9223.0,0.04413944603100429,0.010097697205005945
9224.0,0.046556608588733395,0.010097697205005945
9225.0,0.0454629740709569,0.010097697205005945
9226.0,0.04436933955318041,0.010097697205005945
9227.0,0.041554359098666845,0.010097697205005945
9228.0,0.03803452971574624,0.010097697205005945
9229.0,0.036919194460152197,0.010097697205005945
9230.0,0.04119291997243071,0.010097697205005945
9231.0,0.04546664548470921,0.010097697205005945
9232.0,0.04959638635081436,0.010097697205005945
9233.0,0.05371146211406852,0.010097697205005945
9234.0,0.051203495630546686,0.010097697205005945
9235.0,0.04224512544223656,0.010097697205005945
9236.0,0.03446137413604166,0.010097697205005945
9237.0,0.036621839502403476,0.010097697205005945
9238.0,0.03878230486876529,0.010097697205005945
9239.0,0.03746824417183719,0.010097697205005945
9240.0,0.034698078855549465,0.010097697205005945
9241.0,0.03189513866653768,0.010097697205005945
9242.0,0.02901706240566834,0.010097697205005945
9243.0,0.02613898614479899,0.010097697205005945
9244.0,0.026981363891916247,0.010097697205005945
9245.0,0.028224482030849696,0.010097697205005945
9246.0,0.029041445247348023,0.010097697205005945
9247.0,0.029435312069563974,0.010097697205005945
9248.0,0.0306828875013548,0.010097697205005945
9249.0,0.03954269803523958,0.010097697205005945
9250.0,0.04840250856912437,0.010097697205005945
9251.0,0.04671310145559625,0.010097697205005945
9252.0,0.04050001610564864,0.010097697205005945
9253.0,0.03701091836519386,0.010097697205005945
9254.0,0.03991061084137277,0.010097697205005945
9255.0,0.04281030331755167,0.010097697205005945
9256.0,0.042943754423298494,0.010097697205005945
9257.0,0.04276285991877136,0.010097697205005945
9258.0,0.0384931638018007,0.010097697205005945
9259.0,0.030085284410419424,0.010097697205005945
9260.0,0.023295048901001144,0.010097697205005945
9261.0,0.03173088643060098,0.010097697205005945
9262.0,0.0401667239602008,0.010097697205005945
9263.0,0.04545257556082304,0.010097697205005945
9264.0,0.049356568049252626,0.010097697205005945
9265.0,0.049636676082306104,0.010097697205005945
9266.0,0.04121946142248383,0.010097697205005945
9267.0,0.032802246762661566,0.010097697205005945
9268.0,0.036503085181212015,0.010097697205005945
9269.0,0.04165352941156825,0.010097697205005945
9270.0,0.04619866167236956,0.010097697205005945
9271.0,0.05011928914507284,0.010097697205005945
9272.0,0.05287061221794862,0.010097697205005945
9273.0,0.043975048045193844,0.010097697205005945
9274.0,0.03507948387243907,0.010097697205005945
9275.0,0.02993112559005495,0.010097697205005945
9276.0,0.02646412229847607,0.010097697205005945
9277.0,0.025735738118159417,0.010097697205005945
9278.0,0.031734584285806305,0.010097697205005945
9279.0,0.03773343045345319,0.010097697205005945
9280.0,0.040014284383725444,0.010097697205005945
9281.0,0.04182787712740702,0.010097697205005945
9282.0,0.04133864714631216,0.010097697205005945
9283.0,0.03842748292019453,0.010097697205005945
9284.0,0.0359750510918542,0.010097697205005945
9285.0,0.038371165856656085,0.010097697205005945
9286.0,0.040767280621457964,0.010097697205005945
9287.0,0.04110003414348207,0.010097697205005945
9288.0,0.04048602646478823,0.010097697205005945
9289.0,0.03593640456750668,0.010097697205005945
9290.0,0.02148962623873895,0.010097697205005945
9291.0,0.007042847909971227,0.010097697205005945
9292.0,0.01650495170232658,0.010097697205005945
9293.0,0.029118090230753468,0.010097697205005945
9294.0,0.03112027024703938,0.010097697205005945
9295.0,0.021746024594856427,0.010097697205005945
9296.0,0.014295106754497511,0.010097697205005945
9297.0,0.028481626796901936,0.010097697205005945
9298.0,0.04266814683930636,0.010097697205005945
9299.0,0.04343600798301245,0.010097697205005945
9300.0,0.03790869581620392,0.010097697205005945
9301.0,0.034538733544022766,0.010097697205005945
9302.0,0.03672417872581911,0.010097697205005945
9303.0,0.03890962390761544,0.010097697205005945
9304.0,0.03389183626993794,0.010097697205005945
9305.0,0.027880159950888588,0.010097697205005945
9306.0,0.02470575105549599,0.010097697205005945
9307.0,0.02463237565077324,0.010097697205005945
9308.0,0.024297148503202057,0.010097697205005945
9309.0,0.020815609008023917,0.010097697205005945
9310.0,0.01733406951284578,0.010097697205005945
9311.0,0.025041123120109726,0.010097697205005945
9312.0,0.038113931856433934,0.010097697205005945
9313.0,0.04533778573134541,0.010097697205005945
9314.0,0.037134701893210935,0.010097697205005945
9315.0,0.02893161805507646,0.010097697205005945
9316.0,0.031378350570584614,0.010097697205005945
9317.0,0.035361114290934414,0.010097697205005945
9318.0,0.03904029507866653,0.010097697205005945
9319.0,0.04238121975619687,0.010097697205005945
9320.0,0.04463788755384708,0.010097697205005945
9321.0,0.03292571254938466,0.010097697205005945
9322.0,0.021213537544922233,0.010097697205005945
9323.0,0.024550563911224642,0.010097697205005945
9324.0,0.0352641218975354,0.010097697205005945
9325.0,0.041657370962395454,0.010097697205005945
9326.0,0.036376185252888,0.010097697205005945
9327.0,0.031094999543380544,0.010097697205005945
9328.0,0.03514572071648432,0.010097697205005945
9329.0,0.04060138367162459,0.010097697205005945
9330.0,0.04094682765883135,0.010097697205005945
9331.0,0.0354875870234824,0.010097697205005945
9332.0,0.03012844271527006,0.010097697205005945
9333.0,0.02615813494607403,0.010097697205005945
9334.0,0.022187827176878,0.010097697205005945
9335.0,0.022843381267490224,0.010097697205005945
9336.0,0.02581603373111687,0.010097697205005945
9337.0,0.02878345172298402,0.010097697205005945
9338.0,0.03173637425459404,0.010097697205005945
9339.0,0.034689296786204055,0.010097697205005945
9340.0,0.03165468586404338,0.010097697205005945
9341.0,0.02768036483040028,0.010097697205005945
9342.0,0.023685578660132812,0.010097697205005945
9343.0,0.019667093225432475,0.010097697205005945
9344.0,0.01596223515350229,0.010097697205005945
9345.0,0.016967818818516014,0.010097697205005945
9346.0,0.01797340248352974,0.010097697205005945
9347.0,0.022656322946685865,0.010097697205005945
9348.0,0.029221292370044283,0.010097697205005945
9349.0,0.03487844378020791,0.010097697205005945
9350.0,0.03795856341097492,0.010097697205005945
9351.0,0.04103868304174194,0.010097697205005945
9352.0,0.03977885361549117,0.010097697205005945
9353.0,0.037809842569588456,0.010097697205005945
9354.0,0.034164291084347986,0.010097697205005945
9355.0,0.02853936855685681,0.010097697205005945
9356.0,0.023547205366493674,0.010097697205005945
9357.0,0.028903293835577677,0.010097697205005945
9358.0,0.034259382304661676,0.010097697205005945
9359.0,0.03929954969998191,0.010097697205005945
9360.0,0.04417453715545592,0.010097697205005945
9361.0,0.04490494434547829,0.010097697205005945
9362.0,0.033571315082073894,0.010097697205005945
9363.0,0.022237685818669493,0.010097697205005945
9364.0,0.023318362139248008,0.010097697205005945
9365.0,0.02650877297619803,0.010097697205005945
9366.0,0.027733066374072298,0.010097697205005945
9367.0,0.026590736928623113,0.010097697205005945
9368.0,0.025716858200682945,0.010097697205005945
9369.0,0.029656788929940555,0.010097697205005945
9370.0,0.033596719659198165,0.010097697205005945
9371.0,0.03583141123372161,0.010097697205005945
9372.0,0.03715538576427999,0.010097697205005945
9373.0,0.037630188755216405,0.010097697205005945
9374.0,0.03556966619245416,0.010097697205005945
9375.0,0.03350914362969191,0.010097697205005945
9376.0,0.032863373041439325,0.010097697205005945
9377.0,0.032467382109701674,0.010097697205005945
9378.0,0.031624643446640094,0.010097697205005945
9379.0,0.03023362347695647,0.010097697205005945
9380.0,0.02910105329525607,0.010097697205005945
9381.0,0.03309225016033631,0.010097697205005945
9382.0,0.037083447025416556,0.010097697205005945
9383.0,0.03391539256543227,0.010097697205005945
9384.0,0.02684229192814556,0.010097697205005945
9385.0,0.022415021506755995,0.010097697205005945
9386.0,0.026093026088179126,0.010097697205005945
9387.0,0.02977103066960226,0.010097697205005945
9388.0,0.030304511205556935,0.010097697205005945
9389.0,0.03026179344340458,0.010097697205005945
9390.0,0.029009409050411505,0.010097697205005945
9391.0,0.026243306684241303,0.010097697205005945
9392.0,0.023818273622740527,0.010097697205005945
9393.0,0.028944136000679674,0.010097697205005945
9394.0,0.034069998378618814,0.010097697205005945
9395.0,0.02950166778698078,0.010097697205005945
9396.0,0.019533581111370334,0.010097697205005945
9397.0,0.014432790078818359,0.010097697205005945
9398.0,0.024636132610415022,0.010097697205005945
9399.0,0.03483947514201169,0.010097697205005945
9400.0,0.023704577163867063,0.010097697205005945
9401.0,0.008515413488864202,0.010097697205005945
9402.0,0.0023454045252608554,0.010097697205005945
9403.0,0.007683442693406834,0.010097697205005945
9404.0,0.013132752431387168,0.010097697205005945
9405.0,0.021367328651736,0.010097697205005945
9406.0,0.029601904872084837,0.010097697205005945
9407.0,0.029101188327103657,0.010097697205005945
9408.0,0.023632376838359413,0.010097697205005945
9409.0,0.019363336503275937,0.010097697205005945
9410.0,0.018967669029724767,0.010097697205005945
9411.0,0.018572001556173598,0.010097697205005945
9412.0,0.025323535477064132,0.010097697205005945
9413.0,0.033481917948296025,0.010097697205005945
9414.0,0.03340056396739269,0.010097697205005945
9415.0,0.022598447917575842,0.010097697205005945
9416.0,0.012518349044503323,0.010097697205005945
9417.0,0.023196244002185517,0.010097697205005945
9418.0,0.03387413895986771,0.010097697205005945
9419.0,0.03120560621504986,0.010097697205005945
9420.0,0.02078753480425186,0.010097697205005945
9421.0,0.016916113432646505,0.010097697205005945
9422.0,0.034753790636594006,0.010097697205005945
9423.0,0.0525914678405415,0.010097697205005945
9424.0,0.05016460844496022,0.010097697205005945
9425.0,0.0436087032971777,0.010097697205005945
9426.0,0.03405248656383187,0.010097697205005945
9427.0,0.02051540948649818,0.010097697205005945
9428.0,0.007697097422919073,0.010097697205005945
9429.0,0.01910715603011847,0.010097697205005945
9430.0,0.030517214637317873,0.010097697205005945
9431.0,0.035828470427485694,0.010097697205005945
9432.0,0.037524757052682656,0.010097697205005945
9433.0,0.03862922942598994,0.010097697205005945
9434.0,0.037717149533604166,0.010097697205005945
9435.0,0.036805069641218394,0.010097697205005945
9436.0,0.030249694621558364,0.010097697205005945
9437.0,0.022504962343977197,0.010097697205005945
9438.0,0.019472453617330052,0.010097697205005945
9439.0,0.02281608918701624,0.010097697205005945
9440.0,0.02621361497403998,0.010097697205005945
9441.0,0.0318017780958407,0.010097697205005945
9442.0,0.03738994121764142,0.010097697205005945
9443.0,0.032620233748285106,0.010097697205005945
9444.0,0.021583914784481677,0.010097697205005945
9445.0,0.01547379391825148,0.010097697205005945
9446.0,0.02661868044235817,0.010097697205005945
9447.0,0.03776356696646487,0.010097697205005945
9448.0,0.03558824501931474,0.010097697205005945
9449.0,0.030511298712222704,0.010097697205005945
9450.0,0.03113758296234113,0.010097697205005945
9451.0,0.039634325381413954,0.010097697205005945
9452.0,0.04758412214441773,0.010097697205005945
9453.0,0.027605506344865038,0.010097697205005945
9454.0,0.007626890545312345,0.010097697205005945
9455.0,0.007417079843144486,0.010097697205005945
9456.0,0.01941402646320625,0.010097697205005945
9457.0,0.028303021685779844,0.010097697205005945
9458.0,0.02599652347647653,0.010097697205005945
9459.0,0.023690025267173214,0.010097697205005945
9460.0,0.021640734868356378,0.010097697205005945
9461.0,0.01964931622689837,0.010097697205005945
9462.0,0.01874002671116213,0.010097697205005945
9463.0,0.019353849577581822,0.010097697205005945
9464.0,0.020012074576691637,0.010097697205005945
9465.0,0.02370814548720285,0.010097697205005945
9466.0,0.027404216397714065,0.010097697205005945
9467.0,0.0255075726101099,0.010097697205005945
9468.0,0.020086752437408744,0.010097697205005945
9469.0,0.016449283883689745,0.010097697205005945
9470.0,0.019421299296377714,0.010097697205005945
9471.0,0.022393314709065675,0.010097697205005945
9472.0,0.029113859374226447,0.010097697205005945
9473.0,0.03670499441311133,0.010097697205005945
9474.0,0.040369522965862985,0.010097697205005945
9475.0,0.03839673051075964,0.010097697205005945
9476.0,0.0364011654215217,0.010097697205005945
9477.0,0.03205717243696782,0.010097697205005945
9478.0,0.02771317945241394,0.010097697205005945
9479.0,0.030051617413515037,0.010097697205005945
9480.0,0.03668684529230794,0.010097697205005945
9481.0,0.040100712492732116,0.010097697205005945
9482.0,0.031224995602279336,0.010097697205005945
9483.0,0.022349278711826556,0.010097697205005945
9484.0,0.020968117638430105,0.010097697205005945
9485.0,0.02138252722953022,0.010097697205005945
9486.0,0.021956444138072205,0.010097697205005945
9487.0,0.0227639590410917,0.010097697205005945
9488.0,0.023549711717749357,0.010097697205005945
9489.0,0.019825242980562156,0.010097697205005945
9490.0,0.016100774243374954,0.010097697205005945
9491.0,0.019018758219726723,0.010097697205005945
9492.0,0.026294613757643654,0.010097697205005945
9493.0,0.03135913309703583,0.010097697205005945
9494.0,0.027735325597280765,0.010097697205005945
9495.0,0.0241115180975257,0.010097697205005945
9496.0,0.02184345347635609,0.010097697205005945
9497.0,0.019910265464419763,0.010097697205005945
9498.0,0.01894012508292627,0.010097697205005945
9499.0,0.019408789394810652,0.010097697205005945
9500.0,0.01987745370669504,0.010097697205005945
