wavelength,intensity,uncertainty
3500.0,0.08066347834863474,0.010090732176054969
3501.0,0.0742550274009734,0.010090732176054969
3502.0,0.06784657645331205,0.010090732176054969
3503.0,0.0719962760921785,0.010090732176054969
3504.0,0.08321295427994377,0.010090732176054969
3505.0,0.09135523303165942,0.010090732176054969
3506.0,0.08705085224833531,0.010090732176054969
3507.0,0.0827464714650112,0.010090732176054969
3508.0,0.08015626012778405,0.010090732176054969
3509.0,0.07800233589355463,0.010090732176054969
3510.0,0.07789009982765435,0.010090732176054969
3511.0,0.08088989148499601,0.010090732176054969
3512.0,0.08388968314233766,0.010090732176054969
3513.0,0.08220793688018858,0.010090732176054969
3514.0,0.08050360177403677,0.010090732176054969
3515.0,0.08020085849200433,0.010090732176054969
3516.0,0.08085516174846184,0.010090732176054969
3517.0,0.08146558144914287,0.010090732176054969
3518.0,0.08189283500397408,0.010090732176054969
3519.0,0.08232008855880531,0.010090732176054969
3520.0,0.0819923798809266,0.010090732176054969
3521.0,0.08146677958750406,0.010090732176054969
3522.0,0.08141021627051313,0.010090732176054969
3523.0,0.08208310616533494,0.010090732176054969
3524.0,0.08275599606015677,0.010090732176054969
3525.0,0.08530731843126217,0.010090732176054969
3526.0,0.08787685590516821,0.010090732176054969
3527.0,0.0918393303989721,0.010090732176054969
3528.0,0.09677203801050598,0.010090732176054969
3529.0,0.0993317267579974,0.010090732176054969
3530.0,0.09167383109724245,0.010090732176054969
3531.0,0.0840159354364875,0.010090732176054969
3532.0,0.08890814157079165,0.010090732176054969
3533.0,0.09718657943943754,0.010090732176054969
3534.0,0.09978047531175122,0.010090732176054969
3535.0,0.09335325018987709,0.010090732176054969
3536.0,0.08692602506800294,0.010090732176054969
3537.0,0.09276970460431329,0.010090732176054969
3538.0,0.09879273962892568,0.010090732176054969
3539.0,0.09277409859316782,0.010090732176054969
3540.0,0.07820018052068584,0.010090732176054969
3541.0,0.06849224533415656,0.010090732176054969
3542.0,0.08041090075183471,0.010090732176054969
3543.0,0.09232955616951287,0.010090732176054969
3544.0,0.09456979989595324,0.010090732176054969
3545.0,0.09412324528479807,0.010090732176054969
3546.0,0.09196138127018237,0.010090732176054969
3547.0,0.08702157907071889,0.010090732176054969
3548.0,0.08208177687125544,0.010090732176054969
3549.0,0.07922450055853754,0.010090732176054969
3550.0,0.0764080081065145,0.010090732176054969
3551.0,0.07441728804670165,0.010090732176054969
3552.0,0.07302495377834516,0.010090732176054969
3553.0,0.07286546549946954,0.010090732176054969
3554.0,0.07836548498438128,0.010090732176054969
3555.0,0.08386550446929303,0.010090732176054969
3556.0,0.08698085521996637,0.010090732176054969
3557.0,0.08941539776719237,0.010090732176054969
3558.0,0.08941269768577392,0.010090732176054969
3559.0,0.08538156153981387,0.010090732176054969
3560.0,0.0813504253938538,0.010090732176054969
3561.0,0.09287333359606027,0.010090732176054969
3562.0,0.10477887511556384,0.010090732176054969
3563.0,0.10352392460067701,0.010090732176054969
3564.0,0.092542848448685,0.010090732176054969
3565.0,0.0835008052038225,0.010090732176054969
3566.0,0.08365913878726924,0.010090732176054969
3567.0,0.08381747237071599,0.010090732176054969
3568.0,0.0867136650098925,0.010090732176054969
3569.0,0.09041335976325053,0.010090732176054969
3570.0,0.09285732949506965,0.010090732176054969
3571.0,0.09318276959377635,0.010090732176054969
3572.0,0.09350820969248302,0.010090732176054969
3573.0,0.0890931657544961,0.010090732176054969
3574.0,0.0845374894099817,0.010090732176054969
3575.0,0.08684097895865169,0.010090732176054969
3576.0,0.09431411353839615,0.010090732176054969
3577.0,0.1006500740174483,0.010090732176054969
3578.0,0.10140500983210769,0.010090732176054969
3579.0,0.10215994564676709,0.010090732176054969
3580.0,0.10441859042550118,0.010090732176054969
3581.0,0.10713069743871423,0.010090732176054969
3582.0,0.10910254101343557,0.010090732176054969
3583.0,0.10979948644408735,0.010090732176054969
3584.0,0.11049643187473913,0.010090732176054969
3585.0,0.10408890942619191,0.010090732176054969
3586.0,0.09743427505141093,0.010090732176054969
3587.0,0.09541570054138643,0.010090732176054969
3588.0,0.09696029730746095,0.010090732176054969
3589.0,0.09754548267598406,0.010090732176054969
3590.0,0.09325657802482544,0.010090732176054969
3591.0,0.0889676733736668,0.010090732176054969
3592.0,0.0929157200836767,0.010090732176054969
3593.0,0.09941514952662922,0.010090732176054969
3594.0,0.10306909075980877,0.010090732176054969
3595.0,0.10171987225990714,0.010090732176054969
3596.0,0.1003706537600055,0.010090732176054969
3597.0,0.09592635694055482,0.010090732176054969
3598.0,0.09135841154903665,0.010090732176054969
3599.0,0.09236343030306353,0.010090732176054969
3600.0,0.09773612545381649,0.010090732176054969
3601.0,0.10237475559002192,0.010090732176054969
3602.0,0.1031498856496552,0.010090732176054969
3603.0,0.10392501570928848,0.010090732176054969
3604.0,0.09833758312374274,0.010090732176054969
3605.0,0.0907266140007246,0.010090732176054969
3606.0,0.0859583490785056,0.010090732176054969
3607.0,0.08629359673154202,0.010090732176054969
3608.0,0.08662884438457844,0.010090732176054969
3609.0,0.09031969960415615,0.010090732176054969
3610.0,0.09416212555446775,0.010090732176054969
3611.0,0.09817799273402678,0.010090732176054969
3612.0,0.10233246305574885,0.010090732176054969
3613.0,0.10587635670452816,0.010090732176054969
3614.0,0.10608811099089528,0.010090732176054969
3615.0,0.1062998652772624,0.010090732176054969
3616.0,0.09950184956518394,0.010090732176054969
3617.0,0.09041561275488863,0.010090732176054969
3618.0,0.0890645753158017,0.010090732176054969
3619.0,0.10189473672392182,0.010090732176054969
3620.0,0.11472489813204192,0.010090732176054969
3621.0,0.11718996658247896,0.010090732176054969
3622.0,0.11913220562773787,0.010090732176054969
3623.0,0.11647160245305985,0.010090732176054969
3624.0,0.11006053524732369,0.010090732176054969
3625.0,0.10387186478995719,0.010090732176054969
3626.0,0.09894284951535559,0.010090732176054969
3627.0,0.09401383424075396,0.010090732176054969
3628.0,0.09494224900907623,0.010090732176054969
3629.0,0.09783252736549244,0.010090732176054969
3630.0,0.09824378859338159,0.010090732176054969
3631.0,0.09401330395647807,0.010090732176054969
3632.0,0.08978281931957455,0.010090732176054969
3633.0,0.09298365746382592,0.010090732176054969
3634.0,0.09659891665037207,0.010090732176054969
3635.0,0.09862111940026291,0.010090732176054969
3636.0,0.0993198598797018,0.010090732176054969
3637.0,0.09934043833645753,0.010090732176054969
3638.0,0.09537050968453252,0.010090732176054969
3639.0,0.0914005810326075,0.010090732176054969
3640.0,0.09604942647463684,0.010090732176054969
3641.0,0.10365923785539581,0.010090732176054969
3642.0,0.10604876301451156,0.010090732176054969
3643.0,0.09845403445600792,0.010090732176054969
3644.0,0.0908593058975043,0.010090732176054969
3645.0,0.09610221876194068,0.010090732176054969
3646.0,0.10213010842676126,0.010090732176054969
3647.0,0.10731753396861808,0.010090732176054969
3648.0,0.11179308080765399,0.010090732176054969
3649.0,0.1146366240100063,0.010090732176054969
3650.0,0.10749286290581014,0.010090732176054969
3651.0,0.10034910180161401,0.010090732176054969
3652.0,0.09886110097736903,0.010090732176054969
3653.0,0.09936547025174415,0.010090732176054969
3654.0,0.09895221263421343,0.010090732176054969
3655.0,0.0967460031817879,0.010090732176054969
3656.0,0.09453979372936236,0.010090732176054969
3657.0,0.1015321637131525,0.010090732176054969
3658.0,0.10913698712931677,0.010090732176054969
3659.0,0.11032247585277498,0.010090732176054969
3660.0,0.10596464647469876,0.010090732176054969
3661.0,0.1023990457921568,0.010090732176054969
3662.0,0.1038812739661228,0.010090732176054969
3663.0,0.1053635021400888,0.010090732176054969
3664.0,0.10311652470553273,0.010090732176054969
3665.0,0.0995228896901203,0.010090732176054969
3666.0,0.09801221881454948,0.010090732176054969
3667.0,0.10065998354190331,0.010090732176054969
3668.0,0.10330774826925711,0.010090732176054969
3669.0,0.10095958554470867,0.010090732176054969
3670.0,0.09825135597677877,0.010090732176054969
3671.0,0.09828755573738711,0.010090732176054969
3672.0,0.1007398445231171,0.010090732176054969
3673.0,0.10257127028155441,0.010090732176054969
3674.0,0.10027879850090167,0.010090732176054969
3675.0,0.09798632672024894,0.010090732176054969
3676.0,0.10081166389384197,0.010090732176054969
3677.0,0.10553092707846143,0.010090732176054969
3678.0,0.10956376314754927,0.010090732176054969
3679.0,0.11219618769261586,0.010090732176054969
3680.0,0.11482861223768243,0.010090732176054969
3681.0,0.11500119650774972,0.010090732176054969
3682.0,0.11498284880304395,0.010090732176054969
3683.0,0.11479397807810383,0.010090732176054969
3684.0,0.11445206391359128,0.010090732176054969
3685.0,0.11470235316474903,0.010090732176054969
3686.0,0.11905858609788202,0.010090732176054969
3687.0,0.12341481903101499,0.010090732176054969
3688.0,0.12194255594435795,0.010090732176054969
3689.0,0.11826048228066274,0.010090732176054969
3690.0,0.11412494248148644,0.010090732176054969
3691.0,0.10904384181462227,0.010090732176054969
3692.0,0.10396274114775811,0.010090732176054969
3693.0,0.11528867660708741,0.010090732176054969
3694.0,0.12798008711462858,0.010090732176054969
3695.0,0.12800582741601593,0.010090732176054969
3696.0,0.11644320739085708,0.010090732176054969
3697.0,0.10644095925802971,0.010090732176054969
3698.0,0.10774754503793445,0.010090732176054969
3699.0,0.10905413081783918,0.010090732176054969
3700.0,0.1143357970679937,0.010090732176054969
3701.0,0.12116111956742813,0.010090732176054969
3702.0,0.12344812552926124,0.010090732176054969
3703.0,0.11606135150305096,0.010090732176054969
3704.0,0.10867457747684064,0.010090732176054969
3705.0,0.11429471569609098,0.010090732176054969
3706.0,0.12107102389271529,0.010090732176054969
3707.0,0.12595068698892023,0.010090732176054969
3708.0,0.12906132147638136,0.010090732176054969
3709.0,0.13136410925243439,0.010090732176054969
3710.0,0.1275372560017203,0.010090732176054969
3711.0,0.12371040275100623,0.010090732176054969
3712.0,0.11804019821453011,0.010090732176054969
3713.0,0.11163698318354785,0.010090732176054969
3714.0,0.10947798144187149,0.010090732176054969
3715.0,0.11656877278490564,0.010090732176054969
3716.0,0.12365956412793981,0.010090732176054969
3717.0,0.12189794627572074,0.010090732176054969
3718.0,0.11929878116718275,0.010090732176054969
3719.0,0.11513616675467822,0.010090732176054969
3720.0,0.10948699398758215,0.010090732176054969
3721.0,0.10521004197320556,0.010090732176054969
3722.0,0.11185183573316632,0.010090732176054969
3723.0,0.1184936294931271,0.010090732176054969
3724.0,0.11555629334195945,0.010090732176054969
3725.0,0.10871934518304997,0.010090732176054969
3726.0,0.10614923256355925,0.010090732176054969
3727.0,0.11308854023541423,0.010090732176054969
3728.0,0.1200278479072692,0.010090732176054969
3729.0,0.12220440489788138,0.010090732176054969
3730.0,0.12390279933661105,0.010090732176054969
3731.0,0.12635198166114484,0.010090732176054969
3732.0,0.12952887801210858,0.010090732176054969
3733.0,0.1322541448420921,0.010090732176054969
3734.0,0.13120399185623408,0.010090732176054969
3735.0,0.13015383887037604,0.010090732176054969
3736.0,0.12868711702118574,0.010090732176054969
3737.0,0.12704682481227353,0.010090732176054969
3738.0,0.12606963084648937,0.010090732176054969
3739.0,0.12660398760027813,0.010090732176054969
3740.0,0.1271383443540669,0.010090732176054969
3741.0,0.12950339875153608,0.010090732176054969
3742.0,0.1320629495786122,0.010090732176054969
3743.0,0.1324522603661255,0.010090732176054969
3744.0,0.13069722896657854,0.010090732176054969
3745.0,0.1295287772397067,0.010090732176054969
3746.0,0.13352222663236413,0.010090732176054969
3747.0,0.1375156760250216,0.010090732176054969
3748.0,0.1324446138892009,0.010090732176054969
3749.0,0.12350871721470032,0.010090732176054969
3750.0,0.11972479477445637,0.010090732176054969
3751.0,0.12795527624848899,0.010090732176054969
3752.0,0.13618575772252156,0.010090732176054969
3753.0,0.13632936749002766,0.010090732176054969
3754.0,0.13556603837456044,0.010090732176054969
3755.0,0.13160220679573298,0.010090732176054969
3756.0,0.12441473659116138,0.010090732176054969
3757.0,0.11835350559443102,0.010090732176054969
3758.0,0.12274822378653262,0.010090732176054969
3759.0,0.1271429419786342,0.010090732176054969
3760.0,0.13288784934805023,0.010090732176054969
3761.0,0.13922171854825996,0.010090732176054969
3762.0,0.141091836037189,0.010090732176054969
3763.0,0.1323106435483922,0.010090732176054969
3764.0,0.12352945105959538,0.010090732176054969
3765.0,0.12114582487548835,0.010090732176054969
3766.0,0.11951788437569304,0.010090732176054969
3767.0,0.11721855361876873,0.010090732176054969
3768.0,0.114229863522408,0.010090732176054969
3769.0,0.11293928258098833,0.010090732176054969
3770.0,0.12832104606989006,0.010090732176054969
3771.0,0.1437028095587918,0.010090732176054969
3772.0,0.14355047412743982,0.010090732176054969
3773.0,0.13646712580979506,0.010090732176054969
3774.0,0.1290974604661105,0.010090732176054969
3775.0,0.12102856635222152,0.010090732176054969
3776.0,0.11295967223833255,0.010090732176054969
3777.0,0.12453402293349025,0.010090732176054969
3778.0,0.13854721104083734,0.010090732176054969
3779.0,0.1432449303021868,0.010090732176054969
3780.0,0.13819230625052578,0.010090732176054969
3781.0,0.13311649753954224,0.010090732176054969
3782.0,0.12779931429314614,0.010090732176054969
3783.0,0.12248213104675006,0.010090732176054969
3784.0,0.12578431875998144,0.010090732176054969
3785.0,0.13301947119430246,0.010090732176054969
3786.0,0.13578935784985097,0.010090732176054969
3787.0,0.1273960800584647,0.010090732176054969
3788.0,0.11900280226707845,0.010090732176054969
3789.0,0.12973247498543866,0.010090732176054969
3790.0,0.1429530612030351,0.010090732176054969
3791.0,0.14522536591001786,0.010090732176054969
3792.0,0.13581588141212292,0.010090732176054969
3793.0,0.1272501488556973,0.010090732176054969
3794.0,0.12802682910048213,0.010090732176054969
3795.0,0.128803509345267,0.010090732176054969
3796.0,0.13552710893011186,0.010090732176054969
3797.0,0.14502523954509197,0.010090732176054969
3798.0,0.1498960184123746,0.010090732176054969
3799.0,0.1429215678058418,0.010090732176054969
3800.0,0.13594711719930905,0.010090732176054969
3801.0,0.13458609242070976,0.010090732176054969
3802.0,0.13399088289830993,0.010090732176054969
3803.0,0.1337317520077386,0.010090732176054969
3804.0,0.13383818033073533,0.010090732176054969
3805.0,0.13411234074199616,0.010090732176054969
3806.0,0.13636832028843177,0.010090732176054969
3807.0,0.13862429983486735,0.010090732176054969
3808.0,0.13842946861660546,0.010090732176054969
3809.0,0.1370657223350381,0.010090732176054969
3810.0,0.13609028966993497,0.010090732176054969
3811.0,0.13613291400799557,0.010090732176054969
3812.0,0.1361755383460561,0.010090732176054969
3813.0,0.13738948485875477,0.010090732176054969
3814.0,0.13877053357469366,0.010090732176054969
3815.0,0.13949313215268308,0.010090732176054969
3816.0,0.13948560121061773,0.010090732176054969
3817.0,0.13983487693146718,0.010090732176054969
3818.0,0.1446998041895207,0.010090732176054969
3819.0,0.1495647314475742,0.010090732176054969
3820.0,0.15172928593010968,0.010090732176054969
3821.0,0.15257740868458103,0.010090732176054969
3822.0,0.15157700799175544,0.010090732176054969
3823.0,0.14561176777455656,0.010090732176054969
3824.0,0.13964652755735762,0.010090732176054969
3825.0,0.14285523281254145,0.010090732176054969
3826.0,0.14743053960016134,0.010090732176054969
3827.0,0.14812467694404394,0.010090732176054969
3828.0,0.14443140535152998,0.010090732176054969
3829.0,0.14081219969059836,0.010090732176054969
3830.0,0.13820133022103237,0.010090732176054969
3831.0,0.1355904607514664,0.010090732176054969
3832.0,0.13766532814897325,0.010090732176054969
3833.0,0.14207463639572232,0.010090732176054969
3834.0,0.14726729638061029,0.010090732176054969
3835.0,0.1546159379510959,0.010090732176054969
3836.0,0.1619645795215815,0.010090732176054969
3837.0,0.15876261411409767,0.010090732176054969
3838.0,0.15392171946731842,0.010090732176054969
3839.0,0.1482997998344024,0.010090732176054969
3840.0,0.14177778422263124,0.010090732176054969
3841.0,0.13629833678425754,0.010090732176054969
3842.0,0.14616234548267037,0.010090732176054969
3843.0,0.15602635418108318,0.010090732176054969
3844.0,0.15894337290968943,0.010090732176054969
3845.0,0.15832397101960807,0.010090732176054969
3846.0,0.15874411941706812,0.010090732176054969
3847.0,0.16209694408442724,0.010090732176054969
3848.0,0.16544976875178638,0.010090732176054969
3849.0,0.1587652031059645,0.010090732176054969
3850.0,0.1504567360984562,0.010090732176054969
3851.0,0.14866509235831576,0.010090732176054969
3852.0,0.15453029057722492,0.010090732176054969
3853.0,0.1600715723250791,0.010090732176054969
3854.0,0.16043019053604848,0.010090732176054969
3855.0,0.16078880874701787,0.010090732176054969
3856.0,0.15587976317400332,0.010090732176054969
3857.0,0.14823114793231013,0.010090732176054969
3858.0,0.14294730858170665,0.010090732176054969
3859.0,0.1445036387478564,0.010090732176054969
3860.0,0.14605996891400622,0.010090732176054969
3861.0,0.1464513416384918,0.010090732176054969
3862.0,0.1466466485943942,0.010090732176054969
3863.0,0.14766425718356976,0.010090732176054969
3864.0,0.14966689200363234,0.010090732176054969
3865.0,0.15146594749936607,0.010090732176054969
3866.0,0.14970010282684357,0.010090732176054969
3867.0,0.1479342581543211,0.010090732176054969
3868.0,0.1481783795384423,0.010090732176054969
3869.0,0.14949029539015612,0.010090732176054969
3870.0,0.14933947046929558,0.010090732176054969
3871.0,0.14484918125646046,0.010090732176054969
3872.0,0.14035889204362537,0.010090732176054969
3873.0,0.1399707271166712,0.010090732176054969
3874.0,0.14030000000558435,0.010090732176054969
3875.0,0.14281848363363936,0.010090732176054969
3876.0,0.14801072331109677,0.010090732176054969
3877.0,0.1530395871802627,0.010090732176054969
3878.0,0.1549125086063195,0.010090732176054969
3879.0,0.1567854300323763,0.010090732176054969
3880.0,0.15743830383904975,0.010090732176054969
3881.0,0.15742918884483625,0.010090732176054969
3882.0,0.1587157569425031,0.010090732176054969
3883.0,0.16394598182952938,0.010090732176054969
3884.0,0.16917620671655564,0.010090732176054969
3885.0,0.16516304341004928,0.010090732176054969
3886.0,0.1594716479208899,0.010090732176054969
3887.0,0.15385315984081555,0.010090732176054969
3888.0,0.14832546211922445,0.010090732176054969
3889.0,0.14324409856534917,0.010090732176054969
3890.0,0.14776495116013377,0.010090732176054969
3891.0,0.15228580375491832,0.010090732176054969
3892.0,0.15639184329009423,0.010090732176054969
3893.0,0.16026803305156923,0.010090732176054969
3894.0,0.1616997432841299,0.010090732176054969
3895.0,0.1554954803347904,0.010090732176054969
3896.0,0.1492912173854509,0.010090732176054969
3897.0,0.15476279028111486,0.010090732176054969
3898.0,0.16243295138154212,0.010090732176054969
3899.0,0.16375551382568984,0.010090732176054969
3900.0,0.15701818260818876,0.010090732176054969
3901.0,0.15069471557606612,0.010090732176054969
3902.0,0.1544043197046097,0.010090732176054969
3903.0,0.15811392383315329,0.010090732176054969
3904.0,0.15987310752649583,0.010090732176054969
3905.0,0.16052876386834333,0.010090732176054969
3906.0,0.16201469239662586,0.010090732176054969
3907.0,0.16616336253291875,0.010090732176054969
3908.0,0.1703120326692117,0.010090732176054969
3909.0,0.16937199096017083,0.010090732176054969
3910.0,0.16743902986667492,0.010090732176054969
3911.0,0.1646356030294176,0.010090732176054969
3912.0,0.1607051268820561,0.010090732176054969
3913.0,0.15699201221451214,0.010090732176054969
3914.0,0.15930505719432267,0.010090732176054969
3915.0,0.1616181021741332,0.010090732176054969
3916.0,0.16413291736276334,0.010090732176054969
3917.0,0.1667642854182306,0.010090732176054969
3918.0,0.16855104975095425,0.010090732176054969
3919.0,0.16755584615154787,0.010090732176054969
3920.0,0.16656064255214142,0.010090732176054969
3921.0,0.1667312047173585,0.010090732176054969
3922.0,0.16713727511785312,0.010090732176054969
3923.0,0.16708457866736273,0.010090732176054969
3924.0,0.16642615662532093,0.010090732176054969
3925.0,0.16582433016834291,0.010090732176054969
3926.0,0.16705167302063176,0.010090732176054969
3927.0,0.16827901587292057,0.010090732176054969
3928.0,0.17300590055322365,0.010090732176054969
3929.0,0.1797964463496657,0.010090732176054969
3930.0,0.1838371639464122,0.010090732176054969
3931.0,0.1785718840041833,0.010090732176054969
3932.0,0.17330660406195444,0.010090732176054969
3933.0,0.16657046755370167,0.010090732176054969
3934.0,0.15952692415791972,0.010090732176054969
3935.0,0.158172762616688,0.010090732176054969
3936.0,0.1644792335444043,0.010090732176054969
3937.0,0.1707903233905158,0.010090732176054969
3938.0,0.17728001141457667,0.010090732176054969
3939.0,0.18376969943863752,0.010090732176054969
3940.0,0.1820719916319705,0.010090732176054969
3941.0,0.17544610133488098,0.010090732176054969
3942.0,0.1712196824868183,0.010090732176054969
3943.0,0.17533981217381997,0.010090732176054969
3944.0,0.17945994186082168,0.010090732176054969
3945.0,0.17520667281246743,0.010090732176054969
3946.0,0.16914426067968913,0.010090732176054969
3947.0,0.17137380957687062,0.010090732176054969
3948.0,0.1849900400023831,0.010090732176054969
3949.0,0.19825568001687996,0.010090732176054969
3950.0,0.19469298030281587,0.010090732176054969
3951.0,0.19113028058875178,0.010090732176054969
3952.0,0.18518294257985887,0.010090732176054969
3953.0,0.1777706232929426,0.010090732176054969
3954.0,0.1725980568740692,0.010090732176054969
3955.0,0.17543691417549429,0.010090732176054969
3956.0,0.1782757714769193,0.010090732176054969
3957.0,0.17581575711529518,0.010090732176054969
3958.0,0.1721730283736673,0.010090732176054969
3959.0,0.17060696638955175,0.010090732176054969
3960.0,0.17194943479203664,0.010090732176054969
3961.0,0.17332701572247192,0.010090732176054969
3962.0,0.17691938687744937,0.010090732176054969
3963.0,0.18051175803242683,0.010090732176054969
3964.0,0.1816257444957304,0.010090732176054969
3965.0,0.1811858999316377,0.010090732176054969
3966.0,0.18247510503889283,0.010090732176054969
3967.0,0.19012682438621578,0.010090732176054969
3968.0,0.19777854373353876,0.010090732176054969
3969.0,0.19514374994738873,0.010090732176054969
3970.0,0.19013865180552117,0.010090732176054969
3971.0,0.18836108892566875,0.010090732176054969
3972.0,0.19119429070583627,0.010090732176054969
3973.0,0.1939725610617227,0.010090732176054969
3974.0,0.1917215543501212,0.010090732176054969
3975.0,0.18947054763851973,0.010090732176054969
3976.0,0.18391057037989805,0.010090732176054969
3977.0,0.17623363361776978,0.010090732176054969
3978.0,0.16944133067689537,0.010090732176054969
3979.0,0.16599945123145873,0.010090732176054969
3980.0,0.16255757178602206,0.010090732176054969
3981.0,0.1713759106789343,0.010090732176054969
3982.0,0.1831090117325235,0.010090732176054969
3983.0,0.18791742433498534,0.010090732176054969
3984.0,0.18263499299981617,0.010090732176054969
3985.0,0.17740738174033752,0.010090732176054969
3986.0,0.18125797501522956,0.010090732176054969
3987.0,0.1851085682901216,0.010090732176054969
3988.0,0.18687318097743563,0.010090732176054969
3989.0,0.18727611189230275,0.010090732176054969
3990.0,0.18798351741095304,0.010090732176054969
3991.0,0.18987837388435802,0.010090732176054969
3992.0,0.19177323035776303,0.010090732176054969
3993.0,0.187137375756949,0.010090732176054969
3994.0,0.1809005695624544,0.010090732176054969
3995.0,0.17911080089060272,0.010090732176054969
3996.0,0.18393185217778668,0.010090732176054969
3997.0,0.18874647987855733,0.010090732176054969
3998.0,0.1882166836830136,0.010090732176054969
3999.0,0.18768688748746992,0.010090732176054969
4000.0,0.18871609217284058,0.010090732176054969
4001.0,0.19078359144490076,0.010090732176054969
4002.0,0.1923254851136652,0.010090732176054969
4003.0,0.19175545747280023,0.010090732176054969
4004.0,0.19118542983193526,0.010090732176054969
4005.0,0.1891645925313877,0.010090732176054969
4006.0,0.1867772348957621,0.010090732176054969
4007.0,0.18412211692574154,0.010090732176054969
4008.0,0.18106090926428187,0.010090732176054969
4009.0,0.17799970160282225,0.010090732176054969
4010.0,0.17479688765541837,0.010090732176054969
4011.0,0.1715935618780653,0.010090732176054969
4012.0,0.17723672162908133,0.010090732176054969
4013.0,0.18889049755562703,0.010090732176054969
4014.0,0.19738919245993863,0.010090732176054969
4015.0,0.1928196196734125,0.010090732176054969
4016.0,0.18825004688688632,0.010090732176054969
4017.0,0.19003117289281748,0.010090732176054969
4018.0,0.19346482566471554,0.010090732176054969
4019.0,0.19598332539252916,0.010090732176054969
4020.0,0.19708571674020117,0.010090732176054969
4021.0,0.19818810808787318,0.010090732176054969
4022.0,0.19695754121001552,0.010090732176054969
4023.0,0.19570720349973858,0.010090732176054969
4024.0,0.19703574204458235,0.010090732176054969
4025.0,0.2001516724654332,0.010090732176054969
4026.0,0.2014123641131634,0.010090732176054969
4027.0,0.19474719391370995,0.010090732176054969
4028.0,0.1880820237142565,0.010090732176054969
4029.0,0.1928582374955984,0.010090732176054969
4030.0,0.20069941867514135,0.010090732176054969
4031.0,0.2055901179252107,0.010090732176054969
4032.0,0.2058221614971665,0.010090732176054969
4033.0,0.20605420506912228,0.010090732176054969
4034.0,0.20204409849663044,0.010090732176054969
4035.0,0.19797722349154917,0.010090732176054969
4036.0,0.1959991089249989,0.010090732176054969
4037.0,0.19549767950454056,0.010090732176054969
4038.0,0.1951917873389251,0.010090732176054969
4039.0,0.19574803670602547,0.010090732176054969
4040.0,0.19630428607312583,0.010090732176054969
4041.0,0.19377688709946678,0.010090732176054969
4042.0,0.19039947786342418,0.010090732176054969
4043.0,0.188705351235999,0.010090732176054969
4044.0,0.1897234730751228,0.010090732176054969
4045.0,0.19074159491424664,0.010090732176054969
4046.0,0.19098840971919476,0.010090732176054969
4047.0,0.19122108075212252,0.010090732176054969
4048.0,0.19528908482179463,0.010090732176054969
4049.0,0.20212264928366425,0.010090732176054969
4050.0,0.20645799521595767,0.010090732176054969
4051.0,0.1994181194435819,0.010090732176054969
4052.0,0.1923782436712061,0.010090732176054969
4053.0,0.19075598411024824,0.010090732176054969
4054.0,0.19066968970013926,0.010090732176054969
4055.0,0.19589417017894922,0.010090732176054969
4056.0,0.20985192491953772,0.010090732176054969
4057.0,0.22380967966012622,0.010090732176054969
4058.0,0.21645730800689952,0.010090732176054969
4059.0,0.20860752554103998,0.010090732176054969
4060.0,0.19966545025680196,0.010090732176054969
4061.0,0.18992008462904783,0.010090732176054969
4062.0,0.18386276989441508,0.010090732176054969
4063.0,0.1951595028555052,0.010090732176054969
4064.0,0.20645623581659536,0.010090732176054969
4065.0,0.2043061997993034,0.010090732176054969
4066.0,0.1982367954596284,0.010090732176054969
4067.0,0.19423966505281828,0.010090732176054969
4068.0,0.19372075648831005,0.010090732176054969
4069.0,0.1932018479238018,0.010090732176054969
4070.0,0.19077290733327207,0.010090732176054969
4071.0,0.18828973126546,0.010090732176054969
4072.0,0.19431491397120523,0.010090732176054969
4073.0,0.20672136575712177,0.010090732176054969
4074.0,0.21746569932712084,0.010090732176054969
4075.0,0.22012183791686316,0.010090732176054969
4076.0,0.22277797650660544,0.010090732176054969
4077.0,0.21925684223090616,0.010090732176054969
4078.0,0.21388541717491688,0.010090732176054969
4079.0,0.21053807258750773,0.010090732176054969
4080.0,0.2106586964902349,0.010090732176054969
4081.0,0.21077932039296202,0.010090732176054969
4082.0,0.21467072950241547,0.010090732176054969
4083.0,0.21868845523790154,0.010090732176054969
4084.0,0.21626653858436837,0.010090732176054969
4085.0,0.20891938696805218,0.010090732176054969
4086.0,0.2045710814942167,0.010090732176054969
4087.0,0.21532566057855163,0.010090732176054969
4088.0,0.2260802396628865,0.010090732176054969
4089.0,0.226370459628042,0.010090732176054969
4090.0,0.22344087678729993,0.010090732176054969
4091.0,0.2205530317105546,0.010090732176054969
4092.0,0.21773819328370447,0.010090732176054969
4093.0,0.2149233548568544,0.010090732176054969
4094.0,0.21819523401947385,0.010090732176054969
4095.0,0.2217023853083684,0.010090732176054969
4096.0,0.2256867641523483,0.010090732176054969
4097.0,0.23004333970061466,0.010090732176054969
4098.0,0.2321158057197323,0.010090732176054969
4099.0,0.2222734018815874,0.010090732176054969
4100.0,0.21243099804344248,0.010090732176054969
4101.0,0.20632083770787735,0.010090732176054969
4102.0,0.20138990122778969,0.010090732176054969
4103.0,0.20085320871209056,0.010090732176054969
4104.0,0.20816443016623168,0.010090732176054969
4105.0,0.2154756516203728,0.010090732176054969
4106.0,0.2109845815636192,0.010090732176054969
4107.0,0.20597586714234822,0.010090732176054969
4108.0,0.20757060100561053,0.010090732176054969
4109.0,0.2144167840434244,0.010090732176054969
4110.0,0.21878377713621194,0.010090732176054969
4111.0,0.209744073834026,0.010090732176054969
4112.0,0.20070437053184007,0.010090732176054969
4113.0,0.20572681245739444,0.010090732176054969
4114.0,0.21530995013248486,0.010090732176054969
4115.0,0.22170852510142106,0.010090732176054969
4116.0,0.22229932130454688,0.010090732176054969
4117.0,0.2228901175076727,0.010090732176054969
4118.0,0.22810194883301732,0.010090732176054969
4119.0,0.23354075795403753,0.010090732176054969
4120.0,0.2314349051925458,0.010090732176054969
4121.0,0.22321131573068087,0.010090732176054969
4122.0,0.2169445482426027,0.010090732176054969
4123.0,0.2216577262741065,0.010090732176054969
4124.0,0.2263709043056103,0.010090732176054969
4125.0,0.22321644118791154,0.010090732176054969
4126.0,0.2174436270957642,0.010090732176054969
4127.0,0.2153980539152626,0.010090732176054969
4128.0,0.22029462703755254,0.010090732176054969
4129.0,0.22519120015984248,0.010090732176054969
4130.0,0.22895377446052312,0.010090732176054969
4131.0,0.23265462477471158,0.010090732176054969
4132.0,0.23359366254775515,0.010090732176054969
4133.0,0.23224935968919352,0.010090732176054969
4134.0,0.2298288685553629,0.010090732176054969
4135.0,0.2211364932927287,0.010090732176054969
4136.0,0.2124441180300945,0.010090732176054969
4137.0,0.2157972893863712,0.010090732176054969
4138.0,0.22326262802640068,0.010090732176054969
4139.0,0.2289418316397574,0.010090732176054969
4140.0,0.23122302227554659,0.010090732176054969
4141.0,0.2335042129113358,0.010090732176054969
4142.0,0.2352990813760383,0.010090732176054969
4143.0,0.23706486950735514,0.010090732176054969
4144.0,0.2379561687181111,0.010090732176054969
4145.0,0.23811034341839518,0.010090732176054969
4146.0,0.2377270026706688,0.010090732176054969
4147.0,0.2340866827252473,0.010090732176054969
4148.0,0.2304463627798258,0.010090732176054969
4149.0,0.23027265822462586,0.010090732176054969
4150.0,0.23131254998107384,0.010090732176054969
4151.0,0.23445896057038051,0.010090732176054969
4152.0,0.24169931235429254,0.010090732176054969
4153.0,0.24893966413820454,0.010090732176054969
4154.0,0.239833266520846,0.010090732176054969
4155.0,0.22966077655123515,0.010090732176054969
4156.0,0.22944508470838013,0.010090732176054969
4157.0,0.23778601625571372,0.010090732176054969
4158.0,0.244221712946577,0.010090732176054969
4159.0,0.23864105997252985,0.010090732176054969
4160.0,0.23306040699848277,0.010090732176054969
4161.0,0.23197303471041214,0.010090732176054969
4162.0,0.23249825907962723,0.010090732176054969
4163.0,0.23381481063687748,0.010090732176054969
4164.0,0.23670267137753678,0.010090732176054969
4165.0,0.2395905321181961,0.010090732176054969
4166.0,0.2409594460025974,0.010090732176054969
4167.0,0.24222097932518044,0.010090732176054969
4168.0,0.2449427920473069,0.010090732176054969
4169.0,0.24894399370281642,0.010090732176054969
4170.0,0.25267816909133906,0.010090732176054969
4171.0,0.2546572536522973,0.010090732176054969
4172.0,0.2566363382132555,0.010090732176054969
4173.0,0.25386486254969165,0.010090732176054969
4174.0,0.24934605438975274,0.010090732176054969
4175.0,0.2483133804221989,0.010090732176054969
4176.0,0.25435438965229573,0.010090732176054969
4177.0,0.26039539888239266,0.010090732176054969
4178.0,0.2488471229231741,0.010090732176054969
4179.0,0.23595806165882857,0.010090732176054969
4180.0,0.2286234108653983,0.010090732176054969
4181.0,0.22624985851529783,0.010090732176054969
4182.0,0.22548354797620246,0.010090732176054969
4183.0,0.23574049023522162,0.010090732176054969
4184.0,0.24599743249424075,0.010090732176054969
4185.0,0.24949546312066903,0.010090732176054969
4186.0,0.25044633366076013,0.010090732176054969
4187.0,0.25021713230063125,0.010090732176054969
4188.0,0.24754069696292455,0.010090732176054969
4189.0,0.2448642616252178,0.010090732176054969
4190.0,0.24463352920428158,0.010090732176054969
4191.0,0.24460289974926164,0.010090732176054969
4192.0,0.24902860935179313,0.010090732176054969
4193.0,0.25751204052737053,0.010090732176054969
4194.0,0.2640273377477072,0.010090732176054969
4195.0,0.25643767495554126,0.010090732176054969
4196.0,0.24884801216337532,0.010090732176054969
4197.0,0.24874508958426003,0.010090732176054969
4198.0,0.2515322231273213,0.010090732176054969
4199.0,0.25267727541496776,0.010090732176054969
4200.0,0.2503413614458234,0.010090732176054969
4201.0,0.24800544747667908,0.010090732176054969
4202.0,0.247790739215383,0.010090732176054969
4203.0,0.24776156722357254,0.010090732176054969
4204.0,0.24941349289027248,0.010090732176054969
4205.0,0.2526258818927634,0.010090732176054969
4206.0,0.2554975157000029,0.010090732176054969
4207.0,0.255813485542854,0.010090732176054969
4208.0,0.25612945538570503,0.010090732176054969
4209.0,0.25581961734173353,0.010090732176054969
4210.0,0.2552623912554005,0.010090732176054969
4211.0,0.2555517006907332,0.010090732176054969
4212.0,0.25767570688404967,0.010090732176054969
4213.0,0.25979971307736616,0.010090732176054969
4214.0,0.2640516920645424,0.010090732176054969
4215.0,0.2685019467319856,0.010090732176054969
4216.0,0.27008405816879977,0.010090732176054969
4217.0,0.26895215556728336,0.010090732176054969
4218.0,0.2670894445647112,0.010090732176054969
4219.0,0.2594813356006631,0.010090732176054969
4220.0,0.25187322663661516,0.010090732176054969
4221.0,0.2524811724104446,0.010090732176054969
4222.0,0.2564143342670608,0.010090732176054969
4223.0,0.25903004284388204,0.010090732176054969
4224.0,0.2587259900979177,0.010090732176054969
4225.0,0.2584219373519534,0.010090732176054969
4226.0,0.26022712907426276,0.010090732176054969
4227.0,0.2622410191278663,0.010090732176054969
4228.0,0.26099873536042917,0.010090732176054969
4229.0,0.2566154726005285,0.010090732176054969
4230.0,0.2537714275330977,0.010090732176054969
4231.0,0.26363447963798087,0.010090732176054969
4232.0,0.273497531742864,0.010090732176054969
4233.0,0.2767219982524109,0.010090732176054969
4234.0,0.2771963546002249,0.010090732176054969
4235.0,0.27436888376196505,0.010090732176054969
4236.0,0.26405727130192724,0.010090732176054969
4237.0,0.25374565884188943,0.010090732176054969
4238.0,0.2577390450417194,0.010090732176054969
4239.0,0.2632312308358832,0.010090732176054969
4240.0,0.2627183055691819,0.010090732176054969
4241.0,0.25630035442595556,0.010090732176054969
4242.0,0.25073838930125913,0.010090732176054969
4243.0,0.2526115585468082,0.010090732176054969
4244.0,0.25448472779235726,0.010090732176054969
4245.0,0.2562447396936894,0.010090732176054969
4246.0,0.2579567806183277,0.010090732176054969
4247.0,0.2613216820471261,0.010090732176054969
4248.0,0.26851911261305883,0.010090732176054969
4249.0,0.2757165431789916,0.010090732176054969
4250.0,0.27143758765382914,0.010090732176054969
4251.0,0.2658885787345928,0.010090732176054969
4252.0,0.26226975512754214,0.010090732176054969
4253.0,0.2605857567012158,0.010090732176054969
4254.0,0.25897157953928296,0.010090732176054969
4255.0,0.2579968629817375,0.010090732176054969
4256.0,0.25702214642419213,0.010090732176054969
4257.0,0.26003705195740456,0.010090732176054969
4258.0,0.264782395987813,0.010090732176054969
4259.0,0.2661920694202605,0.010090732176054969
4260.0,0.2596879656446074,0.010090732176054969
4261.0,0.25318386186895425,0.010090732176054969
4262.0,0.25594658063459336,0.010090732176054969
4263.0,0.259790014629579,0.010090732176054969
4264.0,0.25568215464736965,0.010090732176054969
4265.0,0.2434493073729431,0.010090732176054969
4266.0,0.2326357440088415,0.010090732176054969
4267.0,0.23556012105879062,0.010090732176054969
4268.0,0.23848449810873973,0.010090732176054969
4269.0,0.24481126368290704,0.010090732176054969
4270.0,0.2526475811846276,0.010090732176054969
4271.0,0.2597743971582005,0.010090732176054969
4272.0,0.2651785551004678,0.010090732176054969
4273.0,0.27058271304273507,0.010090732176054969
4274.0,0.2636034191380351,0.010090732176054969
4275.0,0.25510540000682586,0.010090732176054969
4276.0,0.2533914498273012,0.010090732176054969
4277.0,0.2587442381391178,0.010090732176054969
4278.0,0.26336242039010166,0.010090732176054969
4279.0,0.26044592696311497,0.010090732176054969
4280.0,0.2575294335361282,0.010090732176054969
4281.0,0.2557311708939617,0.010090732176054969
4282.0,0.254440307909829,0.010090732176054969
4283.0,0.25337176214025187,0.010090732176054969
4284.0,0.25285575371563596,0.010090732176054969
4285.0,0.2523397452910201,0.010090732176054969
4286.0,0.25156186978364453,0.010090732176054969
4287.0,0.2507502850989488,0.010090732176054969
4288.0,0.2552399172726351,0.010090732176054969
4289.0,0.26535881190236965,0.010090732176054969
4290.0,0.2743400374199467,0.010090732176054969
4291.0,0.27092066961497496,0.010090732176054969
4292.0,0.2675013018100032,0.010090732176054969
4293.0,0.2684848960965484,0.010090732176054969
4294.0,0.2715113409844279,0.010090732176054969
4295.0,0.27093341505897467,0.010090732176054969
4296.0,0.26118351574468945,0.010090732176054969
4297.0,0.2514336164304043,0.010090732176054969
4298.0,0.25863057619506213,0.010090732176054969
4299.0,0.2681132839826248,0.010090732176054969
4300.0,0.2733706945468023,0.010090732176054969
4301.0,0.2740542208666606,0.010090732176054969
4302.0,0.2749711511450284,0.010090732176054969
4303.0,0.2786005183351594,0.010090732176054969
4304.0,0.2822298855252905,0.010090732176054969
4305.0,0.28346792594426945,0.010090732176054969
4306.0,0.28357167331073585,0.010090732176054969
4307.0,0.28482092843166873,0.010090732176054969
4308.0,0.28905544618545215,0.010090732176054969
4309.0,0.29328996393923545,0.010090732176054969
4310.0,0.2892622295710096,0.010090732176054969
4311.0,0.28406872538282535,0.010090732176054969
4312.0,0.28490079678204705,0.010090732176054969
4313.0,0.29238230386736785,0.010090732176054969
4314.0,0.29919126756257686,0.010090732176054969
4315.0,0.29763682877748027,0.010090732176054969
4316.0,0.29608238999238373,0.010090732176054969
4317.0,0.29746861150851384,0.010090732176054969
4318.0,0.30028060771614734,0.010090732176054969
4319.0,0.30060709605710834,0.010090732176054969
4320.0,0.2942982638377184,0.010090732176054969
4321.0,0.2879894316183284,0.010090732176054969
4322.0,0.2797836599539273,0.010090732176054969
4323.0,0.2712983118148483,0.010090732176054969
4324.0,0.27276322176542983,0.010090732176054969
4325.0,0.2854221720668987,0.010090732176054969
4326.0,0.29707197534396523,0.010090732176054969
4327.0,0.295237486484623,0.010090732176054969
4328.0,0.2934029976252808,0.010090732176054969
4329.0,0.2937560132759873,0.010090732176054969
4330.0,0.2951929629388523,0.010090732176054969
4331.0,0.2954884331139336,0.010090732176054969
4332.0,0.29266147060942704,0.010090732176054969
4333.0,0.2898345081049206,0.010090732176054969
4334.0,0.29178859985015804,0.010090732176054969
4335.0,0.2944777290216001,0.010090732176054969
4336.0,0.29701712156901205,0.010090732176054969
4337.0,0.29938478010175024,0.010090732176054969
4338.0,0.30156915089319736,0.010090732176054969
4339.0,0.30110942630566756,0.010090732176054969
4340.0,0.30064970171813776,0.010090732176054969
4341.0,0.2979013205975578,0.010090732176054969
4342.0,0.29399412604252173,0.010090732176054969
4343.0,0.29395604769446143,0.010090732176054969
4344.0,0.3047656284837472,0.010090732176054969
4345.0,0.31557520927303306,0.010090732176054969
4346.0,0.30984654075845136,0.010090732176054969
4347.0,0.3014689883024399,0.010090732176054969
4348.0,0.3020383868716517,0.010090732176054969
4349.0,0.31306919432190516,0.010090732176054969
4350.0,0.3229193730748732,0.010090732176054969
4351.0,0.3142809064283031,0.010090732176054969
4352.0,0.30564243978173294,0.010090732176054969
4353.0,0.3073088956457406,0.010090732176054969
4354.0,0.3143061310962697,0.010090732176054969
4355.0,0.318039530115958,0.010090732176054969
4356.0,0.31239129697629053,0.010090732176054969
4357.0,0.30674306383662303,0.010090732176054969
4358.0,0.30348268596921746,0.010090732176054969
4359.0,0.3006202839805212,0.010090732176054969
4360.0,0.3038127588834469,0.010090732176054969
4361.0,0.31422328439665403,0.010090732176054969
4362.0,0.3240616905723084,0.010090732176054969
4363.0,0.32411188112509015,0.010090732176054969
4364.0,0.3241620716778719,0.010090732176054969
4365.0,0.3267667631785936,0.010090732176054969
4366.0,0.3307213560976777,0.010090732176054969
4367.0,0.3316436412344479,0.010090732176054969
4368.0,0.32362708542052027,0.010090732176054969
4369.0,0.3156105296065926,0.010090732176054969
4370.0,0.3159596121658936,0.010090732176054969
4371.0,0.31775795320394024,0.010090732176054969
4372.0,0.31774692806167465,0.010090732176054969
4373.0,0.3155367530672757,0.010090732176054969
4374.0,0.3134099608651487,0.010090732176054969
4375.0,0.3128535445841523,0.010090732176054969
4376.0,0.3122971283031559,0.010090732176054969
4377.0,0.31503810501927015,0.010090732176054969
4378.0,0.3195588206543413,0.010090732176054969
4379.0,0.3225592438365967,0.010090732176054969
4380.0,0.3209620676204734,0.010090732176054969
4381.0,0.31936489140435015,0.010090732176054969
4382.0,0.31858009738221066,0.010090732176054969
4383.0,0.3179414401003485,0.010090732176054969
4384.0,0.3185247646571626,0.010090732176054969
4385.0,0.32062242692266085,0.010090732176054969
4386.0,0.32260242943739303,0.010090732176054969
4387.0,0.3221208661137326,0.010090732176054969
4388.0,0.32163930279007213,0.010090732176054969
4389.0,0.32247640209932765,0.010090732176054969
4390.0,0.32404036200326153,0.010090732176054969
4391.0,0.3239526803823789,0.010090732176054969
4392.0,0.31873921471896305,0.010090732176054969
4393.0,0.3135257490555472,0.010090732176054969
4394.0,0.32124666767348004,0.010090732176054969
4395.0,0.33138126768865245,0.010090732176054969
4396.0,0.3346385748951794,0.010090732176054969
4397.0,0.32920582461252146,0.010090732176054969
4398.0,0.32402909459785634,0.010090732176054969
4399.0,0.3248688408809551,0.010090732176054969
4400.0,0.32570858716405376,0.010090732176054969
4401.0,0.3273534542190778,0.010090732176054969
4402.0,0.32945148493559834,0.010090732176054969
4403.0,0.3299039674496049,0.010090732176054969
4404.0,0.3251138491576241,0.010090732176054969
4405.0,0.32032373086564336,0.010090732176054969
4406.0,0.3239339190928299,0.010090732176054969
4407.0,0.32916880843762114,0.010090732176054969
4408.0,0.3307792013728434,0.010090732176054969
4409.0,0.32771957008805136,0.010090732176054969
4410.0,0.32488690474509574,0.010090732176054969
4411.0,0.3281293611119756,0.010090732176054969
4412.0,0.33137181747885547,0.010090732176054969
4413.0,0.33647816299658406,0.010090732176054969
4414.0,0.3426556281775587,0.010090732176054969
4415.0,0.3450009232702619,0.010090732176054969
4416.0,0.33480814392030445,0.010090732176054969
4417.0,0.32461536457034706,0.010090732176054969
4418.0,0.32182893718513667,0.010090732176054969
4419.0,0.32052591458825114,0.010090732176054969
4420.0,0.3227853013281083,0.010090732176054969
4421.0,0.32972529811318857,0.010090732176054969
4422.0,0.33631419272124125,0.010090732176054969
4423.0,0.33200541591165517,0.010090732176054969
4424.0,0.3276966391020691,0.010090732176054969
4425.0,0.33229789031255175,0.010090732176054969
4426.0,0.34212635796147883,0.010090732176054969
4427.0,0.34768193708636885,0.010090732176054969
4428.0,0.3388752416959298,0.010090732176054969
4429.0,0.3300685463054908,0.010090732176054969
4430.0,0.33009247528681107,0.010090732176054969
4431.0,0.33194651917416523,0.010090732176054969
4432.0,0.33618663264899706,0.010090732176054969
4433.0,0.34362381127333935,0.010090732176054969
4434.0,0.35078593164717276,0.010090732176054969
4435.0,0.34780840469532937,0.010090732176054969
4436.0,0.344830877743486,0.010090732176054969
4437.0,0.3446976814851312,0.010090732176054969
4438.0,0.34626780802210794,0.010090732176054969
4439.0,0.3483999354148811,0.010090732176054969
4440.0,0.3524735203095002,0.010090732176054969
4441.0,0.3565471052041192,0.010090732176054969
4442.0,0.35788225954368946,0.010090732176054969
4443.0,0.3586306073357499,0.010090732176054969
4444.0,0.35838696720452357,0.010090732176054969
4445.0,0.3567877981213042,0.010090732176054969
4446.0,0.3552430179948841,0.010090732176054969
4447.0,0.3561608489679738,0.010090732176054969
4448.0,0.35707867994106357,0.010090732176054969
4449.0,0.35731830334914055,0.010090732176054969
4450.0,0.35714339370007353,0.010090732176054969
4451.0,0.3569225881083926,0.010090732176054969
4452.0,0.35653876414130736,0.010090732176054969
4453.0,0.3561549401742221,0.010090732176054969
4454.0,0.35506973907544437,0.010090732176054969
4455.0,0.353829247731966,0.010090732176054969
4456.0,0.3520963068880292,0.010090732176054969
4457.0,0.3496770499299478,0.010090732176054969
4458.0,0.34747598755508685,0.010090732176054969
4459.0,0.35803930829823094,0.010090732176054969
4460.0,0.368602629041375,0.010090732176054969
4461.0,0.3688495408511357,0.010090732176054969
4462.0,0.36266126580186686,0.010090732176054969
4463.0,0.3585153259098956,0.010090732176054969
4464.0,0.36183132564293036,0.010090732176054969
4465.0,0.36514732537596506,0.010090732176054969
4466.0,0.3632040034415662,0.010090732176054969
4467.0,0.36005832920856534,0.010090732176054969
4468.0,0.36022890341228136,0.010090732176054969
4469.0,0.36511356332981015,0.010090732176054969
4470.0,0.3697550491668967,0.010090732176054969
4471.0,0.3543833081835417,0.010090732176054969
4472.0,0.33901156720018666,0.010090732176054969
4473.0,0.3421419515431448,0.010090732176054969
4474.0,0.3570497201802388,0.010090732176054969
4475.0,0.3683909008015094,0.010090732176054969
4476.0,0.36632171048327883,0.010090732176054969
4477.0,0.36425252016504833,0.010090732176054969
4478.0,0.3660128574016895,0.010090732176054969
4479.0,0.36867659950661413,0.010090732176054969
4480.0,0.37106551509552127,0.010090732176054969
4481.0,0.373055932236203,0.010090732176054969
4482.0,0.3750054986743908,0.010090732176054969
4483.0,0.3713244766191321,0.010090732176054969
4484.0,0.3676434545638734,0.010090732176054969
4485.0,0.36533800880767076,0.010090732176054969
4486.0,0.36392600666748914,0.010090732176054969
4487.0,0.36131764267813193,0.010090732176054969
4488.0,0.3540777491908055,0.010090732176054969
4489.0,0.34683785570347897,0.010090732176054969
4490.0,0.34939874834669404,0.010090732176054969
4491.0,0.35434401134704324,0.010090732176054969
4492.0,0.35878701612016584,0.010090732176054969
4493.0,0.36248709726551687,0.010090732176054969
4494.0,0.36619234958349844,0.010090732176054969
4495.0,0.37204622412968247,0.010090732176054969
4496.0,0.37790009867586655,0.010090732176054969
4497.0,0.37086047583099696,0.010090732176054969
4498.0,0.3552766591062367,0.010090732176054969
4499.0,0.34450099631034486,0.010090732176054969
4500.0,0.35290036654817036,0.010090732176054969
4501.0,0.36129973678599586,0.010090732176054969
4502.0,0.36642448152800855,0.010090732176054969
4503.0,0.37072811146851975,0.010090732176054969
4504.0,0.3686058227588232,0.010090732176054969
4505.0,0.35678659054383305,0.010090732176054969
4506.0,0.3449673583288428,0.010090732176054969
4507.0,0.3590262844855587,0.010090732176054969
4508.0,0.3731474926118766,0.010090732176054969
4509.0,0.3753474404054439,0.010090732176054969
4510.0,0.3694879445937618,0.010090732176054969
4511.0,0.3649346650209118,0.010090732176054969
4512.0,0.36575049514141567,0.010090732176054969
4513.0,0.36656632526191957,0.010090732176054969
4514.0,0.3659508917424613,0.010090732176054969
4515.0,0.36496575114984003,0.010090732176054969
4516.0,0.3676426192595537,0.010090732176054969
4517.0,0.3759576410115791,0.010090732176054969
4518.0,0.38427266276360444,0.010090732176054969
4519.0,0.3759000683643376,0.010090732176054969
4520.0,0.3674064029893756,0.010090732176054969
4521.0,0.3668427937471778,0.010090732176054969
4522.0,0.37174818873447046,0.010090732176054969
4523.0,0.37615843425286577,0.010090732176054969
4524.0,0.37846974428674746,0.010090732176054969
4525.0,0.38078105432062914,0.010090732176054969
4526.0,0.3790120802852914,0.010090732176054969
4527.0,0.37615792431665096,0.010090732176054969
4528.0,0.37674164467670107,0.010090732176054969
4529.0,0.38272622630619496,0.010090732176054969
4530.0,0.3887108079356889,0.010090732176054969
4531.0,0.3888079696101619,0.010090732176054969
4532.0,0.3888335951976969,0.010090732176054969
4533.0,0.38785624222578924,0.010090732176054969
4534.0,0.3861733174247428,0.010090732176054969
4535.0,0.3833825693145155,0.010090732176054969
4536.0,0.3757459876325162,0.010090732176054969
4537.0,0.36810940595051694,0.010090732176054969
4538.0,0.36878199361139435,0.010090732176054969
4539.0,0.3717288034624415,0.010090732176054969
4540.0,0.3753234846376444,0.010090732176054969
4541.0,0.37995678452938453,0.010090732176054969
4542.0,0.38459008442112463,0.010090732176054969
4543.0,0.3871911440799047,0.010090732176054969
4544.0,0.38975746458940413,0.010090732176054969
4545.0,0.39212407481275763,0.010090732176054969
4546.0,0.394347387758629,0.010090732176054969
4547.0,0.39616498077346535,0.010090732176054969
4548.0,0.39615011688124785,0.010090732176054969
4549.0,0.39613525298903035,0.010090732176054969
4550.0,0.3994364880616058,0.010090732176054969
4551.0,0.40367133253503895,0.010090732176054969
4552.0,0.40762647849225864,0.010090732176054969
4553.0,0.4111240164340286,0.010090732176054969
4554.0,0.4146215543757987,0.010090732176054969
4555.0,0.3969233596196506,0.010090732176054969
4556.0,0.3787570382517665,0.010090732176054969
4557.0,0.37692147082795874,0.010090732176054969
4558.0,0.38703689173743067,0.010090732176054969
4559.0,0.3949598640834289,0.010090732176054969
4560.0,0.3926514097998721,0.010090732176054969
4561.0,0.3903429555163153,0.010090732176054969
4562.0,0.3905918676483156,0.010090732176054969
4563.0,0.3915810700585023,0.010090732176054969
4564.0,0.39358114044740033,0.010090732176054969
4565.0,0.39726923076228876,0.010090732176054969
4566.0,0.40095732107717724,0.010090732176054969
4567.0,0.3969067618951179,0.010090732176054969
4568.0,0.3926462763395306,0.010090732176054969
4569.0,0.39295104061068226,0.010090732176054969
4570.0,0.39666299343177225,0.010090732176054969
4571.0,0.3999543330346271,0.010090732176054969
4572.0,0.40121614032572117,0.010090732176054969
4573.0,0.40247794761681527,0.010090732176054969
4574.0,0.4014382358739144,0.010090732176054969
4575.0,0.399713804293796,0.010090732176054969
4576.0,0.39714060576877513,0.010090732176054969
4577.0,0.3931206454058534,0.010090732176054969
4578.0,0.38910068504293177,0.010090732176054969
4579.0,0.3824888321659372,0.010090732176054969
4580.0,0.3757934734582556,0.010090732176054969
4581.0,0.3761791890546793,0.010090732176054969
4582.0,0.38195430581278655,0.010090732176054969
4583.0,0.38794574411110977,0.010090732176054969
4584.0,0.39501723384044146,0.010090732176054969
4585.0,0.40208872356977315,0.010090732176054969
4586.0,0.40410991289158316,0.010090732176054969
4587.0,0.40458751509824264,0.010090732176054969
4588.0,0.40638767271126475,0.010090732176054969
4589.0,0.4104892507518005,0.010090732176054969
4590.0,0.41459082879233616,0.010090732176054969
4591.0,0.415344166183242,0.010090732176054969
4592.0,0.41597241363705106,0.010090732176054969
4593.0,0.4143045631899143,0.010090732176054969
4594.0,0.4108546666106974,0.010090732176054969
4595.0,0.40940183732290336,0.010090732176054969
4596.0,0.41827458558631314,0.010090732176054969
4597.0,0.4271473338497229,0.010090732176054969
4598.0,0.4225407512780198,0.010090732176054969
4599.0,0.41370327464294104,0.010090732176054969
4600.0,0.4096737280307819,0.010090732176054969
4601.0,0.41418627042600903,0.010090732176054969
4602.0,0.4186988128212361,0.010090732176054969
4603.0,0.41785864103343523,0.010090732176054969
4604.0,0.4167906941740135,0.010090732176054969
4605.0,0.41827884966951356,0.010090732176054969
4606.0,0.4217898990717044,0.010090732176054969
4607.0,0.42370597612470157,0.010090732176054969
4608.0,0.41707494944387974,0.010090732176054969
4609.0,0.4104439227630579,0.010090732176054969
4610.0,0.4153497704689403,0.010090732176054969
4611.0,0.4239730554772059,0.010090732176054969
4612.0,0.4288548763885766,0.010090732176054969
4613.0,0.426948973583633,0.010090732176054969
4614.0,0.42504307077868936,0.010090732176054969
4615.0,0.4219024873454471,0.010090732176054969
4616.0,0.41870288773122943,0.010090732176054969
4617.0,0.4182952704671579,0.010090732176054969
4618.0,0.42014061943790804,0.010090732176054969
4619.0,0.42107243844269365,0.010090732176054969
4620.0,0.4169258940146332,0.010090732176054969
4621.0,0.4127793495865727,0.010090732176054969
4622.0,0.4201346498085963,0.010090732176054969
4623.0,0.4312932756577176,0.010090732176054969
4624.0,0.4369198764107383,0.010090732176054969
4625.0,0.4322970745028271,0.010090732176054969
4626.0,0.42767427259491586,0.010090732176054969
4627.0,0.42745530741548776,0.010090732176054969
4628.0,0.4274701742747387,0.010090732176054969
4629.0,0.4282817969794636,0.010090732176054969
4630.0,0.4297489562222595,0.010090732176054969
4631.0,0.43075740479021096,0.010090732176054969
4632.0,0.42911801125134286,0.010090732176054969
4633.0,0.4274786177124748,0.010090732176054969
4634.0,0.43051285965158353,0.010090732176054969
4635.0,0.43513253098917154,0.010090732176054969
4636.0,0.44033596368873196,0.010090732176054969
4637.0,0.4466440836878571,0.010090732176054969
4638.0,0.4529522036869822,0.010090732176054969
4639.0,0.45465224063240317,0.010090732176054969
4640.0,0.4560829360016217,0.010090732176054969
4641.0,0.44976158081911266,0.010090732176054969
4642.0,0.43693740177423274,0.010090732176054969
4643.0,0.4273096654508328,0.010090732176054969
4644.0,0.4368605854563541,0.010090732176054969
4645.0,0.4464115054618753,0.010090732176054969
4646.0,0.44436135054456305,0.010090732176054969
4647.0,0.4382752229599257,0.010090732176054969
4648.0,0.4361574208001381,0.010090732176054969
4649.0,0.44171078292991556,0.010090732176054969
4650.0,0.4472641450596931,0.010090732176054969
4651.0,0.4379851405022858,0.010090732176054969
4652.0,0.42775898609257035,0.010090732176054969
4653.0,0.42824727728589973,0.010090732176054969
4654.0,0.4378989250751635,0.010090732176054969
4655.0,0.4455569670981489,0.010090732176054969
4656.0,0.44076797485864316,0.010090732176054969
4657.0,0.4359789826191374,0.010090732176054969
4658.0,0.4366216627491559,0.010090732176054969
4659.0,0.4392016983334455,0.010090732176054969
4660.0,0.43978549587697036,0.010090732176054969
4661.0,0.43642672328998605,0.010090732176054969
4662.0,0.4330679507030017,0.010090732176054969
4663.0,0.43737651690115964,0.010090732176054969
4664.0,0.4422165802679958,0.010090732176054969
4665.0,0.44342548211334193,0.010090732176054969
4666.0,0.44146833750849074,0.010090732176054969
4667.0,0.4393660685815656,0.010090732176054969
4668.0,0.4363198378480017,0.010090732176054969
4669.0,0.4332736071144378,0.010090732176054969
4670.0,0.43951988138857534,0.010090732176054969
4671.0,0.449163251755692,0.010090732176054969
4672.0,0.4556414251211549,0.010090732176054969
4673.0,0.4557318639579052,0.010090732176054969
4674.0,0.4558223027946555,0.010090732176054969
4675.0,0.4557272653416423,0.010090732176054969
4676.0,0.45561834708242743,0.010090732176054969
4677.0,0.4531867971255702,0.010090732176054969
4678.0,0.44869068565970105,0.010090732176054969
4679.0,0.4463145814294421,0.010090732176054969
4680.0,0.45832282535856306,0.010090732176054969
4681.0,0.470331069287684,0.010090732176054969
4682.0,0.47064503531231183,0.010090732176054969
4683.0,0.46657847149483633,0.010090732176054969
4684.0,0.4656343522162338,0.010090732176054969
4685.0,0.47113027479905906,0.010090732176054969
4686.0,0.47662619738188433,0.010090732176054969
4687.0,0.4665725610542984,0.010090732176054969
4688.0,0.45526850624105686,0.010090732176054969
4689.0,0.4523304091171691,0.010090732176054969
4690.0,0.45697336289713836,0.010090732176054969
4691.0,0.46090864702012163,0.010090732176054969
4692.0,0.4598284083314722,0.010090732176054969
4693.0,0.45874816964282283,0.010090732176054969
4694.0,0.4592625426851115,0.010090732176054969
4695.0,0.460388801624156,0.010090732176054969
4696.0,0.46055260984803986,0.010090732176054969
4697.0,0.45868737085526307,0.010090732176054969
4698.0,0.4568221318624863,0.010090732176054969
4699.0,0.45973971018099674,0.010090732176054969
4700.0,0.4630688477466332,0.010090732176054969
4701.0,0.4649105106409819,0.010090732176054969
4702.0,0.4653780629844887,0.010090732176054969
4703.0,0.46539417411273687,0.010090732176054969
4704.0,0.4620632362308784,0.010090732176054969
4705.0,0.45873229834901996,0.010090732176054969
4706.0,0.4628334139764704,0.010090732176054969
4707.0,0.46985515263851196,0.010090732176054969
4708.0,0.4746936882932223,0.010090732176054969
4709.0,0.47482675989045975,0.010090732176054969
4710.0,0.4749598314876972,0.010090732176054969
4711.0,0.4728941142139135,0.010090732176054969
4712.0,0.4706266731904953,0.010090732176054969
4713.0,0.470306242352167,0.010090732176054969
4714.0,0.47181935956693244,0.010090732176054969
4715.0,0.47265699744454487,0.010090732176054969
4716.0,0.46824722741880975,0.010090732176054969
4717.0,0.46383745739307475,0.010090732176054969
4718.0,0.46023764897935554,0.010090732176054969
4719.0,0.45696373421087405,0.010090732176054969
4720.0,0.4578369519761643,0.010090732176054969
4721.0,0.4678498118254917,0.010090732176054969
4722.0,0.477862671674819,0.010090732176054969
4723.0,0.47474368712969073,0.010090732176054969
4724.0,0.4703443910098673,0.010090732176054969
4725.0,0.46946135365461594,0.010090732176054969
4726.0,0.4719539247133523,0.010090732176054969
4727.0,0.47438376100894303,0.010090732176054969
4728.0,0.47630206769734923,0.010090732176054969
4729.0,0.47822037438575543,0.010090732176054969
4730.0,0.48098952751517826,0.010090732176054969
4731.0,0.48410911400929085,0.010090732176054969
4732.0,0.4839666455895388,0.010090732176054969
4733.0,0.4764718112115704,0.010090732176054969
4734.0,0.468976976833602,0.010090732176054969
4735.0,0.4673856885260858,0.010090732176054969
4736.0,0.4664043029914106,0.010090732176054969
4737.0,0.47272669300963255,0.010090732176054969
4738.0,0.4861967208610795,0.010090732176054969
4739.0,0.4981100201813942,0.010090732176054969
4740.0,0.49667481968303684,0.010090732176054969
4741.0,0.4952396191846794,0.010090732176054969
4742.0,0.4905666161258394,0.010090732176054969
4743.0,0.4845288737624926,0.010090732176054969
4744.0,0.48083162280280917,0.010090732176054969
4745.0,0.48253050480157184,0.010090732176054969
4746.0,0.48422938680033456,0.010090732176054969
4747.0,0.48861843420326806,0.010090732176054969
4748.0,0.4933012147129137,0.010090732176054969
4749.0,0.4934665489628819,0.010090732176054969
4750.0,0.48912527015763124,0.010090732176054969
4751.0,0.48519109808756683,0.010090732176054969
4752.0,0.48493560133543434,0.010090732176054969
4753.0,0.4846801045833019,0.010090732176054969
4754.0,0.4843629481865748,0.010090732176054969
4755.0,0.4840191997438113,0.010090732176054969
4756.0,0.4856655469723973,0.010090732176054969
4757.0,0.4920062731031505,0.010090732176054969
4758.0,0.4983469992339037,0.010090732176054969
4759.0,0.4985317766588112,0.010090732176054969
4760.0,0.4980078370975026,0.010090732176054969
4761.0,0.49219593591565025,0.010090732176054969
4762.0,0.4810064466451163,0.010090732176054969
4763.0,0.4719083104458001,0.010090732176054969
4764.0,0.4827706833059875,0.010090732176054969
4765.0,0.49363305616617487,0.010090732176054969
4766.0,0.4943538195858059,0.010090732176054969
4767.0,0.49060034354637416,0.010090732176054969
4768.0,0.49052738331737983,0.010090732176054969
4769.0,0.49933894690948966,0.010090732176054969
4770.0,0.5081505105015997,0.010090732176054969
4771.0,0.503422051186759,0.010090732176054969
4772.0,0.4970534814255897,0.010090732176054969
4773.0,0.4970641156677915,0.010090732176054969
4774.0,0.5036879100504127,0.010090732176054969
4775.0,0.5088062653939047,0.010090732176054969
4776.0,0.4987096501819744,0.010090732176054969
4777.0,0.48861303497004405,0.010090732176054969
4778.0,0.4915271501790696,0.010090732176054969
4779.0,0.5003119608219476,0.010090732176054969
4780.0,0.5051621020599822,0.010090732176054969
4781.0,0.5002903309768926,0.010090732176054969
4782.0,0.4954185598938029,0.010090732176054969
4783.0,0.4980107573832459,0.010090732176054969
4784.0,0.5015523635950434,0.010090732176054969
4785.0,0.5041727183542171,0.010090732176054969
4786.0,0.5058195036770382,0.010090732176054969
4787.0,0.5076655407391335,0.010090732176054969
4788.0,0.5116500260452527,0.010090732176054969
4789.0,0.5156345113513717,0.010090732176054969
4790.0,0.5110491147666668,0.010090732176054969
4791.0,0.5025095446077772,0.010090732176054969
4792.0,0.4991053150040888,0.010090732176054969
4793.0,0.5086917562116718,0.010090732176054969
4794.0,0.5182781974192551,0.010090732176054969
4795.0,0.513974522345254,0.010090732176054969
4796.0,0.5078188317670435,0.010090732176054969
4797.0,0.5047584436914698,0.010090732176054969
4798.0,0.5050326458431683,0.010090732176054969
4799.0,0.5055281703417546,0.010090732176054969
4800.0,0.5085540368958019,0.010090732176054969
4801.0,0.5115799034498493,0.010090732176054969
4802.0,0.513717337522307,0.010090732176054969
4803.0,0.5154356700530954,0.010090732176054969
4804.0,0.5154280704814256,0.010090732176054969
4805.0,0.5109494140408887,0.010090732176054969
4806.0,0.5064707576003515,0.010090732176054969
4807.0,0.5023069405398876,0.010090732176054969
4808.0,0.4981870545557125,0.010090732176054969
4809.0,0.49888144851583055,0.010090732176054969
4810.0,0.504863061759857,0.010090732176054969
4811.0,0.510313914429889,0.010090732176054969
4812.0,0.509277693417723,0.010090732176054969
4813.0,0.5082414724055571,0.010090732176054969
4814.0,0.5124432533305731,0.010090732176054969
4815.0,0.5191708323427359,0.010090732176054969
4816.0,0.5227786343973356,0.010090732176054969
4817.0,0.5181080809285954,0.010090732176054969
4818.0,0.513437527459855,0.010090732176054969
4819.0,0.5204700028534105,0.010090732176054969
4820.0,0.529208834587274,0.010090732176054969
4821.0,0.528648746986225,0.010090732176054969
4822.0,0.5176776555496669,0.010090732176054969
4823.0,0.5086165777646352,0.010090732176054969
4824.0,0.5246122892386416,0.010090732176054969
4825.0,0.5406080007126478,0.010090732176054969
4826.0,0.5359973122565336,0.010090732176054969
4827.0,0.5212311399639067,0.010090732176054969
4828.0,0.5120426736731933,0.010090732176054969
4829.0,0.5180185955751913,0.010090732176054969
4830.0,0.5239945174771892,0.010090732176054969
4831.0,0.527192753670213,0.010090732176054969
4832.0,0.5299683820790235,0.010090732176054969
4833.0,0.532271036767378,0.010090732176054969
4834.0,0.5340338448442088,0.010090732176054969
4835.0,0.5357261049126008,0.010090732176054969
4836.0,0.5364204313343532,0.010090732176054969
4837.0,0.5371147577561058,0.010090732176054969
4838.0,0.5392277157744403,0.010090732176054969
4839.0,0.5420551110047723,0.010090732176054969
4840.0,0.5425240859517538,0.010090732176054969
4841.0,0.5364216443819537,0.010090732176054969
4842.0,0.5303192028121535,0.010090732176054969
4843.0,0.5274822637747671,0.010090732176054969
4844.0,0.5251630817453028,0.010090732176054969
4845.0,0.5298313267810211,0.010090732176054969
4846.0,0.5426303960380355,0.010090732176054969
4847.0,0.5545115272074138,0.010090732176054969
4848.0,0.5523176076996462,0.010090732176054969
4849.0,0.5501236881918785,0.010090732176054969
4850.0,0.5503948377417817,0.010090732176054969
4851.0,0.5519343773704488,0.010090732176054969
4852.0,0.5527381925713022,0.010090732176054969
4853.0,0.5514404245686284,0.010090732176054969
4854.0,0.5501426565659547,0.010090732176054969
4855.0,0.5489380087676949,0.010090732176054969
4856.0,0.5477487290591146,0.010090732176054969
4857.0,0.542278955736297,0.010090732176054969
4858.0,0.5317310115115619,0.010090732176054969
4859.0,0.5224847191539286,0.010090732176054969
4860.0,0.5350064771694772,0.010090732176054969
4861.0,0.5475282351850258,0.010090732176054969
4862.0,0.5552382829779112,0.010090732176054969
4863.0,0.5604190984742649,0.010090732176054969
4864.0,0.5624045739614657,0.010090732176054969
4865.0,0.5550301147992196,0.010090732176054969
4866.0,0.5476556556369735,0.010090732176054969
4867.0,0.5436219482595752,0.010090732176054969
4868.0,0.5401614781785901,0.010090732176054969
4869.0,0.5428785775712394,0.010090732176054969
4870.0,0.5530677503855772,0.010090732176054969
4871.0,0.5620349177643936,0.010090732176054969
4872.0,0.5485512876067047,0.010090732176054969
4873.0,0.5350676574490156,0.010090732176054969
4874.0,0.53316921043492,0.010090732176054969
4875.0,0.537490852525594,0.010090732176054969
4876.0,0.5388402026177808,0.010090732176054969
4877.0,0.5312583868491512,0.010090732176054969
4878.0,0.5236765710805215,0.010090732176054969
4879.0,0.528385805872681,0.010090732176054969
4880.0,0.535285524923199,0.010090732176054969
4881.0,0.5423778931839754,0.010090732176054969
4882.0,0.5497078449212104,0.010090732176054969
4883.0,0.5566644705243241,0.010090732176054969
4884.0,0.5560205589353272,0.010090732176054969
4885.0,0.5553766473463302,0.010090732176054969
4886.0,0.5522645635782251,0.010090732176054969
4887.0,0.5477991140241801,0.010090732176054969
4888.0,0.5475032649048527,0.010090732176054969
4889.0,0.5600636837925745,0.010090732176054969
4890.0,0.5726241026802965,0.010090732176054969
4891.0,0.5706115227591313,0.010090732176054969
4892.0,0.565904078193372,0.010090732176054969
4893.0,0.5653637614371362,0.010090732176054969
4894.0,0.570063410273366,0.010090732176054969
4895.0,0.5743056161741317,0.010090732176054969
4896.0,0.5681181231464051,0.010090732176054969
4897.0,0.5619306301186784,0.010090732176054969
4898.0,0.5607978718309888,0.010090732176054969
4899.0,0.5624953863659058,0.010090732176054969
4900.0,0.5606638731806021,0.010090732176054969
4901.0,0.5476629872608194,0.010090732176054969
4902.0,0.5346621013410368,0.010090732176054969
4903.0,0.5429964067379479,0.010090732176054969
4904.0,0.5554207201984357,0.010090732176054969
4905.0,0.5636853637740102,0.010090732176054969
4906.0,0.5666165128122229,0.010090732176054969
4907.0,0.569512827711963,0.010090732176054969
4908.0,0.5715079497389566,0.010090732176054969
4909.0,0.5735030717659501,0.010090732176054969
4910.0,0.5736481424932756,0.010090732176054969
4911.0,0.5727355423832445,0.010090732176054969
4912.0,0.5724364719256659,0.010090732176054969
4913.0,0.5741313728385591,0.010090732176054969
4914.0,0.5758262737514521,0.010090732176054969
4915.0,0.5723012920376337,0.010090732176054969
4916.0,0.5677398444209593,0.010090732176054969
4917.0,0.5681214651936025,0.010090732176054969
4918.0,0.5749660451899583,0.010090732176054969
4919.0,0.5814827188550705,0.010090732176054969
4920.0,0.5782107812986754,0.010090732176054969
4921.0,0.5749388437422804,0.010090732176054969
4922.0,0.5739647255444809,0.010090732176054969
4923.0,0.5743317300521751,0.010090732176054969
4924.0,0.5746883466430072,0.010090732176054969
4925.0,0.5750102827405659,0.010090732176054969
4926.0,0.5753322188381244,0.010090732176054969
4927.0,0.5724879477010766,0.010090732176054969
4928.0,0.5689930232683527,0.010090732176054969
4929.0,0.5673568026699695,0.010090732176054969
4930.0,0.568198853850706,0.010090732176054969
4931.0,0.5690271321297009,0.010090732176054969
4932.0,0.5693703647386589,0.010090732176054969
4933.0,0.5697135973476168,0.010090732176054969
4934.0,0.5648933458528346,0.010090732176054969
4935.0,0.5569967657062084,0.010090732176054969
4936.0,0.5527881377204755,0.010090732176054969
4937.0,0.561232324329258,0.010090732176054969
4938.0,0.5696765109380405,0.010090732176054969
4939.0,0.5812420528563254,0.010090732176054969
4940.0,0.593470939571098,0.010090732176054969
4941.0,0.598320297628526,0.010090732176054969
4942.0,0.5931351691263753,0.010090732176054969
4943.0,0.5880066106082473,0.010090732176054969
4944.0,0.5853016293003513,0.010090732176054969
4945.0,0.5825966479924555,0.010090732176054969
4946.0,0.5811987904897403,0.010090732176054969
4947.0,0.5805958055712551,0.010090732176054969
4948.0,0.5815108918568527,0.010090732176054969
4949.0,0.5877804792916328,0.010090732176054969
4950.0,0.594050066726413,0.010090732176054969
4951.0,0.5922773015442631,0.010090732176054969
4952.0,0.588738280296896,0.010090732176054969
4953.0,0.585526333474409,0.010090732176054969
4954.0,0.5827679798371423,0.010090732176054969
4955.0,0.5801523712496233,0.010090732176054969
4956.0,0.5853211260414913,0.010090732176054969
4957.0,0.5904898808333594,0.010090732176054969
4958.0,0.5917433542534365,0.010090732176054969
4959.0,0.590566915693744,0.010090732176054969
4960.0,0.5884450923349672,0.010090732176054969
4961.0,0.5828936230106322,0.010090732176054969
4962.0,0.577342153686297,0.010090732176054969
4963.0,0.5841666082352049,0.010090732176054969
4964.0,0.5937979733533035,0.010090732176054969
4965.0,0.5971424078306168,0.010090732176054969
4966.0,0.5915940244740203,0.010090732176054969
4967.0,0.5861028805829617,0.010090732176054969
4968.0,0.5848890858439518,0.010090732176054969
4969.0,0.583675291104942,0.010090732176054969
4970.0,0.5858616642408502,0.010090732176054969
4971.0,0.5902014770308701,0.010090732176054969
4972.0,0.595362245227221,0.010090732176054969
4973.0,0.6035876026392526,0.010090732176054969
4974.0,0.6118129600512842,0.010090732176054969
4975.0,0.6097234963373137,0.010090732176054969
4976.0,0.605219600419039,0.010090732176054969
4977.0,0.6041472450491682,0.010090732176054969
4978.0,0.6080259687110159,0.010090732176054969
4979.0,0.6118131972684291,0.010090732176054969
4980.0,0.6048040035029062,0.010090732176054969
4981.0,0.5977948097373833,0.010090732176054969
4982.0,0.596150723600943,0.010090732176054969
4983.0,0.5979738117623516,0.010090732176054969
4984.0,0.6004111462373937,0.010090732176054969
4985.0,0.605209043580524,0.010090732176054969
4986.0,0.6100069409236542,0.010090732176054969
4987.0,0.608328131623332,0.010090732176054969
4988.0,0.6050856465014973,0.010090732176054969
4989.0,0.6045408154561028,0.010090732176054969
4990.0,0.6079664188970983,0.010090732176054969
4991.0,0.6113921231368376,0.010090732176054969
4992.0,0.6148457150290411,0.010090732176054969
4993.0,0.6182993069212446,0.010090732176054969
4994.0,0.6152938943613963,0.010090732176054969
4995.0,0.6080296561568713,0.010090732176054969
4996.0,0.6030529203881592,0.010090732176054969
4997.0,0.6071308817611724,0.010090732176054969
4998.0,0.6112088431341857,0.010090732176054969
4999.0,0.6069766587585803,0.010090732176054969
5000.0,0.6006762821876682,0.010090732176054969
5001.0,0.5993609389788894,0.010090732176054969
5002.0,0.6055306308483996,0.010090732176054969
5003.0,0.6117003227179101,0.010090732176054969
5004.0,0.6135014108026436,0.010090732176054969
5005.0,0.6152972481616747,0.010090732176054969
5006.0,0.6200087306173447,0.010090732176054969
5007.0,0.6266815405978577,0.010090732176054969
5008.0,0.6311494996668741,0.010090732176054969
5009.0,0.6266232803225323,0.010090732176054969
5010.0,0.6220970609781908,0.010090732176054969
5011.0,0.6197787075501676,0.010090732176054969
5012.0,0.6180264735878686,0.010090732176054969
5013.0,0.6175813627846293,0.010090732176054969
5014.0,0.6191386534165454,0.010090732176054969
5015.0,0.6206959440484614,0.010090732176054969
5016.0,0.6160282617400086,0.010090732176054969
5017.0,0.611322989015252,0.010090732176054969
5018.0,0.6141404107275003,0.010090732176054969
5019.0,0.6221201672861952,0.010090732176054969
5020.0,0.6281995596543773,0.010090732176054969
5021.0,0.6262855451462372,0.010090732176054969
5022.0,0.624371530638097,0.010090732176054969
5023.0,0.6212291524005794,0.010090732176054969
5024.0,0.6177624414029528,0.010090732176054969
5025.0,0.616870561886334,0.010090732176054969
5026.0,0.6200033420384841,0.010090732176054969
5027.0,0.6231361221906341,0.010090732176054969
5028.0,0.6177776897938266,0.010090732176054969
5029.0,0.6123265135706344,0.010090732176054969
5030.0,0.6146494043550468,0.010090732176054969
5031.0,0.6224141420447741,0.010090732176054969
5032.0,0.6296917174827318,0.010090732176054969
5033.0,0.6348551336614057,0.010090732176054969
5034.0,0.6400185498400796,0.010090732176054969
5035.0,0.6304277888038169,0.010090732176054969
5036.0,0.6168274956389233,0.010090732176054969
5037.0,0.6121703121129581,0.010090732176054969
5038.0,0.6217775277618652,0.010090732176054969
5039.0,0.6313847434107723,0.010090732176054969
5040.0,0.634596054209828,0.010090732176054969
5041.0,0.6377059665173637,0.010090732176054969
5042.0,0.6349434196837979,0.010090732176054969
5043.0,0.62798798535648,0.010090732176054969
5044.0,0.6231611662335208,0.010090732176054969
5045.0,0.6278711033879666,0.010090732176054969
5046.0,0.6325810405424123,0.010090732176054969
5047.0,0.6355997936228592,0.010090732176054969
5048.0,0.6381457425535855,0.010090732176054969
5049.0,0.6420168280748062,0.010090732176054969
5050.0,0.6480449182669871,0.010090732176054969
5051.0,0.6540730084591679,0.010090732176054969
5052.0,0.659188101334942,0.010090732176054969
5053.0,0.6642841734332906,0.010090732176054969
5054.0,0.6569120598431478,0.010090732176054969
5055.0,0.6404604168408542,0.010090732176054969
5056.0,0.6271931957988832,0.010090732176054969
5057.0,0.6286646845056371,0.010090732176054969
5058.0,0.6301361732123909,0.010090732176054969
5059.0,0.6315749026619479,0.010090732176054969
5060.0,0.6330042144579678,0.010090732176054969
5061.0,0.6303922227103601,0.010090732176054969
5062.0,0.6210662442448968,0.010090732176054969
5063.0,0.6117402657794334,0.010090732176054969
5064.0,0.6329075441496502,0.010090732176054969
5065.0,0.6548634412311298,0.010090732176054969
5066.0,0.6598353551479265,0.010090732176054969
5067.0,0.6521936414006062,0.010090732176054969
5068.0,0.6467176340647096,0.010090732176054969
5069.0,0.6516039303223518,0.010090732176054969
5070.0,0.6564902265799939,0.010090732176054969
5071.0,0.6497935695308533,0.010090732176054969
5072.0,0.6396742668700593,0.010090732176054969
5073.0,0.6370921874797119,0.010090732176054969
5074.0,0.6472916776483044,0.010090732176054969
5075.0,0.657491167816897,0.010090732176054969
5076.0,0.6538650487092434,0.010090732176054969
5077.0,0.6498111570373574,0.010090732176054969
5078.0,0.6482606698254619,0.010090732176054969
5079.0,0.6486062210125882,0.010090732176054969
5080.0,0.6490143741057965,0.010090732176054969
5081.0,0.6497324066341112,0.010090732176054969
5082.0,0.650450439162426,0.010090732176054969
5083.0,0.6475647631428412,0.010090732176054969
5084.0,0.6435850034639569,0.010090732176054969
5085.0,0.6436592764356263,0.010090732176054969
5086.0,0.6507516780613551,0.010090732176054969
5087.0,0.6578440796870839,0.010090732176054969
5088.0,0.6580028464008514,0.010090732176054969
5089.0,0.6579115193180429,0.010090732176054969
5090.0,0.6549633088606289,0.010090732176054969
5091.0,0.6498086118819809,0.010090732176054969
5092.0,0.6459997139947663,0.010090732176054969
5093.0,0.6490880364511503,0.010090732176054969
5094.0,0.6521763589075344,0.010090732176054969
5095.0,0.6585650264945162,0.010090732176054969
5096.0,0.6659827780749734,0.010090732176054969
5097.0,0.6692392517552705,0.010090732176054969
5098.0,0.6651409086817943,0.010090732176054969
5099.0,0.6610425656083182,0.010090732176054969
5100.0,0.6656472315802889,0.010090732176054969
5101.0,0.6706108966753808,0.010090732176054969
5102.0,0.669687701217517,0.010090732176054969
5103.0,0.6641282872554993,0.010090732176054969
5104.0,0.6596059608292212,0.010090732176054969
5105.0,0.6605911977556066,0.010090732176054969
5106.0,0.6615764346819919,0.010090732176054969
5107.0,0.6608719461743036,0.010090732176054969
5108.0,0.6596265312994467,0.010090732176054969
5109.0,0.6604352923091844,0.010090732176054969
5110.0,0.6649512528951544,0.010090732176054969
5111.0,0.6694672134811246,0.010090732176054969
5112.0,0.6691608825188596,0.010090732176054969
5113.0,0.668630399813774,0.010090732176054969
5114.0,0.6699968915578534,0.010090732176054969
5115.0,0.6728867112686845,0.010090732176054969
5116.0,0.6762056296588532,0.010090732176054969
5117.0,0.6818879431188135,0.010090732176054969
5118.0,0.6875702565787738,0.010090732176054969
5119.0,0.683245554800261,0.010090732176054969
5120.0,0.6756330617312812,0.010090732176054969
5121.0,0.6683039898169435,0.010090732176054969
5122.0,0.6614972640579193,0.010090732176054969
5123.0,0.6546905382988951,0.010090732176054969
5124.0,0.662513631479402,0.010090732176054969
5125.0,0.6710940763979367,0.010090732176054969
5126.0,0.6746809895286188,0.010090732176054969
5127.0,0.6741793122216596,0.010090732176054969
5128.0,0.6737449971579309,0.010090732176054969
5129.0,0.6736958420171902,0.010090732176054969
5130.0,0.6736466868764496,0.010090732176054969
5131.0,0.6719646322359093,0.010090732176054969
5132.0,0.6697321620336378,0.010090732176054969
5133.0,0.6698358621277006,0.010090732176054969
5134.0,0.6743370592501544,0.010090732176054969
5135.0,0.6788382563726081,0.010090732176054969
5136.0,0.6797505993936387,0.010090732176054969
5137.0,0.6804579951626869,0.010090732176054969
5138.0,0.679473375130293,0.010090732176054969
5139.0,0.6770762573253304,0.010090732176054969
5140.0,0.6750523374418411,0.010090732176054969
5141.0,0.6752458352084445,0.010090732176054969
5142.0,0.6754393329750479,0.010090732176054969
5143.0,0.6804071766001965,0.010090732176054969
5144.0,0.6870256018307218,0.010090732176054969
5145.0,0.690638830581243,0.010090732176054969
5146.0,0.6884736464509277,0.010090732176054969
5147.0,0.6863084623206125,0.010090732176054969
5148.0,0.6834219990469415,0.010090732176054969
5149.0,0.6804904558268109,0.010090732176054969
5150.0,0.6773510945398072,0.010090732176054969
5151.0,0.6740348569869982,0.010090732176054969
5152.0,0.6716775227898939,0.010090732176054969
5153.0,0.6752472033000331,0.010090732176054969
5154.0,0.6788168838101724,0.010090732176054969
5155.0,0.6778383445768896,0.010090732176054969
5156.0,0.6752475908654544,0.010090732176054969
5157.0,0.6709808971424751,0.010090732176054969
5158.0,0.6634219653897006,0.010090732176054969
5159.0,0.6558630336369259,0.010090732176054969
5160.0,0.6576556198176843,0.010090732176054969
5161.0,0.660083629652896,0.010090732176054969
5162.0,0.6602560376696863,0.010090732176054969
5163.0,0.6584712306556934,0.010090732176054969
5164.0,0.6570363433021803,0.010090732176054969
5165.0,0.6578540637629984,0.010090732176054969
5166.0,0.6586717842238166,0.010090732176054969
5167.0,0.6599245663546808,0.010090732176054969
5168.0,0.6613354232658237,0.010090732176054969
5169.0,0.6603466775869722,0.010090732176054969
5170.0,0.6545414010776704,0.010090732176054969
5171.0,0.6487361245683686,0.010090732176054969
5172.0,0.6550400651051683,0.010090732176054969
5173.0,0.6622334713270569,0.010090732176054969
5174.0,0.6647210019979592,0.010090732176054969
5175.0,0.6630456427583796,0.010090732176054969
5176.0,0.6603668039000449,0.010090732176054969
5177.0,0.6509516435269123,0.010090732176054969
5178.0,0.6415364831537795,0.010090732176054969
5179.0,0.6384072027554946,0.010090732176054969
5180.0,0.6376182994153865,0.010090732176054969
5181.0,0.6383485557679823,0.010090732176054969
5182.0,0.6421950371312551,0.010090732176054969
5183.0,0.6460415184945278,0.010090732176054969
5184.0,0.645256789494026,0.010090732176054969
5185.0,0.6441061228870616,0.010090732176054969
5186.0,0.6445447611843872,0.010090732176054969
5187.0,0.6464166767355827,0.010090732176054969
5188.0,0.6482996718394215,0.010090732176054969
5189.0,0.6502603303459222,0.010090732176054969
5190.0,0.652220988852423,0.010090732176054969
5191.0,0.6569478441576546,0.010090732176054969
5192.0,0.6627297994027022,0.010090732176054969
5193.0,0.6667113237276058,0.010090732176054969
5194.0,0.6669179668667842,0.010090732176054969
5195.0,0.6671246100059626,0.010090732176054969
5196.0,0.6754548369558064,0.010090732176054969
5197.0,0.6844726068062864,0.010090732176054969
5198.0,0.6826084851654517,0.010090732176054969
5199.0,0.6707400439277701,0.010090732176054969
5200.0,0.6620305321737802,0.010090732176054969
5201.0,0.6764759735353149,0.010090732176054969
5202.0,0.6909214148968496,0.010090732176054969
5203.0,0.691879228636412,0.010090732176054969
5204.0,0.687568086009465,0.010090732176054969
5205.0,0.6850939594631023,0.010090732176054969
5206.0,0.6865572862517177,0.010090732176054969
5207.0,0.6880206130403332,0.010090732176054969
5208.0,0.6979018154308163,0.010090732176054969
5209.0,0.7085432709842944,0.010090732176054969
5210.0,0.7133610834678765,0.010090732176054969
5211.0,0.7127209234929208,0.010090732176054969
5212.0,0.7123802492846584,0.010090732176054969
5213.0,0.7143387522644461,0.010090732176054969
5214.0,0.7162972552442339,0.010090732176054969
5215.0,0.7167196090569239,0.010090732176054969
5216.0,0.7165275032027763,0.010090732176054969
5217.0,0.7172800705792757,0.010090732176054969
5218.0,0.7201029563003339,0.010090732176054969
5219.0,0.7229258420213923,0.010090732176054969
5220.0,0.7222478928243913,0.010090732176054969
5221.0,0.7212336792207854,0.010090732176054969
5222.0,0.7262689949565094,0.010090732176054969
5223.0,0.7370840253427194,0.010090732176054969
5224.0,0.7452818742751635,0.010090732176054969
5225.0,0.7324000334550907,0.010090732176054969
5226.0,0.719518192635018,0.010090732176054969
5227.0,0.7180129625889201,0.010090732176054969
5228.0,0.7211661755331812,0.010090732176054969
5229.0,0.7257094204104779,0.010090732176054969
5230.0,0.7333680675968289,0.010090732176054969
5231.0,0.7410267147831798,0.010090732176054969
5232.0,0.7310426325160413,0.010090732176054969
5233.0,0.7192616055823428,0.010090732176054969
5234.0,0.7152719386914176,0.010090732176054969
5235.0,0.7188705395198642,0.010090732176054969
5236.0,0.7228445674111424,0.010090732176054969
5237.0,0.7299969266866222,0.010090732176054969
5238.0,0.7371492859621019,0.010090732176054969
5239.0,0.739027627440251,0.010090732176054969
5240.0,0.7386957331805105,0.010090732176054969
5241.0,0.7396606475822125,0.010090732176054969
5242.0,0.743598483025958,0.010090732176054969
5243.0,0.7475363184697034,0.010090732176054969
5244.0,0.737354466424979,0.010090732176054969
5245.0,0.7256517437864226,0.010090732176054969
5246.0,0.72330525454406,0.010090732176054969
5247.0,0.7302478486974456,0.010090732176054969
5248.0,0.7358599444742657,0.010090732176054969
5249.0,0.7296084297267499,0.010090732176054969
5250.0,0.723356914979234,0.010090732176054969
5251.0,0.7224033313689435,0.010090732176054969
5252.0,0.7237215878689574,0.010090732176054969
5253.0,0.7263900599290095,0.010090732176054969
5254.0,0.7322253026198302,0.010090732176054969
5255.0,0.7380605453106508,0.010090732176054969
5256.0,0.7383826412996594,0.010090732176054969
5257.0,0.7380782433452789,0.010090732176054969
5258.0,0.7416436995885028,0.010090732176054969
5259.0,0.7491257473988637,0.010090732176054969
5260.0,0.7555131481694409,0.010090732176054969
5261.0,0.7515971836780261,0.010090732176054969
5262.0,0.7476812191866113,0.010090732176054969
5263.0,0.7482417611480413,0.010090732176054969
5264.0,0.7507660900507864,0.010090732176054969
5265.0,0.7496581747233454,0.010090732176054969
5266.0,0.7398328732434846,0.010090732176054969
5267.0,0.7300075717636236,0.010090732176054969
5268.0,0.7346032107454644,0.010090732176054969
5269.0,0.7409239353470487,0.010090732176054969
5270.0,0.7434639844469164,0.010090732176054969
5271.0,0.7421034829681793,0.010090732176054969
5272.0,0.740978986022344,0.010090732176054969
5273.0,0.7422052184371197,0.010090732176054969
5274.0,0.7434314508518955,0.010090732176054969
5275.0,0.7432987861125341,0.010090732176054969
5276.0,0.7425563901283615,0.010090732176054969
5277.0,0.7425030481602498,0.010090732176054969
5278.0,0.7441423202066939,0.010090732176054969
5279.0,0.7457815922531379,0.010090732176054969
5280.0,0.750313069801795,0.010090732176054969
5281.0,0.755208027231137,0.010090732176054969
5282.0,0.7562838501333929,0.010090732176054969
5283.0,0.7533429970675075,0.010090732176054969
5284.0,0.7507878142954086,0.010090732176054969
5285.0,0.7523089522673321,0.010090732176054969
5286.0,0.7538300902392554,0.010090732176054969
5287.0,0.7537791350091079,0.010090732176054969
5288.0,0.7530068340365041,0.010090732176054969
5289.0,0.7544640155783644,0.010090732176054969
5290.0,0.7615278282536561,0.010090732176054969
5291.0,0.7685916409289477,0.010090732176054969
5292.0,0.7642412862592881,0.010090732176054969
5293.0,0.7583866187737857,0.010090732176054969
5294.0,0.7566755049171395,0.010090732176054969
5295.0,0.7594068577620698,0.010090732176054969
5296.0,0.7619886592231363,0.010090732176054969
5297.0,0.7628880076157316,0.010090732176054969
5298.0,0.763787356008327,0.010090732176054969
5299.0,0.7619070349862471,0.010090732176054969
5300.0,0.7587226715227171,0.010090732176054969
5301.0,0.7570412287701477,0.010090732176054969
5302.0,0.7592299681058896,0.010090732176054969
5303.0,0.7614187074416315,0.010090732176054969
5304.0,0.7676634985618486,0.010090732176054969
5305.0,0.7744679361714517,0.010090732176054969
5306.0,0.7753650656387462,0.010090732176054969
5307.0,0.7698057151012541,0.010090732176054969
5308.0,0.7646201544575838,0.010090732176054969
5309.0,0.7639259130068452,0.010090732176054969
5310.0,0.7632316715561066,0.010090732176054969
5311.0,0.7615631229379342,0.010090732176054969
5312.0,0.759427322214598,0.010090732176054969
5313.0,0.759084823614204,0.010090732176054969
5314.0,0.763472257250733,0.010090732176054969
5315.0,0.767859690887262,0.010090732176054969
5316.0,0.7693932812161576,0.010090732176054969
5317.0,0.7705152595295284,0.010090732176054969
5318.0,0.7727395268648564,0.010090732176054969
5319.0,0.7761919791764247,0.010090732176054969
5320.0,0.7790486556616634,0.010090732176054969
5321.0,0.7742297535843373,0.010090732176054969
5322.0,0.7694108515070113,0.010090732176054969
5323.0,0.764940758416017,0.010090732176054969
5324.0,0.7606416378871961,0.010090732176054969
5325.0,0.7587773149406414,0.010090732176054969
5326.0,0.7634923561275071,0.010090732176054969
5327.0,0.7682073973143727,0.010090732176054969
5328.0,0.7661469233988663,0.010090732176054969
5329.0,0.7630663788394962,0.010090732176054969
5330.0,0.7604861154539835,0.010090732176054969
5331.0,0.7584741201710833,0.010090732176054969
5332.0,0.7571056696882195,0.010090732176054969
5333.0,0.7646664033058341,0.010090732176054969
5334.0,0.772227136923449,0.010090732176054969
5335.0,0.7728097088226136,0.010090732176054969
5336.0,0.7698969132303844,0.010090732176054969
5337.0,0.7682595832429596,0.010090732176054969
5338.0,0.7701543118534514,0.010090732176054969
5339.0,0.7720490404639432,0.010090732176054969
5340.0,0.7810772228838444,0.010090732176054969
5341.0,0.7912249612488363,0.010090732176054969
5342.0,0.7968683920509215,0.010090732176054969
5343.0,0.7972956946648769,0.010090732176054969
5344.0,0.7969868708923691,0.010090732176054969
5345.0,0.7856219950463608,0.010090732176054969
5346.0,0.7742571192003526,0.010090732176054969
5347.0,0.7722972306479178,0.010090732176054969
5348.0,0.7751507838682353,0.010090732176054969
5349.0,0.7783250139678362,0.010090732176054969
5350.0,0.7824095526279845,0.010090732176054969
5351.0,0.786494091288133,0.010090732176054969
5352.0,0.7955459889136725,0.010090732176054969
5353.0,0.8054095918450086,0.010090732176054969
5354.0,0.805976889610169,0.010090732176054969
5355.0,0.795568706668689,0.010090732176054969
5356.0,0.7858476378710334,0.010090732176054969
5357.0,0.7873637483005022,0.010090732176054969
5358.0,0.7888798587299708,0.010090732176054969
5359.0,0.7923101186827916,0.010090732176054969
5360.0,0.7967411953882259,0.010090732176054969
5361.0,0.7983850651033507,0.010090732176054969
5362.0,0.7919159379452744,0.010090732176054969
5363.0,0.785446810787198,0.010090732176054969
5364.0,0.7863531321326375,0.010090732176054969
5365.0,0.7885128653726307,0.010090732176054969
5366.0,0.7898550873343466,0.010090732176054969
5367.0,0.7902132679425808,0.010090732176054969
5368.0,0.7902336569134882,0.010090732176054969
5369.0,0.7841968276605645,0.010090732176054969
5370.0,0.7781599984076408,0.010090732176054969
5371.0,0.7788996780709438,0.010090732176054969
5372.0,0.7832584877263394,0.010090732176054969
5373.0,0.788290302719724,0.010090732176054969
5374.0,0.7953314733633683,0.010090732176054969
5375.0,0.8023726440070127,0.010090732176054969
5376.0,0.8020182794457563,0.010090732176054969
5377.0,0.8003582059853288,0.010090732176054969
5378.0,0.7998437520768876,0.010090732176054969
5379.0,0.8007352858004275,0.010090732176054969
5380.0,0.8016640089560207,0.010090732176054969
5381.0,0.803330012602073,0.010090732176054969
5382.0,0.8049960162481253,0.010090732176054969
5383.0,0.8039282876145531,0.010090732176054969
5384.0,0.8013694322830061,0.010090732176054969
5385.0,0.7979755403762595,0.010090732176054969
5386.0,0.7920235852049973,0.010090732176054969
5387.0,0.786071630033735,0.010090732176054969
5388.0,0.7995619587516091,0.010090732176054969
5389.0,0.8166148650571152,0.010090732176054969
5390.0,0.8215989420237889,0.010090732176054969
5391.0,0.8114806730880745,0.010090732176054969
5392.0,0.8020455719833467,0.010090732176054969
5393.0,0.807735047581203,0.010090732176054969
5394.0,0.8134245231790592,0.010090732176054969
5395.0,0.8150799111348191,0.010090732176054969
5396.0,0.8144882745721755,0.010090732176054969
5397.0,0.8117084873012189,0.010090732176054969
5398.0,0.8020485445693064,0.010090732176054969
5399.0,0.792388601837394,0.010090732176054969
5400.0,0.7910251465072112,0.010090732176054969
5401.0,0.79123802378336,0.010090732176054969
5402.0,0.7961073449497897,0.010090732176054969
5403.0,0.8069180849598251,0.010090732176054969
5404.0,0.817117927465922,0.010090732176054969
5405.0,0.8120262418268259,0.010090732176054969
5406.0,0.8069345561877299,0.010090732176054969
5407.0,0.8072695629106125,0.010090732176054969
5408.0,0.8106909370408706,0.010090732176054969
5409.0,0.8128249267601095,0.010090732176054969
5410.0,0.8108026906650864,0.010090732176054969
5411.0,0.8087804545700633,0.010090732176054969
5412.0,0.809174079234442,0.010090732176054969
5413.0,0.8100432397092197,0.010090732176054969
5414.0,0.8084776385139398,0.010090732176054969
5415.0,0.8037441568032059,0.010090732176054969
5416.0,0.799509040279017,0.010090732176054969
5417.0,0.8096019228679601,0.010090732176054969
5418.0,0.819694805456903,0.010090732176054969
5419.0,0.8215743921819465,0.010090732176054969
5420.0,0.8186849684053633,0.010090732176054969
5421.0,0.8177836964983496,0.010090732176054969
5422.0,0.8234752598064855,0.010090732176054969
5423.0,0.8291668231146214,0.010090732176054969
5424.0,0.8318311708445024,0.010090732176054969
5425.0,0.8338787015273714,0.010090732176054969
5426.0,0.8346840400825964,0.010090732176054969
5427.0,0.8338412186919257,0.010090732176054969
5428.0,0.8328726329558896,0.010090732176054969
5429.0,0.8276647407447627,0.010090732176054969
5430.0,0.8224568485336357,0.010090732176054969
5431.0,0.8227742403571264,0.010090732176054969
5432.0,0.8263666571342148,0.010090732176054969
5433.0,0.8274862987604715,0.010090732176054969
5434.0,0.8201801880209524,0.010090732176054969
5435.0,0.8128740772814335,0.010090732176054969
5436.0,0.8182418236505653,0.010090732176054969
5437.0,0.8262806590905616,0.010090732176054969
5438.0,0.8272877383617662,0.010090732176054969
5439.0,0.818780096715328,0.010090732176054969
5440.0,0.8103665464454023,0.010090732176054969
5441.0,0.8057778106307124,0.010090732176054969
5442.0,0.8011890748160224,0.010090732176054969
5443.0,0.8109408604159019,0.010090732176054969
5444.0,0.829368799626894,0.010090732176054969
5445.0,0.8414966172831496,0.010090732176054969
5446.0,0.8315569821422634,0.010090732176054969
5447.0,0.8216173470013771,0.010090732176054969
5448.0,0.8262345791023231,0.010090732176054969
5449.0,0.83402282468138,0.010090732176054969
5450.0,0.8355531968845007,0.010090732176054969
5451.0,0.8284477038288249,0.010090732176054969
5452.0,0.8214638503193363,0.010090732176054969
5453.0,0.8206912161369218,0.010090732176054969
5454.0,0.8199185819545072,0.010090732176054969
5455.0,0.8241688177560619,0.010090732176054969
5456.0,0.8315205538583997,0.010090732176054969
5457.0,0.8376437649371937,0.010090732176054969
5458.0,0.8393415709588101,0.010090732176054969
5459.0,0.8410393769804263,0.010090732176054969
5460.0,0.8443845913141765,0.010090732176054969
5461.0,0.8481004725181576,0.010090732176054969
5462.0,0.8449341950144671,0.010090732176054969
5463.0,0.8320811796765788,0.010090732176054969
5464.0,0.8196324661452498,0.010090732176054969
5465.0,0.8348447345446666,0.010090732176054969
5466.0,0.8500570029440834,0.010090732176054969
5467.0,0.8496270654261464,0.010090732176054969
5468.0,0.8393403954123521,0.010090732176054969
5469.0,0.8323074600638513,0.010090732176054969
5470.0,0.8373335639268513,0.010090732176054969
5471.0,0.8423596677898514,0.010090732176054969
5472.0,0.8369359449872747,0.010090732176054969
5473.0,0.8290852653999442,0.010090732176054969
5474.0,0.8267263041082848,0.010090732176054969
5475.0,0.8322516518317353,0.010090732176054969
5476.0,0.837709388402262,0.010090732176054969
5477.0,0.8361947248276436,0.010090732176054969
5478.0,0.8346800612530252,0.010090732176054969
5479.0,0.8358642332629699,0.010090732176054969
5480.0,0.8387837512306435,0.010090732176054969
5481.0,0.8422353591865419,0.010090732176054969
5482.0,0.8477169058258393,0.010090732176054969
5483.0,0.8531984524651365,0.010090732176054969
5484.0,0.8485301558828602,0.010090732176054969
5485.0,0.8414301260287574,0.010090732176054969
5486.0,0.8373662084131756,0.010090732176054969
5487.0,0.8377486681883255,0.010090732176054969
5488.0,0.8381298287360377,0.010090732176054969
5489.0,0.838241724397251,0.010090732176054969
5490.0,0.8383536200584644,0.010090732176054969
5491.0,0.8400850963443395,0.010090732176054969
5492.0,0.8428791205549429,0.010090732176054969
5493.0,0.8451217046302002,0.010090732176054969
5494.0,0.8451976836766496,0.010090732176054969
5495.0,0.845273662723099,0.010090732176054969
5496.0,0.8484078762029774,0.010090732176054969
5497.0,0.8522974919006936,0.010090732176054969
5498.0,0.8545865271072959,0.010090732176054969
5499.0,0.8544842758915409,0.010090732176054969
5500.0,0.8543820246757858,0.010090732176054969
5501.0,0.8529143644688523,0.010090732176054969
5502.0,0.8514467042619187,0.010090732176054969
5503.0,0.8499573952842935,0.010090732176054969
5504.0,0.848453595947127,0.010090732176054969
5505.0,0.8478458863882455,0.010090732176054969
5506.0,0.8508659827196337,0.010090732176054969
5507.0,0.8538860790510219,0.010090732176054969
5508.0,0.8533533306231061,0.010090732176054969
5509.0,0.8519163189959118,0.010090732176054969
5510.0,0.8520953801957063,0.010090732176054969
5511.0,0.854737728159063,0.010090732176054969
5512.0,0.8573800761224196,0.010090732176054969
5513.0,0.8633945850806409,0.010090732176054969
5514.0,0.869425365020742,0.010090732176054969
5515.0,0.8682629560402875,0.010090732176054969
5516.0,0.8621888342211483,0.010090732176054969
5517.0,0.8588033260597726,0.010090732176054969
5518.0,0.8666398575133838,0.010090732176054969
5519.0,0.874476388966995,0.010090732176054969
5520.0,0.8687101782620162,0.010090732176054969
5521.0,0.8593784002942529,0.010090732176054969
5522.0,0.8551924246518363,0.010090732176054969
5523.0,0.8590092765522027,0.010090732176054969
5524.0,0.8628261284525692,0.010090732176054969
5525.0,0.8660094889273657,0.010090732176054969
5526.0,0.8691867064550053,0.010090732176054969
5527.0,0.8696655180040189,0.010090732176054969
5528.0,0.8682647881178208,0.010090732176054969
5529.0,0.8660108391814946,0.010090732176054969
5530.0,0.860083157264994,0.010090732176054969
5531.0,0.8541554753484933,0.010090732176054969
5532.0,0.858280178594326,0.010090732176054969
5533.0,0.8651171869830404,0.010090732176054969
5534.0,0.8676672779694073,0.010090732176054969
5535.0,0.8634142174259819,0.010090732176054969
5536.0,0.8591611568825566,0.010090732176054969
5537.0,0.8580577162974115,0.010090732176054969
5538.0,0.8570003115703647,0.010090732176054969
5539.0,0.8625268571781679,0.010090732176054969
5540.0,0.8727311169869166,0.010090732176054969
5541.0,0.8797059065990085,0.010090732176054969
5542.0,0.8723274953370882,0.010090732176054969
5543.0,0.8649490840751678,0.010090732176054969
5544.0,0.8639380856863895,0.010090732176054969
5545.0,0.8646947279878482,0.010090732176054969
5546.0,0.8655012150656659,0.010090732176054969
5547.0,0.8663884256020522,0.010090732176054969
5548.0,0.8672756361384387,0.010090732176054969
5549.0,0.8668242856890931,0.010090732176054969
5550.0,0.8663467210711159,0.010090732176054969
5551.0,0.8652805560398374,0.010090732176054969
5552.0,0.8637878689699351,0.010090732176054969
5553.0,0.8639512575995592,0.010090732176054969
5554.0,0.8717170340041609,0.010090732176054969
5555.0,0.8794828104087626,0.010090732176054969
5556.0,0.8751368358133268,0.010090732176054969
5557.0,0.8673330310712771,0.010090732176054969
5558.0,0.8669829248359873,0.010090732176054969
5559.0,0.8789527852408712,0.010090732176054969
5560.0,0.890922645645755,0.010090732176054969
5561.0,0.8870073968415156,0.010090732176054969
5562.0,0.8827013704429569,0.010090732176054969
5563.0,0.8809935673649163,0.010090732176054969
5564.0,0.8812059543817848,0.010090732176054969
5565.0,0.8798192355420225,0.010090732176054969
5566.0,0.870845035120455,0.010090732176054969
5567.0,0.8618708346988873,0.010090732176054969
5568.0,0.8682310299629743,0.010090732176054969
5569.0,0.8790915370043842,0.010090732176054969
5570.0,0.885974879824061,0.010090732176054969
5571.0,0.8861483617148133,0.010090732176054969
5572.0,0.8863218436055655,0.010090732176054969
5573.0,0.8789175561886107,0.010090732176054969
5574.0,0.8712884647378091,0.010090732176054969
5575.0,0.8729376368616604,0.010090732176054969
5576.0,0.8815796897428302,0.010090732176054969
5577.0,0.8891881513245641,0.010090732176054969
5578.0,0.8917239520608206,0.010090732176054969
5579.0,0.894259752797077,0.010090732176054969
5580.0,0.8978150725881012,0.010090732176054969
5581.0,0.901677841094079,0.010090732176054969
5582.0,0.8999061962380991,0.010090732176054969
5583.0,0.8884308394809856,0.010090732176054969
5584.0,0.876955482723872,0.010090732176054969
5585.0,0.8791441112010454,0.010090732176054969
5586.0,0.8818080087298342,0.010090732176054969
5587.0,0.8847037343716166,0.010090732176054969
5588.0,0.8877776378836826,0.010090732176054969
5589.0,0.8904834321625914,0.010090732176054969
5590.0,0.8913191240599119,0.010090732176054969
5591.0,0.8921548159572323,0.010090732176054969
5592.0,0.8852289425522352,0.010090732176054969
5593.0,0.8758989364985683,0.010090732176054969
5594.0,0.8719366611457587,0.010090732176054969
5595.0,0.877412349376214,0.010090732176054969
5596.0,0.8828880376066692,0.010090732176054969
5597.0,0.8931143819207634,0.010090732176054969
5598.0,0.903530515241943,0.010090732176054969
5599.0,0.8993127199582744,0.010090732176054969
5600.0,0.8836259356609469,0.010090732176054969
5601.0,0.8710364522165928,0.010090732176054969
5602.0,0.8747485522089099,0.010090732176054969
5603.0,0.8784606522012272,0.010090732176054969
5604.0,0.8814183590783432,0.010090732176054969
5605.0,0.8841361402969865,0.010090732176054969
5606.0,0.8876629152838748,0.010090732176054969
5607.0,0.8926420784117383,0.010090732176054969
5608.0,0.8976212415396017,0.010090732176054969
5609.0,0.8898037367020948,0.010090732176054969
5610.0,0.8814082142400507,0.010090732176054969
5611.0,0.8828696951933198,0.010090732176054969
5612.0,0.8922082631091444,0.010090732176054969
5613.0,0.899303423840106,0.010090732176054969
5614.0,0.8941554941979197,0.010090732176054969
5615.0,0.8890075645557336,0.010090732176054969
5616.0,0.8897485091969081,0.010090732176054969
5617.0,0.8924117774496876,0.010090732176054969
5618.0,0.8943659603484759,0.010090732176054969
5619.0,0.895020153431612,0.010090732176054969
5620.0,0.895674346514748,0.010090732176054969
5621.0,0.8972346269824357,0.010090732176054969
5622.0,0.8988406117318156,0.010090732176054969
5623.0,0.8998356989138317,0.010090732176054969
5624.0,0.9003330177076266,0.010090732176054969
5625.0,0.9014158458067165,0.010090732176054969
5626.0,0.9058149986109955,0.010090732176054969
5627.0,0.9102141514152744,0.010090732176054969
5628.0,0.9053339945701753,0.010090732176054969
5629.0,0.8973458638200698,0.010090732176054969
5630.0,0.8940371807593777,0.010090732176054969
5631.0,0.8994903600964476,0.010090732176054969
5632.0,0.9049435394335172,0.010090732176054969
5633.0,0.9032161515458654,0.010090732176054969
5634.0,0.9010883264492342,0.010090732176054969
5635.0,0.8969053452034129,0.010090732176054969
5636.0,0.8910150034644182,0.010090732176054969
5637.0,0.8883348358241967,0.010090732176054969
5638.0,0.9045442876743438,0.010090732176054969
5639.0,0.9207537395244908,0.010090732176054969
5640.0,0.9162083804629607,0.010090732176054969
5641.0,0.9045327395882252,0.010090732176054969
5642.0,0.8957393121541386,0.010090732176054969
5643.0,0.8924583698670175,0.010090732176054969
5644.0,0.8891774275798963,0.010090732176054969
5645.0,0.8934810947553871,0.010090732176054969
5646.0,0.8982485342292288,0.010090732176054969
5647.0,0.9014076247206707,0.010090732176054969
5648.0,0.903204432925465,0.010090732176054969
5649.0,0.9049935389110461,0.010090732176054969
5650.0,0.9067355099482781,0.010090732176054969
5651.0,0.9084774809855102,0.010090732176054969
5652.0,0.911148980702314,0.010090732176054969
5653.0,0.914147928022148,0.010090732176054969
5654.0,0.9163437040507277,0.010090732176054969
5655.0,0.9169701631237066,0.010090732176054969
5656.0,0.9175966221966854,0.010090732176054969
5657.0,0.9133974737167848,0.010090732176054969
5658.0,0.9088770299836855,0.010090732176054969
5659.0,0.9069112449531185,0.010090732176054969
5660.0,0.9071514962965516,0.010090732176054969
5661.0,0.9073390452857183,0.010090732176054969
5662.0,0.907190791663632,0.010090732176054969
5663.0,0.9070425380415459,0.010090732176054969
5664.0,0.9106476783995159,0.010090732176054969
5665.0,0.9156082110280565,0.010090732176054969
5666.0,0.9188162611975205,0.010090732176054969
5667.0,0.9185256503425728,0.010090732176054969
5668.0,0.9182350394876252,0.010090732176054969
5669.0,0.910546129517657,0.010090732176054969
5670.0,0.9023240088006588,0.010090732176054969
5671.0,0.8992756966633514,0.010090732176054969
5672.0,0.90078220472035,0.010090732176054969
5673.0,0.9028971782231354,0.010090732176054969
5674.0,0.9090537020263525,0.010090732176054969
5675.0,0.9152102258295696,0.010090732176054969
5676.0,0.9195424168724827,0.010090732176054969
5677.0,0.9231994847721918,0.010090732176054969
5678.0,0.9250772708720606,0.010090732176054969
5679.0,0.9233250623510825,0.010090732176054969
5680.0,0.9215728538301045,0.010090732176054969
5681.0,0.924001054117513,0.010090732176054969
5682.0,0.926753736330539,0.010090732176054969
5683.0,0.9289818204222643,0.010090732176054969
5684.0,0.9307390806875837,0.010090732176054969
5685.0,0.9324068253885118,0.010090732176054969
5686.0,0.9334539288429929,0.010090732176054969
5687.0,0.9345010322974742,0.010090732176054969
5688.0,0.9344387902578142,0.010090732176054969
5689.0,0.9339559519960372,0.010090732176054969
5690.0,0.9313819636015976,0.010090732176054969
5691.0,0.9244475399305341,0.010090732176054969
5692.0,0.9175131162594706,0.010090732176054969
5693.0,0.9204511464667107,0.010090732176054969
5694.0,0.924210811327015,0.010090732176054969
5695.0,0.9231145312010559,0.010090732176054969
5696.0,0.9175753404899651,0.010090732176054969
5697.0,0.913516179191791,0.010090732176054969
5698.0,0.9201835676981608,0.010090732176054969
5699.0,0.9268509562045306,0.010090732176054969
5700.0,0.9310090174576193,0.010090732176054969
5701.0,0.9341926232940174,0.010090732176054969
5702.0,0.9358088560273309,0.010090732176054969
5703.0,0.934084109251445,0.010090732176054969
5704.0,0.932359362475559,0.010090732176054969
5705.0,0.9288723396396154,0.010090732176054969
5706.0,0.9252286700427778,0.010090732176054969
5707.0,0.9240764566276045,0.010090732176054969
5708.0,0.925248060811111,0.010090732176054969
5709.0,0.9260207124560753,0.010090732176054969
5710.0,0.9237662603034417,0.010090732176054969
5711.0,0.9215118081508081,0.010090732176054969
5712.0,0.9249378922874854,0.010090732176054969
5713.0,0.9306228473982631,0.010090732176054969
5714.0,0.9330426899945393,0.010090732176054969
5715.0,0.928346581271042,0.010090732176054969
5716.0,0.9236504725475445,0.010090732176054969
5717.0,0.9283371974899178,0.010090732176054969
5718.0,0.933911654395428,0.010090732176054969
5719.0,0.932456987365888,0.010090732176054969
5720.0,0.9243188910210526,0.010090732176054969
5721.0,0.9174589934874829,0.010090732176054969
5722.0,0.9207697101510451,0.010090732176054969
5723.0,0.9240804268146073,0.010090732176054969
5724.0,0.91902327389558,0.010090732176054969
5725.0,0.9105596065012214,0.010090732176054969
5726.0,0.9102081628223307,0.010090732176054969
5727.0,0.9279362875015288,0.010090732176054969
5728.0,0.9456644121807269,0.010090732176054969
5729.0,0.9409325579777772,0.010090732176054969
5730.0,0.933945804970275,0.010090732176054969
5731.0,0.9293079577691011,0.010090732176054969
5732.0,0.9269468277797321,0.010090732176054969
5733.0,0.9253573783080351,0.010090732176054969
5734.0,0.930218831141321,0.010090732176054969
5735.0,0.9350802839746067,0.010090732176054969
5736.0,0.9420792331213459,0.010090732176054969
5737.0,0.9499688057320229,0.010090732176054969
5738.0,0.9512502376257966,0.010090732176054969
5739.0,0.9374682306412606,0.010090732176054969
5740.0,0.9236862236567244,0.010090732176054969
5741.0,0.9298029432268865,0.010090732176054969
5742.0,0.9380337373314066,0.010090732176054969
5743.0,0.9395132173437594,0.010090732176054969
5744.0,0.9343219478712678,0.010090732176054969
5745.0,0.9290471045064221,0.010090732176054969
5746.0,0.9230368108888614,0.010090732176054969
5747.0,0.9170265172713008,0.010090732176054969
5748.0,0.929479035312735,0.010090732176054969
5749.0,0.9498035398320727,0.010090732176054969
5750.0,0.9606525922823255,0.010090732176054969
5751.0,0.9494048905074903,0.010090732176054969
5752.0,0.9381571887326553,0.010090732176054969
5753.0,0.9428597220586916,0.010090732176054969
5754.0,0.9493510667978977,0.010090732176054969
5755.0,0.9519961774606899,0.010090732176054969
5756.0,0.9507672499453134,0.010090732176054969
5757.0,0.9493262774560972,0.010090732176054969
5758.0,0.945916689901103,0.010090732176054969
5759.0,0.942507102346109,0.010090732176054969
5760.0,0.9416511834277898,0.010090732176054969
5761.0,0.9419091923802955,0.010090732176054969
5762.0,0.94318134733581,0.010090732176054969
5763.0,0.9468734360464651,0.010090732176054969
5764.0,0.9505655247571202,0.010090732176054969
5765.0,0.9491911631991565,0.010090732176054969
5766.0,0.9472183484551014,0.010090732176054969
5767.0,0.9447860776406367,0.010090732176054969
5768.0,0.9418820538779645,0.010090732176054969
5769.0,0.9399041745022859,0.010090732176054969
5770.0,0.9470193491079926,0.010090732176054969
5771.0,0.9541345237136992,0.010090732176054969
5772.0,0.9516922512893962,0.010090732176054969
5773.0,0.9449856318395602,0.010090732176054969
5774.0,0.9415641582507618,0.010090732176054969
5775.0,0.9461654995540008,0.010090732176054969
5776.0,0.9507668408572397,0.010090732176054969
5777.0,0.9495166136373476,0.010090732176054969
5778.0,0.9475398758855654,0.010090732176054969
5779.0,0.9482095235488711,0.010090732176054969
5780.0,0.9516490979611388,0.010090732176054969
5781.0,0.9550483204398375,0.010090732176054969
5782.0,0.9580274405964476,0.010090732176054969
5783.0,0.9610065607530578,0.010090732176054969
5784.0,0.9584373222320866,0.010090732176054969
5785.0,0.9533364025662743,0.010090732176054969
5786.0,0.9497122776482749,0.010090732176054969
5787.0,0.9497801395998168,0.010090732176054969
5788.0,0.9498480015513586,0.010090732176054969
5789.0,0.9537592037232949,0.010090732176054969
5790.0,0.9581710309442926,0.010090732176054969
5791.0,0.9581823562827382,0.010090732176054969
5792.0,0.9534983570318674,0.010090732176054969
5793.0,0.9497099890771735,0.010090732176054969
5794.0,0.9558384661988877,0.010090732176054969
5795.0,0.961966943320602,0.010090732176054969
5796.0,0.960269929761879,0.010090732176054969
5797.0,0.9549219390371125,0.010090732176054969
5798.0,0.9513826844581375,0.010090732176054969
5799.0,0.9524734852267256,0.010090732176054969
5800.0,0.9535642859953136,0.010090732176054969
5801.0,0.9580700807468094,0.010090732176054969
5802.0,0.9630417682654128,0.010090732176054969
5803.0,0.9618958416111847,0.010090732176054969
5804.0,0.9540956679619664,0.010090732176054969
5805.0,0.947350356838665,0.010090732176054969
5806.0,0.9530686521753806,0.010090732176054969
5807.0,0.9587869475120964,0.010090732176054969
5808.0,0.9621086615977241,0.010090732176054969
5809.0,0.964287325405793,0.010090732176054969
5810.0,0.9659631888686585,0.010090732176054969
5811.0,0.9663208409917101,0.010090732176054969
5812.0,0.9666784931147618,0.010090732176054969
5813.0,0.9621432694023151,0.010090732176054969
5814.0,0.9569100222510634,0.010090732176054969
5815.0,0.9597108214381445,0.010090732176054969
5816.0,0.9714202593497493,0.010090732176054969
5817.0,0.9819079868394089,0.010090732176054969
5818.0,0.976934067677503,0.010090732176054969
5819.0,0.9719601485155972,0.010090732176054969
5820.0,0.9657606205641955,0.010090732176054969
5821.0,0.9589636083279152,0.010090732176054969
5822.0,0.9562415678705902,0.010090732176054969
5823.0,0.964464252500957,0.010090732176054969
5824.0,0.9726869371313239,0.010090732176054969
5825.0,0.9706102339681815,0.010090732176054969
5826.0,0.9669992771751115,0.010090732176054969
5827.0,0.9649798320206466,0.010090732176054969
5828.0,0.9647594869793903,0.010090732176054969
5829.0,0.9642532528866223,0.010090732176054969
5830.0,0.9598549152153869,0.010090732176054969
5831.0,0.9554565775441515,0.010090732176054969
5832.0,0.9567583065513109,0.010090732176054969
5833.0,0.9608998169791744,0.010090732176054969
5834.0,0.9653324404752552,0.010090732176054969
5835.0,0.9705662805689977,0.010090732176054969
5836.0,0.9758001206627404,0.010090732176054969
5837.0,0.9748543475283125,0.010090732176054969
5838.0,0.9729486344749421,0.010090732176054969
5839.0,0.9705962336205519,0.010090732176054969
5840.0,0.9677290452745471,0.010090732176054969
5841.0,0.9647409052551006,0.010090732176054969
5842.0,0.9599727217397355,0.010090732176054969
5843.0,0.9552045382243702,0.010090732176054969
5844.0,0.9575575562386006,0.010090732176054969
5845.0,0.9635356786546724,0.010090732176054969
5846.0,0.9665793004354318,0.010090732176054969
5847.0,0.9613443997816902,0.010090732176054969
5848.0,0.9561094991279485,0.010090732176054969
5849.0,0.960485441178296,0.010090732176054969
5850.0,0.9664162754931828,0.010090732176054969
5851.0,0.9690433927095803,0.010090732176054969
5852.0,0.9677888579825895,0.010090732176054969
5853.0,0.9668503294140532,0.010090732176054969
5854.0,0.9709678993807936,0.010090732176054969
5855.0,0.975085469347534,0.010090732176054969
5856.0,0.9729223333241183,0.010090732176054969
5857.0,0.967492771740121,0.010090732176054969
5858.0,0.9633570870734247,0.010090732176054969
5859.0,0.9629639716207925,0.010090732176054969
5860.0,0.9625708561681603,0.010090732176054969
5861.0,0.9682676464206438,0.010090732176054969
5862.0,0.974989385739904,0.010090732176054969
5863.0,0.9765447779816511,0.010090732176054969
5864.0,0.9719114589485077,0.010090732176054969
5865.0,0.9675797470100619,0.010090732176054969
5866.0,0.9685295104187304,0.010090732176054969
5867.0,0.9694792738273987,0.010090732176054969
5868.0,0.9722512118115396,0.010090732176054969
5869.0,0.9759911800389006,0.010090732176054969
5870.0,0.9778060140721088,0.010090732176054969
5871.0,0.9739096166626716,0.010090732176054969
5872.0,0.9700132192532346,0.010090732176054969
5873.0,0.9694684785930671,0.010090732176054969
5874.0,0.9695099233164075,0.010090732176054969
5875.0,0.9714544172006766,0.010090732176054969
5876.0,0.9757231684601578,0.010090732176054969
5877.0,0.9796834281695999,0.010090732176054969
5878.0,0.9776845340343543,0.010090732176054969
5879.0,0.9756856398991087,0.010090732176054969
5880.0,0.9737935054391637,0.010090732176054969
5881.0,0.9719592979882242,0.010090732176054969
5882.0,0.9690856485003388,0.010090732176054969
5883.0,0.9630482603854503,0.010090732176054969
5884.0,0.9570108722705618,0.010090732176054969
5885.0,0.9705459854626132,0.010090732176054969
5886.0,0.9876346875444298,0.010090732176054969
5887.0,0.9941316541608375,0.010090732176054969
5888.0,0.9874389124618158,0.010090732176054969
5889.0,0.9811058197499196,0.010090732176054969
5890.0,0.9825100403826429,0.010090732176054969
5891.0,0.9839142610153662,0.010090732176054969
5892.0,0.9812445185621017,0.010090732176054969
5893.0,0.9763173749212718,0.010090732176054969
5894.0,0.9725598935695227,0.010090732176054969
5895.0,0.972456159269306,0.010090732176054969
5896.0,0.9723524249690891,0.010090732176054969
5897.0,0.9758299373790508,0.010090732176054969
5898.0,0.9799818072294469,0.010090732176054969
5899.0,0.9798562112027641,0.010090732176054969
5900.0,0.9742992824820266,0.010090732176054969
5901.0,0.9687991724627135,0.010090732176054969
5902.0,0.9646764855082149,0.010090732176054969
5903.0,0.9605537985537164,0.010090732176054969
5904.0,0.9674799447720638,0.010090732176054969
5905.0,0.9806574044960985,0.010090732176054969
5906.0,0.9882812510466307,0.010090732176054969
5907.0,0.9780942674699815,0.010090732176054969
5908.0,0.9679072838933324,0.010090732176054969
5909.0,0.9759817422143682,0.010090732176054969
5910.0,0.9876194087105612,0.010090732176054969
5911.0,0.9957661495044409,0.010090732176054969
5912.0,0.9993929589482268,0.010090732176054969
5913.0,1.0027079766373699,0.010090732176054969
5914.0,0.9973788367150376,0.010090732176054969
5915.0,0.9920496967927054,0.010090732176054969
5916.0,0.9866590067610493,0.010090732176054969
5917.0,0.9812327622154847,0.010090732176054969
5918.0,0.978874861940578,0.010090732176054969
5919.0,0.9866235183097476,0.010090732176054969
5920.0,0.9943721746789171,0.010090732176054969
5921.0,0.9904783220595381,0.010090732176054969
5922.0,0.9842324474222777,0.010090732176054969
5923.0,0.9805100642140101,0.010090732176054969
5924.0,0.9801195331988986,0.010090732176054969
5925.0,0.9800374187911874,0.010090732176054969
5926.0,0.9899233291345293,0.010090732176054969
5927.0,0.999809239477871,0.010090732176054969
5928.0,0.9996184173847502,0.010090732176054969
5929.0,0.9934854000189802,0.010090732176054969
5930.0,0.9888649125133898,0.010090732176054969
5931.0,0.9893631444819753,0.010090732176054969
5932.0,0.9898613764505608,0.010090732176054969
5933.0,0.9920432978312221,0.010090732176054969
5934.0,0.9945771078553344,0.010090732176054969
5935.0,0.9945526140817487,0.010090732176054969
5936.0,0.9910834182932393,0.010090732176054969
5937.0,0.987813568953597,0.010090732176054969
5938.0,0.9922517823035273,0.010090732176054969
5939.0,0.9966899956534575,0.010090732176054969
5940.0,0.9948927515432383,0.010090732176054969
5941.0,0.9893422416925874,0.010090732176054969
5942.0,0.9840695997888503,0.010090732176054969
5943.0,0.9797635200445356,0.010090732176054969
5944.0,0.9754574403002207,0.010090732176054969
5945.0,0.9842613185067828,0.010090732176054969
5946.0,0.995897713175719,0.010090732176054969
5947.0,0.9947655090101626,0.010090732176054969
5948.0,0.9760992175561992,0.010090732176054969
5949.0,0.9580685035549706,0.010090732176054969
5950.0,0.9705455072846699,0.010090732176054969
5951.0,0.9830225110143694,0.010090732176054969
5952.0,0.9878996834776457,0.010090732176054969
5953.0,0.9881079673528419,0.010090732176054969
5954.0,0.987684807810971,0.010090732176054969
5955.0,0.9850030237388244,0.010090732176054969
5956.0,0.9823212396666778,0.010090732176054969
5957.0,0.9827323143775969,0.010090732176054969
5958.0,0.9838337188022118,0.010090732176054969
5959.0,0.9851021869658866,0.010090732176054969
5960.0,0.9866046406545849,0.010090732176054969
5961.0,0.9880868462164072,0.010090732176054969
5962.0,0.988291862236874,0.010090732176054969
5963.0,0.9884968782573408,0.010090732176054969
5964.0,0.9888267531686994,0.010090732176054969
5965.0,0.9892349087518867,0.010090732176054969
5966.0,0.9899876215823288,0.010090732176054969
5967.0,0.9920082276540763,0.010090732176054969
5968.0,0.9940288337258238,0.010090732176054969
5969.0,0.9926913923865025,0.010090732176054969
5970.0,0.990580161688058,0.010090732176054969
5971.0,0.9871826105677979,0.010090732176054969
5972.0,0.9819474588449484,0.010090732176054969
5973.0,0.976841343469365,0.010090732176054969
5974.0,0.9835492225545234,0.010090732176054969
5975.0,0.9902571016396815,0.010090732176054969
5976.0,0.9935897859630567,0.010090732176054969
5977.0,0.9947631429289882,0.010090732176054969
5978.0,0.9956719529797169,0.010090732176054969
5979.0,0.9955788295987298,0.010090732176054969
5980.0,0.9954857062177426,0.010090732176054969
5981.0,0.9955268467686279,0.010090732176054969
5982.0,0.9955999074221873,0.010090732176054969
5983.0,0.9956795806003522,0.010090732176054969
5984.0,0.9957688897288275,0.010090732176054969
5985.0,0.9958467206620812,0.010090732176054969
5986.0,0.9940237624664758,0.010090732176054969
5987.0,0.9922008042708705,0.010090732176054969
5988.0,0.986815391232184,0.010090732176054969
5989.0,0.979104486837597,0.010090732176054969
5990.0,0.9730108766386043,0.010090732176054969
5991.0,0.9732247138024135,0.010090732176054969
5992.0,0.9734385509662228,0.010090732176054969
5993.0,0.9787313534033486,0.010090732176054969
5994.0,0.9852692235606899,0.010090732176054969
5995.0,0.9874421926382286,0.010090732176054969
5996.0,0.9831264430956526,0.010090732176054969
5997.0,0.9788281598609215,0.010090732176054969
5998.0,0.9890618447543507,0.010090732176054969
5999.0,0.99929552964778,0.010090732176054969
6000.0,1.0008964193387824,0.010090732176054969
6001.0,0.9967478674249768,0.010090732176054969
6002.0,0.995148105639211,0.010090732176054969
6003.0,1.0037895668377472,0.010090732176054969
6004.0,1.0124310280362832,0.010090732176054969
6005.0,1.0086661471139784,0.010090732176054969
6006.0,1.0017670323927306,0.010090732176054969
6007.0,0.998383668243984,0.010090732176054969
6008.0,1.0003323487701525,0.010090732176054969
6009.0,1.0022810292963211,0.010090732176054969
6010.0,1.0078176951036024,0.010090732176054969
6011.0,1.0133673295323806,0.010090732176054969
6012.0,1.0070280695842428,0.010090732176054969
6013.0,0.9926110729324579,0.010090732176054969
6014.0,0.9818141827393745,0.010090732176054969
6015.0,0.986011684112864,0.010090732176054969
6016.0,0.9902091854863534,0.010090732176054969
6017.0,0.9934626344756256,0.010090732176054969
6018.0,0.9964704298944199,0.010090732176054969
6019.0,0.99961483740056,0.010090732176054969
6020.0,1.002970638534213,0.010090732176054969
6021.0,1.006326439667866,0.010090732176054969
6022.0,1.004005703478146,0.010090732176054969
6023.0,1.0016368610399267,0.010090732176054969
6024.0,0.9986076530060922,0.010090732176054969
6025.0,0.9951207525574112,0.010090732176054969
6026.0,0.9928063627422888,0.010090732176054969
6027.0,0.9955011164566199,0.010090732176054969
6028.0,0.9981958701709507,0.010090732176054969
6029.0,0.9986892164086283,0.010090732176054969
6030.0,0.9985928400954829,0.010090732176054969
6031.0,0.9992772675010357,0.010090732176054969
6032.0,1.0011945428834779,0.010090732176054969
6033.0,1.0031118182659198,0.010090732176054969
6034.0,0.9969615265971894,0.010090732176054969
6035.0,0.9907032747854394,0.010090732176054969
6036.0,0.9899832967796877,0.010090732176054969
6037.0,0.9931786967720344,0.010090732176054969
6038.0,0.9962981698622304,0.010090732176054969
6039.0,0.9990828743383978,0.010090732176054969
6040.0,1.0018675788145652,0.010090732176054969
6041.0,1.0122911429973596,0.010090732176054969
6042.0,1.024820365292234,0.010090732176054969
6043.0,1.0251689485007902,0.010090732176054969
6044.0,1.0058910474135279,0.010090732176054969
6045.0,0.9866131463262654,0.010090732176054969
6046.0,1.0008408693801358,0.010090732176054969
6047.0,1.0156829987446767,0.010090732176054969
6048.0,1.0124424417076079,0.010090732176054969
6049.0,0.9961629227817765,0.010090732176054969
6050.0,0.9837405002939346,0.010090732176054969
6051.0,0.9888807235870147,0.010090732176054969
6052.0,0.994020946880095,0.010090732176054969
6053.0,0.9961781002040315,0.010090732176054969
6054.0,0.9974895141222323,0.010090732176054969
6055.0,0.9966036465534871,0.010090732176054969
6056.0,0.9921044716506455,0.010090732176054969
6057.0,0.9876052967478041,0.010090732176054969
6058.0,0.9897492889011149,0.010090732176054969
6059.0,0.9920483426933288,0.010090732176054969
6060.0,0.9955268652269504,0.010090732176054969
6061.0,0.9998727887308142,0.010090732176054969
6062.0,1.0036725698089386,0.010090732176054969
6063.0,1.0049024889248663,0.010090732176054969
6064.0,1.0061324080407936,0.010090732176054969
6065.0,0.999480915105892,0.010090732176054969
6066.0,0.9905322043949395,0.010090732176054969
6067.0,0.9877462736227559,0.010090732176054969
6068.0,0.9953043014616295,0.010090732176054969
6069.0,1.002862329300503,0.010090732176054969
6070.0,1.0025032376864702,0.010090732176054969
6071.0,1.0019193389768641,0.010090732176054969
6072.0,1.0026019259949432,0.010090732176054969
6073.0,1.0042343773087834,0.010090732176054969
6074.0,1.0051611324646856,0.010090732176054969
6075.0,1.002653830964715,0.010090732176054969
6076.0,1.0001465294647447,0.010090732176054969
6077.0,0.9977665888918954,0.010090732176054969
6078.0,0.9954247969898843,0.010090732176054969
6079.0,0.9976893790541209,0.010090732176054969
6080.0,1.0078463152103552,0.010090732176054969
6081.0,1.0180032513665893,0.010090732176054969
6082.0,1.0151297241168167,0.010090732176054969
6083.0,1.0118196925097809,0.010090732176054969
6084.0,1.011774832057911,0.010090732176054969
6085.0,1.0142272741209006,0.010090732176054969
6086.0,1.0151312237723609,0.010090732176054969
6087.0,1.0082366065686434,0.010090732176054969
6088.0,1.001341989364926,0.010090732176054969
6089.0,1.001179282875713,0.010090732176054969
6090.0,1.0030879335294216,0.010090732176054969
6091.0,1.0044380506115347,0.010090732176054969
6092.0,1.0048111947796379,0.010090732176054969
6093.0,1.005184338947741,0.010090732176054969
6094.0,1.0002408276001524,0.010090732176054969
6095.0,0.9950918096179182,0.010090732176054969
6096.0,0.9963952409163411,0.010090732176054969
6097.0,1.002731031162291,0.010090732176054969
6098.0,1.0080821740761463,0.010090732176054969
6099.0,1.0082969850113954,0.010090732176054969
6100.0,1.0085117959466448,0.010090732176054969
6101.0,1.008883966080444,0.010090732176054969
6102.0,1.0093058547603886,0.010090732176054969
6103.0,1.01056141746579,0.010090732176054969
6104.0,1.0133058829457526,0.010090732176054969
6105.0,1.0160503484257153,0.010090732176054969
6106.0,1.010755103536347,0.010090732176054969
6107.0,1.0051072397711278,0.010090732176054969
6108.0,1.0037336098540786,0.010090732176054969
6109.0,1.0057591012516287,0.010090732176054969
6110.0,1.0073427844912608,0.010090732176054969
6111.0,1.0065373051538518,0.010090732176054969
6112.0,1.0057318258164427,0.010090732176054969
6113.0,1.0096253029303526,0.010090732176054969
6114.0,1.0150427659203654,0.010090732176054969
6115.0,1.0171234037442303,0.010090732176054969
6116.0,1.0131185773667704,0.010090732176054969
6117.0,1.0091137509893107,0.010090732176054969
6118.0,1.008769647958862,0.010090732176054969
6119.0,1.0086053537578006,0.010090732176054969
6120.0,1.0119277977810206,0.010090732176054969
6121.0,1.0180775317121855,0.010090732176054969
6122.0,1.0218914391327942,0.010090732176054969
6123.0,1.0125987644663903,0.010090732176054969
6124.0,1.0033060897999864,0.010090732176054969
6125.0,1.0004327042741794,0.010090732176054969
6126.0,0.9996956581743688,0.010090732176054969
6127.0,1.001776423791679,0.010090732176054969
6128.0,1.0091054847721503,0.010090732176054969
6129.0,1.0164345457526214,0.010090732176054969
6130.0,1.0142836316618669,0.010090732176054969
6131.0,1.0116167189279992,0.010090732176054969
6132.0,1.0095792063150018,0.010090732176054969
6133.0,1.0080620530124582,0.010090732176054969
6134.0,1.0069245465364565,0.010090732176054969
6135.0,1.0079995719757842,0.010090732176054969
6136.0,1.0090745974151119,0.010090732176054969
6137.0,1.007564658976345,0.010090732176054969
6138.0,1.005172252997874,0.010090732176054969
6139.0,1.0034822381068806,0.010090732176054969
6140.0,1.003128479431087,0.010090732176054969
6141.0,1.0027747207552933,0.010090732176054969
6142.0,0.9992461725115706,0.010090732176054969
6143.0,0.9955277831613712,0.010090732176054969
6144.0,0.9951784595009854,0.010090732176054969
6145.0,0.9976689898844431,0.010090732176054969
6146.0,1.000129869444075,0.010090732176054969
6147.0,1.0024110851135766,0.010090732176054969
6148.0,1.0046923007830784,0.010090732176054969
6149.0,1.0140701190941999,0.010090732176054969
6150.0,1.0259323234192397,0.010090732176054969
6151.0,1.0282689006980439,0.010090732176054969
6152.0,1.0120927752368736,0.010090732176054969
6153.0,0.9959166497757028,0.010090732176054969
6154.0,0.9979063914037772,0.010090732176054969
6155.0,1.0010808634941886,0.010090732176054969
6156.0,1.0105723978869683,0.010090732176054969
6157.0,1.0254926576958507,0.010090732176054969
6158.0,1.036490713265687,0.010090732176054969
6159.0,1.0227513578893024,0.010090732176054969
6160.0,1.0090120025129177,0.010090732176054969
6161.0,1.0102297315328208,0.010090732176054969
6162.0,1.0168154190636087,0.010090732176054969
6163.0,1.0175437192237635,0.010090732176054969
6164.0,1.0066412215225267,0.010090732176054969
6165.0,0.9957387238212896,0.010090732176054969
6166.0,0.9979345734989066,0.010090732176054969
6167.0,1.0010563988909713,0.010090732176054969
6168.0,1.0050922701294076,0.010090732176054969
6169.0,1.0099289608143271,0.010090732176054969
6170.0,1.0138868152506466,0.010090732176054969
6171.0,1.0120683187075639,0.010090732176054969
6172.0,1.010249822164481,0.010090732176054969
6173.0,1.015973420484195,0.010090732176054969
6174.0,1.0244711226614875,0.010090732176054969
6175.0,1.0252578981457123,0.010090732176054969
6176.0,1.0103985023763418,0.010090732176054969
6177.0,0.995539106606971,0.010090732176054969
6178.0,1.0050958886347499,0.010090732176054969
6179.0,1.0165138521741954,0.010090732176054969
6180.0,1.0192050049807697,0.010090732176054969
6181.0,1.0141015291100453,0.010090732176054969
6182.0,1.0114084443792162,0.010090732176054969
6183.0,1.0252470045418096,0.010090732176054969
6184.0,1.0390855647044033,0.010090732176054969
6185.0,1.0301618243975132,0.010090732176054969
6186.0,1.012659894822767,0.010090732176054969
6187.0,1.0014026199467736,0.010090732176054969
6188.0,1.0030955145936542,0.010090732176054969
6189.0,1.004788409240535,0.010090732176054969
6190.0,1.0113737350864593,0.010090732176054969
6191.0,1.0183593507577573,0.010090732176054969
6192.0,1.0160740007966023,0.010090732176054969
6193.0,1.0053469688260805,0.010090732176054969
6194.0,0.9973273865829556,0.010090732176054969
6195.0,1.0087111940529292,0.010090732176054969
6196.0,1.0200950015229029,0.010090732176054969
6197.0,1.019100768395073,0.010090732176054969
6198.0,1.0133283232561097,0.010090732176054969
6199.0,1.0134217526115537,0.010090732176054969
6200.0,1.025949957112422,0.010090732176054969
6201.0,1.0384781616132903,0.010090732176054969
6202.0,1.023386684697041,0.010090732176054969
6203.0,1.005879387082455,0.010090732176054969
6204.0,1.0004206413211274,0.010090732176054969
6205.0,1.0061458522569056,0.010090732176054969
6206.0,1.0117967903459257,0.010090732176054969
6207.0,1.0168906820842616,0.010090732176054969
6208.0,1.0219845738225972,0.010090732176054969
6209.0,1.01870231129774,0.010090732176054969
6210.0,1.012108872213234,0.010090732176054969
6211.0,1.0091640042999952,0.010090732176054969
6212.0,1.0141266860735036,0.010090732176054969
6213.0,1.019089367847012,0.010090732176054969
6214.0,1.0121774388686506,0.010090732176054969
6215.0,1.0041590829042268,0.010090732176054969
6216.0,1.0007886094896683,0.010090732176054969
6217.0,1.0018162492356162,0.010090732176054969
6218.0,1.0036661802698659,0.010090732176054969
6219.0,1.0119807204748983,0.010090732176054969
6220.0,1.0202952606799305,0.010090732176054969
6221.0,1.0201492549789057,0.010090732176054969
6222.0,1.016579082300736,0.010090732176054969
6223.0,1.0128488466365042,0.010090732176054969
6224.0,1.0087638767869462,0.010090732176054969
6225.0,1.0046789069373885,0.010090732176054969
6226.0,1.0133374558325867,0.010090732176054969
6227.0,1.0232569069782593,0.010090732176054969
6228.0,1.0238425324188503,0.010090732176054969
6229.0,1.0154245382524245,0.010090732176054969
6230.0,1.0076523515368638,0.010090732176054969
6231.0,1.0052116641100783,0.010090732176054969
6232.0,1.0027709766832928,0.010090732176054969
6233.0,1.0083921886093599,0.010090732176054969
6234.0,1.017353134732531,0.010090732176054969
6235.0,1.0224418980796859,0.010090732176054969
6236.0,1.0187537138011917,0.010090732176054969
6237.0,1.0150655295226974,0.010090732176054969
6238.0,1.0068689553319237,0.010090732176054969
6239.0,0.9982000166808455,0.010090732176054969
6240.0,0.9975328311078363,0.010090732176054969
6241.0,1.0047340360615764,0.010090732176054969
6242.0,1.0105140477865946,0.010090732176054969
6243.0,1.0039495090249375,0.010090732176054969
6244.0,0.9973849702632805,0.010090732176054969
6245.0,1.0010581978180293,0.010090732176054969
6246.0,1.009071538272732,0.010090732176054969
6247.0,1.01515474615968,0.010090732176054969
6248.0,1.0167625072162172,0.010090732176054969
6249.0,1.0183702682727542,0.010090732176054969
6250.0,1.018982461723346,0.010090732176054969
6251.0,1.0194844790255473,0.010090732176054969
6252.0,1.0171528341292246,0.010090732176054969
6253.0,1.0119807153464013,0.010090732176054969
6254.0,1.007286056979317,0.010090732176054969
6255.0,1.0069642372978598,0.010090732176054969
6256.0,1.0066424176164026,0.010090732176054969
6257.0,1.0069261830224117,0.010090732176054969
6258.0,1.0074726118398518,0.010090732176054969
6259.0,1.0081292097628793,0.010090732176054969
6260.0,1.0090471805436958,0.010090732176054969
6261.0,1.0099651513245125,0.010090732176054969
6262.0,1.011104113985754,0.010090732176054969
6263.0,1.0122688491585197,0.010090732176054969
6264.0,1.0126783778024573,0.010090732176054969
6265.0,1.0123162026875667,0.010090732176054969
6266.0,1.0116122324013022,0.010090732176054969
6267.0,1.0075998601357101,0.010090732176054969
6268.0,1.0035874878701183,0.010090732176054969
6269.0,1.0038348475139611,0.010090732176054969
6270.0,1.0059721402060078,0.010090732176054969
6271.0,1.00563355511216,0.010090732176054969
6272.0,0.9992835795093751,0.010090732176054969
6273.0,0.9929336039065904,0.010090732176054969
6274.0,1.0017632563411984,0.010090732176054969
6275.0,1.0124545612709515,0.010090732176054969
6276.0,1.0135843969573173,0.010090732176054969
6277.0,1.0047543688484837,0.010090732176054969
6278.0,0.9971980102303037,0.010090732176054969
6279.0,1.0027053697662072,0.010090732176054969
6280.0,1.0082127293021104,0.010090732176054969
6281.0,1.0108764414948856,0.010090732176054969
6282.0,1.012249842502302,0.010090732176054969
6283.0,1.0122031639456663,0.010090732176054969
6284.0,1.0086270826231498,0.010090732176054969
6285.0,1.0050510013006329,0.010090732176054969
6286.0,0.9989412317217303,0.010090732176054969
6287.0,0.9925053098605011,0.010090732176054969
6288.0,0.9939385566902087,0.010090732176054969
6289.0,1.003727925718947,0.010090732176054969
6290.0,1.0123711055079243,0.010090732176054969
6291.0,1.0085208225836189,0.010090732176054969
6292.0,1.0046705396593136,0.010090732176054969
6293.0,1.0036799450200522,0.010090732176054969
6294.0,1.004016165332022,0.010090732176054969
6295.0,1.0061376152731645,0.010090732176054969
6296.0,1.0128019048664196,0.010090732176054969
6297.0,1.0194661944596746,0.010090732176054969
6298.0,1.0176347249544129,0.010090732176054969
6299.0,1.0146573696851844,0.010090732176054969
6300.0,1.0129834870123156,0.010090732176054969
6301.0,1.0127206134250022,0.010090732176054969
6302.0,1.0121533301213235,0.010090732176054969
6303.0,1.008048436932018,0.010090732176054969
6304.0,1.0039435437427124,0.010090732176054969
6305.0,1.002070608375578,0.010090732176054969
6306.0,1.0012563715860412,0.010090732176054969
6307.0,1.0013110044441147,0.010090732176054969
6308.0,1.0036299642626254,0.010090732176054969
6309.0,1.0059489240811363,0.010090732176054969
6310.0,1.0048611139725119,0.010090732176054969
6311.0,1.003292622627595,0.010090732176054969
6312.0,1.0036244767155522,0.010090732176054969
6313.0,1.0060534291726138,0.010090732176054969
6314.0,1.007836326979853,0.010090732176054969
6315.0,1.0015852226094235,0.010090732176054969
6316.0,0.995334118238994,0.010090732176054969
6317.0,0.9954031488674584,0.010090732176054969
6318.0,0.9985364873741732,0.010090732176054969
6319.0,1.0030901214770995,0.010090732176054969
6320.0,1.0114353817091088,0.010090732176054969
6321.0,1.0197806419411184,0.010090732176054969
6322.0,1.0168072287839793,0.010090732176054969
6323.0,1.0121656364909748,0.010090732176054969
6324.0,1.0073319601402915,0.010090732176054969
6325.0,1.0022821892247191,0.010090732176054969
6326.0,0.9972460620291725,0.010090732176054969
6327.0,0.9923922431615606,0.010090732176054969
6328.0,0.9875384242939486,0.010090732176054969
6329.0,0.9924886713308116,0.010090732176054969
6330.0,1.002296947433437,0.010090732176054969
6331.0,1.0086811500651547,0.010090732176054969
6332.0,1.0056990530679322,0.010090732176054969
6333.0,1.0027169560707097,0.010090732176054969
6334.0,1.0003108619668686,0.010090732176054969
6335.0,0.9979933223244756,0.010090732176054969
6336.0,0.9972841394808689,0.010090732176054969
6337.0,0.998419592656489,0.010090732176054969
6338.0,0.9995751253906076,0.010090732176054969
6339.0,1.0010203243482447,0.010090732176054969
6340.0,1.0024655233058817,0.010090732176054969
6341.0,1.000499018840296,0.010090732176054969
6342.0,0.9968050696034649,0.010090732176054969
6343.0,0.9937695372908,0.010090732176054969
6344.0,0.9925799775417756,0.010090732176054969
6345.0,0.9913904177927513,0.010090732176054969
6346.0,0.995646052770265,0.010090732176054969
6347.0,1.0007738289644255,0.010090732176054969
6348.0,1.002810536606106,0.010090732176054969
6349.0,1.0012329479455422,0.010090732176054969
6350.0,1.0002450389710251,0.010090732176054969
6351.0,1.0084915138798727,0.010090732176054969
6352.0,1.01673798878872,0.010090732176054969
6353.0,1.0146173311631024,0.010090732176054969
6354.0,1.0071337124449815,0.010090732176054969
6355.0,1.0017715442777417,0.010090732176054969
6356.0,1.002507313042808,0.010090732176054969
6357.0,1.0032430818078741,0.010090732176054969
6358.0,1.0018683931983805,0.010090732176054969
6359.0,1.000141961693128,0.010090732176054969
6360.0,0.9979018303860109,0.010090732176054969
6361.0,0.9950493148414098,0.010090732176054969
6362.0,0.9924963608926805,0.010090732176054969
6363.0,0.9950685151167756,0.010090732176054969
6364.0,0.9976406693408708,0.010090732176054969
6365.0,0.9955455827938059,0.010090732176054969
6366.0,0.9909841378208778,0.010090732176054969
6367.0,0.9878137481466391,0.010090732176054969
6368.0,0.9887440048979168,0.010090732176054969
6369.0,0.9896742616491945,0.010090732176054969
6370.0,0.9963150112317338,0.010090732176054969
6371.0,1.0039450433751769,0.010090732176054969
6372.0,1.0056022711505987,0.010090732176054969
6373.0,1.0,0.010090732176054969
6374.0,0.9946920718293318,0.010090732176054969
6375.0,0.9949276031140631,0.010090732176054969
6376.0,0.9951631343987943,0.010090732176054969
6377.0,0.9903617149452117,0.010090732176054969
6378.0,0.9828416455552395,0.010090732176054969
6379.0,0.9785530109487366,0.010090732176054969
6380.0,0.984036734672889,0.010090732176054969
6381.0,0.9895204583970415,0.010090732176054969
6382.0,0.9883543589677323,0.010090732176054969
6383.0,0.9859920448918383,0.010090732176054969
6384.0,0.9864156049494954,0.010090732176054969
6385.0,0.9902915520382515,0.010090732176054969
6386.0,0.9939663251835933,0.010090732176054969
6387.0,0.9934323276706662,0.010090732176054969
6388.0,0.9928983301577393,0.010090732176054969
6389.0,0.9939633405683973,0.010090732176054969
6390.0,0.9959097408214762,0.010090732176054969
6391.0,0.9962542805002362,0.010090732176054969
6392.0,0.9916275287414558,0.010090732176054969
6393.0,0.9870007769826751,0.010090732176054969
6394.0,0.983939890191909,0.010090732176054969
6395.0,0.9811712089720982,0.010090732176054969
6396.0,0.9860472970708144,0.010090732176054969
6397.0,1.0005832159660386,0.010090732176054969
6398.0,1.0144562021606829,0.010090732176054969
6399.0,1.012750269891871,0.010090732176054969
6400.0,1.011044337623059,0.010090732176054969
6401.0,1.0102759431115234,0.010090732176054969
6402.0,1.0100352433977045,0.010090732176054969
6403.0,1.0080496502104594,0.010090732176054969
6404.0,1.0005049491732174,0.010090732176054969
6405.0,0.9929602481359754,0.010090732176054969
6406.0,0.99147773784881,0.010090732176054969
6407.0,0.9911677143113019,0.010090732176054969
6408.0,0.9911894511844523,0.010090732176054969
6409.0,0.9916386485867199,0.010090732176054969
6410.0,0.992068375619199,0.010090732176054969
6411.0,0.9919769457536882,0.010090732176054969
6412.0,0.9918855158881773,0.010090732176054969
6413.0,0.993539694797867,0.010090732176054969
6414.0,0.9961970212834735,0.010090732176054969
6415.0,0.9971893262066451,0.010090732176054969
6416.0,0.9927340221204104,0.010090732176054969
6417.0,0.9882787180341757,0.010090732176054969
6418.0,0.9898510977473245,0.010090732176054969
6419.0,0.992630751305016,0.010090732176054969
6420.0,0.9925042916771122,0.010090732176054969
6421.0,0.988559522224813,0.010090732176054969
6422.0,0.9850138012761023,0.010090732176054969
6423.0,0.993853931957883,0.010090732176054969
6424.0,1.0026940626396637,0.010090732176054969
6425.0,1.002734219160731,0.010090732176054969
6426.0,0.9976117241741759,0.010090732176054969
6427.0,0.9941620267171973,0.010090732176054969
6428.0,0.9963350309041279,0.010090732176054969
6429.0,0.9985080350910586,0.010090732176054969
6430.0,1.0039112180476055,0.010090732176054969
6431.0,1.0099838438506061,0.010090732176054969
6432.0,1.0081277316837753,0.010090732176054969
6433.0,0.9956480015068151,0.010090732176054969
6434.0,0.9837181285033922,0.010090732176054969
6435.0,0.9920579903973802,0.010090732176054969
6436.0,1.0003978522913684,0.010090732176054969
6437.0,1.0035312827847445,0.010090732176054969
6438.0,1.0035468503280442,0.010090732176054969
6439.0,1.0027216035009414,0.010090732176054969
6440.0,0.9989917252124573,0.010090732176054969
6441.0,0.9952618469239731,0.010090732176054969
6442.0,0.9908298334678758,0.010090732176054969
6443.0,0.9862473624758614,0.010090732176054969
6444.0,0.9843907849132826,0.010090732176054969
6445.0,0.9862590787699091,0.010090732176054969
6446.0,0.9881744899929735,0.010090732176054969
6447.0,0.9922232708630789,0.010090732176054969
6448.0,0.9962720517331846,0.010090732176054969
6449.0,0.9914256689201818,0.010090732176054969
6450.0,0.9811423968927583,0.010090732176054969
6451.0,0.9740037439989118,0.010090732176054969
6452.0,0.9780345033281459,0.010090732176054969
6453.0,0.9820652626573799,0.010090732176054969
6454.0,0.9849934967260917,0.010090732176054969
6455.0,0.9876776232957721,0.010090732176054969
6456.0,0.989965732928129,0.010090732176054969
6457.0,0.9917019224035839,0.010090732176054969
6458.0,0.9933815129283152,0.010090732176054969
6459.0,0.9917500648358171,0.010090732176054969
6460.0,0.990118616743319,0.010090732176054969
6461.0,0.9909719345052241,0.010090732176054969
6462.0,0.9933752036772832,0.010090732176054969
6463.0,0.9939718608857396,0.010090732176054969
6464.0,0.9879678241042578,0.010090732176054969
6465.0,0.9819637873227758,0.010090732176054969
6466.0,0.9827265671434486,0.010090732176054969
6467.0,0.9850363330604841,0.010090732176054969
6468.0,0.9889837952518927,0.010090732176054969
6469.0,0.9952592617402986,0.010090732176054969
6470.0,1.001378075455187,0.010090732176054969
6471.0,0.9946043659095852,0.010090732176054969
6472.0,0.9878306563639833,0.010090732176054969
6473.0,0.9850452603060721,0.010090732176054969
6474.0,0.9847985942481798,0.010090732176054969
6475.0,0.9831925132932662,0.010090732176054969
6476.0,0.9764750323255507,0.010090732176054969
6477.0,0.9697575513578349,0.010090732176054969
6478.0,0.9752469428134483,0.010090732176054969
6479.0,0.9836159970514126,0.010090732176054969
6480.0,0.9896617463479593,0.010090732176054969
6481.0,0.9923387034794622,0.010090732176054969
6482.0,0.9949256479876425,0.010090732176054969
6483.0,0.9851058525817791,0.010090732176054969
6484.0,0.9752860571759157,0.010090732176054969
6485.0,0.9737678410379901,0.010090732176054969
6486.0,0.9776415417315198,0.010090732176054969
6487.0,0.9799242306628824,0.010090732176054969
6488.0,0.9760475641173276,0.010090732176054969
6489.0,0.9721708975717729,0.010090732176054969
6490.0,0.9843859168355642,0.010090732176054969
6491.0,1.000515779064894,0.010090732176054969
6492.0,1.0067673659181582,0.010090732176054969
6493.0,0.9984073371110099,0.010090732176054969
6494.0,0.9900595141399872,0.010090732176054969
6495.0,0.9867832160794776,0.010090732176054969
6496.0,0.9835069180189682,0.010090732176054969
6497.0,0.9792330426405959,0.010090732176054969
6498.0,0.9742980980615643,0.010090732176054969
6499.0,0.9707003366015302,0.010090732176054969
6500.0,0.9724352934483725,0.010090732176054969
6501.0,0.974170250295215,0.010090732176054969
6502.0,0.9758218782810186,0.010090732176054969
6503.0,0.9774526114923578,0.010090732176054969
6504.0,0.9779970882322396,0.010090732176054969
6505.0,0.9769023646944082,0.010090732176054969
6506.0,0.9758076411565767,0.010090732176054969
6507.0,0.9801863668969727,0.010090732176054969
6508.0,0.9845782658004923,0.010090732176054969
6509.0,0.984298675108668,0.010090732176054969
6510.0,0.980860894267887,0.010090732176054969
6511.0,0.978974199079505,0.010090732176054969
6512.0,0.983463132032879,0.010090732176054969
6513.0,0.9879520649862532,0.010090732176054969
6514.0,0.9832253999174476,0.010090732176054969
6515.0,0.9761182707069564,0.010090732176054969
6516.0,0.9760975503039134,0.010090732176054969
6517.0,0.9869873068757467,0.010090732176054969
6518.0,0.9978770634475798,0.010090732176054969
6519.0,0.9938190428940922,0.010090732176054969
6520.0,0.9896525741389784,0.010090732176054969
6521.0,0.9823283436376555,0.010090732176054969
6522.0,0.9728263464148103,0.010090732176054969
6523.0,0.9653467234346834,0.010090732176054969
6524.0,0.966439932150127,0.010090732176054969
6525.0,0.9675331408655707,0.010090732176054969
6526.0,0.9695717318948679,0.010090732176054969
6527.0,0.9718617543906154,0.010090732176054969
6528.0,0.9748811297107431,0.010090732176054969
6529.0,0.9790463093136142,0.010090732176054969
6530.0,0.9832114889164854,0.010090732176054969
6531.0,0.9745361612404595,0.010090732176054969
6532.0,0.9657048128198543,0.010090732176054969
6533.0,0.9662847947333276,0.010090732176054969
6534.0,0.9734854262069828,0.010090732176054969
6535.0,0.9787961394956741,0.010090732176054969
6536.0,0.9758399848527182,0.010090732176054969
6537.0,0.9728838302097623,0.010090732176054969
6538.0,0.9702842014206352,0.010090732176054969
6539.0,0.9677821538667302,0.010090732176054969
6540.0,0.9666394454059658,0.010090732176054969
6541.0,0.9676759274288845,0.010090732176054969
6542.0,0.9687124094518031,0.010090732176054969
6543.0,0.969773639073688,0.010090732176054969
6544.0,0.9708352917314523,0.010090732176054969
6545.0,0.9727988328477524,0.010090732176054969
6546.0,0.9754095021775999,0.010090732176054969
6547.0,0.9768756972253315,0.010090732176054969
6548.0,0.9731728097538521,0.010090732176054969
6549.0,0.9694699222823726,0.010090732176054969
6550.0,0.963932414136378,0.010090732176054969
6551.0,0.9578783897081763,0.010090732176054969
6552.0,0.9570011312889576,0.010090732176054969
6553.0,0.9645934552325253,0.010090732176054969
6554.0,0.9721857791760927,0.010090732176054969
6555.0,0.9712643801378152,0.010090732176054969
6556.0,0.9701549479539252,0.010090732176054969
6557.0,0.9650942550201148,0.010090732176054969
6558.0,0.9571419949678631,0.010090732176054969
6559.0,0.9523890790167165,0.010090732176054969
6560.0,0.9625664355373167,0.010090732176054969
6561.0,0.9727437920579168,0.010090732176054969
6562.0,0.9700046849450314,0.010090732176054969
6563.0,0.9635266015171959,0.010090732176054969
6564.0,0.9623999216319395,0.010090732176054969
6565.0,0.9702093995854201,0.010090732176054969
6566.0,0.9780188775389007,0.010090732176054969
6567.0,0.9695643660080779,0.010090732176054969
6568.0,0.9606686611743559,0.010090732176054969
6569.0,0.9559180463626217,0.010090732176054969
6570.0,0.9542610417140395,0.010090732176054969
6571.0,0.9535528614545888,0.010090732176054969
6572.0,0.9574229247510796,0.010090732176054969
6573.0,0.9612929880475705,0.010090732176054969
6574.0,0.9618324649780007,0.010090732176054969
6575.0,0.9613810665253802,0.010090732176054969
6576.0,0.9608197574466941,0.010090732176054969
6577.0,0.9600711007099414,0.010090732176054969
6578.0,0.9593224439731888,0.010090732176054969
6579.0,0.9590554787245721,0.010090732176054969
6580.0,0.9588040326564897,0.010090732176054969
6581.0,0.9551519209382456,0.010090732176054969
6582.0,0.9489115647505355,0.010090732176054969
6583.0,0.944569249701274,0.010090732176054969
6584.0,0.9497034853720576,0.010090732176054969
6585.0,0.9548377210428414,0.010090732176054969
6586.0,0.9554985739497108,0.010090732176054969
6587.0,0.9547921703691779,0.010090732176054969
6588.0,0.9567333798150801,0.010090732176054969
6589.0,0.9632817842971036,0.010090732176054969
6590.0,0.9698301887791272,0.010090732176054969
6591.0,0.9632517459860982,0.010090732176054969
6592.0,0.956182885486655,0.010090732176054969
6593.0,0.9554549359644833,0.010090732176054969
6594.0,0.9596482904843805,0.010090732176054969
6595.0,0.9614250868925188,0.010090732176054969
6596.0,0.9507073828413466,0.010090732176054969
6597.0,0.9399896787901745,0.010090732176054969
6598.0,0.943961933636319,0.010090732176054969
6599.0,0.9525450746347633,0.010090732176054969
6600.0,0.955692153602691,0.010090732176054969
6601.0,0.9491811623630689,0.010090732176054969
6602.0,0.942670171123447,0.010090732176054969
6603.0,0.9468378577596085,0.010090732176054969
6604.0,0.9514599562202768,0.010090732176054969
6605.0,0.9590552775496416,0.010090732176054969
6606.0,0.9690036010632654,0.010090732176054969
6607.0,0.9756054818475081,0.010090732176054969
6608.0,0.964274516860621,0.010090732176054969
6609.0,0.9529435518737341,0.010090732176054969
6610.0,0.9523394253140207,0.010090732176054969
6611.0,0.9551917244697135,0.010090732176054969
6612.0,0.9550231347111287,0.010090732176054969
6613.0,0.9493740809425296,0.010090732176054969
6614.0,0.9437250271739306,0.010090732176054969
6615.0,0.9454975983501178,0.010090732176054969
6616.0,0.9476249138632892,0.010090732176054969
6617.0,0.9464216667632206,0.010090732176054969
6618.0,0.9425308506997607,0.010090732176054969
6619.0,0.9384577914844107,0.010090732176054969
6620.0,0.9333716325428116,0.010090732176054969
6621.0,0.9282854736012126,0.010090732176054969
6622.0,0.9372724014165817,0.010090732176054969
6623.0,0.9509128898688315,0.010090732176054969
6624.0,0.9579045944782408,0.010090732176054969
6625.0,0.9525778331322438,0.010090732176054969
6626.0,0.9472510717862467,0.010090732176054969
6627.0,0.9494502249666189,0.010090732176054969
6628.0,0.9520489842280347,0.010090732176054969
6629.0,0.9502071969093644,0.010090732176054969
6630.0,0.9447119183125595,0.010090732176054969
6631.0,0.9400021751119648,0.010090732176054969
6632.0,0.939826823222818,0.010090732176054969
6633.0,0.9396514713336709,0.010090732176054969
6634.0,0.9395520743945388,0.010090732176054969
6635.0,0.9394784435236594,0.010090732176054969
6636.0,0.9409288752173631,0.010090732176054969
6637.0,0.9452633836391807,0.010090732176054969
6638.0,0.9495978920609984,0.010090732176054969
6639.0,0.9514904394242512,0.010090732176054969
6640.0,0.9532402546290634,0.010090732176054969
6641.0,0.9536703742921658,0.010090732176054969
6642.0,0.9529934645825321,0.010090732176054969
6643.0,0.9511607689331923,0.010090732176054969
6644.0,0.9423933576456008,0.010090732176054969
6645.0,0.9336259463580094,0.010090732176054969
6646.0,0.9358780328730034,0.010090732176054969
6647.0,0.9419637634455277,0.010090732176054969
6648.0,0.9470177666019345,0.010090732176054969
6649.0,0.9500773389433873,0.010090732176054969
6650.0,0.9531369112848403,0.010090732176054969
6651.0,0.9537164804600383,0.010090732176054969
6652.0,0.9541376841712358,0.010090732176054969
6653.0,0.9521810019036484,0.010090732176054969
6654.0,0.9481906710484117,0.010090732176054969
6655.0,0.9449620022986367,0.010090732176054969
6656.0,0.9464887543464349,0.010090732176054969
6657.0,0.9480155063942332,0.010090732176054969
6658.0,0.9465598056418624,0.010090732176054969
6659.0,0.9440403310080011,0.010090732176054969
6660.0,0.9406399443519696,0.010090732176054969
6661.0,0.9354997564521524,0.010090732176054969
6662.0,0.9303595685523354,0.010090732176054969
6663.0,0.933434903672727,0.010090732176054969
6664.0,0.9370797358959352,0.010090732176054969
6665.0,0.9418457224780097,0.010090732176054969
6666.0,0.9475892548830955,0.010090732176054969
6667.0,0.951634397119814,0.010090732176054969
6668.0,0.9446323528560268,0.010090732176054969
6669.0,0.9376303085922396,0.010090732176054969
6670.0,0.9366124451807046,0.010090732176054969
6671.0,0.9377822413266321,0.010090732176054969
6672.0,0.9380498361551687,0.010090732176054969
6673.0,0.9364966841221551,0.010090732176054969
6674.0,0.9349435320891416,0.010090732176054969
6675.0,0.9353300921983436,0.010090732176054969
6676.0,0.9358618178614145,0.010090732176054969
6677.0,0.9353803193448065,0.010090732176054969
6678.0,0.9339981771129297,0.010090732176054969
6679.0,0.932180527337547,0.010090732176054969
6680.0,0.9274079385286804,0.010090732176054969
6681.0,0.9226353497198138,0.010090732176054969
6682.0,0.927660149161428,0.010090732176054969
6683.0,0.9363549273701295,0.010090732176054969
6684.0,0.9380976397132136,0.010090732176054969
6685.0,0.9255017162084573,0.010090732176054969
6686.0,0.912905792703701,0.010090732176054969
6687.0,0.9183405835024546,0.010090732176054969
6688.0,0.925225315010432,0.010090732176054969
6689.0,0.9292573559117377,0.010090732176054969
6690.0,0.9307043499475092,0.010090732176054969
6691.0,0.9316200015136521,0.010090732176054969
6692.0,0.9287698278096236,0.010090732176054969
6693.0,0.9259196541055951,0.010090732176054969
6694.0,0.91849507315517,0.010090732176054969
6695.0,0.9093151964008939,0.010090732176054969
6696.0,0.9075648316526552,0.010090732176054969
6697.0,0.9214774306484665,0.010090732176054969
6698.0,0.9353900296442779,0.010090732176054969
6699.0,0.9304477863892119,0.010090732176054969
6700.0,0.923883092562379,0.010090732176054969
6701.0,0.9222639642526995,0.010090732176054969
6702.0,0.9252134876909628,0.010090732176054969
6703.0,0.9280308480931992,0.010090732176054969
6704.0,0.9298683330566085,0.010090732176054969
6705.0,0.9317058180200178,0.010090732176054969
6706.0,0.9273089598370404,0.010090732176054969
6707.0,0.9204621507520577,0.010090732176054969
6708.0,0.9161623899122479,0.010090732176054969
6709.0,0.9173522898735696,0.010090732176054969
6710.0,0.9185421898348916,0.010090732176054969
6711.0,0.9141387367928596,0.010090732176054969
6712.0,0.9092221320991453,0.010090732176054969
6713.0,0.9101427605554533,0.010090732176054969
6714.0,0.916560457059807,0.010090732176054969
6715.0,0.9215750691925588,0.010090732176054969
6716.0,0.9156899311543598,0.010090732176054969
6717.0,0.9098047931161606,0.010090732176054969
6718.0,0.9154507525711831,0.010090732176054969
6719.0,0.9257363286943397,0.010090732176054969
6720.0,0.9291624985824224,0.010090732176054969
6721.0,0.9174715924216786,0.010090732176054969
6722.0,0.9057806862609349,0.010090732176054969
6723.0,0.9085912671834352,0.010090732176054969
6724.0,0.9128156953314486,0.010090732176054969
6725.0,0.9138824816910905,0.010090732176054969
6726.0,0.9119179319338971,0.010090732176054969
6727.0,0.9106615123774179,0.010090732176054969
6728.0,0.9151790775344204,0.010090732176054969
6729.0,0.9196966426914229,0.010090732176054969
6730.0,0.9233075441117882,0.010090732176054969
6731.0,0.9265450230101149,0.010090732176054969
6732.0,0.9247897237160134,0.010090732176054969
6733.0,0.9117811704491142,0.010090732176054969
6734.0,0.8987726171822149,0.010090732176054969
6735.0,0.8990796287709564,0.010090732176054969
6736.0,0.9007622881196174,0.010090732176054969
6737.0,0.9039145838967538,0.010090732176054969
6738.0,0.9085050986965282,0.010090732176054969
6739.0,0.9120228274736677,0.010090732176054969
6740.0,0.9063417243785605,0.010090732176054969
6741.0,0.9006606212834534,0.010090732176054969
6742.0,0.9021539459732959,0.010090732176054969
6743.0,0.906671304217552,0.010090732176054969
6744.0,0.9110949735685117,0.010090732176054969
6745.0,0.9153026379710372,0.010090732176054969
6746.0,0.9195103023735629,0.010090732176054969
6747.0,0.9127057524927935,0.010090732176054969
6748.0,0.904698803715585,0.010090732176054969
6749.0,0.9024528179990137,0.010090732176054969
6750.0,0.9059539800839216,0.010090732176054969
6751.0,0.9081299936946738,0.010090732176054969
6752.0,0.8983317741052768,0.010090732176054969
6753.0,0.8885335545158795,0.010090732176054969
6754.0,0.8927786550213967,0.010090732176054969
6755.0,0.9030802389355476,0.010090732176054969
6756.0,0.909321884879913,0.010090732176054969
6757.0,0.9059866610165349,0.010090732176054969
6758.0,0.9026514371531567,0.010090732176054969
6759.0,0.8984863289783814,0.010090732176054969
6760.0,0.8942256785669535,0.010090732176054969
6761.0,0.8966051675958926,0.010090732176054969
6762.0,0.9057373408014671,0.010090732176054969
6763.0,0.9140382769591081,0.010090732176054969
6764.0,0.9144056342035478,0.010090732176054969
6765.0,0.9147729914479873,0.010090732176054969
6766.0,0.9104006172812565,0.010090732176054969
6767.0,0.9039371851390123,0.010090732176054969
6768.0,0.898798491491655,0.010090732176054969
6769.0,0.8968576297028454,0.010090732176054969
6770.0,0.8949167679140358,0.010090732176054969
6771.0,0.9012918358463298,0.010090732176054969
6772.0,0.9086742169346093,0.010090732176054969
6773.0,0.9078660256002278,0.010090732176054969
6774.0,0.8985668741015161,0.010090732176054969
6775.0,0.8907013402179335,0.010090732176054969
6776.0,0.8973249016978809,0.010090732176054969
6777.0,0.9039484631778283,0.010090732176054969
6778.0,0.9051692401199644,0.010090732176054969
6779.0,0.9039521752584616,0.010090732176054969
6780.0,0.901581489724526,0.010090732176054969
6781.0,0.8963603997791243,0.010090732176054969
6782.0,0.8911393098337226,0.010090732176054969
6783.0,0.8932205054295637,0.010090732176054969
6784.0,0.8962305438412081,0.010090732176054969
6785.0,0.8993037701242635,0.010090732176054969
6786.0,0.9024437727257479,0.010090732176054969
6787.0,0.9051797435007417,0.010090732176054969
6788.0,0.903579485377377,0.010090732176054969
6789.0,0.9019792272540124,0.010090732176054969
6790.0,0.8998577100293406,0.010090732176054969
6791.0,0.8974956820263466,0.010090732176054969
6792.0,0.8944240152594988,0.010090732176054969
6793.0,0.8895572029756115,0.010090732176054969
6794.0,0.8846903906917242,0.010090732176054969
6795.0,0.8872443143076416,0.010090732176054969
6796.0,0.8907876693768654,0.010090732176054969
6797.0,0.8933482191358988,0.010090732176054969
6798.0,0.8948499861168738,0.010090732176054969
6799.0,0.8958150426469191,0.010090732176054969
6800.0,0.8906439767081308,0.010090732176054969
6801.0,0.8854729107693424,0.010090732176054969
6802.0,0.8853067546844133,0.010090732176054969
6803.0,0.887501571975779,0.010090732176054969
6804.0,0.8893257185529229,0.010090732176054969
6805.0,0.8901896362540012,0.010090732176054969
6806.0,0.8910535539550793,0.010090732176054969
6807.0,0.8782547565832244,0.010090732176054969
6808.0,0.8635495338523642,0.010090732176054969
6809.0,0.8619520014119217,0.010090732176054969
6810.0,0.8747498164944563,0.010090732176054969
6811.0,0.8866794872184333,0.010090732176054969
6812.0,0.8879985046710817,0.010090732176054969
6813.0,0.8893175221237299,0.010090732176054969
6814.0,0.8884715202180671,0.010090732176054969
6815.0,0.886581532109375,0.010090732176054969
6816.0,0.8849559927371086,0.010090732176054969
6817.0,0.8840321704066716,0.010090732176054969
6818.0,0.8831083480762347,0.010090732176054969
6819.0,0.8770817030346489,0.010090732176054969
6820.0,0.8703110425771381,0.010090732176054969
6821.0,0.8670732630936705,0.010090732176054969
6822.0,0.8677908719780827,0.010090732176054969
6823.0,0.8687002110077657,0.010090732176054969
6824.0,0.872124789570329,0.010090732176054969
6825.0,0.8755493681328924,0.010090732176054969
6826.0,0.8732845132178961,0.010090732176054969
6827.0,0.8682157260334978,0.010090732176054969
6828.0,0.8659525379807586,0.010090732176054969
6829.0,0.8713170725671865,0.010090732176054969
6830.0,0.8766816071536145,0.010090732176054969
6831.0,0.8781483339784596,0.010090732176054969
6832.0,0.879022033343038,0.010090732176054969
6833.0,0.8763315532574275,0.010090732176054969
6834.0,0.8695729608944788,0.010090732176054969
6835.0,0.8636953693437727,0.010090732176054969
6836.0,0.8702799347370967,0.010090732176054969
6837.0,0.8768645001304206,0.010090732176054969
6838.0,0.8756804817366642,0.010090732176054969
6839.0,0.8705841260205464,0.010090732176054969
6840.0,0.8679906385423667,0.010090732176054969
6841.0,0.8723710521089787,0.010090732176054969
6842.0,0.8767514656755906,0.010090732176054969
6843.0,0.8752634919822248,0.010090732176054969
6844.0,0.8728450646760095,0.010090732176054969
6845.0,0.8706873568634416,0.010090732176054969
6846.0,0.86883303173439,0.010090732176054969
6847.0,0.8670247604440555,0.010090732176054969
6848.0,0.8659226480140437,0.010090732176054969
6849.0,0.8648205355840317,0.010090732176054969
6850.0,0.8629530865380775,0.010090732176054969
6851.0,0.8606918370151931,0.010090732176054969
6852.0,0.86017391868203,0.010090732176054969
6853.0,0.8646357936084015,0.010090732176054969
6854.0,0.869097668534773,0.010090732176054969
6855.0,0.8665167809078567,0.010090732176054969
6856.0,0.8627735912092105,0.010090732176054969
6857.0,0.8597423012966474,0.010090732176054969
6858.0,0.8575555749098293,0.010090732176054969
6859.0,0.8558666313797032,0.010090732176054969
6860.0,0.8625023117933855,0.010090732176054969
6861.0,0.8691379922070679,0.010090732176054969
6862.0,0.8757300042026089,0.010090732176054969
6863.0,0.8822990622860499,0.010090732176054969
6864.0,0.8868140379059221,0.010090732176054969
6865.0,0.8853121021584562,0.010090732176054969
6866.0,0.8838101664109906,0.010090732176054969
6867.0,0.8740784665068582,0.010090732176054969
6868.0,0.8629346270427977,0.010090732176054969
6869.0,0.8563543881209345,0.010090732176054969
6870.0,0.8552940479981199,0.010090732176054969
6871.0,0.8545950573981148,0.010090732176054969
6872.0,0.8605348138451253,0.010090732176054969
6873.0,0.8664745702921359,0.010090732176054969
6874.0,0.8682839090538744,0.010090732176054969
6875.0,0.8678756250362515,0.010090732176054969
6876.0,0.86700413931079,0.010090732176054969
6877.0,0.8647408215305288,0.010090732176054969
6878.0,0.8624775037502677,0.010090732176054969
6879.0,0.8599236775845966,0.010090732176054969
6880.0,0.8573180776472685,0.010090732176054969
6881.0,0.860113604849758,0.010090732176054969
6882.0,0.8695700395168896,0.010090732176054969
6883.0,0.8778423310484377,0.010090732176054969
6884.0,0.8620066828452722,0.010090732176054969
6885.0,0.8461710346421067,0.010090732176054969
6886.0,0.8457659260431245,0.010090732176054969
6887.0,0.8538218010560861,0.010090732176054969
6888.0,0.8608477298809671,0.010090732176054969
6889.0,0.8646979912926144,0.010090732176054969
6890.0,0.8685482527042617,0.010090732176054969
6891.0,0.8642840812218675,0.010090732176054969
6892.0,0.8585193744959138,0.010090732176054969
6893.0,0.8558856076390736,0.010090732176054969
6894.0,0.8571888491813369,0.010090732176054969
6895.0,0.8582999885589693,0.010090732176054969
6896.0,0.8550311985830538,0.010090732176054969
6897.0,0.8517624086071383,0.010090732176054969
6898.0,0.850438028197788,0.010090732176054969
6899.0,0.8502023714970541,0.010090732176054969
6900.0,0.8493486810398189,0.010090732176054969
6901.0,0.8465389137432604,0.010090732176054969
6902.0,0.8437291464467018,0.010090732176054969
6903.0,0.8401162682961019,0.010090732176054969
6904.0,0.8363494318415797,0.010090732176054969
6905.0,0.83621436854238,0.010090732176054969
6906.0,0.8407359349327386,0.010090732176054969
6907.0,0.8451459564168504,0.010090732176054969
6908.0,0.8466702032297299,0.010090732176054969
6909.0,0.8481944500426091,0.010090732176054969
6910.0,0.8483967877654159,0.010090732176054969
6911.0,0.8478433925555969,0.010090732176054969
6912.0,0.8465170844493691,0.010090732176054969
6913.0,0.8426788094298098,0.010090732176054969
6914.0,0.8388405344102503,0.010090732176054969
6915.0,0.8376054755700795,0.010090732176054969
6916.0,0.836887314330995,0.010090732176054969
6917.0,0.8341137450075897,0.010090732176054969
6918.0,0.8286527723163261,0.010090732176054969
6919.0,0.8236085692752875,0.010090732176054969
6920.0,0.8310057120890402,0.010090732176054969
6921.0,0.8384028549027928,0.010090732176054969
6922.0,0.8435951576249037,0.010090732176054969
6923.0,0.8475006050083552,0.010090732176054969
6924.0,0.8485584652505346,0.010090732176054969
6925.0,0.8401095371721202,0.010090732176054969
6926.0,0.8316606090937059,0.010090732176054969
6927.0,0.8349439611813129,0.010090732176054969
6928.0,0.840638288353678,0.010090732176054969
6929.0,0.8456741588310752,0.010090732176054969
6930.0,0.8498320870485158,0.010090732176054969
6931.0,0.8536985031826276,0.010090732176054969
6932.0,0.8472986242080831,0.010090732176054969
6933.0,0.8408987452335385,0.010090732176054969
6934.0,0.8369649853104433,0.010090732176054969
6935.0,0.8345005032130194,0.010090732176054969
6936.0,0.8338835914442968,0.010090732176054969
6937.0,0.83960541830328,0.010090732176054969
6938.0,0.8453272451622629,0.010090732176054969
6939.0,0.8444408283567795,0.010090732176054969
6940.0,0.8421500395352675,0.010090732176054969
6941.0,0.8368270911561501,0.010090732176054969
6942.0,0.827381092953653,0.010090732176054969
6943.0,0.8184297058308588,0.010090732176054969
6944.0,0.8306684986489726,0.010090732176054969
6945.0,0.8429072914670864,0.010090732176054969
6946.0,0.8430173214142999,0.010090732176054969
6947.0,0.8357517523184133,0.010090732176054969
6948.0,0.8301243612619786,0.010090732176054969
6949.0,0.8302751090512199,0.010090732176054969
6950.0,0.8304258568404614,0.010090732176054969
6951.0,0.8320258186403606,0.010090732176054969
6952.0,0.833944055845235,0.010090732176054969
6953.0,0.8327363836368669,0.010090732176054969
6954.0,0.8271936393482419,0.010090732176054969
6955.0,0.8216440391374736,0.010090732176054969
6956.0,0.8157205626391546,0.010090732176054969
6957.0,0.8097970861408356,0.010090732176054969
6958.0,0.8164470998189944,0.010090732176054969
6959.0,0.8309005052603476,0.010090732176054969
6960.0,0.8398314509188376,0.010090732176054969
6961.0,0.8287281396984292,0.010090732176054969
6962.0,0.8176248284780208,0.010090732176054969
6963.0,0.8189758867376296,0.010090732176054969
6964.0,0.8231516473535326,0.010090732176054969
6965.0,0.8241412512388662,0.010090732176054969
6966.0,0.8206240595169082,0.010090732176054969
6967.0,0.8171852621504414,0.010090732176054969
6968.0,0.8196046611666867,0.010090732176054969
6969.0,0.8220240601829322,0.010090732176054969
6970.0,0.8226621152412871,0.010090732176054969
6971.0,0.8221719857929795,0.010090732176054969
6972.0,0.8229171672798763,0.010090732176054969
6973.0,0.8282737083373984,0.010090732176054969
6974.0,0.8336302493949208,0.010090732176054969
6975.0,0.8328570487405962,0.010090732176054969
6976.0,0.8306490344707604,0.010090732176054969
6977.0,0.8270382202900003,0.010090732176054969
6978.0,0.8214034250060936,0.010090732176054969
6979.0,0.8158050025689533,0.010090732176054969
6980.0,0.8144985760500826,0.010090732176054969
6981.0,0.8131921495312118,0.010090732176054969
6982.0,0.8123489875685896,0.010090732176054969
6983.0,0.8118052080365867,0.010090732176054969
6984.0,0.8118377263111264,0.010090732176054969
6985.0,0.8140849704584802,0.010090732176054969
6986.0,0.8163322146058339,0.010090732176054969
6987.0,0.8165842598248634,0.010090732176054969
6988.0,0.8163546027690981,0.010090732176054969
6989.0,0.813360359853269,0.010090732176054969
6990.0,0.806297171576637,0.010090732176054969
6991.0,0.7992795042316736,0.010090732176054969
6992.0,0.8048559613159835,0.010090732176054969
6993.0,0.8104324184002935,0.010090732176054969
6994.0,0.8124715158420133,0.010090732176054969
6995.0,0.8121782108102339,0.010090732176054969
6996.0,0.8108312812876377,0.010090732176054969
6997.0,0.8053137548222408,0.010090732176054969
6998.0,0.7997962283568438,0.010090732176054969
6999.0,0.8068598305038814,0.010090732176054969
7000.0,0.8170545681076844,0.010090732176054969
7001.0,0.8175773167326766,0.010090732176054969
7002.0,0.8035775593834577,0.010090732176054969
7003.0,0.7895778020342387,0.010090732176054969
7004.0,0.795500313839826,0.010090732176054969
7005.0,0.8014467706804533,0.010090732176054969
7006.0,0.8020968296523509,0.010090732176054969
7007.0,0.799184050700512,0.010090732176054969
7008.0,0.7972273660238797,0.010090732176054969
7009.0,0.7991708464089096,0.010090732176054969
7010.0,0.8011143267939395,0.010090732176054969
7011.0,0.8037476555319464,0.010090732176054969
7012.0,0.8065578684630249,0.010090732176054969
7013.0,0.8087899873535088,0.010090732176054969
7014.0,0.8101365153732951,0.010090732176054969
7015.0,0.8114830433930814,0.010090732176054969
7016.0,0.8110937582921864,0.010090732176054969
7017.0,0.8106939912280031,0.010090732176054969
7018.0,0.8115855276484425,0.010090732176054969
7019.0,0.8133632014803908,0.010090732176054969
7020.0,0.8150948514683094,0.010090732176054969
7021.0,0.816632913662279,0.010090732176054969
7022.0,0.8181709758562485,0.010090732176054969
7023.0,0.8117643097614232,0.010090732176054969
7024.0,0.8032599460607549,0.010090732176054969
7025.0,0.7974718724363977,0.010090732176054969
7026.0,0.7959295691466982,0.010090732176054969
7027.0,0.7943872658569986,0.010090732176054969
7028.0,0.7867035057167041,0.010090732176054969
7029.0,0.7789526665574157,0.010090732176054969
7030.0,0.7814860982356636,0.010090732176054969
7031.0,0.791218519500176,0.010090732176054969
7032.0,0.7973663437364152,0.010090732176054969
7033.0,0.7879579359973827,0.010090732176054969
7034.0,0.7785495282583502,0.010090732176054969
7035.0,0.780110047864902,0.010090732176054969
7036.0,0.7846514362768127,0.010090732176054969
7037.0,0.7861278508736688,0.010090732176054969
7038.0,0.7827155844945037,0.010090732176054969
7039.0,0.7793033181153387,0.010090732176054969
7040.0,0.7836123139117085,0.010090732176054969
7041.0,0.7880437199620783,0.010090732176054969
7042.0,0.7866353818727161,0.010090732176054969
7043.0,0.7810575145313203,0.010090732176054969
7044.0,0.7778273959006625,0.010090732176054969
7045.0,0.785115809322699,0.010090732176054969
7046.0,0.7924042227447355,0.010090732176054969
7047.0,0.7911298536803583,0.010090732176054969
7048.0,0.7874615884369938,0.010090732176054969
7049.0,0.7853954708812617,0.010090732176054969
7050.0,0.7859372656498749,0.010090732176054969
7051.0,0.786479060418488,0.010090732176054969
7052.0,0.7833567592073283,0.010090732176054969
7053.0,0.7801581226632559,0.010090732176054969
7054.0,0.7795619374109101,0.010090732176054969
7055.0,0.7808608982236994,0.010090732176054969
7056.0,0.7820185123455445,0.010090732176054969
7057.0,0.7825219204991702,0.010090732176054969
7058.0,0.783025328652796,0.010090732176054969
7059.0,0.7845287795391761,0.010090732176054969
7060.0,0.7863197233904589,0.010090732176054969
7061.0,0.7865358161917282,0.010090732176054969
7062.0,0.7841355430313104,0.010090732176054969
7063.0,0.7817352698708927,0.010090732176054969
7064.0,0.783279364320015,0.010090732176054969
7065.0,0.78492546827628,0.010090732176054969
7066.0,0.782595910993014,0.010090732176054969
7067.0,0.7773137182703544,0.010090732176054969
7068.0,0.7740332323917569,0.010090732176054969
7069.0,0.7803303577323101,0.010090732176054969
7070.0,0.7866274830728632,0.010090732176054969
7071.0,0.7823242997885397,0.010090732176054969
7072.0,0.7748888324626444,0.010090732176054969
7073.0,0.7714157391731524,0.010090732176054969
7074.0,0.7746620115635132,0.010090732176054969
7075.0,0.777908283953874,0.010090732176054969
7076.0,0.7758029409680418,0.010090732176054969
7077.0,0.7735320158232957,0.010090732176054969
7078.0,0.7737778782966289,0.010090732176054969
7079.0,0.7759299153583383,0.010090732176054969
7080.0,0.777627211349025,0.010090732176054969
7081.0,0.7770735390381422,0.010090732176054969
7082.0,0.7765198667272595,0.010090732176054969
7083.0,0.7772666057805371,0.010090732176054969
7084.0,0.7784081489099446,0.010090732176054969
7085.0,0.7784870908542451,0.010090732176054969
7086.0,0.7767265133699048,0.010090732176054969
7087.0,0.7749659358855646,0.010090732176054969
7088.0,0.7769722240850369,0.010090732176054969
7089.0,0.7791143818178768,0.010090732176054969
7090.0,0.776856468302717,0.010090732176054969
7091.0,0.7712002018875124,0.010090732176054969
7092.0,0.7662901634208809,0.010090732176054969
7093.0,0.7652045431906874,0.010090732176054969
7094.0,0.7641189229604941,0.010090732176054969
7095.0,0.7612147192014549,0.010090732176054969
7096.0,0.7577434610507456,0.010090732176054969
7097.0,0.7533591656691282,0.010090732176054969
7098.0,0.7473611300654465,0.010090732176054969
7099.0,0.7413630944617647,0.010090732176054969
7100.0,0.7430825698380906,0.010090732176054969
7101.0,0.7451203925423389,0.010090732176054969
7102.0,0.7477827734850359,0.010090732176054969
7103.0,0.7509370275468549,0.010090732176054969
7104.0,0.7541301883124409,0.010090732176054969
7105.0,0.7575299672548497,0.010090732176054969
7106.0,0.7609297461972584,0.010090732176054969
7107.0,0.7586687008291254,0.010090732176054969
7108.0,0.7545954739859929,0.010090732176054969
7109.0,0.7528937058735669,0.010090732176054969
7110.0,0.7554717420697502,0.010090732176054969
7111.0,0.7580497782659336,0.010090732176054969
7112.0,0.7640431649205806,0.010090732176054969
7113.0,0.7701953053025689,0.010090732176054969
7114.0,0.7721578102035548,0.010090732176054969
7115.0,0.7707559108546487,0.010090732176054969
7116.0,0.7681135532997201,0.010090732176054969
7117.0,0.7586389845319707,0.010090732176054969
7118.0,0.7491644157642213,0.010090732176054969
7119.0,0.7457296984029984,0.010090732176054969
7120.0,0.7442793660333906,0.010090732176054969
7121.0,0.7470401126609941,0.010090732176054969
7122.0,0.7575618922527488,0.010090732176054969
7123.0,0.7680836718445034,0.010090732176054969
7124.0,0.7619351360339683,0.010090732176054969
7125.0,0.7549236167240762,0.010090732176054969
7126.0,0.7530710439782459,0.010090732176054969
7127.0,0.7554424995326733,0.010090732176054969
7128.0,0.7562248774130228,0.010090732176054969
7129.0,0.7479213192375681,0.010090732176054969
7130.0,0.7396177610621135,0.010090732176054969
7131.0,0.740793317728853,0.010090732176054969
7132.0,0.7451640816457753,0.010090732176054969
7133.0,0.7474376894819945,0.010090732176054969
7134.0,0.7457637094015986,0.010090732176054969
7135.0,0.7440897293212029,0.010090732176054969
7136.0,0.7383874028773335,0.010090732176054969
7137.0,0.732455031273116,0.010090732176054969
7138.0,0.7284699684684424,0.010090732176054969
7139.0,0.7261105224810085,0.010090732176054969
7140.0,0.7255890893236396,0.010090732176054969
7141.0,0.7359885157316063,0.010090732176054969
7142.0,0.746387942139573,0.010090732176054969
7143.0,0.7532390219091173,0.010090732176054969
7144.0,0.7588633711768488,0.010090732176054969
7145.0,0.7604153667910027,0.010090732176054969
7146.0,0.7541370122221557,0.010090732176054969
7147.0,0.7478586576533085,0.010090732176054969
7148.0,0.743206775158161,0.010090732176054969
7149.0,0.7386565471676197,0.010090732176054969
7150.0,0.7310195340854161,0.010090732176054969
7151.0,0.7207553239140819,0.010090732176054969
7152.0,0.7139978857726205,0.010090732176054969
7153.0,0.7289159264709711,0.010090732176054969
7154.0,0.7438339671693218,0.010090732176054969
7155.0,0.7412742240136617,0.010090732176054969
7156.0,0.7325191038170826,0.010090732176054969
7157.0,0.7292888954331443,0.010090732176054969
7158.0,0.7369118945957024,0.010090732176054969
7159.0,0.7445348937582605,0.010090732176054969
7160.0,0.738216925231376,0.010090732176054969
7161.0,0.7309516858230364,0.010090732176054969
7162.0,0.7305196778846264,0.010090732176054969
7163.0,0.7360169537553267,0.010090732176054969
7164.0,0.7407322770677454,0.010090732176054969
7165.0,0.740413780786242,0.010090732176054969
7166.0,0.7400952845047387,0.010090732176054969
7167.0,0.7383740539979989,0.010090732176054969
7168.0,0.7361431557367566,0.010090732176054969
7169.0,0.7343899023872777,0.010090732176054969
7170.0,0.7335953875610483,0.010090732176054969
7171.0,0.7328008727348188,0.010090732176054969
7172.0,0.730068137951147,0.010090732176054969
7173.0,0.7271930339180239,0.010090732176054969
7174.0,0.7259141107108888,0.010090732176054969
7175.0,0.7260471936190491,0.010090732176054969
7176.0,0.7266409379252944,0.010090732176054969
7177.0,0.7303270851353295,0.010090732176054969
7178.0,0.7340132323453646,0.010090732176054969
7179.0,0.7335116933376591,0.010090732176054969
7180.0,0.7314509828551463,0.010090732176054969
7181.0,0.7301463608400178,0.010090732176054969
7182.0,0.7303926895272169,0.010090732176054969
7183.0,0.7306390182144162,0.010090732176054969
7184.0,0.7304461456378765,0.010090732176054969
7185.0,0.7302185693345389,0.010090732176054969
7186.0,0.7248772173009944,0.010090732176054969
7187.0,0.7149241268806324,0.010090732176054969
7188.0,0.7060412808743111,0.010090732176054969
7189.0,0.7046604365779301,0.010090732176054969
7190.0,0.7032795922815492,0.010090732176054969
7191.0,0.7036543841222697,0.010090732176054969
7192.0,0.7046988215874243,0.010090732176054969
7193.0,0.7081548686475766,0.010090732176054969
7194.0,0.7166672272749313,0.010090732176054969
7195.0,0.7251795859022859,0.010090732176054969
7196.0,0.7232291692601904,0.010090732176054969
7197.0,0.7203932312736834,0.010090732176054969
7198.0,0.7174889318586475,0.010090732176054969
7199.0,0.7145217840335125,0.010090732176054969
7200.0,0.7117621698306307,0.010090732176054969
7201.0,0.7105237770788676,0.010090732176054969
7202.0,0.7092853843271045,0.010090732176054969
7203.0,0.711903106165441,0.010090732176054969
7204.0,0.7160272233528302,0.010090732176054969
7205.0,0.7180544420332127,0.010090732176054969
7206.0,0.7155871763665137,0.010090732176054969
7207.0,0.7131199106998148,0.010090732176054969
7208.0,0.7116068882042987,0.010090732176054969
7209.0,0.7101800473564418,0.010090732176054969
7210.0,0.7098875767483588,0.010090732176054969
7211.0,0.7106582484812749,0.010090732176054969
7212.0,0.7115544273198455,0.010090732176054969
7213.0,0.7134141346674522,0.010090732176054969
7214.0,0.7152738420150588,0.010090732176054969
7215.0,0.7152669403351231,0.010090732176054969
7216.0,0.7145133950441722,0.010090732176054969
7217.0,0.7109488303163993,0.010090732176054969
7218.0,0.7012237172443285,0.010090732176054969
7219.0,0.6914986041722577,0.010090732176054969
7220.0,0.6890423697806907,0.010090732176054969
7221.0,0.6872843303150177,0.010090732176054969
7222.0,0.6914491894142261,0.010090732176054969
7223.0,0.7012727802409144,0.010090732176054969
7224.0,0.7093154809075343,0.010090732176054969
7225.0,0.7030142727849715,0.010090732176054969
7226.0,0.6967130646624089,0.010090732176054969
7227.0,0.6972655310219079,0.010090732176054969
7228.0,0.7006244089290408,0.010090732176054969
7229.0,0.7023767673786853,0.010090732176054969
7230.0,0.7005285219080513,0.010090732176054969
7231.0,0.6986802764374174,0.010090732176054969
7232.0,0.6949176414053984,0.010090732176054969
7233.0,0.6909600222513864,0.010090732176054969
7234.0,0.6902692900589728,0.010090732176054969
7235.0,0.6927602890068782,0.010090732176054969
7236.0,0.6946091225725906,0.010090732176054969
7237.0,0.6910214423913748,0.010090732176054969
7238.0,0.687433762210159,0.010090732176054969
7239.0,0.6913144750120409,0.010090732176054969
7240.0,0.6983250424541936,0.010090732176054969
7241.0,0.6997163010960717,0.010090732176054969
7242.0,0.6882253498400808,0.010090732176054969
7243.0,0.6767343985840898,0.010090732176054969
7244.0,0.6835251291914916,0.010090732176054969
7245.0,0.6922850303187461,0.010090732176054969
7246.0,0.6947726323999657,0.010090732176054969
7247.0,0.6910329519355,0.010090732176054969
7248.0,0.6881092919187967,0.010090732176054969
7249.0,0.6924618142279498,0.010090732176054969
7250.0,0.6968143365371029,0.010090732176054969
7251.0,0.6992714469480044,0.010090732176054969
7252.0,0.7009157735260355,0.010090732176054969
7253.0,0.6983054534154076,0.010090732176054969
7254.0,0.6857163635611101,0.010090732176054969
7255.0,0.6731272737068124,0.010090732176054969
7256.0,0.67478848535634,0.010090732176054969
7257.0,0.6780690494494714,0.010090732176054969
7258.0,0.6794461741460507,0.010090732176054969
7259.0,0.6788968710475703,0.010090732176054969
7260.0,0.6787058728281942,0.010090732176054969
7261.0,0.6818874192833949,0.010090732176054969
7262.0,0.6850689657385958,0.010090732176054969
7263.0,0.6856503510174123,0.010090732176054969
7264.0,0.6850910783708388,0.010090732176054969
7265.0,0.6841080772327944,0.010090732176054969
7266.0,0.6821081277152231,0.010090732176054969
7267.0,0.6801081781976518,0.010090732176054969
7268.0,0.6806554172075275,0.010090732176054969
7269.0,0.6815073602213582,0.010090732176054969
7270.0,0.6833479691691964,0.010090732176054969
7271.0,0.6862085919952923,0.010090732176054969
7272.0,0.688850433592875,0.010090732176054969
7273.0,0.6893130990064552,0.010090732176054969
7274.0,0.6897757644200354,0.010090732176054969
7275.0,0.6863519208041884,0.010090732176054969
7276.0,0.6811842174847076,0.010090732176054969
7277.0,0.6771416245089684,0.010090732176054969
7278.0,0.6758627880622529,0.010090732176054969
7279.0,0.6745839516155372,0.010090732176054969
7280.0,0.670245164495834,0.010090732176054969
7281.0,0.6655218160077676,0.010090732176054969
7282.0,0.6619409467155376,0.010090732176054969
7283.0,0.6595616503706526,0.010090732176054969
7284.0,0.6584586148963741,0.010090732176054969
7285.0,0.6708449477905012,0.010090732176054969
7286.0,0.6832312806846284,0.010090732176054969
7287.0,0.678030019371307,0.010090732176054969
7288.0,0.6647587936405592,0.010090732176054969
7289.0,0.655460594406921,0.010090732176054969
7290.0,0.6561536348031658,0.010090732176054969
7291.0,0.6568466751994106,0.010090732176054969
7292.0,0.6595502405141227,0.010090732176054969
7293.0,0.6625187799009697,0.010090732176054969
7294.0,0.6654259185837638,0.010090732176054969
7295.0,0.668267227158481,0.010090732176054969
7296.0,0.6706083624642946,0.010090732176054969
7297.0,0.6673225484950082,0.010090732176054969
7298.0,0.6640367345257218,0.010090732176054969
7299.0,0.6662919249700736,0.010090732176054969
7300.0,0.6711465989664975,0.010090732176054969
7301.0,0.6727082072225239,0.010090732176054969
7302.0,0.6657898178637897,0.010090732176054969
7303.0,0.6588714285050554,0.010090732176054969
7304.0,0.6590702508113516,0.010090732176054969
7305.0,0.6602510927599503,0.010090732176054969
7306.0,0.661347801730151,0.010090732176054969
7307.0,0.6623525563144144,0.010090732176054969
7308.0,0.6634251890048283,0.010090732176054969
7309.0,0.6653134195644536,0.010090732176054969
7310.0,0.6672016501240786,0.010090732176054969
7311.0,0.6647983815777462,0.010090732176054969
7312.0,0.6603370228740262,0.010090732176054969
7313.0,0.6575343083177104,0.010090732176054969
7314.0,0.6591063582375105,0.010090732176054969
7315.0,0.6606784081573106,0.010090732176054969
7316.0,0.6602347239392129,0.010090732176054969
7317.0,0.6595003088358437,0.010090732176054969
7318.0,0.657321642263813,0.010090732176054969
7319.0,0.6535337716442149,0.010090732176054969
7320.0,0.6497373663234899,0.010090732176054969
7321.0,0.6458310056032458,0.010090732176054969
7322.0,0.6419246448830018,0.010090732176054969
7323.0,0.6390976223812945,0.010090732176054969
7324.0,0.6367996493820538,0.010090732176054969
7325.0,0.6370816033317547,0.010090732176054969
7326.0,0.6443350932145713,0.010090732176054969
7327.0,0.6515885830973879,0.010090732176054969
7328.0,0.6536594792526634,0.010090732176054969
7329.0,0.6549501230373578,0.010090732176054969
7330.0,0.6525713132794402,0.010090732176054969
7331.0,0.6460243806513212,0.010090732176054969
7332.0,0.6398876716093058,0.010090732176054969
7333.0,0.6394428148244619,0.010090732176054969
7334.0,0.6389979580396179,0.010090732176054969
7335.0,0.6403502177148636,0.010090732176054969
7336.0,0.6426026546439897,0.010090732176054969
7337.0,0.6466124536519303,0.010090732176054969
7338.0,0.6554887938011998,0.010090732176054969
7339.0,0.6643651339504693,0.010090732176054969
7340.0,0.6566670320318684,0.010090732176054969
7341.0,0.6463676635109421,0.010090732176054969
7342.0,0.6390405826537472,0.010090732176054969
7343.0,0.6351555033138768,0.010090732176054969
7344.0,0.6314613677630988,0.010090732176054969
7345.0,0.6306350610446222,0.010090732176054969
7346.0,0.6298087543261456,0.010090732176054969
7347.0,0.6356502442417437,0.010090732176054969
7348.0,0.6449042906923838,0.010090732176054969
7349.0,0.6503991042276331,0.010090732176054969
7350.0,0.6452225469062693,0.010090732176054969
7351.0,0.6400459895849054,0.010090732176054969
7352.0,0.6438432857829802,0.010090732176054969
7353.0,0.6491069798326942,0.010090732176054969
7354.0,0.6480926075876158,0.010090732176054969
7355.0,0.6396661727798525,0.010090732176054969
7356.0,0.6322652171012763,0.010090732176054969
7357.0,0.6416351180145989,0.010090732176054969
7358.0,0.6510050189279216,0.010090732176054969
7359.0,0.6452931585448772,0.010090732176054969
7360.0,0.6316957703176475,0.010090732176054969
7361.0,0.6213331275883405,0.010090732176054969
7362.0,0.6203861759797472,0.010090732176054969
7363.0,0.6194392243711538,0.010090732176054969
7364.0,0.6187691979567819,0.010090732176054969
7365.0,0.618146233267832,0.010090732176054969
7366.0,0.6179976237022635,0.010090732176054969
7367.0,0.6184199971555778,0.010090732176054969
7368.0,0.6192163362756831,0.010090732176054969
7369.0,0.6267185597388696,0.010090732176054969
7370.0,0.634220783202056,0.010090732176054969
7371.0,0.6339078401934104,0.010090732176054969
7372.0,0.6294210513710781,0.010090732176054969
7373.0,0.6242503310473068,0.010090732176054969
7374.0,0.617037633417808,0.010090732176054969
7375.0,0.6098249357883093,0.010090732176054969
7376.0,0.6165854169318787,0.010090732176054969
7377.0,0.6258129141017509,0.010090732176054969
7378.0,0.6287477968215078,0.010090732176054969
7379.0,0.6239599254434076,0.010090732176054969
7380.0,0.6194060425708191,0.010090732176054969
7381.0,0.6194909818200176,0.010090732176054969
7382.0,0.6195759210692161,0.010090732176054969
7383.0,0.6186917618757817,0.010090732176054969
7384.0,0.617279003531821,0.010090732176054969
7385.0,0.6165861453723936,0.010090732176054969
7386.0,0.6180986399733819,0.010090732176054969
7387.0,0.6196111345743701,0.010090732176054969
7388.0,0.6241415276856644,0.010090732176054969
7389.0,0.6292249164046699,0.010090732176054969
7390.0,0.6275659811944322,0.010090732176054969
7391.0,0.6174700298240808,0.010090732176054969
7392.0,0.6080256075719633,0.010090732176054969
7393.0,0.613005316076213,0.010090732176054969
7394.0,0.6179850245804626,0.010090732176054969
7395.0,0.6158543036444647,0.010090732176054969
7396.0,0.6097630070576495,0.010090732176054969
7397.0,0.6049622984417319,0.010090732176054969
7398.0,0.6042195579731093,0.010090732176054969
7399.0,0.6034768175044867,0.010090732176054969
7400.0,0.6096846445445585,0.010090732176054969
7401.0,0.6172130794112846,0.010090732176054969
7402.0,0.6212863066417731,0.010090732176054969
7403.0,0.6209508399757542,0.010090732176054969
7404.0,0.6206306555307158,0.010090732176054969
7405.0,0.6206930041795944,0.010090732176054969
7406.0,0.620755352828473,0.010090732176054969
7407.0,0.6182787117996481,0.010090732176054969
7408.0,0.6143580502761605,0.010090732176054969
7409.0,0.6105464859418214,0.010090732176054969
7410.0,0.6070871338526529,0.010090732176054969
7411.0,0.6036277817634844,0.010090732176054969
7412.0,0.6032255894932369,0.010090732176054969
7413.0,0.6034251657505635,0.010090732176054969
7414.0,0.6035375208677977,0.010090732176054969
7415.0,0.6035363921259613,0.010090732176054969
7416.0,0.6033606917181695,0.010090732176054969
7417.0,0.5981660559141745,0.010090732176054969
7418.0,0.5929714201101797,0.010090732176054969
7419.0,0.5926099627797183,0.010090732176054969
7420.0,0.5950548671435716,0.010090732176054969
7421.0,0.5984065348980917,0.010090732176054969
7422.0,0.6047650864351329,0.010090732176054969
7423.0,0.6111236379721742,0.010090732176054969
7424.0,0.6110886701731798,0.010090732176054969
7425.0,0.609750976613524,0.010090732176054969
7426.0,0.6095696136754277,0.010090732176054969
7427.0,0.6109224882938699,0.010090732176054969
7428.0,0.6119921007028649,0.010090732176054969
7429.0,0.6035134161352428,0.010090732176054969
7430.0,0.5950347315676207,0.010090732176054969
7431.0,0.5957691128806919,0.010090732176054969
7432.0,0.6019643936641548,0.010090732176054969
7433.0,0.6052903221560447,0.010090732176054969
7434.0,0.5988391983951921,0.010090732176054969
7435.0,0.5923880746343393,0.010090732176054969
7436.0,0.5904554042119221,0.010090732176054969
7437.0,0.5894750241006517,0.010090732176054969
7438.0,0.5882797946219908,0.010090732176054969
7439.0,0.5867938508863242,0.010090732176054969
7440.0,0.5855226033584389,0.010090732176054969
7441.0,0.592978756676874,0.010090732176054969
7442.0,0.6004349099953094,0.010090732176054969
7443.0,0.5995356428081853,0.010090732176054969
7444.0,0.5935812657198254,0.010090732176054969
7445.0,0.5894416965496185,0.010090732176054969
7446.0,0.5916588599791829,0.010090732176054969
7447.0,0.5938760234087473,0.010090732176054969
7448.0,0.5987756493572272,0.010090732176054969
7449.0,0.6042596129012003,0.010090732176054969
7450.0,0.6045135417493263,0.010090732176054969
7451.0,0.597550022717179,0.010090732176054969
7452.0,0.5907878607738308,0.010090732176054969
7453.0,0.594307495177106,0.010090732176054969
7454.0,0.5978271295803813,0.010090732176054969
7455.0,0.5920948796803694,0.010090732176054969
7456.0,0.5806498157833948,0.010090732176054969
7457.0,0.5730002101988996,0.010090732176054969
7458.0,0.5790226422924839,0.010090732176054969
7459.0,0.5850450743860682,0.010090732176054969
7460.0,0.5825577034656361,0.010090732176054969
7461.0,0.5781556268670477,0.010090732176054969
7462.0,0.5768204813467726,0.010090732176054969
7463.0,0.5798020856390319,0.010090732176054969
7464.0,0.5826921834721562,0.010090732176054969
7465.0,0.5793217143931022,0.010090732176054969
7466.0,0.5759512453140481,0.010090732176054969
7467.0,0.5772949229761524,0.010090732176054969
7468.0,0.5816091588587098,0.010090732176054969
7469.0,0.5838886462098768,0.010090732176054969
7470.0,0.5786269186650316,0.010090732176054969
7471.0,0.5733651911201865,0.010090732176054969
7472.0,0.575199958144646,0.010090732176054969
7473.0,0.5786828755350515,0.010090732176054969
7474.0,0.5799020313089489,0.010090732176054969
7475.0,0.577871166750383,0.010090732176054969
7476.0,0.5759103261496681,0.010090732176054969
7477.0,0.5811707062022305,0.010090732176054969
7478.0,0.586431086254793,0.010090732176054969
7479.0,0.5843638386632574,0.010090732176054969
7480.0,0.5775849409494748,0.010090732176054969
7481.0,0.5713084751546722,0.010090732176054969
7482.0,0.566948801651931,0.010090732176054969
7483.0,0.5625891281491898,0.010090732176054969
7484.0,0.5643377806004399,0.010090732176054969
7485.0,0.5675498861448285,0.010090732176054969
7486.0,0.5705067349165076,0.010090732176054969
7487.0,0.5730897608997514,0.010090732176054969
7488.0,0.5756425333124979,0.010090732176054969
7489.0,0.5719252532392234,0.010090732176054969
7490.0,0.5682079731659487,0.010090732176054969
7491.0,0.5663076365476855,0.010090732176054969
7492.0,0.5655993304267455,0.010090732176054969
7493.0,0.563859224377019,0.010090732176054969
7494.0,0.5580651825124279,0.010090732176054969
7495.0,0.5522711406478368,0.010090732176054969
7496.0,0.5524452649490951,0.010090732176054969
7497.0,0.5540935620308397,0.010090732176054969
7498.0,0.5550283341791757,0.010090732176054969
7499.0,0.5548970915317925,0.010090732176054969
7500.0,0.5547658488844093,0.010090732176054969
7501.0,0.5550884199080015,0.010090732176054969
7502.0,0.5554109909315936,0.010090732176054969
7503.0,0.5541134625634759,0.010090732176054969
7504.0,0.5517315390113301,0.010090732176054969
7505.0,0.5511533463993195,0.010090732176054969
7506.0,0.5578775311691496,0.010090732176054969
7507.0,0.5646017159389798,0.010090732176054969
7508.0,0.5680326852662609,0.010090732176054969
7509.0,0.5706254717474737,0.010090732176054969
7510.0,0.5683123403254061,0.010090732176054969
7511.0,0.5585214007053065,0.010090732176054969
7512.0,0.548730461085207,0.010090732176054969
7513.0,0.548898985395934,0.010090732176054969
7514.0,0.5491155650211603,0.010090732176054969
7515.0,0.5477138932951074,0.010090732176054969
7516.0,0.5452072337776793,0.010090732176054969
7517.0,0.5446309427014355,0.010090732176054969
7518.0,0.5521118416405518,0.010090732176054969
7519.0,0.559592740579668,0.010090732176054969
7520.0,0.5510959971407379,0.010090732176054969
7521.0,0.5384111747148318,0.010090732176054969
7522.0,0.5324661617024674,0.010090732176054969
7523.0,0.5370029995264871,0.010090732176054969
7524.0,0.5415398373505069,0.010090732176054969
7525.0,0.5422205747766305,0.010090732176054969
7526.0,0.5428639197140503,0.010090732176054969
7527.0,0.5457787580469722,0.010090732176054969
7528.0,0.5502757771156592,0.010090732176054969
7529.0,0.5523746135438055,0.010090732176054969
7530.0,0.544147517073814,0.010090732176054969
7531.0,0.5359204206038226,0.010090732176054969
7532.0,0.5372087009463038,0.010090732176054969
7533.0,0.5410643924104392,0.010090732176054969
7534.0,0.5422923268504207,0.010090732176054969
7535.0,0.5393501251433874,0.010090732176054969
7536.0,0.5364079234363544,0.010090732176054969
7537.0,0.5399021504657618,0.010090732176054969
7538.0,0.543490454407272,0.010090732176054969
7539.0,0.5476731159209148,0.010090732176054969
7540.0,0.5522780520135272,0.010090732176054969
7541.0,0.5548216737874642,0.010090732176054969
7542.0,0.5482038985895225,0.010090732176054969
7543.0,0.5415861233915806,0.010090732176054969
7544.0,0.5406158864126722,0.010090732176054969
7545.0,0.5412134476203302,0.010090732176054969
7546.0,0.541882738277452,0.010090732176054969
7547.0,0.5426681945524159,0.010090732176054969
7548.0,0.5434536508273797,0.010090732176054969
7549.0,0.5393608512151357,0.010090732176054969
7550.0,0.5351725166038749,0.010090732176054969
7551.0,0.5327918779457979,0.010090732176054969
7552.0,0.5317211638914766,0.010090732176054969
7553.0,0.5302643900597136,0.010090732176054969
7554.0,0.5270353686590296,0.010090732176054969
7555.0,0.5238063472583455,0.010090732176054969
7556.0,0.5236993593540656,0.010090732176054969
7557.0,0.5244836927411969,0.010090732176054969
7558.0,0.5234207398014228,0.010090732176054969
7559.0,0.5193044696525235,0.010090732176054969
7560.0,0.5151881995036242,0.010090732176054969
7561.0,0.5222768435923479,0.010090732176054969
7562.0,0.5296411313277531,0.010090732176054969
7563.0,0.531054806865787,0.010090732176054969
7564.0,0.528070743953163,0.010090732176054969
7565.0,0.5225034453754643,0.010090732176054969
7566.0,0.5046791389525256,0.010090732176054969
7567.0,0.48685483252958695,0.010090732176054969
7568.0,0.49267157037709786,0.010090732176054969
7569.0,0.5054264407822222,0.010090732176054969
7570.0,0.513447900151104,0.010090732176054969
7571.0,0.5134836370298087,0.010090732176054969
7572.0,0.5135193739085133,0.010090732176054969
7573.0,0.5017405786561324,0.010090732176054969
7574.0,0.48961129048515856,0.010090732176054969
7575.0,0.4835399329540946,0.010090732176054969
7576.0,0.48203434209477786,0.010090732176054969
7577.0,0.4820821900311975,0.010090732176054969
7578.0,0.48975400709276945,0.010090732176054969
7579.0,0.49742582415434133,0.010090732176054969
7580.0,0.49664758558660643,0.010090732176054969
7581.0,0.4933211271181577,0.010090732176054969
7582.0,0.49165480566977743,0.010090732176054969
7583.0,0.49284760908928826,0.010090732176054969
7584.0,0.49404041250879915,0.010090732176054969
7585.0,0.4856308279681128,0.010090732176054969
7586.0,0.4768872473244713,0.010090732176054969
7587.0,0.4711603790874831,0.010090732176054969
7588.0,0.46775208811420393,0.010090732176054969
7589.0,0.4653840490022069,0.010090732176054969
7590.0,0.4683007930686992,0.010090732176054969
7591.0,0.4712175371351915,0.010090732176054969
7592.0,0.47910150722026446,0.010090732176054969
7593.0,0.48852406775448637,0.010090732176054969
7594.0,0.4904307119529351,0.010090732176054969
7595.0,0.47912228471336177,0.010090732176054969
7596.0,0.4678138574737884,0.010090732176054969
7597.0,0.47168495242504394,0.010090732176054969
7598.0,0.47616247023535424,0.010090732176054969
7599.0,0.4768876120979139,0.010090732176054969
7600.0,0.47467191970592804,0.010090732176054969
7601.0,0.47250875802947157,0.010090732176054969
7602.0,0.47062207380316967,0.010090732176054969
7603.0,0.46873538957686783,0.010090732176054969
7604.0,0.4738027191587531,0.010090732176054969
7605.0,0.4810816892081074,0.010090732176054969
7606.0,0.48496600055821376,0.010090732176054969
7607.0,0.4827558743106828,0.010090732176054969
7608.0,0.48054574806315187,0.010090732176054969
7609.0,0.478916838884426,0.010090732176054969
7610.0,0.47731418292336214,0.010090732176054969
7611.0,0.47610616809173745,0.010090732176054969
7612.0,0.4752135252210034,0.010090732176054969
7613.0,0.4743043894475471,0.010090732176054969
7614.0,0.4733052458948939,0.010090732176054969
7615.0,0.4723061023422407,0.010090732176054969
7616.0,0.4765860234331427,0.010090732176054969
7617.0,0.48258920607170075,0.010090732176054969
7618.0,0.48788050671857386,0.010090732176054969
7619.0,0.49186669038069464,0.010090732176054969
7620.0,0.4958528740428154,0.010090732176054969
7621.0,0.4982909211304406,0.010090732176054969
7622.0,0.5006508781008153,0.010090732176054969
7623.0,0.5012740059052208,0.010090732176054969
7624.0,0.5004819395743954,0.010090732176054969
7625.0,0.4999515529737013,0.010090732176054969
7626.0,0.5009033203644704,0.010090732176054969
7627.0,0.5018550877552395,0.010090732176054969
7628.0,0.49911520173999735,0.010090732176054969
7629.0,0.49513884847819406,0.010090732176054969
7630.0,0.49355323059167305,0.010090732176054969
7631.0,0.49644405859748986,0.010090732176054969
7632.0,0.4993348866033067,0.010090732176054969
7633.0,0.4997749381702287,0.010090732176054969
7634.0,0.5000783177937916,0.010090732176054969
7635.0,0.5005746591556446,0.010090732176054969
7636.0,0.5012313071923843,0.010090732176054969
7637.0,0.5018154478055286,0.010090732176054969
7638.0,0.5019729331657808,0.010090732176054969
7639.0,0.5021304185260332,0.010090732176054969
7640.0,0.49339228339414126,0.010090732176054969
7641.0,0.48159807218994793,0.010090732176054969
7642.0,0.4767197823329515,0.010090732176054969
7643.0,0.4850687965910232,0.010090732176054969
7644.0,0.49341781084909486,0.010090732176054969
7645.0,0.493401166371836,0.010090732176054969
7646.0,0.4928729911693591,0.010090732176054969
7647.0,0.48951120135900644,0.010090732176054969
7648.0,0.48374932112690927,0.010090732176054969
7649.0,0.4784764165646104,0.010090732176054969
7650.0,0.47619587593030926,0.010090732176054969
7651.0,0.47391533529600827,0.010090732176054969
7652.0,0.4764362761231609,0.010090732176054969
7653.0,0.48064864791968603,0.010090732176054969
7654.0,0.48319043590177574,0.010090732176054969
7655.0,0.48246806898402733,0.010090732176054969
7656.0,0.4817457020662789,0.010090732176054969
7657.0,0.48143669705211056,0.010090732176054969
7658.0,0.48115521421334045,0.010090732176054969
7659.0,0.4808080992245067,0.010090732176054969
7660.0,0.48040430859825783,0.010090732176054969
7661.0,0.47990842959436186,0.010090732176054969
7662.0,0.47882579278599063,0.010090732176054969
7663.0,0.4777431559776194,0.010090732176054969
7664.0,0.4780326282175896,0.010090732176054969
7665.0,0.4788175842805723,0.010090732176054969
7666.0,0.47935398944981944,0.010090732176054969
7667.0,0.47939418689955904,0.010090732176054969
7668.0,0.4794343843492987,0.010090732176054969
7669.0,0.47821253371112393,0.010090732176054969
7670.0,0.4768997246521996,0.010090732176054969
7671.0,0.47646164143943104,0.010090732176054969
7672.0,0.47679363289934973,0.010090732176054969
7673.0,0.47613449470797603,0.010090732176054969
7674.0,0.46889207332824057,0.010090732176054969
7675.0,0.46164965194850516,0.010090732176054969
7676.0,0.4612589637213994,0.010090732176054969
7677.0,0.4634038675326819,0.010090732176054969
7678.0,0.463861049604319,0.010090732176054969
7679.0,0.4608750329443537,0.010090732176054969
7680.0,0.45788901628438844,0.010090732176054969
7681.0,0.4695672638637796,0.010090732176054969
7682.0,0.4823837467010739,0.010090732176054969
7683.0,0.4839351985542894,0.010090732176054969
7684.0,0.4753763492509762,0.010090732176054969
7685.0,0.4682499068785287,0.010090732176054969
7686.0,0.47105481922673653,0.010090732176054969
7687.0,0.4738597315749444,0.010090732176054969
7688.0,0.47110861560489936,0.010090732176054969
7689.0,0.4662509922095627,0.010090732176054969
7690.0,0.46184268851309235,0.010090732176054969
7691.0,0.4583712995961094,0.010090732176054969
7692.0,0.45489991067912644,0.010090732176054969
7693.0,0.4615607746572313,0.010090732176054969
7694.0,0.46906489505312615,0.010090732176054969
7695.0,0.47042090167776623,0.010090732176054969
7696.0,0.46615173754158185,0.010090732176054969
7697.0,0.46261227468816113,0.010090732176054969
7698.0,0.46436133994345746,0.010090732176054969
7699.0,0.46611040519875374,0.010090732176054969
7700.0,0.46368802172594076,0.010090732176054969
7701.0,0.4596457256637124,0.010090732176054969
7702.0,0.4589522352282733,0.010090732176054969
7703.0,0.4653969883657107,0.010090732176054969
7704.0,0.47184174150314806,0.010090732176054969
7705.0,0.4627317717241802,0.010090732176054969
7706.0,0.4522391599081989,0.010090732176054969
7707.0,0.44877264627048474,0.010090732176054969
7708.0,0.4518594771052954,0.010090732176054969
7709.0,0.4556733479599007,0.010090732176054969
7710.0,0.46500372865542244,0.010090732176054969
7711.0,0.4743341093509442,0.010090732176054969
7712.0,0.47097993183779874,0.010090732176054969
7713.0,0.46258172698329775,0.010090732176054969
7714.0,0.4562537721055236,0.010090732176054969
7715.0,0.45443769790222005,0.010090732176054969
7716.0,0.4526216236989165,0.010090732176054969
7717.0,0.4581573526554798,0.010090732176054969
7718.0,0.4643886530016723,0.010090732176054969
7719.0,0.4659561757219112,0.010090732176054969
7720.0,0.4630892869289469,0.010090732176054969
7721.0,0.4594251816399039,0.010090732176054969
7722.0,0.4494176332638057,0.010090732176054969
7723.0,0.43941008488770744,0.010090732176054969
7724.0,0.4440240103083655,0.010090732176054969
7725.0,0.4545902586766927,0.010090732176054969
7726.0,0.45805949982365723,0.010090732176054969
7727.0,0.4457117675121827,0.010090732176054969
7728.0,0.43336403520070815,0.010090732176054969
7729.0,0.4344571794496908,0.010090732176054969
7730.0,0.43689973799008225,0.010090732176054969
7731.0,0.4428318902477093,0.010090732176054969
7732.0,0.45214639102558435,0.010090732176054969
7733.0,0.46003538815059264,0.010090732176054969
7734.0,0.45600781541341373,0.010090732176054969
7735.0,0.4519802426762347,0.010090732176054969
7736.0,0.44567462777281197,0.010090732176054969
7737.0,0.4384198286334555,0.010090732176054969
7738.0,0.43476140184264855,0.010090732176054969
7739.0,0.4393010049329566,0.010090732176054969
7740.0,0.4438406080232646,0.010090732176054969
7741.0,0.4454565240978898,0.010090732176054969
7742.0,0.44676182269409015,0.010090732176054969
7743.0,0.4463238374676502,0.010090732176054969
7744.0,0.4441633713281528,0.010090732176054969
7745.0,0.4429818934555809,0.010090732176054969
7746.0,0.45041551233193416,0.010090732176054969
7747.0,0.4578491312082875,0.010090732176054969
7748.0,0.4520873957243882,0.010090732176054969
7749.0,0.4406995588095081,0.010090732176054969
7750.0,0.4339452395357913,0.010090732176054969
7751.0,0.43799628340125835,0.010090732176054969
7752.0,0.44204732726672535,0.010090732176054969
7753.0,0.44174632592812385,0.010090732176054969
7754.0,0.44095724475355536,0.010090732176054969
7755.0,0.4401625519759419,0.010090732176054969
7756.0,0.4393622070294783,0.010090732176054969
7757.0,0.4383970298167235,0.010090732176054969
7758.0,0.4359015579835956,0.010090732176054969
7759.0,0.43340608615046766,0.010090732176054969
7760.0,0.42936645774395643,0.010090732176054969
7761.0,0.42465325759078004,0.010090732176054969
7762.0,0.42343098498277315,0.010090732176054969
7763.0,0.4305386898910633,0.010090732176054969
7764.0,0.4376463947993535,0.010090732176054969
7765.0,0.4393746026891582,0.010090732176054969
7766.0,0.44046738005865904,0.010090732176054969
7767.0,0.44223763337608635,0.010090732176054969
7768.0,0.44470349460111547,0.010090732176054969
7769.0,0.4464691084459095,0.010090732176054969
7770.0,0.44135956619385397,0.010090732176054969
7771.0,0.43625002394179857,0.010090732176054969
7772.0,0.4353585294017641,0.010090732176054969
7773.0,0.43634904573323485,0.010090732176054969
7774.0,0.4370565833103858,0.010090732176054969
7775.0,0.4370730446734751,0.010090732176054969
7776.0,0.43708950603656443,0.010090732176054969
7777.0,0.4248171746160575,0.010090732176054969
7778.0,0.4110191091387548,0.010090732176054969
7779.0,0.40603591120109944,0.010090732176054969
7780.0,0.4102790856759504,0.010090732176054969
7781.0,0.41441505362354775,0.010090732176054969
7782.0,0.4174348988216616,0.010090732176054969
7783.0,0.42045474401977556,0.010090732176054969
7784.0,0.4266789183954655,0.010090732176054969
7785.0,0.43436520800777706,0.010090732176054969
7786.0,0.43993331223077436,0.010090732176054969
7787.0,0.44020595298049603,0.010090732176054969
7788.0,0.4404785937302177,0.010090732176054969
7789.0,0.43197510195167554,0.010090732176054969
7790.0,0.4223284504408214,0.010090732176054969
7791.0,0.4194388960235249,0.010090732176054969
7792.0,0.42375914743805376,0.010090732176054969
7793.0,0.42696572591298826,0.010090732176054969
7794.0,0.41784120111471423,0.010090732176054969
7795.0,0.40871667631644026,0.010090732176054969
7796.0,0.409368654396092,0.010090732176054969
7797.0,0.4145818530085719,0.010090732176054969
7798.0,0.4168568861860551,0.010090732176054969
7799.0,0.41161071810044303,0.010090732176054969
7800.0,0.40636455001483085,0.010090732176054969
7801.0,0.40338066756501967,0.010090732176054969
7802.0,0.4007054188990822,0.010090732176054969
7803.0,0.4002971835361636,0.010090732176054969
7804.0,0.402354822292311,0.010090732176054969
7805.0,0.40416970299284505,0.010090732176054969
7806.0,0.4031163038978354,0.010090732176054969
7807.0,0.40206290480282575,0.010090732176054969
7808.0,0.41313800021132596,0.010090732176054969
7809.0,0.42999778537414124,0.010090732176054969
7810.0,0.43721322134146495,0.010090732176054969
7811.0,0.41914368963542065,0.010090732176054969
7812.0,0.4010741579293763,0.010090732176054969
7813.0,0.4029504233538284,0.010090732176054969
7814.0,0.407672179726921,0.010090732176054969
7815.0,0.40925069739955394,0.010090732176054969
7816.0,0.407343801019528,0.010090732176054969
7817.0,0.4054154198127667,0.010090732176054969
7818.0,0.40321513227420885,0.010090732176054969
7819.0,0.40101484473565097,0.010090732176054969
7820.0,0.40169737159616214,0.010090732176054969
7821.0,0.4037852704762184,0.010090732176054969
7822.0,0.404833506502973,0.010090732176054969
7823.0,0.40308937371577985,0.010090732176054969
7824.0,0.40134524092858664,0.010090732176054969
7825.0,0.4038837447515507,0.010090732176054969
7826.0,0.4070602137523029,0.010090732176054969
7827.0,0.4094955470211013,0.010090732176054969
7828.0,0.411093074679867,0.010090732176054969
7829.0,0.41291660546366316,0.010090732176054969
7830.0,0.41781695072155395,0.010090732176054969
7831.0,0.42271729597944485,0.010090732176054969
7832.0,0.41552342626863015,0.010090732176054969
7833.0,0.40230420125867294,0.010090732176054969
7834.0,0.3926989618157685,0.010090732176054969
7835.0,0.39304032228938846,0.010090732176054969
7836.0,0.3933816827630083,0.010090732176054969
7837.0,0.39668936300594565,0.010090732176054969
7838.0,0.40045783078586233,0.010090732176054969
7839.0,0.4042002679231858,0.010090732176054969
7840.0,0.40791270592201684,0.010090732176054969
7841.0,0.4110787581566289,0.010090732176054969
7842.0,0.40620366140846087,0.010090732176054969
7843.0,0.4013285646602929,0.010090732176054969
7844.0,0.3931189789240549,0.010090732176054969
7845.0,0.38321194498917993,0.010090732176054969
7846.0,0.37746457090507773,0.010090732176054969
7847.0,0.38345201704216486,0.010090732176054969
7848.0,0.38943946317925193,0.010090732176054969
7849.0,0.3861907423755649,0.010090732176054969
7850.0,0.38144774630670353,0.010090732176054969
7851.0,0.38401348684469017,0.010090732176054969
7852.0,0.39516651582412865,0.010090732176054969
7853.0,0.4053322894774311,0.010090732176054969
7854.0,0.3997019779125439,0.010090732176054969
7855.0,0.3940716663476566,0.010090732176054969
7856.0,0.3903974978304933,0.010090732176054969
7857.0,0.3877406664823087,0.010090732176054969
7858.0,0.38403761350917753,0.010090732176054969
7859.0,0.3773083400414565,0.010090732176054969
7860.0,0.3705790665737354,0.010090732176054969
7861.0,0.38227243939107886,0.010090732176054969
7862.0,0.3970663978384382,0.010090732176054969
7863.0,0.4035302046218212,0.010090732176054969
7864.0,0.4000154128420193,0.010090732176054969
7865.0,0.39651910992013284,0.010090732176054969
7866.0,0.39334656744351854,0.010090732176054969
7867.0,0.39017402496690423,0.010090732176054969
7868.0,0.38990753668676803,0.010090732176054969
7869.0,0.39118488969851173,0.010090732176054969
7870.0,0.39100659637665375,0.010090732176054969
7871.0,0.3865098855984509,0.010090732176054969
7872.0,0.38201317482024805,0.010090732176054969
7873.0,0.37793720282688636,0.010090732176054969
7874.0,0.3739348156139478,0.010090732176054969
7875.0,0.37428387171121996,0.010090732176054969
7876.0,0.3799474905713572,0.010090732176054969
7877.0,0.3851356263759162,0.010090732176054969
7878.0,0.38113882120456644,0.010090732176054969
7879.0,0.37714201603321673,0.010090732176054969
7880.0,0.37248709716832373,0.010090732176054969
7881.0,0.3674750906882308,0.010090732176054969
7882.0,0.3660079499214662,0.010090732176054969
7883.0,0.3753302790685312,0.010090732176054969
7884.0,0.38465260821559627,0.010090732176054969
7885.0,0.3896042019431001,0.010090732176054969
7886.0,0.3937622437079045,0.010090732176054969
7887.0,0.39295889928063393,0.010090732176054969
7888.0,0.38597722487834235,0.010090732176054969
7889.0,0.37892778999725696,0.010090732176054969
7890.0,0.37042058913996384,0.010090732176054969
7891.0,0.3619133882826707,0.010090732176054969
7892.0,0.35886291044715257,0.010090732176054969
7893.0,0.3588360272710801,0.010090732176054969
7894.0,0.35922508290189975,0.010090732176054969
7895.0,0.360913432528505,0.010090732176054969
7896.0,0.36260178215511024,0.010090732176054969
7897.0,0.3718765217381773,0.010090732176054969
7898.0,0.38257979694784733,0.010090732176054969
7899.0,0.385482660251199,0.010090732176054969
7900.0,0.3784809133410822,0.010090732176054969
7901.0,0.3716795676674329,0.010090732176054969
7902.0,0.36973643378686516,0.010090732176054969
7903.0,0.3677932999062975,0.010090732176054969
7904.0,0.3657545912586214,0.010090732176054969
7905.0,0.36366180741376575,0.010090732176054969
7906.0,0.3625879983940073,0.010090732176054969
7907.0,0.3647821136870518,0.010090732176054969
7908.0,0.3669762289800964,0.010090732176054969
7909.0,0.3657108008721461,0.010090732176054969
7910.0,0.3637703399054652,0.010090732176054969
7911.0,0.36305299052209733,0.010090732176054969
7912.0,0.3639192842355779,0.010090732176054969
7913.0,0.3648502661017045,0.010090732176054969
7914.0,0.36757467123429266,0.010090732176054969
7915.0,0.3702990763668808,0.010090732176054969
7916.0,0.37135010061845647,0.010090732176054969
7917.0,0.37143449386869154,0.010090732176054969
7918.0,0.3707286882315583,0.010090732176054969
7919.0,0.36742011409427877,0.010090732176054969
7920.0,0.36411153995699924,0.010090732176054969
7921.0,0.36408636844904574,0.010090732176054969
7922.0,0.36472451060358047,0.010090732176054969
7923.0,0.36393123557120366,0.010090732176054969
7924.0,0.36124801138396273,0.010090732176054969
7925.0,0.35842442689658865,0.010090732176054969
7926.0,0.3510643975089693,0.010090732176054969
7927.0,0.34370436812135,0.010090732176054969
7928.0,0.34910208010369576,0.010090732176054969
7929.0,0.3620229640007757,0.010090732176054969
7930.0,0.37078447669103,0.010090732176054969
7931.0,0.3654698015603181,0.010090732176054969
7932.0,0.3601551264296063,0.010090732176054969
7933.0,0.359368732428191,0.010090732176054969
7934.0,0.35952874261054824,0.010090732176054969
7935.0,0.355647925363934,0.010090732176054969
7936.0,0.3463262193538103,0.010090732176054969
7937.0,0.33752257680126146,0.010090732176054969
7938.0,0.3487507212750626,0.010090732176054969
7939.0,0.3599788657488639,0.010090732176054969
7940.0,0.367593131624977,0.010090732176054969
7941.0,0.3730321205759458,0.010090732176054969
7942.0,0.3744428398322115,0.010090732176054969
7943.0,0.36184124461287487,0.010090732176054969
7944.0,0.3492396493935382,0.010090732176054969
7945.0,0.345013172048165,0.010090732176054969
7946.0,0.3425962092215429,0.010090732176054969
7947.0,0.3415798734446117,0.010090732176054969
7948.0,0.34248690586696595,0.010090732176054969
7949.0,0.3436488996215635,0.010090732176054969
7950.0,0.3570490373237013,0.010090732176054969
7951.0,0.37044917502583913,0.010090732176054969
7952.0,0.36851290295573835,0.010090732176054969
7953.0,0.3571548442620213,0.010090732176054969
7954.0,0.3485871234085807,0.010090732176054969
7955.0,0.3500002263684251,0.010090732176054969
7956.0,0.3514133293282696,0.010090732176054969
7957.0,0.3442287011510714,0.010090732176054969
7958.0,0.3351250492839688,0.010090732176054969
7959.0,0.33378400275279746,0.010090732176054969
7960.0,0.3433150778160358,0.010090732176054969
7961.0,0.35261929629428923,0.010090732176054969
7962.0,0.34761409941251215,0.010090732176054969
7963.0,0.3426089025307351,0.010090732176054969
7964.0,0.3394708403210533,0.010090732176054969
7965.0,0.33750338402883684,0.010090732176054969
7966.0,0.3370971871018739,0.010090732176054969
7967.0,0.34243607379422325,0.010090732176054969
7968.0,0.3477749604865726,0.010090732176054969
7969.0,0.34753958145703073,0.010090732176054969
7970.0,0.3460197335166846,0.010090732176054969
7971.0,0.3438559469111215,0.010090732176054969
7972.0,0.3407722479266792,0.010090732176054969
7973.0,0.33773063229596717,0.010090732176054969
7974.0,0.3385419814956481,0.010090732176054969
7975.0,0.339353330695329,0.010090732176054969
7976.0,0.33443014287204004,0.010090732176054969
7977.0,0.32583820596910285,0.010090732176054969
7978.0,0.31964888694016635,0.010090732176054969
7979.0,0.32255913790528823,0.010090732176054969
7980.0,0.3254693888704101,0.010090732176054969
7981.0,0.3308981862244932,0.010090732176054969
7982.0,0.33692574646450874,0.010090732176054969
7983.0,0.33636877489534595,0.010090732176054969
7984.0,0.32621664487859003,0.010090732176054969
7985.0,0.3162161633007974,0.010090732176054969
7986.0,0.33132866321348015,0.010090732176054969
7987.0,0.3464411631261629,0.010090732176054969
7988.0,0.3520706587545538,0.010090732176054969
7989.0,0.3515098599195867,0.010090732176054969
7990.0,0.34882168600602803,0.010090732176054969
7991.0,0.3378367492859832,0.010090732176054969
7992.0,0.32685181256593837,0.010090732176054969
7993.0,0.32979355665677157,0.010090732176054969
7994.0,0.33614931517658075,0.010090732176054969
7995.0,0.3384075948004802,0.010090732176054969
7996.0,0.3345746968418131,0.010090732176054969
7997.0,0.3307418425728775,0.010090732176054969
7998.0,0.3269453381604342,0.010090732176054969
7999.0,0.323148833747991,0.010090732176054969
8000.0,0.320790831746431,0.010090732176054969
8001.0,0.31939087235051794,0.010090732176054969
8002.0,0.3183553374305129,0.010090732176054969
8003.0,0.3187840863986461,0.010090732176054969
8004.0,0.31921283536677925,0.010090732176054969
8005.0,0.31816674775245296,0.010090732176054969
8006.0,0.31674806984361137,0.010090732176054969
8007.0,0.3176532968018772,0.010090732176054969
8008.0,0.3220829957942477,0.010090732176054969
8009.0,0.3265126947866182,0.010090732176054969
8010.0,0.3236416039597936,0.010090732176054969
8011.0,0.3207441247360342,0.010090732176054969
8012.0,0.3228343159874257,0.010090732176054969
8013.0,0.32831330754148014,0.010090732176054969
8014.0,0.3316603972504314,0.010090732176054969
8015.0,0.3261772021565308,0.010090732176054969
8016.0,0.3206940070626303,0.010090732176054969
8017.0,0.31981693862429905,0.010090732176054969
8018.0,0.32013843869543007,0.010090732176054969
8019.0,0.32017768939516633,0.010090732176054969
8020.0,0.31978018724497703,0.010090732176054969
8021.0,0.3193826850947877,0.010090732176054969
8022.0,0.31458380515973755,0.010090732176054969
8023.0,0.30974762541295425,0.010090732176054969
8024.0,0.30931909448233114,0.010090732176054969
8025.0,0.31194545836128024,0.010090732176054969
8026.0,0.3150978434500659,0.010090732176054969
8027.0,0.32049747104922033,0.010090732176054969
8028.0,0.3258970986483747,0.010090732176054969
8029.0,0.32517116647589095,0.010090732176054969
8030.0,0.32280429287295465,0.010090732176054969
8031.0,0.31928322027690814,0.010090732176054969
8032.0,0.31393972821806065,0.010090732176054969
8033.0,0.3085962361592132,0.010090732176054969
8034.0,0.3100606856204135,0.010090732176054969
8035.0,0.3116162389219056,0.010090732176054969
8036.0,0.3139297380844629,0.010090732176054969
8037.0,0.3167790801201082,0.010090732176054969
8038.0,0.31857562211749657,0.010090732176054969
8039.0,0.31573027303711887,0.010090732176054969
8040.0,0.31288492395674117,0.010090732176054969
8041.0,0.31062438315521657,0.010090732176054969
8042.0,0.3085250452483216,0.010090732176054969
8043.0,0.3057185159032094,0.010090732176054969
8044.0,0.30177249941313294,0.010090732176054969
8045.0,0.29782648292305647,0.010090732176054969
8046.0,0.3018211646263368,0.010090732176054969
8047.0,0.30596145815467457,0.010090732176054969
8048.0,0.3035968155221359,0.010090732176054969
8049.0,0.29654163007937917,0.010090732176054969
8050.0,0.29097043985660465,0.010090732176054969
8051.0,0.2921563745354614,0.010090732176054969
8052.0,0.29334230921431814,0.010090732176054969
8053.0,0.2941634195775952,0.010090732176054969
8054.0,0.294881097469275,0.010090732176054969
8055.0,0.2997150070344625,0.010090732176054969
8056.0,0.3113178309071836,0.010090732176054969
8057.0,0.32292065477990467,0.010090732176054969
8058.0,0.3182322461378411,0.010090732176054969
8059.0,0.3131635753117709,0.010090732176054969
8060.0,0.30985275782309246,0.010090732176054969
8061.0,0.3078346949762854,0.010090732176054969
8062.0,0.30503513015125894,0.010090732176054969
8063.0,0.2985582238259786,0.010090732176054969
8064.0,0.29208131750069827,0.010090732176054969
8065.0,0.297747622384402,0.010090732176054969
8066.0,0.3069533438685463,0.010090732176054969
8067.0,0.31191488114526533,0.010090732176054969
8068.0,0.3097527394628948,0.010090732176054969
8069.0,0.30759059778052417,0.010090732176054969
8070.0,0.3084607434375406,0.010090732176054969
8071.0,0.30941699108073595,0.010090732176054969
8072.0,0.3089192990210053,0.010090732176054969
8073.0,0.30733115218407964,0.010090732176054969
8074.0,0.30436178473351316,0.010090732176054969
8075.0,0.29467112542362506,0.010090732176054969
8076.0,0.284980466113737,0.010090732176054969
8077.0,0.2906308333738893,0.010090732176054969
8078.0,0.300876328717404,0.010090732176054969
8079.0,0.3074185120079753,0.010090732176054969
8080.0,0.3076156068951396,0.010090732176054969
8081.0,0.3078127017823039,0.010090732176054969
8082.0,0.3012299861819091,0.010090732176054969
8083.0,0.29442015534186183,0.010090732176054969
8084.0,0.2913992229426492,0.010090732176054969
8085.0,0.2912761556644959,0.010090732176054969
8086.0,0.2916681356521466,0.010090732176054969
8087.0,0.29465401310162387,0.010090732176054969
8088.0,0.2976398905511012,0.010090732176054969
8089.0,0.29535169417451207,0.010090732176054969
8090.0,0.29144070585144294,0.010090732176054969
8091.0,0.2892335687908518,0.010090732176054969
8092.0,0.29000676562171557,0.010090732176054969
8093.0,0.29077996245257937,0.010090732176054969
8094.0,0.29215121819041434,0.010090732176054969
8095.0,0.2935455909184189,0.010090732176054969
8096.0,0.29174245044257824,0.010090732176054969
8097.0,0.2874455229594714,0.010090732176054969
8098.0,0.28426108319569543,0.010090732176054969
8099.0,0.28687984429618396,0.010090732176054969
8100.0,0.28949860539667255,0.010090732176054969
8101.0,0.28488052161192917,0.010090732176054969
8102.0,0.2779759149566618,0.010090732176054969
8103.0,0.2742755573876637,0.010090732176054969
8104.0,0.27629783865500984,0.010090732176054969
8105.0,0.27832011992235595,0.010090732176054969
8106.0,0.2845558423909966,0.010090732176054969
8107.0,0.2909763649123231,0.010090732176054969
8108.0,0.28984629432876186,0.010090732176054969
8109.0,0.282711549487221,0.010090732176054969
8110.0,0.27639310764274505,0.010090732176054969
8111.0,0.2744889812362258,0.010090732176054969
8112.0,0.27258485482970657,0.010090732176054969
8113.0,0.28008640861220874,0.010090732176054969
8114.0,0.29063845326682497,0.010090732176054969
8115.0,0.29453173942604083,0.010090732176054969
8116.0,0.28628125585468817,0.010090732176054969
8117.0,0.27803077228333545,0.010090732176054969
8118.0,0.2813391328786143,0.010090732176054969
8119.0,0.2852152452654527,0.010090732176054969
8120.0,0.2836560883508953,0.010090732176054969
8121.0,0.27768963698108373,0.010090732176054969
8122.0,0.27280696494108597,0.010090732176054969
8123.0,0.27400549914059985,0.010090732176054969
8124.0,0.2752040333401137,0.010090732176054969
8125.0,0.2757229439521227,0.010090732176054969
8126.0,0.2760156758342106,0.010090732176054969
8127.0,0.27838277016451807,0.010090732176054969
8128.0,0.28461345365955143,0.010090732176054969
8129.0,0.29084413715458474,0.010090732176054969
8130.0,0.2739438314552089,0.010090732176054969
8131.0,0.25578449723007163,0.010090732176054969
8132.0,0.2531487885460844,0.010090732176054969
8133.0,0.2633473053643235,0.010090732176054969
8134.0,0.27193189645286686,0.010090732176054969
8135.0,0.271110740051162,0.010090732176054969
8136.0,0.2702895836494571,0.010090732176054969
8137.0,0.2678317618820365,0.010090732176054969
8138.0,0.2648152073327609,0.010090732176054969
8139.0,0.2648617603461788,0.010090732176054969
8140.0,0.270735688722761,0.010090732176054969
8141.0,0.27660961709934306,0.010090732176054969
8142.0,0.26761347874815195,0.010090732176054969
8143.0,0.2577281633788856,0.010090732176054969
8144.0,0.2583533030413792,0.010090732176054969
8145.0,0.26783791917974814,0.010090732176054969
8146.0,0.2746259205390595,0.010090732176054969
8147.0,0.2650742645507911,0.010090732176054969
8148.0,0.2555226085625227,0.010090732176054969
8149.0,0.25775548399383524,0.010090732176054969
8150.0,0.2641139004083339,0.010090732176054969
8151.0,0.2682870806947121,0.010090732176054969
8152.0,0.26821333564376715,0.010090732176054969
8153.0,0.2681395905928222,0.010090732176054969
8154.0,0.27402463223412343,0.010090732176054969
8155.0,0.2802982903988304,0.010090732176054969
8156.0,0.2857719595312513,0.010090732176054969
8157.0,0.29055813808905306,0.010090732176054969
8158.0,0.29245959291350765,0.010090732176054969
8159.0,0.27616704454258506,0.010090732176054969
8160.0,0.2598744961716624,0.010090732176054969
8161.0,0.25779712560239526,0.010090732176054969
8162.0,0.26082145016584224,0.010090732176054969
8163.0,0.26357128204969865,0.010090732176054969
8164.0,0.2657760639532932,0.010090732176054969
8165.0,0.2679808458568877,0.010090732176054969
8166.0,0.2584415606834474,0.010090732176054969
8167.0,0.24807203940559772,0.010090732176054969
8168.0,0.24749130240536318,0.010090732176054969
8169.0,0.2554867750537549,0.010090732176054969
8170.0,0.26137325553629837,0.010090732176054969
8171.0,0.25339790569247395,0.010090732176054969
8172.0,0.24542255584864953,0.010090732176054969
8173.0,0.24624814182847132,0.010090732176054969
8174.0,0.250310853628483,0.010090732176054969
8175.0,0.2572520399485034,0.010090732176054969
8176.0,0.27003391274910876,0.010090732176054969
8177.0,0.28281578554971415,0.010090732176054969
8178.0,0.26978146386572704,0.010090732176054969
8179.0,0.25477924105177985,0.010090732176054969
8180.0,0.2503553579852586,0.010090732176054969
8181.0,0.2553798556476685,0.010090732176054969
8182.0,0.2598060219047735,0.010090732176054969
8183.0,0.260128537863233,0.010090732176054969
8184.0,0.2604510538216924,0.010090732176054969
8185.0,0.256553868270183,0.010090732176054969
8186.0,0.2510664481000446,0.010090732176054969
8187.0,0.24900339624811943,0.010090732176054969
8188.0,0.2540418019417135,0.010090732176054969
8189.0,0.2590802076353076,0.010090732176054969
8190.0,0.2573076634574137,0.010090732176054969
8191.0,0.25497785974458353,0.010090732176054969
8192.0,0.25655762866300946,0.010090732176054969
8193.0,0.2616972607342078,0.010090732176054969
8194.0,0.265660495855771,0.010090732176054969
8195.0,0.26119288617172054,0.010090732176054969
8196.0,0.25672527648767,0.010090732176054969
8197.0,0.25295183108854014,0.010090732176054969
8198.0,0.24944634927360582,0.010090732176054969
8199.0,0.2483077162762119,0.010090732176054969
8200.0,0.25218644818790187,0.010090732176054969
8201.0,0.2560651800995919,0.010090732176054969
8202.0,0.25475799987495407,0.010090732176054969
8203.0,0.25299722159139976,0.010090732176054969
8204.0,0.25600723784956897,0.010090732176054969
8205.0,0.2634456999670791,0.010090732176054969
8206.0,0.2684615427413383,0.010090732176054969
8207.0,0.25530774044119703,0.010090732176054969
8208.0,0.24215393814105576,0.010090732176054969
8209.0,0.24077438337901141,0.010090732176054969
8210.0,0.24404930503067948,0.010090732176054969
8211.0,0.24590229149175094,0.010090732176054969
8212.0,0.24467351727356754,0.010090732176054969
8213.0,0.24344474305538416,0.010090732176054969
8214.0,0.245846220123613,0.010090732176054969
8215.0,0.24858594895211913,0.010090732176054969
8216.0,0.24617637964441325,0.010090732176054969
8217.0,0.2388942268199614,0.010090732176054969
8218.0,0.23269401495113254,0.010090732176054969
8219.0,0.2349997005951039,0.010090732176054969
8220.0,0.2373053862390752,0.010090732176054969
8221.0,0.23596384969448173,0.010090732176054969
8222.0,0.23314620298925998,0.010090732176054969
8223.0,0.23061020940062527,0.010090732176054969
8224.0,0.2286984200163206,0.010090732176054969
8225.0,0.22678663063201593,0.010090732176054969
8226.0,0.23398834920863426,0.010090732176054969
8227.0,0.24209180010326845,0.010090732176054969
8228.0,0.24851053660150813,0.010090732176054969
8229.0,0.25330415944851004,0.010090732176054969
8230.0,0.256536635349831,0.010090732176054969
8231.0,0.24688097591078353,0.010090732176054969
8232.0,0.23722531647173603,0.010090732176054969
8233.0,0.23172647275429475,0.010090732176054969
8234.0,0.22794963758705147,0.010090732176054969
8235.0,0.225986206764068,0.010090732176054969
8236.0,0.22813315912141247,0.010090732176054969
8237.0,0.23028011147875696,0.010090732176054969
8238.0,0.23509071975304455,0.010090732176054969
8239.0,0.24018041133958434,0.010090732176054969
8240.0,0.24148358432672135,0.010090732176054969
8241.0,0.23906334735778767,0.010090732176054969
8242.0,0.23667174283003833,0.010090732176054969
8243.0,0.23452884101815968,0.010090732176054969
8244.0,0.2323859392062811,0.010090732176054969
8245.0,0.22621706945430053,0.010090732176054969
8246.0,0.21834146457558784,0.010090732176054969
8247.0,0.2186291950209379,0.010090732176054969
8248.0,0.23784545597864942,0.010090732176054969
8249.0,0.25706171693636093,0.010090732176054969
8250.0,0.2518340392340552,0.010090732176054969
8251.0,0.24390123232005648,0.010090732176054969
8252.0,0.2415235177924124,0.010090732176054969
8253.0,0.24471424923856896,0.010090732176054969
8254.0,0.24697602561880802,0.010090732176054969
8255.0,0.24072993304164,0.010090732176054969
8256.0,0.23448384046447204,0.010090732176054969
8257.0,0.22774678546033822,0.010090732176054969
8258.0,0.22079678289752047,0.010090732176054969
8259.0,0.2173227672368716,0.010090732176054969
8260.0,0.22209542495543957,0.010090732176054969
8261.0,0.22686808267400754,0.010090732176054969
8262.0,0.22830410307332244,0.010090732176054969
8263.0,0.22935099820886,0.010090732176054969
8264.0,0.22871273684201415,0.010090732176054969
8265.0,0.22635250730162546,0.010090732176054969
8266.0,0.2251336611220798,0.010090732176054969
8267.0,0.2349628205507004,0.010090732176054969
8268.0,0.24479197997932098,0.010090732176054969
8269.0,0.24180853149254455,0.010090732176054969
8270.0,0.23314045973655564,0.010090732176054969
8271.0,0.22565064278026897,0.010090732176054969
8272.0,0.22102160908250706,0.010090732176054969
8273.0,0.21639257538474518,0.010090732176054969
8274.0,0.21701591181863802,0.010090732176054969
8275.0,0.21828340685358644,0.010090732176054969
8276.0,0.21555853975836892,0.010090732176054969
8277.0,0.2086749621108933,0.010090732176054969
8278.0,0.20300288050429924,0.010090732176054969
8279.0,0.20975681910075109,0.010090732176054969
8280.0,0.21651075769720296,0.010090732176054969
8281.0,0.2199787200107255,0.010090732176054969
8282.0,0.22195566341750136,0.010090732176054969
8283.0,0.22174991070329844,0.010090732176054969
8284.0,0.21611938185581606,0.010090732176054969
8285.0,0.21048885300833364,0.010090732176054969
8286.0,0.2158276464475138,0.010090732176054969
8287.0,0.22257848001844827,0.010090732176054969
8288.0,0.22783804590087448,0.010090732176054969
8289.0,0.23151406267842592,0.010090732176054969
8290.0,0.2344027165900127,0.010090732176054969
8291.0,0.228709115262663,0.010090732176054969
8292.0,0.22301551393531335,0.010090732176054969
8293.0,0.21702074633619106,0.010090732176054969
8294.0,0.21088624605561326,0.010090732176054969
8295.0,0.20825010034670371,0.010090732176054969
8296.0,0.21451615052648046,0.010090732176054969
8297.0,0.22078220070625718,0.010090732176054969
8298.0,0.21331816870694792,0.010090732176054969
8299.0,0.20400225913852843,0.010090732176054969
8300.0,0.1996943937776767,0.010090732176054969
8301.0,0.20080773627150314,0.010090732176054969
8302.0,0.2019728670065022,0.010090732176054969
8303.0,0.20373983987754357,0.010090732176054969
8304.0,0.20550681274858498,0.010090732176054969
8305.0,0.2091198414649009,0.010090732176054969
8306.0,0.21360852144941903,0.010090732176054969
8307.0,0.21658722797060947,0.010090732176054969
8308.0,0.21563085213282765,0.010090732176054969
8309.0,0.2146744762950458,0.010090732176054969
8310.0,0.21535547139369163,0.010090732176054969
8311.0,0.21626749280254454,0.010090732176054969
8312.0,0.2131559376480421,0.010090732176054969
8313.0,0.2056042235082065,0.010090732176054969
8314.0,0.19849459412074985,0.010090732176054969
8315.0,0.19688250254098644,0.010090732176054969
8316.0,0.195270410961223,0.010090732176054969
8317.0,0.19995626727299778,0.010090732176054969
8318.0,0.20769567407763856,0.010090732176054969
8319.0,0.21187141859908096,0.010090732176054969
8320.0,0.20653359773015942,0.010090732176054969
8321.0,0.20119577686123788,0.010090732176054969
8322.0,0.20370091477349958,0.010090732176054969
8323.0,0.2073619708532261,0.010090732176054969
8324.0,0.21006289099626738,0.010090732176054969
8325.0,0.21168365821053584,0.010090732176054969
8326.0,0.21325539479265984,0.010090732176054969
8327.0,0.21417198068664645,0.010090732176054969
8328.0,0.21508856658063305,0.010090732176054969
8329.0,0.21194947537026326,0.010090732176054969
8330.0,0.20680074882632063,0.010090732176054969
8331.0,0.20503073125322432,0.010090732176054969
8332.0,0.2125029220757605,0.010090732176054969
8333.0,0.2199751128982966,0.010090732176054969
8334.0,0.21269051737128983,0.010090732176054969
8335.0,0.20313721923378383,0.010090732176054969
8336.0,0.19923677616324845,0.010090732176054969
8337.0,0.2018196333628224,0.010090732176054969
8338.0,0.20395386311451566,0.010090732176054969
8339.0,0.19961622653478592,0.010090732176054969
8340.0,0.19527858995505615,0.010090732176054969
8341.0,0.19458404733271084,0.010090732176054969
8342.0,0.19573410924574328,0.010090732176054969
8343.0,0.1962295065683623,0.010090732176054969
8344.0,0.19488945156899515,0.010090732176054969
8345.0,0.19354939656962802,0.010090732176054969
8346.0,0.19985496615632092,0.010090732176054969
8347.0,0.20738511349704972,0.010090732176054969
8348.0,0.20565027540346953,0.010090732176054969
8349.0,0.19308216007030776,0.010090732176054969
8350.0,0.18184550644539124,0.010090732176054969
8351.0,0.19145954317131322,0.010090732176054969
8352.0,0.20107357989723518,0.010090732176054969
8353.0,0.20589189939087812,0.010090732176054969
8354.0,0.20822937426892915,0.010090732176054969
8355.0,0.20898586800308203,0.010090732176054969
8356.0,0.20519796012360705,0.010090732176054969
8357.0,0.20141005224413214,0.010090732176054969
8358.0,0.19982224804878004,0.010090732176054969
8359.0,0.19860112780078096,0.010090732176054969
8360.0,0.19936948374775695,0.010090732176054969
8361.0,0.20250950473768337,0.010090732176054969
8362.0,0.20529274435578085,0.010090732176054969
8363.0,0.2019719200688129,0.010090732176054969
8364.0,0.19865109578184495,0.010090732176054969
8365.0,0.19665341495349506,0.010090732176054969
8366.0,0.19535493653996966,0.010090732176054969
8367.0,0.19456068784017147,0.010090732176054969
8368.0,0.1952528414244396,0.010090732176054969
8369.0,0.19594499500870774,0.010090732176054969
8370.0,0.19537500579801256,0.010090732176054969
8371.0,0.1945863636805854,0.010090732176054969
8372.0,0.1953975603704459,0.010090732176054969
8373.0,0.19815324199362358,0.010090732176054969
8374.0,0.20106156673584535,0.010090732176054969
8375.0,0.20684467022008252,0.010090732176054969
8376.0,0.21262777370431968,0.010090732176054969
8377.0,0.20962962932676418,0.010090732176054969
8378.0,0.2018918835154897,0.010090732176054969
8379.0,0.19562317810134708,0.010090732176054969
8380.0,0.19379707794615003,0.010090732176054969
8381.0,0.19197097779095293,0.010090732176054969
8382.0,0.185842571742497,0.010090732176054969
8383.0,0.17894023814666524,0.010090732176054969
8384.0,0.1780190599678507,0.010090732176054969
8385.0,0.18451001256115643,0.010090732176054969
8386.0,0.1906744516231933,0.010090732176054969
8387.0,0.1900078839126423,0.010090732176054969
8388.0,0.18934131620209135,0.010090732176054969
8389.0,0.1881513967292448,0.010090732176054969
8390.0,0.18667300030734957,0.010090732176054969
8391.0,0.18624426114347595,0.010090732176054969
8392.0,0.18907307898723882,0.010090732176054969
8393.0,0.19190189683100173,0.010090732176054969
8394.0,0.19507217175882324,0.010090732176054969
8395.0,0.19830616588609182,0.010090732176054969
8396.0,0.1986004311945053,0.010090732176054969
8397.0,0.19518009351170246,0.010090732176054969
8398.0,0.1918935562511653,0.010090732176054969
8399.0,0.19175132891383612,0.010090732176054969
8400.0,0.19160910157650696,0.010090732176054969
8401.0,0.18684123911934056,0.010090732176054969
8402.0,0.17946982969039785,0.010090732176054969
8403.0,0.17836217444224617,0.010090732176054969
8404.0,0.19721039934782614,0.010090732176054969
8405.0,0.21605862425340613,0.010090732176054969
8406.0,0.20261958202557068,0.010090732176054969
8407.0,0.18293586778768808,0.010090732176054969
8408.0,0.17309198742908344,0.010090732176054969
8409.0,0.17592635456875952,0.010090732176054969
8410.0,0.1787437712032742,0.010090732176054969
8411.0,0.18110747931631313,0.010090732176054969
8412.0,0.18347118742935203,0.010090732176054969
8413.0,0.17904972597832106,0.010090732176054969
8414.0,0.17072903664925176,0.010090732176054969
8415.0,0.16648243264811044,0.010090732176054969
8416.0,0.17556540013014735,0.010090732176054969
8417.0,0.18464836761218426,0.010090732176054969
8418.0,0.1743789151136383,0.010090732176054969
8419.0,0.16023340155270785,0.010090732176054969
8420.0,0.16160578944362725,0.010090732176054969
8421.0,0.18336697563094195,0.010090732176054969
8422.0,0.20388594391785317,0.010090732176054969
8423.0,0.18584837968222687,0.010090732176054969
8424.0,0.16781081544660056,0.010090732176054969
8425.0,0.16392657938903635,0.010090732176054969
8426.0,0.16834562919594176,0.010090732176054969
8427.0,0.17099737899552606,0.010090732176054969
8428.0,0.16770878007941142,0.010090732176054969
8429.0,0.1644201811632968,0.010090732176054969
8430.0,0.1637957319320963,0.010090732176054969
8431.0,0.1637234180703753,0.010090732176054969
8432.0,0.16355304842985413,0.010090732176054969
8433.0,0.1632512950632435,0.010090732176054969
8434.0,0.1631106204869237,0.010090732176054969
8435.0,0.16890789586141408,0.010090732176054969
8436.0,0.17470517123590443,0.010090732176054969
8437.0,0.17580740563984523,0.010090732176054969
8438.0,0.17409802241843048,0.010090732176054969
8439.0,0.17244690460909554,0.010090732176054969
8440.0,0.17099706731421757,0.010090732176054969
8441.0,0.16954723001933958,0.010090732176054969
8442.0,0.17037696641203148,0.010090732176054969
8443.0,0.1716951828806276,0.010090732176054969
8444.0,0.16961086475295725,0.010090732176054969
8445.0,0.1628770604298146,0.010090732176054969
8446.0,0.15641294599689626,0.010090732176054969
8447.0,0.16215979048239293,0.010090732176054969
8448.0,0.1679066349678896,0.010090732176054969
8449.0,0.17208186435334102,0.010090732176054969
8450.0,0.17529649340685216,0.010090732176054969
8451.0,0.17727634035071932,0.010090732176054969
8452.0,0.17487034920020186,0.010090732176054969
8453.0,0.17246435804968438,0.010090732176054969
8454.0,0.17224241677776853,0.010090732176054969
8455.0,0.17250404080155007,0.010090732176054969
8456.0,0.17246594027419376,0.010090732176054969
8457.0,0.17201012018562534,0.010090732176054969
8458.0,0.17139094434089225,0.010090732176054969
8459.0,0.16121545676081675,0.010090732176054969
8460.0,0.15103996918074128,0.010090732176054969
8461.0,0.15162813293572175,0.010090732176054969
8462.0,0.15893046516478446,0.010090732176054969
8463.0,0.16486060056286975,0.010090732176054969
8464.0,0.1657772346902202,0.010090732176054969
8465.0,0.16669386881757067,0.010090732176054969
8466.0,0.1653598777152004,0.010090732176054969
8467.0,0.1635113631458586,0.010090732176054969
8468.0,0.16216272051443925,0.010090732176054969
8469.0,0.16152465165523974,0.010090732176054969
8470.0,0.16091528964509716,0.010090732176054969
8471.0,0.16266850131252342,0.010090732176054969
8472.0,0.16442171297994965,0.010090732176054969
8473.0,0.16290845374399704,0.010090732176054969
8474.0,0.1593159478033511,0.010090732176054969
8475.0,0.15802039468887152,0.010090732176054969
8476.0,0.16536138420078084,0.010090732176054969
8477.0,0.17270237371269015,0.010090732176054969
8478.0,0.1721115054216779,0.010090732176054969
8479.0,0.169649471862622,0.010090732176054969
8480.0,0.16976831921094873,0.010090732176054969
8481.0,0.17362944387496768,0.010090732176054969
8482.0,0.17743086441864753,0.010090732176054969
8483.0,0.17300306704161153,0.010090732176054969
8484.0,0.1685752696645755,0.010090732176054969
8485.0,0.16713368531747402,0.010090732176054969
8486.0,0.1676316611165488,0.010090732176054969
8487.0,0.16722613395836045,0.010090732176054969
8488.0,0.16332283511767465,0.010090732176054969
8489.0,0.15941953627698882,0.010090732176054969
8490.0,0.1647615546093358,0.010090732176054969
8491.0,0.17235280682108145,0.010090732176054969
8492.0,0.175646130963787,0.010090732176054969
8493.0,0.17258210317106884,0.010090732176054969
8494.0,0.16950367015633683,0.010090732176054969
8495.0,0.16043986739438165,0.010090732176054969
8496.0,0.15137606463242645,0.010090732176054969
8497.0,0.1480014224085635,0.010090732176054969
8498.0,0.1483968426570451,0.010090732176054969
8499.0,0.15060028916583743,0.010090732176054969
8500.0,0.1600141877067358,0.010090732176054969
8501.0,0.1694280862476342,0.010090732176054969
8502.0,0.16403355255224267,0.010090732176054969
8503.0,0.15492579335614381,0.010090732176054969
8504.0,0.15168499623765117,0.010090732176054969
8505.0,0.15729765695307862,0.010090732176054969
8506.0,0.16291031766850608,0.010090732176054969
8507.0,0.16133388741116084,0.010090732176054969
8508.0,0.15974015488914123,0.010090732176054969
8509.0,0.1637965902127067,0.010090732176054969
8510.0,0.171672857319193,0.010090732176054969
8511.0,0.17553179928487603,0.010090732176054969
8512.0,0.16287780969031382,0.010090732176054969
8513.0,0.1502238200957516,0.010090732176054969
8514.0,0.14777236274495265,0.010090732176054969
8515.0,0.14795630269579552,0.010090732176054969
8516.0,0.14851867366471788,0.010090732176054969
8517.0,0.14966368995110996,0.010090732176054969
8518.0,0.15080870623750203,0.010090732176054969
8519.0,0.15148095635677386,0.010090732176054969
8520.0,0.1521497764917621,0.010090732176054969
8521.0,0.15160231927894988,0.010090732176054969
8522.0,0.1502160501021345,0.010090732176054969
8523.0,0.15037714729972482,0.010090732176054969
8524.0,0.15709752082649533,0.010090732176054969
8525.0,0.1638178943532659,0.010090732176054969
8526.0,0.16423303262472078,0.010090732176054969
8527.0,0.16297124662614546,0.010090732176054969
8528.0,0.1631986541909458,0.010090732176054969
8529.0,0.16576556645869867,0.010090732176054969
8530.0,0.16833247872645155,0.010090732176054969
8531.0,0.1559284147416746,0.010090732176054969
8532.0,0.14334244339053864,0.010090732176054969
8533.0,0.1389797959623744,0.010090732176054969
8534.0,0.14040206352297793,0.010090732176054969
8535.0,0.14250371927101768,0.010090732176054969
8536.0,0.14757715044539169,0.010090732176054969
8537.0,0.1526505816197657,0.010090732176054969
8538.0,0.14879704066307253,0.010090732176054969
8539.0,0.1425001847041517,0.010090732176054969
8540.0,0.14228437181200254,0.010090732176054969
8541.0,0.15181723108631048,0.010090732176054969
8542.0,0.16135009036061845,0.010090732176054969
8543.0,0.15775603864556823,0.010090732176054969
8544.0,0.15393759528969214,0.010090732176054969
8545.0,0.14721900110880926,0.010090732176054969
8546.0,0.13841947396482815,0.010090732176054969
8547.0,0.13053951714823545,0.010090732176054969
8548.0,0.12681285147917473,0.010090732176054969
8549.0,0.12308618581011403,0.010090732176054969
8550.0,0.12436061230534276,0.010090732176054969
8551.0,0.1270430385945109,0.010090732176054969
8552.0,0.12889931673408397,0.010090732176054969
8553.0,0.12940395375548724,0.010090732176054969
8554.0,0.1299085907768905,0.010090732176054969
8555.0,0.13616992643282508,0.010090732176054969
8556.0,0.14255840389908273,0.010090732176054969
8557.0,0.14877225262778784,0.010090732176054969
8558.0,0.15485830652152746,0.010090732176054969
8559.0,0.1584115626014453,0.010090732176054969
8560.0,0.1501450955502557,0.010090732176054969
8561.0,0.14187862849906616,0.010090732176054969
8562.0,0.1468108092439052,0.010090732176054969
8563.0,0.15556365119283172,0.010090732176054969
8564.0,0.15912776344793614,0.010090732176054969
8565.0,0.15402736233610606,0.010090732176054969
8566.0,0.14892696122427604,0.010090732176054969
8567.0,0.1457314124091502,0.010090732176054969
8568.0,0.14258753652932285,0.010090732176054969
8569.0,0.1454919619116673,0.010090732176054969
8570.0,0.15291042345612316,0.010090732176054969
8571.0,0.15766474176774756,0.010090732176054969
8572.0,0.14956410322159092,0.010090732176054969
8573.0,0.1414634646754343,0.010090732176054969
8574.0,0.13909465529764184,0.010090732176054969
8575.0,0.1384311097378367,0.010090732176054969
8576.0,0.13934527726991602,0.010090732176054969
8577.0,0.14294872848134166,0.010090732176054969
8578.0,0.1465521796927673,0.010090732176054969
8579.0,0.1440763806328338,0.010090732176054969
8580.0,0.14140471973020866,0.010090732176054969
8581.0,0.13851920107852464,0.010090732176054969
8582.0,0.13547091542967174,0.010090732176054969
8583.0,0.13153556411237924,0.010090732176054969
8584.0,0.12317126622027731,0.010090732176054969
8585.0,0.11480696832817538,0.010090732176054969
8586.0,0.1232511838342859,0.010090732176054969
8587.0,0.13683279763608486,0.010090732176054969
8588.0,0.14514489732083216,0.010090732176054969
8589.0,0.14428734908481108,0.010090732176054969
8590.0,0.14342980084879,0.010090732176054969
8591.0,0.13505705814780974,0.010090732176054969
8592.0,0.1264035485303238,0.010090732176054969
8593.0,0.12932024800893385,0.010090732176054969
8594.0,0.14121681126356606,0.010090732176054969
8595.0,0.14936376853048525,0.010090732176054969
8596.0,0.13812387409797774,0.010090732176054969
8597.0,0.12688397966547024,0.010090732176054969
8598.0,0.13048626314865544,0.010090732176054969
8599.0,0.13874721130883555,0.010090732176054969
8600.0,0.14355024691873935,0.010090732176054969
8601.0,0.14220972456434378,0.010090732176054969
8602.0,0.14086920220994825,0.010090732176054969
8603.0,0.1400009076090197,0.010090732176054969
8604.0,0.1391527078061113,0.010090732176054969
8605.0,0.14094968852034231,0.010090732176054969
8606.0,0.1448400594072772,0.010090732176054969
8607.0,0.14548638650722218,0.010090732176054969
8608.0,0.1287486010998426,0.010090732176054969
8609.0,0.11201081569246302,0.010090732176054969
8610.0,0.11716328664222472,0.010090732176054969
8611.0,0.1293692846404349,0.010090732176054969
8612.0,0.1391970965035279,0.010090732176054969
8613.0,0.14471042879043639,0.010090732176054969
8614.0,0.15022376107734486,0.010090732176054969
8615.0,0.14876466414023432,0.010090732176054969
8616.0,0.1469722938565663,0.010090732176054969
8617.0,0.13828896155259107,0.010090732176054969
8618.0,0.12404502649037194,0.010090732176054969
8619.0,0.11320587387640615,0.010090732176054969
8620.0,0.12129409455733689,0.010090732176054969
8621.0,0.12938231523826763,0.010090732176054969
8622.0,0.129827865835459,0.010090732176054969
8623.0,0.1277462076349844,0.010090732176054969
8624.0,0.1273546198107072,0.010090732176054969
8625.0,0.13009429251216975,0.010090732176054969
8626.0,0.13283396521363233,0.010090732176054969
8627.0,0.1323076650710127,0.010090732176054969
8628.0,0.13160795044109777,0.010090732176054969
8629.0,0.13242331140469868,0.010090732176054969
8630.0,0.13448521158746862,0.010090732176054969
8631.0,0.13476773423415103,0.010090732176054969
8632.0,0.12477905321733528,0.010090732176054969
8633.0,0.11479037220051952,0.010090732176054969
8634.0,0.11518789698377849,0.010090732176054969
8635.0,0.1191087166606356,0.010090732176054969
8636.0,0.12364276483004223,0.010090732176054969
8637.0,0.12933726275097368,0.010090732176054969
8638.0,0.1350317606719051,0.010090732176054969
8639.0,0.13170418343719056,0.010090732176054969
8640.0,0.1278492676292177,0.010090732176054969
8641.0,0.1270138153221241,0.010090732176054969
8642.0,0.12871124630495853,0.010090732176054969
8643.0,0.1306230396319892,0.010090732176054969
8644.0,0.1338210070241811,0.010090732176054969
8645.0,0.137018974416373,0.010090732176054969
8646.0,0.13587403351278285,0.010090732176054969
8647.0,0.1332182102732829,0.010090732176054969
8648.0,0.12975900757137984,0.010090732176054969
8649.0,0.12474679316222999,0.010090732176054969
8650.0,0.11973457875308013,0.010090732176054969
8651.0,0.12262809393776782,0.010090732176054969
8652.0,0.1260264449841215,0.010090732176054969
8653.0,0.12629923707656995,0.010090732176054969
8654.0,0.12389894534206707,0.010090732176054969
8655.0,0.12155306820039333,0.010090732176054969
8656.0,0.11954692738612212,0.010090732176054969
8657.0,0.11754078657185091,0.010090732176054969
8658.0,0.11960023335880321,0.010090732176054969
8659.0,0.12310978386670896,0.010090732176054969
8660.0,0.12571780145594535,0.010090732176054969
8661.0,0.12654529153080318,0.010090732176054969
8662.0,0.12737278160566107,0.010090732176054969
8663.0,0.12724759755937767,0.010090732176054969
8664.0,0.12705637448544294,0.010090732176054969
8665.0,0.12367485256413681,0.010090732176054969
8666.0,0.11751167681635911,0.010090732176054969
8667.0,0.11288528216067599,0.010090732176054969
8668.0,0.11825488704091687,0.010090732176054969
8669.0,0.12362449192115772,0.010090732176054969
8670.0,0.12335295220694786,0.010090732176054969
8671.0,0.12101915799346497,0.010090732176054969
8672.0,0.12033302973721843,0.010090732176054969
8673.0,0.12297208241641577,0.010090732176054969
8674.0,0.12561113509561314,0.010090732176054969
8675.0,0.12683402556129528,0.010090732176054969
8676.0,0.127950932274224,0.010090732176054969
8677.0,0.1254303101122299,0.010090732176054969
8678.0,0.11967632895030995,0.010090732176054969
8679.0,0.11598037271057343,0.010090732176054969
8680.0,0.12624821173735898,0.010090732176054969
8681.0,0.13651605076414453,0.010090732176054969
8682.0,0.13565377074147428,0.010090732176054969
8683.0,0.13062228770855688,0.010090732176054969
8684.0,0.1254402140736386,0.010090732176054969
8685.0,0.11994754732209342,0.010090732176054969
8686.0,0.11445488057054824,0.010090732176054969
8687.0,0.11554861134478189,0.010090732176054969
8688.0,0.11717198757504164,0.010090732176054969
8689.0,0.11688570344641629,0.010090732176054969
8690.0,0.11486892617793723,0.010090732176054969
8691.0,0.1124552813708402,0.010090732176054969
8692.0,0.10722888604730955,0.010090732176054969
8693.0,0.1020024907237789,0.010090732176054969
8694.0,0.10506456493556077,0.010090732176054969
8695.0,0.11130709838761028,0.010090732176054969
8696.0,0.11471873345466868,0.010090732176054969
8697.0,0.1121622431951682,0.010090732176054969
8698.0,0.10960575293566771,0.010090732176054969
8699.0,0.10844505110706688,0.010090732176054969
8700.0,0.10740445623601294,0.010090732176054969
8701.0,0.1083852426079377,0.010090732176054969
8702.0,0.11123335576320582,0.010090732176054969
8703.0,0.113463056027304,0.010090732176054969
8704.0,0.11110775566393144,0.010090732176054969
8705.0,0.10875245530055887,0.010090732176054969
8706.0,0.10887436115483676,0.010090732176054969
8707.0,0.10996975105785572,0.010090732176054969
8708.0,0.10977763593997573,0.010090732176054969
8709.0,0.10681055734903051,0.010090732176054969
8710.0,0.10384347875808528,0.010090732176054969
8711.0,0.10521565472981513,0.010090732176054969
8712.0,0.10698592745041786,0.010090732176054969
8713.0,0.10873940696930935,0.010090732176054969
8714.0,0.11047707191129802,0.010090732176054969
8715.0,0.11170436355629121,0.010090732176054969
8716.0,0.1089668605362107,0.010090732176054969
8717.0,0.10622935751613022,0.010090732176054969
8718.0,0.1102038891423539,0.010090732176054969
8719.0,0.11687905423736865,0.010090732176054969
8720.0,0.12145645613707431,0.010090732176054969
8721.0,0.12141071068714064,0.010090732176054969
8722.0,0.12136496523720697,0.010090732176054969
8723.0,0.11573426075298648,0.010090732176054969
8724.0,0.10955904115870158,0.010090732176054969
8725.0,0.10633077231298992,0.010090732176054969
8726.0,0.10593157618590729,0.010090732176054969
8727.0,0.10512239050499884,0.010090732176054969
8728.0,0.10097021307752964,0.010090732176054969
8729.0,0.09681803565006045,0.010090732176054969
8730.0,0.10219264183495898,0.010090732176054969
8731.0,0.11149099110089929,0.010090732176054969
8732.0,0.11564575678367806,0.010090732176054969
8733.0,0.10820736728104942,0.010090732176054969
8734.0,0.10076897777842078,0.010090732176054969
8735.0,0.09956328212814183,0.010090732176054969
8736.0,0.09900149392221122,0.010090732176054969
8737.0,0.09712238195861278,0.010090732176054969
8738.0,0.09395410755283361,0.010090732176054969
8739.0,0.09223239256055955,0.010090732176054969
8740.0,0.10291450886097672,0.010090732176054969
8741.0,0.11359662516139386,0.010090732176054969
8742.0,0.1129172562273976,0.010090732176054969
8743.0,0.10744900187888558,0.010090732176054969
8744.0,0.10161260234319483,0.010090732176054969
8745.0,0.09492742362595306,0.010090732176054969
8746.0,0.08824224490871128,0.010090732176054969
8747.0,0.09166121287465491,0.010090732176054969
8748.0,0.09618342987923668,0.010090732176054969
8749.0,0.1027029098785118,0.010090732176054969
8750.0,0.1112148632729802,0.010090732176054969
8751.0,0.11740049305647271,0.010090732176054969
8752.0,0.10256512635554815,0.010090732176054969
8753.0,0.08772975965462361,0.010090732176054969
8754.0,0.09041119977799925,0.010090732176054969
8755.0,0.100647139064435,0.010090732176054969
8756.0,0.10558898575454766,0.010090732176054969
8757.0,0.09804275111867769,0.010090732176054969
8758.0,0.09049651648280774,0.010090732176054969
8759.0,0.09482738348893098,0.010090732176054969
8760.0,0.1005256276586454,0.010090732176054969
8761.0,0.10069966571437226,0.010090732176054969
8762.0,0.09525586704399705,0.010090732176054969
8763.0,0.0909634616813718,0.010090732176054969
8764.0,0.09766030383806959,0.010090732176054969
8765.0,0.10435714599476738,0.010090732176054969
8766.0,0.10166585081488701,0.010090732176054969
8767.0,0.09483273033946324,0.010090732176054969
8768.0,0.0900059136950948,0.010090732176054969
8769.0,0.09002218293796976,0.010090732176054969
8770.0,0.09003845218084472,0.010090732176054969
8771.0,0.09715325696136927,0.010090732176054969
8772.0,0.10512791126865112,0.010090732176054969
8773.0,0.10475206642955699,0.010090732176054969
8774.0,0.09571946941915158,0.010090732176054969
8775.0,0.0881270840136643,0.010090732176054969
8776.0,0.09509043722850842,0.010090732176054969
8777.0,0.10205379044335254,0.010090732176054969
8778.0,0.10659852707574284,0.010090732176054969
8779.0,0.11005193671361474,0.010090732176054969
8780.0,0.11105843300122045,0.010090732176054969
8781.0,0.10601901421918927,0.010090732176054969
8782.0,0.10097959543715812,0.010090732176054969
8783.0,0.09388397700090402,0.010090732176054969
8784.0,0.08652681219456337,0.010090732176054969
8785.0,0.08549616237228574,0.010090732176054969
8786.0,0.09115131110106275,0.010090732176054969
8787.0,0.09636505165660912,0.010090732176054969
8788.0,0.09684142562061837,0.010090732176054969
8789.0,0.0973177995846276,0.010090732176054969
8790.0,0.09881027389506415,0.010090732176054969
8791.0,0.10077158047060435,0.010090732176054969
8792.0,0.10564916768841771,0.010090732176054969
8793.0,0.11790395636148499,0.010090732176054969
8794.0,0.13015874503455224,0.010090732176054969
8795.0,0.11708050937011123,0.010090732176054969
8796.0,0.10062453712733925,0.010090732176054969
8797.0,0.08881365125609417,0.010090732176054969
8798.0,0.08200694820902678,0.010090732176054969
8799.0,0.07590280158490112,0.010090732176054969
8800.0,0.07783086719927446,0.010090732176054969
8801.0,0.0797589328136478,0.010090732176054969
8802.0,0.0861270640037509,0.010090732176054969
8803.0,0.09458971376048317,0.010090732176054969
8804.0,0.09844741420693702,0.010090732176054969
8805.0,0.09037591406943954,0.010090732176054969
8806.0,0.08230441393194206,0.010090732176054969
8807.0,0.0793770956012597,0.010090732176054969
8808.0,0.07716757008082742,0.010090732176054969
8809.0,0.07881095474484631,0.010090732176054969
8810.0,0.08468574706734006,0.010090732176054969
8811.0,0.09034695659126424,0.010090732176054969
8812.0,0.09339770968820998,0.010090732176054969
8813.0,0.09644846278515573,0.010090732176054969
8814.0,0.09239974499066334,0.010090732176054969
8815.0,0.08492761685528144,0.010090732176054969
8816.0,0.08175135055146356,0.010090732176054969
8817.0,0.0899741913006752,0.010090732176054969
8818.0,0.09819703204988685,0.010090732176054969
8819.0,0.08675646121688504,0.010090732176054969
8820.0,0.0724488730142372,0.010090732176054969
8821.0,0.07190062141439273,0.010090732176054969
8822.0,0.08675722504406981,0.010090732176054969
8823.0,0.10042327756795011,0.010090732176054969
8824.0,0.09847091389034106,0.010090732176054969
8825.0,0.09651855021273202,0.010090732176054969
8826.0,0.09260333739818223,0.010090732176054969
8827.0,0.08772077061829586,0.010090732176054969
8828.0,0.08541845236085306,0.010090732176054969
8829.0,0.09013118477377541,0.010090732176054969
8830.0,0.09484391718669774,0.010090732176054969
8831.0,0.09681605825197738,0.010090732176054969
8832.0,0.09837123521180441,0.010090732176054969
8833.0,0.10013002799157439,0.010090732176054969
8834.0,0.10212122546042939,0.010090732176054969
8835.0,0.10380680466477432,0.010090732176054969
8836.0,0.1011692746002521,0.010090732176054969
8837.0,0.0985317445357299,0.010090732176054969
8838.0,0.093787222994469,0.010090732176054969
8839.0,0.0879815992474172,0.010090732176054969
8840.0,0.0842918984636577,0.010090732176054969
8841.0,0.08649792848212705,0.010090732176054969
8842.0,0.08870395850059641,0.010090732176054969
8843.0,0.08257659295948362,0.010090732176054969
8844.0,0.07512793799723864,0.010090732176054969
8845.0,0.07245920640555484,0.010090732176054969
8846.0,0.07535256746324621,0.010090732176054969
8847.0,0.07838140063460655,0.010090732176054969
8848.0,0.08348747288220032,0.010090732176054969
8849.0,0.08859354512979407,0.010090732176054969
8850.0,0.0940742114882802,0.010090732176054969
8851.0,0.0997476235438261,0.010090732176054969
8852.0,0.10271637005438156,0.010090732176054969
8853.0,0.09795928952213294,0.010090732176054969
8854.0,0.09320220898988435,0.010090732176054969
8855.0,0.09872823903029602,0.010090732176054969
8856.0,0.10595134186451508,0.010090732176054969
8857.0,0.10389112894473838,0.010090732176054969
8858.0,0.09081763854255796,0.010090732176054969
8859.0,0.07876845808741824,0.010090732176054969
8860.0,0.08384922695904903,0.010090732176054969
8861.0,0.08892999583067983,0.010090732176054969
8862.0,0.08933819929354386,0.010090732176054969
8863.0,0.08729031068256532,0.010090732176054969
8864.0,0.08426009274424912,0.010090732176054969
8865.0,0.07835239125745959,0.010090732176054969
8866.0,0.07244468977067005,0.010090732176054969
8867.0,0.07559744677539267,0.010090732176054969
8868.0,0.0803048816084693,0.010090732176054969
8869.0,0.08401285731764244,0.010090732176054969
8870.0,0.08651193817137386,0.010090732176054969
8871.0,0.08887017186446965,0.010090732176054969
8872.0,0.08864074842038132,0.010090732176054969
8873.0,0.08841132497629299,0.010090732176054969
8874.0,0.09073222622597368,0.010090732176054969
8875.0,0.09442239774481793,0.010090732176054969
8876.0,0.09487773170884807,0.010090732176054969
8877.0,0.08561300090483177,0.010090732176054969
8878.0,0.07634827010081545,0.010090732176054969
8879.0,0.0770782982512324,0.010090732176054969
8880.0,0.07958957057173364,0.010090732176054969
8881.0,0.07896059172296517,0.010090732176054969
8882.0,0.07445891706222145,0.010090732176054969
8883.0,0.07030112038772425,0.010090732176054969
8884.0,0.07314432681783917,0.010090732176054969
8885.0,0.0759875332479541,0.010090732176054969
8886.0,0.07871487891173619,0.010090732176054969
8887.0,0.08137869497316118,0.010090732176054969
8888.0,0.08233085673794252,0.010090732176054969
8889.0,0.07800541775471176,0.010090732176054969
8890.0,0.07367997877148098,0.010090732176054969
8891.0,0.07839868255857761,0.010090732176054969
8892.0,0.08478984517943104,0.010090732176054969
8893.0,0.087516712925314,0.010090732176054969
8894.0,0.08563590364684222,0.010090732176054969
8895.0,0.08391832785772811,0.010090732176054969
8896.0,0.08592247562593634,0.010090732176054969
8897.0,0.08792662339414457,0.010090732176054969
8898.0,0.08870350536461398,0.010090732176054969
8899.0,0.08879321041837428,0.010090732176054969
8900.0,0.08763811018876971,0.010090732176054969
8901.0,0.0825432012373026,0.010090732176054969
8902.0,0.0774482922858355,0.010090732176054969
8903.0,0.0710480487666062,0.010090732176054969
8904.0,0.06439756943610657,0.010090732176054969
8905.0,0.06539663797131319,0.010090732176054969
8906.0,0.07620389390692077,0.010090732176054969
8907.0,0.0862033393458409,0.010090732176054969
8908.0,0.07530394548378747,0.010090732176054969
8909.0,0.06440455162173404,0.010090732176054969
8910.0,0.06326290975246543,0.010090732176054969
8911.0,0.06769975628659096,0.010090732176054969
8912.0,0.07047190294457208,0.010090732176054969
8913.0,0.0678337750050774,0.010090732176054969
8914.0,0.06519564706558272,0.010090732176054969
8915.0,0.06914557220240557,0.010090732176054969
8916.0,0.07440362874143033,0.010090732176054969
8917.0,0.07991229971365796,0.010090732176054969
8918.0,0.08574864385062639,0.010090732176054969
8919.0,0.09161169987323592,0.010090732176054969
8920.0,0.09827215514870638,0.010090732176054969
8921.0,0.10493261042417684,0.010090732176054969
8922.0,0.09878545947492588,0.010090732176054969
8923.0,0.08516314671775962,0.010090732176054969
8924.0,0.07341915466954134,0.010090732176054969
8925.0,0.06794601457150294,0.010090732176054969
8926.0,0.062472874473464536,0.010090732176054969
8927.0,0.06814324763165179,0.010090732176054969
8928.0,0.07610360470066005,0.010090732176054969
8929.0,0.07798801725689124,0.010090732176054969
8930.0,0.07177117046278732,0.010090732176054969
8931.0,0.06577633182779773,0.010090732176054969
8932.0,0.06760004140519417,0.010090732176054969
8933.0,0.06942375098259064,0.010090732176054969
8934.0,0.07171910769415674,0.010090732176054969
8935.0,0.07429546490136787,0.010090732176054969
8936.0,0.07566268498694831,0.010090732176054969
8937.0,0.07288153569247871,0.010090732176054969
8938.0,0.07010038639800911,0.010090732176054969
8939.0,0.07300928405482553,0.010090732176054969
8940.0,0.07712742021949143,0.010090732176054969
8941.0,0.07865982421246949,0.010090732176054969
8942.0,0.0766762184535978,0.010090732176054969
8943.0,0.07472851790827882,0.010090732176054969
8944.0,0.07431907230147827,0.010090732176054969
8945.0,0.07390962669467771,0.010090732176054969
8946.0,0.07584048601977138,0.010090732176054969
8947.0,0.07919450374939242,0.010090732176054969
8948.0,0.08118745259565716,0.010090732176054969
8949.0,0.0783796747827178,0.010090732176054969
8950.0,0.07557189696977842,0.010090732176054969
8951.0,0.06770681040167982,0.010090732176054969
8952.0,0.058731041090863356,0.010090732176054969
8953.0,0.05718812767059314,0.010090732176054969
8954.0,0.06595324362288683,0.010090732176054969
8955.0,0.07453175635183082,0.010090732176054969
8956.0,0.0729341733010066,0.010090732176054969
8957.0,0.0713365902501824,0.010090732176054969
8958.0,0.0741273595447101,0.010090732176054969
8959.0,0.07964163934151992,0.010090732176054969
8960.0,0.08193837129403489,0.010090732176054969
8961.0,0.07256255467816895,0.010090732176054969
8962.0,0.06318673806230302,0.010090732176054969
8963.0,0.06859036059530693,0.010090732176054969
8964.0,0.0773460208734174,0.010090732176054969
8965.0,0.08025849421513796,0.010090732176054969
8966.0,0.07490582197728118,0.010090732176054969
8967.0,0.06962825562001766,0.010090732176054969
8968.0,0.06996314688493108,0.010090732176054969
8969.0,0.0702980381498445,0.010090732176054969
8970.0,0.07095175574103793,0.010090732176054969
8971.0,0.0718073966722092,0.010090732176054969
8972.0,0.07168561579449356,0.010090732176054969
8973.0,0.06791516373250364,0.010090732176054969
8974.0,0.06414471167051371,0.010090732176054969
8975.0,0.0628685122327432,0.010090732176054969
8976.0,0.06217615266849262,0.010090732176054969
8977.0,0.06510360731771783,0.010090732176054969
8978.0,0.07325378511364325,0.010090732176054969
8979.0,0.08127462252463818,0.010090732176054969
8980.0,0.07403329451596581,0.010090732176054969
8981.0,0.06679196650729345,0.010090732176054969
8982.0,0.06360142324305978,0.010090732176054969
8983.0,0.06302867960616342,0.010090732176054969
8984.0,0.06403856685096751,0.010090732176054969
8985.0,0.07113054137950758,0.010090732176054969
8986.0,0.07822251590804763,0.010090732176054969
8987.0,0.07614652561632441,0.010090732176054969
8988.0,0.07185710715638002,0.010090732176054969
8989.0,0.06704156387143571,0.010090732176054969
8990.0,0.06145166476096993,0.010090732176054969
8991.0,0.05591998231089932,0.010090732176054969
8992.0,0.06649490922992961,0.010090732176054969
8993.0,0.07706983614895987,0.010090732176054969
8994.0,0.07955370619173575,0.010090732176054969
8995.0,0.07670263634200475,0.010090732176054969
8996.0,0.0750194994579503,0.010090732176054969
8997.0,0.07795943056301512,0.010090732176054969
8998.0,0.0808993616680799,0.010090732176054969
8999.0,0.07576956340774525,0.010090732176054969
9000.0,0.06863140671465554,0.010090732176054969
9001.0,0.0629153098217133,0.010090732176054969
9002.0,0.05933443785392049,0.010090732176054969
9003.0,0.055753565886127676,0.010090732176054969
9004.0,0.06126232753873218,0.010090732176054969
9005.0,0.06678201423174497,0.010090732176054969
9006.0,0.06312789951489094,0.010090732176054969
9007.0,0.05330265332755783,0.010090732176054969
9008.0,0.047272756144792656,0.010090732176054969
9009.0,0.05672510581611012,0.010090732176054969
9010.0,0.06617745548742758,0.010090732176054969
9011.0,0.07121579795691425,0.010090732176054969
9012.0,0.0751223437079926,0.010090732176054969
9013.0,0.07533041737083769,0.010090732176054969
9014.0,0.06987274655809216,0.010090732176054969
9015.0,0.06441507574534662,0.010090732176054969
9016.0,0.06899412170383996,0.010090732176054969
9017.0,0.07363377585539158,0.010090732176054969
9018.0,0.07120113699224352,0.010090732176054969
9019.0,0.06391524442064575,0.010090732176054969
9020.0,0.058802020347395775,0.010090732176054969
9021.0,0.06282758314534902,0.010090732176054969
9022.0,0.06685314594330227,0.010090732176054969
9023.0,0.06484373984205853,0.010090732176054969
9024.0,0.06124088216500223,0.010090732176054969
9025.0,0.058585016961371715,0.010090732176054969
9026.0,0.05740937383927802,0.010090732176054969
9027.0,0.056233730717184335,0.010090732176054969
9028.0,0.052100853786968805,0.010090732176054969
9029.0,0.047935676972923766,0.010090732176054969
9030.0,0.05102489648815326,0.010090732176054969
9031.0,0.059192193433848,0.010090732176054969
9032.0,0.0650780777018693,0.010090732176054969
9033.0,0.061063215926391204,0.010090732176054969
9034.0,0.057048354150913104,0.010090732176054969
9035.0,0.06019497677347887,0.010090732176054969
9036.0,0.06528777378207397,0.010090732176054969
9037.0,0.06285901369325139,0.010090732176054969
9038.0,0.04843325287587701,0.010090732176054969
9039.0,0.03400749205850264,0.010090732176054969
9040.0,0.052302572286663955,0.010090732176054969
9041.0,0.07111639755581127,0.010090732176054969
9042.0,0.07211058008727546,0.010090732176054969
9043.0,0.06038168436784699,0.010090732176054969
9044.0,0.051552351825482935,0.010090732176054969
9045.0,0.05571382535928445,0.010090732176054969
9046.0,0.059875298893085974,0.010090732176054969
9047.0,0.053188832158895506,0.010090732176054969
9048.0,0.04346960793044047,0.010090732176054969
9049.0,0.03908283774724839,0.010090732176054969
9050.0,0.04337602430646067,0.010090732176054969
9051.0,0.04766921086567294,0.010090732176054969
9052.0,0.05287461687193083,0.010090732176054969
9053.0,0.0580990274500024,0.010090732176054969
9054.0,0.06182803158158976,0.010090732176054969
9055.0,0.0644680571598255,0.010090732176054969
9056.0,0.066615879390938,0.010090732176054969
9057.0,0.0664855982924701,0.010090732176054969
9058.0,0.06635531719400217,0.010090732176054969
9059.0,0.06262972970998175,0.010090732176054969
9060.0,0.05787056110120775,0.010090732176054969
9061.0,0.05252198457713905,0.010090732176054969
9062.0,0.0461942000148875,0.010090732176054969
9063.0,0.03986641545263594,0.010090732176054969
9064.0,0.05001790034759947,0.010090732176054969
9065.0,0.06059557324576418,0.010090732176054969
9066.0,0.06082450063220056,0.010090732176054969
9067.0,0.05336764421810415,0.010090732176054969
9068.0,0.048347007508836914,0.010090732176054969
9069.0,0.05498300535939744,0.010090732176054969
9070.0,0.06161900320995796,0.010090732176054969
9071.0,0.05952213462426131,0.010090732176054969
9072.0,0.05484479228601076,0.010090732176054969
9073.0,0.0511217737987314,0.010090732176054969
9074.0,0.04901709090338964,0.010090732176054969
9075.0,0.046912408008047864,0.010090732176054969
9076.0,0.04791100895506989,0.010090732176054969
9077.0,0.04900562734770787,0.010090732176054969
9078.0,0.055767562344525096,0.010090732176054969
9079.0,0.06682183206899511,0.010090732176054969
9080.0,0.07525033860084122,0.010090732176054969
9081.0,0.07068131732932972,0.010090732176054969
9082.0,0.06611229605781825,0.010090732176054969
9083.0,0.06151889629531044,0.010090732176054969
9084.0,0.05691809523819655,0.010090732176054969
9085.0,0.05096069964185417,0.010090732176054969
9086.0,0.04265483874481931,0.010090732176054969
9087.0,0.03434897784778444,0.010090732176054969
9088.0,0.04240859328872209,0.010090732176054969
9089.0,0.05105850576173491,0.010090732176054969
9090.0,0.05141759941322533,0.010090732176054969
9091.0,0.045373358528080734,0.010090732176054969
9092.0,0.04073871159062734,0.010090732176054969
9093.0,0.0433282336350933,0.010090732176054969
9094.0,0.045917755679559254,0.010090732176054969
9095.0,0.04348535382271232,0.010090732176054969
9096.0,0.03948706073364845,0.010090732176054969
9097.0,0.04012887429928937,0.010090732176054969
9098.0,0.04897180660351306,0.010090732176054969
9099.0,0.05781473890773675,0.010090732176054969
9100.0,0.0553832794697818,0.010090732176054969
9101.0,0.05248675137247763,0.010090732176054969
9102.0,0.05242720669108723,0.010090732176054969
9103.0,0.054601938648410966,0.010090732176054969
9104.0,0.05720088135357156,0.010090732176054969
9105.0,0.06205264022716316,0.010090732176054969
9106.0,0.06690439910075477,0.010090732176054969
9107.0,0.06761495496827158,0.010090732176054969
9108.0,0.06699980084018842,0.010090732176054969
9109.0,0.06391519199765104,0.010090732176054969
9110.0,0.0563739241418108,0.010090732176054969
9111.0,0.048832656285970555,0.010090732176054969
9112.0,0.04776749226509109,0.010090732176054969
9113.0,0.04700335317120182,0.010090732176054969
9114.0,0.048769668076361336,0.010090732176054969
9115.0,0.05256801422317898,0.010090732176054969
9116.0,0.05572303461983269,0.010090732176054969
9117.0,0.0553347374081811,0.010090732176054969
9118.0,0.0549464401965295,0.010090732176054969
9119.0,0.05318111923768413,0.010090732176054969
9120.0,0.05096337899347964,0.010090732176054969
9121.0,0.04641198732628672,0.010090732176054969
9122.0,0.03755966812184123,0.010090732176054969
9123.0,0.028707348917395736,0.010090732176054969
9124.0,0.038424894744586914,0.010090732176054969
9125.0,0.04910375934235089,0.010090732176054969
9126.0,0.05525458303502966,0.010090732176054969
9127.0,0.057697949654777245,0.010090732176054969
9128.0,0.05990110343881009,0.010090732176054969
9129.0,0.06073078221862735,0.010090732176054969
9130.0,0.06156046099844461,0.010090732176054969
9131.0,0.06106363042330924,0.010090732176054969
9132.0,0.06011966186336201,0.010090732176054969
9133.0,0.05847864855495676,0.010090732176054969
9134.0,0.055525551014160804,0.010090732176054969
9135.0,0.052572453473364845,0.010090732176054969
9136.0,0.05244661505898615,0.010090732176054969
9137.0,0.05248223179776394,0.010090732176054969
9138.0,0.05079186370603758,0.010090732176054969
9139.0,0.04766064043642935,0.010090732176054969
9140.0,0.044636256002183454,0.010090732176054969
9141.0,0.042246672314717355,0.010090732176054969
9142.0,0.03985708862725124,0.010090732176054969
9143.0,0.04479927040975445,0.010090732176054969
9144.0,0.052276182096252385,0.010090732176054969
9145.0,0.05745434421400498,0.010090732176054969
9146.0,0.05821245452940842,0.010090732176054969
9147.0,0.058970564844811856,0.010090732176054969
9148.0,0.05398295677017209,0.010090732176054969
9149.0,0.048636241296149074,0.010090732176054969
9150.0,0.04895156183055339,0.010090732176054969
9151.0,0.05408590412321419,0.010090732176054969
9152.0,0.05743712470550945,0.010090732176054969
9153.0,0.0497668085090816,0.010090732176054969
9154.0,0.04209649231265375,0.010090732176054969
9155.0,0.04093552780626055,0.010090732176054969
9156.0,0.04208194324852454,0.010090732176054969
9157.0,0.03856890724171671,0.010090732176054969
9158.0,0.02590278511434913,0.010090732176054969
9159.0,0.01323666298698155,0.010090732176054969
9160.0,0.0276483725488162,0.010090732176054969
9161.0,0.043899986058778144,0.010090732176054969
9162.0,0.049433525379754706,0.010090732176054969
9163.0,0.04566685234391955,0.010090732176054969
9164.0,0.043612654092486394,0.010090732176054969
9165.0,0.05258251226560343,0.010090732176054969
9166.0,0.06155237043872046,0.010090732176054969
9167.0,0.060466586137595535,0.010090732176054969
9168.0,0.055727196878544355,0.010090732176054969
9169.0,0.05146243445434261,0.010090732176054969
9170.0,0.048150352608389124,0.010090732176054969
9171.0,0.04483827076243564,0.010090732176054969
9172.0,0.05006192852188394,0.010090732176054969
9173.0,0.05591256715441047,0.010090732176054969
9174.0,0.05715030505549066,0.010090732176054969
9175.0,0.054307400001835336,0.010090732176054969
9176.0,0.051911309405950685,0.010090732176054969
9177.0,0.05251466771637642,0.010090732176054969
9178.0,0.05311802602680215,0.010090732176054969
9179.0,0.050294595826318,0.010090732176054969
9180.0,0.046195293791454914,0.010090732176054969
9181.0,0.0448772359432524,0.010090732176054969
9182.0,0.049264294375336554,0.010090732176054969
9183.0,0.053651352807420706,0.010090732176054969
9184.0,0.048538746935816,0.010090732176054969
9185.0,0.042675519921047164,0.010090732176054969
9186.0,0.03913675433871729,0.010090732176054969
9187.0,0.037694249637233945,0.010090732176054969
9188.0,0.03763784501113964,0.010090732176054969
9189.0,0.04729746879800673,0.010090732176054969
9190.0,0.056957092584873824,0.010090732176054969
9191.0,0.05470037834260276,0.010090732176054969
9192.0,0.04789846054029031,0.010090732176054969
9193.0,0.04428420175462089,0.010090732176054969
9194.0,0.047353361873728274,0.010090732176054969
9195.0,0.050422521992835666,0.010090732176054969
9196.0,0.04869559083711244,0.010090732176054969
9197.0,0.04656274049797621,0.010090732176054969
9198.0,0.04423517551982359,0.010090732176054969
9199.0,0.041728598696123116,0.010090732176054969
9200.0,0.04042581849849639,0.010090732176054969
9201.0,0.047946867569862946,0.010090732176054969
9202.0,0.0554679166412295,0.010090732176054969
9203.0,0.05668606073125838,0.010090732176054969
9204.0,0.05544196815078312,0.010090732176054969
9205.0,0.055063301116894725,0.010090732176054969
9206.0,0.056539583933798786,0.010090732176054969
9207.0,0.05801586675070284,0.010090732176054969
9208.0,0.05031449576540418,0.010090732176054969
9209.0,0.0417842529053104,0.010090732176054969
9210.0,0.038954382765345665,0.010090732176054969
9211.0,0.04146695496541651,0.010090732176054969
9212.0,0.04407151341469752,0.010090732176054969
9213.0,0.04738225796468512,0.010090732176054969
9214.0,0.05069300251467273,0.010090732176054969
9215.0,0.045684247509583185,0.010090732176054969
9216.0,0.03734769268247124,0.010090732176054969
9217.0,0.032958262392834205,0.010090732176054969
9218.0,0.037219235304134624,0.010090732176054969
9219.0,0.04148020821543504,0.010090732176054969
9220.0,0.04601653218301098,0.010090732176054969
9221.0,0.05057930434414977,0.010090732176054969
9222.0,0.049779268925867946,0.010090732176054969
9223.0,0.043855612181708095,0.010090732176054969
9224.0,0.0386890788297514,0.010090732176054969
9225.0,0.03962068062583739,0.010090732176054969
9226.0,0.04055228242192338,0.010090732176054969
9227.0,0.04343164267107944,0.010090732176054969
9228.0,0.0471085622191203,0.010090732176054969
9229.0,0.050619315276116204,0.010090732176054969
9230.0,0.053757648493259556,0.010090732176054969
9231.0,0.05689598171040291,0.010090732176054969
9232.0,0.04619461665829619,0.010090732176054969
9233.0,0.034083652708394696,0.010090732176054969
9234.0,0.029804639913046528,0.010090732176054969
9235.0,0.03315342788669445,0.010090732176054969
9236.0,0.03710174392221892,0.010090732176054969
9237.0,0.04612561002709211,0.010090732176054969
9238.0,0.0551494761319653,0.010090732176054969
9239.0,0.056227070014743,0.010090732176054969
9240.0,0.053974539593221633,0.010090732176054969
9241.0,0.05063816390252331,0.010090732176054969
9242.0,0.04481708364216907,0.010090732176054969
9243.0,0.038996003381814824,0.010090732176054969
9244.0,0.039395228092985186,0.010090732176054969
9245.0,0.040464459057734804,0.010090732176054969
9246.0,0.03808907725880304,0.010090732176054969
9247.0,0.032293804797375154,0.010090732176054969
9248.0,0.02678292179081873,0.010090732176054969
9249.0,0.02380784475688337,0.010090732176054969
9250.0,0.020832767722948013,0.010090732176054969
9251.0,0.024931947304105938,0.010090732176054969
9252.0,0.032064684610408734,0.010090732176054969
9253.0,0.03759170662059605,0.010090732176054969
9254.0,0.039352713639095656,0.010090732176054969
9255.0,0.04111372065759526,0.010090732176054969
9256.0,0.039880502698478364,0.010090732176054969
9257.0,0.03830703190099857,0.010090732176054969
9258.0,0.03759126485348196,0.010090732176054969
9259.0,0.03774356029686613,0.010090732176054969
9260.0,0.03803167928611498,0.010090732176054969
9261.0,0.039598237400818526,0.010090732176054969
9262.0,0.04116479551552207,0.010090732176054969
9263.0,0.03931283725186484,0.010090732176054969
9264.0,0.035961218953487736,0.010090732176054969
9265.0,0.03483949588808285,0.010090732176054969
9266.0,0.0390695213817947,0.010090732176054969
9267.0,0.04329954687550656,0.010090732176054969
9268.0,0.037720710300680756,0.010090732176054969
9269.0,0.030968501784851464,0.010090732176054969
9270.0,0.030892715827805155,0.010090732176054969
9271.0,0.037705043876485766,0.010090732176054969
9272.0,0.04337856708798508,0.010090732176054969
9273.0,0.03770899475021093,0.010090732176054969
9274.0,0.032039422412436784,0.010090732176054969
9275.0,0.03281942799675617,0.010090732176054969
9276.0,0.03649333115306795,0.010090732176054969
9277.0,0.03909027161422029,0.010090732176054969
9278.0,0.039041726948686996,0.010090732176054969
9279.0,0.0389931822831537,0.010090732176054969
9280.0,0.04012128813179954,0.010090732176054969
9281.0,0.04139727032884952,0.010090732176054969
9282.0,0.04192129430233252,0.010090732176054969
9283.0,0.04165446566137464,0.010090732176054969
9284.0,0.04155500179081836,0.010090732176054969
9285.0,0.04322449056296757,0.010090732176054969
9286.0,0.04489397933511678,0.010090732176054969
9287.0,0.04739951106518634,0.010090732176054969
9288.0,0.0502886562015186,0.010090732176054969
9289.0,0.050953807806931616,0.010090732176054969
9290.0,0.04602613179876319,0.010090732176054969
9291.0,0.04109845579059477,0.010090732176054969
9292.0,0.04714760446511966,0.010090732176054969
9293.0,0.05464342704483629,0.010090732176054969
9294.0,0.05703584744604717,0.010090732176054969
9295.0,0.05395670979021328,0.010090732176054969
9296.0,0.050361490325723825,0.010090732176054969
9297.0,0.04096035051392816,0.010090732176054969
9298.0,0.0315592107021325,0.010090732176054969
9299.0,0.03318327577917015,0.010090732176054969
9300.0,0.03997965919912888,0.010090732176054969
9301.0,0.04338807203813398,0.010090732176054969
9302.0,0.03807209711502454,0.010090732176054969
9303.0,0.0327561221919151,0.010090732176054969
9304.0,0.03667647822620394,0.010090732176054969
9305.0,0.04187124604559364,0.010090732176054969
9306.0,0.03940048809204827,0.010090732176054969
9307.0,0.02855158011032276,0.010090732176054969
9308.0,0.019044668621209154,0.010090732176054969
9309.0,0.02566268373834747,0.010090732176054969
9310.0,0.03228069885548578,0.010090732176054969
9311.0,0.03568313137194358,0.010090732176054969
9312.0,0.03754345500352716,0.010090732176054969
9313.0,0.03850337673432487,0.010090732176054969
9314.0,0.03708843930322836,0.010090732176054969
9315.0,0.03567350187213185,0.010090732176054969
9316.0,0.03699159756740421,0.010090732176054969
9317.0,0.0387038807328232,0.010090732176054969
9318.0,0.038441856597525616,0.010090732176054969
9319.0,0.03598003321091658,0.010090732176054969
9320.0,0.03388009814245275,0.010090732176054969
9321.0,0.0364424909059784,0.010090732176054969
9322.0,0.039004883669504054,0.010090732176054969
9323.0,0.04409278656281841,0.010090732176054969
9324.0,0.050418596031376564,0.010090732176054969
9325.0,0.05215529527613118,0.010090732176054969
9326.0,0.04149119889394074,0.010090732176054969
9327.0,0.030827102511750307,0.010090732176054969
9328.0,0.028628017734580184,0.010090732176054969
9329.0,0.02770336150014206,0.010090732176054969
9330.0,0.03005022566725783,0.010090732176054969
9331.0,0.0361132014699884,0.010090732176054969
9332.0,0.04119061752105416,0.010090732176054969
9333.0,0.03259339201781394,0.010090732176054969
9334.0,0.02399616651457371,0.010090732176054969
9335.0,0.021866768186477446,0.010090732176054969
9336.0,0.022977110317272825,0.010090732176054969
9337.0,0.0264286837410273,0.010090732176054969
9338.0,0.03636366689915474,0.010090732176054969
9339.0,0.04629865005728216,0.010090732176054969
9340.0,0.04619119437674715,0.010090732176054969
9341.0,0.04450763371183131,0.010090732176054969
9342.0,0.03846284296216918,0.010090732176054969
9343.0,0.027367612192091186,0.010090732176054969
9344.0,0.01682608159616727,0.010090732176054969
9345.0,0.014600701692745226,0.010090732176054969
9346.0,0.01237532178932318,0.010090732176054969
9347.0,0.014758321258565379,0.010090732176054969
9348.0,0.019499874236129606,0.010090732176054969
9349.0,0.02405951546159645,0.010090732176054969
9350.0,0.028102762035947172,0.010090732176054969
9351.0,0.03214600861029789,0.010090732176054969
9352.0,0.035102138214832504,0.010090732176054969
9353.0,0.037880624403908436,0.010090732176054969
9354.0,0.038940613144141684,0.010090732176054969
9355.0,0.03797169521048368,0.010090732176054969
9356.0,0.036903091582609716,0.010090732176054969
9357.0,0.03420421149721962,0.010090732176054969
9358.0,0.03150533141182952,0.010090732176054969
9359.0,0.02705918979440842,0.010090732176054969
9360.0,0.021699489130995012,0.010090732176054969
9361.0,0.021083743564504376,0.010090732176054969
9362.0,0.03427669358530001,0.010090732176054969
9363.0,0.04746964360609565,0.010090732176054969
9364.0,0.0426700947196112,0.010090732176054969
9365.0,0.034812831833445516,0.010090732176054969
9366.0,0.030668978087625826,0.010090732176054969
9367.0,0.030994968677391793,0.010090732176054969
9368.0,0.03117513525301355,0.010090732176054969
9369.0,0.028740412120432688,0.010090732176054969
9370.0,0.026305688987851825,0.010090732176054969
9371.0,0.027695636769778247,0.010090732176054969
9372.0,0.031128226476580145,0.010090732176054969
9373.0,0.03402160111761722,0.010090732176054969
9374.0,0.03530507049053678,0.010090732176054969
9375.0,0.036588539863456344,0.010090732176054969
9376.0,0.041417048700113694,0.010090732176054969
9377.0,0.046871447272596414,0.010090732176054969
9378.0,0.04331135035416198,0.010090732176054969
9379.0,0.02868800896965839,0.010090732176054969
9380.0,0.015262399678357038,0.010090732176054969
9381.0,0.025581829134851308,0.010090732176054969
9382.0,0.035901258591345575,0.010090732176054969
9383.0,0.03326276772421469,0.010090732176054969
9384.0,0.023556320316934543,0.010090732176054969
9385.0,0.01870941041217722,0.010090732176054969
9386.0,0.02874927880777028,0.010090732176054969
9387.0,0.03878914720336334,0.010090732176054969
9388.0,0.039072803204390334,0.010090732176054969
9389.0,0.03756874415015454,0.010090732176054969
9390.0,0.030922008140015448,0.010090732176054969
9391.0,0.017839976371585978,0.010090732176054969
9392.0,0.0055409107146077935,0.010090732176054969
9393.0,0.010575844802706947,0.010090732176054969
9394.0,0.0156107788908061,0.010090732176054969
9395.0,0.024332632686492203,0.010090732176054969
9396.0,0.035108135216491546,0.010090732176054969
9397.0,0.04054154299304106,0.010090732176054969
9398.0,0.029177916520041595,0.010090732176054969
9399.0,0.01781429004704212,0.010090732176054969
9400.0,0.0205451531018486,0.010090732176054969
9401.0,0.02595396916694309,0.010090732176054969
9402.0,0.030273280276825326,0.010090732176054969
9403.0,0.033202430692489744,0.010090732176054969
9404.0,0.035837375345067195,0.010090732176054969
9405.0,0.03110798199050044,0.010090732176054969
9406.0,0.026378588635933682,0.010090732176054969
9407.0,0.024925389238523447,0.010090732176054969
9408.0,0.025335486592647047,0.010090732176054969
9409.0,0.025888354616438496,0.010090732176054969
9410.0,0.02690214723874768,0.010090732176054969
9411.0,0.027915939861056865,0.010090732176054969
9412.0,0.0286684942738333,0.010090732176054969
9413.0,0.029369626797664396,0.010090732176054969
9414.0,0.03061146746178309,0.010090732176054969
9415.0,0.03255682617583236,0.010090732176054969
9416.0,0.03449311863164206,0.010090732176054969
9417.0,0.036168756163072295,0.010090732176054969
9418.0,0.037844393694502536,0.010090732176054969
9419.0,0.03646547590742391,0.010090732176054969
9420.0,0.033312945354756665,0.010090732176054969
9421.0,0.028383515533311216,0.010090732176054969
9422.0,0.017561777255815945,0.010090732176054969
9423.0,0.006740038978320666,0.010090732176054969
9424.0,0.009111704215443049,0.010090732176054969
9425.0,0.014171620746719168,0.010090732176054969
9426.0,0.020836630488646174,0.010090732176054969
9427.0,0.02963130301007566,0.010090732176054969
9428.0,0.03830858634630933,0.010090732176054969
9429.0,0.043028875898429915,0.010090732176054969
9430.0,0.047749165450550496,0.010090732176054969
9431.0,0.043676293509885646,0.010090732176054969
9432.0,0.03439141380103067,0.010090732176054969
9433.0,0.027149458689194432,0.010090732176054969
9434.0,0.02686857998199704,0.010090732176054969
9435.0,0.026587701274799647,0.010090732176054969
9436.0,0.030272893352599438,0.010090732176054969
9437.0,0.034793957906883326,0.010090732176054969
9438.0,0.034073023930507054,0.010090732176054969
9439.0,0.02625910324172588,0.010090732176054969
9440.0,0.018941900554400676,0.010090732176054969
9441.0,0.03181628462631139,0.010090732176054969
9442.0,0.04469066869822211,0.010090732176054969
9443.0,0.04367476131665949,0.010090732176054969
9444.0,0.034255093787922346,0.010090732176054969
9445.0,0.026564477262597367,0.010090732176054969
9446.0,0.0249302123600063,0.010090732176054969
9447.0,0.02329594745741523,0.010090732176054969
9448.0,0.02205289900918635,0.010090732176054969
9449.0,0.020895071689173064,0.010090732176054969
9450.0,0.01791528780644093,0.010090732176054969
9451.0,0.012421203867155528,0.010090732176054969
9452.0,0.007099615922830832,0.010090732176054969
9453.0,0.010586104721039024,0.010090732176054969
9454.0,0.014072593519247214,0.010090732176054969
9455.0,0.01964099376036714,0.010090732176054969
9456.0,0.02649492378564981,0.010090732176054969
9457.0,0.030602478507799638,0.010090732176054969
9458.0,0.02481701280094845,0.010090732176054969
9459.0,0.019031547094097257,0.010090732176054969
9460.0,0.028081012087276824,0.010090732176054969
9461.0,0.04046833648792694,0.010090732176054969
9462.0,0.04272527654948201,0.010090732176054969
9463.0,0.030723554260938406,0.010090732176054969
9464.0,0.01901760728768198,0.010090732176054969
9465.0,0.027547621467670407,0.010090732176054969
9466.0,0.03607763564765884,0.010090732176054969
9467.0,0.03993199040904261,0.010090732176054969
9468.0,0.0408400392354293,0.010090732176054969
9469.0,0.040658672622197106,0.010090732176054969
9470.0,0.03643969850393076,0.010090732176054969
9471.0,0.0322207243856644,0.010090732176054969
9472.0,0.03367865913061121,0.010090732176054969
9473.0,0.03645504756124345,0.010090732176054969
9474.0,0.03511469709255287,0.010090732176054969
9475.0,0.027864057736253355,0.010090732176054969
9476.0,0.020676552795154398,0.010090732176054969
9477.0,0.01999978442212765,0.010090732176054969
9478.0,0.0193230160491009,0.010090732176054969
9479.0,0.022761664637967225,0.010090732176054969
9480.0,0.028846518216120845,0.010090732176054969
9481.0,0.03593057077072257,0.010090732176054969
9482.0,0.046826596299054016,0.010090732176054969
9483.0,0.05772262182738545,0.010090732176054969
9484.0,0.047906879537689254,0.010090732176054969
9485.0,0.033128942874941926,0.010090732176054969
9486.0,0.02264893441243192,0.010090732176054969
9487.0,0.01846322908337934,0.010090732176054969
9488.0,0.01430842303970637,0.010090732176054969
9489.0,0.016557493891460936,0.010090732176054969
9490.0,0.018806564743215504,0.010090732176054969
9491.0,0.019539753682895126,0.010090732176054969
9492.0,0.019278427650438367,0.010090732176054969
9493.0,0.01919492103468025,0.010090732176054969
9494.0,0.019810065854943,0.010090732176054969
9495.0,0.020425210675205755,0.010090732176054969
9496.0,0.01767130765883669,0.010090732176054969
9497.0,0.014085229652875826,0.010090732176054969
9498.0,0.010682905305867796,0.010090732176054969
9499.0,0.007555111125976343,0.010090732176054969
9500.0,0.004427316946084891,0.010090732176054969
