wavelength,intensity,uncertainty
3500.0,0.06883481707015365,0.01010266431875392
3501.0,0.0737070540746796,0.01010266431875392
3502.0,0.07857929107920557,0.01010266431875392
3503.0,0.0798031407111691,0.01010266431875392
3504.0,0.07858498356470398,0.01010266431875392
3505.0,0.07796848750499309,0.01010266431875392
3506.0,0.0797878072389303,0.01010266431875392
3507.0,0.08160712697286748,0.01010266431875392
3508.0,0.08084092031663208,0.01010266431875392
3509.0,0.079416650467717,0.01010266431875392
3510.0,0.07806489538503905,0.01010266431875392
3511.0,0.07682367038544385,0.01010266431875392
3512.0,0.07558244538584867,0.01010266431875392
3513.0,0.07219693411370855,0.01010266431875392
3514.0,0.06880107646630869,0.01010266431875392
3515.0,0.07284881353818412,0.01010266431875392
3516.0,0.08197924761029397,0.01010266431875392
3517.0,0.08746421286843989,0.01010266431875392
3518.0,0.0777333082943777,0.01010266431875392
3519.0,0.06800240372031553,0.01010266431875392
3520.0,0.06800350634328381,0.01010266431875392
3521.0,0.07055557448911201,0.01010266431875392
3522.0,0.07290815442651054,0.01010266431875392
3523.0,0.07495048736490934,0.01010266431875392
3524.0,0.07699282030330815,0.01010266431875392
3525.0,0.07414453905731526,0.01010266431875392
3526.0,0.07124883367377596,0.01010266431875392
3527.0,0.07702587528904273,0.01010266431875392
3528.0,0.08884381196254532,0.01010266431875392
3529.0,0.09736596932237788,0.01010266431875392
3530.0,0.09169738263097657,0.01010266431875392
3531.0,0.08602879593957527,0.01010266431875392
3532.0,0.08407154302696923,0.01010266431875392
3533.0,0.08311567133211863,0.01010266431875392
3534.0,0.08300422098178065,0.01010266431875392
3535.0,0.08423283059121393,0.01010266431875392
3536.0,0.08546144020064722,0.01010266431875392
3537.0,0.08877465411223819,0.01010266431875392
3538.0,0.09211833727063247,0.01010266431875392
3539.0,0.09271801782930347,0.01010266431875392
3540.0,0.0913681606066532,0.01010266431875392
3541.0,0.09068642434741556,0.01010266431875392
3542.0,0.0929741145922303,0.01010266431875392
3543.0,0.09526180483704506,0.01010266431875392
3544.0,0.09198023147277339,0.01010266431875392
3545.0,0.08715258952990718,0.01010266431875392
3546.0,0.08473081559411184,0.01010266431875392
3547.0,0.08620533733014257,0.01010266431875392
3548.0,0.0876798590661733,0.01010266431875392
3549.0,0.08577157700613786,0.01010266431875392
3550.0,0.08379704664654716,0.01010266431875392
3551.0,0.0838887442488393,0.01010266431875392
3552.0,0.08547770849017623,0.01010266431875392
3553.0,0.08696078369147117,0.01010266431875392
3554.0,0.0879577642391508,0.01010266431875392
3555.0,0.08895474478683041,0.01010266431875392
3556.0,0.0898362989844054,0.01010266431875392
3557.0,0.09068489967153387,0.01010266431875392
3558.0,0.09334085206110669,0.01010266431875392
3559.0,0.09898411506713917,0.01010266431875392
3560.0,0.10462737807317163,0.01010266431875392
3561.0,0.10185282947302723,0.01010266431875392
3562.0,0.09887120063656904,0.01010266431875392
3563.0,0.09572796318512358,0.01010266431875392
3564.0,0.09246529055683998,0.01010266431875392
3565.0,0.0905848019509787,0.01010266431875392
3566.0,0.09526253822391996,0.01010266431875392
3567.0,0.09994027449686121,0.01010266431875392
3568.0,0.10228480353568255,0.01010266431875392
3569.0,0.10394458697318612,0.01010266431875392
3570.0,0.10367787389067067,0.01010266431875392
3571.0,0.10016097474373596,0.01010266431875392
3572.0,0.09664407559680124,0.01010266431875392
3573.0,0.08584332569793014,0.01010266431875392
3574.0,0.07482649122792603,0.01010266431875392
3575.0,0.07479838645932092,0.01010266431875392
3576.0,0.08305231376040303,0.01010266431875392
3577.0,0.090654039186195,0.01010266431875392
3578.0,0.09505488732332767,0.01010266431875392
3579.0,0.09945573546046037,0.01010266431875392
3580.0,0.09929713507329216,0.01010266431875392
3581.0,0.09776357599051393,0.01010266431875392
3582.0,0.09536089891389722,0.01010266431875392
3583.0,0.09146140751455811,0.01010266431875392
3584.0,0.08756191611521898,0.01010266431875392
3585.0,0.09512021988027348,0.01010266431875392
3586.0,0.10307705565104726,0.01010266431875392
3587.0,0.10420107936367183,0.01010266431875392
3588.0,0.10007355750293935,0.01010266431875392
3589.0,0.09578557496274218,0.01010266431875392
3590.0,0.09068240532103022,0.01010266431875392
3591.0,0.08557923567931826,0.01010266431875392
3592.0,0.09393174501262001,0.01010266431875392
3593.0,0.1064521297517077,0.01010266431875392
3594.0,0.1085525715714579,0.01010266431875392
3595.0,0.09233185547673095,0.01010266431875392
3596.0,0.076111139382004,0.01010266431875392
3597.0,0.083736128928376,0.01010266431875392
3598.0,0.09231375590361048,0.01010266431875392
3599.0,0.09783412103364103,0.01010266431875392
3600.0,0.10095843084173255,0.01010266431875392
3601.0,0.10368149151708239,0.01010266431875392
3602.0,0.10429271465168324,0.01010266431875392
3603.0,0.10490393778628411,0.01010266431875392
3604.0,0.09890021283518463,0.01010266431875392
3605.0,0.09079268319226964,0.01010266431875392
3606.0,0.08718715559233094,0.01010266431875392
3607.0,0.09166408132457365,0.01010266431875392
3608.0,0.09614100705681639,0.01010266431875392
3609.0,0.09762715704305232,0.01010266431875392
3610.0,0.09897821552758723,0.01010266431875392
3611.0,0.099247204792321,0.01010266431875392
3612.0,0.09865147351423381,0.01010266431875392
3613.0,0.09901681784203384,0.01010266431875392
3614.0,0.10462710191048304,0.01010266431875392
3615.0,0.11023738597893223,0.01010266431875392
3616.0,0.10402175725580912,0.01010266431875392
3617.0,0.09394575891123635,0.01010266431875392
3618.0,0.08862087208755762,0.01010266431875392
3619.0,0.0920063563855128,0.01010266431875392
3620.0,0.095391840683468,0.01010266431875392
3621.0,0.10348078770918706,0.01010266431875392
3622.0,0.11180698380061871,0.01010266431875392
3623.0,0.11077324659404857,0.01010266431875392
3624.0,0.10211289707059125,0.01010266431875392
3625.0,0.09560828554597921,0.01010266431875392
3626.0,0.10131377404681853,0.01010266431875392
3627.0,0.10701926254765787,0.01010266431875392
3628.0,0.10615198046185811,0.01010266431875392
3629.0,0.10308324156098296,0.01010266431875392
3630.0,0.09734335427056717,0.01010266431875392
3631.0,0.08660197189215064,0.01010266431875392
3632.0,0.07586058951373413,0.01010266431875392
3633.0,0.09382528897026729,0.01010266431875392
3634.0,0.11339083456208157,0.01010266431875392
3635.0,0.1155200001380107,0.01010266431875392
3636.0,0.10316355770074423,0.01010266431875392
3637.0,0.09277966802066027,0.01010266431875392
3638.0,0.09400286563903786,0.01010266431875392
3639.0,0.09522606325741541,0.01010266431875392
3640.0,0.09945828469433422,0.01010266431875392
3641.0,0.10472425141084869,0.01010266431875392
3642.0,0.10807050063082904,0.01010266431875392
3643.0,0.10774512233121399,0.01010266431875392
3644.0,0.10741974403159893,0.01010266431875392
3645.0,0.11425204892570132,0.01010266431875392
3646.0,0.12152202107241349,0.01010266431875392
3647.0,0.11533887750670972,0.01010266431875392
3648.0,0.09776085544401249,0.01010266431875392
3649.0,0.08426885896241662,0.01010266431875392
3650.0,0.09578194210535337,0.01010266431875392
3651.0,0.10729502524829014,0.01010266431875392
3652.0,0.10347506059880894,0.01010266431875392
3653.0,0.09425368138608714,0.01010266431875392
3654.0,0.09087607062929715,0.01010266431875392
3655.0,0.09891660320307423,0.01010266431875392
3656.0,0.1069571357768513,0.01010266431875392
3657.0,0.10744676047018932,0.01010266431875392
3658.0,0.10743363585522561,0.01010266431875392
3659.0,0.10651286930475935,0.01010266431875392
3660.0,0.10480832246994372,0.01010266431875392
3661.0,0.10419735263836753,0.01010266431875392
3662.0,0.11055430707522886,0.01010266431875392
3663.0,0.11691126151209015,0.01010266431875392
3664.0,0.11174873361946665,0.01010266431875392
3665.0,0.1024263926634145,0.01010266431875392
3666.0,0.09811179737454323,0.01010266431875392
3667.0,0.103794679946419,0.01010266431875392
3668.0,0.1094775625182948,0.01010266431875392
3669.0,0.11024705827005618,0.01010266431875392
3670.0,0.11066243605279921,0.01010266431875392
3671.0,0.10208598306912807,0.01010266431875392
3672.0,0.08559347139719929,0.01010266431875392
3673.0,0.07225652796286834,0.01010266431875392
3674.0,0.07987950566638552,0.01010266431875392
3675.0,0.08750248336990271,0.01010266431875392
3676.0,0.09324802461037963,0.01010266431875392
3677.0,0.09829879084397562,0.01010266431875392
3678.0,0.10303169692019098,0.01010266431875392
3679.0,0.10711612187240774,0.01010266431875392
3680.0,0.11120054682462449,0.01010266431875392
3681.0,0.1083982292144982,0.01010266431875392
3682.0,0.10506136496305302,0.01010266431875392
3683.0,0.10672187191947334,0.01010266431875392
3684.0,0.11286749107611625,0.01010266431875392
3685.0,0.11791068099587819,0.01010266431875392
3686.0,0.11531036153994206,0.01010266431875392
3687.0,0.11271004208400592,0.01010266431875392
3688.0,0.1154857739330347,0.01010266431875392
3689.0,0.12029977688940816,0.01010266431875392
3690.0,0.12237778634106475,0.01010266431875392
3691.0,0.11875074266992579,0.01010266431875392
3692.0,0.11512369899878681,0.01010266431875392
3693.0,0.11779492150115344,0.01010266431875392
3694.0,0.12099031700105425,0.01010266431875392
3695.0,0.12034063003375609,0.01010266431875392
3696.0,0.11617291359072303,0.01010266431875392
3697.0,0.1119765693557849,0.01010266431875392
3698.0,0.1075727444904062,0.01010266431875392
3699.0,0.10316891962502749,0.01010266431875392
3700.0,0.10510821968246625,0.01010266431875392
3701.0,0.10951076658493186,0.01010266431875392
3702.0,0.1126823899466057,0.01010266431875392
3703.0,0.11323020260290804,0.01010266431875392
3704.0,0.11377801525921037,0.01010266431875392
3705.0,0.11142282047129269,0.01010266431875392
3706.0,0.10880958057722218,0.01010266431875392
3707.0,0.1092108486255551,0.01010266431875392
3708.0,0.11242379229534083,0.01010266431875392
3709.0,0.11609135315531477,0.01010266431875392
3710.0,0.1232083805305315,0.01010266431875392
3711.0,0.13032540790574823,0.01010266431875392
3712.0,0.12706974082424,0.01010266431875392
3713.0,0.11968936134970465,0.01010266431875392
3714.0,0.11261815189621145,0.01010266431875392
3715.0,0.10622074428247058,0.01010266431875392
3716.0,0.09982333666872971,0.01010266431875392
3717.0,0.11183722223049396,0.01010266431875392
3718.0,0.1255930435460524,0.01010266431875392
3719.0,0.12931127256348668,0.01010266431875392
3720.0,0.12348556136302945,0.01010266431875392
3721.0,0.11884682273880144,0.01010266431875392
3722.0,0.12365281214049231,0.01010266431875392
3723.0,0.12845880154218317,0.01010266431875392
3724.0,0.1297759792206181,0.01010266431875392
3725.0,0.1296728805049565,0.01010266431875392
3726.0,0.12817706307883925,0.01010266431875392
3727.0,0.12357731829414652,0.01010266431875392
3728.0,0.11897757350945376,0.01010266431875392
3729.0,0.12314730361953458,0.01010266431875392
3730.0,0.1281974565724211,0.01010266431875392
3731.0,0.12686654154315857,0.01010266431875392
3732.0,0.11935066700400782,0.01010266431875392
3733.0,0.11355920012604488,0.01010266431875392
3734.0,0.12218300628095902,0.01010266431875392
3735.0,0.13080681243587314,0.01010266431875392
3736.0,0.1304817993604826,0.01010266431875392
3737.0,0.1264281116057951,0.01010266431875392
3738.0,0.12482072385543881,0.01010266431875392
3739.0,0.1287897443826775,0.01010266431875392
3740.0,0.13275876490991623,0.01010266431875392
3741.0,0.13017541725995385,0.01010266431875392
3742.0,0.12689593487669182,0.01010266431875392
3743.0,0.12515733762385506,0.01010266431875392
3744.0,0.12494123785072118,0.01010266431875392
3745.0,0.12490412462787266,0.01010266431875392
3746.0,0.12644209304753176,0.01010266431875392
3747.0,0.12798006146719088,0.01010266431875392
3748.0,0.12703355176970035,0.01010266431875392
3749.0,0.12502773547774118,0.01010266431875392
3750.0,0.12492526059749583,0.01010266431875392
3751.0,0.12926137788936348,0.01010266431875392
3752.0,0.1335974951812311,0.01010266431875392
3753.0,0.12868067554018867,0.01010266431875392
3754.0,0.12272614334592445,0.01010266431875392
3755.0,0.12316229189307225,0.01010266431875392
3756.0,0.130035318873735,0.01010266431875392
3757.0,0.1356910982288741,0.01010266431875392
3758.0,0.13004601073966165,0.01010266431875392
3759.0,0.1244009232504492,0.01010266431875392
3760.0,0.11993175643647473,0.01010266431875392
3761.0,0.11597553433083656,0.01010266431875392
3762.0,0.1161157995818106,0.01010266431875392
3763.0,0.1260310163707127,0.01010266431875392
3764.0,0.13594623315961482,0.01010266431875392
3765.0,0.13562376218509614,0.01010266431875392
3766.0,0.13409200728684553,0.01010266431875392
3767.0,0.13419153411259205,0.01010266431875392
3768.0,0.1359660022705201,0.01010266431875392
3769.0,0.13748046826989363,0.01010266431875392
3770.0,0.13644218580346062,0.01010266431875392
3771.0,0.1354039033370276,0.01010266431875392
3772.0,0.13626141675488193,0.01010266431875392
3773.0,0.13796479743360746,0.01010266431875392
3774.0,0.13791313002067304,0.01010266431875392
3775.0,0.1335753740863711,0.01010266431875392
3776.0,0.12923761815206916,0.01010266431875392
3777.0,0.13329430254018265,0.01010266431875392
3778.0,0.13839321163769186,0.01010266431875392
3779.0,0.14026880316715876,0.01010266431875392
3780.0,0.1387706028440799,0.01010266431875392
3781.0,0.13756721418313422,0.01010266431875392
3782.0,0.1394330976211102,0.01010266431875392
3783.0,0.14129898105908617,0.01010266431875392
3784.0,0.14284151169919448,0.01010266431875392
3785.0,0.14423649849272333,0.01010266431875392
3786.0,0.14367511491341917,0.01010266431875392
3787.0,0.13822280540203102,0.01010266431875392
3788.0,0.13277049589064285,0.01010266431875392
3789.0,0.13400214362959106,0.01010266431875392
3790.0,0.1361044289479596,0.01010266431875392
3791.0,0.1353507688093635,0.01010266431875392
3792.0,0.13154982195489828,0.01010266431875392
3793.0,0.12851369446446384,0.01010266431875392
3794.0,0.13394600167142648,0.01010266431875392
3795.0,0.1393783088783891,0.01010266431875392
3796.0,0.13586005638696785,0.01010266431875392
3797.0,0.12816592657147421,0.01010266431875392
3798.0,0.12535378052310406,0.01010266431875392
3799.0,0.13503867839143918,0.01010266431875392
3800.0,0.14472357625977433,0.01010266431875392
3801.0,0.14241083485401546,0.01010266431875392
3802.0,0.13846130773555365,0.01010266431875392
3803.0,0.13711477283150106,0.01010266431875392
3804.0,0.13859956279224633,0.01010266431875392
3805.0,0.13999572335440566,0.01010266431875392
3806.0,0.1403446934840457,0.01010266431875392
3807.0,0.14069366361368577,0.01010266431875392
3808.0,0.14019893195252817,0.01010266431875392
3809.0,0.13930179642306428,0.01010266431875392
3810.0,0.1391820518208097,0.01010266431875392
3811.0,0.1411004234320624,0.01010266431875392
3812.0,0.14301879504331508,0.01010266431875392
3813.0,0.14129754430437877,0.01010266431875392
3814.0,0.13905706074730947,0.01010266431875392
3815.0,0.13788692165942829,0.01010266431875392
3816.0,0.13790364555256993,0.01010266431875392
3817.0,0.13738916968720238,0.01010266431875392
3818.0,0.13015196900924558,0.01010266431875392
3819.0,0.12291476833128878,0.01010266431875392
3820.0,0.13044940985768086,0.01010266431875392
3821.0,0.1451853244586875,0.01010266431875392
3822.0,0.15515532987245192,0.01010266431875392
3823.0,0.15232486238066864,0.01010266431875392
3824.0,0.14949439488888533,0.01010266431875392
3825.0,0.14513081677669767,0.01010266431875392
3826.0,0.14053885804795355,0.01010266431875392
3827.0,0.14069547888584966,0.01010266431875392
3828.0,0.14622005923385825,0.01010266431875392
3829.0,0.1511565883534752,0.01010266431875392
3830.0,0.1480873674164043,0.01010266431875392
3831.0,0.1450181464793334,0.01010266431875392
3832.0,0.1447761640556714,0.01010266431875392
3833.0,0.1459427159273583,0.01010266431875392
3834.0,0.14867474610465536,0.01010266431875392
3835.0,0.1557153674744185,0.01010266431875392
3836.0,0.1627559888441816,0.01010266431875392
3837.0,0.15878818448614682,0.01010266431875392
3838.0,0.15311033341311514,0.01010266431875392
3839.0,0.14792250021773462,0.01010266431875392
3840.0,0.14329939046791576,0.01010266431875392
3841.0,0.13891790322195674,0.01010266431875392
3842.0,0.13809236980638617,0.01010266431875392
3843.0,0.1372668363908156,0.01010266431875392
3844.0,0.14012623250970446,0.01010266431875392
3845.0,0.14486147138073657,0.01010266431875392
3846.0,0.1495257852522414,0.01010266431875392
3847.0,0.15399001254251074,0.01010266431875392
3848.0,0.1584542398327801,0.01010266431875392
3849.0,0.1549522801492749,0.01010266431875392
3850.0,0.15016150918409885,0.01010266431875392
3851.0,0.14927384035340066,0.01010266431875392
3852.0,0.15297206175903486,0.01010266431875392
3853.0,0.15633587788006828,0.01010266431875392
3854.0,0.15434920944748423,0.01010266431875392
3855.0,0.15236254101490018,0.01010266431875392
3856.0,0.1548090381900821,0.01010266431875392
3857.0,0.1595611050700335,0.01010266431875392
3858.0,0.16372967821530307,0.01010266431875392
3859.0,0.16621048209997355,0.01010266431875392
3860.0,0.168691285984644,0.01010266431875392
3861.0,0.16987834301932941,0.01010266431875392
3862.0,0.1708476586486876,0.01010266431875392
3863.0,0.17198312575669536,0.01010266431875392
3864.0,0.1733176239235605,0.01010266431875392
3865.0,0.17426959949363785,0.01010266431875392
3866.0,0.168523179368836,0.01010266431875392
3867.0,0.16277675924403417,0.01010266431875392
3868.0,0.15575051989128808,0.01010266431875392
3869.0,0.1480443765736962,0.01010266431875392
3870.0,0.1432751828227972,0.01010266431875392
3871.0,0.1472189394530945,0.01010266431875392
3872.0,0.15116269608339183,0.01010266431875392
3873.0,0.14660117544939197,0.01010266431875392
3874.0,0.14055213100611938,0.01010266431875392
3875.0,0.14269458395520276,0.01010266431875392
3876.0,0.15484158571947312,0.01010266431875392
3877.0,0.1664234689486749,0.01010266431875392
3878.0,0.16708891608576976,0.01010266431875392
3879.0,0.16775436322286458,0.01010266431875392
3880.0,0.1638798330979846,0.01010266431875392
3881.0,0.1575419449402207,0.01010266431875392
3882.0,0.15288519960172456,0.01010266431875392
3883.0,0.1533453307082754,0.01010266431875392
3884.0,0.15380546181482624,0.01010266431875392
3885.0,0.15469481764871115,0.01010266431875392
3886.0,0.15566210364585664,0.01010266431875392
3887.0,0.15629501920766323,0.01010266431875392
3888.0,0.1565115489443311,0.01010266431875392
3889.0,0.15675146059233996,0.01010266431875392
3890.0,0.15749439930595296,0.01010266431875392
3891.0,0.158237338019566,0.01010266431875392
3892.0,0.16063217856171613,0.01010266431875392
3893.0,0.16394234530363344,0.01010266431875392
3894.0,0.1660778476235362,0.01010266431875392
3895.0,0.16454397741724752,0.01010266431875392
3896.0,0.16301010721095888,0.01010266431875392
3897.0,0.1646034566674198,0.01010266431875392
3898.0,0.1667856691702182,0.01010266431875392
3899.0,0.16830070068005668,0.01010266431875392
3900.0,0.16896857594270387,0.01010266431875392
3901.0,0.16981437442484287,0.01010266431875392
3902.0,0.17497346307647024,0.01010266431875392
3903.0,0.1801325517280976,0.01010266431875392
3904.0,0.1763152892086643,0.01010266431875392
3905.0,0.16741930168455343,0.01010266431875392
3906.0,0.1630424104616885,0.01010266431875392
3907.0,0.1731585806089767,0.01010266431875392
3908.0,0.18327475075626493,0.01010266431875392
3909.0,0.17273320759418617,0.01010266431875392
3910.0,0.15816089110345163,0.01010266431875392
3911.0,0.14867541362697187,0.01010266431875392
3912.0,0.145776201540849,0.01010266431875392
3913.0,0.14346570814447598,0.01010266431875392
3914.0,0.1574769329053025,0.01010266431875392
3915.0,0.17148815766612907,0.01010266431875392
3916.0,0.16961344994704478,0.01010266431875392
3917.0,0.1585622092613449,0.01010266431875392
3918.0,0.15157930413781817,0.01010266431875392
3919.0,0.15799674140722444,0.01010266431875392
3920.0,0.16441417867663075,0.01010266431875392
3921.0,0.16558059403642478,0.01010266431875392
3922.0,0.1656861968892261,0.01010266431875392
3923.0,0.16499794484314237,0.01010266431875392
3924.0,0.16326153897513213,0.01010266431875392
3925.0,0.16141756814194022,0.01010266431875392
3926.0,0.15609709763406793,0.01010266431875392
3927.0,0.1507766271261957,0.01010266431875392
3928.0,0.15306245502608865,0.01010266431875392
3929.0,0.15983367645269989,0.01010266431875392
3930.0,0.16382152093636781,0.01010266431875392
3931.0,0.15838983187101663,0.01010266431875392
3932.0,0.15295814280566544,0.01010266431875392
3933.0,0.15804101035700963,0.01010266431875392
3934.0,0.16532140498064032,0.01010266431875392
3935.0,0.16734412928212533,0.01010266431875392
3936.0,0.16228751157237925,0.01010266431875392
3937.0,0.1575887972008097,0.01010266431875392
3938.0,0.16672901190548667,0.01010266431875392
3939.0,0.1758692266101636,0.01010266431875392
3940.0,0.17993498313734094,0.01010266431875392
3941.0,0.18094630618459812,0.01010266431875392
3942.0,0.18241111307709454,0.01010266431875392
3943.0,0.18545336108717234,0.01010266431875392
3944.0,0.1884956090972501,0.01010266431875392
3945.0,0.1826094016016956,0.01010266431875392
3946.0,0.17479412634726327,0.01010266431875392
3947.0,0.17307462729916417,0.01010266431875392
3948.0,0.17972596623241896,0.01010266431875392
3949.0,0.18609461837634692,0.01010266431875392
3950.0,0.17889430463273848,0.01010266431875392
3951.0,0.17169399088913004,0.01010266431875392
3952.0,0.1675634378853982,0.01010266431875392
3953.0,0.16531876502612383,0.01010266431875392
3954.0,0.16447467072245128,0.01010266431875392
3955.0,0.16864033817534904,0.01010266431875392
3956.0,0.17280600562824677,0.01010266431875392
3957.0,0.174687643766579,0.01010266431875392
3958.0,0.17605948387875323,0.01010266431875392
3959.0,0.1747177449506753,0.01010266431875392
3960.0,0.1695754313437452,0.01010266431875392
3961.0,0.16461050399908517,0.01010266431875392
3962.0,0.17083455627443003,0.01010266431875392
3963.0,0.17705860854977493,0.01010266431875392
3964.0,0.17973500689683736,0.01010266431875392
3965.0,0.1801871925271458,0.01010266431875392
3966.0,0.18232400682333855,0.01010266431875392
3967.0,0.19065987604174187,0.01010266431875392
3968.0,0.19899574526014518,0.01010266431875392
3969.0,0.19192399930017132,0.01010266431875392
3970.0,0.1813019018367627,0.01010266431875392
3971.0,0.17588260473757789,0.01010266431875392
3972.0,0.1778958795872817,0.01010266431875392
3973.0,0.17986362131125722,0.01010266431875392
3974.0,0.17766255241302484,0.01010266431875392
3975.0,0.17546148351479246,0.01010266431875392
3976.0,0.17660286266026184,0.01010266431875392
3977.0,0.17988261899904393,0.01010266431875392
3978.0,0.18361586823566964,0.01010266431875392
3979.0,0.1890666566658522,0.01010266431875392
3980.0,0.19451744509603477,0.01010266431875392
3981.0,0.1880655132743244,0.01010266431875392
3982.0,0.17878381140758773,0.01010266431875392
3983.0,0.17559083750412113,0.01010266431875392
3984.0,0.18127052322854653,0.01010266431875392
3985.0,0.18686689505468412,0.01010266431875392
3986.0,0.1786664853243353,0.01010266431875392
3987.0,0.17046607559398644,0.01010266431875392
3988.0,0.17010488295397821,0.01010266431875392
3989.0,0.17486095702572083,0.01010266431875392
3990.0,0.1795120309335982,0.01010266431875392
3991.0,0.18375360420240106,0.01010266431875392
3992.0,0.18799517747120398,0.01010266431875392
3993.0,0.18778310383072955,0.01010266431875392
3994.0,0.18647925426630635,0.01010266431875392
3995.0,0.18541489418718335,0.01010266431875392
3996.0,0.18470655131307395,0.01010266431875392
3997.0,0.18399636518951687,0.01010266431875392
3998.0,0.18175259552533565,0.01010266431875392
3999.0,0.1795088258611544,0.01010266431875392
4000.0,0.18011371441627438,0.01010266431875392
4001.0,0.18261580934544983,0.01010266431875392
4002.0,0.18547652390823507,0.01010266431875392
4003.0,0.18977819808317645,0.01010266431875392
4004.0,0.1940798722581178,0.01010266431875392
4005.0,0.1922750703378666,0.01010266431875392
4006.0,0.18892757971988117,0.01010266431875392
4007.0,0.1884841466183,0.01010266431875392
4008.0,0.19244505452347388,0.01010266431875392
4009.0,0.19640596242864775,0.01010266431875392
4010.0,0.1884418488861467,0.01010266431875392
4011.0,0.18043463285648878,0.01010266431875392
4012.0,0.1822236946655059,0.01010266431875392
4013.0,0.19066869524798288,0.01010266431875392
4014.0,0.19770847373688952,0.01010266431875392
4015.0,0.19892785701107876,0.01010266431875392
4016.0,0.200147240285268,0.01010266431875392
4017.0,0.1960754399833559,0.01010266431875392
4018.0,0.19062681127737316,0.01010266431875392
4019.0,0.1901789994614149,0.01010266431875392
4020.0,0.19746945475967698,0.01010266431875392
4021.0,0.20475991005793903,0.01010266431875392
4022.0,0.20074818272550732,0.01010266431875392
4023.0,0.19664067418434325,0.01010266431875392
4024.0,0.19566463519512828,0.01010266431875392
4025.0,0.1968589846555348,0.01010266431875392
4026.0,0.19830934021605956,0.01010266431875392
4027.0,0.2008533927232905,0.01010266431875392
4028.0,0.20339744523052147,0.01010266431875392
4029.0,0.20321313029664737,0.01010266431875392
4030.0,0.20229792849879447,0.01010266431875392
4031.0,0.2023694316409114,0.01010266431875392
4032.0,0.20399888995140075,0.01010266431875392
4033.0,0.2056283482618901,0.01010266431875392
4034.0,0.20414789533989702,0.01010266431875392
4035.0,0.20262582560092463,0.01010266431875392
4036.0,0.20070740580436652,0.01010266431875392
4037.0,0.19850877951217927,0.01010266431875392
4038.0,0.1983309381866016,0.01010266431875392
4039.0,0.2070629214865243,0.01010266431875392
4040.0,0.215794904786447,0.01010266431875392
4041.0,0.21593722902925153,0.01010266431875392
4042.0,0.21371180651818067,0.01010266431875392
4043.0,0.20968825990076997,0.01010266431875392
4044.0,0.20276742240355222,0.01010266431875392
4045.0,0.19584658490633444,0.01010266431875392
4046.0,0.19470313824217353,0.01010266431875392
4047.0,0.19366563395270164,0.01010266431875392
4048.0,0.19728511915471642,0.01010266431875392
4049.0,0.20426264016774087,0.01010266431875392
4050.0,0.2091610721303859,0.01010266431875392
4051.0,0.2045927186169707,0.01010266431875392
4052.0,0.20002436510355548,0.01010266431875392
4053.0,0.19977817997633046,0.01010266431875392
4054.0,0.20075738619434275,0.01010266431875392
4055.0,0.19935633259169516,0.01010266431875392
4056.0,0.1940410739506289,0.01010266431875392
4057.0,0.18872581530956256,0.01010266431875392
4058.0,0.19470681915112042,0.01010266431875392
4059.0,0.2009514949670889,0.01010266431875392
4060.0,0.20276079741156228,0.01010266431875392
4061.0,0.20130825235574804,0.01010266431875392
4062.0,0.20104384480556567,0.01010266431875392
4063.0,0.20637019387435215,0.01010266431875392
4064.0,0.21169654294313867,0.01010266431875392
4065.0,0.20488759651645178,0.01010266431875392
4066.0,0.1945415407050361,0.01010266431875392
4067.0,0.19171665507807512,0.01010266431875392
4068.0,0.20151572712406274,0.01010266431875392
4069.0,0.21131479917005036,0.01010266431875392
4070.0,0.20635914225365898,0.01010266431875392
4071.0,0.20098452389759328,0.01010266431875392
4072.0,0.20554976575344153,0.01010266431875392
4073.0,0.21756990276822918,0.01010266431875392
4074.0,0.227545944034329,0.01010266431875392
4075.0,0.2275750123262019,0.01010266431875392
4076.0,0.2276040806180748,0.01010266431875392
4077.0,0.22634074490723177,0.01010266431875392
4078.0,0.22469029286484168,0.01010266431875392
4079.0,0.22080803255644746,0.01010266431875392
4080.0,0.21310189228741225,0.01010266431875392
4081.0,0.20539575201837704,0.01010266431875392
4082.0,0.21384143942835332,0.01010266431875392
4083.0,0.22282819302609136,0.01010266431875392
4084.0,0.22362299349687828,0.01010266431875392
4085.0,0.21815233829218555,0.01010266431875392
4086.0,0.21441979519321863,0.01010266431875392
4087.0,0.21944078769918934,0.01010266431875392
4088.0,0.22446178020516003,0.01010266431875392
4089.0,0.2226999703989941,0.01010266431875392
4090.0,0.2188511444967886,0.01010266431875392
4091.0,0.21593202197702246,0.01010266431875392
4092.0,0.21463911329452512,0.01010266431875392
4093.0,0.21334620461202775,0.01010266431875392
4094.0,0.21935026269343735,0.01010266431875392
4095.0,0.22563637310611873,0.01010266431875392
4096.0,0.22410025760990182,0.01010266431875392
4097.0,0.21646347447106537,0.01010266431875392
4098.0,0.21080039728273636,0.01010266431875392
4099.0,0.21543299516458037,0.01010266431875392
4100.0,0.2200655930464243,0.01010266431875392
4101.0,0.21619976417593365,0.01010266431875392
4102.0,0.20964880836947153,0.01010266431875392
4103.0,0.2060517953828803,0.01010266431875392
4104.0,0.20773038596087173,0.01010266431875392
4105.0,0.20940897653886317,0.01010266431875392
4106.0,0.21522922342511588,0.01010266431875392
4107.0,0.22123112190383779,0.01010266431875392
4108.0,0.22564219426988896,0.01010266431875392
4109.0,0.22878814845582096,0.01010266431875392
4110.0,0.23077807339068832,0.01010266431875392
4111.0,0.2265165478371309,0.01010266431875392
4112.0,0.22225502228357355,0.01010266431875392
4113.0,0.2226154950644851,0.01010266431875392
4114.0,0.22447499433225104,0.01010266431875392
4115.0,0.2236836019216862,0.01010266431875392
4116.0,0.21805770197571608,0.01010266431875392
4117.0,0.21243180202974593,0.01010266431875392
4118.0,0.2241129620562241,0.01010266431875392
4119.0,0.2366442169679984,0.01010266431875392
4120.0,0.2385248972006923,0.01010266431875392
4121.0,0.23176935057406106,0.01010266431875392
4122.0,0.22663688154530567,0.01010266431875392
4123.0,0.23061168126018733,0.01010266431875392
4124.0,0.234586480975069,0.01010266431875392
4125.0,0.23702243253194683,0.01010266431875392
4126.0,0.23894625542184214,0.01010266431875392
4127.0,0.23851698036316857,0.01010266431875392
4128.0,0.2337049592971941,0.01010266431875392
4129.0,0.22889293823121964,0.01010266431875392
4130.0,0.22794611674495235,0.01010266431875392
4131.0,0.22720967953960414,0.01010266431875392
4132.0,0.22563797507052227,0.01010266431875392
4133.0,0.2233757097276955,0.01010266431875392
4134.0,0.22219225962854294,0.01010266431875392
4135.0,0.22729600328553898,0.01010266431875392
4136.0,0.23239974694253496,0.01010266431875392
4137.0,0.2320028863861606,0.01010266431875392
4138.0,0.22972820281330453,0.01010266431875392
4139.0,0.22662670605179522,0.01010266431875392
4140.0,0.2219522476143138,0.01010266431875392
4141.0,0.21727778917683238,0.01010266431875392
4142.0,0.21915335555856447,0.01010266431875392
4143.0,0.22142059009106477,0.01010266431875392
4144.0,0.22731241822708206,0.01010266431875392
4145.0,0.23625949008641414,0.01010266431875392
4146.0,0.24362969825173145,0.01010266431875392
4147.0,0.2414451814914378,0.01010266431875392
4148.0,0.23926066473114413,0.01010266431875392
4149.0,0.23662834883951436,0.01010266431875392
4150.0,0.23383926696349494,0.01010266431875392
4151.0,0.23308153517281038,0.01010266431875392
4152.0,0.23627165690486493,0.01010266431875392
4153.0,0.2394617786369195,0.01010266431875392
4154.0,0.23444956718128607,0.01010266431875392
4155.0,0.2289024209525448,0.01010266431875392
4156.0,0.22810128096183951,0.01010266431875392
4157.0,0.23137874008195014,0.01010266431875392
4158.0,0.23363269401631045,0.01010266431875392
4159.0,0.2294313827879233,0.01010266431875392
4160.0,0.22523007155953617,0.01010266431875392
4161.0,0.2268140118168576,0.01010266431875392
4162.0,0.23047422503805767,0.01010266431875392
4163.0,0.23507056259199927,0.01010266431875392
4164.0,0.24152572767403546,0.01010266431875392
4165.0,0.24798089275607166,0.01010266431875392
4166.0,0.25280647799564177,0.01010266431875392
4167.0,0.2575168615753969,0.01010266431875392
4168.0,0.2545813369147793,0.01010266431875392
4169.0,0.2449470322868122,0.01010266431875392
4170.0,0.23709831308491605,0.01010266431875392
4171.0,0.24098575991077412,0.01010266431875392
4172.0,0.2448732067366322,0.01010266431875392
4173.0,0.24522390498642407,0.01010266431875392
4174.0,0.24427373019674406,0.01010266431875392
4175.0,0.2441421608756757,0.01010266431875392
4176.0,0.245671616469102,0.01010266431875392
4177.0,0.2472010720625283,0.01010266431875392
4178.0,0.2480230136134553,0.01010266431875392
4179.0,0.24879102321540636,0.01010266431875392
4180.0,0.2507513292307951,0.01010266431875392
4181.0,0.25377657272454746,0.01010266431875392
4182.0,0.25612211761367043,0.01010266431875392
4183.0,0.2538059560351953,0.01010266431875392
4184.0,0.2514897944567201,0.01010266431875392
4185.0,0.2544012429993888,0.01010266431875392
4186.0,0.2592827661001128,0.01010266431875392
4187.0,0.2592761939645614,0.01010266431875392
4188.0,0.24913268632057292,0.01010266431875392
4189.0,0.23898917867658442,0.01010266431875392
4190.0,0.2459513596907172,0.01010266431875392
4191.0,0.2543130970495961,0.01010266431875392
4192.0,0.2542774740428621,0.01010266431875392
4193.0,0.24659563070321874,0.01010266431875392
4194.0,0.2403315321942865,0.01010266431875392
4195.0,0.24422793830541034,0.01010266431875392
4196.0,0.24812434441653422,0.01010266431875392
4197.0,0.25201514635279904,0.01010266431875392
4198.0,0.2559037849470218,0.01010266431875392
4199.0,0.2583309009980103,0.01010266431875392
4200.0,0.2576598082120361,0.01010266431875392
4201.0,0.2569887154260619,0.01010266431875392
4202.0,0.26114151786162937,0.01010266431875392
4203.0,0.2657162536912487,0.01010266431875392
4204.0,0.26408798721684124,0.01010266431875392
4205.0,0.2567018412889361,0.01010266431875392
4206.0,0.25074595302970387,0.01010266431875392
4207.0,0.2555169972855304,0.01010266431875392
4208.0,0.2602880415413569,0.01010266431875392
4209.0,0.2645862814208793,0.01010266431875392
4210.0,0.2686976170578429,0.01010266431875392
4211.0,0.2702761491142026,0.01010266431875392
4212.0,0.2663653350072728,0.01010266431875392
4213.0,0.262454520900343,0.01010266431875392
4214.0,0.25952295112699775,0.01010266431875392
4215.0,0.2566826232797472,0.01010266431875392
4216.0,0.2577121136275636,0.01010266431875392
4217.0,0.26240346465062087,0.01010266431875392
4218.0,0.2656326268477048,0.01010266431875392
4219.0,0.2573664960406242,0.01010266431875392
4220.0,0.24910036523354373,0.01010266431875392
4221.0,0.25363553109143283,0.01010266431875392
4222.0,0.26335166018641426,0.01010266431875392
4223.0,0.2698578701976625,0.01010266431875392
4224.0,0.2692502054828074,0.01010266431875392
4225.0,0.2686425407679523,0.01010266431875392
4226.0,0.26299176984521555,0.01010266431875392
4227.0,0.2568420108412226,0.01010266431875392
4228.0,0.2574855266730168,0.01010266431875392
4229.0,0.26468198922140224,0.01010266431875392
4230.0,0.2710050541361477,0.01010266431875392
4231.0,0.2701177363642681,0.01010266431875392
4232.0,0.2692304185923885,0.01010266431875392
4233.0,0.2681316302377899,0.01010266431875392
4234.0,0.2669452377708256,0.01010266431875392
4235.0,0.2626351748881194,0.01010266431875392
4236.0,0.25124479239638836,0.01010266431875392
4237.0,0.23985440990465728,0.01010266431875392
4238.0,0.24859770863944836,0.01010266431875392
4239.0,0.2594505044788715,0.01010266431875392
4240.0,0.2611136372602903,0.01010266431875392
4241.0,0.2537402680346593,0.01010266431875392
4242.0,0.248150478681115,0.01010266431875392
4243.0,0.2580529470537,0.01010266431875392
4244.0,0.267955415426285,0.01010266431875392
4245.0,0.2757177793373992,0.01010266431875392
4246.0,0.2825728852887773,0.01010266431875392
4247.0,0.2841044080742315,0.01010266431875392
4248.0,0.27329200495304623,0.01010266431875392
4249.0,0.262479601831861,0.01010266431875392
4250.0,0.2634936697620524,0.01010266431875392
4251.0,0.265816533821922,0.01010266431875392
4252.0,0.2672556637481733,0.01010266431875392
4253.0,0.2678089351799083,0.01010266431875392
4254.0,0.26846698852593864,0.01010266431875392
4255.0,0.2700846908675324,0.01010266431875392
4256.0,0.27170239320912615,0.01010266431875392
4257.0,0.2727071972697075,0.01010266431875392
4258.0,0.2734461659312956,0.01010266431875392
4259.0,0.2736797934710381,0.01010266431875392
4260.0,0.2727145145435704,0.01010266431875392
4261.0,0.27174923561610265,0.01010266431875392
4262.0,0.26491920225619037,0.01010266431875392
4263.0,0.25740520959919655,0.01010266431875392
4264.0,0.26067514360773814,0.01010266431875392
4265.0,0.27496457549536385,0.01010266431875392
4266.0,0.28764341449462383,0.01010266431875392
4267.0,0.2847325402795651,0.01010266431875392
4268.0,0.2818216660645065,0.01010266431875392
4269.0,0.2806581340511978,0.01010266431875392
4270.0,0.28026985265079596,0.01010266431875392
4271.0,0.27908628146457115,0.01010266431875392
4272.0,0.27597175976955735,0.01010266431875392
4273.0,0.27285723807454354,0.01010266431875392
4274.0,0.27108913363219334,0.01010266431875392
4275.0,0.26948615583403707,0.01010266431875392
4276.0,0.26825640128878686,0.01010266431875392
4277.0,0.26741542096531395,0.01010266431875392
4278.0,0.267410429946475,0.01010266431875392
4279.0,0.27597997787648254,0.01010266431875392
4280.0,0.28454952580649007,0.01010266431875392
4281.0,0.2873803463507464,0.01010266431875392
4282.0,0.28760720682467744,0.01010266431875392
4283.0,0.2868274445046912,0.01010266431875392
4284.0,0.28354586653790176,0.01010266431875392
4285.0,0.2802642885711123,0.01010266431875392
4286.0,0.28174194308825823,0.01010266431875392
4287.0,0.28383223593328305,0.01010266431875392
4288.0,0.2833148757267611,0.01010266431875392
4289.0,0.2800284977996639,0.01010266431875392
4290.0,0.2771155404936125,0.01010266431875392
4291.0,0.27827286795697076,0.01010266431875392
4292.0,0.279430195420329,0.01010266431875392
4293.0,0.28307322077813224,0.01010266431875392
4294.0,0.28786954006235516,0.01010266431875392
4295.0,0.28946541022332,0.01010266431875392
4296.0,0.2829171587855166,0.01010266431875392
4297.0,0.27636890734771324,0.01010266431875392
4298.0,0.2776096272150323,0.01010266431875392
4299.0,0.2799009031575635,0.01010266431875392
4300.0,0.2790659576580422,0.01010266431875392
4301.0,0.27484687744749553,0.01010266431875392
4302.0,0.27144448323286724,0.01010266431875392
4303.0,0.27753297021320805,0.01010266431875392
4304.0,0.28362145719354886,0.01010266431875392
4305.0,0.2746303464274057,0.01010266431875392
4306.0,0.25848643531424786,0.01010266431875392
4307.0,0.25150305064372347,0.01010266431875392
4308.0,0.2683925530661064,0.01010266431875392
4309.0,0.28528205548848923,0.01010266431875392
4310.0,0.2849606187992339,0.01010266431875392
4311.0,0.2822107893312057,0.01010266431875392
4312.0,0.2786817423444046,0.01010266431875392
4313.0,0.27429280127754396,0.01010266431875392
4314.0,0.27065432024201763,0.01010266431875392
4315.0,0.2763481728220049,0.01010266431875392
4316.0,0.28204202540199214,0.01010266431875392
4317.0,0.2871425385882228,0.01010266431875392
4318.0,0.29195537206838973,0.01010266431875392
4319.0,0.29405557437148144,0.01010266431875392
4320.0,0.2889141269243381,0.01010266431875392
4321.0,0.2837726794771948,0.01010266431875392
4322.0,0.2862932818008463,0.01010266431875392
4323.0,0.28994313939374655,0.01010266431875392
4324.0,0.2900128055556968,0.01010266431875392
4325.0,0.28605475635782124,0.01010266431875392
4326.0,0.28228079894202107,0.01010266431875392
4327.0,0.28096668861429797,0.01010266431875392
4328.0,0.27965257828657475,0.01010266431875392
4329.0,0.27791815042889445,0.01010266431875392
4330.0,0.2759754503301587,0.01010266431875392
4331.0,0.27449803807161044,0.01010266431875392
4332.0,0.27429338627276817,0.01010266431875392
4333.0,0.27408873447392584,0.01010266431875392
4334.0,0.27142276854068925,0.01010266431875392
4335.0,0.26837840112695854,0.01010266431875392
4336.0,0.2694701531709898,0.01010266431875392
4337.0,0.27530565046941413,0.01010266431875392
4338.0,0.28098360918438464,0.01010266431875392
4339.0,0.2843889279639888,0.01010266431875392
4340.0,0.2877942467435929,0.01010266431875392
4341.0,0.2861132628811679,0.01010266431875392
4342.0,0.2818569359088539,0.01010266431875392
4343.0,0.28090305169867796,0.01010266431875392
4344.0,0.2892080709403241,0.01010266431875392
4345.0,0.29751309018197025,0.01010266431875392
4346.0,0.29394567326791676,0.01010266431875392
4347.0,0.2884766823177814,0.01010266431875392
4348.0,0.2881047575549037,0.01010266431875392
4349.0,0.29369268362034817,0.01010266431875392
4350.0,0.29901307441867825,0.01010266431875392
4351.0,0.30014386293398637,0.01010266431875392
4352.0,0.3012746514492945,0.01010266431875392
4353.0,0.2984483094803133,0.01010266431875392
4354.0,0.2935749273336697,0.01010266431875392
4355.0,0.2900568204209531,0.01010266431875392
4356.0,0.2904343418550628,0.01010266431875392
4357.0,0.2908118632891725,0.01010266431875392
4358.0,0.2967756797327631,0.01010266431875392
4359.0,0.3036705453445984,0.01010266431875392
4360.0,0.30557173783125424,0.01010266431875392
4361.0,0.30151994630288814,0.01010266431875392
4362.0,0.29817665074785604,0.01010266431875392
4363.0,0.3069547971713332,0.01010266431875392
4364.0,0.3157329435948103,0.01010266431875392
4365.0,0.3192207643618016,0.01010266431875392
4366.0,0.31991296349747245,0.01010266431875392
4367.0,0.3200781704697727,0.01010266431875392
4368.0,0.31868987447706726,0.01010266431875392
4369.0,0.3173015784843618,0.01010266431875392
4370.0,0.3194156380166019,0.01010266431875392
4371.0,0.3221364436468268,0.01010266431875392
4372.0,0.3236408589309164,0.01010266431875392
4373.0,0.32366684233153925,0.01010266431875392
4374.0,0.3237851342447814,0.01010266431875392
4375.0,0.32564190314569735,0.01010266431875392
4376.0,0.32749867204661326,0.01010266431875392
4377.0,0.3288719971868992,0.01010266431875392
4378.0,0.32998438780203926,0.01010266431875392
4379.0,0.3305139472785994,0.01010266431875392
4380.0,0.3292809352925905,0.01010266431875392
4381.0,0.3280479233065817,0.01010266431875392
4382.0,0.3297345987234489,0.01010266431875392
4383.0,0.3319464870300681,0.01010266431875392
4384.0,0.33157010235700773,0.01010266431875392
4385.0,0.3279862073515977,0.01010266431875392
4386.0,0.32477713763195837,0.01010266431875392
4387.0,0.32940980744356213,0.01010266431875392
4388.0,0.33404247725516584,0.01010266431875392
4389.0,0.33263641399707966,0.01010266431875392
4390.0,0.3279017380972351,0.01010266431875392
4391.0,0.32423427092949736,0.01010266431875392
4392.0,0.3238788308614009,0.01010266431875392
4393.0,0.3235233907933044,0.01010266431875392
4394.0,0.3182310884570995,0.01010266431875392
4395.0,0.3120175198002049,0.01010266431875392
4396.0,0.31163103153449806,0.01010266431875392
4397.0,0.31860756604569973,0.01010266431875392
4398.0,0.3253902784943224,0.01010266431875392
4399.0,0.32761817247239244,0.01010266431875392
4400.0,0.32984606645046255,0.01010266431875392
4401.0,0.32789271824837274,0.01010266431875392
4402.0,0.32358595043268434,0.01010266431875392
4403.0,0.3216891531618107,0.01010266431875392
4404.0,0.3274703525010332,0.01010266431875392
4405.0,0.3332515518402557,0.01010266431875392
4406.0,0.3377808860437075,0.01010266431875392
4407.0,0.34206809733408045,0.01010266431875392
4408.0,0.3417151542421293,0.01010266431875392
4409.0,0.3353835506960391,0.01010266431875392
4410.0,0.3292812068140257,0.01010266431875392
4411.0,0.32931537994048177,0.01010266431875392
4412.0,0.3293495530669378,0.01010266431875392
4413.0,0.3287688661158153,0.01010266431875392
4414.0,0.32783483802370295,0.01010266431875392
4415.0,0.3269060639725419,0.01010266431875392
4416.0,0.32599448006562165,0.01010266431875392
4417.0,0.32508289615870145,0.01010266431875392
4418.0,0.33283461204187187,0.01010266431875392
4419.0,0.342321484511238,0.01010266431875392
4420.0,0.34603289843019686,0.01010266431875392
4421.0,0.34215600153153247,0.01010266431875392
4422.0,0.33816124517909096,0.01010266431875392
4423.0,0.33050831270368075,0.01010266431875392
4424.0,0.32285538022827054,0.01010266431875392
4425.0,0.32842814423019734,0.01010266431875392
4426.0,0.34175998349883463,0.01010266431875392
4427.0,0.3510568416889784,0.01010266431875392
4428.0,0.34679109332211133,0.01010266431875392
4429.0,0.3425253449552443,0.01010266431875392
4430.0,0.3414381255035837,0.01010266431875392
4431.0,0.3410096446531916,0.01010266431875392
4432.0,0.33850421221781873,0.01010266431875392
4433.0,0.3332158980239209,0.01010266431875392
4434.0,0.32835099571684856,0.01010266431875392
4435.0,0.3390945952379041,0.01010266431875392
4436.0,0.34983819475895955,0.01010266431875392
4437.0,0.3543529051893145,0.01010266431875392
4438.0,0.35513745555000154,0.01010266431875392
4439.0,0.35556000223284806,0.01010266431875392
4440.0,0.35473199075588047,0.01010266431875392
4441.0,0.3539039792789129,0.01010266431875392
4442.0,0.34995789502388475,0.01010266431875392
4443.0,0.3453436523164158,0.01010266431875392
4444.0,0.3422832086722196,0.01010266431875392
4445.0,0.3413459961343733,0.01010266431875392
4446.0,0.3405124060982062,0.01010266431875392
4447.0,0.3443706126658217,0.01010266431875392
4448.0,0.3482288192334371,0.01010266431875392
4449.0,0.3525712860398136,0.01010266431875392
4450.0,0.3572097416961864,0.01010266431875392
4451.0,0.35893855761903937,0.01010266431875392
4452.0,0.35033258760316655,0.01010266431875392
4453.0,0.3417266175872937,0.01010266431875392
4454.0,0.337506639888698,0.01010266431875392
4455.0,0.3342577543307334,0.01010266431875392
4456.0,0.337155456861052,0.01010266431875392
4457.0,0.34861952497417664,0.01010266431875392
4458.0,0.3597841115720878,0.01010266431875392
4459.0,0.35342902953054545,0.01010266431875392
4460.0,0.3470739474890031,0.01010266431875392
4461.0,0.34870601981839977,0.01010266431875392
4462.0,0.3553203326910715,0.01010266431875392
4463.0,0.359026986717351,0.01010266431875392
4464.0,0.3521101274165609,0.01010266431875392
4465.0,0.34519326811577083,0.01010266431875392
4466.0,0.34311087246422595,0.01010266431875392
4467.0,0.3421337008032901,0.01010266431875392
4468.0,0.34372184118343774,0.01010266431875392
4469.0,0.3489566024591885,0.01010266431875392
4470.0,0.354156207964899,0.01010266431875392
4471.0,0.3564624935962816,0.01010266431875392
4472.0,0.35876877922766426,0.01010266431875392
4473.0,0.3571403937487548,0.01010266431875392
4474.0,0.3530074239088778,0.01010266431875392
4475.0,0.3502979672773798,0.01010266431875392
4476.0,0.3529409203093881,0.01010266431875392
4477.0,0.3555838733413965,0.01010266431875392
4478.0,0.3568930595161974,0.01010266431875392
4479.0,0.35788760336118297,0.01010266431875392
4480.0,0.3577841402966799,0.01010266431875392
4481.0,0.3560885672134178,0.01010266431875392
4482.0,0.354426557794818,0.01010266431875392
4483.0,0.3573907401552945,0.01010266431875392
4484.0,0.36035492251577106,0.01010266431875392
4485.0,0.36796916336915836,0.01010266431875392
4486.0,0.3786036402337845,0.01010266431875392
4487.0,0.38620504186128635,0.01010266431875392
4488.0,0.3820643627462599,0.01010266431875392
4489.0,0.3779236836312333,0.01010266431875392
4490.0,0.3772155635183045,0.01010266431875392
4491.0,0.37734252865514056,0.01010266431875392
4492.0,0.3748549164121752,0.01010266431875392
4493.0,0.3684999084615915,0.01010266431875392
4494.0,0.3621658662329814,0.01010266431875392
4495.0,0.3645430814851048,0.01010266431875392
4496.0,0.3669202967372282,0.01010266431875392
4497.0,0.3649346827503413,0.01010266431875392
4498.0,0.36005793242143863,0.01010266431875392
4499.0,0.3567288912341637,0.01010266431875392
4500.0,0.3595721511745859,0.01010266431875392
4501.0,0.3624154111150081,0.01010266431875392
4502.0,0.36544390948622274,0.01010266431875392
4503.0,0.36851885653302646,0.01010266431875392
4504.0,0.3723054692066753,0.01010266431875392
4505.0,0.3771660110340887,0.01010266431875392
4506.0,0.382026552861502,0.01010266431875392
4507.0,0.37734670861792163,0.01010266431875392
4508.0,0.3726439031563623,0.01010266431875392
4509.0,0.37301842335794827,0.01010266431875392
4510.0,0.37682550175434065,0.01010266431875392
4511.0,0.38044383375169716,0.01010266431875392
4512.0,0.38328633699228143,0.01010266431875392
4513.0,0.38612884023286576,0.01010266431875392
4514.0,0.3843751173834486,0.01010266431875392
4515.0,0.3814341518431073,0.01010266431875392
4516.0,0.38158117939494207,0.01010266431875392
4517.0,0.3864825865551551,0.01010266431875392
4518.0,0.39138399371536814,0.01010266431875392
4519.0,0.3822741060592991,0.01010266431875392
4520.0,0.37306256451097985,0.01010266431875392
4521.0,0.3747527485307179,0.01010266431875392
4522.0,0.38396136397669955,0.01010266431875392
4523.0,0.3912113570064958,0.01010266431875392
4524.0,0.39015876193244153,0.01010266431875392
4525.0,0.38910616685838734,0.01010266431875392
4526.0,0.38661254834185244,0.01010266431875392
4527.0,0.38373567890976434,0.01010266431875392
4528.0,0.38012441721510043,0.01010266431875392
4529.0,0.37535943434250363,0.01010266431875392
4530.0,0.37059445146990677,0.01010266431875392
4531.0,0.3782107934767932,0.01010266431875392
4532.0,0.3859775768552404,0.01010266431875392
4533.0,0.38822771322240984,0.01010266431875392
4534.0,0.3865970181542357,0.01010266431875392
4535.0,0.3859161468864178,0.01010266431875392
4536.0,0.3893899887582224,0.01010266431875392
4537.0,0.392863830630027,0.01010266431875392
4538.0,0.39538575615797716,0.01010266431875392
4539.0,0.3976471418915091,0.01010266431875392
4540.0,0.39756306943282965,0.01010266431875392
4541.0,0.39371893430976057,0.01010266431875392
4542.0,0.38987479918669155,0.01010266431875392
4543.0,0.3878577664677392,0.01010266431875392
4544.0,0.3858719662685145,0.01010266431875392
4545.0,0.38982796563187416,0.01010266431875392
4546.0,0.3980473593205532,0.01010266431875392
4547.0,0.4025909777369453,0.01010266431875392
4548.0,0.3905327502215931,0.01010266431875392
4549.0,0.3784745227062409,0.01010266431875392
4550.0,0.3802219791857581,0.01010266431875392
4551.0,0.38585626669767925,0.01010266431875392
4552.0,0.38951902175034164,0.01010266431875392
4553.0,0.38995619996301906,0.01010266431875392
4554.0,0.39039337817569647,0.01010266431875392
4555.0,0.39188193458069454,0.01010266431875392
4556.0,0.39339371160834524,0.01010266431875392
4557.0,0.39364392250826313,0.01010266431875392
4558.0,0.3929709083001533,0.01010266431875392
4559.0,0.39310758978177807,0.01010266431875392
4560.0,0.3970228511488354,0.01010266431875392
4561.0,0.40093811251589273,0.01010266431875392
4562.0,0.4034204326877693,0.01010266431875392
4563.0,0.4054879540926204,0.01010266431875392
4564.0,0.40693750467633755,0.01010266431875392
4565.0,0.4073551232157885,0.01010266431875392
4566.0,0.4077727417552393,0.01010266431875392
4567.0,0.40698818275302007,0.01010266431875392
4568.0,0.4061710122761812,0.01010266431875392
4569.0,0.40096415626635795,0.01010266431875392
4570.0,0.3924811408231094,0.01010266431875392
4571.0,0.3861500613412644,0.01010266431875392
4572.0,0.3902024490857563,0.01010266431875392
4573.0,0.39425483683024826,0.01010266431875392
4574.0,0.39529889973114885,0.01010266431875392
4575.0,0.3954479625617585,0.01010266431875392
4576.0,0.3954831318871106,0.01010266431875392
4577.0,0.3953241645557738,0.01010266431875392
4578.0,0.395165197224437,0.01010266431875392
4579.0,0.4117730917264404,0.01010266431875392
4580.0,0.428921182520461,0.01010266431875392
4581.0,0.43164142768040764,0.01010266431875392
4582.0,0.4233806486791206,0.01010266431875392
4583.0,0.4160593291011324,0.01010266431875392
4584.0,0.4134285479387614,0.01010266431875392
4585.0,0.4107977667763904,0.01010266431875392
4586.0,0.409663807830156,0.01010266431875392
4587.0,0.40898734156753663,0.01010266431875392
4588.0,0.4109731108420756,0.01010266431875392
4589.0,0.41759152024540835,0.01010266431875392
4590.0,0.4242099296487412,0.01010266431875392
4591.0,0.4257022038195866,0.01010266431875392
4592.0,0.42700296608884525,0.01010266431875392
4593.0,0.4248172518003415,0.01010266431875392
4594.0,0.4199256154073017,0.01010266431875392
4595.0,0.414853993930736,0.01010266431875392
4596.0,0.4088517829112001,0.01010266431875392
4597.0,0.40284957189166415,0.01010266431875392
4598.0,0.40530835829884165,0.01010266431875392
4599.0,0.4104228836459426,0.01010266431875392
4600.0,0.4133803548354367,0.01010266431875392
4601.0,0.4125054598049168,0.01010266431875392
4602.0,0.41163056477439686,0.01010266431875392
4603.0,0.41417026281459657,0.01010266431875392
4604.0,0.41685526268759454,0.01010266431875392
4605.0,0.41878987450421806,0.01010266431875392
4606.0,0.42013063082676455,0.01010266431875392
4607.0,0.4210562338682286,0.01010266431875392
4608.0,0.4197571223805404,0.01010266431875392
4609.0,0.41845801089285234,0.01010266431875392
4610.0,0.4186277931535479,0.01010266431875392
4611.0,0.4192708856220562,0.01010266431875392
4612.0,0.41734682819924196,0.01010266431875392
4613.0,0.4107654751965704,0.01010266431875392
4614.0,0.40418412219389893,0.01010266431875392
4615.0,0.4080214643546769,0.01010266431875392
4616.0,0.4123568070389917,0.01010266431875392
4617.0,0.41764144298143946,0.01010266431875392
4618.0,0.423692102984679,0.01010266431875392
4619.0,0.42849619740049183,0.01010266431875392
4620.0,0.4263705650074549,0.01010266431875392
4621.0,0.42424493261441804,0.01010266431875392
4622.0,0.4255371213245995,0.01010266431875392
4623.0,0.42795948410565143,0.01010266431875392
4624.0,0.43097709867663225,0.01010266431875392
4625.0,0.4350975598858036,0.01010266431875392
4626.0,0.439218021094975,0.01010266431875392
4627.0,0.4338202867453665,0.01010266431875392
4628.0,0.4279171614811357,0.01010266431875392
4629.0,0.42636853654936646,0.01010266431875392
4630.0,0.4284026077335854,0.01010266431875392
4631.0,0.4303479295005765,0.01010266431875392
4632.0,0.43178095788357,0.01010266431875392
4633.0,0.4332139862665636,0.01010266431875392
4634.0,0.43437024140348746,0.01010266431875392
4635.0,0.4354326072238184,0.01010266431875392
4636.0,0.43509445645091144,0.01010266431875392
4637.0,0.43210602254149816,0.01010266431875392
4638.0,0.42911758863208493,0.01010266431875392
4639.0,0.43464287987300954,0.01010266431875392
4640.0,0.44066579672628137,0.01010266431875392
4641.0,0.44243155756241326,0.01010266431875392
4642.0,0.4406261941457596,0.01010266431875392
4643.0,0.43901990229564236,0.01010266431875392
4644.0,0.4386080398447457,0.01010266431875392
4645.0,0.43819617739384914,0.01010266431875392
4646.0,0.4391732728970602,0.01010266431875392
4647.0,0.44063358192799434,0.01010266431875392
4648.0,0.44102707275713393,0.01010266431875392
4649.0,0.43935829882295085,0.01010266431875392
4650.0,0.4376895248887678,0.01010266431875392
4651.0,0.43763624617170865,0.01010266431875392
4652.0,0.43768612806876955,0.01010266431875392
4653.0,0.43965108831259736,0.01010266431875392
4654.0,0.4432538883897424,0.01010266431875392
4655.0,0.44661803751658863,0.01010266431875392
4656.0,0.44849217462330987,0.01010266431875392
4657.0,0.4503663117300311,0.01010266431875392
4658.0,0.44670943730122603,0.01010266431875392
4659.0,0.4410797753703415,0.01010266431875392
4660.0,0.4389067711389539,0.01010266431875392
4661.0,0.44356066586407034,0.01010266431875392
4662.0,0.44821456058918674,0.01010266431875392
4663.0,0.4465930962542281,0.01010266431875392
4664.0,0.4445366262848071,0.01010266431875392
4665.0,0.4424935117632584,0.01010266431875392
4666.0,0.4404620419917646,0.01010266431875392
4667.0,0.43917459386023977,0.01010266431875392
4668.0,0.4427266378373213,0.01010266431875392
4669.0,0.44627868181440283,0.01010266431875392
4670.0,0.4461079796742613,0.01010266431875392
4671.0,0.4445763391994629,0.01010266431875392
4672.0,0.44493318597912535,0.01010266431875392
4673.0,0.4491012189933414,0.01010266431875392
4674.0,0.45326925200755736,0.01010266431875392
4675.0,0.45290646645949323,0.01010266431875392
4676.0,0.45220460029644555,0.01010266431875392
4677.0,0.44952976116099613,0.01010266431875392
4678.0,0.4451011682723037,0.01010266431875392
4679.0,0.4420252398834041,0.01010266431875392
4680.0,0.4481272033342229,0.01010266431875392
4681.0,0.45422916678504177,0.01010266431875392
4682.0,0.4573995511423924,0.01010266431875392
4683.0,0.4594718027370105,0.01010266431875392
4684.0,0.4606441736896497,0.01010266431875392
4685.0,0.4599605408182071,0.01010266431875392
4686.0,0.4592769079467645,0.01010266431875392
4687.0,0.45734484307245443,0.01010266431875392
4688.0,0.45531238548196107,0.01010266431875392
4689.0,0.4544432674581145,0.01010266431875392
4690.0,0.4546283427257835,0.01010266431875392
4691.0,0.4551574128827757,0.01010266431875392
4692.0,0.4581245050708859,0.01010266431875392
4693.0,0.4610915972589962,0.01010266431875392
4694.0,0.4639732128273486,0.01010266431875392
4695.0,0.46682202922765437,0.01010266431875392
4696.0,0.4698420807989497,0.01010266431875392
4697.0,0.47322313189117376,0.01010266431875392
4698.0,0.4766041829833979,0.01010266431875392
4699.0,0.47888078883583246,0.01010266431875392
4700.0,0.481062357679367,0.01010266431875392
4701.0,0.47873518194836384,0.01010266431875392
4702.0,0.4722428842085543,0.01010266431875392
4703.0,0.46599278659133847,0.01010266431875392
4704.0,0.4615383949335582,0.01010266431875392
4705.0,0.457084003275778,0.01010266431875392
4706.0,0.4555265038889341,0.01010266431875392
4707.0,0.45510741534434657,0.01010266431875392
4708.0,0.45594250949938886,0.01010266431875392
4709.0,0.4594807474275001,0.01010266431875392
4710.0,0.4630189853556113,0.01010266431875392
4711.0,0.4607370897208577,0.01010266431875392
4712.0,0.45792123687850317,0.01010266431875392
4713.0,0.45736230774185554,0.01010266431875392
4714.0,0.4589287799504447,0.01010266431875392
4715.0,0.4607233552016638,0.01010266431875392
4716.0,0.46428993093141696,0.01010266431875392
4717.0,0.46785650666117,0.01010266431875392
4718.0,0.4694097261317432,0.01010266431875392
4719.0,0.47015285781453414,0.01010266431875392
4720.0,0.4698902881495745,0.01010266431875392
4721.0,0.4674113074374581,0.01010266431875392
4722.0,0.46493232672534174,0.01010266431875392
4723.0,0.4739727531459764,0.01010266431875392
4724.0,0.48413628381934765,0.01010266431875392
4725.0,0.48754419277958205,0.01010266431875392
4726.0,0.48446670489520793,0.01010266431875392
4727.0,0.4815746424892795,0.01010266431875392
4728.0,0.4801945109075912,0.01010266431875392
4729.0,0.4788143793259029,0.01010266431875392
4730.0,0.47772082396514864,0.01010266431875392
4731.0,0.47674529914962666,0.01010266431875392
4732.0,0.4749679296637873,0.01010266431875392
4733.0,0.47138327746398734,0.01010266431875392
4734.0,0.4677986252641874,0.01010266431875392
4735.0,0.47609470748143307,0.01010266431875392
4736.0,0.4856182033205715,0.01010266431875392
4737.0,0.48708065960176117,0.01010266431875392
4738.0,0.48065440258635134,0.01010266431875392
4739.0,0.4756601207444951,0.01010266431875392
4740.0,0.4829446145287403,0.01010266431875392
4741.0,0.4902291083129855,0.01010266431875392
4742.0,0.4907952501903235,0.01010266431875392
4743.0,0.4885295952741296,0.01010266431875392
4744.0,0.48877242801755305,0.01010266431875392
4745.0,0.4947987184206505,0.01010266431875392
4746.0,0.5008250088237479,0.01010266431875392
4747.0,0.49525931142232044,0.01010266431875392
4748.0,0.48842791095835436,0.01010266431875392
4749.0,0.4848724581046487,0.01010266431875392
4750.0,0.4845850968717309,0.01010266431875392
4751.0,0.4835132586059908,0.01010266431875392
4752.0,0.47535277245333313,0.01010266431875392
4753.0,0.46719228630067533,0.01010266431875392
4754.0,0.4731608725019221,0.01010266431875392
4755.0,0.4852229246152503,0.01010266431875392
4756.0,0.4943232050829319,0.01010266431875392
4757.0,0.49643704840262853,0.01010266431875392
4758.0,0.4985508917223252,0.01010266431875392
4759.0,0.49005864294681734,0.01010266431875392
4760.0,0.48034534474669277,0.01010266431875392
4761.0,0.4816482279789617,0.01010266431875392
4762.0,0.4941540075831413,0.01010266431875392
4763.0,0.5049779719352159,0.01010266431875392
4764.0,0.4997501805899562,0.01010266431875392
4765.0,0.49452238924469644,0.01010266431875392
4766.0,0.49622019993190836,0.01010266431875392
4767.0,0.5009734232805007,0.01010266431875392
4768.0,0.5019718950946656,0.01010266431875392
4769.0,0.4939066429179307,0.01010266431875392
4770.0,0.4858413907411958,0.01010266431875392
4771.0,0.4896929474623234,0.01010266431875392
4772.0,0.4949879938211424,0.01010266431875392
4773.0,0.5037291787700731,0.01010266431875392
4774.0,0.5160428888099782,0.01010266431875392
4775.0,0.5263646814955836,0.01010266431875392
4776.0,0.5165548294537908,0.01010266431875392
4777.0,0.5067449774119981,0.01010266431875392
4778.0,0.5027394701310596,0.01010266431875392
4779.0,0.5013529964617289,0.01010266431875392
4780.0,0.5013092176307655,0.01010266431875392
4781.0,0.5045830139629314,0.01010266431875392
4782.0,0.5078568102950972,0.01010266431875392
4783.0,0.5070641164438229,0.01010266431875392
4784.0,0.505754169443368,0.01010266431875392
4785.0,0.5050310756566379,0.01010266431875392
4786.0,0.5049281625500904,0.01010266431875392
4787.0,0.5048474934980819,0.01010266431875392
4788.0,0.5050055564116869,0.01010266431875392
4789.0,0.505163619325292,0.01010266431875392
4790.0,0.5034470863829659,0.01010266431875392
4791.0,0.5008656083351846,0.01010266431875392
4792.0,0.500308055887031,0.01010266431875392
4793.0,0.5048703491294696,0.01010266431875392
4794.0,0.5094326423719082,0.01010266431875392
4795.0,0.5062094685361263,0.01010266431875392
4796.0,0.5019482324232493,0.01010266431875392
4797.0,0.5012519471961744,0.01010266431875392
4798.0,0.5043962075617757,0.01010266431875392
4799.0,0.5075430174671678,0.01010266431875392
4800.0,0.5107189758424086,0.01010266431875392
4801.0,0.5138949342176494,0.01010266431875392
4802.0,0.5106526627481923,0.01010266431875392
4803.0,0.504382710415595,0.01010266431875392
4804.0,0.5009687674477322,0.01010266431875392
4805.0,0.5049533659807531,0.01010266431875392
4806.0,0.508937964513774,0.01010266431875392
4807.0,0.5139966965574058,0.01010266431875392
4808.0,0.5192053076955407,0.01010266431875392
4809.0,0.5192024719986714,0.01010266431875392
4810.0,0.513476233732377,0.01010266431875392
4811.0,0.5079283167701186,0.01010266431875392
4812.0,0.5045598824127581,0.01010266431875392
4813.0,0.5011914480553975,0.01010266431875392
4814.0,0.5046702115785344,0.01010266431875392
4815.0,0.5114507377807016,0.01010266431875392
4816.0,0.5175513493129275,0.01010266431875392
4817.0,0.521847801304304,0.01010266431875392
4818.0,0.5261442532956806,0.01010266431875392
4819.0,0.5252037836858494,0.01010266431875392
4820.0,0.523499746414769,0.01010266431875392
4821.0,0.5233828001180723,0.01010266431875392
4822.0,0.5250427495687743,0.01010266431875392
4823.0,0.526574090983607,0.01010266431875392
4824.0,0.526418269351608,0.01010266431875392
4825.0,0.526262447719609,0.01010266431875392
4826.0,0.5284393289263366,0.01010266431875392
4827.0,0.5317658396682772,0.01010266431875392
4828.0,0.5328760755923029,0.01010266431875392
4829.0,0.5279608143551191,0.01010266431875392
4830.0,0.5230455531179354,0.01010266431875392
4831.0,0.5190435185821214,0.01010266431875392
4832.0,0.5151804258680923,0.01010266431875392
4833.0,0.5180271878029312,0.01010266431875392
4834.0,0.5285324984886678,0.01010266431875392
4835.0,0.5381159605906038,0.01010266431875392
4836.0,0.534659455452659,0.01010266431875392
4837.0,0.5312029503147143,0.01010266431875392
4838.0,0.5334760968847139,0.01010266431875392
4839.0,0.5386347539718934,0.01010266431875392
4840.0,0.5419267034579279,0.01010266431875392
4841.0,0.5400173267644155,0.01010266431875392
4842.0,0.5381079500709033,0.01010266431875392
4843.0,0.5337717736732991,0.01010266431875392
4844.0,0.5290508195757408,0.01010266431875392
4845.0,0.5313516071999957,0.01010266431875392
4846.0,0.5418231488278077,0.01010266431875392
4847.0,0.5511271399599602,0.01010266431875392
4848.0,0.5425286901585962,0.01010266431875392
4849.0,0.533930240357232,0.01010266431875392
4850.0,0.5305806827776369,0.01010266431875392
4851.0,0.5299319188321494,0.01010266431875392
4852.0,0.53153914152799,0.01010266431875392
4853.0,0.5395905482872625,0.01010266431875392
4854.0,0.547641955046535,0.01010266431875392
4855.0,0.5440474639698772,0.01010266431875392
4856.0,0.5385309925510685,0.01010266431875392
4857.0,0.53502158860368,0.01010266431875392
4858.0,0.5338932725751355,0.01010266431875392
4859.0,0.5328504046790182,0.01010266431875392
4860.0,0.5332365204443367,0.01010266431875392
4861.0,0.5336226362096551,0.01010266431875392
4862.0,0.5387804797314679,0.01010266431875392
4863.0,0.5464465391252882,0.01010266431875392
4864.0,0.5514077001200421,0.01010266431875392
4865.0,0.5484455502382906,0.01010266431875392
4866.0,0.545483400356539,0.01010266431875392
4867.0,0.5449753887389633,0.01010266431875392
4868.0,0.5448884810148169,0.01010266431875392
4869.0,0.545122426149478,0.01010266431875392
4870.0,0.545744458561636,0.01010266431875392
4871.0,0.5458556818642777,0.01010266431875392
4872.0,0.5365822726896857,0.01010266431875392
4873.0,0.5273088635150938,0.01010266431875392
4874.0,0.5319283397093914,0.01010266431875392
4875.0,0.5440069111847706,0.01010266431875392
4876.0,0.5532035975429397,0.01010266431875392
4877.0,0.5537407733325906,0.01010266431875392
4878.0,0.5542779491222417,0.01010266431875392
4879.0,0.5541885360202892,0.01010266431875392
4880.0,0.553987453610922,0.01010266431875392
4881.0,0.5549508182132186,0.01010266431875392
4882.0,0.5573502300685076,0.01010266431875392
4883.0,0.5593157651322078,0.01010266431875392
4884.0,0.5524480137209923,0.01010266431875392
4885.0,0.5455802623097769,0.01010266431875392
4886.0,0.5471652957066383,0.01010266431875392
4887.0,0.5533852204016005,0.01010266431875392
4888.0,0.5576295847158013,0.01010266431875392
4889.0,0.5557826378559857,0.01010266431875392
4890.0,0.5539356909961702,0.01010266431875392
4891.0,0.5501246596946607,0.01010266431875392
4892.0,0.5459504264338064,0.01010266431875392
4893.0,0.5468201668563815,0.01010266431875392
4894.0,0.5540324649730274,0.01010266431875392
4895.0,0.5609520507825821,0.01010266431875392
4896.0,0.5611977959905169,0.01010266431875392
4897.0,0.5614435411984517,0.01010266431875392
4898.0,0.5595902831103107,0.01010266431875392
4899.0,0.5565617404050779,0.01010266431875392
4900.0,0.5544425204485267,0.01010266431875392
4901.0,0.5552013069915482,0.01010266431875392
4902.0,0.5559600935345697,0.01010266431875392
4903.0,0.5526708578516366,0.01010266431875392
4904.0,0.5486056064630117,0.01010266431875392
4905.0,0.5534901359321399,0.01010266431875392
4906.0,0.5698500008572231,0.01010266431875392
4907.0,0.5852844438959013,0.01010266431875392
4908.0,0.5767773271635916,0.01010266431875392
4909.0,0.5682702104312821,0.01010266431875392
4910.0,0.5645525802476539,0.01010266431875392
4911.0,0.5635730904871367,0.01010266431875392
4912.0,0.5629824634793865,0.01010266431875392
4913.0,0.5636556404181317,0.01010266431875392
4914.0,0.5643288173568768,0.01010266431875392
4915.0,0.5657775012595918,0.01010266431875392
4916.0,0.5673801707177424,0.01010266431875392
4917.0,0.5700011871738356,0.01010266431875392
4918.0,0.5739536711729469,0.01010266431875392
4919.0,0.5779916076562607,0.01010266431875392
4920.0,0.5845804590383474,0.01010266431875392
4921.0,0.591169310420434,0.01010266431875392
4922.0,0.5880306998026714,0.01010266431875392
4923.0,0.5792146541393626,0.01010266431875392
4924.0,0.5736389328992302,0.01010266431875392
4925.0,0.5788811697593798,0.01010266431875392
4926.0,0.5841234066195293,0.01010266431875392
4927.0,0.5840390920448237,0.01010266431875392
4928.0,0.5828601750044939,0.01010266431875392
4929.0,0.5832092332070266,0.01010266431875392
4930.0,0.5855955917333743,0.01010266431875392
4931.0,0.5879274024887501,0.01010266431875392
4932.0,0.5883381830489952,0.01010266431875392
4933.0,0.5887489636092404,0.01010266431875392
4934.0,0.5827641516936714,0.01010266431875392
4935.0,0.5729689388969197,0.01010266431875392
4936.0,0.5667107910310153,0.01010266431875392
4937.0,0.5725877861459057,0.01010266431875392
4938.0,0.578464781260796,0.01010266431875392
4939.0,0.5799030733072982,0.01010266431875392
4940.0,0.5803980601893399,0.01010266431875392
4941.0,0.5821146007789497,0.01010266431875392
4942.0,0.5854921775714875,0.01010266431875392
4943.0,0.5886951247910613,0.01010266431875392
4944.0,0.5844165734636516,0.01010266431875392
4945.0,0.580138022136242,0.01010266431875392
4946.0,0.5823573332014157,0.01010266431875392
4947.0,0.588528047072882,0.01010266431875392
4948.0,0.5934287954693526,0.01010266431875392
4949.0,0.593850154771952,0.01010266431875392
4950.0,0.5942715140745513,0.01010266431875392
4951.0,0.5964633325764196,0.01010266431875392
4952.0,0.5990439781352297,0.01010266431875392
4953.0,0.5961476213648538,0.01010266431875392
4954.0,0.5856556510491304,0.01010266431875392
4955.0,0.5755072877847123,0.01010266431875392
4956.0,0.5840969623843748,0.01010266431875392
4957.0,0.5926866369840373,0.01010266431875392
4958.0,0.600706151394898,0.01010266431875392
4959.0,0.6083718115251597,0.01010266431875392
4960.0,0.6114823259255086,0.01010266431875392
4961.0,0.598067783872377,0.01010266431875392
4962.0,0.5846532418192454,0.01010266431875392
4963.0,0.5881532575836048,0.01010266431875392
4964.0,0.5954895648117275,0.01010266431875392
4965.0,0.5996543231254722,0.01010266431875392
4966.0,0.5993329484820737,0.01010266431875392
4967.0,0.5989788695623659,0.01010266431875392
4968.0,0.5961808892675005,0.01010266431875392
4969.0,0.5933829089726352,0.01010266431875392
4970.0,0.5946063085922324,0.01010266431875392
4971.0,0.5983765821576525,0.01010266431875392
4972.0,0.6019416251141554,0.01010266431875392
4973.0,0.6047405515362341,0.01010266431875392
4974.0,0.6075394779583126,0.01010266431875392
4975.0,0.6036112815739587,0.01010266431875392
4976.0,0.5981084401475094,0.01010266431875392
4977.0,0.5982391565929313,0.01010266431875392
4978.0,0.606498056243522,0.01010266431875392
4979.0,0.6146348605890688,0.01010266431875392
4980.0,0.6083644189398433,0.01010266431875392
4981.0,0.6020939772906179,0.01010266431875392
4982.0,0.6008562792964586,0.01010266431875392
4983.0,0.6028709670240546,0.01010266431875392
4984.0,0.6044604004926216,0.01010266431875392
4985.0,0.604415571954108,0.01010266431875392
4986.0,0.6043707434155946,0.01010266431875392
4987.0,0.6070398509552302,0.01010266431875392
4988.0,0.6103641859831792,0.01010266431875392
4989.0,0.6079232484423198,0.01010266431875392
4990.0,0.5969969245687404,0.01010266431875392
4991.0,0.5861444706930351,0.01010266431875392
4992.0,0.5957293828974478,0.01010266431875392
4993.0,0.6053142951018604,0.01010266431875392
4994.0,0.6089959034985518,0.01010266431875392
4995.0,0.6087850944443377,0.01010266431875392
4996.0,0.6074306314431688,0.01010266431875392
4997.0,0.6015492049019867,0.01010266431875392
4998.0,0.5956677783608048,0.01010266431875392
4999.0,0.604333234216818,0.01010266431875392
5000.0,0.6166190536079625,0.01010266431875392
5001.0,0.6238306636013651,0.01010266431875392
5002.0,0.6234233405651142,0.01010266431875392
5003.0,0.6230160175288633,0.01010266431875392
5004.0,0.6171621820039594,0.01010266431875392
5005.0,0.6113018001900075,0.01010266431875392
5006.0,0.6088887652765699,0.01010266431875392
5007.0,0.6087947287801398,0.01010266431875392
5008.0,0.6099028571958696,0.01010266431875392
5009.0,0.6159149388203459,0.01010266431875392
5010.0,0.6219270204448221,0.01010266431875392
5011.0,0.6168558629112473,0.01010266431875392
5012.0,0.6089428491832934,0.01010266431875392
5013.0,0.6066861665907122,0.01010266431875392
5014.0,0.6130945019076369,0.01010266431875392
5015.0,0.6195028372245616,0.01010266431875392
5016.0,0.6128415135398357,0.01010266431875392
5017.0,0.606101266793512,0.01010266431875392
5018.0,0.6075332728912813,0.01010266431875392
5019.0,0.6145733634306452,0.01010266431875392
5020.0,0.6203043809315482,0.01010266431875392
5021.0,0.6205291099644408,0.01010266431875392
5022.0,0.6207538389973333,0.01010266431875392
5023.0,0.6257844068367098,0.01010266431875392
5024.0,0.6320838911439594,0.01010266431875392
5025.0,0.6364370506938481,0.01010266431875392
5026.0,0.6377479549306982,0.01010266431875392
5027.0,0.6390588591675482,0.01010266431875392
5028.0,0.6331503268132537,0.01010266431875392
5029.0,0.6271629413893952,0.01010266431875392
5030.0,0.625183608620336,0.01010266431875392
5031.0,0.626009912709632,0.01010266431875392
5032.0,0.6274747423815418,0.01010266431875392
5033.0,0.6317106093574881,0.01010266431875392
5034.0,0.6359464763334347,0.01010266431875392
5035.0,0.6344849333436562,0.01010266431875392
5036.0,0.6314750865769357,0.01010266431875392
5037.0,0.6302470675930153,0.01010266431875392
5038.0,0.6318610916769895,0.01010266431875392
5039.0,0.6334751157609636,0.01010266431875392
5040.0,0.6339370963239317,0.01010266431875392
5041.0,0.6343808127822989,0.01010266431875392
5042.0,0.6337399745082866,0.01010266431875392
5043.0,0.6323247730817312,0.01010266431875392
5044.0,0.6316981106629177,0.01010266431875392
5045.0,0.6346043105090464,0.01010266431875392
5046.0,0.637510510355175,0.01010266431875392
5047.0,0.6394445341030723,0.01010266431875392
5048.0,0.6411067666837222,0.01010266431875392
5049.0,0.6423506453139333,0.01010266431875392
5050.0,0.6429135440122011,0.01010266431875392
5051.0,0.6434764427104689,0.01010266431875392
5052.0,0.6476564012326347,0.01010266431875392
5053.0,0.6519117151677991,0.01010266431875392
5054.0,0.6487930356546788,0.01010266431875392
5055.0,0.6403044978420861,0.01010266431875392
5056.0,0.6336919692378561,0.01010266431875392
5057.0,0.6357623210912117,0.01010266431875392
5058.0,0.6378326729445672,0.01010266431875392
5059.0,0.6373756032552486,0.01010266431875392
5060.0,0.6361919487020398,0.01010266431875392
5061.0,0.6378105721532885,0.01010266431875392
5062.0,0.6440847373371877,0.01010266431875392
5063.0,0.650358902521087,0.01010266431875392
5064.0,0.6536310985382571,0.01010266431875392
5065.0,0.6568256574218054,0.01010266431875392
5066.0,0.6537756893620987,0.01010266431875392
5067.0,0.6460880496186051,0.01010266431875392
5068.0,0.6401058772794913,0.01010266431875392
5069.0,0.6422838927293822,0.01010266431875392
5070.0,0.6444619081792733,0.01010266431875392
5071.0,0.6497873656497447,0.01010266431875392
5072.0,0.6560428604202339,0.01010266431875392
5073.0,0.6589519064427645,0.01010266431875392
5074.0,0.6561860685043577,0.01010266431875392
5075.0,0.6534202305659509,0.01010266431875392
5076.0,0.6513283349878747,0.01010266431875392
5077.0,0.6492572915867886,0.01010266431875392
5078.0,0.6516736139023288,0.01010266431875392
5079.0,0.6574885950623172,0.01010266431875392
5080.0,0.6604159184725027,0.01010266431875392
5081.0,0.6490493360211208,0.01010266431875392
5082.0,0.6376827535697389,0.01010266431875392
5083.0,0.6440215989212298,0.01010266431875392
5084.0,0.6557358010704621,0.01010266431875392
5085.0,0.6650593031815338,0.01010266431875392
5086.0,0.6702441508003223,0.01010266431875392
5087.0,0.6754289984191106,0.01010266431875392
5088.0,0.664436855356703,0.01010266431875392
5089.0,0.6528612138742024,0.01010266431875392
5090.0,0.6478911238258324,0.01010266431875392
5091.0,0.6480227681829627,0.01010266431875392
5092.0,0.6490781077454234,0.01010266431875392
5093.0,0.6548673852352034,0.01010266431875392
5094.0,0.6606566627249834,0.01010266431875392
5095.0,0.6575741543438618,0.01010266431875392
5096.0,0.651725325328985,0.01010266431875392
5097.0,0.6519423286115303,0.01010266431875392
5098.0,0.6628803378151042,0.01010266431875392
5099.0,0.673818347018678,0.01010266431875392
5100.0,0.6672582849740688,0.01010266431875392
5101.0,0.6599764274904791,0.01010266431875392
5102.0,0.6625746860715487,0.01010266431875392
5103.0,0.6729540661026856,0.01010266431875392
5104.0,0.680781887555375,0.01010266431875392
5105.0,0.6750593865574039,0.01010266431875392
5106.0,0.6693368855594328,0.01010266431875392
5107.0,0.6712506120392686,0.01010266431875392
5108.0,0.6756088994549494,0.01010266431875392
5109.0,0.677022306928633,0.01010266431875392
5110.0,0.6731210489177768,0.01010266431875392
5111.0,0.6692197909069205,0.01010266431875392
5112.0,0.6688705744430239,0.01010266431875392
5113.0,0.6686864654379691,0.01010266431875392
5114.0,0.6711568975886808,0.01010266431875392
5115.0,0.6757590067281122,0.01010266431875392
5116.0,0.6788869024755287,0.01010266431875392
5117.0,0.6738951072747272,0.01010266431875392
5118.0,0.6689033120739258,0.01010266431875392
5119.0,0.665490371369489,0.01010266431875392
5120.0,0.6625961611694391,0.01010266431875392
5121.0,0.6623332503578971,0.01010266431875392
5122.0,0.6669198332999241,0.01010266431875392
5123.0,0.6715064162419511,0.01010266431875392
5124.0,0.6704911731574984,0.01010266431875392
5125.0,0.6691859365539995,0.01010266431875392
5126.0,0.6671751029213391,0.01010266431875392
5127.0,0.6645865424634932,0.01010266431875392
5128.0,0.6616931181636256,0.01010266431875392
5129.0,0.6570565610896207,0.01010266431875392
5130.0,0.6524200040156158,0.01010266431875392
5131.0,0.6552212425919565,0.01010266431875392
5132.0,0.660529603297631,0.01010266431875392
5133.0,0.6607169757539175,0.01010266431875392
5134.0,0.6512648409172451,0.01010266431875392
5135.0,0.6418127060805728,0.01010266431875392
5136.0,0.6470830395857913,0.01010266431875392
5137.0,0.6531941231866663,0.01010266431875392
5138.0,0.6524425300526953,0.01010266431875392
5139.0,0.6459619622876548,0.01010266431875392
5140.0,0.6415015913941879,0.01010266431875392
5141.0,0.6490445569126887,0.01010266431875392
5142.0,0.6565875224311893,0.01010266431875392
5143.0,0.6514744154593376,0.01010266431875392
5144.0,0.6419858650094014,0.01010266431875392
5145.0,0.63684315310735,0.01010266431875392
5146.0,0.6400566500622645,0.01010266431875392
5147.0,0.6432701470171792,0.01010266431875392
5148.0,0.6406907210897724,0.01010266431875392
5149.0,0.6377492374822209,0.01010266431875392
5150.0,0.6349221836127823,0.01010266431875392
5151.0,0.6321925221648934,0.01010266431875392
5152.0,0.6290044332418225,0.01010266431875392
5153.0,0.6229827882868083,0.01010266431875392
5154.0,0.6169611433317939,0.01010266431875392
5155.0,0.61962796762335,0.01010266431875392
5156.0,0.6253746070299434,0.01010266431875392
5157.0,0.6297804080151144,0.01010266431875392
5158.0,0.6315522488272416,0.01010266431875392
5159.0,0.6333240896393689,0.01010266431875392
5160.0,0.6412409684477056,0.01010266431875392
5161.0,0.6495753947096279,0.01010266431875392
5162.0,0.650459187110977,0.01010266431875392
5163.0,0.6448779676198546,0.01010266431875392
5164.0,0.6404649362470445,0.01010266431875392
5165.0,0.6435721158858435,0.01010266431875392
5166.0,0.6466792955246426,0.01010266431875392
5167.0,0.6525243457934381,0.01010266431875392
5168.0,0.6593641706610213,0.01010266431875392
5169.0,0.6641029102357948,0.01010266431875392
5170.0,0.6646243089340329,0.01010266431875392
5171.0,0.6651457076322711,0.01010266431875392
5172.0,0.6718228311791893,0.01010266431875392
5173.0,0.6789521149276222,0.01010266431875392
5174.0,0.6813694261782393,0.01010266431875392
5175.0,0.6796184540654099,0.01010266431875392
5176.0,0.6772696058383183,0.01010266431875392
5177.0,0.6709072373997401,0.01010266431875392
5178.0,0.664544868961162,0.01010266431875392
5179.0,0.6674306619687322,0.01010266431875392
5180.0,0.6737597572610245,0.01010266431875392
5181.0,0.6795091469147724,0.01010266431875392
5182.0,0.6840693967971463,0.01010266431875392
5183.0,0.6886296466795201,0.01010266431875392
5184.0,0.6920270774830093,0.01010266431875392
5185.0,0.6953326275043591,0.01010266431875392
5186.0,0.695424735218732,0.01010266431875392
5187.0,0.6926188755558061,0.01010266431875392
5188.0,0.6912457557386725,0.01010266431875392
5189.0,0.6999155911867351,0.01010266431875392
5190.0,0.7085854266347976,0.01010266431875392
5191.0,0.7099193448222192,0.01010266431875392
5192.0,0.7084551519483648,0.01010266431875392
5193.0,0.7073185748425507,0.01010266431875392
5194.0,0.706868894737385,0.01010266431875392
5195.0,0.7064192146322195,0.01010266431875392
5196.0,0.705559201167292,0.01010266431875392
5197.0,0.7046644589674891,0.01010266431875392
5198.0,0.7056279903199177,0.01010266431875392
5199.0,0.7082999344542353,0.01010266431875392
5200.0,0.7101373636481698,0.01010266431875392
5201.0,0.7058577983290772,0.01010266431875392
5202.0,0.7015782330099849,0.01010266431875392
5203.0,0.7057150659359788,0.01010266431875392
5204.0,0.7131397739693998,0.01010266431875392
5205.0,0.7179278201399033,0.01010266431875392
5206.0,0.7170644552231119,0.01010266431875392
5207.0,0.7162010903063207,0.01010266431875392
5208.0,0.7151815979247595,0.01010266431875392
5209.0,0.7141480050260921,0.01010266431875392
5210.0,0.7150275494932339,0.01010266431875392
5211.0,0.7177001040962411,0.01010266431875392
5212.0,0.7201252447219914,0.01010266431875392
5213.0,0.7206509676265092,0.01010266431875392
5214.0,0.721176690531027,0.01010266431875392
5215.0,0.7187593523496087,0.01010266431875392
5216.0,0.7151647897338189,0.01010266431875392
5217.0,0.7159217041423931,0.01010266431875392
5218.0,0.7262151888878856,0.01010266431875392
5219.0,0.7365086736333781,0.01010266431875392
5220.0,0.7321340499510809,0.01010266431875392
5221.0,0.7263505158540017,0.01010266431875392
5222.0,0.7229017323547856,0.01010266431875392
5223.0,0.7216835673845138,0.01010266431875392
5224.0,0.7206197760172589,0.01010266431875392
5225.0,0.7207993633438621,0.01010266431875392
5226.0,0.7209789506704652,0.01010266431875392
5227.0,0.7190010201977228,0.01010266431875392
5228.0,0.7161396391201721,0.01010266431875392
5229.0,0.7162996626339987,0.01010266431875392
5230.0,0.7232313944926884,0.01010266431875392
5231.0,0.730163126351378,0.01010266431875392
5232.0,0.7320820912293429,0.01010266431875392
5233.0,0.7334904965074186,0.01010266431875392
5234.0,0.733764998897622,0.01010266431875392
5235.0,0.7329351551103024,0.01010266431875392
5236.0,0.7324369110829132,0.01010266431875392
5237.0,0.7347459604776653,0.01010266431875392
5238.0,0.7370550098724173,0.01010266431875392
5239.0,0.7349670202658467,0.01010266431875392
5240.0,0.7310363192549773,0.01010266431875392
5241.0,0.7298141154305997,0.01010266431875392
5242.0,0.7348011146424522,0.01010266431875392
5243.0,0.7397881138543048,0.01010266431875392
5244.0,0.74398150861662,0.01010266431875392
5245.0,0.7480894220485997,0.01010266431875392
5246.0,0.7475858028711202,0.01010266431875392
5247.0,0.7425037482081703,0.01010266431875392
5248.0,0.737907256825042,0.01010266431875392
5249.0,0.7376403713536426,0.01010266431875392
5250.0,0.7373734858822429,0.01010266431875392
5251.0,0.7449533238265571,0.01010266431875392
5252.0,0.7558979659800136,0.01010266431875392
5253.0,0.7623885925409604,0.01010266431875392
5254.0,0.7584328532142678,0.01010266431875392
5255.0,0.754477113887575,0.01010266431875392
5256.0,0.7456072342005267,0.01010266431875392
5257.0,0.7361789294725275,0.01010266431875392
5258.0,0.7348223330586239,0.01010266431875392
5259.0,0.7416349293587368,0.01010266431875392
5260.0,0.7474909625336325,0.01010266431875392
5261.0,0.7443433452923974,0.01010266431875392
5262.0,0.7411957280511624,0.01010266431875392
5263.0,0.7395926893319543,0.01010266431875392
5264.0,0.7386672377363982,0.01010266431875392
5265.0,0.7375163852007272,0.01010266431875392
5266.0,0.7358245704087824,0.01010266431875392
5267.0,0.7341327556168373,0.01010266431875392
5268.0,0.7415683753436672,0.01010266431875392
5269.0,0.7500958521567462,0.01010266431875392
5270.0,0.7548338997156564,0.01010266431875392
5271.0,0.7556623653855046,0.01010266431875392
5272.0,0.7560191547337448,0.01010266431875392
5273.0,0.7516777996680839,0.01010266431875392
5274.0,0.7473364446024229,0.01010266431875392
5275.0,0.7465097596736494,0.01010266431875392
5276.0,0.7472600919541185,0.01010266431875392
5277.0,0.7497225449420017,0.01010266431875392
5278.0,0.7563907052277639,0.01010266431875392
5279.0,0.7630588655135259,0.01010266431875392
5280.0,0.7638674316758244,0.01010266431875392
5281.0,0.7639395893874684,0.01010266431875392
5282.0,0.7636465642503939,0.01010266431875392
5283.0,0.7629694674965636,0.01010266431875392
5284.0,0.7624306609143402,0.01010266431875392
5285.0,0.7633535046181208,0.01010266431875392
5286.0,0.7642763483219013,0.01010266431875392
5287.0,0.7575522182471179,0.01010266431875392
5288.0,0.7473193191180731,0.01010266431875392
5289.0,0.7419486883222882,0.01010266431875392
5290.0,0.7488055340101696,0.01010266431875392
5291.0,0.755662379698051,0.01010266431875392
5292.0,0.7580163622244668,0.01010266431875392
5293.0,0.7597768967527005,0.01010266431875392
5294.0,0.7582886995531641,0.01010266431875392
5295.0,0.7533174093818205,0.01010266431875392
5296.0,0.7494872889093844,0.01010266431875392
5297.0,0.7584953275496618,0.01010266431875392
5298.0,0.7675033661899392,0.01010266431875392
5299.0,0.7661044194722246,0.01010266431875392
5300.0,0.7598231833273132,0.01010266431875392
5301.0,0.7561373014645503,0.01010266431875392
5302.0,0.7591347353498104,0.01010266431875392
5303.0,0.7621321692350705,0.01010266431875392
5304.0,0.7675550386913049,0.01010266431875392
5305.0,0.7733125652413475,0.01010266431875392
5306.0,0.7751189383947715,0.01010266431875392
5307.0,0.7726068398709854,0.01010266431875392
5308.0,0.7699409390482328,0.01010266431875392
5309.0,0.7654270074769689,0.01010266431875392
5310.0,0.7609130759057048,0.01010266431875392
5311.0,0.7659638360461177,0.01010266431875392
5312.0,0.7756015708972841,0.01010266431875392
5313.0,0.7800601037103512,0.01010266431875392
5314.0,0.7708582084404189,0.01010266431875392
5315.0,0.7616563131704865,0.01010266431875392
5316.0,0.7550804501716493,0.01010266431875392
5317.0,0.7488833418272973,0.01010266431875392
5318.0,0.7500644787547054,0.01010266431875392
5319.0,0.7594665539417551,0.01010266431875392
5320.0,0.7682643614556932,0.01010266431875392
5321.0,0.7692771871143562,0.01010266431875392
5322.0,0.7702900127730193,0.01010266431875392
5323.0,0.7725211573668493,0.01010266431875392
5324.0,0.7753494743904384,0.01010266431875392
5325.0,0.7760884368100529,0.01010266431875392
5326.0,0.7711814987886985,0.01010266431875392
5327.0,0.7662745607673439,0.01010266431875392
5328.0,0.7724801180411935,0.01010266431875392
5329.0,0.7803586891094833,0.01010266431875392
5330.0,0.7838460289291326,0.01010266431875392
5331.0,0.7823453804330138,0.01010266431875392
5332.0,0.78024092076329,0.01010266431875392
5333.0,0.7697585810598252,0.01010266431875392
5334.0,0.7592762413563602,0.01010266431875392
5335.0,0.7671806184264568,0.01010266431875392
5336.0,0.7842949184930134,0.01010266431875392
5337.0,0.7977147869733243,0.01010266431875392
5338.0,0.8009039218301947,0.01010266431875392
5339.0,0.8040930566870651,0.01010266431875392
5340.0,0.7972184930557202,0.01010266431875392
5341.0,0.7887644878560819,0.01010266431875392
5342.0,0.7864495401196215,0.01010266431875392
5343.0,0.7912438117770447,0.01010266431875392
5344.0,0.7951235076231412,0.01010266431875392
5345.0,0.7852669783031022,0.01010266431875392
5346.0,0.7754104489830631,0.01010266431875392
5347.0,0.7776061594117011,0.01010266431875392
5348.0,0.785970166771601,0.01010266431875392
5349.0,0.7924083214808911,0.01010266431875392
5350.0,0.7933795396336002,0.01010266431875392
5351.0,0.7943507577863095,0.01010266431875392
5352.0,0.7903920854713574,0.01010266431875392
5353.0,0.7856278304961875,0.01010266431875392
5354.0,0.7844326941999006,0.01010266431875392
5355.0,0.7874513603229146,0.01010266431875392
5356.0,0.789972982244044,0.01010266431875392
5357.0,0.7843658604468556,0.01010266431875392
5358.0,0.7787587386496674,0.01010266431875392
5359.0,0.776523518182514,0.01010266431875392
5360.0,0.7760513027983437,0.01010266431875392
5361.0,0.7770985292088374,0.01010266431875392
5362.0,0.7825685439418267,0.01010266431875392
5363.0,0.788038558674816,0.01010266431875392
5364.0,0.7837931734027003,0.01010266431875392
5365.0,0.7778967159387118,0.01010266431875392
5366.0,0.7800336022944158,0.01010266431875392
5367.0,0.7918402543590093,0.01010266431875392
5368.0,0.8026733628952086,0.01010266431875392
5369.0,0.7960490658882995,0.01010266431875392
5370.0,0.7894247688813902,0.01010266431875392
5371.0,0.7937519535903615,0.01010266431875392
5372.0,0.8039279959376496,0.01010266431875392
5373.0,0.8094620018748364,0.01010266431875392
5374.0,0.8011365306833278,0.01010266431875392
5375.0,0.7928110594918192,0.01010266431875392
5376.0,0.7921251397079575,0.01010266431875392
5377.0,0.7927880107799664,0.01010266431875392
5378.0,0.7914441155910742,0.01010266431875392
5379.0,0.7876373709001702,0.01010266431875392
5380.0,0.7839200763729753,0.01010266431875392
5381.0,0.7819761313413192,0.01010266431875392
5382.0,0.7800321863096629,0.01010266431875392
5383.0,0.7801288511725998,0.01010266431875392
5384.0,0.7813385759780402,0.01010266431875392
5385.0,0.7843769562380449,0.01010266431875392
5386.0,0.7930172663783774,0.01010266431875392
5387.0,0.8016575765187098,0.01010266431875392
5388.0,0.8022136280059308,0.01010266431875392
5389.0,0.801288330961548,0.01010266431875392
5390.0,0.8001150932246552,0.01010266431875392
5391.0,0.7986315945671353,0.01010266431875392
5392.0,0.7972875643574955,0.01010266431875392
5393.0,0.799031210618961,0.01010266431875392
5394.0,0.8007748568804265,0.01010266431875392
5395.0,0.8042456332511309,0.01010266431875392
5396.0,0.808678437234085,0.01010266431875392
5397.0,0.8123190901720776,0.01010266431875392
5398.0,0.8134689995259152,0.01010266431875392
5399.0,0.8146189088797529,0.01010266431875392
5400.0,0.8160920123977569,0.01010266431875392
5401.0,0.8176265228069528,0.01010266431875392
5402.0,0.8149834807798012,0.01010266431875392
5403.0,0.8070100644691178,0.01010266431875392
5404.0,0.7995663451156451,0.01010266431875392
5405.0,0.8053816027221223,0.01010266431875392
5406.0,0.8111968603285996,0.01010266431875392
5407.0,0.8156912112574111,0.01010266431875392
5408.0,0.8194343120606957,0.01010266431875392
5409.0,0.8222415656017045,0.01010266431875392
5410.0,0.8220275051386099,0.01010266431875392
5411.0,0.8218134446755154,0.01010266431875392
5412.0,0.8221616849367925,0.01010266431875392
5413.0,0.822620607955597,0.01010266431875392
5414.0,0.8211222210941499,0.01010266431875392
5415.0,0.8170771686150334,0.01010266431875392
5416.0,0.8132316373306532,0.01010266431875392
5417.0,0.8151223403949159,0.01010266431875392
5418.0,0.8170130434591788,0.01010266431875392
5419.0,0.8104864087881752,0.01010266431875392
5420.0,0.7990722876902349,0.01010266431875392
5421.0,0.7934085958280528,0.01010266431875392
5422.0,0.8068136848512792,0.01010266431875392
5423.0,0.8202187738745057,0.01010266431875392
5424.0,0.8240401785711835,0.01010266431875392
5425.0,0.82590883834006,0.01010266431875392
5426.0,0.8279880138055256,0.01010266431875392
5427.0,0.8303465047902082,0.01010266431875392
5428.0,0.8324443824828923,0.01010266431875392
5429.0,0.8257574204576494,0.01010266431875392
5430.0,0.8190704584324067,0.01010266431875392
5431.0,0.8181796734908978,0.01010266431875392
5432.0,0.8207244810846804,0.01010266431875392
5433.0,0.8233719552863207,0.01010266431875392
5434.0,0.8263692564480672,0.01010266431875392
5435.0,0.8293665576098138,0.01010266431875392
5436.0,0.8200381096728384,0.01010266431875392
5437.0,0.8081119384519749,0.01010266431875392
5438.0,0.8058571096964244,0.01010266431875392
5439.0,0.8166886454631257,0.01010266431875392
5440.0,0.82726792764389,0.01010266431875392
5441.0,0.827593101556294,0.01010266431875392
5442.0,0.8279182754686979,0.01010266431875392
5443.0,0.832230029784208,0.01010266431875392
5444.0,0.8389537036499556,0.01010266431875392
5445.0,0.8428530634211643,0.01010266431875392
5446.0,0.8368596905801443,0.01010266431875392
5447.0,0.8308663177391246,0.01010266431875392
5448.0,0.8308834069325358,0.01010266431875392
5449.0,0.8322097926802281,0.01010266431875392
5450.0,0.8310239004960803,0.01010266431875392
5451.0,0.8263710647659914,0.01010266431875392
5452.0,0.8220834144559008,0.01010266431875392
5453.0,0.8364430446541609,0.01010266431875392
5454.0,0.8508026748524209,0.01010266431875392
5455.0,0.8479817490017211,0.01010266431875392
5456.0,0.8345522467945692,0.01010266431875392
5457.0,0.8256181918686666,0.01010266431875392
5458.0,0.8328776818453583,0.01010266431875392
5459.0,0.8401371718220499,0.01010266431875392
5460.0,0.8366739834909147,0.01010266431875392
5461.0,0.8307981925405153,0.01010266431875392
5462.0,0.8290709295850907,0.01010266431875392
5463.0,0.8331827797324128,0.01010266431875392
5464.0,0.8371946299317492,0.01010266431875392
5465.0,0.8343648170233743,0.01010266431875392
5466.0,0.8315350041149995,0.01010266431875392
5467.0,0.8314944778075188,0.01010266431875392
5468.0,0.8332115841526551,0.01010266431875392
5469.0,0.8337920460327306,0.01010266431875392
5470.0,0.8301598594999199,0.01010266431875392
5471.0,0.826527672967109,0.01010266431875392
5472.0,0.8350452177311811,0.01010266431875392
5473.0,0.8463845196159754,0.01010266431875392
5474.0,0.8510452523222434,0.01010266431875392
5475.0,0.8461177468219385,0.01010266431875392
5476.0,0.8412549358295383,0.01010266431875392
5477.0,0.8430637459646977,0.01010266431875392
5478.0,0.8448725560998569,0.01010266431875392
5479.0,0.8482396824015684,0.01010266431875392
5480.0,0.8526088029247724,0.01010266431875392
5481.0,0.8548060192860646,0.01010266431875392
5482.0,0.8487173584978729,0.01010266431875392
5483.0,0.8426286977096812,0.01010266431875392
5484.0,0.8446681070204815,0.01010266431875392
5485.0,0.8486548664591581,0.01010266431875392
5486.0,0.852572973905488,0.01010266431875392
5487.0,0.8563905407121384,0.01010266431875392
5488.0,0.8601800279854154,0.01010266431875392
5489.0,0.8581500319665941,0.01010266431875392
5490.0,0.8561200359477728,0.01010266431875392
5491.0,0.855189212451839,0.01010266431875392
5492.0,0.854979516058396,0.01010266431875392
5493.0,0.8530020695867282,0.01010266431875392
5494.0,0.844079143517797,0.01010266431875392
5495.0,0.8351562174488657,0.01010266431875392
5496.0,0.8434938725907806,0.01010266431875392
5497.0,0.8560949946485472,0.01010266431875392
5498.0,0.8626801999449277,0.01010266431875392
5499.0,0.8602775535528736,0.01010266431875392
5500.0,0.8578749071608196,0.01010266431875392
5501.0,0.8527196789547405,0.01010266431875392
5502.0,0.8475644507486615,0.01010266431875392
5503.0,0.8488238463025144,0.01010266431875392
5504.0,0.8543767976395602,0.01010266431875392
5505.0,0.8595217253208911,0.01010266431875392
5506.0,0.863014775414236,0.01010266431875392
5507.0,0.866507825507581,0.01010266431875392
5508.0,0.8650836896237741,0.01010266431875392
5509.0,0.8624080410439787,0.01010266431875392
5510.0,0.8598670288769364,0.01010266431875392
5511.0,0.8575312352420605,0.01010266431875392
5512.0,0.8551954416071846,0.01010266431875392
5513.0,0.8557342061265767,0.01010266431875392
5514.0,0.8562868406491245,0.01010266431875392
5515.0,0.859988241412088,0.01010266431875392
5516.0,0.8658397088200228,0.01010266431875392
5517.0,0.8699554528100835,0.01010266431875392
5518.0,0.8668264381864244,0.01010266431875392
5519.0,0.8636974235627652,0.01010266431875392
5520.0,0.8647736205901779,0.01010266431875392
5521.0,0.8669520927927966,0.01010266431875392
5522.0,0.8692356382859013,0.01010266431875392
5523.0,0.8716825953074613,0.01010266431875392
5524.0,0.8741295523290211,0.01010266431875392
5525.0,0.870541889910753,0.01010266431875392
5526.0,0.866895709970643,0.01010266431875392
5527.0,0.8653524977254536,0.01010266431875392
5528.0,0.8652740817158284,0.01010266431875392
5529.0,0.8654830950311948,0.01010266431875392
5530.0,0.866929702128056,0.01010266431875392
5531.0,0.868376309224917,0.01010266431875392
5532.0,0.8639261273997891,0.01010266431875392
5533.0,0.8578848912466269,0.01010266431875392
5534.0,0.8553933056511217,0.01010266431875392
5535.0,0.8585348611579688,0.01010266431875392
5536.0,0.861676416664816,0.01010266431875392
5537.0,0.8628489478870901,0.01010266431875392
5538.0,0.8639926992172638,0.01010266431875392
5539.0,0.8657022613364789,0.01010266431875392
5540.0,0.8678138163366149,0.01010266431875392
5541.0,0.8695778552275897,0.01010266431875392
5542.0,0.8697973780778493,0.01010266431875392
5543.0,0.8700169009281087,0.01010266431875392
5544.0,0.8692049437510022,0.01010266431875392
5545.0,0.8681066401245819,0.01010266431875392
5546.0,0.8662679427013208,0.01010266431875392
5547.0,0.8632301798523591,0.01010266431875392
5548.0,0.8601924170033973,0.01010266431875392
5549.0,0.8659193378746441,0.01010266431875392
5550.0,0.8718179049387008,0.01010266431875392
5551.0,0.8740683375854983,0.01010266431875392
5552.0,0.8736751945676166,0.01010266431875392
5553.0,0.8736300335913868,0.01010266431875392
5554.0,0.8751823203768289,0.01010266431875392
5555.0,0.8767346071622709,0.01010266431875392
5556.0,0.8774689248304504,0.01010266431875392
5557.0,0.8779697173648436,0.01010266431875392
5558.0,0.8779766268969307,0.01010266431875392
5559.0,0.877167213886988,0.01010266431875392
5560.0,0.8763578008770454,0.01010266431875392
5561.0,0.8751611611882817,0.01010266431875392
5562.0,0.8739549956279602,0.01010266431875392
5563.0,0.875622292918189,0.01010266431875392
5564.0,0.8794131932336638,0.01010266431875392
5565.0,0.8832006774072364,0.01010266431875392
5566.0,0.8869719525764725,0.01010266431875392
5567.0,0.8907432277457087,0.01010266431875392
5568.0,0.8904434890635874,0.01010266431875392
5569.0,0.8889489963163908,0.01010266431875392
5570.0,0.8855378919862734,0.01010266431875392
5571.0,0.8788932784372283,0.01010266431875392
5572.0,0.8722486648881834,0.01010266431875392
5573.0,0.8830388352616041,0.01010266431875392
5574.0,0.8943462303743729,0.01010266431875392
5575.0,0.8932262288723477,0.01010266431875392
5576.0,0.8827398947638027,0.01010266431875392
5577.0,0.8739958928485635,0.01010266431875392
5578.0,0.8738029113430542,0.01010266431875392
5579.0,0.8736099298375452,0.01010266431875392
5580.0,0.8769581557055192,0.01010266431875392
5581.0,0.8813742769220595,0.01010266431875392
5582.0,0.8826864909771281,0.01010266431875392
5583.0,0.8786530871430037,0.01010266431875392
5584.0,0.8746196833088794,0.01010266431875392
5585.0,0.8764361426611375,0.01010266431875392
5586.0,0.8784560755155257,0.01010266431875392
5587.0,0.8833554517858024,0.01010266431875392
5588.0,0.8904679034627677,0.01010266431875392
5589.0,0.8964373909020749,0.01010266431875392
5590.0,0.8966002863018875,0.01010266431875392
5591.0,0.8967631817017,0.01010266431875392
5592.0,0.8964980601505409,0.01010266431875392
5593.0,0.8961003610218012,0.01010266431875392
5594.0,0.8960113965717483,0.01010266431875392
5595.0,0.8964652735600471,0.01010266431875392
5596.0,0.8969191505483458,0.01010266431875392
5597.0,0.8914676985380373,0.01010266431875392
5598.0,0.8857803282656139,0.01010266431875392
5599.0,0.8802619360856527,0.01010266431875392
5600.0,0.8748759764149874,0.01010266431875392
5601.0,0.8720908914855536,0.01010266431875392
5602.0,0.8829946209836294,0.01010266431875392
5603.0,0.893898350481705,0.01010266431875392
5604.0,0.8977689368526073,0.01010266431875392
5605.0,0.8994027166276921,0.01010266431875392
5606.0,0.8998356642087981,0.01010266431875392
5607.0,0.898112755334273,0.01010266431875392
5608.0,0.896389846459748,0.01010266431875392
5609.0,0.8930871987124134,0.01010266431875392
5610.0,0.8897131951314257,0.01010266431875392
5611.0,0.8854318124767799,0.01010266431875392
5612.0,0.8804253104760149,0.01010266431875392
5613.0,0.8777897988280948,0.01010266431875392
5614.0,0.8880936453847865,0.01010266431875392
5615.0,0.8983974919414781,0.01010266431875392
5616.0,0.8984391863522703,0.01010266431875392
5617.0,0.895130974409706,0.01010266431875392
5618.0,0.894199489676991,0.01010266431875392
5619.0,0.8976253381623385,0.01010266431875392
5620.0,0.9010511866476861,0.01010266431875392
5621.0,0.9040745793641674,0.01010266431875392
5622.0,0.9070776716635557,0.01010266431875392
5623.0,0.9064730251215487,0.01010266431875392
5624.0,0.9029287395235965,0.01010266431875392
5625.0,0.900880480618848,0.01010266431875392
5626.0,0.9073057169043975,0.01010266431875392
5627.0,0.9137309531899471,0.01010266431875392
5628.0,0.9110283302598131,0.01010266431875392
5629.0,0.9052684596115993,0.01010266431875392
5630.0,0.9009289725103623,0.01010266431875392
5631.0,0.8992490311539815,0.01010266431875392
5632.0,0.8975690897976005,0.01010266431875392
5633.0,0.9043701973489817,0.01010266431875392
5634.0,0.9116442658026923,0.01010266431875392
5635.0,0.9122393386773716,0.01010266431875392
5636.0,0.9072857075325486,0.01010266431875392
5637.0,0.9029856443033972,0.01010266431875392
5638.0,0.9025313691400312,0.01010266431875392
5639.0,0.902077093976665,0.01010266431875392
5640.0,0.899344781094271,0.01010266431875392
5641.0,0.8958298520277593,0.01010266431875392
5642.0,0.8963678829187735,0.01010266431875392
5643.0,0.9046575540082573,0.01010266431875392
5644.0,0.9129472250977412,0.01010266431875392
5645.0,0.914258008605543,0.01010266431875392
5646.0,0.9151420575860568,0.01010266431875392
5647.0,0.9122303645362557,0.01010266431875392
5648.0,0.9061036527379329,0.01010266431875392
5649.0,0.9015907440822605,0.01010266431875392
5650.0,0.9069537589320437,0.01010266431875392
5651.0,0.9123167737818269,0.01010266431875392
5652.0,0.9104770759349328,0.01010266431875392
5653.0,0.9061000588426232,0.01010266431875392
5654.0,0.9043125650180521,0.01010266431875392
5655.0,0.907584742542838,0.01010266431875392
5656.0,0.9108569200676242,0.01010266431875392
5657.0,0.9076783205668444,0.01010266431875392
5658.0,0.9040702199068745,0.01010266431875392
5659.0,0.9029056593965147,0.01010266431875392
5660.0,0.9038511805366023,0.01010266431875392
5661.0,0.905487893176503,0.01010266431875392
5662.0,0.9115286578505996,0.01010266431875392
5663.0,0.9175694225246961,0.01010266431875392
5664.0,0.9180539050998917,0.01010266431875392
5665.0,0.9165319524727141,0.01010266431875392
5666.0,0.9154952896071076,0.01010266431875392
5667.0,0.915427460618018,0.01010266431875392
5668.0,0.9153596316289284,0.01010266431875392
5669.0,0.9169164236172251,0.01010266431875392
5670.0,0.9185903054056942,0.01010266431875392
5671.0,0.9203384199095934,0.01010266431875392
5672.0,0.9221518860139842,0.01010266431875392
5673.0,0.9228933940354083,0.01010266431875392
5674.0,0.9165147401112982,0.01010266431875392
5675.0,0.910136086187188,0.01010266431875392
5676.0,0.9099428337444285,0.01010266431875392
5677.0,0.9120385867840746,0.01010266431875392
5678.0,0.9160278082620362,0.01010266431875392
5679.0,0.9238799817729172,0.01010266431875392
5680.0,0.9317321552837979,0.01010266431875392
5681.0,0.9302727595722196,0.01010266431875392
5682.0,0.9280906029895596,0.01010266431875392
5683.0,0.9277054914618857,0.01010266431875392
5684.0,0.9289332176373163,0.01010266431875392
5685.0,0.93004652890283,0.01010266431875392
5686.0,0.9303665634595891,0.01010266431875392
5687.0,0.9306865980163481,0.01010266431875392
5688.0,0.9296277657885497,0.01010266431875392
5689.0,0.9280461512864729,0.01010266431875392
5690.0,0.9268850982641448,0.01010266431875392
5691.0,0.926600993808848,0.01010266431875392
5692.0,0.926316889353551,0.01010266431875392
5693.0,0.9217626936812945,0.01010266431875392
5694.0,0.916853119806329,0.01010266431875392
5695.0,0.9160453229495533,0.01010266431875392
5696.0,0.9189904163301087,0.01010266431875392
5697.0,0.9219344544781226,0.01010266431875392
5698.0,0.9248708448021722,0.01010266431875392
5699.0,0.9278072351262217,0.01010266431875392
5700.0,0.9297646780752238,0.01010266431875392
5701.0,0.931341963126916,0.01010266431875392
5702.0,0.9331446293560197,0.01010266431875392
5703.0,0.9354277133580259,0.01010266431875392
5704.0,0.9377107973600323,0.01010266431875392
5705.0,0.942244094715699,0.01010266431875392
5706.0,0.9469774110361358,0.01010266431875392
5707.0,0.943065427424505,0.01010266431875392
5708.0,0.9310898461964071,0.01010266431875392
5709.0,0.9203493082669907,0.01010266431875392
5710.0,0.9189798205213852,0.01010266431875392
5711.0,0.9176103327757797,0.01010266431875392
5712.0,0.920504085463589,0.01010266431875392
5713.0,0.9250931200015948,0.01010266431875392
5714.0,0.9285146134856409,0.01010266431875392
5715.0,0.9293915804742244,0.01010266431875392
5716.0,0.9302685474628081,0.01010266431875392
5717.0,0.9291292332409459,0.01010266431875392
5718.0,0.9277991539111297,0.01010266431875392
5719.0,0.9279808810185713,0.01010266431875392
5720.0,0.9296000634270128,0.01010266431875392
5721.0,0.9306992545504604,0.01010266431875392
5722.0,0.9276608806105311,0.01010266431875392
5723.0,0.9246225066706018,0.01010266431875392
5724.0,0.9274773300584974,0.01010266431875392
5725.0,0.9327312422234209,0.01010266431875392
5726.0,0.9349024075275824,0.01010266431875392
5727.0,0.930203109866878,0.01010266431875392
5728.0,0.9255038122061738,0.01010266431875392
5729.0,0.9315078502434888,0.01010266431875392
5730.0,0.9385864635952699,0.01010266431875392
5731.0,0.9399645855291631,0.01010266431875392
5732.0,0.9358174084528169,0.01010266431875392
5733.0,0.9325826625484691,0.01010266431875392
5734.0,0.936975431160542,0.01010266431875392
5735.0,0.9413681997726149,0.01010266431875392
5736.0,0.9381496775293974,0.01010266431875392
5737.0,0.9317597840964795,0.01010266431875392
5738.0,0.928743422670876,0.01010266431875392
5739.0,0.9334171204273068,0.01010266431875392
5740.0,0.9380908181837377,0.01010266431875392
5741.0,0.9321510606683878,0.01010266431875392
5742.0,0.9250837116235027,0.01010266431875392
5743.0,0.9261897148102567,0.01010266431875392
5744.0,0.9353715361924514,0.01010266431875392
5745.0,0.9437428728611764,0.01010266431875392
5746.0,0.9449819440513847,0.01010266431875392
5747.0,0.9462210152415931,0.01010266431875392
5748.0,0.9408414221160158,0.01010266431875392
5749.0,0.9326398299927796,0.01010266431875392
5750.0,0.9285966826916939,0.01010266431875392
5751.0,0.934251028715855,0.01010266431875392
5752.0,0.9399053747400159,0.01010266431875392
5753.0,0.9416215900275724,0.01010266431875392
5754.0,0.9428961457932694,0.01010266431875392
5755.0,0.9463636426773572,0.01010266431875392
5756.0,0.952039933266232,0.01010266431875392
5757.0,0.9564926388155676,0.01010266431875392
5758.0,0.9495856412817283,0.01010266431875392
5759.0,0.942678643747889,0.01010266431875392
5760.0,0.9418737580009235,0.01010266431875392
5761.0,0.9437306554989208,0.01010266431875392
5762.0,0.9431975190165304,0.01010266431875392
5763.0,0.9369613339711979,0.01010266431875392
5764.0,0.9307251489258652,0.01010266431875392
5765.0,0.9330897706077433,0.01010266431875392
5766.0,0.9364703265070632,0.01010266431875392
5767.0,0.9408816979359489,0.01010266431875392
5768.0,0.9463514736312034,0.01010266431875392
5769.0,0.9506879106141021,0.01010266431875392
5770.0,0.9438970220575134,0.01010266431875392
5771.0,0.9371061335009245,0.01010266431875392
5772.0,0.9396765723837273,0.01010266431875392
5773.0,0.9464238535441658,0.01010266431875392
5774.0,0.9522879050811593,0.01010266431875392
5775.0,0.9559949784881694,0.01010266431875392
5776.0,0.9597020518951794,0.01010266431875392
5777.0,0.9532596568379197,0.01010266431875392
5778.0,0.9455571388404208,0.01010266431875392
5779.0,0.9446254116565367,0.01010266431875392
5780.0,0.9507805564299006,0.01010266431875392
5781.0,0.9560569749258399,0.01010266431875392
5782.0,0.9521850102595968,0.01010266431875392
5783.0,0.9483130455933537,0.01010266431875392
5784.0,0.9448500233604857,0.01010266431875392
5785.0,0.9415735989862034,0.01010266431875392
5786.0,0.9413677061590697,0.01010266431875392
5787.0,0.9488381421998273,0.01010266431875392
5788.0,0.956308578240585,0.01010266431875392
5789.0,0.9555126431551731,0.01010266431875392
5790.0,0.9536399487371795,0.01010266431875392
5791.0,0.952900931506513,0.01010266431875392
5792.0,0.9533715450216282,0.01010266431875392
5793.0,0.9537366544317591,0.01010266431875392
5794.0,0.9529335734620756,0.01010266431875392
5795.0,0.9521304924923922,0.01010266431875392
5796.0,0.9534354844751086,0.01010266431875392
5797.0,0.9557239964092072,0.01010266431875392
5798.0,0.9584251600160729,0.01010266431875392
5799.0,0.9621826413664749,0.01010266431875392
5800.0,0.965940122716877,0.01010266431875392
5801.0,0.9569890921839608,0.01010266431875392
5802.0,0.9463042946819745,0.01010266431875392
5803.0,0.9438126238144898,0.01010266431875392
5804.0,0.9502327749002966,0.01010266431875392
5805.0,0.9568436538839848,0.01010266431875392
5806.0,0.9657080563380197,0.01010266431875392
5807.0,0.9745724587920546,0.01010266431875392
5808.0,0.9770247490075619,0.01010266431875392
5809.0,0.9764187800171017,0.01010266431875392
5810.0,0.9733659247777127,0.01010266431875392
5811.0,0.9638979721117911,0.01010266431875392
5812.0,0.9544300194458695,0.01010266431875392
5813.0,0.9597678780916735,0.01010266431875392
5814.0,0.9672179512455845,0.01010266431875392
5815.0,0.9676836134470221,0.01010266431875392
5816.0,0.9604045364150907,0.01010266431875392
5817.0,0.9543749226378412,0.01010266431875392
5818.0,0.9641581880838402,0.01010266431875392
5819.0,0.9739414535298394,0.01010266431875392
5820.0,0.9708818862200832,0.01010266431875392
5821.0,0.9615614379419013,0.01010266431875392
5822.0,0.9555497777048687,0.01010266431875392
5823.0,0.9584249950827549,0.01010266431875392
5824.0,0.961300212460641,0.01010266431875392
5825.0,0.966234516477345,0.01010266431875392
5826.0,0.971475553400245,0.01010266431875392
5827.0,0.9745792821210796,0.01010266431875392
5828.0,0.9752669233091411,0.01010266431875392
5829.0,0.9762705570058181,0.01010266431875392
5830.0,0.9815761238022367,0.01010266431875392
5831.0,0.9868816905986554,0.01010266431875392
5832.0,0.9824661230044309,0.01010266431875392
5833.0,0.9732074722695562,0.01010266431875392
5834.0,0.9671791165623801,0.01010266431875392
5835.0,0.9700413476206234,0.01010266431875392
5836.0,0.9729035786788668,0.01010266431875392
5837.0,0.9712333742963617,0.01010266431875392
5838.0,0.968859102272573,0.01010266431875392
5839.0,0.9654155341210163,0.01010266431875392
5840.0,0.9607396505353911,0.01010266431875392
5841.0,0.9564686927870195,0.01010266431875392
5842.0,0.9581570209453537,0.01010266431875392
5843.0,0.9598453491036878,0.01010266431875392
5844.0,0.9657133579038115,0.01010266431875392
5845.0,0.9737090664509331,0.01010266431875392
5846.0,0.9766973492656604,0.01010266431875392
5847.0,0.9655591787527277,0.01010266431875392
5848.0,0.9544210082397951,0.01010266431875392
5849.0,0.9579046188778709,0.01010266431875392
5850.0,0.9637538175403783,0.01010266431875392
5851.0,0.9666704622668892,0.01010266431875392
5852.0,0.9661415475385798,0.01010266431875392
5853.0,0.9661561690728049,0.01010266431875392
5854.0,0.9748673708075896,0.01010266431875392
5855.0,0.9835785725423742,0.01010266431875392
5856.0,0.9868447826884879,0.01010266431875392
5857.0,0.9872791997638445,0.01010266431875392
5858.0,0.9859913536546908,0.01010266431875392
5859.0,0.9797218210445447,0.01010266431875392
5860.0,0.9734522884343988,0.01010266431875392
5861.0,0.9682259987561043,0.01010266431875392
5862.0,0.963175289935905,0.01010266431875392
5863.0,0.9630129470530967,0.01010266431875392
5864.0,0.9687063248446117,0.01010266431875392
5865.0,0.9743612646468631,0.01010266431875392
5866.0,0.9793431125482377,0.01010266431875392
5867.0,0.9843249604496123,0.01010266431875392
5868.0,0.9793821575592555,0.01010266431875392
5869.0,0.969166883935788,0.01010266431875392
5870.0,0.9630636494356217,0.01010266431875392
5871.0,0.969159464334564,0.01010266431875392
5872.0,0.9752552792335063,0.01010266431875392
5873.0,0.9796517362073887,0.01010266431875392
5874.0,0.9837509853072143,0.01010266431875392
5875.0,0.9834303087838078,0.01010266431875392
5876.0,0.9777114297658995,0.01010266431875392
5877.0,0.9718309299421705,0.01010266431875392
5878.0,0.962828389186475,0.01010266431875392
5879.0,0.9538258484307796,0.01010266431875392
5880.0,0.9563391507053001,0.01010266431875392
5881.0,0.9651008641054685,0.01010266431875392
5882.0,0.9719847689447826,0.01010266431875392
5883.0,0.9731532079217112,0.01010266431875392
5884.0,0.9743216468986399,0.01010266431875392
5885.0,0.9788503525587577,0.01010266431875392
5886.0,0.9839891491911418,0.01010266431875392
5887.0,0.9846193142267242,0.01010266431875392
5888.0,0.979634956896472,0.01010266431875392
5889.0,0.9748395443417839,0.01010266431875392
5890.0,0.9741089977694875,0.01010266431875392
5891.0,0.9733784511971911,0.01010266431875392
5892.0,0.9728199230273082,0.01010266431875392
5893.0,0.9723567110244342,0.01010266431875392
5894.0,0.9724297522141917,0.01010266431875392
5895.0,0.9741779209512276,0.01010266431875392
5896.0,0.9759260896882636,0.01010266431875392
5897.0,0.9768277051887678,0.01010266431875392
5898.0,0.9775699126618506,0.01010266431875392
5899.0,0.9795382770954228,0.01010266431875392
5900.0,0.9830635601763736,0.01010266431875392
5901.0,0.9861819544517577,0.01010266431875392
5902.0,0.9794363776832417,0.01010266431875392
5903.0,0.9726908009147255,0.01010266431875392
5904.0,0.974969386030349,0.01010266431875392
5905.0,0.9823537469488396,0.01010266431875392
5906.0,0.987233386113998,0.01010266431875392
5907.0,0.9840802055146647,0.01010266431875392
5908.0,0.9809270249153313,0.01010266431875392
5909.0,0.9753228764200791,0.01010266431875392
5910.0,0.9692404902865988,0.01010266431875392
5911.0,0.9695755358737198,0.01010266431875392
5912.0,0.9782196528346059,0.01010266431875392
5913.0,0.9863674444772987,0.01010266431875392
5914.0,0.980755044539739,0.01010266431875392
5915.0,0.9751426446021795,0.01010266431875392
5916.0,0.975615297873923,0.01010266431875392
5917.0,0.9796029913518051,0.01010266431875392
5918.0,0.9820948169167909,0.01010266431875392
5919.0,0.9796595311604316,0.01010266431875392
5920.0,0.9772242454040725,0.01010266431875392
5921.0,0.9841300553448827,0.01010266431875392
5922.0,0.9929229553255196,0.01010266431875392
5923.0,0.9907572493536435,0.01010266431875392
5924.0,0.9741225204806744,0.01010266431875392
5925.0,0.9582686606233622,0.01010266431875392
5926.0,0.9676524873517575,0.01010266431875392
5927.0,0.9770363140801526,0.01010266431875392
5928.0,0.9824361484856248,0.01010266431875392
5929.0,0.985486643906777,0.01010266431875392
5930.0,0.9882890493005171,0.01010266431875392
5931.0,0.9902518658120165,0.01010266431875392
5932.0,0.9922146823235157,0.01010266431875392
5933.0,0.9870531726794468,0.01010266431875392
5934.0,0.9804026892089683,0.01010266431875392
5935.0,0.9783852316796221,0.01010266431875392
5936.0,0.9826060456991724,0.01010266431875392
5937.0,0.9867564572948972,0.01010266431875392
5938.0,0.9881846418360216,0.01010266431875392
5939.0,0.989612826377146,0.01010266431875392
5940.0,0.98921742532847,0.01010266431875392
5941.0,0.98772436603055,0.01010266431875392
5942.0,0.9855464684498723,0.01010266431875392
5943.0,0.9809863645845576,0.01010266431875392
5944.0,0.976426260719243,0.01010266431875392
5945.0,0.9851430066970882,0.01010266431875392
5946.0,0.9967283275315527,0.01010266431875392
5947.0,1.000684625449649,0.01010266431875392
5948.0,0.994164601300245,0.01010266431875392
5949.0,0.9878000591449652,0.01010266431875392
5950.0,0.9888986527075719,0.01010266431875392
5951.0,0.9899972462701787,0.01010266431875392
5952.0,0.9936157640067923,0.01010266431875392
5953.0,0.9987823746952623,0.01010266431875392
5954.0,1.0011018519700556,0.01010266431875392
5955.0,0.9932373520344011,0.01010266431875392
5956.0,0.9853728520987465,0.01010266431875392
5957.0,0.9852505985905218,0.01010266431875392
5958.0,0.9868564235800527,0.01010266431875392
5959.0,0.9877978046889814,0.01010266431875392
5960.0,0.9878085814002953,0.01010266431875392
5961.0,0.9879041812590408,0.01010266431875392
5962.0,0.9933501642632678,0.01010266431875392
5963.0,0.9987961472674949,0.01010266431875392
5964.0,0.9981998425996189,0.01010266431875392
5965.0,0.9938153067935711,0.01010266431875392
5966.0,0.9914632852148815,0.01010266431875392
5967.0,0.9965904592481147,0.01010266431875392
5968.0,1.0017176332813482,0.01010266431875392
5969.0,0.9981286656503703,0.01010266431875392
5970.0,0.9925312517865769,0.01010266431875392
5971.0,0.9894273550325715,0.01010266431875392
5972.0,0.9898856255782558,0.01010266431875392
5973.0,0.9903912238756647,0.01010266431875392
5974.0,0.9952299407754012,0.01010266431875392
5975.0,1.0000686576751374,0.01010266431875392
5976.0,0.9980935190162841,0.01010266431875392
5977.0,0.9917591223721048,0.01010266431875392
5978.0,0.9880078686903271,0.01010266431875392
5979.0,0.9940398978374125,0.01010266431875392
5980.0,1.000071926984498,0.01010266431875392
5981.0,0.9965456046852346,0.01010266431875392
5982.0,0.9907468659945725,0.01010266431875392
5983.0,0.9874693583781975,0.01010266431875392
5984.0,0.9878658571060637,0.01010266431875392
5985.0,0.988241887211482,0.01010266431875392
5986.0,0.9852283134392487,0.01010266431875392
5987.0,0.9822147396670153,0.01010266431875392
5988.0,0.9815998326011102,0.01010266431875392
5989.0,0.9825507218573915,0.01010266431875392
5990.0,0.983940298508046,0.01010266431875392
5991.0,0.9870407559967513,0.01010266431875392
5992.0,0.9901412134854568,0.01010266431875392
5993.0,0.9867494280841418,0.01010266431875392
5994.0,0.9817661212568719,0.01010266431875392
5995.0,0.9848374743350675,0.01010266431875392
5996.0,0.9998826203473395,0.01010266431875392
5997.0,1.0149012096120322,0.01010266431875392
5998.0,1.0078245848888754,0.01010266431875392
5999.0,1.0007479601657185,0.01010266431875392
6000.0,1.0018413404188173,0.01010266431875392
6001.0,1.0083759439860944,0.01010266431875392
6002.0,1.0124051681677395,0.01010266431875392
6003.0,1.0063675968662023,0.01010266431875392
6004.0,1.0003300255646652,0.01010266431875392
6005.0,0.9985666078046933,0.01010266431875392
6006.0,0.9978829762025884,0.01010266431875392
6007.0,0.9974695357474732,0.01010266431875392
6008.0,0.9974658715938353,0.01010266431875392
6009.0,0.9974622074401973,0.01010266431875392
6010.0,0.9933493277848884,0.01010266431875392
6011.0,0.9892215955434303,0.01010266431875392
6012.0,0.9941298875741588,0.01010266431875392
6013.0,1.005177575128512,0.01010266431875392
6014.0,1.012227966627594,0.01010266431875392
6015.0,1.0027216565644372,0.01010266431875392
6016.0,0.9932153465012806,0.01010266431875392
6017.0,0.991825039691186,0.01010266431875392
6018.0,0.9925466126988348,0.01010266431875392
6019.0,0.992966377370993,0.01010266431875392
6020.0,0.9929191236402213,0.01010266431875392
6021.0,0.9928718699094495,0.01010266431875392
6022.0,0.9981120765416447,0.01010266431875392
6023.0,1.0033970921599633,0.01010266431875392
6024.0,1.0043076944235299,0.01010266431875392
6025.0,1.0021864370245568,0.01010266431875392
6026.0,1.0010392164129696,0.01010266431875392
6027.0,1.0040532289120565,0.01010266431875392
6028.0,1.0070672414111437,0.01010266431875392
6029.0,1.008810618068692,0.01010266431875392
6030.0,1.0102136113044586,0.01010266431875392
6031.0,1.007593318902228,0.01010266431875392
6032.0,0.9986204702294911,0.01010266431875392
6033.0,0.9896476215567541,0.01010266431875392
6034.0,0.9912788916364759,0.01010266431875392
6035.0,0.9930520659817402,0.01010266431875392
6036.0,0.9969814374947188,0.01010266431875392
6037.0,1.0024351697102845,0.01010266431875392
6038.0,1.0066784842622756,0.01010266431875392
6039.0,1.0055849572976003,0.01010266431875392
6040.0,1.0044914303329253,0.01010266431875392
6041.0,0.9994175021526008,0.01010266431875392
6042.0,0.9932463730246276,0.01010266431875392
6043.0,0.990265648682082,0.01010266431875392
6044.0,0.9924255765643307,0.01010266431875392
6045.0,0.9945855044465797,0.01010266431875392
6046.0,0.9919810801621652,0.01010266431875392
6047.0,0.9892892900067219,0.01010266431875392
6048.0,0.9896551649583167,0.01010266431875392
6049.0,0.9922258438817217,0.01010266431875392
6050.0,0.9954167737877877,0.01010266431875392
6051.0,1.001431913168228,0.01010266431875392
6052.0,1.0074470525486683,0.01010266431875392
6053.0,1.0096580551863543,0.01010266431875392
6054.0,1.010790535234415,0.01010266431875392
6055.0,1.0087125679262392,0.01010266431875392
6056.0,1.0013551982989084,0.01010266431875392
6057.0,0.9939978286715775,0.01010266431875392
6058.0,0.9933930553339684,0.01010266431875392
6059.0,0.992945897880272,0.01010266431875392
6060.0,0.9977609377504826,0.01010266431875392
6061.0,1.0064458852359766,0.01010266431875392
6062.0,1.0129335039716378,0.01010266431875392
6063.0,1.009081637425612,0.01010266431875392
6064.0,1.0052297708795863,0.01010266431875392
6065.0,1.005910997799935,0.01010266431875392
6066.0,1.0079134984748213,0.01010266431875392
6067.0,1.0084082365067708,0.01010266431875392
6068.0,1.0063722603920542,0.01010266431875392
6069.0,1.0043362842773373,0.01010266431875392
6070.0,1.0078221141308716,0.01010266431875392
6071.0,1.0114647360057245,0.01010266431875392
6072.0,1.012211100347921,0.01010266431875392
6073.0,1.010785271540632,0.01010266431875392
6074.0,1.0090884787052539,0.01010266431875392
6075.0,1.0060731214796697,0.01010266431875392
6076.0,1.0030577642540854,0.01010266431875392
6077.0,1.0002440390113474,0.01010266431875392
6078.0,0.9974907089959207,0.01010266431875392
6079.0,0.9985739428111027,0.01010266431875392
6080.0,1.0062305726357235,0.01010266431875392
6081.0,1.0138872024603445,0.01010266431875392
6082.0,1.0102655336202133,0.01010266431875392
6083.0,1.0062660557677483,0.01010266431875392
6084.0,1.004289759578395,0.01010266431875392
6085.0,1.0038608544491747,0.01010266431875392
6086.0,1.004025173629391,0.01010266431875392
6087.0,1.007177107991196,0.01010266431875392
6088.0,1.010329042353001,0.01010266431875392
6089.0,1.004468480655666,0.01010266431875392
6090.0,0.9958348432478304,0.01010266431875392
6091.0,0.9914697933657461,0.01010266431875392
6092.0,0.9945712497168029,0.01010266431875392
6093.0,0.9976727060678596,0.01010266431875392
6094.0,1.003290479158214,0.01010266431875392
6095.0,1.0090055163619323,0.01010266431875392
6096.0,1.0081941200628692,0.01010266431875392
6097.0,1.0022926634464604,0.01010266431875392
6098.0,0.9973761277891791,0.01010266431875392
6099.0,0.99759735146346,0.01010266431875392
6100.0,0.9978185751377409,0.01010266431875392
6101.0,1.0027899504439857,0.01010266431875392
6102.0,1.0092621635486345,0.01010266431875392
6103.0,1.0142708847881228,0.01010266431875392
6104.0,1.016665878081138,0.01010266431875392
6105.0,1.0190608713741534,0.01010266431875392
6106.0,1.0135482080508507,0.01010266431875392
6107.0,1.0076887176829692,0.01010266431875392
6108.0,1.0059009755966557,0.01010266431875392
6109.0,1.0073513264325356,0.01010266431875392
6110.0,1.0080085928886926,0.01010266431875392
6111.0,1.004377103045288,0.01010266431875392
6112.0,1.0007456132018833,0.01010266431875392
6113.0,1.0041292830693838,0.01010266431875392
6114.0,1.00978813987015,0.01010266431875392
6115.0,1.0095119788144808,0.01010266431875392
6116.0,0.9984119546850222,0.01010266431875392
6117.0,0.9873119305555633,0.01010266431875392
6118.0,0.9920796156326644,0.01010266431875392
6119.0,0.9976266970058052,0.01010266431875392
6120.0,0.9966418861929837,0.01010266431875392
6121.0,0.9903605628032938,0.01010266431875392
6122.0,0.9875991939564993,0.01010266431875392
6123.0,1.0045886811559528,0.01010266431875392
6124.0,1.0215781683554062,0.01010266431875392
6125.0,1.0188708111426548,0.01010266431875392
6126.0,1.0096083441095052,0.01010266431875392
6127.0,1.0050937526760158,0.01010266431875392
6128.0,1.0094222834934417,0.01010266431875392
6129.0,1.0137508143108676,0.01010266431875392
6130.0,1.0123756950734841,0.01010266431875392
6131.0,1.0106901239976764,0.01010266431875392
6132.0,1.0082126657255173,0.01010266431875392
6133.0,1.005080511240587,0.01010266431875392
6134.0,1.0019782924337697,0.01010266431875392
6135.0,0.9990505348330037,0.01010266431875392
6136.0,0.9961227772322377,0.01010266431875392
6137.0,0.9976830259433151,0.01010266431875392
6138.0,1.0007754120748618,0.01010266431875392
6139.0,1.0050601795033869,0.01010266431875392
6140.0,1.0116133796432343,0.01010266431875392
6141.0,1.0181665797830814,0.01010266431875392
6142.0,1.0109426373928858,0.01010266431875392
6143.0,1.002894870958285,0.01010266431875392
6144.0,1.0023935718610073,0.01010266431875392
6145.0,1.008253343683014,0.01010266431875392
6146.0,1.0131914645738282,0.01010266431875392
6147.0,1.0125450056696992,0.01010266431875392
6148.0,1.0118985467655703,0.01010266431875392
6149.0,1.014582283892951,0.01010266431875392
6150.0,1.018431859501377,0.01010266431875392
6151.0,1.0208302152040654,0.01010266431875392
6152.0,1.0204081788638093,0.01010266431875392
6153.0,1.0199861425235535,0.01010266431875392
6154.0,1.0198578703374632,0.01010266431875392
6155.0,1.0197487566831667,0.01010266431875392
6156.0,1.0184461971880139,0.01010266431875392
6157.0,1.0161180201733746,0.01010266431875392
6158.0,1.013426791543959,0.01010266431875392
6159.0,1.0084457900108243,0.01010266431875392
6160.0,1.0034647884776895,0.01010266431875392
6161.0,1.0049038134568753,0.01010266431875392
6162.0,1.0086469262545046,0.01010266431875392
6163.0,1.0100307204563477,0.01010266431875392
6164.0,1.006729702822834,0.01010266431875392
6165.0,1.0034286851893202,0.01010266431875392
6166.0,1.0010835416871657,0.01010266431875392
6167.0,0.9988059728344008,0.01010266431875392
6168.0,1.0007413183459752,0.01010266431875392
6169.0,1.0063677081992772,0.01010266431875392
6170.0,1.0111617985921684,0.01010266431875392
6171.0,1.0104854116225692,0.01010266431875392
6172.0,1.00980902465297,0.01010266431875392
6173.0,1.0067727799033943,0.01010266431875392
6174.0,1.002868541487621,0.01010266431875392
6175.0,0.9981446463327783,0.01010266431875392
6176.0,0.9917575931401126,0.01010266431875392
6177.0,0.985370539947447,0.01010266431875392
6178.0,0.9955703094758628,0.01010266431875392
6179.0,1.0070344492116978,0.01010266431875392
6180.0,1.0111107698388306,0.01010266431875392
6181.0,1.0085884247620682,0.01010266431875392
6182.0,1.0066823246919339,0.01010266431875392
6183.0,1.0090027351861244,0.01010266431875392
6184.0,1.011323145680315,0.01010266431875392
6185.0,1.0105060309947596,0.01010266431875392
6186.0,1.0085065101257606,0.01010266431875392
6187.0,1.004595590735557,0.01010266431875392
6188.0,0.9967208116814534,0.01010266431875392
6189.0,0.9888460326273498,0.01010266431875392
6190.0,0.99810579344825,0.01010266431875392
6191.0,1.008767471168005,0.01010266431875392
6192.0,1.0154260188915984,0.01010266431875392
6193.0,1.018439514760888,0.01010266431875392
6194.0,1.0195425567934044,0.01010266431875392
6195.0,1.0069540129956485,0.01010266431875392
6196.0,0.9943654691978925,0.01010266431875392
6197.0,0.9965766209580476,0.01010266431875392
6198.0,1.0045007999552011,0.01010266431875392
6199.0,1.0109444577042566,0.01010266431875392
6200.0,1.0142496322082852,0.01010266431875392
6201.0,1.0175548067123137,0.01010266431875392
6202.0,1.0162646121952923,0.01010266431875392
6203.0,1.01457247286834,0.01010266431875392
6204.0,1.0094833824404552,0.01010266431875392
6205.0,1.0012411036063855,0.01010266431875392
6206.0,0.9950163512292028,0.01010266431875392
6207.0,1.0039230472786898,0.01010266431875392
6208.0,1.0128297433281768,0.01010266431875392
6209.0,1.0157790944145146,0.01010266431875392
6210.0,1.0163734481619897,0.01010266431875392
6211.0,1.017312809790076,0.01010266431875392
6212.0,1.0189999071289904,0.01010266431875392
6213.0,1.0206870044679046,0.01010266431875392
6214.0,1.0162810793609633,0.01010266431875392
6215.0,1.0113074316901718,0.01010266431875392
6216.0,1.0114883823159853,0.01010266431875392
6217.0,1.0165469317972347,0.01010266431875392
6218.0,1.0202627977498977,0.01010266431875392
6219.0,1.0134228857491308,0.01010266431875392
6220.0,1.0065829737483638,0.01010266431875392
6221.0,1.002473844583356,0.01010266431875392
6222.0,0.9994699226368643,0.01010266431875392
6223.0,0.9972923129018053,0.01010266431875392
6224.0,0.9969459896893793,0.01010266431875392
6225.0,0.9965996664769532,0.01010266431875392
6226.0,0.9986501994633736,0.01010266431875392
6227.0,1.000937888406145,0.01010266431875392
6228.0,1.006603475028482,0.01010266431875392
6229.0,1.0155274582332277,0.01010266431875392
6230.0,1.0223622829697252,0.01010266431875392
6231.0,1.0119499439073585,0.01010266431875392
6232.0,1.0015376048449918,0.01010266431875392
6233.0,0.9998527868985511,0.01010266431875392
6234.0,1.0017834445926608,0.01010266431875392
6235.0,1.0035569315649564,0.01010266431875392
6236.0,1.0049741649011392,0.01010266431875392
6237.0,1.006391398237322,0.01010266431875392
6238.0,1.0103403081853946,0.01010266431875392
6239.0,1.0145544733752958,0.01010266431875392
6240.0,1.0181199809712025,0.01010266431875392
6241.0,1.0210476419330161,0.01010266431875392
6242.0,1.0232300503279017,0.01010266431875392
6243.0,1.0189391602635458,0.01010266431875392
6244.0,1.01464827019919,0.01010266431875392
6245.0,1.0113685677789142,0.01010266431875392
6246.0,1.0085175397786932,0.01010266431875392
6247.0,1.007572023767146,0.01010266431875392
6248.0,1.011044866231326,0.01010266431875392
6249.0,1.0145177086955064,0.01010266431875392
6250.0,1.01655126503112,0.01010266431875392
6251.0,1.0184255403685063,0.01010266431875392
6252.0,1.0162421502205585,0.01010266431875392
6253.0,1.0099913405837073,0.01010266431875392
6254.0,1.0046483578614969,0.01010266431875392
6255.0,1.0076197411502439,0.01010266431875392
6256.0,1.0105911244389907,0.01010266431875392
6257.0,1.0151461328096347,0.01010266431875392
6258.0,1.0203880147097761,0.01010266431875392
6259.0,1.0218922359006752,0.01010266431875392
6260.0,1.0145289705506382,0.01010266431875392
6261.0,1.007165705200601,0.01010266431875392
6262.0,1.0099245220868667,0.01010266431875392
6263.0,1.0138637962848733,0.01010266431875392
6264.0,1.0126217720253001,0.01010266431875392
6265.0,1.0060852656039658,0.01010266431875392
6266.0,1.0001470514818838,0.01010266431875392
6267.0,1.0,0.01010266431875392
6268.0,0.9998529485181162,0.01010266431875392
6269.0,1.0012466081050313,0.01010266431875392
6270.0,1.003323841407045,0.01010266431875392
6271.0,1.005183435968867,0.01010266431875392
6272.0,1.006514607252037,0.01010266431875392
6273.0,1.007845778535207,0.01010266431875392
6274.0,1.011791895115846,0.01010266431875392
6275.0,1.0160587125348526,0.01010266431875392
6276.0,1.017131671578346,0.01010266431875392
6277.0,1.014877694814012,0.01010266431875392
6278.0,1.0125157950376942,0.01010266431875392
6279.0,1.0090469551790129,0.01010266431875392
6280.0,1.0055781153203314,0.01010266431875392
6281.0,1.008012483717495,0.01010266431875392
6282.0,1.0131254457385925,0.01010266431875392
6283.0,1.0137178246299803,0.01010266431875392
6284.0,1.0030749467052844,0.01010266431875392
6285.0,0.9924320687805886,0.01010266431875392
6286.0,0.9932294945511423,0.01010266431875392
6287.0,0.9954995881415477,0.01010266431875392
6288.0,1.000666320801815,0.01010266431875392
6289.0,1.0089089399991347,0.01010266431875392
6290.0,1.0161238403476998,0.01010266431875392
6291.0,1.012136605244939,0.01010266431875392
6292.0,1.0081493701421782,0.01010266431875392
6293.0,1.0087015528011132,0.01010266431875392
6294.0,1.011359897655279,0.01010266431875392
6295.0,1.010904500891386,0.01010266431875392
6296.0,1.0025256254568482,0.01010266431875392
6297.0,0.9941467500223108,0.01010266431875392
6298.0,0.9958780903235398,0.01010266431875392
6299.0,0.9989730700768655,0.01010266431875392
6300.0,1.0007313582975867,0.01010266431875392
6301.0,1.0010426779342674,0.01010266431875392
6302.0,1.0014720360136684,0.01010266431875392
6303.0,1.0032731438743805,0.01010266431875392
6304.0,1.0050742517350926,0.01010266431875392
6305.0,1.0003670686054542,0.01010266431875392
6306.0,0.9925727669175572,0.01010266431875392
6307.0,0.9894622109205419,0.01010266431875392
6308.0,0.9985577800573316,0.01010266431875392
6309.0,1.0076533491941213,0.01010266431875392
6310.0,1.009410958197089,0.01010266431875392
6311.0,1.01013321118118,0.01010266431875392
6312.0,1.0116022603540298,0.01010266431875392
6313.0,1.0138954255230594,0.01010266431875392
6314.0,1.0159327487459298,0.01010266431875392
6315.0,1.0147885535738037,0.01010266431875392
6316.0,1.0136443584016774,0.01010266431875392
6317.0,1.014025888689789,0.01010266431875392
6318.0,1.0151471646555916,0.01010266431875392
6319.0,1.0149271795256376,0.01010266431875392
6320.0,1.011126559047549,0.01010266431875392
6321.0,1.00732593856946,0.01010266431875392
6322.0,1.0132497311884585,0.01010266431875392
6323.0,1.0206067362060631,0.01010266431875392
6324.0,1.0195087168759545,0.01010266431875392
6325.0,1.008898795154652,0.01010266431875392
6326.0,0.9992365893764932,0.01010266431875392
6327.0,1.0022378293903342,0.01010266431875392
6328.0,1.005239069404175,0.01010266431875392
6329.0,1.00402815150173,0.01010266431875392
6330.0,1.0007300601973232,0.01010266431875392
6331.0,0.9990478830242432,0.01010266431875392
6332.0,1.0017859193942544,0.01010266431875392
6333.0,1.0045239557642656,0.01010266431875392
6334.0,1.0007007328931175,0.01010266431875392
6335.0,0.9958687845707619,0.01010266431875392
6336.0,0.9936859771922038,0.01010266431875392
6337.0,0.9945414886795997,0.01010266431875392
6338.0,0.9956844042586367,0.01010266431875392
6339.0,1.0009733899744682,0.01010266431875392
6340.0,1.0062623756902995,0.01010266431875392
6341.0,1.0079092839966028,0.01010266431875392
6342.0,1.0077121024753037,0.01010266431875392
6343.0,1.0077001179250726,0.01010266431875392
6344.0,1.008207361412447,0.01010266431875392
6345.0,1.008714604899821,0.01010266431875392
6346.0,1.006763775410651,0.01010266431875392
6347.0,1.0044192434252373,0.01010266431875392
6348.0,1.004109812754483,0.01010266431875392
6349.0,1.0061799666938345,0.01010266431875392
6350.0,1.0079706735206182,0.01010266431875392
6351.0,1.005385238564646,0.01010266431875392
6352.0,1.0027998036086736,0.01010266431875392
6353.0,1.003459927240018,0.01010266431875392
6354.0,1.0057989919256372,0.01010266431875392
6355.0,1.0065802877231387,0.01010266431875392
6356.0,1.002883903646884,0.01010266431875392
6357.0,0.9991875195706292,0.01010266431875392
6358.0,0.9910007693074027,0.01010266431875392
6359.0,0.9820656246796826,0.01010266431875392
6360.0,0.984663308879441,0.01010266431875392
6361.0,1.001009339023497,0.01010266431875392
6362.0,1.0159060717132562,0.01010266431875392
6363.0,1.006007215348087,0.01010266431875392
6364.0,0.996108358982918,0.01010266431875392
6365.0,0.9917487654110021,0.01010266431875392
6366.0,0.9903163419023127,0.01010266431875392
6367.0,0.9893491262534145,0.01010266431875392
6368.0,0.9897532816414348,0.01010266431875392
6369.0,0.9901574370294551,0.01010266431875392
6370.0,0.9953017786192541,0.01010266431875392
6371.0,1.0012673073961176,0.01010266431875392
6372.0,1.0077099212025313,0.01010266431875392
6373.0,1.014732396334754,0.01010266431875392
6374.0,1.0208320494427015,0.01010266431875392
6375.0,1.0095518877600118,0.01010266431875392
6376.0,0.9982717260773221,0.01010266431875392
6377.0,0.9967707590791308,0.01010266431875392
6378.0,1.0005480265502038,0.01010266431875392
6379.0,1.0019854714902352,0.01010266431875392
6380.0,0.9963469313847224,0.01010266431875392
6381.0,0.9907083912792098,0.01010266431875392
6382.0,0.9927322278922276,0.01010266431875392
6383.0,0.9961344240565947,0.01010266431875392
6384.0,1.0001906956564992,0.01010266431875392
6385.0,1.0050575284816277,0.01010266431875392
6386.0,1.009495096829391,0.01010266431875392
6387.0,1.0049520004533454,0.01010266431875392
6388.0,1.0004089040772997,0.01010266431875392
6389.0,0.99778785941031,0.01010266431875392
6390.0,0.9962262696890919,0.01010266431875392
6391.0,0.9953398710302485,0.01010266431875392
6392.0,0.9965488929098096,0.01010266431875392
6393.0,0.9977579147893708,0.01010266431875392
6394.0,0.9959482683497762,0.01010266431875392
6395.0,0.9935753091611635,0.01010266431875392
6396.0,0.9918057832188971,0.01010266431875392
6397.0,0.9907987476558454,0.01010266431875392
6398.0,0.9899874027375287,0.01010266431875392
6399.0,0.9937747879704325,0.01010266431875392
6400.0,0.9975621732033364,0.01010266431875392
6401.0,0.9993438949031366,0.01010266431875392
6402.0,0.9999967253085068,0.01010266431875392
6403.0,1.0002507599035446,0.01010266431875392
6404.0,0.9992342591028526,0.01010266431875392
6405.0,0.9982177583021606,0.01010266431875392
6406.0,0.9978245365100145,0.01010266431875392
6407.0,0.99755186295018,0.01010266431875392
6408.0,0.9967058090938836,0.01010266431875392
6409.0,0.9951209767786852,0.01010266431875392
6410.0,0.9935424081535521,0.01010266431875392
6411.0,0.9921314976324966,0.01010266431875392
6412.0,0.9907205871114411,0.01010266431875392
6413.0,0.9927300337578371,0.01010266431875392
6414.0,0.996705054277397,0.01010266431875392
6415.0,0.9988402308531762,0.01010266431875392
6416.0,0.9949558154487863,0.01010266431875392
6417.0,0.9910714000443965,0.01010266431875392
6418.0,0.993188381992963,0.01010266431875392
6419.0,0.9965073729214418,0.01010266431875392
6420.0,0.9962863726576494,0.01010266431875392
6421.0,0.9914142172995823,0.01010266431875392
6422.0,0.986817927958331,0.01010266431875392
6423.0,0.9907840953697032,0.01010266431875392
6424.0,0.9947502627810757,0.01010266431875392
6425.0,0.9930843154617098,0.01010266431875392
6426.0,0.9881141941669749,0.01010266431875392
6427.0,0.9852418016610114,0.01010266431875392
6428.0,0.9894204137748875,0.01010266431875392
6429.0,0.9935990258887636,0.01010266431875392
6430.0,0.996951278800106,0.01010266431875392
6431.0,1.0001322717607792,0.01010266431875392
6432.0,1.002262540125471,0.01010266431875392
6433.0,1.0029849555904922,0.01010266431875392
6434.0,1.0035901978801807,0.01010266431875392
6435.0,0.9998760108427809,0.01010266431875392
6436.0,0.9961618238053812,0.01010266431875392
6437.0,0.9932346354919442,0.01010266431875392
6438.0,0.9907787400803808,0.01010266431875392
6439.0,0.989044297439094,0.01010266431875392
6440.0,0.9898021461860255,0.01010266431875392
6441.0,0.9905599949329569,0.01010266431875392
6442.0,0.9926123269696115,0.01010266431875392
6443.0,0.9949420482826351,0.01010266431875392
6444.0,0.9955781604758386,0.01010266431875392
6445.0,0.9938999942979213,0.01010266431875392
6446.0,0.9924096930662465,0.01010266431875392
6447.0,0.9994254991227127,0.01010266431875392
6448.0,1.006441305179179,0.01010266431875392
6449.0,1.0026197101018437,0.01010266431875392
6450.0,0.9921740942154694,0.01010266431875392
6451.0,0.9846508424043642,0.01010266431875392
6452.0,0.9875075722813668,0.01010266431875392
6453.0,0.9903643021583693,0.01010266431875392
6454.0,0.9836816463851106,0.01010266431875392
6455.0,0.9748868978945598,0.01010266431875392
6456.0,0.9735355261032889,0.01010266431875392
6457.0,0.9825578258612987,0.01010266431875392
6458.0,0.9913218432745193,0.01010266431875392
6459.0,0.9849763435180315,0.01010266431875392
6460.0,0.9786308437615439,0.01010266431875392
6461.0,0.9782825784319172,0.01010266431875392
6462.0,0.9816752780469207,0.01010266431875392
6463.0,0.9857093181147222,0.01010266431875392
6464.0,0.9920865797251548,0.01010266431875392
6465.0,0.9984638413355875,0.01010266431875392
6466.0,0.9925073979438274,0.01010266431875392
6467.0,0.9837313022285569,0.01010266431875392
6468.0,0.9819091580824527,0.01010266431875392
6469.0,0.9899721369518021,0.01010266431875392
6470.0,0.9979252690268772,0.01010266431875392
6471.0,0.9968380099331574,0.01010266431875392
6472.0,0.9957507508394378,0.01010266431875392
6473.0,0.9906291396438116,0.01010266431875392
6474.0,0.9829394929255618,0.01010266431875392
6475.0,0.9768935972944199,0.01010266431875392
6476.0,0.9770282057508056,0.01010266431875392
6477.0,0.9771628142071912,0.01010266431875392
6478.0,0.9826739655854203,0.01010266431875392
6479.0,0.9894534705609357,0.01010266431875392
6480.0,0.9918581406327907,0.01010266431875392
6481.0,0.9879193000943597,0.01010266431875392
6482.0,0.9840534467390769,0.01010266431875392
6483.0,0.9902476601272518,0.01010266431875392
6484.0,0.9964418735154268,0.01010266431875392
6485.0,0.9930450959683891,0.01010266431875392
6486.0,0.9834189223287744,0.01010266431875392
6487.0,0.9761391605732372,0.01010266431875392
6488.0,0.9779431688016558,0.01010266431875392
6489.0,0.9797471770300742,0.01010266431875392
6490.0,0.982024918579401,0.01010266431875392
6491.0,0.984417911667993,0.01010266431875392
6492.0,0.9862784079361131,0.01010266431875392
6493.0,0.9873512526572863,0.01010266431875392
6494.0,0.9884330773557376,0.01010266431875392
6495.0,0.9932460826135481,0.01010266431875392
6496.0,0.9980590878713586,0.01010266431875392
6497.0,0.9980649625471927,0.01010266431875392
6498.0,0.9948852736437562,0.01010266431875392
6499.0,0.9904106172550192,0.01010266431875392
6500.0,0.9807715995177402,0.01010266431875392
6501.0,0.9711325817804611,0.01010266431875392
6502.0,0.9725754794535145,0.01010266431875392
6503.0,0.9767971757354612,0.01010266431875392
6504.0,0.9811127752755219,0.01010266431875392
6505.0,0.9855700782261704,0.01010266431875392
6506.0,0.9900273811768189,0.01010266431875392
6507.0,0.986479910823613,0.01010266431875392
6508.0,0.9829131750713619,0.01010266431875392
6509.0,0.9821163570303275,0.01010266431875392
6510.0,0.9831921594137728,0.01010266431875392
6511.0,0.9829505497036949,0.01010266431875392
6512.0,0.9772938105294471,0.01010266431875392
6513.0,0.9716370713551993,0.01010266431875392
6514.0,0.9675914038899333,0.01010266431875392
6515.0,0.9639618893887706,0.01010266431875392
6516.0,0.9642708285234968,0.01010266431875392
6517.0,0.9706435453598169,0.01010266431875392
6518.0,0.9770162621961369,0.01010266431875392
6519.0,0.9784563970933524,0.01010266431875392
6520.0,0.9798607454226932,0.01010266431875392
6521.0,0.9764914990618042,0.01010266431875392
6522.0,0.9698301184317922,0.01010266431875392
6523.0,0.9647616997824612,0.01010266431875392
6524.0,0.9664458369506232,0.01010266431875392
6525.0,0.9681299741187854,0.01010266431875392
6526.0,0.9775533073573008,0.01010266431875392
6527.0,0.9890349374230373,0.01010266431875392
6528.0,0.9930724522386801,0.01010266431875392
6529.0,0.9854153538991082,0.01010266431875392
6530.0,0.9777582555595362,0.01010266431875392
6531.0,0.9769778117185979,0.01010266431875392
6532.0,0.9762809238253948,0.01010266431875392
6533.0,0.9713542347930699,0.01010266431875392
6534.0,0.9634519801332182,0.01010266431875392
6535.0,0.9580042418273867,0.01010266431875392
6536.0,0.963293033121721,0.01010266431875392
6537.0,0.9685818244160554,0.01010266431875392
6538.0,0.974487480327606,0.01010266431875392
6539.0,0.9805619722735318,0.01010266431875392
6540.0,0.9852124236697734,0.01010266431875392
6541.0,0.9875799600598106,0.01010266431875392
6542.0,0.9899474964498481,0.01010266431875392
6543.0,0.9801113666357533,0.01010266431875392
6544.0,0.9700666271429604,0.01010266431875392
6545.0,0.9696551621285436,0.01010266431875392
6546.0,0.9761558198326333,0.01010266431875392
6547.0,0.9798115429702505,0.01010266431875392
6548.0,0.9706179589931031,0.01010266431875392
6549.0,0.9614243750159558,0.01010266431875392
6550.0,0.9635820907830491,0.01010266431875392
6551.0,0.968935634016583,0.01010266431875392
6552.0,0.975157853992416,0.01010266431875392
6553.0,0.9828012950940973,0.01010266431875392
6554.0,0.9904447361957787,0.01010266431875392
6555.0,0.9857052066220549,0.01010266431875392
6556.0,0.980692188125437,0.01010266431875392
6557.0,0.9760401176358331,0.01010266431875392
6558.0,0.9716521920494906,0.01010266431875392
6559.0,0.9678800441408362,0.01010266431875392
6560.0,0.9669815253947113,0.01010266431875392
6561.0,0.9660830066485865,0.01010266431875392
6562.0,0.9642599703696282,0.01010266431875392
6563.0,0.9621693105943239,0.01010266431875392
6564.0,0.9629317905080511,0.01010266431875392
6565.0,0.9684586479153248,0.01010266431875392
6566.0,0.9739855053225985,0.01010266431875392
6567.0,0.9669007285937843,0.01010266431875392
6568.0,0.9594738360191115,0.01010266431875392
6569.0,0.9584090969420463,0.01010266431875392
6570.0,0.9620926317541676,0.01010266431875392
6571.0,0.9652640457873476,0.01010266431875392
6572.0,0.9659643875305343,0.01010266431875392
6573.0,0.966664729273721,0.01010266431875392
6574.0,0.9601924773357713,0.01010266431875392
6575.0,0.9515863229163587,0.01010266431875392
6576.0,0.950469045943571,0.01010266431875392
6577.0,0.9621169009820657,0.01010266431875392
6578.0,0.9737647560205603,0.01010266431875392
6579.0,0.968500669774276,0.01010266431875392
6580.0,0.9626917130529047,0.01010266431875392
6581.0,0.9591053245292869,0.01010266431875392
6582.0,0.9572105312513154,0.01010266431875392
6583.0,0.956539017898373,0.01010266431875392
6584.0,0.9619751035955897,0.01010266431875392
6585.0,0.9674111892928065,0.01010266431875392
6586.0,0.9714248516439135,0.01010266431875392
6587.0,0.9750037607779496,0.01010266431875392
6588.0,0.9737339842818991,0.01010266431875392
6589.0,0.964026856804567,0.01010266431875392
6590.0,0.9543197293272349,0.01010266431875392
6591.0,0.9585854636832918,0.01010266431875392
6592.0,0.9633732227653768,0.01010266431875392
6593.0,0.9592717961286298,0.01010266431875392
6594.0,0.9482712999787482,0.01010266431875392
6595.0,0.9401970856638573,0.01010266431875392
6596.0,0.9472528322439482,0.01010266431875392
6597.0,0.9543085788240391,0.01010266431875392
6598.0,0.9576379043283716,0.01010266431875392
6599.0,0.9597975803152373,0.01010266431875392
6600.0,0.9587122900412838,0.01010266431875392
6601.0,0.9518617763772754,0.01010266431875392
6602.0,0.945011262713267,0.01010266431875392
6603.0,0.9461652029020144,0.01010266431875392
6604.0,0.94765975814833,0.01010266431875392
6605.0,0.9531655239701238,0.01010266431875392
6606.0,0.961845753215092,0.01010266431875392
6607.0,0.9678099694913083,0.01010266431875392
6608.0,0.9592196735228097,0.01010266431875392
6609.0,0.9506293775543111,0.01010266431875392
6610.0,0.9471817358620723,0.01010266431875392
6611.0,0.9453911716588428,0.01010266431875392
6612.0,0.9450485266051196,0.01010266431875392
6613.0,0.9473326808192466,0.01010266431875392
6614.0,0.9496168350333736,0.01010266431875392
6615.0,0.9594948220728026,0.01010266431875392
6616.0,0.9697357847692903,0.01010266431875392
6617.0,0.9693000535299452,0.01010266431875392
6618.0,0.9602488556005264,0.01010266431875392
6619.0,0.9543505335820909,0.01010266431875392
6620.0,0.965979222533264,0.01010266431875392
6621.0,0.977607911484437,0.01010266431875392
6622.0,0.9712346472772947,0.01010266431875392
6623.0,0.9589086605401772,0.01010266431875392
6624.0,0.9508603606638072,0.01010266431875392
6625.0,0.9507375011698546,0.01010266431875392
6626.0,0.950614641675902,0.01010266431875392
6627.0,0.9491934014318543,0.01010266431875392
6628.0,0.9477032206170055,0.01010266431875392
6629.0,0.9447397958509967,0.01010266431875392
6630.0,0.9405642491470568,0.01010266431875392
6631.0,0.9369040776454138,0.01010266431875392
6632.0,0.9362188361732837,0.01010266431875392
6633.0,0.9355335947011536,0.01010266431875392
6634.0,0.9436368344642777,0.01010266431875392
6635.0,0.9547213757396856,0.01010266431875392
6636.0,0.9586442046624458,0.01010266431875392
6637.0,0.9490144876401055,0.01010266431875392
6638.0,0.939384770617765,0.01010266431875392
6639.0,0.9383774346365579,0.01010266431875392
6640.0,0.9378740751837966,0.01010266431875392
6641.0,0.9399166386837536,0.01010266431875392
6642.0,0.9440948549917288,0.01010266431875392
6643.0,0.9480062154449425,0.01010266431875392
6644.0,0.9503164407695839,0.01010266431875392
6645.0,0.9526266660942254,0.01010266431875392
6646.0,0.9538752806459687,0.01010266431875392
6647.0,0.954754564589018,0.01010266431875392
6648.0,0.9548589657024145,0.01010266431875392
6649.0,0.9534654419091979,0.01010266431875392
6650.0,0.9520719181159814,0.01010266431875392
6651.0,0.944162920927163,0.01010266431875392
6652.0,0.935837865411679,0.01010266431875392
6653.0,0.9358994913831836,0.01010266431875392
6654.0,0.9431336912767545,0.01010266431875392
6655.0,0.9487390912057911,0.01010266431875392
6656.0,0.944175113964963,0.01010266431875392
6657.0,0.939611136724135,0.01010266431875392
6658.0,0.9389859085566903,0.01010266431875392
6659.0,0.9397655436580867,0.01010266431875392
6660.0,0.9398258210238567,0.01010266431875392
6661.0,0.9384653668617647,0.01010266431875392
6662.0,0.9371049126996729,0.01010266431875392
6663.0,0.9303475724721367,0.01010266431875392
6664.0,0.9232161220423722,0.01010266431875392
6665.0,0.9254383954073591,0.01010266431875392
6666.0,0.9358162751372061,0.01010266431875392
6667.0,0.9452891405883939,0.01010266431875392
6668.0,0.9488753365874262,0.01010266431875392
6669.0,0.9524615325864587,0.01010266431875392
6670.0,0.9468028448346711,0.01010266431875392
6671.0,0.9377644700723384,0.01010266431875392
6672.0,0.9338782440733654,0.01010266431875392
6673.0,0.9403896516294548,0.01010266431875392
6674.0,0.9469010591855442,0.01010266431875392
6675.0,0.9378894838266683,0.01010266431875392
6676.0,0.9277161884560915,0.01010266431875392
6677.0,0.9254322684705731,0.01010266431875392
6678.0,0.930161126605095,0.01010266431875392
6679.0,0.934429180934354,0.01010266431875392
6680.0,0.9355706599120411,0.01010266431875392
6681.0,0.9367121388897283,0.01010266431875392
6682.0,0.9386667568302587,0.01010266431875392
6683.0,0.9409259664284872,0.01010266431875392
6684.0,0.9422586114596793,0.01010266431875392
6685.0,0.941680217071358,0.01010266431875392
6686.0,0.9411018226830365,0.01010266431875392
6687.0,0.9335674574124754,0.01010266431875392
6688.0,0.9254737274276513,0.01010266431875392
6689.0,0.922808560131536,0.01010266431875392
6690.0,0.9250626395739144,0.01010266431875392
6691.0,0.926862374970988,0.01010266431875392
6692.0,0.9254420020858138,0.01010266431875392
6693.0,0.9240216292006398,0.01010266431875392
6694.0,0.9227376505351094,0.01010266431875392
6695.0,0.9215060091864191,0.01010266431875392
6696.0,0.9229219373384797,0.01010266431875392
6697.0,0.9299194952215935,0.01010266431875392
6698.0,0.9369170531047072,0.01010266431875392
6699.0,0.9332504012333451,0.01010266431875392
6700.0,0.9286660989789477,0.01010266431875392
6701.0,0.9270030812669057,0.01010266431875392
6702.0,0.9280387097833644,0.01010266431875392
6703.0,0.9280338655815007,0.01010266431875392
6704.0,0.9203148095084218,0.01010266431875392
6705.0,0.9125957534353429,0.01010266431875392
6706.0,0.9127167427494511,0.01010266431875392
6707.0,0.9159186863545072,0.01010266431875392
6708.0,0.9193262725837944,0.01010266431875392
6709.0,0.9231770809842451,0.01010266431875392
6710.0,0.9270278893846957,0.01010266431875392
6711.0,0.9249279418498002,0.01010266431875392
6712.0,0.9222820534034064,0.01010266431875392
6713.0,0.9252512717904525,0.01010266431875392
6714.0,0.9335083763330048,0.01010266431875392
6715.0,0.9387706824356342,0.01010266431875392
6716.0,0.9207681332892207,0.01010266431875392
6717.0,0.9027655841428069,0.01010266431875392
6718.0,0.9035178040310081,0.01010266431875392
6719.0,0.9118161346923733,0.01010266431875392
6720.0,0.9185591367383111,0.01010266431875392
6721.0,0.9218744337971746,0.01010266431875392
6722.0,0.925189730856038,0.01010266431875392
6723.0,0.9179317158651519,0.01010266431875392
6724.0,0.9096428377758671,0.01010266431875392
6725.0,0.9053351175523077,0.01010266431875392
6726.0,0.9048493088798432,0.01010266431875392
6727.0,0.905316864298121,0.01010266431875392
6728.0,0.9135580038408695,0.01010266431875392
6729.0,0.9217991433836179,0.01010266431875392
6730.0,0.9239148656250606,0.01010266431875392
6731.0,0.9235077465034239,0.01010266431875392
6732.0,0.923717923949228,0.01010266431875392
6733.0,0.9253194299864927,0.01010266431875392
6734.0,0.9269209360237576,0.01010266431875392
6735.0,0.9225599512465162,0.01010266431875392
6736.0,0.9175829740407567,0.01010266431875392
6737.0,0.9165338827107393,0.01010266431875392
6738.0,0.9193287081997302,0.01010266431875392
6739.0,0.9218049851038029,0.01010266431875392
6740.0,0.9215497994291503,0.01010266431875392
6741.0,0.9212946137544976,0.01010266431875392
6742.0,0.9188731516449288,0.01010266431875392
6743.0,0.9155386003213231,0.01010266431875392
6744.0,0.9134347320535563,0.01010266431875392
6745.0,0.9141682719423071,0.01010266431875392
6746.0,0.9149018118310579,0.01010266431875392
6747.0,0.9162327593855843,0.01010266431875392
6748.0,0.9176289365387705,0.01010266431875392
6749.0,0.9180614035209432,0.01010266431875392
6750.0,0.9175324713876716,0.01010266431875392
6751.0,0.9168828176538144,0.01010266431875392
6752.0,0.9151423060833458,0.01010266431875392
6753.0,0.9134017945128773,0.01010266431875392
6754.0,0.9136740282247607,0.01010266431875392
6755.0,0.9148143015687242,0.01010266431875392
6756.0,0.9162624589763775,0.01010266431875392
6757.0,0.9184368751632974,0.01010266431875392
6758.0,0.9206112913502174,0.01010266431875392
6759.0,0.9168465767476478,0.01010266431875392
6760.0,0.9123981067931484,0.01010266431875392
6761.0,0.9098569163553945,0.01010266431875392
6762.0,0.9092553322058538,0.01010266431875392
6763.0,0.9088289693424019,0.01010266431875392
6764.0,0.9100749716651655,0.01010266431875392
6765.0,0.9113209739879292,0.01010266431875392
6766.0,0.9137532260595976,0.01010266431875392
6767.0,0.9167088236087233,0.01010266431875392
6768.0,0.918770930332275,0.01010266431875392
6769.0,0.9186762087924609,0.01010266431875392
6770.0,0.918581487252647,0.01010266431875392
6771.0,0.9137123568328828,0.01010266431875392
6772.0,0.9082648996308919,0.01010266431875392
6773.0,0.9024021235247042,0.01010266431875392
6774.0,0.8961087967696665,0.01010266431875392
6775.0,0.8910159176457668,0.01010266431875392
6776.0,0.8980555625805323,0.01010266431875392
6777.0,0.9050952075152977,0.01010266431875392
6778.0,0.9059869798323276,0.01010266431875392
6779.0,0.9041047120657536,0.01010266431875392
6780.0,0.9033549248121996,0.01010266431875392
6781.0,0.9054033081595635,0.01010266431875392
6782.0,0.9074516915069274,0.01010266431875392
6783.0,0.8981366030183883,0.01010266431875392
6784.0,0.8873760932137763,0.01010266431875392
6785.0,0.8845077709886221,0.01010266431875392
6786.0,0.8899798346499014,0.01010266431875392
6787.0,0.8945270173330978,0.01010266431875392
6788.0,0.8891480126177913,0.01010266431875392
6789.0,0.8837690079024848,0.01010266431875392
6790.0,0.882535150523526,0.01010266431875392
6791.0,0.8832138786699335,0.01010266431875392
6792.0,0.8847318051082025,0.01010266431875392
6793.0,0.8883726187508877,0.01010266431875392
6794.0,0.8920134323935727,0.01010266431875392
6795.0,0.8958564600822635,0.01010266431875392
6796.0,0.8997264496437551,0.01010266431875392
6797.0,0.898522921652856,0.01010266431875392
6798.0,0.891853659041937,0.01010266431875392
6799.0,0.8857537011157675,0.01010266431875392
6800.0,0.8861625101823972,0.01010266431875392
6801.0,0.8865713192490272,0.01010266431875392
6802.0,0.8872818090702723,0.01010266431875392
6803.0,0.8881346111909565,0.01010266431875392
6804.0,0.8883019504534545,0.01010266431875392
6805.0,0.8866935863634967,0.01010266431875392
6806.0,0.885085222273539,0.01010266431875392
6807.0,0.881275245029045,0.01010266431875392
6808.0,0.8771580659490356,0.01010266431875392
6809.0,0.8765253641467363,0.01010266431875392
6810.0,0.8797194434353228,0.01010266431875392
6811.0,0.8828298268772166,0.01010266431875392
6812.0,0.8849172610817472,0.01010266431875392
6813.0,0.8870046952862776,0.01010266431875392
6814.0,0.8831315991538133,0.01010266431875392
6815.0,0.8763842971115166,0.01010266431875392
6816.0,0.8732150866373741,0.01010266431875392
6817.0,0.8795403735260772,0.01010266431875392
6818.0,0.8858656604147804,0.01010266431875392
6819.0,0.8797441872524043,0.01010266431875392
6820.0,0.8718079182641628,0.01010266431875392
6821.0,0.8732595344834393,0.01010266431875392
6822.0,0.8852217600953404,0.01010266431875392
6823.0,0.8957735987743023,0.01010266431875392
6824.0,0.8878230732821393,0.01010266431875392
6825.0,0.8798725477899763,0.01010266431875392
6826.0,0.881631876937119,0.01010266431875392
6827.0,0.8881765287111522,0.01010266431875392
6828.0,0.8925584268580656,0.01010266431875392
6829.0,0.8910603385812715,0.01010266431875392
6830.0,0.8895622503044774,0.01010266431875392
6831.0,0.8794732807214493,0.01010266431875392
6832.0,0.8680772614237834,0.01010266431875392
6833.0,0.8643462007866878,0.01010266431875392
6834.0,0.8693638333251582,0.01010266431875392
6835.0,0.8745237369759902,0.01010266431875392
6836.0,0.8816961301798553,0.01010266431875392
6837.0,0.8888685233837204,0.01010266431875392
6838.0,0.883789739521464,0.01010266431875392
6839.0,0.8725411390501163,0.01010266431875392
6840.0,0.8664915582153527,0.01010266431875392
6841.0,0.8749283366406885,0.01010266431875392
6842.0,0.8833651150660241,0.01010266431875392
6843.0,0.8763696563024509,0.01010266431875392
6844.0,0.866927361600715,0.01010266431875392
6845.0,0.8639168678485853,0.01010266431875392
6846.0,0.8683906515650811,0.01010266431875392
6847.0,0.8722068608286465,0.01010266431875392
6848.0,0.8659402618140647,0.01010266431875392
6849.0,0.8596736627994829,0.01010266431875392
6850.0,0.8651531100217914,0.01010266431875392
6851.0,0.8766764319441673,0.01010266431875392
6852.0,0.8837320239653778,0.01010266431875392
6853.0,0.8780256282596299,0.01010266431875392
6854.0,0.8723192325538822,0.01010266431875392
6855.0,0.8739609816718732,0.01010266431875392
6856.0,0.8768154316139202,0.01010266431875392
6857.0,0.8769586913993721,0.01010266431875392
6858.0,0.8738855261171651,0.01010266431875392
6859.0,0.8705760759781968,0.01010266431875392
6860.0,0.8633151386602093,0.01010266431875392
6861.0,0.8560542013422217,0.01010266431875392
6862.0,0.8533157086664508,0.01010266431875392
6863.0,0.8529543984308232,0.01010266431875392
6864.0,0.8525792444110983,0.01010266431875392
6865.0,0.8521635385521076,0.01010266431875392
6866.0,0.8517478326931168,0.01010266431875392
6867.0,0.8503687858071507,0.01010266431875392
6868.0,0.8488244398982724,0.01010266431875392
6869.0,0.85032774864909,0.01010266431875392
6870.0,0.8555173452641543,0.01010266431875392
6871.0,0.8610067217450657,0.01010266431875392
6872.0,0.8720036818078626,0.01010266431875392
6873.0,0.8830006418706594,0.01010266431875392
6874.0,0.8827028045813478,0.01010266431875392
6875.0,0.8763407864258681,0.01010266431875392
6876.0,0.8704547030285724,0.01010266431875392
6877.0,0.8659987120537007,0.01010266431875392
6878.0,0.8615427210788291,0.01010266431875392
6879.0,0.863826588558275,0.01010266431875392
6880.0,0.8673116189305695,0.01010266431875392
6881.0,0.870159070322817,0.01010266431875392
6882.0,0.8722202312839084,0.01010266431875392
6883.0,0.8741102730483443,0.01010266431875392
6884.0,0.872516503475743,0.01010266431875392
6885.0,0.8709227339031417,0.01010266431875392
6886.0,0.870149461702488,0.01010266431875392
6887.0,0.8698260904771579,0.01010266431875392
6888.0,0.8672906011295148,0.01010266431875392
6889.0,0.8579344142381047,0.01010266431875392
6890.0,0.8485782273466944,0.01010266431875392
6891.0,0.8491122189735562,0.01010266431875392
6892.0,0.851475119856992,0.01010266431875392
6893.0,0.8515040110183146,0.01010266431875392
6894.0,0.8485979956455969,0.01010266431875392
6895.0,0.8461063907116504,0.01010266431875392
6896.0,0.8530633437816058,0.01010266431875392
6897.0,0.8600202968515612,0.01010266431875392
6898.0,0.8635123060308422,0.01010266431875392
6899.0,0.8650642061777107,0.01010266431875392
6900.0,0.8629252795546215,0.01010266431875392
6901.0,0.8491048862046366,0.01010266431875392
6902.0,0.8352844928546518,0.01010266431875392
6903.0,0.8391782217849999,0.01010266431875392
6904.0,0.8464677910380479,0.01010266431875392
6905.0,0.8511397166365247,0.01010266431875392
6906.0,0.8524553210559934,0.01010266431875392
6907.0,0.8535507203103974,0.01010266431875392
6908.0,0.8489491988429163,0.01010266431875392
6909.0,0.8443476773754354,0.01010266431875392
6910.0,0.8441967981169618,0.01010266431875392
6911.0,0.8465903426119368,0.01010266431875392
6912.0,0.848187766825743,0.01010266431875392
6913.0,0.8471978001257477,0.01010266431875392
6914.0,0.8462078334257526,0.01010266431875392
6915.0,0.8421386156650428,0.01010266431875392
6916.0,0.8374579782692569,0.01010266431875392
6917.0,0.8322249463710959,0.01010266431875392
6918.0,0.8262696701374215,0.01010266431875392
6919.0,0.8208954683501075,0.01010266431875392
6920.0,0.8328674148503417,0.01010266431875392
6921.0,0.8448393613505758,0.01010266431875392
6922.0,0.8492270407212124,0.01010266431875392
6923.0,0.8491881611397781,0.01010266431875392
6924.0,0.8502602466484085,0.01010266431875392
6925.0,0.8550413354004284,0.01010266431875392
6926.0,0.8598224241524483,0.01010266431875392
6927.0,0.8492639857935232,0.01010266431875392
6928.0,0.8355532857128256,0.01010266431875392
6929.0,0.8296442501786057,0.01010266431875392
6930.0,0.8341374340396837,0.01010266431875392
6931.0,0.8384801642965223,0.01010266431875392
6932.0,0.837524311099641,0.01010266431875392
6933.0,0.8365684579027598,0.01010266431875392
6934.0,0.8329640255468339,0.01010266431875392
6935.0,0.8277816082896388,0.01010266431875392
6936.0,0.8244474362700328,0.01010266431875392
6937.0,0.8274543183900085,0.01010266431875392
6938.0,0.8304612005099843,0.01010266431875392
6939.0,0.8305468222929362,0.01010266431875392
6940.0,0.8300116231017902,0.01010266431875392
6941.0,0.8308813914118938,0.01010266431875392
6942.0,0.8336615971174673,0.01010266431875392
6943.0,0.8363105208345906,0.01010266431875392
6944.0,0.8333350477833797,0.01010266431875392
6945.0,0.8303595747321689,0.01010266431875392
6946.0,0.833878142987446,0.01010266431875392
6947.0,0.8413457904155792,0.01010266431875392
6948.0,0.8451480764573226,0.01010266431875392
6949.0,0.8360219954351149,0.01010266431875392
6950.0,0.8268959144129071,0.01010266431875392
6951.0,0.8245969154770092,0.01010266431875392
6952.0,0.8237972757108674,0.01010266431875392
6953.0,0.8229265912805455,0.01010266431875392
6954.0,0.8219573807256872,0.01010266431875392
6955.0,0.8210136342454232,0.01010266431875392
6956.0,0.8214585286329887,0.01010266431875392
6957.0,0.8219034230205543,0.01010266431875392
6958.0,0.8223804436814757,0.01010266431875392
6959.0,0.8228774026326705,0.01010266431875392
6960.0,0.8251300044458385,0.01010266431875392
6961.0,0.8337516884193731,0.01010266431875392
6962.0,0.8423733723929075,0.01010266431875392
6963.0,0.8356247007831008,0.01010266431875392
6964.0,0.8253899691440804,0.01010266431875392
6965.0,0.8155569782397398,0.01010266431875392
6966.0,0.8062922466934382,0.01010266431875392
6967.0,0.7973304813918772,0.01010266431875392
6968.0,0.8110085572868413,0.01010266431875392
6969.0,0.8246866331818055,0.01010266431875392
6970.0,0.8276085487702389,0.01010266431875392
6971.0,0.8237182294978788,0.01010266431875392
6972.0,0.821147604052476,0.01010266431875392
6973.0,0.823503335677027,0.01010266431875392
6974.0,0.825859067301578,0.01010266431875392
6975.0,0.8247182128773259,0.01010266431875392
6976.0,0.8227588983112815,0.01010266431875392
6977.0,0.8168063743537994,0.01010266431875392
6978.0,0.8050923869928527,0.01010266431875392
6979.0,0.7935573195575709,0.01010266431875392
6980.0,0.8031348033501086,0.01010266431875392
6981.0,0.8127122871426461,0.01010266431875392
6982.0,0.8178220586010783,0.01010266431875392
6983.0,0.8200445930372697,0.01010266431875392
6984.0,0.8213607125831158,0.01010266431875392
6985.0,0.8191934586259532,0.01010266431875392
6986.0,0.8170262046687907,0.01010266431875392
6987.0,0.8193342064639805,0.01010266431875392
6988.0,0.8227226723901361,0.01010266431875392
6989.0,0.8189257075978381,0.01010266431875392
6990.0,0.8045531533801688,0.01010266431875392
6991.0,0.7902522781026544,0.01010266431875392
6992.0,0.795782576269602,0.01010266431875392
6993.0,0.8013128744365496,0.01010266431875392
6994.0,0.8026699051743764,0.01010266431875392
6995.0,0.8012752396591392,0.01010266431875392
6996.0,0.8000679484406487,0.01010266431875392
6997.0,0.7996023471467775,0.01010266431875392
6998.0,0.7991367458529062,0.01010266431875392
6999.0,0.8050274269678072,0.01010266431875392
7000.0,0.8125000314408121,0.01010266431875392
7001.0,0.8155369474387004,0.01010266431875392
7002.0,0.8119136705309988,0.01010266431875392
7003.0,0.8082903936232972,0.01010266431875392
7004.0,0.8074372941692685,0.01010266431875392
7005.0,0.8065875242554482,0.01010266431875392
7006.0,0.8096945842550933,0.01010266431875392
7007.0,0.8154633671884893,0.01010266431875392
7008.0,0.8186612562221625,0.01010266431875392
7009.0,0.8113717792868477,0.01010266431875392
7010.0,0.8040823023515328,0.01010266431875392
7011.0,0.8038152889631769,0.01010266431875392
7012.0,0.8053489072535328,0.01010266431875392
7013.0,0.8060083570691001,0.01010266431875392
7014.0,0.805328655178608,0.01010266431875392
7015.0,0.804648953288116,0.01010266431875392
7016.0,0.8052356207773209,0.01010266431875392
7017.0,0.8058299354246151,0.01010266431875392
7018.0,0.8023804656993271,0.01010266431875392
7019.0,0.7961560103418523,0.01010266431875392
7020.0,0.7931979848509372,0.01010266431875392
7021.0,0.8039793799862001,0.01010266431875392
7022.0,0.8147607751214627,0.01010266431875392
7023.0,0.8151310846401063,0.01010266431875392
7024.0,0.8127524883965463,0.01010266431875392
7025.0,0.8073417626781566,0.01010266431875392
7026.0,0.797191585349887,0.01010266431875392
7027.0,0.7870414080216174,0.01010266431875392
7028.0,0.7914263597062967,0.01010266431875392
7029.0,0.7959700688680467,0.01010266431875392
7030.0,0.7973481606397496,0.01010266431875392
7031.0,0.7965103202384229,0.01010266431875392
7032.0,0.7970436515116796,0.01010266431875392
7033.0,0.8035275162701501,0.01010266431875392
7034.0,0.8100113810286206,0.01010266431875392
7035.0,0.8121812512251232,0.01010266431875392
7036.0,0.8131787687009713,0.01010266431875392
7037.0,0.8084653379659004,0.01010266431875392
7038.0,0.7946428558788639,0.01010266431875392
7039.0,0.7808203737918274,0.01010266431875392
7040.0,0.7866949048658113,0.01010266431875392
7041.0,0.7928817056606341,0.01010266431875392
7042.0,0.7953235579022914,0.01010266431875392
7043.0,0.7950915476996083,0.01010266431875392
7044.0,0.7947655339951066,0.01010266431875392
7045.0,0.7940183598646947,0.01010266431875392
7046.0,0.7932711857342828,0.01010266431875392
7047.0,0.7941612077455268,0.01010266431875392
7048.0,0.7955089405060489,0.01010266431875392
7049.0,0.792537365938631,0.01010266431875392
7050.0,0.7825349945850466,0.01010266431875392
7051.0,0.7725326232314621,0.01010266431875392
7052.0,0.779326745195796,0.01010266431875392
7053.0,0.7864707941042572,0.01010266431875392
7054.0,0.791777409175598,0.01010266431875392
7055.0,0.7957459759547632,0.01010266431875392
7056.0,0.797159228634804,0.01010266431875392
7057.0,0.7867455207885451,0.01010266431875392
7058.0,0.776331812942286,0.01010266431875392
7059.0,0.77849912762721,0.01010266431875392
7060.0,0.7842832432252674,0.01010266431875392
7061.0,0.7852153112069092,0.01010266431875392
7062.0,0.7780864694104698,0.01010266431875392
7063.0,0.7709576276140305,0.01010266431875392
7064.0,0.7731012238141787,0.01010266431875392
7065.0,0.7754846244452714,0.01010266431875392
7066.0,0.7770662122240541,0.01010266431875392
7067.0,0.7780523113782146,0.01010266431875392
7068.0,0.7787069243778131,0.01010266431875392
7069.0,0.7777754682073216,0.01010266431875392
7070.0,0.77684401203683,0.01010266431875392
7071.0,0.7779297374874653,0.01010266431875392
7072.0,0.7796115197157286,0.01010266431875392
7073.0,0.7817293606509294,0.01010266431875392
7074.0,0.784586666836729,0.01010266431875392
7075.0,0.7874439730225286,0.01010266431875392
7076.0,0.7867465860443902,0.01010266431875392
7077.0,0.7859392147480625,0.01010266431875392
7078.0,0.7784750694764656,0.01010266431875392
7079.0,0.7659691903290855,0.01010266431875392
7080.0,0.756148127269274,0.01010266431875392
7081.0,0.7596169038429667,0.01010266431875392
7082.0,0.7630856804166591,0.01010266431875392
7083.0,0.7659994153354271,0.01010266431875392
7084.0,0.7687446399552036,0.01010266431875392
7085.0,0.7706072383416844,0.01010266431875392
7086.0,0.7709418804947908,0.01010266431875392
7087.0,0.7712765226478973,0.01010266431875392
7088.0,0.7722838073722955,0.01010266431875392
7089.0,0.7733153540799859,0.01010266431875392
7090.0,0.7701416165738508,0.01010266431875392
7091.0,0.7637199680685328,0.01010266431875392
7092.0,0.7597032258769629,0.01010266431875392
7093.0,0.7680116285433555,0.01010266431875392
7094.0,0.776320031209748,0.01010266431875392
7095.0,0.7816060922904342,0.01010266431875392
7096.0,0.785949753947548,0.01010266431875392
7097.0,0.7859999675702826,0.01010266431875392
7098.0,0.7784617614113516,0.01010266431875392
7099.0,0.7709235552524206,0.01010266431875392
7100.0,0.769022485376405,0.01010266431875392
7101.0,0.7673539473720576,0.01010266431875392
7102.0,0.7670620054356031,0.01010266431875392
7103.0,0.7678542067543349,0.01010266431875392
7104.0,0.768433197621873,0.01010266431875392
7105.0,0.7678799117751214,0.01010266431875392
7106.0,0.7673266259283695,0.01010266431875392
7107.0,0.7651144172158516,0.01010266431875392
7108.0,0.7623711428632651,0.01010266431875392
7109.0,0.7611273388919743,0.01010266431875392
7110.0,0.7625896498175634,0.01010266431875392
7111.0,0.7640519607431526,0.01010266431875392
7112.0,0.7588171268456779,0.01010266431875392
7113.0,0.7532709935029089,0.01010266431875392
7114.0,0.7478143550830249,0.01010266431875392
7115.0,0.7424295837981845,0.01010266431875392
7116.0,0.7385282575399057,0.01010266431875392
7117.0,0.7427974683419406,0.01010266431875392
7118.0,0.7470666791439756,0.01010266431875392
7119.0,0.7465450171345632,0.01010266431875392
7120.0,0.7444493203577558,0.01010266431875392
7121.0,0.7434443512254786,0.01010266431875392
7122.0,0.7444495968646929,0.01010266431875392
7123.0,0.745454842503907,0.01010266431875392
7124.0,0.7507865730972885,0.01010266431875392
7125.0,0.7563422757653164,0.01010266431875392
7126.0,0.7594716013434194,0.01010266431875392
7127.0,0.7606142644570695,0.01010266431875392
7128.0,0.7601126753154286,0.01010266431875392
7129.0,0.7502096761012115,0.01010266431875392
7130.0,0.7403066768869943,0.01010266431875392
7131.0,0.7337989728926857,0.01010266431875392
7132.0,0.7284357504331795,0.01010266431875392
7133.0,0.7299616339641695,0.01010266431875392
7134.0,0.7444552464184373,0.01010266431875392
7135.0,0.7589488588727051,0.01010266431875392
7136.0,0.7577255109712745,0.01010266431875392
7137.0,0.7556046209175616,0.01010266431875392
7138.0,0.7532700988639343,0.01010266431875392
7139.0,0.750757236440334,0.01010266431875392
7140.0,0.747838227320744,0.01010266431875392
7141.0,0.742506029915808,0.01010266431875392
7142.0,0.737173832510872,0.01010266431875392
7143.0,0.7355095263002237,0.01010266431875392
7144.0,0.7351132794039167,0.01010266431875392
7145.0,0.7352248382009922,0.01010266431875392
7146.0,0.7363128093488504,0.01010266431875392
7147.0,0.7374007804967085,0.01010266431875392
7148.0,0.7376608676423422,0.01010266431875392
7149.0,0.7378692120378368,0.01010266431875392
7150.0,0.7385546071172225,0.01010266431875392
7151.0,0.739646025334232,0.01010266431875392
7152.0,0.7402337978889032,0.01010266431875392
7153.0,0.7377085192375715,0.01010266431875392
7154.0,0.7351832405862399,0.01010266431875392
7155.0,0.7342899604697593,0.01010266431875392
7156.0,0.7339751773948991,0.01010266431875392
7157.0,0.731294676719806,0.01010266431875392
7158.0,0.7239669300827077,0.01010266431875392
7159.0,0.7166391834456095,0.01010266431875392
7160.0,0.7236055104823468,0.01010266431875392
7161.0,0.7315431014994785,0.01010266431875392
7162.0,0.7326690933539934,0.01010266431875392
7163.0,0.7278845720337702,0.01010266431875392
7164.0,0.7241513149508239,0.01010266431875392
7165.0,0.7271855713953236,0.01010266431875392
7166.0,0.7302198278398234,0.01010266431875392
7167.0,0.7306299695797742,0.01010266431875392
7168.0,0.7300866686611206,0.01010266431875392
7169.0,0.7305415509939441,0.01010266431875392
7170.0,0.7330000069290072,0.01010266431875392
7171.0,0.7354584628640704,0.01010266431875392
7172.0,0.7310405369836988,0.01010266431875392
7173.0,0.7261175160472957,0.01010266431875392
7174.0,0.7227918598831694,0.01010266431875392
7175.0,0.7208792571714399,0.01010266431875392
7176.0,0.7193549020439395,0.01010266431875392
7177.0,0.7204368385698107,0.01010266431875392
7178.0,0.7215187750956819,0.01010266431875392
7179.0,0.7240720731878411,0.01010266431875392
7180.0,0.7271731928845812,0.01010266431875392
7181.0,0.7278143747829589,0.01010266431875392
7182.0,0.7234095304282814,0.01010266431875392
7183.0,0.7190046860736041,0.01010266431875392
7184.0,0.7171841045855066,0.01010266431875392
7185.0,0.7155677200337573,0.01010266431875392
7186.0,0.717309853963549,0.01010266431875392
7187.0,0.7220807888070502,0.01010266431875392
7188.0,0.7249575139268023,0.01010266431875392
7189.0,0.7145565574253041,0.01010266431875392
7190.0,0.7041556009238058,0.01010266431875392
7191.0,0.7073450243449871,0.01010266431875392
7192.0,0.7157181747681919,0.01010266431875392
7193.0,0.7202392835133119,0.01010266431875392
7194.0,0.7166839926062476,0.01010266431875392
7195.0,0.7131287016991832,0.01010266431875392
7196.0,0.7157045733353878,0.01010266431875392
7197.0,0.7187993584680885,0.01010266431875392
7198.0,0.7227640179661385,0.01010266431875392
7199.0,0.7275284006710413,0.01010266431875392
7200.0,0.730308535998966,0.01010266431875392
7201.0,0.7185441380536008,0.01010266431875392
7202.0,0.7067797401082357,0.01010266431875392
7203.0,0.7075820236435006,0.01010266431875392
7204.0,0.713293494935803,0.01010266431875392
7205.0,0.7147437827386434,0.01010266431875392
7206.0,0.7070606659301332,0.01010266431875392
7207.0,0.6993775491216229,0.01010266431875392
7208.0,0.7025961872559876,0.01010266431875392
7209.0,0.7067994079702702,0.01010266431875392
7210.0,0.7080385715590085,0.01010266431875392
7211.0,0.7064997932370581,0.01010266431875392
7212.0,0.7046673996653635,0.01010266431875392
7213.0,0.7005808973534468,0.01010266431875392
7214.0,0.69649439504153,0.01010266431875392
7215.0,0.7009254815849442,0.01010266431875392
7216.0,0.708763603670482,0.01010266431875392
7217.0,0.7113947517806822,0.01010266431875392
7218.0,0.7026144473472334,0.01010266431875392
7219.0,0.6938341429137848,0.01010266431875392
7220.0,0.6986806468885843,0.01010266431875392
7221.0,0.7048360416710251,0.01010266431875392
7222.0,0.7102768297434633,0.01010266431875392
7223.0,0.7150348832361572,0.01010266431875392
7224.0,0.719027411902247,0.01010266431875392
7225.0,0.7168541373453908,0.01010266431875392
7226.0,0.7146808627885348,0.01010266431875392
7227.0,0.7101839988793227,0.01010266431875392
7228.0,0.7047356821388623,0.01010266431875392
7229.0,0.7009953409634074,0.01010266431875392
7230.0,0.7010829917157393,0.01010266431875392
7231.0,0.7011706424680714,0.01010266431875392
7232.0,0.6957812202061073,0.01010266431875392
7233.0,0.6898339479149094,0.01010266431875392
7234.0,0.6884183696912181,0.01010266431875392
7235.0,0.6914163608081488,0.01010266431875392
7236.0,0.6944409742048127,0.01010266431875392
7237.0,0.697690969401487,0.01010266431875392
7238.0,0.7009409645981615,0.01010266431875392
7239.0,0.7009705970171374,0.01010266431875392
7240.0,0.6996506395837924,0.01010266431875392
7241.0,0.6967952518134697,0.01010266431875392
7242.0,0.6904199051678608,0.01010266431875392
7243.0,0.6840445585222518,0.01010266431875392
7244.0,0.6821883980125466,0.01010266431875392
7245.0,0.6808190115414146,0.01010266431875392
7246.0,0.684711847430724,0.01010266431875392
7247.0,0.6938291385343311,0.01010266431875392
7248.0,0.7013144856824535,0.01010266431875392
7249.0,0.6942483325608843,0.01010266431875392
7250.0,0.6871821794393149,0.01010266431875392
7251.0,0.6815208925505238,0.01010266431875392
7252.0,0.6764620354356518,0.01010266431875392
7253.0,0.6760089224886151,0.01010266431875392
7254.0,0.6863580368267694,0.01010266431875392
7255.0,0.6967071511649238,0.01010266431875392
7256.0,0.6980016224634549,0.01010266431875392
7257.0,0.698267157052946,0.01010266431875392
7258.0,0.6964090369718353,0.01010266431875392
7259.0,0.6924016142168568,0.01010266431875392
7260.0,0.6891936819392854,0.01010266431875392
7261.0,0.6935109537803295,0.01010266431875392
7262.0,0.6978282256213736,0.01010266431875392
7263.0,0.6943375704006265,0.01010266431875392
7264.0,0.6874216760197879,0.01010266431875392
7265.0,0.6806765169469174,0.01010266431875392
7266.0,0.6743411226131693,0.01010266431875392
7267.0,0.6680057282794212,0.01010266431875392
7268.0,0.6771585163707251,0.01010266431875392
7269.0,0.6881640574671731,0.01010266431875392
7270.0,0.6880444018288353,0.01010266431875392
7271.0,0.6764467993153264,0.01010266431875392
7272.0,0.6666467688695509,0.01010266431875392
7273.0,0.674751502308933,0.01010266431875392
7274.0,0.682856235748315,0.01010266431875392
7275.0,0.6842137382961402,0.01010266431875392
7276.0,0.6825437876787182,0.01010266431875392
7277.0,0.6799698476148082,0.01010266431875392
7278.0,0.6751753193669948,0.01010266431875392
7279.0,0.6703807911191815,0.01010266431875392
7280.0,0.6702839059609145,0.01010266431875392
7281.0,0.6707774002720114,0.01010266431875392
7282.0,0.6748159726347049,0.01010266431875392
7283.0,0.6825829891551108,0.01010266431875392
7284.0,0.6894315412564681,0.01010266431875392
7285.0,0.686572434706554,0.01010266431875392
7286.0,0.68371332815664,0.01010266431875392
7287.0,0.6785960746102947,0.01010266431875392
7288.0,0.67244268356296,0.01010266431875392
7289.0,0.6690538249633966,0.01010266431875392
7290.0,0.6726171239118298,0.01010266431875392
7291.0,0.676180422860263,0.01010266431875392
7292.0,0.673739566470567,0.01010266431875392
7293.0,0.6705074015648406,0.01010266431875392
7294.0,0.6677074451871325,0.01010266431875392
7295.0,0.6653708765596126,0.01010266431875392
7296.0,0.6628799550640099,0.01010266431875392
7297.0,0.6586525638024974,0.01010266431875392
7298.0,0.654425172540985,0.01010266431875392
7299.0,0.6556672898437805,0.01010266431875392
7300.0,0.6594753494359995,0.01010266431875392
7301.0,0.6623170789066942,0.01010266431875392
7302.0,0.662670404630974,0.01010266431875392
7303.0,0.6630237303552539,0.01010266431875392
7304.0,0.6665146610097284,0.01010266431875392
7305.0,0.6704385125630399,0.01010266431875392
7306.0,0.6724160299430328,0.01010266431875392
7307.0,0.6722662725356123,0.01010266431875392
7308.0,0.6719637279501064,0.01010266431875392
7309.0,0.6698253499279274,0.01010266431875392
7310.0,0.6676869719057484,0.01010266431875392
7311.0,0.6699078527315442,0.01010266431875392
7312.0,0.674219319505748,0.01010266431875392
7313.0,0.6746124091807325,0.01010266431875392
7314.0,0.6646705653713297,0.01010266431875392
7315.0,0.654728721561927,0.01010266431875392
7316.0,0.6506302348677125,0.01010266431875392
7317.0,0.6473745400651058,0.01010266431875392
7318.0,0.6446443805330881,0.01010266431875392
7319.0,0.6424997793355584,0.01010266431875392
7320.0,0.6407342444761285,0.01010266431875392
7321.0,0.6438523476058962,0.01010266431875392
7322.0,0.6469704507356638,0.01010266431875392
7323.0,0.6457114448843998,0.01010266431875392
7324.0,0.6423069509100569,0.01010266431875392
7325.0,0.641017795514981,0.01010266431875392
7326.0,0.6454447550363042,0.01010266431875392
7327.0,0.6498717145576273,0.01010266431875392
7328.0,0.6454712526358997,0.01010266431875392
7329.0,0.6397418004692954,0.01010266431875392
7330.0,0.6390224927460281,0.01010266431875392
7331.0,0.6439941952494282,0.01010266431875392
7332.0,0.6479901335803384,0.01010266431875392
7333.0,0.6384473440179929,0.01010266431875392
7334.0,0.6289045544556472,0.01010266431875392
7335.0,0.6359550861497067,0.01010266431875392
7336.0,0.651317227410014,0.01010266431875392
7337.0,0.6612109503432296,0.01010266431875392
7338.0,0.6559613609860504,0.01010266431875392
7339.0,0.6507117716288713,0.01010266431875392
7340.0,0.6472417615944527,0.01010266431875392
7341.0,0.6440510466481902,0.01010266431875392
7342.0,0.6424351414205188,0.01010266431875392
7343.0,0.64264291480479,0.01010266431875392
7344.0,0.6428947726651578,0.01010266431875392
7345.0,0.6438087454453533,0.01010266431875392
7346.0,0.6447227182255485,0.01010266431875392
7347.0,0.6469181973182511,0.01010266431875392
7348.0,0.6497695471552855,0.01010266431875392
7349.0,0.6500639483174516,0.01010266431875392
7350.0,0.6430999145315914,0.01010266431875392
7351.0,0.6361358807457311,0.01010266431875392
7352.0,0.6441571573112117,0.01010266431875392
7353.0,0.6546271507916447,0.01010266431875392
7354.0,0.6583491444526747,0.01010266431875392
7355.0,0.6541042587457868,0.01010266431875392
7356.0,0.6497857884066012,0.01010266431875392
7357.0,0.644263902726712,0.01010266431875392
7358.0,0.6387420170468227,0.01010266431875392
7359.0,0.6346200293453679,0.01010266431875392
7360.0,0.6312299809891289,0.01010266431875392
7361.0,0.6309671396461362,0.01010266431875392
7362.0,0.6398069666046116,0.01010266431875392
7363.0,0.648646793563087,0.01010266431875392
7364.0,0.6373962425801164,0.01010266431875392
7365.0,0.6227314560200304,0.01010266431875392
7366.0,0.6194188441225895,0.01010266431875392
7367.0,0.629770886911617,0.01010266431875392
7368.0,0.6394337529341816,0.01010266431875392
7369.0,0.636738426485505,0.01010266431875392
7370.0,0.6340431000368285,0.01010266431875392
7371.0,0.6317127103324806,0.01010266431875392
7372.0,0.6295772223884553,0.01010266431875392
7373.0,0.6258912476376303,0.01010266431875392
7374.0,0.6175760682579009,0.01010266431875392
7375.0,0.6092608888781714,0.01010266431875392
7376.0,0.6157799799280346,0.01010266431875392
7377.0,0.6249181158983597,0.01010266431875392
7378.0,0.6265355508619322,0.01010266431875392
7379.0,0.6189230345899582,0.01010266431875392
7380.0,0.6117474111353702,0.01010266431875392
7381.0,0.6132331877854853,0.01010266431875392
7382.0,0.6147189644356003,0.01010266431875392
7383.0,0.617113954324821,0.01010266431875392
7384.0,0.6200048787080985,0.01010266431875392
7385.0,0.6229117401513304,0.01010266431875392
7386.0,0.6258674234172511,0.01010266431875392
7387.0,0.6288231066831719,0.01010266431875392
7388.0,0.6311987102875517,0.01010266431875392
7389.0,0.6334680208857688,0.01010266431875392
7390.0,0.6315816961824109,0.01010266431875392
7391.0,0.6244952116287003,0.01010266431875392
7392.0,0.6176163275937527,0.01010266431875392
7393.0,0.6153334883769515,0.01010266431875392
7394.0,0.6130506491601502,0.01010266431875392
7395.0,0.6175415413015247,0.01010266431875392
7396.0,0.6258054651152923,0.01010266431875392
7397.0,0.6320574573360538,0.01010266431875392
7398.0,0.6319833760902569,0.01010266431875392
7399.0,0.6319092948444599,0.01010266431875392
7400.0,0.622591387883586,0.01010266431875392
7401.0,0.6115171540368444,0.01010266431875392
7402.0,0.6080758051231292,0.01010266431875392
7403.0,0.6143736837059183,0.01010266431875392
7404.0,0.6203841246303549,0.01010266431875392
7405.0,0.6191996416692731,0.01010266431875392
7406.0,0.6180151587081912,0.01010266431875392
7407.0,0.6169498403625179,0.01010266431875392
7408.0,0.6159522954892613,0.01010266431875392
7409.0,0.6127325771417352,0.01010266431875392
7410.0,0.6023387352935089,0.01010266431875392
7411.0,0.5919448934452827,0.01010266431875392
7412.0,0.5942304798820877,0.01010266431875392
7413.0,0.5990118733232713,0.01010266431875392
7414.0,0.6021168932642591,0.01010266431875392
7415.0,0.6030407753085881,0.01010266431875392
7416.0,0.6038963202080068,0.01010266431875392
7417.0,0.6027871721912583,0.01010266431875392
7418.0,0.6016780241745098,0.01010266431875392
7419.0,0.6056997429329136,0.01010266431875392
7420.0,0.6127006746575399,0.01010266431875392
7421.0,0.6173598688124682,0.01010266431875392
7422.0,0.614253715586018,0.01010266431875392
7423.0,0.6111475623595677,0.01010266431875392
7424.0,0.6093472845248962,0.01010266431875392
7425.0,0.6078130882368145,0.01010266431875392
7426.0,0.6047589397702758,0.01010266431875392
7427.0,0.5996880949775728,0.01010266431875392
7428.0,0.5947139004029179,0.01010266431875392
7429.0,0.5929976235949114,0.01010266431875392
7430.0,0.591281346786905,0.01010266431875392
7431.0,0.5954848448235665,0.01010266431875392
7432.0,0.6031971960186352,0.01010266431875392
7433.0,0.6080221828605585,0.01010266431875392
7434.0,0.6030087430177152,0.01010266431875392
7435.0,0.5979953031748718,0.01010266431875392
7436.0,0.5928576023480981,0.01010266431875392
7437.0,0.5876937127965136,0.01010266431875392
7438.0,0.5868840595643349,0.01010266431875392
7439.0,0.591966155476201,0.01010266431875392
7440.0,0.5967762124513779,0.01010266431875392
7441.0,0.5905278866501065,0.01010266431875392
7442.0,0.584279560848835,0.01010266431875392
7443.0,0.5859992780961032,0.01010266431875392
7444.0,0.5925397381511501,0.01010266431875392
7445.0,0.5968882060541414,0.01010266431875392
7446.0,0.59355877712186,0.01010266431875392
7447.0,0.5902293481895786,0.01010266431875392
7448.0,0.5897216622510271,0.01010266431875392
7449.0,0.5898286542453188,0.01010266431875392
7450.0,0.5894816862934553,0.01010266431875392
7451.0,0.5885082536158974,0.01010266431875392
7452.0,0.5875893515962253,0.01010266431875392
7453.0,0.5894549212948043,0.01010266431875392
7454.0,0.5913204909933831,0.01010266431875392
7455.0,0.5905953711527646,0.01010266431875392
7456.0,0.588270563402511,0.01010266431875392
7457.0,0.585919903623566,0.01010266431875392
7458.0,0.5834761194097772,0.01010266431875392
7459.0,0.5810323351959884,0.01010266431875392
7460.0,0.585067617053643,0.01010266431875392
7461.0,0.590560688777374,0.01010266431875392
7462.0,0.5945135049706658,0.01010266431875392
7463.0,0.5962983892468389,0.01010266431875392
7464.0,0.5978942700257791,0.01010266431875392
7465.0,0.5865591615363299,0.01010266431875392
7466.0,0.5752240530468806,0.01010266431875392
7467.0,0.5711541555325157,0.01010266431875392
7468.0,0.5716623361668297,0.01010266431875392
7469.0,0.5734097754527034,0.01010266431875392
7470.0,0.5797501733567945,0.01010266431875392
7471.0,0.5860905712608855,0.01010266431875392
7472.0,0.5831649896326387,0.01010266431875392
7473.0,0.5780873979650796,0.01010266431875392
7474.0,0.5733082723883449,0.01010266431875392
7475.0,0.568957646374752,0.01010266431875392
7476.0,0.5646459905713556,0.01010266431875392
7477.0,0.5643531376943878,0.01010266431875392
7478.0,0.56406028481742,0.01010266431875392
7479.0,0.5641782849309982,0.01010266431875392
7480.0,0.5645604627071367,0.01010266431875392
7481.0,0.5657254748413525,0.01010266431875392
7482.0,0.5698770226769014,0.01010266431875392
7483.0,0.5740285705124504,0.01010266431875392
7484.0,0.5704727432713956,0.01010266431875392
7485.0,0.5650703574182447,0.01010266431875392
7486.0,0.5624598472907226,0.01010266431875392
7487.0,0.5639380309033948,0.01010266431875392
7488.0,0.5654098826435008,0.01010266431875392
7489.0,0.5655694537941742,0.01010266431875392
7490.0,0.5657290249448477,0.01010266431875392
7491.0,0.5713271368871532,0.01010266431875392
7492.0,0.5804932775794351,0.01010266431875392
7493.0,0.5868688857541978,0.01010266431875392
7494.0,0.5822805081796882,0.01010266431875392
7495.0,0.5776921306051788,0.01010266431875392
7496.0,0.5748560198147614,0.01010266431875392
7497.0,0.5724527294126304,0.01010266431875392
7498.0,0.570738388181266,0.01010266431875392
7499.0,0.5700533452619131,0.01010266431875392
7500.0,0.5693683023425602,0.01010266431875392
7501.0,0.5697019414651415,0.01010266431875392
7502.0,0.5700355805877229,0.01010266431875392
7503.0,0.5702672851425036,0.01010266431875392
7504.0,0.570430760948496,0.01010266431875392
7505.0,0.5687717953491763,0.01010266431875392
7506.0,0.5597347033332395,0.01010266431875392
7507.0,0.5506976113173025,0.01010266431875392
7508.0,0.5486595817111108,0.01010266431875392
7509.0,0.5484029399772745,0.01010266431875392
7510.0,0.5518214875687828,0.01010266431875392
7511.0,0.5608419146471059,0.01010266431875392
7512.0,0.5698623417254289,0.01010266431875392
7513.0,0.5650789175715342,0.01010266431875392
7514.0,0.5602288885866086,0.01010266431875392
7515.0,0.5576091705925714,0.01010266431875392
7516.0,0.5565123720226106,0.01010266431875392
7517.0,0.5561308006024409,0.01010266431875392
7518.0,0.5587345251118273,0.01010266431875392
7519.0,0.5613382496212137,0.01010266431875392
7520.0,0.562491876268291,0.01010266431875392
7521.0,0.5632654015060048,0.01010266431875392
7522.0,0.5622191274972484,0.01010266431875392
7523.0,0.5583426749057949,0.01010266431875392
7524.0,0.5544662223143415,0.01010266431875392
7525.0,0.5508519777364359,0.01010266431875392
7526.0,0.5472402757816915,0.01010266431875392
7527.0,0.5422848284819933,0.01010266431875392
7528.0,0.5363934119196195,0.01010266431875392
7529.0,0.5328241649351553,0.01010266431875392
7530.0,0.5392535589358428,0.01010266431875392
7531.0,0.5456829529365304,0.01010266431875392
7532.0,0.5455475289339355,0.01010266431875392
7533.0,0.5436408049517991,0.01010266431875392
7534.0,0.5437533446925271,0.01010266431875392
7535.0,0.5470703681673565,0.01010266431875392
7536.0,0.550387391642186,0.01010266431875392
7537.0,0.5458596455998824,0.01010266431875392
7538.0,0.5412172378837615,0.01010266431875392
7539.0,0.5422002126268102,0.01010266431875392
7540.0,0.5471798656673428,0.01010266431875392
7541.0,0.5499112971776037,0.01010266431875392
7542.0,0.542650632997781,0.01010266431875392
7543.0,0.5353899688179583,0.01010266431875392
7544.0,0.5357661652888278,0.01010266431875392
7545.0,0.5382624104986085,0.01010266431875392
7546.0,0.5370206415758485,0.01010266431875392
7547.0,0.5297251705202041,0.01010266431875392
7548.0,0.5224296994645596,0.01010266431875392
7549.0,0.5272156490107219,0.01010266431875392
7550.0,0.5322381992051487,0.01010266431875392
7551.0,0.5345587714706974,0.01010266431875392
7552.0,0.5349213887153207,0.01010266431875392
7553.0,0.5348205024076289,0.01010266431875392
7554.0,0.5325918548262303,0.01010266431875392
7555.0,0.5303632072448317,0.01010266431875392
7556.0,0.531392291376166,0.01010266431875392
7557.0,0.5333514378020298,0.01010266431875392
7558.0,0.5337032315280721,0.01010266431875392
7559.0,0.5313982862375258,0.01010266431875392
7560.0,0.5290933409469797,0.01010266431875392
7561.0,0.5276722317757562,0.01010266431875392
7562.0,0.526272865190494,0.01010266431875392
7563.0,0.527498781078892,0.01010266431875392
7564.0,0.530664884849699,0.01010266431875392
7565.0,0.5323481862590446,0.01010266431875392
7566.0,0.5269958461188816,0.01010266431875392
7567.0,0.5216435059787187,0.01010266431875392
7568.0,0.5220292635242794,0.01010266431875392
7569.0,0.5240990279993414,0.01010266431875392
7570.0,0.5260552853614514,0.01010266431875392
7571.0,0.5278200452394519,0.01010266431875392
7572.0,0.5295848051174524,0.01010266431875392
7573.0,0.5246052704164957,0.01010266431875392
7574.0,0.5194256577552271,0.01010266431875392
7575.0,0.5109295491476157,0.01010266431875392
7576.0,0.49993384991098033,0.01010266431875392
7577.0,0.4917044479977599,0.01010266431875392
7578.0,0.4970514840121823,0.01010266431875392
7579.0,0.5023985200266047,0.01010266431875392
7580.0,0.5033342072617336,0.01010266431875392
7581.0,0.5029395971306062,0.01010266431875392
7582.0,0.5028655576330389,0.01010266431875392
7583.0,0.5033436120043798,0.01010266431875392
7584.0,0.5038216663757208,0.01010266431875392
7585.0,0.5086626997644795,0.01010266431875392
7586.0,0.5136554889451448,0.01010266431875392
7587.0,0.5125804569765487,0.01010266431875392
7588.0,0.5068418342308197,0.01010266431875392
7589.0,0.5004913387201099,0.01010266431875392
7590.0,0.4910323509143121,0.01010266431875392
7591.0,0.48157336310851434,0.01010266431875392
7592.0,0.4876652366495432,0.01010266431875392
7593.0,0.4985739650417036,0.01010266431875392
7594.0,0.5042150562444132,0.01010266431875392
7595.0,0.5005941760974892,0.01010266431875392
7596.0,0.4969732959505652,0.01010266431875392
7597.0,0.48954818425183483,0.01010266431875392
7598.0,0.4819710932651433,0.01010266431875392
7599.0,0.4739554837028018,0.01010266431875392
7600.0,0.46559619577067995,0.01010266431875392
7601.0,0.45988392752382423,0.01010266431875392
7602.0,0.46810334183097535,0.01010266431875392
7603.0,0.47632275613812647,0.01010266431875392
7604.0,0.4706930567899047,0.01010266431875392
7605.0,0.46065881338358233,0.01010266431875392
7606.0,0.45604530957583994,0.01010266431875392
7607.0,0.4611636704836598,0.01010266431875392
7608.0,0.4662820313914797,0.01010266431875392
7609.0,0.46097278521338925,0.01010266431875392
7610.0,0.455192530434186,0.01010266431875392
7611.0,0.46071794069873706,0.01010266431875392
7612.0,0.47527811568507194,0.01010266431875392
7613.0,0.48566213497639105,0.01010266431875392
7614.0,0.4732553510950187,0.01010266431875392
7615.0,0.46084856721364637,0.01010266431875392
7616.0,0.45906665662552537,0.01010266431875392
7617.0,0.4607530565869502,0.01010266431875392
7618.0,0.46267523778939706,0.01010266431875392
7619.0,0.4650296846003832,0.01010266431875392
7620.0,0.4673841314113693,0.01010266431875392
7621.0,0.47053543330526026,0.01010266431875392
7622.0,0.47372692965478314,0.01010266431875392
7623.0,0.4781002961012886,0.01010266431875392
7624.0,0.4834366678120001,0.01010266431875392
7625.0,0.4862474014237764,0.01010266431875392
7626.0,0.47475292084319376,0.01010266431875392
7627.0,0.463258440262611,0.01010266431875392
7628.0,0.46465992976238946,0.01010266431875392
7629.0,0.47038074257432805,0.01010266431875392
7630.0,0.4749183166087502,0.01010266431875392
7631.0,0.47724037803561625,0.01010266431875392
7632.0,0.4795624394624822,0.01010266431875392
7633.0,0.4797001350193882,0.01010266431875392
7634.0,0.4797160154960947,0.01010266431875392
7635.0,0.4850213461982581,0.01010266431875392
7636.0,0.4947209893954158,0.01010266431875392
7637.0,0.5012165418346335,0.01010266431875392
7638.0,0.48885827097100065,0.01010266431875392
7639.0,0.4765000001073678,0.01010266431875392
7640.0,0.47042924269349506,0.01010266431875392
7641.0,0.4665185503841367,0.01010266431875392
7642.0,0.46750084390312674,0.01010266431875392
7643.0,0.4778414005273665,0.01010266431875392
7644.0,0.48818195715160634,0.01010266431875392
7645.0,0.48934630901212767,0.01010266431875392
7646.0,0.48994956809728746,0.01010266431875392
7647.0,0.48508884119600615,0.01010266431875392
7648.0,0.475600081818412,0.01010266431875392
7649.0,0.4689225590530213,0.01010266431875392
7650.0,0.47944884324779236,0.01010266431875392
7651.0,0.4899751274425635,0.01010266431875392
7652.0,0.4884466629293234,0.01010266431875392
7653.0,0.48267163921213296,0.01010266431875392
7654.0,0.475956139879005,0.01010266431875392
7655.0,0.46740304457289167,0.01010266431875392
7656.0,0.4588499492667784,0.01010266431875392
7657.0,0.46725290697810085,0.01010266431875392
7658.0,0.47678482084422685,0.01010266431875392
7659.0,0.48009185576789826,0.01010266431875392
7660.0,0.47802349187325016,0.01010266431875392
7661.0,0.4765026915480899,0.01010266431875392
7662.0,0.4784707918426654,0.01010266431875392
7663.0,0.48043889213724084,0.01010266431875392
7664.0,0.4805393631851678,0.01010266431875392
7665.0,0.4799654125606934,0.01010266431875392
7666.0,0.477504101362967,0.01010266431875392
7667.0,0.4712748580855515,0.01010266431875392
7668.0,0.46504561480813594,0.01010266431875392
7669.0,0.46663865172923336,0.01010266431875392
7670.0,0.46879545659255956,0.01010266431875392
7671.0,0.4693563069086962,0.01010266431875392
7672.0,0.4685121408063151,0.01010266431875392
7673.0,0.4682280637318037,0.01010266431875392
7674.0,0.4716642110258727,0.01010266431875392
7675.0,0.47510035831994174,0.01010266431875392
7676.0,0.47715554393287146,0.01010266431875392
7677.0,0.47869968287103803,0.01010266431875392
7678.0,0.4793699060869493,0.01010266431875392
7679.0,0.4782572136505274,0.01010266431875392
7680.0,0.47714452121410544,0.01010266431875392
7681.0,0.47244535248550174,0.01010266431875392
7682.0,0.46746780267341764,0.01010266431875392
7683.0,0.46392553938291137,0.01010266431875392
7684.0,0.4616714375719045,0.01010266431875392
7685.0,0.45917124576053037,0.01010266431875392
7686.0,0.45496482994661214,0.01010266431875392
7687.0,0.45075841413269385,0.01010266431875392
7688.0,0.45672204012181983,0.01010266431875392
7689.0,0.4665415263309629,0.01010266431875392
7690.0,0.47244080812186945,0.01010266431875392
7691.0,0.470165737736976,0.01010266431875392
7692.0,0.46789066735208257,0.01010266431875392
7693.0,0.470982434161307,0.01010266431875392
7694.0,0.47452085582153386,0.01010266431875392
7695.0,0.4757426722432719,0.01010266431875392
7696.0,0.4748449280100256,0.01010266431875392
7697.0,0.47409940231656134,0.01010266431875392
7698.0,0.47445708425794847,0.01010266431875392
7699.0,0.47481476619933566,0.01010266431875392
7700.0,0.4764244375918675,0.01010266431875392
7701.0,0.4785202982212603,0.01010266431875392
7702.0,0.4750236460298084,0.01010266431875392
7703.0,0.4596061112465827,0.01010266431875392
7704.0,0.4441885764633569,0.01010266431875392
7705.0,0.4456958351072588,0.01010266431875392
7706.0,0.4487075198335716,0.01010266431875392
7707.0,0.4520052994453215,0.01010266431875392
7708.0,0.4555699239386155,0.01010266431875392
7709.0,0.4586455942589287,0.01010266431875392
7710.0,0.45801126178219104,0.01010266431875392
7711.0,0.4573769293054534,0.01010266431875392
7712.0,0.45579357648233687,0.01010266431875392
7713.0,0.453832844763094,0.01010266431875392
7714.0,0.4557867818432507,0.01010266431875392
7715.0,0.4662723062686655,0.01010266431875392
7716.0,0.47675783069408034,0.01010266431875392
7717.0,0.4727937218069497,0.01010266431875392
7718.0,0.46746249912415794,0.01010266431875392
7719.0,0.46048087699633966,0.01010266431875392
7720.0,0.4519300226093153,0.01010266431875392
7721.0,0.44479501969140667,0.01010266431875392
7722.0,0.4489259316890015,0.01010266431875392
7723.0,0.4530568436865964,0.01010266431875392
7724.0,0.4555198360318451,0.01010266431875392
7725.0,0.4573038273024053,0.01010266431875392
7726.0,0.4575649487935405,0.01010266431875392
7727.0,0.45443207755921816,0.01010266431875392
7728.0,0.4512992063248959,0.01010266431875392
7729.0,0.4507744389102533,0.01010266431875392
7730.0,0.4505115154722237,0.01010266431875392
7731.0,0.44919033219574367,0.01010266431875392
7732.0,0.44684341243282355,0.01010266431875392
7733.0,0.4442686089203667,0.01010266431875392
7734.0,0.4397887996814417,0.01010266431875392
7735.0,0.43530899044251664,0.01010266431875392
7736.0,0.4407623886182406,0.01010266431875392
7737.0,0.4503546232167295,0.01010266431875392
7738.0,0.4540251360974623,0.01010266431875392
7739.0,0.4441969211255599,0.01010266431875392
7740.0,0.4343687061536575,0.01010266431875392
7741.0,0.43669788735815906,0.01010266431875392
7742.0,0.4403186909983972,0.01010266431875392
7743.0,0.44377134279185576,0.01010266431875392
7744.0,0.447057849323819,0.01010266431875392
7745.0,0.4498705850689999,0.01010266431875392
7746.0,0.44851413789050587,0.01010266431875392
7747.0,0.44715769071201183,0.01010266431875392
7748.0,0.4478915085805253,0.01010266431875392
7749.0,0.4495165524707909,0.01010266431875392
7750.0,0.4517554443406203,0.01010266431875392
7751.0,0.45542582969879136,0.01010266431875392
7752.0,0.4590962150569625,0.01010266431875392
7753.0,0.44871214720302244,0.01010266431875392
7754.0,0.43675187898885615,0.01010266431875392
7755.0,0.4287540474602987,0.01010266431875392
7756.0,0.4247472967379668,0.01010266431875392
7757.0,0.4217940831801799,0.01010266431875392
7758.0,0.42862185663143804,0.01010266431875392
7759.0,0.4354496300826962,0.01010266431875392
7760.0,0.43476567078744704,0.01010266431875392
7761.0,0.43080504186311974,0.01010266431875392
7762.0,0.4297269604511979,0.01010266431875392
7763.0,0.4355271529814614,0.01010266431875392
7764.0,0.4413273455117248,0.01010266431875392
7765.0,0.43727129623959776,0.01010266431875392
7766.0,0.4320510197478604,0.01010266431875392
7767.0,0.4316503178499494,0.01010266431875392
7768.0,0.43619818159337775,0.01010266431875392
7769.0,0.4398726462015309,0.01010266431875392
7770.0,0.4349719192997134,0.01010266431875392
7771.0,0.4300711923978959,0.01010266431875392
7772.0,0.4278601132894158,0.01010266431875392
7773.0,0.42684910272761306,0.01010266431875392
7774.0,0.42348755492096835,0.01010266431875392
7775.0,0.41438564549572243,0.01010266431875392
7776.0,0.4052837360704765,0.01010266431875392
7777.0,0.4119241391880186,0.01010266431875392
7778.0,0.42051905344446733,0.01010266431875392
7779.0,0.4244691230183783,0.01010266431875392
7780.0,0.4235575124086007,0.01010266431875392
7781.0,0.4225966774816095,0.01010266431875392
7782.0,0.4211233702110278,0.01010266431875392
7783.0,0.4196500629404462,0.01010266431875392
7784.0,0.41834153043480266,0.01010266431875392
7785.0,0.4171081836173564,0.01010266431875392
7786.0,0.4152021320933924,0.01010266431875392
7787.0,0.41161431880313687,0.01010266431875392
7788.0,0.4080265055128814,0.01010266431875392
7789.0,0.4149312961137124,0.01010266431875392
7790.0,0.42320283023360045,0.01010266431875392
7791.0,0.42466345582372317,0.01010266431875392
7792.0,0.418856858913114,0.01010266431875392
7793.0,0.4139710157614655,0.01010266431875392
7794.0,0.4192801852452792,0.01010266431875392
7795.0,0.42458935472909287,0.01010266431875392
7796.0,0.4227545981093581,0.01010266431875392
7797.0,0.41758684779695177,0.01010266431875392
7798.0,0.4155747414095143,0.01010266431875392
7799.0,0.4216405440436909,0.01010266431875392
7800.0,0.42770634667786744,0.01010266431875392
7801.0,0.4262641608421752,0.01010266431875392
7802.0,0.42379769281414353,0.01010266431875392
7803.0,0.4157624270265567,0.01010266431875392
7804.0,0.40166987244789265,0.01010266431875392
7805.0,0.3898139358345445,0.01010266431875392
7806.0,0.40438450071898735,0.01010266431875392
7807.0,0.4189550656034302,0.01010266431875392
7808.0,0.4186866456578553,0.01010266431875392
7809.0,0.4113407666355748,0.01010266431875392
7810.0,0.4058616392137171,0.01010266431875392
7811.0,0.4052766475094839,0.01010266431875392
7812.0,0.40469165580525074,0.01010266431875392
7813.0,0.4099045767089221,0.01010266431875392
7814.0,0.4159446346650193,0.01010266431875392
7815.0,0.4157553382622802,0.01010266431875392
7816.0,0.40865855525405226,0.01010266431875392
7817.0,0.40261281172144026,0.01010266431875392
7818.0,0.40986874810961277,0.01010266431875392
7819.0,0.4171246844977852,0.01010266431875392
7820.0,0.41488133544241423,0.01010266431875392
7821.0,0.4080070847333193,0.01010266431875392
7822.0,0.4037303606231532,0.01010266431875392
7823.0,0.4064301791923897,0.01010266431875392
7824.0,0.4091299977616262,0.01010266431875392
7825.0,0.40408288882919985,0.01010266431875392
7826.0,0.3978817548344583,0.01010266431875392
7827.0,0.3991713415528213,0.01010266431875392
7828.0,0.4089286995120656,0.01010266431875392
7829.0,0.4168613613494552,0.01010266431875392
7830.0,0.39995254615952985,0.01010266431875392
7831.0,0.38304373096960465,0.01010266431875392
7832.0,0.3815312329423267,0.01010266431875392
7833.0,0.3876892022784353,0.01010266431875392
7834.0,0.3932992362780702,0.01010266431875392
7835.0,0.3974012140138074,0.01010266431875392
7836.0,0.40150319174954463,0.01010266431875392
7837.0,0.4000051392359718,0.01010266431875392
7838.0,0.3976371791108595,0.01010266431875392
7839.0,0.3969494798721896,0.01010266431875392
7840.0,0.39819820532435474,0.01010266431875392
7841.0,0.39927068524508114,0.01010266431875392
7842.0,0.3977493630050316,0.01010266431875392
7843.0,0.396228040764982,0.01010266431875392
7844.0,0.3925839219410391,0.01010266431875392
7845.0,0.38785917659522284,0.01010266431875392
7846.0,0.38599065558983603,0.01010266431875392
7847.0,0.3921798316916052,0.01010266431875392
7848.0,0.39836900779337425,0.01010266431875392
7849.0,0.40340840600445155,0.01010266431875392
7850.0,0.4082617871509259,0.01010266431875392
7851.0,0.40736061953792224,0.01010266431875392
7852.0,0.39969823275583044,0.01010266431875392
7853.0,0.39251218938588284,0.01010266431875392
7854.0,0.3929476406102499,0.01010266431875392
7855.0,0.39338309183461695,0.01010266431875392
7856.0,0.392915431093746,0.01010266431875392
7857.0,0.3919780862103706,0.01010266431875392
7858.0,0.39153197917346705,0.01010266431875392
7859.0,0.39250678908500336,0.01010266431875392
7860.0,0.3934815989965397,0.01010266431875392
7861.0,0.3918889576674398,0.01010266431875392
7862.0,0.3898642067326239,0.01010266431875392
7863.0,0.3917170662400727,0.01010266431875392
7864.0,0.39821487334854777,0.01010266431875392
7865.0,0.40413443230895235,0.01010266431875392
7866.0,0.3999282236987639,0.01010266431875392
7867.0,0.39572201508857546,0.01010266431875392
7868.0,0.3923196296288462,0.01010266431875392
7869.0,0.3893442752177987,0.01010266431875392
7870.0,0.38644785995315567,0.01010266431875392
7871.0,0.38378563082284567,0.01010266431875392
7872.0,0.38112340169253556,0.01010266431875392
7873.0,0.3822966052114335,0.01010266431875392
7874.0,0.3841406037211623,0.01010266431875392
7875.0,0.38656448660483606,0.01010266431875392
7876.0,0.3896966016038871,0.01010266431875392
7877.0,0.39234572465202305,0.01010266431875392
7878.0,0.38566485684359764,0.01010266431875392
7879.0,0.3789839890351722,0.01010266431875392
7880.0,0.3790027980120316,0.01010266431875392
7881.0,0.38265680198534735,0.01010266431875392
7882.0,0.38645712201598575,0.01010266431875392
7883.0,0.39070278266769654,0.01010266431875392
7884.0,0.3949484433194073,0.01010266431875392
7885.0,0.38882663563371733,0.01010266431875392
7886.0,0.380822507455566,0.01010266431875392
7887.0,0.3762697883675211,0.01010266431875392
7888.0,0.37601505041054106,0.01010266431875392
7889.0,0.3757627342702687,0.01010266431875392
7890.0,0.37556251991646333,0.01010266431875392
7891.0,0.3753623055626579,0.01010266431875392
7892.0,0.3777438461479776,0.01010266431875392
7893.0,0.38155594870515935,0.01010266431875392
7894.0,0.38285102550282285,0.01010266431875392
7895.0,0.3762835119328879,0.01010266431875392
7896.0,0.36971599836295294,0.01010266431875392
7897.0,0.3698589658015597,0.01010266431875392
7898.0,0.3712655330877038,0.01010266431875392
7899.0,0.3715585558395375,0.01010266431875392
7900.0,0.37043765010911384,0.01010266431875392
7901.0,0.36915216264091166,0.01010266431875392
7902.0,0.36387681486298445,0.01010266431875392
7903.0,0.3586014670850573,0.01010266431875392
7904.0,0.35739622475595495,0.01010266431875392
7905.0,0.3584938052465817,0.01010266431875392
7906.0,0.3602375945220733,0.01010266431875392
7907.0,0.36405382106215106,0.01010266431875392
7908.0,0.3678700476022288,0.01010266431875392
7909.0,0.36798122688965484,0.01010266431875392
7910.0,0.36736947012778315,0.01010266431875392
7911.0,0.3679305640509727,0.01010266431875392
7912.0,0.37001022497685554,0.01010266431875392
7913.0,0.37199324567294745,0.01010266431875392
7914.0,0.37129699930862725,0.01010266431875392
7915.0,0.370600752944307,0.01010266431875392
7916.0,0.3682165796071076,0.01010266431875392
7917.0,0.36485737269656116,0.01010266431875392
7918.0,0.36317417846720534,0.01010266431875392
7919.0,0.3670114589970297,0.01010266431875392
7920.0,0.37084873952685393,0.01010266431875392
7921.0,0.36916211746911787,0.01010266431875392
7922.0,0.3663595554947062,0.01010266431875392
7923.0,0.36076179603632025,0.01010266431875392
7924.0,0.35147344157123744,0.01010266431875392
7925.0,0.34273116116690516,0.01010266431875392
7926.0,0.35163799440579646,0.01010266431875392
7927.0,0.36054482764468765,0.01010266431875392
7928.0,0.36307158456078203,0.01010266431875392
7929.0,0.3618360445613325,0.01010266431875392
7930.0,0.35923369512131,0.01010266431875392
7931.0,0.3520057747850414,0.01010266431875392
7932.0,0.3447778544487729,0.01010266431875392
7933.0,0.3515188329434056,0.01010266431875392
7934.0,0.3611792910195353,0.01010266431875392
7935.0,0.3619948038298758,0.01010266431875392
7936.0,0.3509007847048876,0.01010266431875392
7937.0,0.34025023128180387,0.01010266431875392
7938.0,0.3467470183324667,0.01010266431875392
7939.0,0.3532438053831295,0.01010266431875392
7940.0,0.3558472973732179,0.01010266431875392
7941.0,0.35610732522107885,0.01010266431875392
7942.0,0.35488263073084675,0.01010266431875392
7943.0,0.3484933375699579,0.01010266431875392
7944.0,0.342104044409069,0.01010266431875392
7945.0,0.3428060076428108,0.01010266431875392
7946.0,0.3450400963457547,0.01010266431875392
7947.0,0.3452265300963137,0.01010266431875392
7948.0,0.3426010843965972,0.01010266431875392
7949.0,0.34014068684567267,0.01010266431875392
7950.0,0.3456026004366759,0.01010266431875392
7951.0,0.3510645140276792,0.01010266431875392
7952.0,0.3469792653282188,0.01010266431875392
7953.0,0.3370288025859901,0.01010266431875392
7954.0,0.33102041600833004,0.01010266431875392
7955.0,0.33911253263468816,0.01010266431875392
7956.0,0.3472046492610462,0.01010266431875392
7957.0,0.3550986103045032,0.01010266431875392
7958.0,0.36294834278907484,0.01010266431875392
7959.0,0.36194918604588233,0.01010266431875392
7960.0,0.3485564841594892,0.01010266431875392
7961.0,0.3353845150129898,0.01010266431875392
7962.0,0.3361356879207799,0.01010266431875392
7963.0,0.33688686082857,0.01010266431875392
7964.0,0.33582436550730504,0.01010266431875392
7965.0,0.33362478522212136,0.01010266431875392
7966.0,0.33235830458866616,0.01010266431875392
7967.0,0.3345254209882449,0.01010266431875392
7968.0,0.33669253738782356,0.01010266431875392
7969.0,0.3379136257712693,0.01010266431875392
7970.0,0.33891672247005233,0.01010266431875392
7971.0,0.3387999728375077,0.01010266431875392
7972.0,0.33708344273164115,0.01010266431875392
7973.0,0.3353514810879137,0.01010266431875392
7974.0,0.33220667642225576,0.01010266431875392
7975.0,0.3290618717565978,0.01010266431875392
7976.0,0.33041734413825924,0.01010266431875392
7977.0,0.33465193077262867,0.01010266431875392
7978.0,0.33819747524258176,0.01010266431875392
7979.0,0.3391333715151189,0.01010266431875392
7980.0,0.3400692677876561,0.01010266431875392
7981.0,0.3399681277871362,0.01010266431875392
7982.0,0.3396204412729631,0.01010266431875392
7983.0,0.33959830377340405,0.01010266431875392
7984.0,0.3400505651328994,0.01010266431875392
7985.0,0.340450895544105,0.01010266431875392
7986.0,0.33225146091915625,0.01010266431875392
7987.0,0.32405202629420743,0.01010266431875392
7988.0,0.32914587290800673,0.01010266431875392
7989.0,0.3429172781082124,0.01010266431875392
7990.0,0.3544598261885268,0.01010266431875392
7991.0,0.3573098315012874,0.01010266431875392
7992.0,0.3601598368140482,0.01010266431875392
7993.0,0.3525632996368843,0.01010266431875392
7994.0,0.34240587610942397,0.01010266431875392
7995.0,0.337410800216481,0.01010266431875392
7996.0,0.3400899008070773,0.01010266431875392
7997.0,0.3427597825539606,0.01010266431875392
7998.0,0.3377595863310691,0.01010266431875392
7999.0,0.3327593901081777,0.01010266431875392
8000.0,0.3324823565608818,0.01010266431875392
8001.0,0.33535094935552817,0.01010266431875392
8002.0,0.3359568627948206,0.01010266431875392
8003.0,0.3274711670171119,0.01010266431875392
8004.0,0.318985471239403,0.01010266431875392
8005.0,0.32019862805295374,0.01010266431875392
8006.0,0.3238620213106074,0.01010266431875392
8007.0,0.3256311605052998,0.01010266431875392
8008.0,0.32452744308486475,0.01010266431875392
8009.0,0.3234237256644298,0.01010266431875392
8010.0,0.32235045520372474,0.01010266431875392
8011.0,0.3212772947922717,0.01010266431875392
8012.0,0.3216979089392935,0.01010266431875392
8013.0,0.3231334465262438,0.01010266431875392
8014.0,0.3235314774344659,0.01010266431875392
8015.0,0.31963218129685156,0.01010266431875392
8016.0,0.3157328851592372,0.01010266431875392
8017.0,0.3206516054717292,0.01010266431875392
8018.0,0.32786487771979145,0.01010266431875392
8019.0,0.32983989816222986,0.01010266431875392
8020.0,0.3237092445568298,0.01010266431875392
8021.0,0.31757859095142976,0.01010266431875392
8022.0,0.32139507402586975,0.01010266431875392
8023.0,0.32529585486877627,0.01010266431875392
8024.0,0.3248378075771046,0.01010266431875392
8025.0,0.32135870257427435,0.01010266431875392
8026.0,0.3180531514264834,0.01010266431875392
8027.0,0.31548904871002814,0.01010266431875392
8028.0,0.3129249459935728,0.01010266431875392
8029.0,0.3150063844675115,0.01010266431875392
8030.0,0.31833229059671425,0.01010266431875392
8031.0,0.32052906470388326,0.01010266431875392
8032.0,0.3209429987762665,0.01010266431875392
8033.0,0.3213569328486497,0.01010266431875392
8034.0,0.3240158588577249,0.01010266431875392
8035.0,0.32670482733797207,0.01010266431875392
8036.0,0.32369379223388034,0.01010266431875392
8037.0,0.3166530414810337,0.01010266431875392
8038.0,0.31105605993683777,0.01010266431875392
8039.0,0.31182478808532527,0.01010266431875392
8040.0,0.3125935162338127,0.01010266431875392
8041.0,0.3188831786520077,0.01010266431875392
8042.0,0.32669469125174055,0.01010266431875392
8043.0,0.3281052415798101,0.01010266431875392
8044.0,0.3192020157083996,0.01010266431875392
8045.0,0.3102987898369891,0.01010266431875392
8046.0,0.3104609989873699,0.01010266431875392
8047.0,0.31078944472127523,0.01010266431875392
8048.0,0.30923899390335574,0.01010266431875392
8049.0,0.3063337189189346,0.01010266431875392
8050.0,0.30459864616093973,0.01010266431875392
8051.0,0.3081918942072552,0.01010266431875392
8052.0,0.3117851422535706,0.01010266431875392
8053.0,0.3104403874828032,0.01010266431875392
8054.0,0.30769564424001233,0.01010266431875392
8055.0,0.3056530988722949,0.01010266431875392
8056.0,0.3047652788991406,0.01010266431875392
8057.0,0.3038774589259864,0.01010266431875392
8058.0,0.3059543766793693,0.01010266431875392
8059.0,0.30810049592759775,0.01010266431875392
8060.0,0.30620481367463187,0.01010266431875392
8061.0,0.3013367232343343,0.01010266431875392
8062.0,0.29681105191734625,0.01010266431875392
8063.0,0.29389662674908273,0.01010266431875392
8064.0,0.2909822015808192,0.01010266431875392
8065.0,0.2920501867366661,0.01010266431875392
8066.0,0.2942789364520963,0.01010266431875392
8067.0,0.2979831999704404,0.01010266431875392
8068.0,0.30416404935734254,0.01010266431875392
8069.0,0.3103448987442446,0.01010266431875392
8070.0,0.3043508514705922,0.01010266431875392
8071.0,0.29801109725473096,0.01010266431875392
8072.0,0.29954782630547716,0.01010266431875392
8073.0,0.3069919178061821,0.01010266431875392
8074.0,0.3124707994299187,0.01010266431875392
8075.0,0.30838658228617494,0.01010266431875392
8076.0,0.30430236514243114,0.01010266431875392
8077.0,0.30417810150800445,0.01010266431875392
8078.0,0.30523997059399216,0.01010266431875392
8079.0,0.3059803346680544,0.01010266431875392
8080.0,0.3061698465067011,0.01010266431875392
8081.0,0.3063593583453478,0.01010266431875392
8082.0,0.3025246665568664,0.01010266431875392
8083.0,0.2985551689396878,0.01010266431875392
8084.0,0.2939421517666562,0.01010266431875392
8085.0,0.2888369512045088,0.01010266431875392
8086.0,0.2854232461205692,0.01010266431875392
8087.0,0.2905283044956769,0.01010266431875392
8088.0,0.2956333628707846,0.01010266431875392
8089.0,0.2941121711854482,0.01010266431875392
8090.0,0.2905521333276698,0.01010266431875392
8091.0,0.2889975154948696,0.01010266431875392
8092.0,0.29095072806878675,0.01010266431875392
8093.0,0.29290394064270386,0.01010266431875392
8094.0,0.2936406419572545,0.01010266431875392
8095.0,0.2943303210161439,0.01010266431875392
8096.0,0.2925259951742819,0.01010266431875392
8097.0,0.28877655867265056,0.01010266431875392
8098.0,0.285394329496782,0.01010266431875392
8099.0,0.28392760719186805,0.01010266431875392
8100.0,0.28246088488695403,0.01010266431875392
8101.0,0.28616494507705037,0.01010266431875392
8102.0,0.2915027438121684,0.01010266431875392
8103.0,0.2956626141820774,0.01010266431875392
8104.0,0.29771875964556066,0.01010266431875392
8105.0,0.2997749051090439,0.01010266431875392
8106.0,0.2938602114534084,0.01010266431875392
8107.0,0.2875959195907989,0.01010266431875392
8108.0,0.2893065592599491,0.01010266431875392
8109.0,0.29735933197913883,0.01010266431875392
8110.0,0.3017750975271917,0.01010266431875392
8111.0,0.2865230473729445,0.01010266431875392
8112.0,0.2712709972186972,0.01010266431875392
8113.0,0.2705711956566384,0.01010266431875392
8114.0,0.2745910422866394,0.01010266431875392
8115.0,0.2777462587677675,0.01010266431875392
8116.0,0.2793246243333277,0.01010266431875392
8117.0,0.2809029898988879,0.01010266431875392
8118.0,0.27607391885308363,0.01010266431875392
8119.0,0.27093012485029805,0.01010266431875392
8120.0,0.26933896810613167,0.01010266431875392
8121.0,0.27062853679123144,0.01010266431875392
8122.0,0.27157619514349324,0.01010266431875392
8123.0,0.27060535662816426,0.01010266431875392
8124.0,0.26963451811283523,0.01010266431875392
8125.0,0.28030651099873694,0.01010266431875392
8126.0,0.29485323817495934,0.01010266431875392
8127.0,0.2993822773464528,0.01010266431875392
8128.0,0.2852529422960768,0.01010266431875392
8129.0,0.2711236072457008,0.01010266431875392
8130.0,0.27076826312665964,0.01010266431875392
8131.0,0.2711626425646344,0.01010266431875392
8132.0,0.27732300907602836,0.01010266431875392
8133.0,0.28825043068978995,0.01010266431875392
8134.0,0.29637839945316286,0.01010266431875392
8135.0,0.28819152414587584,0.01010266431875392
8136.0,0.2800046488385888,0.01010266431875392
8137.0,0.2749364946997994,0.01010266431875392
8138.0,0.27093302476024006,0.01010266431875392
8139.0,0.2685773710430135,0.01010266431875392
8140.0,0.26935658721217154,0.01010266431875392
8141.0,0.2701358033813296,0.01010266431875392
8142.0,0.2666826460550436,0.01010266431875392
8143.0,0.262976407870887,0.01010266431875392
8144.0,0.2672801618277485,0.01010266431875392
8145.0,0.27833570119550427,0.01010266431875392
8146.0,0.2868741100808524,0.01010266431875392
8147.0,0.28016041477204423,0.01010266431875392
8148.0,0.27344671946323595,0.01010266431875392
8149.0,0.2754760635142884,0.01010266431875392
8150.0,0.2805661798533913,0.01010266431875392
8151.0,0.2805164584929353,0.01010266431875392
8152.0,0.27047765326411033,0.01010266431875392
8153.0,0.2604388480352854,0.01010266431875392
8154.0,0.2626443298994112,0.01010266431875392
8155.0,0.2656483522261175,0.01010266431875392
8156.0,0.26879388298808365,0.01010266431875392
8157.0,0.27206102256160103,0.01010266431875392
8158.0,0.2739825041882747,0.01010266431875392
8159.0,0.267416897536185,0.01010266431875392
8160.0,0.2608512908840954,0.01010266431875392
8161.0,0.2600837041384059,0.01010266431875392
8162.0,0.26139697282404395,0.01010266431875392
8163.0,0.26147955877917456,0.01010266431875392
8164.0,0.25911842347014535,0.01010266431875392
8165.0,0.2567572881611162,0.01010266431875392
8166.0,0.26114877039806744,0.01010266431875392
8167.0,0.2660176227700125,0.01010266431875392
8168.0,0.2675055065830988,0.01010266431875392
8169.0,0.2660312355101595,0.01010266431875392
8170.0,0.26494838697413003,0.01010266431875392
8171.0,0.26643825202159493,0.01010266431875392
8172.0,0.26792811706905983,0.01010266431875392
8173.0,0.2663800024163538,0.01010266431875392
8174.0,0.2637144699428958,0.01010266431875392
8175.0,0.260432795750889,0.01010266431875392
8176.0,0.25590091399906595,0.01010266431875392
8177.0,0.2513690322472429,0.01010266431875392
8178.0,0.24972905973628867,0.01010266431875392
8179.0,0.2483095299194056,0.01010266431875392
8180.0,0.2505047444748039,0.01010266431875392
8181.0,0.25592858298089227,0.01010266431875392
8182.0,0.2597730391997801,0.01010266431875392
8183.0,0.25278531690174094,0.01010266431875392
8184.0,0.24579759460370174,0.01010266431875392
8185.0,0.24835064651232167,0.01010266431875392
8186.0,0.25449922985749185,0.01010266431875392
8187.0,0.2580710151796903,0.01010266431875392
8188.0,0.25629903486015454,0.01010266431875392
8189.0,0.2545270545406187,0.01010266431875392
8190.0,0.25716456083958733,0.01010266431875392
8191.0,0.26016284331643114,0.01010266431875392
8192.0,0.2645007510033809,0.01010266431875392
8193.0,0.27005845503989956,0.01010266431875392
8194.0,0.273388552271808,0.01010266431875392
8195.0,0.26075413407087505,0.01010266431875392
8196.0,0.24811971586994197,0.01010266431875392
8197.0,0.2507158759583164,0.01010266431875392
8198.0,0.25919139405521013,0.01010266431875392
8199.0,0.2636722149827045,0.01010266431875392
8200.0,0.25968487636759213,0.01010266431875392
8201.0,0.2556975377524798,0.01010266431875392
8202.0,0.2456686084453528,0.01010266431875392
8203.0,0.23511123713253335,0.01010266431875392
8204.0,0.23241128279764375,0.01010266431875392
8205.0,0.2370049030186726,0.01010266431875392
8206.0,0.24109915473360752,0.01010266431875392
8207.0,0.2414481426528339,0.01010266431875392
8208.0,0.24179713057206034,0.01010266431875392
8209.0,0.24821237104741817,0.01010266431875392
8210.0,0.2570256611094504,0.01010266431875392
8211.0,0.2598514047087172,0.01010266431875392
8212.0,0.24970033658253576,0.01010266431875392
8213.0,0.23954926845635433,0.01010266431875392
8214.0,0.24278743549067086,0.01010266431875392
8215.0,0.247273155932311,0.01010266431875392
8216.0,0.249561796961634,0.01010266431875392
8217.0,0.24977142593023496,0.01010266431875392
8218.0,0.24959592147729176,0.01010266431875392
8219.0,0.24639261278476995,0.01010266431875392
8220.0,0.24318930409224812,0.01010266431875392
8221.0,0.242566964458273,0.01010266431875392
8222.0,0.24298919914815806,0.01010266431875392
8223.0,0.24353382675951854,0.01010266431875392
8224.0,0.24434970354820384,0.01010266431875392
8225.0,0.24516558033688912,0.01010266431875392
8226.0,0.23984206326223828,0.01010266431875392
8227.0,0.23391108637262534,0.01010266431875392
8228.0,0.2341578361973406,0.01010266431875392
8229.0,0.24036376108374974,0.01010266431875392
8230.0,0.24552257695974578,0.01010266431875392
8231.0,0.24203692622761172,0.01010266431875392
8232.0,0.23855127549547764,0.01010266431875392
8233.0,0.2368174362224696,0.01010266431875392
8234.0,0.23580930492233845,0.01010266431875392
8235.0,0.23626541062568052,0.01010266431875392
8236.0,0.24004045353689982,0.01010266431875392
8237.0,0.2438154964481191,0.01010266431875392
8238.0,0.23704402875053623,0.01010266431875392
8239.0,0.22916755529951302,0.01010266431875392
8240.0,0.2268012217094101,0.01010266431875392
8241.0,0.22985319231586623,0.01010266431875392
8242.0,0.23402034306031166,0.01010266431875392
8243.0,0.24787400035225973,0.01010266431875392
8244.0,0.2617276576442078,0.01010266431875392
8245.0,0.2599523374327544,0.01010266431875392
8246.0,0.2515513994079395,0.01010266431875392
8247.0,0.24243803800774755,0.01010266431875392
8248.0,0.23167276264552653,0.01010266431875392
8249.0,0.2209074872833055,0.01010266431875392
8250.0,0.22697826377369185,0.01010266431875392
8251.0,0.23491223000242265,0.01010266431875392
8252.0,0.23949047343795807,0.01010266431875392
8253.0,0.24070492743898114,0.01010266431875392
8254.0,0.24170748682932033,0.01010266431875392
8255.0,0.24076940167546007,0.01010266431875392
8256.0,0.23983131652159978,0.01010266431875392
8257.0,0.23913047441957383,0.01010266431875392
8258.0,0.2385325329183435,0.01010266431875392
8259.0,0.2357978327721355,0.01010266431875392
8260.0,0.22799373762206449,0.01010266431875392
8261.0,0.22018964247199344,0.01010266431875392
8262.0,0.2269879723863463,0.01010266431875392
8263.0,0.23548926608168766,0.01010266431875392
8264.0,0.2394075862762722,0.01010266431875392
8265.0,0.23864281947132185,0.01010266431875392
8266.0,0.23745841211973964,0.01010266431875392
8267.0,0.23221209947703877,0.01010266431875392
8268.0,0.22696578683433796,0.01010266431875392
8269.0,0.22341432826740704,0.01010266431875392
8270.0,0.22061483268729815,0.01010266431875392
8271.0,0.2207444884383979,0.01010266431875392
8272.0,0.2279860754051608,0.01010266431875392
8273.0,0.23522766237192372,0.01010266431875392
8274.0,0.22802322807628722,0.01010266431875392
8275.0,0.2190471119277049,0.01010266431875392
8276.0,0.21457758272157673,0.01010266431875392
8277.0,0.2148024149138404,0.01010266431875392
8278.0,0.2157389669362271,0.01010266431875392
8279.0,0.22397545613511646,0.01010266431875392
8280.0,0.23221194533400585,0.01010266431875392
8281.0,0.23272179149251962,0.01010266431875392
8282.0,0.2297256565157672,0.01010266431875392
8283.0,0.2283825950609446,0.01010266431875392
8284.0,0.23114800922127063,0.01010266431875392
8285.0,0.23391342338159665,0.01010266431875392
8286.0,0.22968360067637386,0.01010266431875392
8287.0,0.22455330710092303,0.01010266431875392
8288.0,0.21957030420585774,0.01010266431875392
8289.0,0.21474370651347885,0.01010266431875392
8290.0,0.2104149631175303,0.01010266431875392
8291.0,0.2115128315526222,0.01010266431875392
8292.0,0.21261069998771412,0.01010266431875392
8293.0,0.21471407546493276,0.01010266431875392
8294.0,0.21728397793533638,0.01010266431875392
8295.0,0.2197420720708981,0.01010266431875392
8296.0,0.22191564967780042,0.01010266431875392
8297.0,0.22408922728470276,0.01010266431875392
8298.0,0.2253668231930253,0.01010266431875392
8299.0,0.22652357143355598,0.01010266431875392
8300.0,0.2273549069725875,0.01010266431875392
8301.0,0.22783398326224713,0.01010266431875392
8302.0,0.22820810126745292,0.01010266431875392
8303.0,0.22736247678516006,0.01010266431875392
8304.0,0.22651685230286722,0.01010266431875392
8305.0,0.22286964931660472,0.01010266431875392
8306.0,0.217893555995714,0.01010266431875392
8307.0,0.21610002787612745,0.01010266431875392
8308.0,0.22260045755387317,0.01010266431875392
8309.0,0.2291008872316189,0.01010266431875392
8310.0,0.23240832329355293,0.01010266431875392
8311.0,0.2352652410781899,0.01010266431875392
8312.0,0.23537929814756894,0.01010266431875392
8313.0,0.23246651144782773,0.01010266431875392
8314.0,0.22962147971215913,0.01010266431875392
8315.0,0.22761901373937546,0.01010266431875392
8316.0,0.2256165477665918,0.01010266431875392
8317.0,0.22480699079384267,0.01010266431875392
8318.0,0.22457581394232223,0.01010266431875392
8319.0,0.22254919125802594,0.01010266431875392
8320.0,0.21572944005100117,0.01010266431875392
8321.0,0.20890968884397643,0.01010266431875392
8322.0,0.21307225976624936,0.01010266431875392
8323.0,0.21885343739351526,0.01010266431875392
8324.0,0.21965194692642206,0.01010266431875392
8325.0,0.21484495485316527,0.01010266431875392
8326.0,0.21026730492415158,0.01010266431875392
8327.0,0.20875414054321303,0.01010266431875392
8328.0,0.2072409761622745,0.01010266431875392
8329.0,0.20804870330539457,0.01010266431875392
8330.0,0.21000645928269582,0.01010266431875392
8331.0,0.21118255623756343,0.01010266431875392
8332.0,0.21022048277231112,0.01010266431875392
8333.0,0.20925840930705877,0.01010266431875392
8334.0,0.20687497261284618,0.01010266431875392
8335.0,0.2042730160870369,0.01010266431875392
8336.0,0.20618321598521486,0.01010266431875392
8337.0,0.21326844064801828,0.01010266431875392
8338.0,0.21971128325056777,0.01010266431875392
8339.0,0.216887169835809,0.01010266431875392
8340.0,0.21406305642105022,0.01010266431875392
8341.0,0.20884178654495242,0.01010266431875392
8342.0,0.20240676656185203,0.01010266431875392
8343.0,0.1976794354486534,0.01010266431875392
8344.0,0.19773987130405157,0.01010266431875392
8345.0,0.19780030715944974,0.01010266431875392
8346.0,0.20261886523813596,0.01010266431875392
8347.0,0.20819951810189,0.01010266431875392
8348.0,0.21273104013189933,0.01010266431875392
8349.0,0.21603584407766202,0.01010266431875392
8350.0,0.21873364326031702,0.01010266431875392
8351.0,0.21192574785283408,0.01010266431875392
8352.0,0.20511785244535116,0.01010266431875392
8353.0,0.2028318153626613,0.01010266431875392
8354.0,0.20288495453540736,0.01010266431875392
8355.0,0.20140887102758007,0.01010266431875392
8356.0,0.19553716139605387,0.01010266431875392
8357.0,0.18966545176452768,0.01010266431875392
8358.0,0.19460705822000532,0.01010266431875392
8359.0,0.2013508840233131,0.01010266431875392
8360.0,0.20362293828199068,0.01010266431875392
8361.0,0.20056417014668987,0.01010266431875392
8362.0,0.19774603333445115,0.01010266431875392
8363.0,0.1990447845929151,0.01010266431875392
8364.0,0.20034353585137907,0.01010266431875392
8365.0,0.20301638766124516,0.01010266431875392
8366.0,0.20641536967074617,0.01010266431875392
8367.0,0.20687277261183548,0.01010266431875392
8368.0,0.1986587908109808,0.01010266431875392
8369.0,0.19044480901012611,0.01010266431875392
8370.0,0.18989268971370316,0.01010266431875392
8371.0,0.190667907160999,0.01010266431875392
8372.0,0.19421844116202955,0.01010266431875392
8373.0,0.2011421657616007,0.01010266431875392
8374.0,0.20740414535171425,0.01010266431875392
8375.0,0.20120326059696278,0.01010266431875392
8376.0,0.19500237584221128,0.01010266431875392
8377.0,0.19630872517493628,0.01010266431875392
8378.0,0.20166703819258155,0.01010266431875392
8379.0,0.20444916160055393,0.01010266431875392
8380.0,0.1994404893773655,0.01010266431875392
8381.0,0.19443181715417707,0.01010266431875392
8382.0,0.19528033541428008,0.01010266431875392
8383.0,0.19718248425707807,0.01010266431875392
8384.0,0.20010290632296002,0.01010266431875392
8385.0,0.20428522074324784,0.01010266431875392
8386.0,0.2079559021056234,0.01010266431875392
8387.0,0.20092268133537783,0.01010266431875392
8388.0,0.19388946056513232,0.01010266431875392
8389.0,0.19483687178610684,0.01010266431875392
8390.0,0.20018329058509984,0.01010266431875392
8391.0,0.2024256693773972,0.01010266431875392
8392.0,0.1950348205627576,0.01010266431875392
8393.0,0.187643971748118,0.01010266431875392
8394.0,0.1876251041471149,0.01010266431875392
8395.0,0.18898191965008546,0.01010266431875392
8396.0,0.19008292563979434,0.01010266431875392
8397.0,0.1908606940651916,0.01010266431875392
8398.0,0.191360640491044,0.01010266431875392
8399.0,0.1853317699276664,0.01010266431875392
8400.0,0.17930289936428878,0.01010266431875392
8401.0,0.18044369738515112,0.01010266431875392
8402.0,0.18561995614762833,0.01010266431875392
8403.0,0.18919462448872246,0.01010266431875392
8404.0,0.18766673842203022,0.01010266431875392
8405.0,0.186138852355338,0.01010266431875392
8406.0,0.17961175714675548,0.01010266431875392
8407.0,0.1721177661872339,0.01010266431875392
8408.0,0.16893136168029202,0.01010266431875392
8409.0,0.17129511664108854,0.01010266431875392
8410.0,0.17372137009951583,0.01010266431875392
8411.0,0.17782050001115415,0.01010266431875392
8412.0,0.18191962992279248,0.01010266431875392
8413.0,0.17895549592542576,0.01010266431875392
8414.0,0.17193232179886675,0.01010266431875392
8415.0,0.1671741666559674,0.01010266431875392
8416.0,0.16982668900832884,0.01010266431875392
8417.0,0.17247921136069025,0.01010266431875392
8418.0,0.1813347343140189,0.01010266431875392
8419.0,0.19143264499578044,0.01010266431875392
8420.0,0.19096051174846712,0.01010266431875392
8421.0,0.1766005152277177,0.01010266431875392
8422.0,0.16272121018525254,0.01010266431875392
8423.0,0.1637618291027901,0.01010266431875392
8424.0,0.16480244802032765,0.01010266431875392
8425.0,0.1674977757589886,0.01010266431875392
8426.0,0.17116386600604272,0.01010266431875392
8427.0,0.17525933920600067,0.01010266431875392
8428.0,0.18079807866650255,0.01010266431875392
8429.0,0.18633681812700445,0.01010266431875392
8430.0,0.1864130517367164,0.01010266431875392
8431.0,0.18535720080054552,0.01010266431875392
8432.0,0.1847576419432794,0.01010266431875392
8433.0,0.1847694632029743,0.01010266431875392
8434.0,0.1847450595034433,0.01010266431875392
8435.0,0.1833852720798019,0.01010266431875392
8436.0,0.18202548465616047,0.01010266431875392
8437.0,0.1786064075665002,0.01010266431875392
8438.0,0.17395412822003117,0.01010266431875392
8439.0,0.17111777032501188,0.01010266431875392
8440.0,0.1745545956258872,0.01010266431875392
8441.0,0.17799142092676254,0.01010266431875392
8442.0,0.17722684399166896,0.01010266431875392
8443.0,0.17556196657744585,0.01010266431875392
8444.0,0.1771677818422778,0.01010266431875392
8445.0,0.1832429243191196,0.01010266431875392
8446.0,0.18907106315949773,0.01010266431875392
8447.0,0.18371542623783774,0.01010266431875392
8448.0,0.17835978931617774,0.01010266431875392
8449.0,0.17469694303184977,0.01010266431875392
8450.0,0.17206876181791952,0.01010266431875392
8451.0,0.17046983969812626,0.01010266431875392
8452.0,0.1725267558908589,0.01010266431875392
8453.0,0.1745836720835915,0.01010266431875392
8454.0,0.17582194015659333,0.01010266431875392
8455.0,0.1768789532939968,0.01010266431875392
8456.0,0.17740552026255432,0.01010266431875392
8457.0,0.17719281599004802,0.01010266431875392
8458.0,0.17695877947670383,0.01010266431875392
8459.0,0.17547680687438016,0.01010266431875392
8460.0,0.17399483427205653,0.01010266431875392
8461.0,0.17485793654431542,0.01010266431875392
8462.0,0.17718385355315022,0.01010266431875392
8463.0,0.1785884855504966,0.01010266431875392
8464.0,0.1766270818075358,0.01010266431875392
8465.0,0.17466567806457503,0.01010266431875392
8466.0,0.1733478085581471,0.01010266431875392
8467.0,0.17217705971051353,0.01010266431875392
8468.0,0.1707669620165968,0.01010266431875392
8469.0,0.16901662715456306,0.01010266431875392
8470.0,0.1672498062563884,0.01010266431875392
8471.0,0.1641261845837125,0.01010266431875392
8472.0,0.16100256291103657,0.01010266431875392
8473.0,0.15759884440778713,0.01010266431875392
8474.0,0.15401683244067654,0.01010266431875392
8475.0,0.1542162146462854,0.01010266431875392
8476.0,0.16863363894132458,0.01010266431875392
8477.0,0.18305106323636372,0.01010266431875392
8478.0,0.17865725817243341,0.01010266431875392
8479.0,0.16982578920929114,0.01010266431875392
8480.0,0.1637654067095582,0.01010266431875392
8481.0,0.1617230995817551,0.01010266431875392
8482.0,0.15969053890231175,0.01010266431875392
8483.0,0.1590013636885551,0.01010266431875392
8484.0,0.1583121884747985,0.01010266431875392
8485.0,0.15915693879425058,0.01010266431875392
8486.0,0.16099798134121293,0.01010266431875392
8487.0,0.1634704004783271,0.01010266431875392
8488.0,0.16838709623929907,0.01010266431875392
8489.0,0.17330379200027105,0.01010266431875392
8490.0,0.1669974923056238,0.01010266431875392
8491.0,0.15796082207477183,0.01010266431875392
8492.0,0.15431032924093657,0.01010266431875392
8493.0,0.1586268904734824,0.01010266431875392
8494.0,0.16292967018891283,0.01010266431875392
8495.0,0.16150622954243452,0.01010266431875392
8496.0,0.16008278889595626,0.01010266431875392
8497.0,0.16091913177746878,0.01010266431875392
8498.0,0.1632529759190455,0.01010266431875392
8499.0,0.16391639245987535,0.01010266431875392
8500.0,0.15791810371871345,0.01010266431875392
8501.0,0.15191981497755153,0.01010266431875392
8502.0,0.15166019455118857,0.01010266431875392
8503.0,0.15283954951307716,0.01010266431875392
8504.0,0.15430134856150513,0.01010266431875392
8505.0,0.1561893659453407,0.01010266431875392
8506.0,0.1580773833291762,0.01010266431875392
8507.0,0.16193444972969484,0.01010266431875392
8508.0,0.16579625511701615,0.01010266431875392
8509.0,0.15988819643424806,0.01010266431875392
8510.0,0.14737515922523947,0.01010266431875392
8511.0,0.13851415431913414,0.01010266431875392
8512.0,0.14466457053529008,0.01010266431875392
8513.0,0.15081498675144603,0.01010266431875392
8514.0,0.15831037370391887,0.01010266431875392
8515.0,0.16615317756864337,0.01010266431875392
8516.0,0.16838868081743358,0.01010266431875392
8517.0,0.1619909925691343,0.01010266431875392
8518.0,0.15559330432083504,0.01010266431875392
8519.0,0.15173193691745415,0.01010266431875392
8520.0,0.14788897087449446,0.01010266431875392
8521.0,0.14891926013496248,0.01010266431875392
8522.0,0.1533104151219438,0.01010266431875392
8523.0,0.15618124323562574,0.01010266431875392
8524.0,0.15260741529525615,0.01010266431875392
8525.0,0.14903358735488656,0.01010266431875392
8526.0,0.14444246864483154,0.01010266431875392
8527.0,0.13958079387900915,0.01010266431875392
8528.0,0.13825132460757908,0.01010266431875392
8529.0,0.14247090656035236,0.01010266431875392
8530.0,0.14669048851312558,0.01010266431875392
8531.0,0.15228407519828738,0.01010266431875392
8532.0,0.15789435695917553,0.01010266431875392
8533.0,0.15631559152709515,0.01010266431875392
8534.0,0.14967950046232423,0.01010266431875392
8535.0,0.14305005101180723,0.01010266431875392
8536.0,0.1364496532675107,0.01010266431875392
8537.0,0.12984925552321422,0.01010266431875392
8538.0,0.13004492111691227,0.01010266431875392
8539.0,0.1321006713245215,0.01010266431875392
8540.0,0.13747130813096975,0.01010266431875392
8541.0,0.1481561225162031,0.01010266431875392
8542.0,0.1588409369014365,0.01010266431875392
8543.0,0.154530114849705,0.01010266431875392
8544.0,0.14996295713240476,0.01010266431875392
8545.0,0.14784995113572236,0.01010266431875392
8546.0,0.14749786224991673,0.01010266431875392
8547.0,0.14694909179001536,0.01010266431875392
8548.0,0.14551199792923342,0.01010266431875392
8549.0,0.14407490406845144,0.01010266431875392
8550.0,0.13839072334157526,0.01010266431875392
8551.0,0.1315108243124044,0.01010266431875392
8552.0,0.13381035793939625,0.01010266431875392
8553.0,0.15112814056400692,0.01010266431875392
8554.0,0.16844592318861756,0.01010266431875392
8555.0,0.16182708457410713,0.01010266431875392
8556.0,0.1546795843862596,0.01010266431875392
8557.0,0.1505394010712835,0.01010266431875392
8558.0,0.1485999985031876,0.01010266431875392
8559.0,0.1481757928862071,0.01010266431875392
8560.0,0.15482250637439518,0.01010266431875392
8561.0,0.16146921986258328,0.01010266431875392
8562.0,0.15767322972852793,0.01010266431875392
8563.0,0.15085435170384376,0.01010266431875392
8564.0,0.14356813414077277,0.01010266431875392
8565.0,0.1355015194639206,0.01010266431875392
8566.0,0.12743490478706845,0.01010266431875392
8567.0,0.14061410964720733,0.01010266431875392
8568.0,0.1543696499325118,0.01010266431875392
8569.0,0.16094131209262483,0.01010266431875392
8570.0,0.16215142160585946,0.01010266431875392
8571.0,0.16058046213510527,0.01010266431875392
8572.0,0.1455903586156681,0.01010266431875392
8573.0,0.13060025509623097,0.01010266431875392
8574.0,0.1371395723711428,0.01010266431875392
8575.0,0.15008406000693356,0.01010266431875392
8576.0,0.1557173623945741,0.01010266431875392
8577.0,0.1488884172001502,0.01010266431875392
8578.0,0.14205947200572633,0.01010266431875392
8579.0,0.13844242110114016,0.01010266431875392
8580.0,0.13492885130130503,0.01010266431875392
8581.0,0.133918288291918,0.01010266431875392
8582.0,0.13481276216320204,0.01010266431875392
8583.0,0.13638123446278427,0.01010266431875392
8584.0,0.1413148499943092,0.01010266431875392
8585.0,0.14624846552583415,0.01010266431875392
8586.0,0.1446687623587068,0.01010266431875392
8587.0,0.14109831131346606,0.01010266431875392
8588.0,0.1400951778983076,0.01010266431875392
8589.0,0.14355951496443287,0.01010266431875392
8590.0,0.14702385203055812,0.01010266431875392
8591.0,0.14548808577934275,0.01010266431875392
8592.0,0.1437655161663294,0.01010266431875392
8593.0,0.14316524007849613,0.01010266431875392
8594.0,0.14343599777139454,0.01010266431875392
8595.0,0.1423577003880908,0.01010266431875392
8596.0,0.134304288610797,0.01010266431875392
8597.0,0.12625087683350314,0.01010266431875392
8598.0,0.1249022589729077,0.01010266431875392
8599.0,0.12565814267291062,0.01010266431875392
8600.0,0.1287018166080668,0.01010266431875392
8601.0,0.13581013119432878,0.01010266431875392
8602.0,0.14291844578059074,0.01010266431875392
8603.0,0.14084227255886184,0.01010266431875392
8604.0,0.13837527006870332,0.01010266431875392
8605.0,0.13390099883758294,0.01010266431875392
8606.0,0.12783817944157222,0.01010266431875392
8607.0,0.1230338334912895,0.01010266431875392
8608.0,0.12497336814328285,0.01010266431875392
8609.0,0.1269129027952762,0.01010266431875392
8610.0,0.12491181243184647,0.01010266431875392
8611.0,0.12164096511899612,0.01010266431875392
8612.0,0.12049069809361197,0.01010266431875392
8613.0,0.12318756490053465,0.01010266431875392
8614.0,0.12588443170745733,0.01010266431875392
8615.0,0.13150033461135743,0.01010266431875392
8616.0,0.13725576376894977,0.01010266431875392
8617.0,0.13861199648840522,0.01010266431875392
8618.0,0.13641833533587705,0.01010266431875392
8619.0,0.13521101452716616,0.01010266431875392
8620.0,0.13948681405491709,0.01010266431875392
8621.0,0.14376261358266806,0.01010266431875392
8622.0,0.13703147283291858,0.01010266431875392
8623.0,0.12666065694347334,0.01010266431875392
8624.0,0.12118838791488404,0.01010266431875392
8625.0,0.12479185125514204,0.01010266431875392
8626.0,0.12839531459540007,0.01010266431875392
8627.0,0.12171622897754751,0.01010266431875392
8628.0,0.1144911673088253,0.01010266431875392
8629.0,0.11149403546833662,0.01010266431875392
8630.0,0.11197546296135126,0.01010266431875392
8631.0,0.11286396406513406,0.01010266431875392
8632.0,0.11610223967007684,0.01010266431875392
8633.0,0.11934051527501961,0.01010266431875392
8634.0,0.12284090370901102,0.01010266431875392
8635.0,0.1264302082313132,0.01010266431875392
8636.0,0.12909339628481475,0.01010266431875392
8637.0,0.13000403754840031,0.01010266431875392
8638.0,0.13091467881198587,0.01010266431875392
8639.0,0.1297208084257541,0.01010266431875392
8640.0,0.12840392973470613,0.01010266431875392
8641.0,0.12727441117518518,0.01010266431875392
8642.0,0.12630206005491462,0.01010266431875392
8643.0,0.12470564153397419,0.01010266431875392
8644.0,0.11936481860906208,0.01010266431875392
8645.0,0.11402399568414996,0.01010266431875392
8646.0,0.11548616845351282,0.01010266431875392
8647.0,0.11931507920712772,0.01010266431875392
8648.0,0.12117103905247553,0.01010266431875392
8649.0,0.11921309027586684,0.01010266431875392
8650.0,0.11725514149925813,0.01010266431875392
8651.0,0.11783777911558808,0.01010266431875392
8652.0,0.11858265085662376,0.01010266431875392
8653.0,0.11569680150525849,0.01010266431875392
8654.0,0.10970583656484248,0.01010266431875392
8655.0,0.10573335463409968,0.01010266431875392
8656.0,0.11436322749417357,0.01010266431875392
8657.0,0.12299310035424749,0.01010266431875392
8658.0,0.1319885510641623,0.01010266431875392
8659.0,0.1411143951765444,0.01010266431875392
8660.0,0.14286172894764948,0.01010266431875392
8661.0,0.13003650479467854,0.01010266431875392
8662.0,0.11721128064170759,0.01010266431875392
8663.0,0.11628505246437311,0.01010266431875392
8664.0,0.11618365841113258,0.01010266431875392
8665.0,0.11637332950154188,0.01010266431875392
8666.0,0.11681678323405482,0.01010266431875392
8667.0,0.11746171014683628,0.01010266431875392
8668.0,0.11941712026820563,0.01010266431875392
8669.0,0.12137253038957496,0.01010266431875392
8670.0,0.1155031685793013,0.01010266431875392
8671.0,0.10677327539075206,0.01010266431875392
8672.0,0.10221148396632476,0.01010266431875392
8673.0,0.10606140516008825,0.01010266431875392
8674.0,0.10991132635385172,0.01010266431875392
8675.0,0.11651376577285787,0.01010266431875392
8676.0,0.12332220010420479,0.01010266431875392
8677.0,0.12708505182485985,0.01010266431875392
8678.0,0.1281407190026824,0.01010266431875392
8679.0,0.1290864967659348,0.01010266431875392
8680.0,0.12928666971630354,0.01010266431875392
8681.0,0.12948684266667224,0.01010266431875392
8682.0,0.12482632291395275,0.01010266431875392
8683.0,0.11834504863385083,0.01010266431875392
8684.0,0.11542498446188458,0.01010266431875392
8685.0,0.11984991613795064,0.01010266431875392
8686.0,0.1242748478140167,0.01010266431875392
8687.0,0.11579536542518314,0.01010266431875392
8688.0,0.10627817399352266,0.01010266431875392
8689.0,0.1035546049780836,0.01010266431875392
8690.0,0.10698727046336538,0.01010266431875392
8691.0,0.11063024034054142,0.01010266431875392
8692.0,0.11576371707289826,0.01010266431875392
8693.0,0.1208971938052551,0.01010266431875392
8694.0,0.12137415538581138,0.01010266431875392
8695.0,0.12006431464069173,0.01010266431875392
8696.0,0.118686383959905,0.01010266431875392
8697.0,0.11716490546698442,0.01010266431875392
8698.0,0.11564342697406386,0.01010266431875392
8699.0,0.11611003179788848,0.01010266431875392
8700.0,0.11674771028390847,0.01010266431875392
8701.0,0.113461994956607,0.01010266431875392
8702.0,0.106551897353737,0.01010266431875392
8703.0,0.10149544286520354,0.01010266431875392
8704.0,0.11018216055773696,0.01010266431875392
8705.0,0.11886887825027036,0.01010266431875392
8706.0,0.11994033157930648,0.01010266431875392
8707.0,0.11801916429727277,0.01010266431875392
8708.0,0.11669815015569683,0.01010266431875392
8709.0,0.11667064789639131,0.01010266431875392
8710.0,0.1166431456370858,0.01010266431875392
8711.0,0.11898856881286494,0.01010266431875392
8712.0,0.12155169156984649,0.01010266431875392
8713.0,0.12209282068564294,0.01010266431875392
8714.0,0.120729787957538,0.01010266431875392
8715.0,0.12015887825682571,0.01010266431875392
8716.0,0.12574151375837414,0.01010266431875392
8717.0,0.13132414925992258,0.01010266431875392
8718.0,0.12644506902726443,0.01010266431875392
8719.0,0.11735664525846505,0.01010266431875392
8720.0,0.1106448332636448,0.01010266431875392
8721.0,0.10917070798606825,0.01010266431875392
8722.0,0.10769658270849168,0.01010266431875392
8723.0,0.1118613916379801,0.01010266431875392
8724.0,0.116575978079095,0.01010266431875392
8725.0,0.11470573443314781,0.01010266431875392
8726.0,0.10651405390362383,0.01010266431875392
8727.0,0.10052915466674955,0.01010266431875392
8728.0,0.11253801058522511,0.01010266431875392
8729.0,0.12454686650370067,0.01010266431875392
8730.0,0.12270008611677505,0.01010266431875392
8731.0,0.11514666230234771,0.01010266431875392
8732.0,0.10684233387679225,0.01010266431875392
8733.0,0.09684553685507263,0.01010266431875392
8734.0,0.08684873983335302,0.01010266431875392
8735.0,0.08918693672685055,0.01010266431875392
8736.0,0.09279947736258169,0.01010266431875392
8737.0,0.10098428042544602,0.01010266431875392
8738.0,0.11364360158801388,0.01010266431875392
8739.0,0.12454400123364247,0.01010266431875392
8740.0,0.12036215430888332,0.01010266431875392
8741.0,0.11618030738412416,0.01010266431875392
8742.0,0.11609945730661526,0.01010266431875392
8743.0,0.11774718439851425,0.01010266431875392
8744.0,0.11503534946584253,0.01010266431875392
8745.0,0.10227230208763205,0.01010266431875392
8746.0,0.08950925470942157,0.01010266431875392
8747.0,0.09345467183630261,0.01010266431875392
8748.0,0.09922444860287867,0.01010266431875392
8749.0,0.10298818567893128,0.01010266431875392
8750.0,0.10475069371119268,0.01010266431875392
8751.0,0.10649076613494565,0.01010266431875392
8752.0,0.10802810715651723,0.01010266431875392
8753.0,0.10956544817808879,0.01010266431875392
8754.0,0.10952802623768834,0.01010266431875392
8755.0,0.10881145394770868,0.01010266431875392
8756.0,0.10882719873038621,0.01010266431875392
8757.0,0.11057038499493362,0.01010266431875392
8758.0,0.11231357125948101,0.01010266431875392
8759.0,0.1028525909461747,0.01010266431875392
8760.0,0.09210170658241713,0.01010266431875392
8761.0,0.09156067090196862,0.01010266431875392
8762.0,0.10140253218762126,0.01010266431875392
8763.0,0.10962523962096897,0.01010266431875392
8764.0,0.10239425079337919,0.01010266431875392
8765.0,0.0951632619657894,0.01010266431875392
8766.0,0.09230466929183347,0.01010266431875392
8767.0,0.09137507492094858,0.01010266431875392
8768.0,0.09260109427062274,0.01010266431875392
8769.0,0.09903062378998856,0.01010266431875392
8770.0,0.1054601533093544,0.01010266431875392
8771.0,0.10777546387217679,0.01010266431875392
8772.0,0.10959241682250336,0.01010266431875392
8773.0,0.10765227524913017,0.01010266431875392
8774.0,0.1018172483993511,0.01010266431875392
8775.0,0.09673161293497111,0.01010266431875392
8776.0,0.09921982640566959,0.01010266431875392
8777.0,0.10170803987636808,0.01010266431875392
8778.0,0.10583526439442885,0.01010266431875392
8779.0,0.11070204267776051,0.01010266431875392
8780.0,0.11377506567883076,0.01010266431875392
8781.0,0.11241601833663137,0.01010266431875392
8782.0,0.11105697099443199,0.01010266431875392
8783.0,0.10631674120240771,0.01010266431875392
8784.0,0.10114642866305106,0.01010266431875392
8785.0,0.09713792508955496,0.01010266431875392
8786.0,0.094357209756523,0.01010266431875392
8787.0,0.09157728499760844,0.01010266431875392
8788.0,0.08880584499189753,0.01010266431875392
8789.0,0.08603440498618663,0.01010266431875392
8790.0,0.08442762156227533,0.01010266431875392
8791.0,0.0833582147717181,0.01010266431875392
8792.0,0.08694734795692513,0.01010266431875392
8793.0,0.10232100811474154,0.01010266431875392
8794.0,0.11769466827255794,0.01010266431875392
8795.0,0.10685398637838073,0.01010266431875392
8796.0,0.09251805887727463,0.01010266431875392
8797.0,0.08994964517199239,0.01010266431875392
8798.0,0.10005845331155998,0.01010266431875392
8799.0,0.1088966607140689,0.01010266431875392
8800.0,0.10320829849571354,0.01010266431875392
8801.0,0.09751993627735821,0.01010266431875392
8802.0,0.09451444640366988,0.01010266431875392
8803.0,0.09277455178796991,0.01010266431875392
8804.0,0.0938666648335502,0.01010266431875392
8805.0,0.1022951425533938,0.01010266431875392
8806.0,0.11072362027323736,0.01010266431875392
8807.0,0.10610376913042956,0.01010266431875392
8808.0,0.09966322093702738,0.01010266431875392
8809.0,0.09840960995879691,0.01010266431875392
8810.0,0.10285248418410928,0.01010266431875392
8811.0,0.10657761695127795,0.01010266431875392
8812.0,0.1015303541188549,0.01010266431875392
8813.0,0.09648309128643184,0.01010266431875392
8814.0,0.09570832254957569,0.01010266431875392
8815.0,0.09699377783389164,0.01010266431875392
8816.0,0.0972491386510848,0.01010266431875392
8817.0,0.09477113476385698,0.01010266431875392
8818.0,0.09229313087662916,0.01010266431875392
8819.0,0.0908785954413011,0.01010266431875392
8820.0,0.08961911867984146,0.01010266431875392
8821.0,0.09236768086586161,0.01010266431875392
8822.0,0.09960361490145407,0.01010266431875392
8823.0,0.10563706160148466,0.01010266431875392
8824.0,0.09589550495022595,0.01010266431875392
8825.0,0.08615394829896723,0.01010266431875392
8826.0,0.08423937206808972,0.01010266431875392
8827.0,0.08618217866087058,0.01010266431875392
8828.0,0.08886320187635004,0.01010266431875392
8829.0,0.0935512515347832,0.01010266431875392
8830.0,0.09823930119321639,0.01010266431875392
8831.0,0.10041222917842073,0.01010266431875392
8832.0,0.10220249688138912,0.01010266431875392
8833.0,0.10088492262084028,0.01010266431875392
8834.0,0.09602009429398713,0.01010266431875392
8835.0,0.09143879428833696,0.01010266431875392
8836.0,0.090868131262594,0.01010266431875392
8837.0,0.09029746823685107,0.01010266431875392
8838.0,0.08982172294375083,0.01010266431875392
8839.0,0.08939377918026652,0.01010266431875392
8840.0,0.0890861780024678,0.01010266431875392
8841.0,0.08911389502932737,0.01010266431875392
8842.0,0.08914161205618695,0.01010266431875392
8843.0,0.09003805389007119,0.01010266431875392
8844.0,0.0910722351231223,0.01010266431875392
8845.0,0.0921724304005312,0.01010266431875392
8846.0,0.09334944202046547,0.01010266431875392
8847.0,0.09440428644309085,0.01010266431875392
8848.0,0.09358590050700176,0.01010266431875392
8849.0,0.09276751457091266,0.01010266431875392
8850.0,0.09180134476320598,0.01010266431875392
8851.0,0.0907591334361031,0.01010266431875392
8852.0,0.09014275180647577,0.01010266431875392
8853.0,0.09074274482194244,0.01010266431875392
8854.0,0.09134273783740912,0.01010266431875392
8855.0,0.09053789720232695,0.01010266431875392
8856.0,0.08950120989484685,0.01010266431875392
8857.0,0.08567930151169838,0.01010266431875392
8858.0,0.07855314135374931,0.01010266431875392
8859.0,0.07203418549821813,0.01010266431875392
8860.0,0.07566975265739107,0.01010266431875392
8861.0,0.07930531981656401,0.01010266431875392
8862.0,0.0771069968692068,0.01010266431875392
8863.0,0.0718421419427715,0.01010266431875392
8864.0,0.07068057906599054,0.01010266431875392
8865.0,0.08153856507050189,0.01010266431875392
8866.0,0.09239655107501323,0.01010266431875392
8867.0,0.09036104577474179,0.01010266431875392
8868.0,0.086113155187302,0.01010266431875392
8869.0,0.0840377478264146,0.01010266431875392
8870.0,0.08459006553531827,0.01010266431875392
8871.0,0.08541369319293522,0.01010266431875392
8872.0,0.09122185246630284,0.01010266431875392
8873.0,0.09703001173967046,0.01010266431875392
8874.0,0.096689940028036,0.01010266431875392
8875.0,0.09304888083183459,0.01010266431875392
8876.0,0.08919046162927828,0.01010266431875392
8877.0,0.08467891740762841,0.01010266431875392
8878.0,0.08016737318597852,0.01010266431875392
8879.0,0.07744272934277173,0.01010266431875392
8880.0,0.07503654299275055,0.01010266431875392
8881.0,0.07547462028687875,0.01010266431875392
8882.0,0.07942036856307441,0.01010266431875392
8883.0,0.0834019625600083,0.01010266431875392
8884.0,0.08811333866633113,0.01010266431875392
8885.0,0.09282471477265396,0.01010266431875392
8886.0,0.09345072210083429,0.01010266431875392
8887.0,0.09183661086107811,0.01010266431875392
8888.0,0.09019434487595958,0.01010266431875392
8889.0,0.08846526842597324,0.01010266431875392
8890.0,0.08673619197598692,0.01010266431875392
8891.0,0.08936325177677347,0.01010266431875392
8892.0,0.0927958559766993,0.01010266431875392
8893.0,0.09226944763717768,0.01010266431875392
8894.0,0.08676476878734639,0.01010266431875392
8895.0,0.08118460657375313,0.01010266431875392
8896.0,0.07388342366640226,0.01010266431875392
8897.0,0.06658224075905136,0.01010266431875392
8898.0,0.06954591024375273,0.01010266431875392
8899.0,0.07825712816518272,0.01010266431875392
8900.0,0.08627650566109203,0.01010266431875392
8901.0,0.0921062082102213,0.01010266431875392
8902.0,0.09793591075935056,0.01010266431875392
8903.0,0.09706722647274448,0.01010266431875392
8904.0,0.09491444513896041,0.01010266431875392
8905.0,0.0915704386476374,0.01010266431875392
8906.0,0.08669905305021154,0.01010266431875392
8907.0,0.08185124437408754,0.01010266431875392
8908.0,0.07761339346840639,0.01010266431875392
8909.0,0.0733755425627252,0.01010266431875392
8910.0,0.07674211036523225,0.01010266431875392
8911.0,0.08445610999522879,0.01010266431875392
8912.0,0.08786291399883403,0.01010266431875392
8913.0,0.07727133221665092,0.01010266431875392
8914.0,0.0666797504344678,0.01010266431875392
8915.0,0.07314427643520437,0.01010266431875392
8916.0,0.08299548283024179,0.01010266431875392
8917.0,0.08510633721988957,0.01010266431875392
8918.0,0.07709684217315502,0.01010266431875392
8919.0,0.06956238789645561,0.01010266431875392
8920.0,0.0762087803107585,0.01010266431875392
8921.0,0.0828551727250614,0.01010266431875392
8922.0,0.084232693809594,0.01010266431875392
8923.0,0.08253503714083997,0.01010266431875392
8924.0,0.07782994034897947,0.01010266431875392
8925.0,0.06308437939613203,0.01010266431875392
8926.0,0.04833881844328456,0.01010266431875392
8927.0,0.05603501807965586,0.01010266431875392
8928.0,0.06834298327848089,0.01010266431875392
8929.0,0.07670774903562239,0.01010266431875392
8930.0,0.07981491553720815,0.01010266431875392
8931.0,0.08272339440794407,0.01010266431875392
8932.0,0.07863461323561849,0.01010266431875392
8933.0,0.07454583206329289,0.01010266431875392
8934.0,0.06873020212236557,0.01010266431875392
8935.0,0.06188574082696523,0.01010266431875392
8936.0,0.05870276113273198,0.01010266431875392
8937.0,0.06808177948501744,0.01010266431875392
8938.0,0.07746079783730292,0.01010266431875392
8939.0,0.08105731463222601,0.01010266431875392
8940.0,0.08342494463329203,0.01010266431875392
8941.0,0.08515539666092051,0.01010266431875392
8942.0,0.08601943104761914,0.01010266431875392
8943.0,0.08677534143141158,0.01010266431875392
8944.0,0.08289899190122935,0.01010266431875392
8945.0,0.07902264237104714,0.01010266431875392
8946.0,0.07847203484106488,0.01010266431875392
8947.0,0.07994383798687582,0.01010266431875392
8948.0,0.080528013524092,0.01010266431875392
8949.0,0.07798137211579223,0.01010266431875392
8950.0,0.07543473070749246,0.01010266431875392
8951.0,0.07386682871733946,0.01010266431875392
8952.0,0.07251387681902023,0.01010266431875392
8953.0,0.07427590540918516,0.01010266431875392
8954.0,0.08035784963380996,0.01010266431875392
8955.0,0.08627806557601048,0.01010266431875392
8956.0,0.08337869918354551,0.01010266431875392
8957.0,0.08047933279108054,0.01010266431875392
8958.0,0.07789610668776913,0.01010266431875392
8959.0,0.07550908438259077,0.01010266431875392
8960.0,0.07381110055906437,0.01010266431875392
8961.0,0.07461279522728963,0.01010266431875392
8962.0,0.07541448989551486,0.01010266431875392
8963.0,0.07747742064680736,0.01010266431875392
8964.0,0.07982640494271324,0.01010266431875392
8965.0,0.07524013964289174,0.01010266431875392
8966.0,0.06084401404535974,0.01010266431875392
8967.0,0.04675771579828383,0.01010266431875392
8968.0,0.055823970465712865,0.01010266431875392
8969.0,0.06489022513314188,0.01010266431875392
8970.0,0.06727833993724758,0.01010266431875392
8971.0,0.06543696616123788,0.01010266431875392
8972.0,0.063513524487245,0.01010266431875392
8973.0,0.061283727080442885,0.01010266431875392
8974.0,0.05905392967364077,0.01010266431875392
8975.0,0.06429993910820264,0.01010266431875392
8976.0,0.07129584110711018,0.01010266431875392
8977.0,0.07754352005302409,0.01010266431875392
8978.0,0.08271165136822903,0.01010266431875392
8979.0,0.0877542670922763,0.01010266431875392
8980.0,0.07798604306178605,0.01010266431875392
8981.0,0.06821781903129583,0.01010266431875392
8982.0,0.05866249793419655,0.01010266431875392
8983.0,0.04924476430590936,0.01010266431875392
8984.0,0.04478687237794473,0.01010266431875392
8985.0,0.05938976744944986,0.01010266431875392
8986.0,0.07399266252095499,0.01010266431875392
8987.0,0.06824663522787852,0.01010266431875392
8988.0,0.057587753354998265,0.01010266431875392
8989.0,0.05354821476105568,0.01010266431875392
8990.0,0.05925109238777452,0.01010266431875392
8991.0,0.06495857854794299,0.01010266431875392
8992.0,0.07194109229529513,0.01010266431875392
8993.0,0.07892360604264728,0.01010266431875392
8994.0,0.07582765075453317,0.01010266431875392
8995.0,0.06608633042511002,0.01010266431875392
8996.0,0.059182427803128795,0.01010266431875392
8997.0,0.06350997027306367,0.01010266431875392
8998.0,0.06783751274299854,0.01010266431875392
8999.0,0.07147739306931207,0.01010266431875392
9000.0,0.0749461310930163,0.01010266431875392
9001.0,0.07589647209924762,0.01010266431875392
9002.0,0.07306543620236103,0.01010266431875392
9003.0,0.07023440030547441,0.01010266431875392
9004.0,0.069159256942698,0.01010266431875392
9005.0,0.06808622402767876,0.01010266431875392
9006.0,0.06793218198262842,0.01010266431875392
9007.0,0.06839633660713407,0.01010266431875392
9008.0,0.06835147348490785,0.01010266431875392
9009.0,0.06623019040801419,0.01010266431875392
9010.0,0.06410890733112053,0.01010266431875392
9011.0,0.06476164040834677,0.01010266431875392
9012.0,0.06612565967893093,0.01010266431875392
9013.0,0.06588269218154474,0.01010266431875392
9014.0,0.06317795772045967,0.01010266431875392
9015.0,0.060473223259374584,0.01010266431875392
9016.0,0.06488356483664919,0.01010266431875392
9017.0,0.06933687184893468,0.01010266431875392
9018.0,0.06843067653759605,0.01010266431875392
9019.0,0.0638466041256466,0.01010266431875392
9020.0,0.06139444956559068,0.01010266431875392
9021.0,0.06790967447008901,0.01010266431875392
9022.0,0.07442489937458732,0.01010266431875392
9023.0,0.06663759083051825,0.01010266431875392
9024.0,0.05507389257468707,0.01010266431875392
9025.0,0.0500612044289327,0.01010266431875392
9026.0,0.05528824900906551,0.01010266431875392
9027.0,0.06051529358919832,0.01010266431875392
9028.0,0.06084312167042779,0.01010266431875392
9029.0,0.061117438891834255,0.01010266431875392
9030.0,0.06027692927949478,0.01010266431875392
9031.0,0.05865604088353727,0.01010266431875392
9032.0,0.057893914224547025,0.01010266431875392
9033.0,0.060858593308679855,0.01010266431875392
9034.0,0.0638232723928127,0.01010266431875392
9035.0,0.06419568302347282,0.01010266431875392
9036.0,0.06386362986067155,0.01010266431875392
9037.0,0.06303800256603344,0.01010266431875392
9038.0,0.061425116843047536,0.01010266431875392
9039.0,0.059812231120061635,0.01010266431875392
9040.0,0.06137538917284783,0.01010266431875392
9041.0,0.06298889913915433,0.01010266431875392
9042.0,0.05971430592654324,0.01010266431875392
9043.0,0.052949647275510714,0.01010266431875392
9044.0,0.048615813231059735,0.01010266431875392
9045.0,0.05517271311475964,0.01010266431875392
9046.0,0.061729612998459533,0.01010266431875392
9047.0,0.06636317206175006,0.01010266431875392
9048.0,0.07045902293869184,0.01010266431875392
9049.0,0.06857902990992455,0.01010266431875392
9050.0,0.05697179569714865,0.01010266431875392
9051.0,0.04536456148437274,0.01010266431875392
9052.0,0.05049452843856603,0.01010266431875392
9053.0,0.05597318708374172,0.01010266431875392
9054.0,0.05493603466495739,0.01010266431875392
9055.0,0.04915396589047193,0.01010266431875392
9056.0,0.046297596689493806,0.01010266431875392
9057.0,0.056982472136107104,0.01010266431875392
9058.0,0.06766734758272042,0.01010266431875392
9059.0,0.06791409252065737,0.01010266431875392
9060.0,0.06516007660137342,0.01010266431875392
9061.0,0.06510392450843779,0.01010266431875392
9062.0,0.06952984650397481,0.01010266431875392
9063.0,0.07395576849951183,0.01010266431875392
9064.0,0.075077037292337,0.01010266431875392
9065.0,0.07611284091612705,0.01010266431875392
9066.0,0.07418138391783866,0.01010266431875392
9067.0,0.07004620825671494,0.01010266431875392
9068.0,0.06634906853429418,0.01010266431875392
9069.0,0.06474780910190243,0.01010266431875392
9070.0,0.06314654966951068,0.01010266431875392
9071.0,0.06904230301269305,0.01010266431875392
9072.0,0.07715334784477418,0.01010266431875392
9073.0,0.0796094639511107,0.01010266431875392
9074.0,0.07247599218596161,0.01010266431875392
9075.0,0.06534252042081255,0.01010266431875392
9076.0,0.060211192653536,0.01010266431875392
9077.0,0.05514181241094498,0.01010266431875392
9078.0,0.05257793908460247,0.01010266431875392
9079.0,0.05191169652394844,0.01010266431875392
9080.0,0.05278924184846085,0.01010266431875392
9081.0,0.0613085372044703,0.01010266431875392
9082.0,0.06982783256047974,0.01010266431875392
9083.0,0.06608910229133586,0.01010266431875392
9084.0,0.05862884311565145,0.01010266431875392
9085.0,0.052813934061381795,0.01010266431875392
9086.0,0.049847368823850664,0.01010266431875392
9087.0,0.04688080358631953,0.01010266431875392
9088.0,0.05082417735974591,0.01010266431875392
9089.0,0.0550167902268444,0.01010266431875392
9090.0,0.05349199602956114,0.01010266431875392
9091.0,0.047551417227225556,0.01010266431875392
9092.0,0.04258922502628037,0.01010266431875392
9093.0,0.042641264157462305,0.01010266431875392
9094.0,0.042693303288644235,0.01010266431875392
9095.0,0.0420678621724282,0.01010266431875392
9096.0,0.041231175246787766,0.01010266431875392
9097.0,0.0427642677965341,0.01010266431875392
9098.0,0.048485807791167845,0.01010266431875392
9099.0,0.054207347785801586,0.01010266431875392
9100.0,0.05970711234515444,0.01010266431875392
9101.0,0.06519772866780225,0.01010266431875392
9102.0,0.06772968017124562,0.01010266431875392
9103.0,0.06793152440291113,0.01010266431875392
9104.0,0.06694414775648348,0.01010266431875392
9105.0,0.05964128750747129,0.01010266431875392
9106.0,0.05233842725845907,0.01010266431875392
9107.0,0.05275027377307549,0.01010266431875392
9108.0,0.05563180454481773,0.01010266431875392
9109.0,0.054320206180212334,0.01010266431875392
9110.0,0.04544120977827278,0.01010266431875392
9111.0,0.03656221337633324,0.01010266431875392
9112.0,0.03619523566108907,0.01010266431875392
9113.0,0.03622391710588943,0.01010266431875392
9114.0,0.04225011319460013,0.01010266431875392
9115.0,0.053092495285233444,0.01010266431875392
9116.0,0.06182615164746735,0.01010266431875392
9117.0,0.058945342083815175,0.01010266431875392
9118.0,0.056064532520163,0.01010266431875392
9119.0,0.05221010410316807,0.01010266431875392
9120.0,0.048035794531807334,0.01010266431875392
9121.0,0.04654987197336193,0.01010266431875392
9122.0,0.0500186558551067,0.01010266431875392
9123.0,0.05348743973685148,0.01010266431875392
9124.0,0.05743435741767628,0.01010266431875392
9125.0,0.06140602697446344,0.01010266431875392
9126.0,0.06160928444811239,0.01010266431875392
9127.0,0.05872705167902526,0.01010266431875392
9128.0,0.05632637160656272,0.01010266431875392
9129.0,0.05667908558175173,0.01010266431875392
9130.0,0.05703179955694074,0.01010266431875392
9131.0,0.05192415241885241,0.01010266431875392
9132.0,0.04497593411900013,0.01010266431875392
9133.0,0.040924401440346425,0.01010266431875392
9134.0,0.042325453460415885,0.01010266431875392
9135.0,0.043726505480485345,0.01010266431875392
9136.0,0.04198880667844476,0.01010266431875392
9137.0,0.04007186449189489,0.01010266431875392
9138.0,0.04202037372823509,0.01010266431875392
9139.0,0.04719576862375873,0.01010266431875392
9140.0,0.05132873183239653,0.01010266431875392
9141.0,0.04926791343476992,0.01010266431875392
9142.0,0.04720709503714331,0.01010266431875392
9143.0,0.04906743026764624,0.01010266431875392
9144.0,0.05228338242289772,0.01010266431875392
9145.0,0.05388473445773703,0.01010266431875392
9146.0,0.05238152205052791,0.01010266431875392
9147.0,0.05087830964331878,0.01010266431875392
9148.0,0.05140464064809686,0.01010266431875392
9149.0,0.05205781811612611,0.01010266431875392
9150.0,0.04901447622654169,0.01010266431875392
9151.0,0.04282498563927274,0.01010266431875392
9152.0,0.03811218551457014,0.01010266431875392
9153.0,0.042526860059349275,0.01010266431875392
9154.0,0.04694153460412842,0.01010266431875392
9155.0,0.047004964987069166,0.01010266431875392
9156.0,0.04552600313053267,0.01010266431875392
9157.0,0.045410009282541484,0.01010266431875392
9158.0,0.04797144725203779,0.01010266431875392
9159.0,0.050532885221534096,0.01010266431875392
9160.0,0.049220966621617804,0.01010266431875392
9161.0,0.04764585840864957,0.01010266431875392
9162.0,0.04410216881836565,0.01010266431875392
9163.0,0.03885031556659901,0.01010266431875392
9164.0,0.03582672577896693,0.01010266431875392
9165.0,0.047147582041652134,0.01010266431875392
9166.0,0.05846843830433734,0.01010266431875392
9167.0,0.05412665513035658,0.01010266431875392
9168.0,0.04409402751291049,0.01010266431875392
9169.0,0.037962071240880794,0.01010266431875392
9170.0,0.03965962135166355,0.01010266431875392
9171.0,0.041357171462446315,0.01010266431875392
9172.0,0.04902496002757512,0.01010266431875392
9173.0,0.057131284149273875,0.01010266431875392
9174.0,0.05621933433422296,0.01010266431875392
9175.0,0.04732968065205802,0.01010266431875392
9176.0,0.03991046188149158,0.01010266431875392
9177.0,0.042362218211866004,0.01010266431875392
9178.0,0.04481397454224044,0.01010266431875392
9179.0,0.04369339222112208,0.01010266431875392
9180.0,0.04124274641525932,0.01010266431875392
9181.0,0.04001466527121412,0.01010266431875392
9182.0,0.04129440907446821,0.01010266431875392
9183.0,0.0425741528777223,0.01010266431875392
9184.0,0.03315016508632671,0.01010266431875392
9185.0,0.02288041611970959,0.01010266431875392
9186.0,0.025166486236797174,0.01010266431875392
9187.0,0.03877572653207938,0.01010266431875392
9188.0,0.05053761351156762,0.01010266431875392
9189.0,0.049350264267982405,0.01010266431875392
9190.0,0.04816291502439719,0.01010266431875392
9191.0,0.04522074489231273,0.01010266431875392
9192.0,0.0416092400929724,0.01010266431875392
9193.0,0.03783769862999444,0.01010266431875392
9194.0,0.03373061561202936,0.01010266431875392
9195.0,0.029623532594064278,0.01010266431875392
9196.0,0.03169549916811319,0.01010266431875392
9197.0,0.03429043217898152,0.01010266431875392
9198.0,0.037485201893349966,0.01010266431875392
9199.0,0.041231434383518534,0.01010266431875392
9200.0,0.044514796624310175,0.01010266431875392
9201.0,0.044405319937217844,0.01010266431875392
9202.0,0.044295843250125526,0.01010266431875392
9203.0,0.04555565046217565,0.01010266431875392
9204.0,0.04735036991529273,0.01010266431875392
9205.0,0.047410961290023895,0.01010266431875392
9206.0,0.04375462908543225,0.01010266431875392
9207.0,0.040098296880840587,0.01010266431875392
9208.0,0.041135275448635995,0.01010266431875392
9209.0,0.04259612632440305,0.01010266431875392
9210.0,0.04764649019899893,0.01010266431875392
9211.0,0.05606097904692059,0.01010266431875392
9212.0,0.06207725690526968,0.01010266431875392
9213.0,0.049682269145768974,0.01010266431875392
9214.0,0.037287281386268266,0.01010266431875392
9215.0,0.03968985868755468,0.01010266431875392
9216.0,0.048011462013140875,0.01010266431875392
9217.0,0.0534314746805521,0.01010266431875392
9218.0,0.05249244575224409,0.01010266431875392
9219.0,0.051553416823936084,0.01010266431875392
9220.0,0.04952821801043562,0.01010266431875392
9221.0,0.04739868972112245,0.01010266431875392
9222.0,0.04823547606143091,0.01010266431875392
9223.0,0.05190627661360774,0.01010266431875392
9224.0,0.055417211753938954,0.01010266431875392
9225.0,0.05764053526191092,0.01010266431875392
9226.0,0.0598638587698829,0.01010266431875392
9227.0,0.05493679594123441,0.01010266431875392
9228.0,0.047081825340243084,0.01010266431875392
9229.0,0.04181082893615776,0.01010266431875392
9230.0,0.04233115213293331,0.01010266431875392
9231.0,0.04285147532970885,0.01010266431875392
9232.0,0.04274070622570273,0.01010266431875392
9233.0,0.042565659202172514,0.01010266431875392
9234.0,0.04045153589511394,0.01010266431875392
9235.0,0.03644888094699161,0.01010266431875392
9236.0,0.03322148371779514,0.01010266431875392
9237.0,0.03655734785911905,0.01010266431875392
9238.0,0.03989321200044297,0.01010266431875392
9239.0,0.03934550993703045,0.01010266431875392
9240.0,0.03717028268390869,0.01010266431875392
9241.0,0.034396894371211226,0.01010266431875392
9242.0,0.030252227740118123,0.01010266431875392
9243.0,0.026107561109025023,0.01010266431875392
9244.0,0.036525712562565496,0.01010266431875392
9245.0,0.04851246543213109,0.01010266431875392
9246.0,0.050597551439572126,0.01010266431875392
9247.0,0.042852035179623084,0.01010266431875392
9248.0,0.03647735783833647,0.01010266431875392
9249.0,0.04232599418853904,0.01010266431875392
9250.0,0.048174630538741596,0.01010266431875392
9251.0,0.04869862307079157,0.01010266431875392
9252.0,0.046939320655109626,0.01010266431875392
9253.0,0.04281592070675155,0.01010266431875392
9254.0,0.03314781007935287,0.01010266431875392
9255.0,0.023479699451954196,0.01010266431875392
9256.0,0.03144452611891717,0.01010266431875392
9257.0,0.04141309566022399,0.01010266431875392
9258.0,0.043338753581035776,0.01010266431875392
9259.0,0.037124363267615694,0.01010266431875392
9260.0,0.031167524058818064,0.01010266431875392
9261.0,0.02763488462228593,0.01010266431875392
9262.0,0.0241022451857538,0.01010266431875392
9263.0,0.02263180955344866,0.01010266431875392
9264.0,0.022066036729905453,0.01010266431875392
9265.0,0.023117121680856476,0.01010266431875392
9266.0,0.02804866529058167,0.01010266431875392
9267.0,0.03298020890030687,0.01010266431875392
9268.0,0.0330772145960171,0.01010266431875392
9269.0,0.03259589519179364,0.01010266431875392
9270.0,0.032643818399248264,0.01010266431875392
9271.0,0.03323776508167476,0.01010266431875392
9272.0,0.03369271723136812,0.01010266431875392
9273.0,0.03276321068002474,0.01010266431875392
9274.0,0.031833704128681355,0.01010266431875392
9275.0,0.030233771740679007,0.01010266431875392
9276.0,0.028333022194663538,0.01010266431875392
9277.0,0.028462787255633268,0.01010266431875392
9278.0,0.03358037243000254,0.01010266431875392
9279.0,0.0386979576043718,0.01010266431875392
9280.0,0.039711822195099826,0.01010266431875392
9281.0,0.04020994892869267,0.01010266431875392
9282.0,0.037806722963925524,0.01010266431875392
9283.0,0.032352074333642775,0.01010266431875392
9284.0,0.028044759996598348,0.01010266431875392
9285.0,0.03586413173106317,0.01010266431875392
9286.0,0.04368350346552799,0.01010266431875392
9287.0,0.046058916751124425,0.01010266431875392
9288.0,0.04593640164160836,0.01010266431875392
9289.0,0.04463153553118667,0.01010266431875392
9290.0,0.04035333103876106,0.01010266431875392
9291.0,0.03607512654633545,0.01010266431875392
9292.0,0.036315899409824985,0.01010266431875392
9293.0,0.037152244017232605,0.01010266431875392
9294.0,0.0356558450060881,0.01010266431875392
9295.0,0.0316584198765502,0.01010266431875392
9296.0,0.028692302762583506,0.01010266431875392
9297.0,0.03732840082365506,0.01010266431875392
9298.0,0.04596449888472661,0.01010266431875392
9299.0,0.04256225490990435,0.01010266431875392
9300.0,0.0335123936836624,0.01010266431875392
9301.0,0.027456206337601086,0.01010266431875392
9302.0,0.029109050442650653,0.01010266431875392
9303.0,0.030761894547700223,0.01010266431875392
9304.0,0.032428326875265034,0.01010266431875392
9305.0,0.03409663408052662,0.01010266431875392
9306.0,0.036911660985614554,0.01010266431875392
9307.0,0.04098001218573465,0.01010266431875392
9308.0,0.04429019550245456,0.01010266431875392
9309.0,0.038490517845356786,0.01010266431875392
9310.0,0.032690840188259004,0.01010266431875392
9311.0,0.0259551711179824,0.01010266431875392
9312.0,0.01877062517104787,0.01010266431875392
9313.0,0.016189145188898496,0.01010266431875392
9314.0,0.025748502947909358,0.01010266431875392
9315.0,0.03530786070692022,0.01010266431875392
9316.0,0.039527925719428925,0.01010266431875392
9317.0,0.0429779004319667,0.01010266431875392
9318.0,0.04023745846882321,0.01010266431875392
9319.0,0.03059957254468789,0.01010266431875392
9320.0,0.021921151662440207,0.01010266431875392
9321.0,0.02560383873620798,0.01010266431875392
9322.0,0.029286525809975754,0.01010266431875392
9323.0,0.029117587550978714,0.01010266431875392
9324.0,0.02706073276036038,0.01010266431875392
9325.0,0.02864598503148871,0.01010266431875392
9326.0,0.04007301994054638,0.01010266431875392
9327.0,0.05150005484960404,0.01010266431875392
9328.0,0.05070282713289319,0.01010266431875392
9329.0,0.048065206286078174,0.01010266431875392
9330.0,0.045409050847785556,0.01010266431875392
9331.0,0.04273184201455813,0.01010266431875392
9332.0,0.039993346437896454,0.01010266431875392
9333.0,0.0364044972960873,0.01010266431875392
9334.0,0.032815648154278156,0.01010266431875392
9335.0,0.03048131042225632,0.01010266431875392
9336.0,0.028775358585585605,0.01010266431875392
9337.0,0.028887825800267292,0.01010266431875392
9338.0,0.034035915003328664,0.01010266431875392
9339.0,0.03918400420639004,0.01010266431875392
9340.0,0.04469324354951896,0.01010266431875392
9341.0,0.05025916340074109,0.01010266431875392
9342.0,0.050724104073688006,0.01010266431875392
9343.0,0.04528195227853186,0.01010266431875392
9344.0,0.039935457368042056,0.01010266431875392
9345.0,0.03602565528300747,0.01010266431875392
9346.0,0.03211585319797288,0.01010266431875392
9347.0,0.030572256576889553,0.01010266431875392
9348.0,0.030239676182360186,0.01010266431875392
9349.0,0.02896900810747846,0.01010266431875392
9350.0,0.025035381456107543,0.01010266431875392
9351.0,0.02110175480473662,0.01010266431875392
9352.0,0.01785736919757029,0.01010266431875392
9353.0,0.014725610967739004,0.01010266431875392
9354.0,0.017549323864382477,0.01010266431875392
9355.0,0.02740423434750393,0.01010266431875392
9356.0,0.03666395867235249,0.01010266431875392
9357.0,0.03618990936695717,0.01010266431875392
9358.0,0.03571586006156186,0.01010266431875392
9359.0,0.03256293151205442,0.01010266431875392
9360.0,0.028009345807498812,0.01010266431875392
9361.0,0.02584741444057207,0.01010266431875392
9362.0,0.03064710602824548,0.01010266431875392
9363.0,0.03544679761591889,0.01010266431875392
9364.0,0.03498635929784954,0.01010266431875392
9365.0,0.0336319944087232,0.01010266431875392
9366.0,0.031783702972548504,0.01010266431875392
9367.0,0.029340870322336246,0.01010266431875392
9368.0,0.026953707368635296,0.01010266431875392
9369.0,0.02556480329102209,0.01010266431875392
9370.0,0.024175899213408885,0.01010266431875392
9371.0,0.025342510027313744,0.01010266431875392
9372.0,0.027873944632269096,0.01010266431875392
9373.0,0.029188940170750865,0.01010266431875392
9374.0,0.02687207935766344,0.01010266431875392
9375.0,0.024555218544576023,0.01010266431875392
9376.0,0.02785484277808257,0.01010266431875392
9377.0,0.03214607807206894,0.01010266431875392
9378.0,0.03638935245748897,0.01010266431875392
9379.0,0.040573765727850604,0.01010266431875392
9380.0,0.04383286295550496,0.01010266431875392
9381.0,0.028747569636440155,0.01010266431875392
9382.0,0.013662276317375351,0.01010266431875392
9383.0,0.01887092146103343,0.01010266431875392
9384.0,0.03514898758434298,0.01010266431875392
9385.0,0.04492531786525907,0.01010266431875392
9386.0,0.034784135419314785,0.01010266431875392
9387.0,0.024642952973370495,0.01010266431875392
9388.0,0.025099555561208447,0.01010266431875392
9389.0,0.027498081827120813,0.01010266431875392
9390.0,0.028965664313110186,0.01010266431875392
9391.0,0.02926830904206851,0.01010266431875392
9392.0,0.029586728963332202,0.01010266431875392
9393.0,0.030254394114242935,0.01010266431875392
9394.0,0.03092205926515367,0.01010266431875392
9395.0,0.03426103677155506,0.01010266431875392
9396.0,0.03908796022549626,0.01010266431875392
9397.0,0.040568487417332044,0.01010266431875392
9398.0,0.03152701243186685,0.01010266431875392
9399.0,0.02248553744640164,0.01010266431875392
9400.0,0.022182635059267743,0.01010266431875392
9401.0,0.023540061465819818,0.01010266431875392
9402.0,0.02464871690824701,0.01010266431875392
9403.0,0.025439951475684508,0.01010266431875392
9404.0,0.026282550158795766,0.01010266431875392
9405.0,0.028410856862343792,0.01010266431875392
9406.0,0.030539163565891817,0.01010266431875392
9407.0,0.029229554828693917,0.01010266431875392
9408.0,0.02596467214967187,0.01010266431875392
9409.0,0.024900151190815425,0.01010266431875392
9410.0,0.030939336089896102,0.01010266431875392
9411.0,0.03697852098897678,0.01010266431875392
9412.0,0.03488417251903603,0.01010266431875392
9413.0,0.03118882681984976,0.01010266431875392
9414.0,0.026454029779946108,0.01010266431875392
9415.0,0.020366797432095615,0.01010266431875392
9416.0,0.014590025045933368,0.01010266431875392
9417.0,0.017738976558030924,0.01010266431875392
9418.0,0.020887928070128476,0.01010266431875392
9419.0,0.019940172828500084,0.01010266431875392
9420.0,0.01661368463309153,0.01010266431875392
9421.0,0.015293047743953288,0.01010266431875392
9422.0,0.020623938502548258,0.01010266431875392
9423.0,0.025954829261143227,0.01010266431875392
9424.0,0.030795562604679312,0.01010266431875392
9425.0,0.03553642283329769,0.01010266431875392
9426.0,0.037086970691941896,0.01010266431875392
9427.0,0.0344045621937617,0.01010266431875392
9428.0,0.03182121100759737,0.01010266431875392
9429.0,0.032576916713802556,0.01010266431875392
9430.0,0.03333262242000775,0.01010266431875392
9431.0,0.03171500592888818,0.01010266431875392
9432.0,0.02869064014298723,0.01010266431875392
9433.0,0.026132433293006994,0.01010266431875392
9434.0,0.025162619854308125,0.01010266431875392
9435.0,0.024192806415609253,0.01010266431875392
9436.0,0.027644296307619397,0.01010266431875392
9437.0,0.032027601581822676,0.01010266431875392
9438.0,0.029300676054124904,0.01010266431875392
9439.0,0.016952845006321094,0.01010266431875392
9440.0,0.0050935382233853275,0.01010266431875392
9441.0,0.013092742807385527,0.01010266431875392
9442.0,0.021091947391385726,0.01010266431875392
9443.0,0.022037889289458747,0.01010266431875392
9444.0,0.018716539312045158,0.01010266431875392
9445.0,0.01655028552351266,0.01010266431875392
9446.0,0.018429990277636386,0.01010266431875392
9447.0,0.02030969503176011,0.01010266431875392
9448.0,0.018553989247489928,0.01010266431875392
9449.0,0.016006359237757683,0.01010266431875392
9450.0,0.01586785620864931,0.01010266431875392
9451.0,0.019053948412803553,0.01010266431875392
9452.0,0.022393390020231257,0.01010266431875392
9453.0,0.03356323553217873,0.01010266431875392
9454.0,0.0447330810441262,0.01010266431875392
9455.0,0.03881006268574258,0.01010266431875392
9456.0,0.02233261576279994,0.01010266431875392
9457.0,0.010034847166660015,0.01010266431875392
9458.0,0.012793157405245888,0.01010266431875392
9459.0,0.015551467643831765,0.01010266431875392
9460.0,0.02110647302069509,0.01010266431875392
9461.0,0.027290734803663983,0.01010266431875392
9462.0,0.03136703768681763,0.01010266431875392
9463.0,0.0324763579566506,0.01010266431875392
9464.0,0.03354555447248108,0.01010266431875392
9465.0,0.03186961748544212,0.01010266431875392
9466.0,0.030193680498403153,0.01010266431875392
9467.0,0.03293252822129606,0.01010266431875392
9468.0,0.03845329507646154,0.01010266431875392
9469.0,0.04048370621487957,0.01010266431875392
9470.0,0.029578109725107056,0.01010266431875392
9471.0,0.018672513235334545,0.01010266431875392
9472.0,0.021419996081040792,0.01010266431875392
9473.0,0.027338386405545118,0.01010266431875392
9474.0,0.03230526177365436,0.01010266431875392
9475.0,0.03590607327162097,0.01010266431875392
9476.0,0.039437717399497585,0.01010266431875392
9477.0,0.03583647648627801,0.01010266431875392
9478.0,0.032235235573058435,0.01010266431875392
9479.0,0.029268357841923543,0.01010266431875392
9480.0,0.02670937438565708,0.01010266431875392
9481.0,0.023499105516430488,0.01010266431875392
9482.0,0.01780416397348509,0.01010266431875392
9483.0,0.012109222430539692,0.01010266431875392
9484.0,0.02166364271620402,0.01010266431875392
9485.0,0.03487155593995951,0.01010266431875392
9486.0,0.04137868401884734,0.01010266431875392
9487.0,0.038072532077925485,0.01010266431875392
9488.0,0.034776254194836924,0.01010266431875392
9489.0,0.03352637479785794,0.01010266431875392
9490.0,0.03227649540087895,0.01010266431875392
9491.0,0.03318361405275581,0.01010266431875392
9492.0,0.03550586064920969,0.01010266431875392
9493.0,0.035290260926446874,0.01010266431875392
9494.0,0.025103478032354746,0.01010266431875392
9495.0,0.014916695138262617,0.01010266431875392
9496.0,0.010335427155678478,0.01010266431875392
9497.0,0.007138754922202022,0.01010266431875392
9498.0,0.009704900227637122,0.01010266431875392
9499.0,0.020880763951935527,0.01010266431875392
9500.0,0.032056627676233934,0.01010266431875392
