wavelength,intensity,uncertainty
3500.0,0.0820143417805308,0.010097525848213666
3501.0,0.08091694830932032,0.010097525848213666
3502.0,0.07981955483810986,0.010097525848213666
3503.0,0.07949305386961121,0.010097525848213666
3504.0,0.07968254106926038,0.010097525848213666
3505.0,0.08054951022605186,0.010097525848213666
3506.0,0.08415925482145634,0.010097525848213666
3507.0,0.08776899941686081,0.010097525848213666
3508.0,0.08281117544336279,0.010097525848213666
3509.0,0.07567275043350193,0.010097525848213666
3510.0,0.0728341994247424,0.010097525848213666
3511.0,0.07654969878736029,0.010097525848213666
3512.0,0.08026519814997819,0.010097525848213666
3513.0,0.0802919131549796,0.010097525848213666
3514.0,0.08030082944172927,0.010097525848213666
3515.0,0.08437703168695716,0.010097525848213666
3516.0,0.09123049181898547,0.010097525848213666
3517.0,0.09562648324412046,0.010097525848213666
3518.0,0.08976521397960643,0.010097525848213666
3519.0,0.08390394471509242,0.010097525848213666
3520.0,0.07988845560850735,0.010097525848213666
3521.0,0.07635678463422829,0.010097525848213666
3522.0,0.07643444678593096,0.010097525848213666
3523.0,0.08212539695871895,0.010097525848213666
3524.0,0.08781634713150697,0.010097525848213666
3525.0,0.086507545614795,0.010097525848213666
3526.0,0.0851308677180625,0.010097525848213666
3527.0,0.08753277465294708,0.010097525848213666
3528.0,0.09256660829335907,0.010097525848213666
3529.0,0.09552129373831944,0.010097525848213666
3530.0,0.08952372325890375,0.010097525848213666
3531.0,0.08352615277948806,0.010097525848213666
3532.0,0.07961483143016714,0.010097525848213666
3533.0,0.07626641571503406,0.010097525848213666
3534.0,0.07663052246678287,0.010097525848213666
3535.0,0.0828862409594584,0.010097525848213666
3536.0,0.08914195945213395,0.010097525848213666
3537.0,0.08540557263437906,0.010097525848213666
3538.0,0.08152313799235703,0.010097525848213666
3539.0,0.07935722237551057,0.010097525848213666
3540.0,0.07841084594287408,0.010097525848213666
3541.0,0.07843378312715237,0.010097525848213666
3542.0,0.08276478083104645,0.010097525848213666
3543.0,0.08709577853494056,0.010097525848213666
3544.0,0.08901933428690637,0.010097525848213666
3545.0,0.09027456642951849,0.010097525848213666
3546.0,0.09211388684967386,0.010097525848213666
3547.0,0.09489913639855427,0.010097525848213666
3548.0,0.09768438594743468,0.010097525848213666
3549.0,0.09195524063359597,0.010097525848213666
3550.0,0.0860593507447236,0.010097525848213666
3551.0,0.08328803993395749,0.010097525848213666
3552.0,0.0827809168609484,0.010097525848213666
3553.0,0.08331794984220843,0.010097525848213666
3554.0,0.08864828981084803,0.010097525848213666
3555.0,0.09397862977948761,0.010097525848213666
3556.0,0.092349797383366,0.010097525848213666
3557.0,0.08873416423496025,0.010097525848213666
3558.0,0.08626098090546656,0.010097525848213666
3559.0,0.08567611431487472,0.010097525848213666
3560.0,0.08509124772428288,0.010097525848213666
3561.0,0.08800510701657538,0.010097525848213666
3562.0,0.09100503582628179,0.010097525848213666
3563.0,0.09244027964119095,0.010097525848213666
3564.0,0.09271915918019585,0.010097525848213666
3565.0,0.09171931619793834,0.010097525848213666
3566.0,0.08465215532169201,0.010097525848213666
3567.0,0.07758499444544568,0.010097525848213666
3568.0,0.0746847803969059,0.010097525848213666
3569.0,0.07300747465649732,0.010097525848213666
3570.0,0.07382119020030892,0.010097525848213666
3571.0,0.07883749971717594,0.010097525848213666
3572.0,0.08385380923404297,0.010097525848213666
3573.0,0.0835786364531753,0.010097525848213666
3574.0,0.08314648521106445,0.010097525848213666
3575.0,0.08789227863891376,0.010097525848213666
3576.0,0.09654060720749151,0.010097525848213666
3577.0,0.10337377479297159,0.010097525848213666
3578.0,0.10129849273090519,0.010097525848213666
3579.0,0.0992232106688388,0.010097525848213666
3580.0,0.09522933411945891,0.010097525848213666
3581.0,0.09065688141999832,0.010097525848213666
3582.0,0.0874140080793476,0.010097525848213666
3583.0,0.08646096585664799,0.010097525848213666
3584.0,0.08550792363394837,0.010097525848213666
3585.0,0.09264730315931191,0.010097525848213666
3586.0,0.10006815822373938,0.010097525848213666
3587.0,0.09984797393298471,0.010097525848213666
3588.0,0.09375505875777732,0.010097525848213666
3589.0,0.08954418914240063,0.010097525848213666
3590.0,0.09489466047332627,0.010097525848213666
3591.0,0.10024513180425193,0.010097525848213666
3592.0,0.10558931755656839,0.010097525848213666
3593.0,0.11093155636079366,0.010097525848213666
3594.0,0.10943968499414311,0.010097525848213666
3595.0,0.09593154706875881,0.010097525848213666
3596.0,0.08242340914337451,0.010097525848213666
3597.0,0.08685077739658363,0.010097525848213666
3598.0,0.09199467024120071,0.010097525848213666
3599.0,0.097927490317489,0.010097525848213666
3600.0,0.10447861310639375,0.010097525848213666
3601.0,0.10827094119622954,0.010097525848213666
3602.0,0.09754329718567958,0.010097525848213666
3603.0,0.08681565317512963,0.010097525848213666
3604.0,0.08995411785801434,0.010097525848213666
3605.0,0.09750253166650633,0.010097525848213666
3606.0,0.10230682547889951,0.010097525848213666
3607.0,0.10218459513722719,0.010097525848213666
3608.0,0.10206236479555486,0.010097525848213666
3609.0,0.09664756789993117,0.010097525848213666
3610.0,0.09099370902696576,0.010097525848213666
3611.0,0.09117331764930652,0.010097525848213666
3612.0,0.09601466055514983,0.010097525848213666
3613.0,0.10087858015328155,0.010097525848213666
3614.0,0.10586570898684741,0.010097525848213666
3615.0,0.11085283782041329,0.010097525848213666
3616.0,0.10558437859330207,0.010097525848213666
3617.0,0.09696815574766042,0.010097525848213666
3618.0,0.09198378556280225,0.010097525848213666
3619.0,0.09365781192270987,0.010097525848213666
3620.0,0.0953318382826175,0.010097525848213666
3621.0,0.09032353549405962,0.010097525848213666
3622.0,0.08497816692247788,0.010097525848213666
3623.0,0.0881021753438855,0.010097525848213666
3624.0,0.09812715761142972,0.010097525848213666
3625.0,0.10633854497213867,0.010097525848213666
3626.0,0.10427773078053952,0.010097525848213666
3627.0,0.10221691658894039,0.010097525848213666
3628.0,0.10517374795224269,0.010097525848213666
3629.0,0.10981116893249054,0.010097525848213666
3630.0,0.11397450156386892,0.010097525848213666
3631.0,0.11725014463167464,0.010097525848213666
3632.0,0.1205257876994804,0.010097525848213666
3633.0,0.1158903673181924,0.010097525848213666
3634.0,0.11081377229589062,0.010097525848213666
3635.0,0.1090841311157603,0.010097525848213666
3636.0,0.11013503620451064,0.010097525848213666
3637.0,0.11071560896087787,0.010097525848213666
3638.0,0.10852860633991682,0.010097525848213666
3639.0,0.10634160371895575,0.010097525848213666
3640.0,0.10649925612159276,0.010097525848213666
3641.0,0.1074624109758853,0.010097525848213666
3642.0,0.10694881861803897,0.010097525848213666
3643.0,0.10361081813068194,0.010097525848213666
3644.0,0.10027281764332492,0.010097525848213666
3645.0,0.0934946359946108,0.010097525848213666
3646.0,0.0865060993194696,0.010097525848213666
3647.0,0.08770090776767041,0.010097525848213666
3648.0,0.09582706397001164,0.010097525848213666
3649.0,0.10293370853907247,0.010097525848213666
3650.0,0.10380129046343903,0.010097525848213666
3651.0,0.10466887238780559,0.010097525848213666
3652.0,0.10167509275874324,0.010097525848213666
3653.0,0.09732106076426782,0.010097525848213666
3654.0,0.09589734892188725,0.010097525848213666
3655.0,0.10019919170292872,0.010097525848213666
3656.0,0.1045010344839702,0.010097525848213666
3657.0,0.10588006813380427,0.010097525848213666
3658.0,0.10706449733444104,0.010097525848213666
3659.0,0.10804944913973275,0.010097525848213666
3660.0,0.1088621452971425,0.010097525848213666
3661.0,0.10944593879280018,0.010097525848213666
3662.0,0.10857123745251356,0.010097525848213666
3663.0,0.10769653611222692,0.010097525848213666
3664.0,0.110502375498283,0.010097525848213666
3665.0,0.11463729903551952,0.010097525848213666
3666.0,0.11527707203951115,0.010097525848213666
3667.0,0.10893911646093979,0.010097525848213666
3668.0,0.10260116088236841,0.010097525848213666
3669.0,0.10720365758767719,0.010097525848213666
3670.0,0.11259465535849333,0.010097525848213666
3671.0,0.11485741256902021,0.010097525848213666
3672.0,0.11436618824791811,0.010097525848213666
3673.0,0.11455268574522351,0.010097525848213666
3674.0,0.11924074834829049,0.010097525848213666
3675.0,0.12392881095135748,0.010097525848213666
3676.0,0.11863117189230923,0.010097525848213666
3677.0,0.10963816626422555,0.010097525848213666
3678.0,0.10372570625638436,0.010097525848213666
3679.0,0.10409800902852148,0.010097525848213666
3680.0,0.1044703118006586,0.010097525848213666
3681.0,0.10962820263524907,0.010097525848213666
3682.0,0.11515754920560467,0.010097525848213666
3683.0,0.11596978656024566,0.010097525848213666
3684.0,0.11254844525659431,0.010097525848213666
3685.0,0.11016320022237602,0.010097525848213666
3686.0,0.11496155598955095,0.010097525848213666
3687.0,0.11975991175672589,0.010097525848213666
3688.0,0.1191236140991382,0.010097525848213666
3689.0,0.11642682698083885,0.010097525848213666
3690.0,0.11141746553088139,0.010097525848213666
3691.0,0.10158595834491331,0.010097525848213666
3692.0,0.09175445115894523,0.010097525848213666
3693.0,0.09984357152045806,0.010097525848213666
3694.0,0.10942413552701274,0.010097525848213666
3695.0,0.1163649189857512,0.010097525848213666
3696.0,0.12089045495476435,0.010097525848213666
3697.0,0.12447363039738335,0.010097525848213666
3698.0,0.12122702459920948,0.010097525848213666
3699.0,0.11798041880103562,0.010097525848213666
3700.0,0.11935276751146376,0.010097525848213666
3701.0,0.12251881022273192,0.010097525848213666
3702.0,0.12426677777377451,0.010097525848213666
3703.0,0.12299200616749467,0.010097525848213666
3704.0,0.12171723456121483,0.010097525848213666
3705.0,0.12110722553767768,0.010097525848213666
3706.0,0.1205563065214954,0.010097525848213666
3707.0,0.12147216603816319,0.010097525848213666
3708.0,0.12375611133257042,0.010097525848213666
3709.0,0.1252042004386242,0.010097525848213666
3710.0,0.12031012300211937,0.010097525848213666
3711.0,0.11541604556561451,0.010097525848213666
3712.0,0.11891177615567754,0.010097525848213666
3713.0,0.12574372235362122,0.010097525848213666
3714.0,0.1270518339025452,0.010097525848213666
3715.0,0.11632135925074062,0.010097525848213666
3716.0,0.10559088459893604,0.010097525848213666
3717.0,0.11056677739407472,0.010097525848213666
3718.0,0.11702868655738789,0.010097525848213666
3719.0,0.12415002120318738,0.010097525848213666
3720.0,0.13189835057003965,0.010097525848213666
3721.0,0.13753970368860213,0.010097525848213666
3722.0,0.12641586945516584,0.010097525848213666
3723.0,0.11529203522172955,0.010097525848213666
3724.0,0.11622804100464436,0.010097525848213666
3725.0,0.12207354246989385,0.010097525848213666
3726.0,0.1260757981578311,0.010097525848213666
3727.0,0.12597004484594207,0.010097525848213666
3728.0,0.12586429153405304,0.010097525848213666
3729.0,0.1234911449780527,0.010097525848213666
3730.0,0.12089036052700253,0.010097525848213666
3731.0,0.11719944787946551,0.010097525848213666
3732.0,0.11245190979325267,0.010097525848213666
3733.0,0.10817302178788575,0.010097525848213666
3734.0,0.10781183782914791,0.010097525848213666
3735.0,0.10745065387041008,0.010097525848213666
3736.0,0.11481272813874843,0.010097525848213666
3737.0,0.12539282666837145,0.010097525848213666
3738.0,0.13282162852117307,0.010097525848213666
3739.0,0.13306696275239466,0.010097525848213666
3740.0,0.1333122969836163,0.010097525848213666
3741.0,0.12348372634077093,0.010097525848213666
3742.0,0.11258488691980713,0.010097525848213666
3743.0,0.11073303315553691,0.010097525848213666
3744.0,0.11782020579190593,0.010097525848213666
3745.0,0.12380225048679479,0.010097525848213666
3746.0,0.1200591692966801,0.010097525848213666
3747.0,0.11631608810656541,0.010097525848213666
3748.0,0.1158843293614807,0.010097525848213666
3749.0,0.11686441871367638,0.010097525848213666
3750.0,0.1201067881025597,0.010097525848213666
3751.0,0.12862479453699432,0.010097525848213666
3752.0,0.13714280097142892,0.010097525848213666
3753.0,0.13239896426016126,0.010097525848213666
3754.0,0.12616781803722862,0.010097525848213666
3755.0,0.12379204196742276,0.010097525848213666
3756.0,0.12529950619642674,0.010097525848213666
3757.0,0.12568638533501067,0.010097525848213666
3758.0,0.11566980783168498,0.010097525848213666
3759.0,0.10565323032835933,0.010097525848213666
3760.0,0.11118272309492816,0.010097525848213666
3761.0,0.1234935189274992,0.010097525848213666
3762.0,0.1319716944292037,0.010097525848213666
3763.0,0.13130455231213736,0.010097525848213666
3764.0,0.13063741019507097,0.010097525848213666
3765.0,0.12172327027630629,0.010097525848213666
3766.0,0.11183498833532839,0.010097525848213666
3767.0,0.11120416149145043,0.010097525848213666
3768.0,0.12007855618279194,0.010097525848213666
3769.0,0.1287359075711858,0.010097525848213666
3770.0,0.13526228834882217,0.010097525848213666
3771.0,0.14178866912645854,0.010097525848213666
3772.0,0.14130393973257965,0.010097525848213666
3773.0,0.13769098930731336,0.010097525848213666
3774.0,0.1355414694872598,0.010097525848213666
3775.0,0.13696586490555623,0.010097525848213666
3776.0,0.13839026032385263,0.010097525848213666
3777.0,0.13773595245228415,0.010097525848213666
3778.0,0.1368235599617311,0.010097525848213666
3779.0,0.13469323211864148,0.010097525848213666
3780.0,0.13128811199009582,0.010097525848213666
3781.0,0.12816143095558385,0.010097525848213666
3782.0,0.12793356788635502,0.010097525848213666
3783.0,0.12770570481712618,0.010097525848213666
3784.0,0.12928501041863594,0.010097525848213666
3785.0,0.13168891571081506,0.010097525848213666
3786.0,0.13334504281960732,0.010097525848213666
3787.0,0.13313172446993185,0.010097525848213666
3788.0,0.13291840612025635,0.010097525848213666
3789.0,0.13292777816930595,0.010097525848213666
3790.0,0.13296615738019768,0.010097525848213666
3791.0,0.13217051081790038,0.010097525848213666
3792.0,0.13048496082515298,0.010097525848213666
3793.0,0.12908594852442848,0.010097525848213666
3794.0,0.13085961443683194,0.010097525848213666
3795.0,0.1326332803492354,0.010097525848213666
3796.0,0.13091813355280446,0.010097525848213666
3797.0,0.1275752836439762,0.010097525848213666
3798.0,0.12635182678503673,0.010097525848213666
3799.0,0.13055365384440612,0.010097525848213666
3800.0,0.13475548090377554,0.010097525848213666
3801.0,0.1313793283411406,0.010097525848213666
3802.0,0.12696934499787593,0.010097525848213666
3803.0,0.1288632901437991,0.010097525848213666
3804.0,0.13761413996217697,0.010097525848213666
3805.0,0.14511372640343928,0.010097525848213666
3806.0,0.13782915478898997,0.010097525848213666
3807.0,0.13054458317454068,0.010097525848213666
3808.0,0.13196804193521583,0.010097525848213666
3809.0,0.13754479887126456,0.010097525848213666
3810.0,0.1412474162540178,0.010097525848213666
3811.0,0.14003652863400634,0.010097525848213666
3812.0,0.1388256410139949,0.010097525848213666
3813.0,0.1369066354419592,0.010097525848213666
3814.0,0.13488660892752247,0.010097525848213666
3815.0,0.13568325557994454,0.010097525848213666
3816.0,0.13960320057941264,0.010097525848213666
3817.0,0.14310811244789567,0.010097525848213666
3818.0,0.1413604738717953,0.010097525848213666
3819.0,0.13961283529569488,0.010097525848213666
3820.0,0.13624193666881423,0.010097525848213666
3821.0,0.13207969876717882,0.010097525848213666
3822.0,0.13024677019783223,0.010097525848213666
3823.0,0.13466999545458397,0.010097525848213666
3824.0,0.13909322071133573,0.010097525848213666
3825.0,0.14475660735927542,0.010097525848213666
3826.0,0.15060473529031598,0.010097525848213666
3827.0,0.15031866210181447,0.010097525848213666
3828.0,0.1430982746042688,0.010097525848213666
3829.0,0.1360526549844199,0.010097525848213666
3830.0,0.1313863313837378,0.010097525848213666
3831.0,0.1267200077830557,0.010097525848213666
3832.0,0.12823501732234943,0.010097525848213666
3833.0,0.13282957592598238,0.010097525848213666
3834.0,0.13785487962293852,0.010097525848213666
3835.0,0.14406570247313952,0.010097525848213666
3836.0,0.15027652532334054,0.010097525848213666
3837.0,0.1497666636989884,0.010097525848213666
3838.0,0.14821281225334693,0.010097525848213666
3839.0,0.14677979535031438,0.010097525848213666
3840.0,0.14548603479354424,0.010097525848213666
3841.0,0.14421461907974012,0.010097525848213666
3842.0,0.14327205199826493,0.010097525848213666
3843.0,0.1423294849167897,0.010097525848213666
3844.0,0.14640277935006715,0.010097525848213666
3845.0,0.1530294380689341,0.010097525848213666
3846.0,0.1569451139055969,0.010097525848213666
3847.0,0.15321283344613298,0.010097525848213666
3848.0,0.149480552986669,0.010097525848213666
3849.0,0.14728460302641075,0.010097525848213666
3850.0,0.1453372086280882,0.010097525848213666
3851.0,0.14683284518645828,0.010097525848213666
3852.0,0.15237381837801883,0.010097525848213666
3853.0,0.1574231832521862,0.010097525848213666
3854.0,0.15460681504805476,0.010097525848213666
3855.0,0.15179044684392332,0.010097525848213666
3856.0,0.14878323135310478,0.010097525848213666
3857.0,0.14567676134275007,0.010097525848213666
3858.0,0.1435530818292818,0.010097525848213666
3859.0,0.14427214679045366,0.010097525848213666
3860.0,0.14499121175162552,0.010097525848213666
3861.0,0.15174198612958983,0.010097525848213666
3862.0,0.15950791496760422,0.010097525848213666
3863.0,0.1630738946916684,0.010097525848213666
3864.0,0.1616088008069349,0.010097525848213666
3865.0,0.1601066894436396,0.010097525848213666
3866.0,0.15795636090019297,0.010097525848213666
3867.0,0.1558060323567463,0.010097525848213666
3868.0,0.15639646416725136,0.010097525848213666
3869.0,0.1584429249157942,0.010097525848213666
3870.0,0.16044944549677376,0.010097525848213666
3871.0,0.1623374769139822,0.010097525848213666
3872.0,0.16422550833119062,0.010097525848213666
3873.0,0.16472446797456514,0.010097525848213666
3874.0,0.16498048699740986,0.010097525848213666
3875.0,0.16012335078592577,0.010097525848213666
3876.0,0.14902134764825475,0.010097525848213666
3877.0,0.13885829939147915,0.010097525848213666
3878.0,0.14683311127305923,0.010097525848213666
3879.0,0.15480792315463932,0.010097525848213666
3880.0,0.15711686056738816,0.010097525848213666
3881.0,0.1563515364627928,0.010097525848213666
3882.0,0.15780578990741143,0.010097525848213666
3883.0,0.16601574783433892,0.010097525848213666
3884.0,0.17422570576126642,0.010097525848213666
3885.0,0.1664459081477726,0.010097525848213666
3886.0,0.1557630059822634,0.010097525848213666
3887.0,0.15401141142535965,0.010097525848213666
3888.0,0.16338182256973005,0.010097525848213666
3889.0,0.17219120549446254,0.010097525848213666
3890.0,0.1689309002345987,0.010097525848213666
3891.0,0.16567059497473482,0.010097525848213666
3892.0,0.15902913543818037,0.010097525848213666
3893.0,0.1505141631774161,0.010097525848213666
3894.0,0.14600638729860718,0.010097525848213666
3895.0,0.15401614071193706,0.010097525848213666
3896.0,0.16202589412526694,0.010097525848213666
3897.0,0.17047107117270094,0.010097525848213666
3898.0,0.17899823954638552,0.010097525848213666
3899.0,0.18000231701422356,0.010097525848213666
3900.0,0.17145391393131765,0.010097525848213666
3901.0,0.1630143173079132,0.010097525848213666
3902.0,0.15721245303605452,0.010097525848213666
3903.0,0.15141058876419589,0.010097525848213666
3904.0,0.15430428359111453,0.010097525848213666
3905.0,0.16211783422391882,0.010097525848213666
3906.0,0.16764877605273867,0.010097525848213666
3907.0,0.16585923005060033,0.010097525848213666
3908.0,0.16406968404846203,0.010097525848213666
3909.0,0.1628610232611987,0.010097525848213666
3910.0,0.16176570593049633,0.010097525848213666
3911.0,0.16022050077160646,0.010097525848213666
3912.0,0.15809279622084857,0.010097525848213666
3913.0,0.15617868139573998,0.010097525848213666
3914.0,0.16018615758518415,0.010097525848213666
3915.0,0.1641936337746283,0.010097525848213666
3916.0,0.16550948553785322,0.010097525848213666
3917.0,0.1652705163730537,0.010097525848213666
3918.0,0.16427302149471967,0.010097525848213666
3919.0,0.1607770836733514,0.010097525848213666
3920.0,0.15728114585198316,0.010097525848213666
3921.0,0.17050974125625595,0.010097525848213666
3922.0,0.18711703024146734,0.010097525848213666
3923.0,0.1899050410338412,0.010097525848213666
3924.0,0.17444698535433056,0.010097525848213666
3925.0,0.15957279416540834,0.010097525848213666
3926.0,0.16356910331235322,0.010097525848213666
3927.0,0.16756541245929804,0.010097525848213666
3928.0,0.16999752684634917,0.010097525848213666
3929.0,0.17150724394178316,0.010097525848213666
3930.0,0.1735626432063549,0.010097525848213666
3931.0,0.17746474581174634,0.010097525848213666
3932.0,0.1813668484171378,0.010097525848213666
3933.0,0.17766783173729678,0.010097525848213666
3934.0,0.1723801921589443,0.010097525848213666
3935.0,0.16906319658016755,0.010097525848213666
3936.0,0.16839963151349702,0.010097525848213666
3937.0,0.16788933195099948,0.010097525848213666
3938.0,0.1733052985498932,0.010097525848213666
3939.0,0.17872126514878695,0.010097525848213666
3940.0,0.17550242868660174,0.010097525848213666
3941.0,0.1670861049972634,0.010097525848213666
3942.0,0.16134776855562977,0.010097525848213666
3943.0,0.16492479635736607,0.010097525848213666
3944.0,0.16850182415910236,0.010097525848213666
3945.0,0.17319387938928868,0.010097525848213666
3946.0,0.17812684565511047,0.010097525848213666
3947.0,0.17859762710025723,0.010097525848213666
3948.0,0.1729408499027622,0.010097525848213666
3949.0,0.1674388892979823,0.010097525848213666
3950.0,0.16936812514344704,0.010097525848213666
3951.0,0.17129736098891177,0.010097525848213666
3952.0,0.172125243729804,0.010097525848213666
3953.0,0.17227652000916688,0.010097525848213666
3954.0,0.17326380554899498,0.010097525848213666
3955.0,0.17724143190509917,0.010097525848213666
3956.0,0.18121905826120335,0.010097525848213666
3957.0,0.18044899850877524,0.010097525848213666
3958.0,0.17861924963961281,0.010097525848213666
3959.0,0.17926086602161131,0.010097525848213666
3960.0,0.18336381817324507,0.010097525848213666
3961.0,0.18737556545287262,0.010097525848213666
3962.0,0.18563439003677606,0.010097525848213666
3963.0,0.1838932146206795,0.010097525848213666
3964.0,0.1844309766176275,0.010097525848213666
3965.0,0.18639752554736236,0.010097525848213666
3966.0,0.18602345361023906,0.010097525848213666
3967.0,0.17703642286530072,0.010097525848213666
3968.0,0.16804939212036238,0.010097525848213666
3969.0,0.1738202095856618,0.010097525848213666
3970.0,0.18299165381727683,0.010097525848213666
3971.0,0.18788868765486444,0.010097525848213666
3972.0,0.18667942092955775,0.010097525848213666
3973.0,0.18550958335909248,0.010097525848213666
3974.0,0.18794970396519867,0.010097525848213666
3975.0,0.19038982457130485,0.010097525848213666
3976.0,0.1861955836860641,0.010097525848213666
3977.0,0.17775691861836795,0.010097525848213666
3978.0,0.17113456906408472,0.010097525848213666
3979.0,0.17139125355197882,0.010097525848213666
3980.0,0.17164793803987294,0.010097525848213666
3981.0,0.17403497508548413,0.010097525848213666
3982.0,0.1769284852503148,0.010097525848213666
3983.0,0.18209751309818745,0.010097525848213666
3984.0,0.19058248706825098,0.010097525848213666
3985.0,0.1990252364556597,0.010097525848213666
3986.0,0.20047559495540726,0.010097525848213666
3987.0,0.20192595345515485,0.010097525848213666
3988.0,0.19557915626104974,0.010097525848213666
3989.0,0.18414254910012348,0.010097525848213666
3990.0,0.1761849068261604,0.010097525848213666
3991.0,0.18179522761135744,0.010097525848213666
3992.0,0.18740554839655452,0.010097525848213666
3993.0,0.18748209810069466,0.010097525848213666
3994.0,0.1862020880779384,0.010097525848213666
3995.0,0.1845053618409453,0.010097525848213666
3996.0,0.1821891589630864,0.010097525848213666
3997.0,0.1798844783694837,0.010097525848213666
3998.0,0.18716633827778195,0.010097525848213666
3999.0,0.1944481981860802,0.010097525848213666
4000.0,0.19697901138495164,0.010097525848213666
4001.0,0.1963456274753434,0.010097525848213666
4002.0,0.19516949979831563,0.010097525848213666
4003.0,0.1918125884293052,0.010097525848213666
4004.0,0.18845567706029476,0.010097525848213666
4005.0,0.1933240157037158,0.010097525848213666
4006.0,0.20027031224501604,0.010097525848213666
4007.0,0.20033993740547837,0.010097525848213666
4008.0,0.18998029056236695,0.010097525848213666
4009.0,0.1796206437192555,0.010097525848213666
4010.0,0.1846923486857693,0.010097525848213666
4011.0,0.18981982962267496,0.010097525848213666
4012.0,0.19264085168956202,0.010097525848213666
4013.0,0.19389478375806823,0.010097525848213666
4014.0,0.1929439930937348,0.010097525848213666
4015.0,0.18286129530759257,0.010097525848213666
4016.0,0.1727785975214503,0.010097525848213666
4017.0,0.17360629919626153,0.010097525848213666
4018.0,0.1772730155568315,0.010097525848213666
4019.0,0.18192842438390575,0.010097525848213666
4020.0,0.1881137365383523,0.010097525848213666
4021.0,0.19429904869279885,0.010097525848213666
4022.0,0.19631230187476964,0.010097525848213666
4023.0,0.19829019862477118,0.010097525848213666
4024.0,0.19976829350458303,0.010097525848213666
4025.0,0.20089998099062548,0.010097525848213666
4026.0,0.20162630063757545,0.010097525848213666
4027.0,0.20062082730106262,0.010097525848213666
4028.0,0.1996153539645498,0.010097525848213666
4029.0,0.19809842741642403,0.010097525848213666
4030.0,0.19644449057112356,0.010097525848213666
4031.0,0.19495661076581086,0.010097525848213666
4032.0,0.19373092628679453,0.010097525848213666
4033.0,0.19250524180777823,0.010097525848213666
4034.0,0.19765320620459556,0.010097525848213666
4035.0,0.20288646273965322,0.010097525848213666
4036.0,0.2010099288325525,0.010097525848213666
4037.0,0.1941070061907314,0.010097525848213666
4038.0,0.18961426858380784,0.010097525848213666
4039.0,0.19574825590347145,0.010097525848213666
4040.0,0.20188224322313505,0.010097525848213666
4041.0,0.1994708078453733,0.010097525848213666
4042.0,0.19470381950354437,0.010097525848213666
4043.0,0.1945100194350514,0.010097525848213666
4044.0,0.20168493025211978,0.010097525848213666
4045.0,0.2088598410691882,0.010097525848213666
4046.0,0.19944342971532059,0.010097525848213666
4047.0,0.18972277651235342,0.010097525848213666
4048.0,0.19246834105193922,0.010097525848213666
4049.0,0.2042029758232408,0.010097525848213666
4050.0,0.2132293772651247,0.010097525848213666
4051.0,0.2099242896137278,0.010097525848213666
4052.0,0.20661920196233094,0.010097525848213666
4053.0,0.20168128498126833,0.010097525848213666
4054.0,0.1962804394999615,0.010097525848213666
4055.0,0.1955170377898466,0.010097525848213666
4056.0,0.20237965472569253,0.010097525848213666
4057.0,0.20924227166153841,0.010097525848213666
4058.0,0.20584432037622868,0.010097525848213666
4059.0,0.20220687179828722,0.010097525848213666
4060.0,0.19923989446037899,0.010097525848213666
4061.0,0.19676599284691193,0.010097525848213666
4062.0,0.19537565119698377,0.010097525848213666
4063.0,0.1990839786905594,0.010097525848213666
4064.0,0.20279230618413502,0.010097525848213666
4065.0,0.21298843603478906,0.010097525848213666
4066.0,0.22507558424688703,0.010097525848213666
4067.0,0.22905395424245978,0.010097525848213666
4068.0,0.21942209199035426,0.010097525848213666
4069.0,0.2097902297382487,0.010097525848213666
4070.0,0.20747956308960225,0.010097525848213666
4071.0,0.2053767822420426,0.010097525848213666
4072.0,0.206365109381317,0.010097525848213666
4073.0,0.20967176751071828,0.010097525848213666
4074.0,0.213041360911781,0.010097525848213666
4075.0,0.2167172097545196,0.010097525848213666
4076.0,0.22039305859725825,0.010097525848213666
4077.0,0.21901185274894003,0.010097525848213666
4078.0,0.21611589728957065,0.010097525848213666
4079.0,0.21425257640561216,0.010097525848213666
4080.0,0.2141585251850592,0.010097525848213666
4081.0,0.21406447396450626,0.010097525848213666
4082.0,0.21934147106098256,0.010097525848213666
4083.0,0.22479839161224877,0.010097525848213666
4084.0,0.22743620823652896,0.010097525848213666
4085.0,0.22791788817089187,0.010097525848213666
4086.0,0.22823981196395268,0.010097525848213666
4087.0,0.22775716678451235,0.010097525848213666
4088.0,0.22727452160507208,0.010097525848213666
4089.0,0.2253153734296696,0.010097525848213666
4090.0,0.22290191664012537,0.010097525848213666
4091.0,0.22169650617740919,0.010097525848213666
4092.0,0.22260418004874677,0.010097525848213666
4093.0,0.22351185392008438,0.010097525848213666
4094.0,0.21601292856987264,0.010097525848213666
4095.0,0.2081890598582311,0.010097525848213666
4096.0,0.20615267661571499,0.010097525848213666
4097.0,0.20863003738223584,0.010097525848213666
4098.0,0.2111776784188808,0.010097525848213666
4099.0,0.21409193071535135,0.010097525848213666
4100.0,0.2170061830118219,0.010097525848213666
4101.0,0.21827329799480732,0.010097525848213666
4102.0,0.21901999044588502,0.010097525848213666
4103.0,0.21924017821150982,0.010097525848213666
4104.0,0.21852005326130958,0.010097525848213666
4105.0,0.2177999283111093,0.010097525848213666
4106.0,0.21783478698471034,0.010097525848213666
4107.0,0.21790275897514508,0.010097525848213666
4108.0,0.2155455780262541,0.010097525848213666
4109.0,0.2112597732958742,0.010097525848213666
4110.0,0.20853743399158575,0.010097525848213666
4111.0,0.21426983464528118,0.010097525848213666
4112.0,0.22000223529897658,0.010097525848213666
4113.0,0.23157292497119494,0.010097525848213666
4114.0,0.24503711378455534,0.010097525848213666
4115.0,0.2506204015983428,0.010097525848213666
4116.0,0.2418310631823746,0.010097525848213666
4117.0,0.23304172476640636,0.010097525848213666
4118.0,0.2280689135265565,0.010097525848213666
4119.0,0.22328356394900953,0.010097525848213666
4120.0,0.22288119279462124,0.010097525848213666
4121.0,0.22603284544857014,0.010097525848213666
4122.0,0.22958452707030752,0.010097525848213666
4123.0,0.23538081567796942,0.010097525848213666
4124.0,0.24117710428563136,0.010097525848213666
4125.0,0.23587430681358404,0.010097525848213666
4126.0,0.22687773349421797,0.010097525848213666
4127.0,0.2201911840428783,0.010097525848213666
4128.0,0.21780715327356778,0.010097525848213666
4129.0,0.21542312250425724,0.010097525848213666
4130.0,0.22759646352010657,0.010097525848213666
4131.0,0.24056216781033152,0.010097525848213666
4132.0,0.24106119713392307,0.010097525848213666
4133.0,0.23125334825044852,0.010097525848213666
4134.0,0.22257354581087715,0.010097525848213666
4135.0,0.2204678501058369,0.010097525848213666
4136.0,0.21836215440079665,0.010097525848213666
4137.0,0.22501345570050268,0.010097525848213666
4138.0,0.23465426322405286,0.010097525848213666
4139.0,0.2386111470168542,0.010097525848213666
4140.0,0.23175471249263735,0.010097525848213666
4141.0,0.22489827796842055,0.010097525848213666
4142.0,0.23220872214144067,0.010097525848213666
4143.0,0.24036629519330538,0.010097525848213666
4144.0,0.23889210416219808,0.010097525848213666
4145.0,0.22929910314080795,0.010097525848213666
4146.0,0.22233391498792557,0.010097525848213666
4147.0,0.231291491250175,0.010097525848213666
4148.0,0.2402490675124245,0.010097525848213666
4149.0,0.23960415691365822,0.010097525848213666
4150.0,0.23559759775415218,0.010097525848213666
4151.0,0.23134683138705647,0.010097525848213666
4152.0,0.22662145737270128,0.010097525848213666
4153.0,0.2218960833583461,0.010097525848213666
4154.0,0.23881263048198328,0.010097525848213666
4155.0,0.25714060724504884,0.010097525848213666
4156.0,0.25914888034325995,0.010097525848213666
4157.0,0.24713240810447376,0.010097525848213666
4158.0,0.23729975319854382,0.010097525848213666
4159.0,0.24124047252349812,0.010097525848213666
4160.0,0.24518119184845244,0.010097525848213666
4161.0,0.24451155722855933,0.010097525848213666
4162.0,0.24218730944738112,0.010097525848213666
4163.0,0.23877279139460791,0.010097525848213666
4164.0,0.2331933639136514,0.010097525848213666
4165.0,0.2276139364326949,0.010097525848213666
4166.0,0.23097626448978736,0.010097525848213666
4167.0,0.23497072179443126,0.010097525848213666
4168.0,0.23199907378548085,0.010097525848213666
4169.0,0.22292423891394791,0.010097525848213666
4170.0,0.21644528436585764,0.010097525848213666
4171.0,0.22702834321644325,0.010097525848213666
4172.0,0.23761140206702885,0.010097525848213666
4173.0,0.2359438871234027,0.010097525848213666
4174.0,0.22977041400259784,0.010097525848213666
4175.0,0.22913515418387786,0.010097525848213666
4176.0,0.23973743262904268,0.010097525848213666
4177.0,0.25033971107420755,0.010097525848213666
4178.0,0.24244807920085398,0.010097525848213666
4179.0,0.23314670480968233,0.010097525848213666
4180.0,0.23698968836087542,0.010097525848213666
4181.0,0.25257297343783786,0.010097525848213666
4182.0,0.26531671891152075,0.010097525848213666
4183.0,0.25858550880422937,0.010097525848213666
4184.0,0.251854298696938,0.010097525848213666
4185.0,0.2522810674646007,0.010097525848213666
4186.0,0.2554053886016733,0.010097525848213666
4187.0,0.2579213355955082,0.010097525848213666
4188.0,0.25917563584211245,0.010097525848213666
4189.0,0.26042993608871673,0.010097525848213666
4190.0,0.25398567809365175,0.010097525848213666
4191.0,0.24691153806063615,0.010097525848213666
4192.0,0.24832448811023883,0.010097525848213666
4193.0,0.2574653619277305,0.010097525848213666
4194.0,0.2656054771803873,0.010097525848213666
4195.0,0.266573489385089,0.010097525848213666
4196.0,0.26754150158979073,0.010097525848213666
4197.0,0.26764863773005615,0.010097525848213666
4198.0,0.26742345565576386,0.010097525848213666
4199.0,0.26740275698497523,0.010097525848213666
4200.0,0.2678155324953959,0.010097525848213666
4201.0,0.2682283080058166,0.010097525848213666
4202.0,0.26314400959025996,0.010097525848213666
4203.0,0.2575788966145978,0.010097525848213666
4204.0,0.25038569817385553,0.010097525848213666
4205.0,0.24168124447502023,0.010097525848213666
4206.0,0.23517600354793003,0.010097525848213666
4207.0,0.24516485840894447,0.010097525848213666
4208.0,0.25515371326995895,0.010097525848213666
4209.0,0.2616583917111561,0.010097525848213666
4210.0,0.2667857407803675,0.010097525848213666
4211.0,0.2696720921552568,0.010097525848213666
4212.0,0.26770152837514816,0.010097525848213666
4213.0,0.26573096459503953,0.010097525848213666
4214.0,0.2662299796344206,0.010097525848213666
4215.0,0.2669590997869027,0.010097525848213666
4216.0,0.2654462088695731,0.010097525848213666
4217.0,0.2618117887857146,0.010097525848213666
4218.0,0.2588838671747217,0.010097525848213666
4219.0,0.26151022611103,0.010097525848213666
4220.0,0.2641365850473382,0.010097525848213666
4221.0,0.2591164264066037,0.010097525848213666
4222.0,0.2510015557616668,0.010097525848213666
4223.0,0.24474867143932527,0.010097525848213666
4224.0,0.24262235139948812,0.010097525848213666
4225.0,0.24049603135965097,0.010097525848213666
4226.0,0.2498134658869811,0.010097525848213666
4227.0,0.26026319802979936,0.010097525848213666
4228.0,0.26692423897678125,0.010097525848213666
4229.0,0.26993062261457496,0.010097525848213666
4230.0,0.2718087225343674,0.010097525848213666
4231.0,0.2643722135377463,0.010097525848213666
4232.0,0.2569357045411253,0.010097525848213666
4233.0,0.2515495010546819,0.010097525848213666
4234.0,0.24701266012253884,0.010097525848213666
4235.0,0.24665709135591626,0.010097525848213666
4236.0,0.2557790728311535,0.010097525848213666
4237.0,0.26490105430639066,0.010097525848213666
4238.0,0.2648498629280932,0.010097525848213666
4239.0,0.2638375566221724,0.010097525848213666
4240.0,0.26530404891850423,0.010097525848213666
4241.0,0.2692080265070544,0.010097525848213666
4242.0,0.27304472587113937,0.010097525848213666
4243.0,0.2762970434482993,0.010097525848213666
4244.0,0.27954936102545924,0.010097525848213666
4245.0,0.2772208669642901,0.010097525848213666
4246.0,0.2725264903624234,0.010097525848213666
4247.0,0.26702260140395057,0.010097525848213666
4248.0,0.25964167582577813,0.010097525848213666
4249.0,0.2522607502476057,0.010097525848213666
4250.0,0.2568330678070246,0.010097525848213666
4251.0,0.2627282109403292,0.010097525848213666
4252.0,0.2646207828630266,0.010097525848213666
4253.0,0.2625011620097074,0.010097525848213666
4254.0,0.2608762017242863,0.010097525848213666
4255.0,0.26378160834731895,0.010097525848213666
4256.0,0.26668701497035163,0.010097525848213666
4257.0,0.2703212004439648,0.010097525848213666
4258.0,0.27427148276843216,0.010097525848213666
4259.0,0.2778100167434039,0.010097525848213666
4260.0,0.2803716902616796,0.010097525848213666
4261.0,0.2829333637799552,0.010097525848213666
4262.0,0.2690892364446246,0.010097525848213666
4263.0,0.2533318320660448,0.010097525848213666
4264.0,0.24771782299754386,0.010097525848213666
4265.0,0.25246878826286806,0.010097525848213666
4266.0,0.2566135809435957,0.010097525848213666
4267.0,0.2548909338631606,0.010097525848213666
4268.0,0.25316828678272535,0.010097525848213666
4269.0,0.25345460141789694,0.010097525848213666
4270.0,0.25463224048841404,0.010097525848213666
4271.0,0.2547354537349732,0.010097525848213666
4272.0,0.2522299787669833,0.010097525848213666
4273.0,0.24972450379899336,0.010097525848213666
4274.0,0.2463806219727235,0.010097525848213666
4275.0,0.24293391666383482,0.010097525848213666
4276.0,0.24415648318688468,0.010097525848213666
4277.0,0.2502428745348727,0.010097525848213666
4278.0,0.2561718820359451,0.010097525848213666
4279.0,0.2604866417017681,0.010097525848213666
4280.0,0.26480140136759106,0.010097525848213666
4281.0,0.26657934823565027,0.010097525848213666
4282.0,0.26720621076266415,0.010097525848213666
4283.0,0.26860889712779085,0.010097525848213666
4284.0,0.27193978165123694,0.010097525848213666
4285.0,0.2752706661746831,0.010097525848213666
4286.0,0.2713680187599461,0.010097525848213666
4287.0,0.2665342256350077,0.010097525848213666
4288.0,0.26658461425946,0.010097525848213666
4289.0,0.27182142360293793,0.010097525848213666
4290.0,0.27596649123531425,0.010097525848213666
4291.0,0.2682115742166512,0.010097525848213666
4292.0,0.2604566571979883,0.010097525848213666
4293.0,0.257506810818989,0.010097525848213666
4294.0,0.25678638210056953,0.010097525848213666
4295.0,0.25664705245806135,0.010097525848213666
4296.0,0.2579864345065974,0.010097525848213666
4297.0,0.25932581655513354,0.010097525848213666
4298.0,0.26106511196545107,0.010097525848213666
4299.0,0.2628583466439108,0.010097525848213666
4300.0,0.2669408952408359,0.010097525848213666
4301.0,0.2735016261545025,0.010097525848213666
4302.0,0.27989160606266,0.010097525848213666
4303.0,0.2842972523158895,0.010097525848213666
4304.0,0.28870289856911896,0.010097525848213666
4305.0,0.2888663249373676,0.010097525848213666
4306.0,0.2870175124929145,0.010097525848213666
4307.0,0.2858344087358195,0.010097525848213666
4308.0,0.2863861821639593,0.010097525848213666
4309.0,0.2869379555920991,0.010097525848213666
4310.0,0.2961346813105672,0.010097525848213666
4311.0,0.3065511742700031,0.010097525848213666
4312.0,0.30776108059368856,0.010097525848213666
4313.0,0.29881119307944143,0.010097525848213666
4314.0,0.2900835208715015,0.010097525848213666
4315.0,0.2841192035210416,0.010097525848213666
4316.0,0.2781548861705816,0.010097525848213666
4317.0,0.28123106652915486,0.010097525848213666
4318.0,0.28869051850422756,0.010097525848213666
4319.0,0.2942925026913987,0.010097525848213666
4320.0,0.294935784325859,0.010097525848213666
4321.0,0.2955790659603192,0.010097525848213666
4322.0,0.29909640761911355,0.010097525848213666
4323.0,0.3030373366368661,0.010097525848213666
4324.0,0.30695388383319383,0.010097525848213666
4325.0,0.3108430014804185,0.010097525848213666
4326.0,0.31422759644101944,0.010097525848213666
4327.0,0.3108707244682868,0.010097525848213666
4328.0,0.30751385249555413,0.010097525848213666
4329.0,0.30740773033141033,0.010097525848213666
4330.0,0.30891239263256054,0.010097525848213666
4331.0,0.30979917676976304,0.010097525848213666
4332.0,0.3089958009069292,0.010097525848213666
4333.0,0.3081924250440954,0.010097525848213666
4334.0,0.31008196918002096,0.010097525848213666
4335.0,0.3123855217922086,0.010097525848213666
4336.0,0.3069171742280189,0.010097525848213666
4337.0,0.2925351782656626,0.010097525848213666
4338.0,0.27979558044312236,0.010097525848213666
4339.0,0.290749096526297,0.010097525848213666
4340.0,0.3017026126094715,0.010097525848213666
4341.0,0.304637870177142,0.010097525848213666
4342.0,0.3035132500154417,0.010097525848213666
4343.0,0.30004170476571673,0.010097525848213666
4344.0,0.28999019602720416,0.010097525848213666
4345.0,0.2799386872886916,0.010097525848213666
4346.0,0.287269015972189,0.010097525848213666
4347.0,0.2973833436856768,0.010097525848213666
4348.0,0.30304122382927423,0.010097525848213666
4349.0,0.3034883098091264,0.010097525848213666
4350.0,0.30376988093602175,0.010097525848213666
4351.0,0.30145948946560674,0.010097525848213666
4352.0,0.29914909799519174,0.010097525848213666
4353.0,0.30100439391553707,0.010097525848213666
4354.0,0.3050146173749979,0.010097525848213666
4355.0,0.3093254969202643,0.010097525848213666
4356.0,0.3145005879121725,0.010097525848213666
4357.0,0.3196756789040807,0.010097525848213666
4358.0,0.31539001994971616,0.010097525848213666
4359.0,0.3095275693376428,0.010097525848213666
4360.0,0.3084767379792548,0.010097525848213666
4361.0,0.3131618632575017,0.010097525848213666
4362.0,0.31761540513253367,0.010097525848213666
4363.0,0.318106857043883,0.010097525848213666
4364.0,0.3185983089552322,0.010097525848213666
4365.0,0.31832705780159015,0.010097525848213666
4366.0,0.3176527635603925,0.010097525848213666
4367.0,0.31838164415681897,0.010097525848213666
4368.0,0.32324689797126094,0.010097525848213666
4369.0,0.3281121517857029,0.010097525848213666
4370.0,0.3255395723573343,0.010097525848213666
4371.0,0.321678466888307,0.010097525848213666
4372.0,0.32193954300154665,0.010097525848213666
4373.0,0.32721082385705974,0.010097525848213666
4374.0,0.33208101541529556,0.010097525848213666
4375.0,0.32939735854142893,0.010097525848213666
4376.0,0.32671370166756225,0.010097525848213666
4377.0,0.320165987459299,0.010097525848213666
4378.0,0.31153268223136255,0.010097525848213666
4379.0,0.3085488906098742,0.010097525848213666
4380.0,0.32265010148907636,0.010097525848213666
4381.0,0.3367513123682785,0.010097525848213666
4382.0,0.330755771321356,0.010097525848213666
4383.0,0.32114509218007675,0.010097525848213666
4384.0,0.313386346972993,0.010097525848213666
4385.0,0.30792260591554715,0.010097525848213666
4386.0,0.30328835409602145,0.010097525848213666
4387.0,0.3160078902803236,0.010097525848213666
4388.0,0.3287274264646257,0.010097525848213666
4389.0,0.3223394486111636,0.010097525848213666
4390.0,0.30541920976111736,0.010097525848213666
4391.0,0.2974202249070685,0.010097525848213666
4392.0,0.3171078903854195,0.010097525848213666
4393.0,0.3367955558637704,0.010097525848213666
4394.0,0.3357682032892915,0.010097525848213666
4395.0,0.3308752276878475,0.010097525848213666
4396.0,0.3274874349175814,0.010097525848213666
4397.0,0.32600157153997206,0.010097525848213666
4398.0,0.32467615384093224,0.010097525848213666
4399.0,0.32712120958823165,0.010097525848213666
4400.0,0.32956626533553113,0.010097525848213666
4401.0,0.33030067108720124,0.010097525848213666
4402.0,0.33007223443983036,0.010097525848213666
4403.0,0.3298923807309753,0.010097525848213666
4404.0,0.32986730884633614,0.010097525848213666
4405.0,0.3298422369616969,0.010097525848213666
4406.0,0.3295565345877055,0.010097525848213666
4407.0,0.3292204237379798,0.010097525848213666
4408.0,0.3282611345212118,0.010097525848213666
4409.0,0.32649890394690967,0.010097525848213666
4410.0,0.3250469320362256,0.010097525848213666
4411.0,0.33189955035507157,0.010097525848213666
4412.0,0.33875216867391755,0.010097525848213666
4413.0,0.33807753015968184,0.010097525848213666
4414.0,0.3330772090797496,0.010097525848213666
4415.0,0.32924135554048173,0.010097525848213666
4416.0,0.3292154009291339,0.010097525848213666
4417.0,0.32918944631778607,0.010097525848213666
4418.0,0.33188258920455865,0.010097525848213666
4419.0,0.3351203351925385,0.010097525848213666
4420.0,0.33821358116984235,0.010097525848213666
4421.0,0.34111697018867443,0.010097525848213666
4422.0,0.34393245007097367,0.010097525848213666
4423.0,0.34401936560014057,0.010097525848213666
4424.0,0.3441062811293076,0.010097525848213666
4425.0,0.3373170888338901,0.010097525848213666
4426.0,0.3264939132813799,0.010097525848213666
4427.0,0.32057934942867866,0.010097525848213666
4428.0,0.33116388877635866,0.010097525848213666
4429.0,0.3417484281240387,0.010097525848213666
4430.0,0.3436684173590634,0.010097525848213666
4431.0,0.34379270997653505,0.010097525848213666
4432.0,0.343043637395411,0.010097525848213666
4433.0,0.3411243535790911,0.010097525848213666
4434.0,0.3392271872138806,0.010097525848213666
4435.0,0.33814535052366645,0.010097525848213666
4436.0,0.3370635138334523,0.010097525848213666
4437.0,0.33440556529171733,0.010097525848213666
4438.0,0.33080376473909157,0.010097525848213666
4439.0,0.32995282866296516,0.010097525848213666
4440.0,0.33860487896021496,0.010097525848213666
4441.0,0.34725692925746476,0.010097525848213666
4442.0,0.3497530002939586,0.010097525848213666
4443.0,0.35092993291743474,0.010097525848213666
4444.0,0.348637872284483,0.010097525848213666
4445.0,0.3416055112073726,0.010097525848213666
4446.0,0.33498857059696213,0.010097525848213666
4447.0,0.34718094556202167,0.010097525848213666
4448.0,0.35937332052708115,0.010097525848213666
4449.0,0.3634609013354808,0.010097525848213666
4450.0,0.3625946814601313,0.010097525848213666
4451.0,0.36087846421386416,0.010097525848213666
4452.0,0.35614313062280967,0.010097525848213666
4453.0,0.3514077970317552,0.010097525848213666
4454.0,0.3531361445438519,0.010097525848213666
4455.0,0.35629560033538893,0.010097525848213666
4456.0,0.3561066775712144,0.010097525848213666
4457.0,0.35125119273945454,0.010097525848213666
4458.0,0.34648926523563983,0.010097525848213666
4459.0,0.3472004414164462,0.010097525848213666
4460.0,0.34791161759725253,0.010097525848213666
4461.0,0.3536758963624865,0.010097525848213666
4462.0,0.3625922079289225,0.010097525848213666
4463.0,0.36931351072410246,0.010097525848213666
4464.0,0.3680150608019353,0.010097525848213666
4465.0,0.3667166108797681,0.010097525848213666
4466.0,0.35132470334992516,0.010097525848213666
4467.0,0.33271084017230984,0.010097525848213666
4468.0,0.32851994757414793,0.010097525848213666
4469.0,0.344831475363602,0.010097525848213666
4470.0,0.360880613928283,0.010097525848213666
4471.0,0.3553351192940909,0.010097525848213666
4472.0,0.34978962465989877,0.010097525848213666
4473.0,0.34849479150146107,0.010097525848213666
4474.0,0.349905683918941,0.010097525848213666
4475.0,0.3533636127099252,0.010097525848213666
4476.0,0.3645183982652889,0.010097525848213666
4477.0,0.3756731838206526,0.010097525848213666
4478.0,0.3710358180869788,0.010097525848213666
4479.0,0.3626730042005588,0.010097525848213666
4480.0,0.35796638819774523,0.010097525848213666
4481.0,0.3585612591261627,0.010097525848213666
4482.0,0.35919640151307747,0.010097525848213666
4483.0,0.36538229326259825,0.010097525848213666
4484.0,0.37156818501211897,0.010097525848213666
4485.0,0.3722091850557329,0.010097525848213666
4486.0,0.3692487504863997,0.010097525848213666
4487.0,0.36649787607237966,0.010097525848213666
4488.0,0.36455828132395673,0.010097525848213666
4489.0,0.3626186865755338,0.010097525848213666
4490.0,0.3640464730002702,0.010097525848213666
4491.0,0.3662934879790745,0.010097525848213666
4492.0,0.36799601016265554,0.010097525848213666
4493.0,0.36889313675330293,0.010097525848213666
4494.0,0.3697929509241498,0.010097525848213666
4495.0,0.37180945466797166,0.010097525848213666
4496.0,0.3738259584117935,0.010097525848213666
4497.0,0.3727993087677117,0.010097525848213666
4498.0,0.36975603851528066,0.010097525848213666
4499.0,0.36864686319740125,0.010097525848213666
4500.0,0.37525090480415113,0.010097525848213666
4501.0,0.3818549464109011,0.010097525848213666
4502.0,0.37915444547410115,0.010097525848213666
4503.0,0.3741208235091169,0.010097525848213666
4504.0,0.36969640030362844,0.010097525848213666
4505.0,0.3661912800454523,0.010097525848213666
4506.0,0.3626861597872762,0.010097525848213666
4507.0,0.37322809729366285,0.010097525848213666
4508.0,0.3838038423999616,0.010097525848213666
4509.0,0.3813627279503795,0.010097525848213666
4510.0,0.37012148309681137,0.010097525848213666
4511.0,0.36230684074360575,0.010097525848213666
4512.0,0.36857700621396244,0.010097525848213666
4513.0,0.37484717168431914,0.010097525848213666
4514.0,0.37724463909217754,0.010097525848213666
4515.0,0.3786417570005065,0.010097525848213666
4516.0,0.37917023012776624,0.010097525848213666
4517.0,0.37836130808905105,0.010097525848213666
4518.0,0.3775523860503359,0.010097525848213666
4519.0,0.3850184812062246,0.010097525848213666
4520.0,0.3925446127625532,0.010097525848213666
4521.0,0.3911936419468057,0.010097525848213666
4522.0,0.3837205315641116,0.010097525848213666
4523.0,0.37636091622317985,0.010097525848213666
4524.0,0.3694824056504749,0.010097525848213666
4525.0,0.3626038950777699,0.010097525848213666
4526.0,0.36610921438689914,0.010097525848213666
4527.0,0.37237619057949384,0.010097525848213666
4528.0,0.3788399136871761,0.010097525848213666
4529.0,0.3856127237694861,0.010097525848213666
4530.0,0.392385533851796,0.010097525848213666
4531.0,0.3840502388096753,0.010097525848213666
4532.0,0.3755313701937467,0.010097525848213666
4533.0,0.37582892046439215,0.010097525848213666
4534.0,0.3823286140826592,0.010097525848213666
4535.0,0.3869008777846517,0.010097525848213666
4536.0,0.38304218998190726,0.010097525848213666
4537.0,0.3791835021791628,0.010097525848213666
4538.0,0.38321254543971517,0.010097525848213666
4539.0,0.38940046310443654,0.010097525848213666
4540.0,0.3913695517051915,0.010097525848213666
4541.0,0.3865753299627745,0.010097525848213666
4542.0,0.38178110822035755,0.010097525848213666
4543.0,0.3872481261601204,0.010097525848213666
4544.0,0.3928905499064119,0.010097525848213666
4545.0,0.39054866100267727,0.010097525848213666
4546.0,0.3824778219912933,0.010097525848213666
4547.0,0.37634989829855375,0.010097525848213666
4548.0,0.37899726101185427,0.010097525848213666
4549.0,0.38164462372515484,0.010097525848213666
4550.0,0.38623824989826155,0.010097525848213666
4551.0,0.39137982409159094,0.010097525848213666
4552.0,0.39351271021303524,0.010097525848213666
4553.0,0.390723154140928,0.010097525848213666
4554.0,0.3879335980688208,0.010097525848213666
4555.0,0.3980099324222421,0.010097525848213666
4556.0,0.4083704214108302,0.010097525848213666
4557.0,0.4132540892739667,0.010097525848213666
4558.0,0.41412977161494824,0.010097525848213666
4559.0,0.4127126887482353,0.010097525848213666
4560.0,0.4005960349122695,0.010097525848213666
4561.0,0.3884793810763037,0.010097525848213666
4562.0,0.3929198637320299,0.010097525848213666
4563.0,0.4021532016879751,0.010097525848213666
4564.0,0.40586719862408877,0.010097525848213666
4565.0,0.4003646036648991,0.010097525848213666
4566.0,0.39486200870570953,0.010097525848213666
4567.0,0.3980642199098659,0.010097525848213666
4568.0,0.4015025664230134,0.010097525848213666
4569.0,0.39953359794632964,0.010097525848213666
4570.0,0.39352898138498826,0.010097525848213666
4571.0,0.3907696780976466,0.010097525848213666
4572.0,0.4036695787197903,0.010097525848213666
4573.0,0.41656947934193395,0.010097525848213666
4574.0,0.4159104307571272,0.010097525848213666
4575.0,0.411217489183954,0.010097525848213666
4576.0,0.405465743107895,0.010097525848213666
4577.0,0.39790921662919126,0.010097525848213666
4578.0,0.3903526901504874,0.010097525848213666
4579.0,0.3965196144769895,0.010097525848213666
4580.0,0.4031286821999328,0.010097525848213666
4581.0,0.4044713011404233,0.010097525848213666
4582.0,0.40180562925283375,0.010097525848213666
4583.0,0.3991126074432484,0.010097525848213666
4584.0,0.3962830327857127,0.010097525848213666
4585.0,0.393453458128177,0.010097525848213666
4586.0,0.3945837241214513,0.010097525848213666
4587.0,0.39692428623840503,0.010097525848213666
4588.0,0.39991764586173306,0.010097525848213666
4589.0,0.40404695904055843,0.010097525848213666
4590.0,0.4081762722193838,0.010097525848213666
4591.0,0.4080985334431828,0.010097525848213666
4592.0,0.40786361962507584,0.010097525848213666
4593.0,0.41159048562975986,0.010097525848213666
4594.0,0.41839216582527167,0.010097525848213666
4595.0,0.4234554037053023,0.010097525848213666
4596.0,0.41953025094677465,0.010097525848213666
4597.0,0.41560509818824704,0.010097525848213666
4598.0,0.41687377711796164,0.010097525848213666
4599.0,0.41977269659335026,0.010097525848213666
4600.0,0.4237237925610979,0.010097525848213666
4601.0,0.4295442554302696,0.010097525848213666
4602.0,0.4353647182994414,0.010097525848213666
4603.0,0.4255051946831138,0.010097525848213666
4604.0,0.4149784375993106,0.010097525848213666
4605.0,0.412957924509442,0.010097525848213666
4606.0,0.41766923462337563,0.010097525848213666
4607.0,0.4216579369350439,0.010097525848213666
4608.0,0.42177434400099756,0.010097525848213666
4609.0,0.4218907510669512,0.010097525848213666
4610.0,0.4180537328761507,0.010097525848213666
4611.0,0.41294283321372927,0.010097525848213666
4612.0,0.4136607774052507,0.010097525848213666
4613.0,0.42495334710204885,0.010097525848213666
4614.0,0.436245916798847,0.010097525848213666
4615.0,0.4301897449663474,0.010097525848213666
4616.0,0.42330432511106236,0.010097525848213666
4617.0,0.4223379280364964,0.010097525848213666
4618.0,0.4261478356786856,0.010097525848213666
4619.0,0.42892088636714737,0.010097525848213666
4620.0,0.4259299921002382,0.010097525848213666
4621.0,0.42293909783332895,0.010097525848213666
4622.0,0.42499230045745223,0.010097525848213666
4623.0,0.4287134392739746,0.010097525848213666
4624.0,0.43210093688302187,0.010097525848213666
4625.0,0.43487028417273993,0.010097525848213666
4626.0,0.43763963146245793,0.010097525848213666
4627.0,0.43807846135804057,0.010097525848213666
4628.0,0.4383935469672097,0.010097525848213666
4629.0,0.4363093313815313,0.010097525848213666
4630.0,0.4322510736749265,0.010097525848213666
4631.0,0.42831744401924055,0.010097525848213666
4632.0,0.425103212055849,0.010097525848213666
4633.0,0.42188898009245746,0.010097525848213666
4634.0,0.4288412657896836,0.010097525848213666
4635.0,0.439242321947348,0.010097525848213666
4636.0,0.44698282645588555,0.010097525848213666
4637.0,0.4496886064895183,0.010097525848213666
4638.0,0.45239438652315095,0.010097525848213666
4639.0,0.4427473808405392,0.010097525848213666
4640.0,0.4323783571872162,0.010097525848213666
4641.0,0.43280984117193433,0.010097525848213666
4642.0,0.44230135363888673,0.010097525848213666
4643.0,0.44905477961170437,0.010097525848213666
4644.0,0.439379686619678,0.010097525848213666
4645.0,0.42970459362765173,0.010097525848213666
4646.0,0.43367947989979655,0.010097525848213666
4647.0,0.44240314536578285,0.010097525848213666
4648.0,0.44921087151454925,0.010097525848213666
4649.0,0.4523148980677142,0.010097525848213666
4650.0,0.45541892462087913,0.010097525848213666
4651.0,0.4539395396662913,0.010097525848213666
4652.0,0.452167471984517,0.010097525848213666
4653.0,0.4462379421564754,0.010097525848213666
4654.0,0.43675280995834753,0.010097525848213666
4655.0,0.42916269509651556,0.010097525848213666
4656.0,0.4334040797778064,0.010097525848213666
4657.0,0.43764546445909724,0.010097525848213666
4658.0,0.43601230726535073,0.010097525848213666
4659.0,0.4322838330184616,0.010097525848213666
4660.0,0.4299453375070675,0.010097525848213666
4661.0,0.43035204999827475,0.010097525848213666
4662.0,0.4307587624894821,0.010097525848213666
4663.0,0.43539691040578504,0.010097525848213666
4664.0,0.44032837990483076,0.010097525848213666
4665.0,0.4425920556383123,0.010097525848213666
4666.0,0.44252965500990904,0.010097525848213666
4667.0,0.441910675169583,0.010097525848213666
4668.0,0.4376714233382063,0.010097525848213666
4669.0,0.4334321715068297,0.010097525848213666
4670.0,0.43554957878154454,0.010097525848213666
4671.0,0.43999081389340394,0.010097525848213666
4672.0,0.444479375184995,0.010097525848213666
4673.0,0.44906344619437777,0.010097525848213666
4674.0,0.4536475172037606,0.010097525848213666
4675.0,0.45889986078585865,0.010097525848213666
4676.0,0.46420221702501147,0.010097525848213666
4677.0,0.4662190682495829,0.010097525848213666
4678.0,0.4653154705723092,0.010097525848213666
4679.0,0.46384838915466514,0.010097525848213666
4680.0,0.4585580442275913,0.010097525848213666
4681.0,0.45326769930051736,0.010097525848213666
4682.0,0.44931421403849003,0.010097525848213666
4683.0,0.4458614996410914,0.010097525848213666
4684.0,0.4450850859468898,0.010097525848213666
4685.0,0.4498285424530336,0.010097525848213666
4686.0,0.4545719989591775,0.010097525848213666
4687.0,0.45697938761884865,0.010097525848213666
4688.0,0.4591989212765996,0.010097525848213666
4689.0,0.46055447424744733,0.010097525848213666
4690.0,0.46112710650430466,0.010097525848213666
4691.0,0.46068786274893025,0.010097525848213666
4692.0,0.45307707055737223,0.010097525848213666
4693.0,0.4454662783658142,0.010097525848213666
4694.0,0.44958641853049686,0.010097525848213666
4695.0,0.4582079629714145,0.010097525848213666
4696.0,0.4620112682174286,0.010097525848213666
4697.0,0.45565671844435085,0.010097525848213666
4698.0,0.449302168671273,0.010097525848213666
4699.0,0.4465892795802532,0.010097525848213666
4700.0,0.4441897537291503,0.010097525848213666
4701.0,0.4437516945142544,0.010097525848213666
4702.0,0.44512561371617587,0.010097525848213666
4703.0,0.44753045610998776,0.010097525848213666
4704.0,0.4575787088356078,0.010097525848213666
4705.0,0.46762696156122785,0.010097525848213666
4706.0,0.4728339184163824,0.010097525848213666
4707.0,0.4761383593358211,0.010097525848213666
4708.0,0.47776382396498923,0.010097525848213666
4709.0,0.47577058590792637,0.010097525848213666
4710.0,0.4737773478508635,0.010097525848213666
4711.0,0.4641453602670824,0.010097525848213666
4712.0,0.45381256997442987,0.010097525848213666
4713.0,0.45548201908829467,0.010097525848213666
4714.0,0.4684542764078426,0.010097525848213666
4715.0,0.47853975290948964,0.010097525848213666
4716.0,0.46619950053106085,0.010097525848213666
4717.0,0.45385924815263207,0.010097525848213666
4718.0,0.46191435478955006,0.010097525848213666
4719.0,0.47817567490231533,0.010097525848213666
4720.0,0.4872750814212427,0.010097525848213666
4721.0,0.4805907322122225,0.010097525848213666
4722.0,0.47390638300320226,0.010097525848213666
4723.0,0.4736332490538551,0.010097525848213666
4724.0,0.4739851874750189,0.010097525848213666
4725.0,0.47370510580274977,0.010097525848213666
4726.0,0.4728182848407856,0.010097525848213666
4727.0,0.4721454112348578,0.010097525848213666
4728.0,0.4732170314550639,0.010097525848213666
4729.0,0.47428865167527,0.010097525848213666
4730.0,0.4782233644388452,0.010097525848213666
4731.0,0.48333728311434987,0.010097525848213666
4732.0,0.4867001014051063,0.010097525848213666
4733.0,0.4861161035942937,0.010097525848213666
4734.0,0.4855321057834811,0.010097525848213666
4735.0,0.4867149336854668,0.010097525848213666
4736.0,0.48808029457499985,0.010097525848213666
4737.0,0.48723716293682606,0.010097525848213666
4738.0,0.48423275120028314,0.010097525848213666
4739.0,0.4819102409167106,0.010097525848213666
4740.0,0.48543483964366385,0.010097525848213666
4741.0,0.48895943837061706,0.010097525848213666
4742.0,0.4898972317328747,0.010097525848213666
4743.0,0.4897446822195671,0.010097525848213666
4744.0,0.4909887323616087,0.010097525848213666
4745.0,0.495452720597928,0.010097525848213666
4746.0,0.49991670883424727,0.010097525848213666
4747.0,0.49617811962978936,0.010097525848213666
4748.0,0.491543909453107,0.010097525848213666
4749.0,0.4891350223095731,0.010097525848213666
4750.0,0.4889461216931136,0.010097525848213666
4751.0,0.4882732483180352,0.010097525848213666
4752.0,0.4832271271241317,0.010097525848213666
4753.0,0.4781810059302281,0.010097525848213666
4754.0,0.4828870226818525,0.010097525848213666
4755.0,0.4917988583756221,0.010097525848213666
4756.0,0.4974385576345978,0.010097525848213666
4757.0,0.4953597092550613,0.010097525848213666
4758.0,0.49328086087552475,0.010097525848213666
4759.0,0.5026153128920472,0.010097525848213666
4760.0,0.5132637459447976,0.010097525848213666
4761.0,0.5126325747073422,0.010097525848213666
4762.0,0.5005306194459642,0.010097525848213666
4763.0,0.4898163459455077,0.010097525848213666
4764.0,0.492346528745516,0.010097525848213666
4765.0,0.4948767115455242,0.010097525848213666
4766.0,0.4982760186484643,0.010097525848213666
4767.0,0.502058762943874,0.010097525848213666
4768.0,0.5048269676913614,0.010097525848213666
4769.0,0.5051461404973462,0.010097525848213666
4770.0,0.5054653133033309,0.010097525848213666
4771.0,0.502824334153619,0.010097525848213666
4772.0,0.4998247901640525,0.010097525848213666
4773.0,0.5003833494037816,0.010097525848213666
4774.0,0.5046305046562798,0.010097525848213666
4775.0,0.5083489873598075,0.010097525848213666
4776.0,0.5067243528350891,0.010097525848213666
4777.0,0.5050997183103708,0.010097525848213666
4778.0,0.5027653379554804,0.010097525848213666
4779.0,0.5001107064333171,0.010097525848213666
4780.0,0.4983140759289466,0.010097525848213666
4781.0,0.4986374229393705,0.010097525848213666
4782.0,0.4989607699497945,0.010097525848213666
4783.0,0.5013822284108964,0.010097525848213666
4784.0,0.5040705643772275,0.010097525848213666
4785.0,0.5049393875641282,0.010097525848213666
4786.0,0.5038853676162246,0.010097525848213666
4787.0,0.5029362966231337,0.010097525848213666
4788.0,0.5031135792014026,0.010097525848213666
4789.0,0.5032908617796716,0.010097525848213666
4790.0,0.5037356391049655,0.010097525848213666
4791.0,0.5043038394451148,0.010097525848213666
4792.0,0.5047877107988228,0.010097525848213666
4793.0,0.5050582584029311,0.010097525848213666
4794.0,0.5053288060070391,0.010097525848213666
4795.0,0.5044339611831821,0.010097525848213666
4796.0,0.5033837307022632,0.010097525848213666
4797.0,0.5064529119731281,0.010097525848213666
4798.0,0.5139599632608678,0.010097525848213666
4799.0,0.519937389226671,0.010097525848213666
4800.0,0.5084268600193071,0.010097525848213666
4801.0,0.4969163308119433,0.010097525848213666
4802.0,0.4999832752140059,0.010097525848213666
4803.0,0.5099268723611636,0.010097525848213666
4804.0,0.5184737204335055,0.010097525848213666
4805.0,0.5234022659456565,0.010097525848213666
4806.0,0.5283308114578076,0.010097525848213666
4807.0,0.5181901846043042,0.010097525848213666
4808.0,0.5059468825369982,0.010097525848213666
4809.0,0.5064146074830433,0.010097525848213666
4810.0,0.5208420497535746,0.010097525848213666
4811.0,0.5337143403625825,0.010097525848213666
4812.0,0.5275792217750687,0.010097525848213666
4813.0,0.521444103187555,0.010097525848213666
4814.0,0.5179568562571585,0.010097525848213666
4815.0,0.5157464300012795,0.010097525848213666
4816.0,0.5149229212408057,0.010097525848213666
4817.0,0.5177796102203249,0.010097525848213666
4818.0,0.5206362991998441,0.010097525848213666
4819.0,0.5205616289524291,0.010097525848213666
4820.0,0.5200595528204816,0.010097525848213666
4821.0,0.5208493374235762,0.010097525848213666
4822.0,0.5230854801015247,0.010097525848213666
4823.0,0.525047793450256,0.010097525848213666
4824.0,0.5234178372936567,0.010097525848213666
4825.0,0.5217878811370574,0.010097525848213666
4826.0,0.5263480544303109,0.010097525848213666
4827.0,0.5339589187606731,0.010097525848213666
4828.0,0.5392513520135062,0.010097525848213666
4829.0,0.5382405507743026,0.010097525848213666
4830.0,0.537229749535099,0.010097525848213666
4831.0,0.5346886905626178,0.010097525848213666
4832.0,0.5319148122946178,0.010097525848213666
4833.0,0.5301287745055552,0.010097525848213666
4834.0,0.5294702461577482,0.010097525848213666
4835.0,0.5297992079743613,0.010097525848213666
4836.0,0.5440966670257966,0.010097525848213666
4837.0,0.5583941260772319,0.010097525848213666
4838.0,0.5520999719594467,0.010097525848213666
4839.0,0.5354356733033634,0.010097525848213666
4840.0,0.523291722994062,0.010097525848213666
4841.0,0.5237431069419133,0.010097525848213666
4842.0,0.5241944908897644,0.010097525848213666
4843.0,0.5320796816728753,0.010097525848213666
4844.0,0.5411435288944021,0.010097525848213666
4845.0,0.5432206378541595,0.010097525848213666
4846.0,0.5371677241093203,0.010097525848213666
4847.0,0.5317550519678376,0.010097525848213666
4848.0,0.5361594177445281,0.010097525848213666
4849.0,0.5405637835212189,0.010097525848213666
4850.0,0.5402674258466894,0.010097525848213666
4851.0,0.5375523322872615,0.010097525848213666
4852.0,0.5354731169630792,0.010097525848213666
4853.0,0.5352102760423549,0.010097525848213666
4854.0,0.5349474351216308,0.010097525848213666
4855.0,0.54311855587094,0.010097525848213666
4856.0,0.5526815751895676,0.010097525848213666
4857.0,0.5535319187006986,0.010097525848213666
4858.0,0.544045964403486,0.010097525848213666
4859.0,0.5352567330072076,0.010097525848213666
4860.0,0.5381190803371598,0.010097525848213666
4861.0,0.5409814276671123,0.010097525848213666
4862.0,0.542025017660333,0.010097525848213666
4863.0,0.5421125941816803,0.010097525848213666
4864.0,0.5425444018308859,0.010097525848213666
4865.0,0.5439845468876378,0.010097525848213666
4866.0,0.5454246919443896,0.010097525848213666
4867.0,0.5462402868161551,0.010097525848213666
4868.0,0.5469487155521007,0.010097525848213666
4869.0,0.5496462141526818,0.010097525848213666
4870.0,0.5547495903614158,0.010097525848213666
4871.0,0.5595834808891211,0.010097525848213666
4872.0,0.5594663554164945,0.010097525848213666
4873.0,0.5593492299438677,0.010097525848213666
4874.0,0.5567133010873532,0.010097525848213666
4875.0,0.5527250257645818,0.010097525848213666
4876.0,0.5479565455523066,0.010097525848213666
4877.0,0.54084369968648,0.010097525848213666
4878.0,0.5337308538206537,0.010097525848213666
4879.0,0.5393505650242457,0.010097525848213666
4880.0,0.5472394448144667,0.010097525848213666
4881.0,0.5495849470981193,0.010097525848213666
4882.0,0.5450941125103875,0.010097525848213666
4883.0,0.5412426466815555,0.010097525848213666
4884.0,0.5504080730210991,0.010097525848213666
4885.0,0.5595734993606426,0.010097525848213666
4886.0,0.5547173531050684,0.010097525848213666
4887.0,0.5421727980845275,0.010097525848213666
4888.0,0.5360669660279985,0.010097525848213666
4889.0,0.5498138631105134,0.010097525848213666
4890.0,0.5635607601930283,0.010097525848213666
4891.0,0.559058868168185,0.010097525848213666
4892.0,0.5511823778731431,0.010097525848213666
4893.0,0.5493439334887366,0.010097525848213666
4894.0,0.5550980454797658,0.010097525848213666
4895.0,0.5604418348236084,0.010097525848213666
4896.0,0.5564302678116773,0.010097525848213666
4897.0,0.5524187007997461,0.010097525848213666
4898.0,0.5544694631971561,0.010097525848213666
4899.0,0.5599146759567268,0.010097525848213666
4900.0,0.5629044324853822,0.010097525848213666
4901.0,0.5581226700432037,0.010097525848213666
4902.0,0.5533409076010251,0.010097525848213666
4903.0,0.5495949826376769,0.010097525848213666
4904.0,0.5460476302382249,0.010097525848213666
4905.0,0.5472966597628968,0.010097525848213666
4906.0,0.5546955707683556,0.010097525848213666
4907.0,0.5620879754511514,0.010097525848213666
4908.0,0.5693120552702112,0.010097525848213666
4909.0,0.5765361350892708,0.010097525848213666
4910.0,0.5760938639457619,0.010097525848213666
4911.0,0.5712687544217707,0.010097525848213666
4912.0,0.5700937234084171,0.010097525848213666
4913.0,0.58078144755465,0.010097525848213666
4914.0,0.5914691717008828,0.010097525848213666
4915.0,0.5800998092442218,0.010097525848213666
4916.0,0.5643507662822451,0.010097525848213666
4917.0,0.5579431099201978,0.010097525848213666
4918.0,0.5637491224644418,0.010097525848213666
4919.0,0.5695135437454687,0.010097525848213666
4920.0,0.5740363887986222,0.010097525848213666
4921.0,0.5785592338517755,0.010097525848213666
4922.0,0.576933291075979,0.010097525848213666
4923.0,0.5717186071148403,0.010097525848213666
4924.0,0.5668765252730519,0.010097525848213666
4925.0,0.563278391131801,0.010097525848213666
4926.0,0.5596802569905502,0.010097525848213666
4927.0,0.5706259433496816,0.010097525848213666
4928.0,0.5845603742978804,0.010097525848213666
4929.0,0.5897027196929424,0.010097525848213666
4930.0,0.5831222843504946,0.010097525848213666
4931.0,0.5768578712350293,0.010097525848213666
4932.0,0.5817229365482179,0.010097525848213666
4933.0,0.5865880018614065,0.010097525848213666
4934.0,0.5863377887865441,0.010097525848213666
4935.0,0.5830399673233998,0.010097525848213666
4936.0,0.5796674054484946,0.010097525848213666
4937.0,0.5760384203523895,0.010097525848213666
4938.0,0.5724094352562845,0.010097525848213666
4939.0,0.5706141587208896,0.010097525848213666
4940.0,0.5692085786190662,0.010097525848213666
4941.0,0.5679433558706163,0.010097525848213666
4942.0,0.5668689873137228,0.010097525848213666
4943.0,0.5660224250590477,0.010097525848213666
4944.0,0.5749355643835982,0.010097525848213666
4945.0,0.5838487037081489,0.010097525848213666
4946.0,0.5892380628393735,0.010097525848213666
4947.0,0.5924845826638505,0.010097525848213666
4948.0,0.5949246524420414,0.010097525848213666
4949.0,0.5945202326547998,0.010097525848213666
4950.0,0.5941158128675581,0.010097525848213666
4951.0,0.5876318079797911,0.010097525848213666
4952.0,0.5798126087068385,0.010097525848213666
4953.0,0.575574116937498,0.010097525848213666
4954.0,0.5763014201015345,0.010097525848213666
4955.0,0.5772375013143819,0.010097525848213666
4956.0,0.5895589454554541,0.010097525848213666
4957.0,0.6018803895965261,0.010097525848213666
4958.0,0.6039402275310696,0.010097525848213666
4959.0,0.5996314810689528,0.010097525848213666
4960.0,0.5970767473993878,0.010097525848213666
4961.0,0.6008851823605662,0.010097525848213666
4962.0,0.6046936173217448,0.010097525848213666
4963.0,0.5979655420711623,0.010097525848213666
4964.0,0.5888477428550244,0.010097525848213666
4965.0,0.5850326880566594,0.010097525848213666
4966.0,0.5887183268115392,0.010097525848213666
4967.0,0.5923446299269628,0.010097525848213666
4968.0,0.5915369425302512,0.010097525848213666
4969.0,0.5907292551335398,0.010097525848213666
4970.0,0.5881580631768091,0.010097525848213666
4971.0,0.5844699849987341,0.010097525848213666
4972.0,0.5829035548912058,0.010097525848213666
4973.0,0.5892571405924864,0.010097525848213666
4974.0,0.5956107262937668,0.010097525848213666
4975.0,0.593062800918946,0.010097525848213666
4976.0,0.5884312625811308,0.010097525848213666
4977.0,0.5862239629868675,0.010097525848213666
4978.0,0.5875143920196677,0.010097525848213666
4979.0,0.5888520634160387,0.010097525848213666
4980.0,0.5957643337135816,0.010097525848213666
4981.0,0.6026766040111247,0.010097525848213666
4982.0,0.6058096970901222,0.010097525848213666
4983.0,0.606500515563457,0.010097525848213666
4984.0,0.6071955395913254,0.010097525848213666
4985.0,0.6079067256630716,0.010097525848213666
4986.0,0.6086179117348176,0.010097525848213666
4987.0,0.6074246692788856,0.010097525848213666
4988.0,0.6057716393095669,0.010097525848213666
4989.0,0.6067210042113498,0.010097525848213666
4990.0,0.611500600140033,0.010097525848213666
4991.0,0.6162166956340509,0.010097525848213666
4992.0,0.6033643375359408,0.010097525848213666
4993.0,0.5905119794378304,0.010097525848213666
4994.0,0.5936871132097808,0.010097525848213666
4995.0,0.6074301748880787,0.010097525848213666
4996.0,0.615627321053322,0.010097525848213666
4997.0,0.6018718849794713,0.010097525848213666
4998.0,0.5881164489056206,0.010097525848213666
4999.0,0.5980779769471108,0.010097525848213666
5000.0,0.6139420777669272,0.010097525848213666
5001.0,0.6234040509151311,0.010097525848213666
5002.0,0.6232532197515909,0.010097525848213666
5003.0,0.6231023885880508,0.010097525848213666
5004.0,0.6134553423113592,0.010097525848213666
5005.0,0.6037968823145807,0.010097525848213666
5006.0,0.6040976554895835,0.010097525848213666
5007.0,0.6110979128263119,0.010097525848213666
5008.0,0.6173484572403375,0.010097525848213666
5009.0,0.6205407215001681,0.010097525848213666
5010.0,0.6237329857599989,0.010097525848213666
5011.0,0.6212201244808272,0.010097525848213666
5012.0,0.6172444104993438,0.010097525848213666
5013.0,0.6136815633665083,0.010097525848213666
5014.0,0.6107511931081975,0.010097525848213666
5015.0,0.6078208228498868,0.010097525848213666
5016.0,0.6182500717938618,0.010097525848213666
5017.0,0.62875999476683,0.010097525848213666
5018.0,0.6290226545946803,0.010097525848213666
5019.0,0.622253285665051,0.010097525848213666
5020.0,0.6163527626191331,0.010097525848213666
5021.0,0.6141068225715657,0.010097525848213666
5022.0,0.6118608825239983,0.010097525848213666
5023.0,0.6153504499652546,0.010097525848213666
5024.0,0.6203544002639548,0.010097525848213666
5025.0,0.6229806886158088,0.010097525848213666
5026.0,0.6218905084476755,0.010097525848213666
5027.0,0.6208003282795422,0.010097525848213666
5028.0,0.6148178567997781,0.010097525848213666
5029.0,0.608781950099377,0.010097525848213666
5030.0,0.6121695278870255,0.010097525848213666
5031.0,0.6221535448162987,0.010097525848213666
5032.0,0.6299955980050879,0.010097525848213666
5033.0,0.6285420777816431,0.010097525848213666
5034.0,0.6270885575581983,0.010097525848213666
5035.0,0.6177689732524289,0.010097525848213666
5036.0,0.6063117409975742,0.010097525848213666
5037.0,0.6046861662670051,0.010097525848213666
5038.0,0.6187422384287629,0.010097525848213666
5039.0,0.6327983105905205,0.010097525848213666
5040.0,0.6316865966731604,0.010097525848213666
5041.0,0.630334417854551,0.010097525848213666
5042.0,0.6347551633879671,0.010097525848213666
5043.0,0.6432977293949519,0.010097525848213666
5044.0,0.6492122681726222,0.010097525848213666
5045.0,0.6433525533768738,0.010097525848213666
5046.0,0.6374928385811252,0.010097525848213666
5047.0,0.6409992126825511,0.010097525848213666
5048.0,0.6471240632498566,0.010097525848213666
5049.0,0.6500779100894409,0.010097525848213666
5050.0,0.6478701231009422,0.010097525848213666
5051.0,0.6456623361124433,0.010097525848213666
5052.0,0.6449056068882374,0.010097525848213666
5053.0,0.6441791080341212,0.010097525848213666
5054.0,0.6430753952130255,0.010097525848213666
5055.0,0.6416969892334032,0.010097525848213666
5056.0,0.6404517214316802,0.010097525848213666
5057.0,0.6398226674938788,0.010097525848213666
5058.0,0.6391936135560776,0.010097525848213666
5059.0,0.6399949339305663,0.010097525848213666
5060.0,0.6412074592850948,0.010097525848213666
5061.0,0.6418420067453378,0.010097525848213666
5062.0,0.6415163353396743,0.010097525848213666
5063.0,0.6411906639340108,0.010097525848213666
5064.0,0.647884292400532,0.010097525848213666
5065.0,0.6547594544844361,0.010097525848213666
5066.0,0.6572565631320126,0.010097525848213666
5067.0,0.656502188578977,0.010097525848213666
5068.0,0.6558918481846964,0.010097525848213666
5069.0,0.6559706712305685,0.010097525848213666
5070.0,0.6560494942764407,0.010097525848213666
5071.0,0.6513615068069987,0.010097525848213666
5072.0,0.645264975017321,0.010097525848213666
5073.0,0.6444437854372422,0.010097525848213666
5074.0,0.6525684836171268,0.010097525848213666
5075.0,0.6606931817970114,0.010097525848213666
5076.0,0.65824026457336,0.010097525848213666
5077.0,0.6554600696453972,0.010097525848213666
5078.0,0.6566865199412457,0.010097525848213666
5079.0,0.6609475390880396,0.010097525848213666
5080.0,0.6631989606815062,0.010097525848213666
5081.0,0.655502874385973,0.010097525848213666
5082.0,0.6478067880904399,0.010097525848213666
5083.0,0.6493268161833514,0.010097525848213666
5084.0,0.6536448508355087,0.010097525848213666
5085.0,0.6541829571703551,0.010097525848213666
5086.0,0.6481774498936077,0.010097525848213666
5087.0,0.6421719426168603,0.010097525848213666
5088.0,0.6471975789803157,0.010097525848213666
5089.0,0.6526211048531814,0.010097525848213666
5090.0,0.6566776309754471,0.010097525848213666
5091.0,0.6596783679286342,0.010097525848213666
5092.0,0.6626036961792999,0.010097525848213666
5093.0,0.6651425548295435,0.010097525848213666
5094.0,0.6676814134797872,0.010097525848213666
5095.0,0.6664828458173891,0.010097525848213666
5096.0,0.664118907430737,0.010097525848213666
5097.0,0.662792916118165,0.010097525848213666
5098.0,0.6633014359132705,0.010097525848213666
5099.0,0.6638099557083761,0.010097525848213666
5100.0,0.658402912203025,0.010097525848213666
5101.0,0.6527518517115325,0.010097525848213666
5102.0,0.6559472135204839,0.010097525848213666
5103.0,0.6661096074845089,0.010097525848213666
5104.0,0.6730816753531305,0.010097525848213666
5105.0,0.6631111781242368,0.010097525848213666
5106.0,0.6531406808953432,0.010097525848213666
5107.0,0.6534272675542326,0.010097525848213666
5108.0,0.6569974214798949,0.010097525848213666
5109.0,0.6609327476987281,0.010097525848213666
5110.0,0.6655271053961451,0.010097525848213666
5111.0,0.6701214630935621,0.010097525848213666
5112.0,0.6674047410335013,0.010097525848213666
5113.0,0.6643481823515465,0.010097525848213666
5114.0,0.6645588027510817,0.010097525848213666
5115.0,0.6673930669584773,0.010097525848213666
5116.0,0.6698796922307434,0.010097525848213666
5117.0,0.6704515874306135,0.010097525848213666
5118.0,0.6710234826304837,0.010097525848213666
5119.0,0.6688019236398314,0.010097525848213666
5120.0,0.6656625790618633,0.010097525848213666
5121.0,0.666124865778002,0.010097525848213666
5122.0,0.6732249712614432,0.010097525848213666
5123.0,0.6803250767448843,0.010097525848213666
5124.0,0.6756447522313895,0.010097525848213666
5125.0,0.6703545822256319,0.010097525848213666
5126.0,0.6721513196678691,0.010097525848213666
5127.0,0.6797506560030999,0.010097525848213666
5128.0,0.6851883400150606,0.010097525848213666
5129.0,0.678266253888341,0.010097525848213666
5130.0,0.6713441677616214,0.010097525848213666
5131.0,0.6742945541882595,0.010097525848213666
5132.0,0.6805727403519897,0.010097525848213666
5133.0,0.6838397330876411,0.010097525848213666
5134.0,0.6814385970175006,0.010097525848213666
5135.0,0.6790374609473604,0.010097525848213666
5136.0,0.6777430680591797,0.010097525848213666
5137.0,0.6765118775100696,0.010097525848213666
5138.0,0.6753048124178673,0.010097525848213666
5139.0,0.6741178872996033,0.010097525848213666
5140.0,0.673492262685127,0.010097525848213666
5141.0,0.6762016985639986,0.010097525848213666
5142.0,0.6789111344428702,0.010097525848213666
5143.0,0.6833395168987562,0.010097525848213666
5144.0,0.6883621716769052,0.010097525848213666
5145.0,0.691520359226054,0.010097525848213666
5146.0,0.6910935361033091,0.010097525848213666
5147.0,0.6906667129805643,0.010097525848213666
5148.0,0.6870068629497006,0.010097525848213666
5149.0,0.6831449487370798,0.010097525848213666
5150.0,0.6775452627786265,0.010097525848213666
5151.0,0.6704665399787174,0.010097525848213666
5152.0,0.6656225929494969,0.010097525848213666
5153.0,0.6745918720201329,0.010097525848213666
5154.0,0.683561151090769,0.010097525848213666
5155.0,0.6780323011531558,0.010097525848213666
5156.0,0.6673642770305172,0.010097525848213666
5157.0,0.6627622586587065,0.010097525848213666
5158.0,0.670076379697776,0.010097525848213666
5159.0,0.6773905007368455,0.010097525848213666
5160.0,0.6779250217293503,0.010097525848213666
5161.0,0.6779988775904892,0.010097525848213666
5162.0,0.6750235278951329,0.010097525848213666
5163.0,0.6694023428850594,0.010097525848213666
5164.0,0.664801317472179,0.010097525848213666
5165.0,0.6667675694662053,0.010097525848213666
5166.0,0.6687338214602316,0.010097525848213666
5167.0,0.6673427046567925,0.010097525848213666
5168.0,0.6647317255406894,0.010097525848213666
5169.0,0.6608372185692701,0.010097525848213666
5170.0,0.6543663885380869,0.010097525848213666
5171.0,0.6478955585069037,0.010097525848213666
5172.0,0.6456103481517745,0.010097525848213666
5173.0,0.6436325866646033,0.010097525848213666
5174.0,0.6445458197683179,0.010097525848213666
5175.0,0.6480164711639665,0.010097525848213666
5176.0,0.6520763302895001,0.010097525848213666
5177.0,0.6600915190832464,0.010097525848213666
5178.0,0.6681067078769927,0.010097525848213666
5179.0,0.6672203192765487,0.010097525848213666
5180.0,0.6630196695705299,0.010097525848213666
5181.0,0.6578852381353307,0.010097525848213666
5182.0,0.6508353569992473,0.010097525848213666
5183.0,0.6437854758631639,0.010097525848213666
5184.0,0.6515661607848394,0.010097525848213666
5185.0,0.6605186909520067,0.010097525848213666
5186.0,0.6601696885658332,0.010097525848213666
5187.0,0.6514323177810923,0.010097525848213666
5188.0,0.6437046305895354,0.010097525848213666
5189.0,0.6430544370463392,0.010097525848213666
5190.0,0.642404243503143,0.010097525848213666
5191.0,0.639922950850439,0.010097525848213666
5192.0,0.6367432290183203,0.010097525848213666
5193.0,0.6377519777859604,0.010097525848213666
5194.0,0.6475425013426775,0.010097525848213666
5195.0,0.6573330248993949,0.010097525848213666
5196.0,0.6546519655721581,0.010097525848213666
5197.0,0.6509153686310545,0.010097525848213666
5198.0,0.65750160681577,0.010097525848213666
5199.0,0.6735781934226029,0.010097525848213666
5200.0,0.6875881653669589,0.010097525848213666
5201.0,0.6864498518353154,0.010097525848213666
5202.0,0.6853115383036719,0.010097525848213666
5203.0,0.6880112497866434,0.010097525848213666
5204.0,0.6922102899063748,0.010097525848213666
5205.0,0.6944784439116568,0.010097525848213666
5206.0,0.6926079439056014,0.010097525848213666
5207.0,0.6907374438995462,0.010097525848213666
5208.0,0.6942066976662192,0.010097525848213666
5209.0,0.6981582066819993,0.010097525848213666
5210.0,0.7001760570229889,0.010097525848213666
5211.0,0.7003816644664397,0.010097525848213666
5212.0,0.7002921968937561,0.010097525848213666
5213.0,0.6979374138326256,0.010097525848213666
5214.0,0.6955826307714953,0.010097525848213666
5215.0,0.7000820250589547,0.010097525848213666
5216.0,0.7073230902858428,0.010097525848213666
5217.0,0.714136498624848,0.010097525848213666
5218.0,0.7200126665812132,0.010097525848213666
5219.0,0.7258888345375785,0.010097525848213666
5220.0,0.7180363406183127,0.010097525848213666
5221.0,0.7088651725978281,0.010097525848213666
5222.0,0.7043432342357976,0.010097525848213666
5223.0,0.7042631655239796,0.010097525848213666
5224.0,0.7052662675446664,0.010097525848213666
5225.0,0.7149936033999419,0.010097525848213666
5226.0,0.7247209392552173,0.010097525848213666
5227.0,0.7324434826750726,0.010097525848213666
5228.0,0.7393451127795782,0.010097525848213666
5229.0,0.7401448004862266,0.010097525848213666
5230.0,0.7272685394724128,0.010097525848213666
5231.0,0.7143922784585989,0.010097525848213666
5232.0,0.7223048820957015,0.010097525848213666
5233.0,0.7323348700953987,0.010097525848213666
5234.0,0.7319892330852001,0.010097525848213666
5235.0,0.7215384257454749,0.010097525848213666
5236.0,0.7128893984009336,0.010097525848213666
5237.0,0.7194940766974511,0.010097525848213666
5238.0,0.7260987549939687,0.010097525848213666
5239.0,0.7237367990931197,0.010097525848213666
5240.0,0.717617105521831,0.010097525848213666
5241.0,0.7150375636302737,0.010097525848213666
5242.0,0.7205737844827698,0.010097525848213666
5243.0,0.7261100053352657,0.010097525848213666
5244.0,0.7275923438696996,0.010097525848213666
5245.0,0.728638027526791,0.010097525848213666
5246.0,0.729530069118147,0.010097525848213666
5247.0,0.7302695713380195,0.010097525848213666
5248.0,0.7313178185313941,0.010097525848213666
5249.0,0.7351190417384875,0.010097525848213666
5250.0,0.7389202649455808,0.010097525848213666
5251.0,0.7386797012574253,0.010097525848213666
5252.0,0.7367059527942903,0.010097525848213666
5253.0,0.7353537594956093,0.010097525848213666
5254.0,0.7354593501970917,0.010097525848213666
5255.0,0.7355649408985743,0.010097525848213666
5256.0,0.7320135063750761,0.010097525848213666
5257.0,0.7280465008032839,0.010097525848213666
5258.0,0.7306087057766263,0.010097525848213666
5259.0,0.7397789764949176,0.010097525848213666
5260.0,0.7484236604524449,0.010097525848213666
5261.0,0.752121259024267,0.010097525848213666
5262.0,0.7558188575960892,0.010097525848213666
5263.0,0.7568035220213136,0.010097525848213666
5264.0,0.7565980564409506,0.010097525848213666
5265.0,0.7547004475903383,0.010097525848213666
5266.0,0.7487416948911403,0.010097525848213666
5267.0,0.7427829421919425,0.010097525848213666
5268.0,0.7371979901941023,0.010097525848213666
5269.0,0.7316577536027417,0.010097525848213666
5270.0,0.7301199344020908,0.010097525848213666
5271.0,0.7327114385094209,0.010097525848213666
5272.0,0.735391125046061,0.010097525848213666
5273.0,0.7389491549904329,0.010097525848213666
5274.0,0.7425071849348048,0.010097525848213666
5275.0,0.7409691243225095,0.010097525848213666
5276.0,0.7371444700343595,0.010097525848213666
5277.0,0.7390573423436899,0.010097525848213666
5278.0,0.7550640559215133,0.010097525848213666
5279.0,0.7710707694993365,0.010097525848213666
5280.0,0.7628029720452195,0.010097525848213666
5281.0,0.7514844590154556,0.010097525848213666
5282.0,0.7469468115322397,0.010097525848213666
5283.0,0.7495407640203909,0.010097525848213666
5284.0,0.7521694363495733,0.010097525848213666
5285.0,0.755165078109652,0.010097525848213666
5286.0,0.7581607198697309,0.010097525848213666
5287.0,0.7628393321653865,0.010097525848213666
5288.0,0.7682901656174714,0.010097525848213666
5289.0,0.7698433973689764,0.010097525848213666
5290.0,0.7615950653502266,0.010097525848213666
5291.0,0.7533467333314766,0.010097525848213666
5292.0,0.7512573707893153,0.010097525848213666
5293.0,0.7499797202569761,0.010097525848213666
5294.0,0.7503774088062236,0.010097525848213666
5295.0,0.7525712942314972,0.010097525848213666
5296.0,0.7538355836696248,0.010097525848213666
5297.0,0.7446419182523559,0.010097525848213666
5298.0,0.735448252835087,0.010097525848213666
5299.0,0.7392357009875147,0.010097525848213666
5300.0,0.7491130542713932,0.010097525848213666
5301.0,0.7573413772409068,0.010097525848213666
5302.0,0.7613232702163464,0.010097525848213666
5303.0,0.765305163191786,0.010097525848213666
5304.0,0.7676680368387013,0.010097525848213666
5305.0,0.7698075212066819,0.010097525848213666
5306.0,0.7658503091711927,0.010097525848213666
5307.0,0.7552296224233662,0.010097525848213666
5308.0,0.7466654892297987,0.010097525848213666
5309.0,0.7628121323365001,0.010097525848213666
5310.0,0.7789587754432014,0.010097525848213666
5311.0,0.7797106246742936,0.010097525848213666
5312.0,0.7730795354570437,0.010097525848213666
5313.0,0.7676081036335111,0.010097525848213666
5314.0,0.7651953314859793,0.010097525848213666
5315.0,0.7627825593384473,0.010097525848213666
5316.0,0.7664353455103117,0.010097525848213666
5317.0,0.7709629718243978,0.010097525848213666
5318.0,0.7748934814809435,0.010097525848213666
5319.0,0.7781586758769311,0.010097525848213666
5320.0,0.7808076475618632,0.010097525848213666
5321.0,0.7755176166526743,0.010097525848213666
5322.0,0.7702275857434854,0.010097525848213666
5323.0,0.775029399574745,0.010097525848213666
5324.0,0.7847778421338751,0.010097525848213666
5325.0,0.7892298650016212,0.010097525848213666
5326.0,0.7793697848810786,0.010097525848213666
5327.0,0.769509704760536,0.010097525848213666
5328.0,0.7760993239971069,0.010097525848213666
5329.0,0.7851654863689289,0.010097525848213666
5330.0,0.788539401654394,0.010097525848213666
5331.0,0.7854475080699651,0.010097525848213666
5332.0,0.7827369579410492,0.010097525848213666
5333.0,0.7853175482573611,0.010097525848213666
5334.0,0.7878981385736727,0.010097525848213666
5335.0,0.7891231482169822,0.010097525848213666
5336.0,0.7896691462799424,0.010097525848213666
5337.0,0.7904813241948522,0.010097525848213666
5338.0,0.7920306155459287,0.010097525848213666
5339.0,0.7935799068970052,0.010097525848213666
5340.0,0.7836909842999167,0.010097525848213666
5341.0,0.772006897569292,0.010097525848213666
5342.0,0.7685416579780531,0.010097525848213666
5343.0,0.7745940988824189,0.010097525848213666
5344.0,0.7801742782493729,0.010097525848213666
5345.0,0.7786614526025757,0.010097525848213666
5346.0,0.7771486269557786,0.010097525848213666
5347.0,0.7780062083241261,0.010097525848213666
5348.0,0.7800769562592079,0.010097525848213666
5349.0,0.7820161598605704,0.010097525848213666
5350.0,0.7835819472887934,0.010097525848213666
5351.0,0.7851477347170164,0.010097525848213666
5352.0,0.7909918980941554,0.010097525848213666
5353.0,0.7975351815635051,0.010097525848213666
5354.0,0.7996717179744993,0.010097525848213666
5355.0,0.7966055242197492,0.010097525848213666
5356.0,0.7941068411094667,0.010097525848213666
5357.0,0.8008893216639065,0.010097525848213666
5358.0,0.8076718022183463,0.010097525848213666
5359.0,0.807655299888504,0.010097525848213666
5360.0,0.8040839363065442,0.010097525848213666
5361.0,0.8013710619066204,0.010097525848213666
5362.0,0.8011570762055814,0.010097525848213666
5363.0,0.8009430905045425,0.010097525848213666
5364.0,0.7994293066462685,0.010097525848213666
5365.0,0.7976946301236338,0.010097525848213666
5366.0,0.7955353870659777,0.010097525848213666
5367.0,0.7928650916976477,0.010097525848213666
5368.0,0.7900608734051604,0.010097525848213666
5369.0,0.7848551735863274,0.010097525848213666
5370.0,0.7796494737674944,0.010097525848213666
5371.0,0.7811492501719096,0.010097525848213666
5372.0,0.786230220139386,0.010097525848213666
5373.0,0.7921074074960435,0.010097525848213666
5374.0,0.8003618180624987,0.010097525848213666
5375.0,0.8086162286289539,0.010097525848213666
5376.0,0.8094098692419154,0.010097525848213666
5377.0,0.808886283521279,0.010097525848213666
5378.0,0.807652877225828,0.010097525848213666
5379.0,0.805548327497651,0.010097525848213666
5380.0,0.8036293872599607,0.010097525848213666
5381.0,0.805390155171179,0.010097525848213666
5382.0,0.8071509230823972,0.010097525848213666
5383.0,0.8035101587557627,0.010097525848213666
5384.0,0.7969231041175762,0.010097525848213666
5385.0,0.7942900599528679,0.010097525848213666
5386.0,0.803769789336191,0.010097525848213666
5387.0,0.8132495187195142,0.010097525848213666
5388.0,0.8100942195693823,0.010097525848213666
5389.0,0.8046236950203697,0.010097525848213666
5390.0,0.7987772032308561,0.010097525848213666
5391.0,0.7924602443268776,0.010097525848213666
5392.0,0.7867819556014678,0.010097525848213666
5393.0,0.7952431149959504,0.010097525848213666
5394.0,0.8037042743904331,0.010097525848213666
5395.0,0.8104939237526668,0.010097525848213666
5396.0,0.816352526405348,0.010097525848213666
5397.0,0.8190391611890478,0.010097525848213666
5398.0,0.8117522452603418,0.010097525848213666
5399.0,0.8044653293316358,0.010097525848213666
5400.0,0.80316327887277,0.010097525848213666
5401.0,0.8029983528531756,0.010097525848213666
5402.0,0.802875584409589,0.010097525848213666
5403.0,0.8028066071900339,0.010097525848213666
5404.0,0.8030598408235281,0.010097525848213666
5405.0,0.8113784148722726,0.010097525848213666
5406.0,0.819696988921017,0.010097525848213666
5407.0,0.8161775130301576,0.010097525848213666
5408.0,0.8059252855728996,0.010097525848213666
5409.0,0.7996290535355016,0.010097525848213666
5410.0,0.8061044615338165,0.010097525848213666
5411.0,0.8125798695321313,0.010097525848213666
5412.0,0.8106352461295989,0.010097525848213666
5413.0,0.807033231488683,0.010097525848213666
5414.0,0.8071891012508593,0.010097525848213666
5415.0,0.8122343730955006,0.010097525848213666
5416.0,0.8171547045639304,0.010097525848213666
5417.0,0.8184830002162874,0.010097525848213666
5418.0,0.8198112958686443,0.010097525848213666
5419.0,0.8215490201243827,0.010097525848213666
5420.0,0.8235244771175683,0.010097525848213666
5421.0,0.8231673014957122,0.010097525848213666
5422.0,0.8150749710882274,0.010097525848213666
5423.0,0.8069826406807425,0.010097525848213666
5424.0,0.808223158644788,0.010097525848213666
5425.0,0.8113653118984016,0.010097525848213666
5426.0,0.8158959748762451,0.010097525848213666
5427.0,0.8222689342759019,0.010097525848213666
5428.0,0.8284233821706469,0.010097525848213666
5429.0,0.8272121714205436,0.010097525848213666
5430.0,0.8260009606704402,0.010097525848213666
5431.0,0.8244978638751702,0.010097525848213666
5432.0,0.8228217562309489,0.010097525848213666
5433.0,0.8224414598903121,0.010097525848213666
5434.0,0.8264765205841013,0.010097525848213666
5435.0,0.8305115812778902,0.010097525848213666
5436.0,0.8286417703090986,0.010097525848213666
5437.0,0.8255274733067687,0.010097525848213666
5438.0,0.8255554972979772,0.010097525848213666
5439.0,0.8298354189047292,0.010097525848213666
5440.0,0.8338345222090341,0.010097525848213666
5441.0,0.8264183615188286,0.010097525848213666
5442.0,0.8190022008286232,0.010097525848213666
5443.0,0.8206126283724393,0.010097525848213666
5444.0,0.8276842287591808,0.010097525848213666
5445.0,0.8328244459473177,0.010097525848213666
5446.0,0.8311996019857448,0.010097525848213666
5447.0,0.8295747580241719,0.010097525848213666
5448.0,0.8245276767238289,0.010097525848213666
5449.0,0.8187351080499835,0.010097525848213666
5450.0,0.8186116375109515,0.010097525848213666
5451.0,0.8263115223979656,0.010097525848213666
5452.0,0.8337649058627385,0.010097525848213666
5453.0,0.8286313104545346,0.010097525848213666
5454.0,0.8234977150463307,0.010097525848213666
5455.0,0.8255514842062637,0.010097525848213666
5456.0,0.8320432765364276,0.010097525848213666
5457.0,0.837104866059198,0.010097525848213666
5458.0,0.8370145648061714,0.010097525848213666
5459.0,0.8369242635531449,0.010097525848213666
5460.0,0.8396858233685361,0.010097525848213666
5461.0,0.8430890519243223,0.010097525848213666
5462.0,0.8419651473437894,0.010097525848213666
5463.0,0.8344692374528949,0.010097525848213666
5464.0,0.8272070063560277,0.010097525848213666
5465.0,0.8359322994164048,0.010097525848213666
5466.0,0.8446575924767818,0.010097525848213666
5467.0,0.8422985166492086,0.010097525848213666
5468.0,0.8329547700155362,0.010097525848213666
5469.0,0.8256758111192254,0.010097525848213666
5470.0,0.8260493988653512,0.010097525848213666
5471.0,0.8264229866114772,0.010097525848213666
5472.0,0.82873393374111,0.010097525848213666
5473.0,0.8314948297216458,0.010097525848213666
5474.0,0.8362634059887952,0.010097525848213666
5475.0,0.8439143536615727,0.010097525848213666
5476.0,0.8514392342018844,0.010097525848213666
5477.0,0.8459634417068665,0.010097525848213666
5478.0,0.8404876492118487,0.010097525848213666
5479.0,0.8393168254647413,0.010097525848213666
5480.0,0.8409140881314813,0.010097525848213666
5481.0,0.8426020794525236,0.010097525848213666
5482.0,0.844636203211945,0.010097525848213666
5483.0,0.8466703269713663,0.010097525848213666
5484.0,0.8489968382539855,0.010097525848213666
5485.0,0.8513934007140372,0.010097525848213666
5486.0,0.8539353895685089,0.010097525848213666
5487.0,0.8566903549473529,0.010097525848213666
5488.0,0.8593615307321361,0.010097525848213666
5489.0,0.844667313146487,0.010097525848213666
5490.0,0.8299730955608379,0.010097525848213666
5491.0,0.8306676435552938,0.010097525848213666
5492.0,0.841458200777251,0.010097525848213666
5493.0,0.8486617461958469,0.010097525848213666
5494.0,0.8417719434640017,0.010097525848213666
5495.0,0.8348821407321567,0.010097525848213666
5496.0,0.8361129722008033,0.010097525848213666
5497.0,0.8393496489435232,0.010097525848213666
5498.0,0.8422187228414119,0.010097525848213666
5499.0,0.8445385936866926,0.010097525848213666
5500.0,0.8468584645319734,0.010097525848213666
5501.0,0.8574715375336698,0.010097525848213666
5502.0,0.868084610535366,0.010097525848213666
5503.0,0.8668851605635622,0.010097525848213666
5504.0,0.8577791320884682,0.010097525848213666
5505.0,0.8505487468648284,0.010097525848213666
5506.0,0.8509118749258651,0.010097525848213666
5507.0,0.8512750029869018,0.010097525848213666
5508.0,0.8503127983312271,0.010097525848213666
5509.0,0.849013272547354,0.010097525848213666
5510.0,0.8494236249515603,0.010097525848213666
5511.0,0.8524402462303245,0.010097525848213666
5512.0,0.8554568675090889,0.010097525848213666
5513.0,0.8580614774576925,0.010097525848213666
5514.0,0.8606640994143533,0.010097525848213666
5515.0,0.8630419996483072,0.010097525848213666
5516.0,0.8652664535342307,0.010097525848213666
5517.0,0.8674399197499933,0.010097525848213666
5518.0,0.8694005678642153,0.010097525848213666
5519.0,0.8713612159784372,0.010097525848213666
5520.0,0.8687875321529926,0.010097525848213666
5521.0,0.8650253037433617,0.010097525848213666
5522.0,0.8613123141951983,0.010097525848213666
5523.0,0.8576759016493778,0.010097525848213666
5524.0,0.8540394891035573,0.010097525848213666
5525.0,0.8569984763664409,0.010097525848213666
5526.0,0.8600214190214099,0.010097525848213666
5527.0,0.8604535494552699,0.010097525848213666
5528.0,0.8590810815599683,0.010097525848213666
5529.0,0.8581312132337942,0.010097525848213666
5530.0,0.8590009456001706,0.010097525848213666
5531.0,0.8598706779665471,0.010097525848213666
5532.0,0.8646978910063402,0.010097525848213666
5533.0,0.8705928998985628,0.010097525848213666
5534.0,0.8731676955402209,0.010097525848213666
5535.0,0.8704734571103462,0.010097525848213666
5536.0,0.8677792186804716,0.010097525848213666
5537.0,0.8750792413409327,0.010097525848213666
5538.0,0.8825253433352332,0.010097525848213666
5539.0,0.8793142771539267,0.010097525848213666
5540.0,0.868531588408423,0.010097525848213666
5541.0,0.8583881172535496,0.010097525848213666
5542.0,0.8510856131681399,0.010097525848213666
5543.0,0.8437831090827302,0.010097525848213666
5544.0,0.8507319500325722,0.010097525848213666
5545.0,0.8616370692820631,0.010097525848213666
5546.0,0.8694185500323097,0.010097525848213666
5547.0,0.8721413080557966,0.010097525848213666
5548.0,0.8748640660792834,0.010097525848213666
5549.0,0.8671589260109277,0.010097525848213666
5550.0,0.8592495676200846,0.010097525848213666
5551.0,0.8625753992177762,0.010097525848213666
5552.0,0.874042672836141,0.010097525848213666
5553.0,0.8831314529105648,0.010097525848213666
5554.0,0.8813015109443879,0.010097525848213666
5555.0,0.879471568978211,0.010097525848213666
5556.0,0.879087016977599,0.010097525848213666
5557.0,0.8791151148899952,0.010097525848213666
5558.0,0.8808504176109115,0.010097525848213666
5559.0,0.8854075015280805,0.010097525848213666
5560.0,0.8899645854452495,0.010097525848213666
5561.0,0.8789693470595238,0.010097525848213666
5562.0,0.8675915177192385,0.010097525848213666
5563.0,0.8616938880737728,0.010097525848213666
5564.0,0.8598463433802116,0.010097525848213666
5565.0,0.859567910191135,0.010097525848213666
5566.0,0.8667346405543693,0.010097525848213666
5567.0,0.8739013709176039,0.010097525848213666
5568.0,0.875544638533079,0.010097525848213666
5569.0,0.8755668899073599,0.010097525848213666
5570.0,0.875223347015335,0.010097525848213666
5571.0,0.8742626737966074,0.010097525848213666
5572.0,0.8733020005778797,0.010097525848213666
5573.0,0.8774424943234238,0.010097525848213666
5574.0,0.8817343205870652,0.010097525848213666
5575.0,0.8852499126656148,0.010097525848213666
5576.0,0.8881804692951901,0.010097525848213666
5577.0,0.8907874192748375,0.010097525848213666
5578.0,0.8918061720789476,0.010097525848213666
5579.0,0.8928249248830576,0.010097525848213666
5580.0,0.8850069188835432,0.010097525848213666
5581.0,0.8745240778073097,0.010097525848213666
5582.0,0.8701436969719465,0.010097525848213666
5583.0,0.8762731087736207,0.010097525848213666
5584.0,0.8824025205752951,0.010097525848213666
5585.0,0.8785194851026,0.010097525848213666
5586.0,0.8742881905942833,0.010097525848213666
5587.0,0.8805416173602372,0.010097525848213666
5588.0,0.8948533649357041,0.010097525848213666
5589.0,0.9051742497308168,0.010097525848213666
5590.0,0.8952203863863009,0.010097525848213666
5591.0,0.8852665230417849,0.010097525848213666
5592.0,0.8811314202193513,0.010097525848213666
5593.0,0.8787986693196349,0.010097525848213666
5594.0,0.8786212622538465,0.010097525848213666
5595.0,0.8822335491477005,0.010097525848213666
5596.0,0.8858458360415544,0.010097525848213666
5597.0,0.8921498054746397,0.010097525848213666
5598.0,0.8985613077931868,0.010097525848213666
5599.0,0.8997899548502599,0.010097525848213666
5600.0,0.8969566639508,0.010097525848213666
5601.0,0.8948057442549086,0.010097525848213666
5602.0,0.8962462519462125,0.010097525848213666
5603.0,0.8976867596375167,0.010097525848213666
5604.0,0.8954696423221421,0.010097525848213666
5605.0,0.8920892613574958,0.010097525848213666
5606.0,0.8899950100061802,0.010097525848213666
5607.0,0.890209749739198,0.010097525848213666
5608.0,0.8904244894722158,0.010097525848213666
5609.0,0.8920409129478577,0.010097525848213666
5610.0,0.8937206496163914,0.010097525848213666
5611.0,0.8978065849005088,0.010097525848213666
5612.0,0.903815400287791,0.010097525848213666
5613.0,0.9070187878069811,0.010097525848213666
5614.0,0.8949119333174317,0.010097525848213666
5615.0,0.8828050788278823,0.010097525848213666
5616.0,0.8823613938751333,0.010097525848213666
5617.0,0.8857249537552541,0.010097525848213666
5618.0,0.8889629941473285,0.010097525848213666
5619.0,0.8919709154779845,0.010097525848213666
5620.0,0.8949788368086404,0.010097525848213666
5621.0,0.8926057421575262,0.010097525848213666
5622.0,0.8899612217317963,0.010097525848213666
5623.0,0.891094702033289,0.010097525848213666
5624.0,0.895306553297697,0.010097525848213666
5625.0,0.8988345424237644,0.010097525848213666
5626.0,0.8984891363982722,0.010097525848213666
5627.0,0.8981437303727803,0.010097525848213666
5628.0,0.900169499536637,0.010097525848213666
5629.0,0.9029894603905176,0.010097525848213666
5630.0,0.9064240775396291,0.010097525848213666
5631.0,0.9110095856139481,0.010097525848213666
5632.0,0.9155950936882673,0.010097525848213666
5633.0,0.9104884115024989,0.010097525848213666
5634.0,0.9048412269448174,0.010097525848213666
5635.0,0.8985843370063685,0.010097525848213666
5636.0,0.8918209225977441,0.010097525848213666
5637.0,0.8871090075694649,0.010097525848213666
5638.0,0.8944687252586333,0.010097525848213666
5639.0,0.9018284429478016,0.010097525848213666
5640.0,0.8978608618757589,0.010097525848213666
5641.0,0.8900018055841384,0.010097525848213666
5642.0,0.8890591076557522,0.010097525848213666
5643.0,0.9013445496738063,0.010097525848213666
5644.0,0.9136299916918604,0.010097525848213666
5645.0,0.9175436184628891,0.010097525848213666
5646.0,0.9209453380595771,0.010097525848213666
5647.0,0.9147900134964204,0.010097525848213666
5648.0,0.900539808957503,0.010097525848213666
5649.0,0.8895001651320652,0.010097525848213666
5650.0,0.8981080552455407,0.010097525848213666
5651.0,0.906715945359016,0.010097525848213666
5652.0,0.9069026724618046,0.010097525848213666
5653.0,0.904122853504016,0.010097525848213666
5654.0,0.901712414979956,0.010097525848213666
5655.0,0.9000237091473279,0.010097525848213666
5656.0,0.8983350033147,0.010097525848213666
5657.0,0.8991009750873021,0.010097525848213666
5658.0,0.9000303825007124,0.010097525848213666
5659.0,0.9015251772659698,0.010097525848213666
5660.0,0.9035082036147016,0.010097525848213666
5661.0,0.9058366685420357,0.010097525848213666
5662.0,0.9103661580409892,0.010097525848213666
5663.0,0.9148956475399426,0.010097525848213666
5664.0,0.913478614659991,0.010097525848213666
5665.0,0.909914226476554,0.010097525848213666
5666.0,0.9092167137978863,0.010097525848213666
5667.0,0.9142426396269345,0.010097525848213666
5668.0,0.9192685654559826,0.010097525848213666
5669.0,0.9227075816520711,0.010097525848213666
5670.0,0.9260322259827208,0.010097525848213666
5671.0,0.9277029904769717,0.010097525848213666
5672.0,0.927917743377103,0.010097525848213666
5673.0,0.9274081730348165,0.010097525848213666
5674.0,0.9220875015227376,0.010097525848213666
5675.0,0.9167668300106585,0.010097525848213666
5676.0,0.9157101951448996,0.010097525848213666
5677.0,0.9162315343670041,0.010097525848213666
5678.0,0.9194528298262283,0.010097525848213666
5679.0,0.9281824301633785,0.010097525848213666
5680.0,0.9369120305005288,0.010097525848213666
5681.0,0.9350189816341282,0.010097525848213666
5682.0,0.9323014063094982,0.010097525848213666
5683.0,0.9256347273377017,0.010097525848213666
5684.0,0.9154237503317826,0.010097525848213666
5685.0,0.9071410590281657,0.010097525848213666
5686.0,0.912227815260493,0.010097525848213666
5687.0,0.9173145714928203,0.010097525848213666
5688.0,0.9186741337470945,0.010097525848213666
5689.0,0.9186205711322036,0.010097525848213666
5690.0,0.9185670081976991,0.010097525848213666
5691.0,0.9185134445967407,0.010097525848213666
5692.0,0.9184598809957821,0.010097525848213666
5693.0,0.9181282622119357,0.010097525848213666
5694.0,0.9177735022945332,0.010097525848213666
5695.0,0.9176671973954276,0.010097525848213666
5696.0,0.9177882145590395,0.010097525848213666
5697.0,0.918265366412477,0.010097525848213666
5698.0,0.9213236132456506,0.010097525848213666
5699.0,0.9243818600788243,0.010097525848213666
5700.0,0.9300392025131022,0.010097525848213666
5701.0,0.9367058604058087,0.010097525848213666
5702.0,0.9401024194560265,0.010097525848213666
5703.0,0.9365285046577972,0.010097525848213666
5704.0,0.9329545898595681,0.010097525848213666
5705.0,0.9305751016427085,0.010097525848213666
5706.0,0.9283017846775262,0.010097525848213666
5707.0,0.9275068705910898,0.010097525848213666
5708.0,0.9280908844797273,0.010097525848213666
5709.0,0.9284047387553518,0.010097525848213666
5710.0,0.9266687221528553,0.010097525848213666
5711.0,0.9249327055503588,0.010097525848213666
5712.0,0.9341075275794207,0.010097525848213666
5713.0,0.9476210555743784,0.010097525848213666
5714.0,0.954516134175716,0.010097525848213666
5715.0,0.9469870349001154,0.010097525848213666
5716.0,0.9394579356245147,0.010097525848213666
5717.0,0.9327116891996837,0.010097525848213666
5718.0,0.9260395103244659,0.010097525848213666
5719.0,0.9260899927124795,0.010097525848213666
5720.0,0.9325325136786495,0.010097525848213666
5721.0,0.9376933589786587,0.010097525848213666
5722.0,0.9326559247845204,0.010097525848213666
5723.0,0.927618490590382,0.010097525848213666
5724.0,0.9291096684348772,0.010097525848213666
5725.0,0.9332586089504948,0.010097525848213666
5726.0,0.9371612686645551,0.010097525848213666
5727.0,0.9405150467472381,0.010097525848213666
5728.0,0.9438688248299212,0.010097525848213666
5729.0,0.9420010764756975,0.010097525848213666
5730.0,0.9396091061806476,0.010097525848213666
5731.0,0.9380953267221356,0.010097525848213666
5732.0,0.9374327487836709,0.010097525848213666
5733.0,0.9368713210202714,0.010097525848213666
5734.0,0.9371554632596579,0.010097525848213666
5735.0,0.9374396054990447,0.010097525848213666
5736.0,0.9414248330023595,0.010097525848213666
5737.0,0.9469521793656424,0.010097525848213666
5738.0,0.9488473845364976,0.010097525848213666
5739.0,0.9424630237608267,0.010097525848213666
5740.0,0.936078662985156,0.010097525848213666
5741.0,0.9332122106487233,0.010097525848213666
5742.0,0.9307195068848515,0.010097525848213666
5743.0,0.924548998939552,0.010097525848213666
5744.0,0.9147445746908945,0.010097525848213666
5745.0,0.907291025214225,0.010097525848213666
5746.0,0.9205251737310014,0.010097525848213666
5747.0,0.9337593222477778,0.010097525848213666
5748.0,0.9367262433162664,0.010097525848213666
5749.0,0.9353155280240929,0.010097525848213666
5750.0,0.9335026760730776,0.010097525848213666
5751.0,0.9307520414336442,0.010097525848213666
5752.0,0.9280014067942108,0.010097525848213666
5753.0,0.9345175928755919,0.010097525848213666
5754.0,0.9420730485705152,0.010097525848213666
5755.0,0.9476735029841367,0.010097525848213666
5756.0,0.9513048235770745,0.010097525848213666
5757.0,0.954611761402491,0.010097525848213666
5758.0,0.9549071456331317,0.010097525848213666
5759.0,0.9552025298637724,0.010097525848213666
5760.0,0.9532568178284744,0.010097525848213666
5761.0,0.950333524146138,0.010097525848213666
5762.0,0.9472390337414845,0.010097525848213666
5763.0,0.9437360373368318,0.010097525848213666
5764.0,0.9402330409321789,0.010097525848213666
5765.0,0.9391067685326988,0.010097525848213666
5766.0,0.9382612366868496,0.010097525848213666
5767.0,0.9399399861251393,0.010097525848213666
5768.0,0.9442105766872934,0.010097525848213666
5769.0,0.9475871429763993,0.010097525848213666
5770.0,0.9421860164028566,0.010097525848213666
5771.0,0.936784889829314,0.010097525848213666
5772.0,0.9457916552237053,0.010097525848213666
5773.0,0.9612269418607192,0.010097525848213666
5774.0,0.967575525181216,0.010097525848213666
5775.0,0.9517330272617901,0.010097525848213666
5776.0,0.9358905293423642,0.010097525848213666
5777.0,0.9409129659471996,0.010097525848213666
5778.0,0.9485259207385951,0.010097525848213666
5779.0,0.949810889471805,0.010097525848213666
5780.0,0.9444724624782649,0.010097525848213666
5781.0,0.9403699777659119,0.010097525848213666
5782.0,0.9491348373507826,0.010097525848213666
5783.0,0.9578996969356531,0.010097525848213666
5784.0,0.9561999475209768,0.010097525848213666
5785.0,0.9497252628809816,0.010097525848213666
5786.0,0.9459245533768854,0.010097525848213666
5787.0,0.9488087817125539,0.010097525848213666
5788.0,0.9516930100482224,0.010097525848213666
5789.0,0.9532492544786385,0.010097525848213666
5790.0,0.9546325186445982,0.010097525848213666
5791.0,0.9549487123031049,0.010097525848213666
5792.0,0.9541263443779782,0.010097525848213666
5793.0,0.9536371498575704,0.010097525848213666
5794.0,0.9568370057893744,0.010097525848213666
5795.0,0.9600368617211785,0.010097525848213666
5796.0,0.9567805366431177,0.010097525848213666
5797.0,0.9505120848615153,0.010097525848213666
5798.0,0.9467758189967763,0.010097525848213666
5799.0,0.9495215162269188,0.010097525848213666
5800.0,0.9522672134570613,0.010097525848213666
5801.0,0.9501939709433992,0.010097525848213666
5802.0,0.9474633014524123,0.010097525848213666
5803.0,0.9503164366603054,0.010097525848213666
5804.0,0.9592431839967872,0.010097525848213666
5805.0,0.9671965280567156,0.010097525848213666
5806.0,0.963648738018334,0.010097525848213666
5807.0,0.960100947979952,0.010097525848213666
5808.0,0.9582922749455366,0.010097525848213666
5809.0,0.9573130743828718,0.010097525848213666
5810.0,0.9573991044776513,0.010097525848213666
5811.0,0.9602778914699884,0.010097525848213666
5812.0,0.9631566784623256,0.010097525848213666
5813.0,0.9621253317342946,0.010097525848213666
5814.0,0.9605361607169417,0.010097525848213666
5815.0,0.9597120414873634,0.010097525848213666
5816.0,0.9597362581642287,0.010097525848213666
5817.0,0.9595331757989898,0.010097525848213666
5818.0,0.9564534563762901,0.010097525848213666
5819.0,0.9533737369535904,0.010097525848213666
5820.0,0.949347295702367,0.010097525848213666
5821.0,0.9448593275597389,0.010097525848213666
5822.0,0.9446227459677864,0.010097525848213666
5823.0,0.9558047114388964,0.010097525848213666
5824.0,0.9669866769100065,0.010097525848213666
5825.0,0.9708334851330686,0.010097525848213666
5826.0,0.9735876078626297,0.010097525848213666
5827.0,0.9745308450721719,0.010097525848213666
5828.0,0.9734269943025597,0.010097525848213666
5829.0,0.972501606172673,0.010097525848213666
5830.0,0.9740058146818504,0.010097525848213666
5831.0,0.975510023191028,0.010097525848213666
5832.0,0.9754954794260293,0.010097525848213666
5833.0,0.9747242910927828,0.010097525848213666
5834.0,0.9738364916373747,0.010097525848213666
5835.0,0.9726277489583601,0.010097525848213666
5836.0,0.9714190062793456,0.010097525848213666
5837.0,0.9661326898087655,0.010097525848213666
5838.0,0.9602129638171634,0.010097525848213666
5839.0,0.959229862825025,0.010097525848213666
5840.0,0.963935998912371,0.010097525848213666
5841.0,0.9681904742126772,0.010097525848213666
5842.0,0.9657978662320756,0.010097525848213666
5843.0,0.9634052582514742,0.010097525848213666
5844.0,0.9665527784314154,0.010097525848213666
5845.0,0.9725205450119226,0.010097525848213666
5846.0,0.974766220429918,0.010097525848213666
5847.0,0.9665115010545634,0.010097525848213666
5848.0,0.9582567816792087,0.010097525848213666
5849.0,0.957018387247359,0.010097525848213666
5850.0,0.9569151304632733,0.010097525848213666
5851.0,0.9598055949922152,0.010097525848213666
5852.0,0.9662134866513407,0.010097525848213666
5853.0,0.9722921065460234,0.010097525848213666
5854.0,0.9731023782096201,0.010097525848213666
5855.0,0.9739126498732168,0.010097525848213666
5856.0,0.9750486399560283,0.010097525848213666
5857.0,0.976354027391899,0.010097525848213666
5858.0,0.9774583897222985,0.010097525848213666
5859.0,0.9779812822382741,0.010097525848213666
5860.0,0.9785041747542497,0.010097525848213666
5861.0,0.9824160545427335,0.010097525848213666
5862.0,0.9868983108707683,0.010097525848213666
5863.0,0.9836754033900615,0.010097525848213666
5864.0,0.9712225635369075,0.010097525848213666
5865.0,0.9600394626505542,0.010097525848213666
5866.0,0.9710909018938153,0.010097525848213666
5867.0,0.9821423411370764,0.010097525848213666
5868.0,0.9785763235024258,0.010097525848213666
5869.0,0.9672447819013796,0.010097525848213666
5870.0,0.9585132889724172,0.010097525848213666
5871.0,0.9574952737706242,0.010097525848213666
5872.0,0.9564772585688311,0.010097525848213666
5873.0,0.9614495385249405,0.010097525848213666
5874.0,0.9674694864635259,0.010097525848213666
5875.0,0.9705893084182248,0.010097525848213666
5876.0,0.9701671098379402,0.010097525848213666
5877.0,0.9699719450793597,0.010097525848213666
5878.0,0.9741624092668877,0.010097525848213666
5879.0,0.9783528734544158,0.010097525848213666
5880.0,0.9775537571384281,0.010097525848213666
5881.0,0.9740473314010911,0.010097525848213666
5882.0,0.9710734297212842,0.010097525848213666
5883.0,0.9697203658282257,0.010097525848213666
5884.0,0.9683673019351674,0.010097525848213666
5885.0,0.9652102716817028,0.010097525848213666
5886.0,0.9617257127840799,0.010097525848213666
5887.0,0.960645637754185,0.010097525848213666
5888.0,0.9625598256539167,0.010097525848213666
5889.0,0.9645416252790988,0.010097525848213666
5890.0,0.9679779906734216,0.010097525848213666
5891.0,0.9714143560677445,0.010097525848213666
5892.0,0.9784343280161849,0.010097525848213666
5893.0,0.987439992402256,0.010097525848213666
5894.0,0.9905579470682594,0.010097525848213666
5895.0,0.9752840956285195,0.010097525848213666
5896.0,0.9600102441887797,0.010097525848213666
5897.0,0.9610465149691105,0.010097525848213666
5898.0,0.9651540213172799,0.010097525848213666
5899.0,0.9704925880297186,0.010097525848213666
5900.0,0.9773942995098666,0.010097525848213666
5901.0,0.983889343056187,0.010097525848213666
5902.0,0.9805257700250102,0.010097525848213666
5903.0,0.9771621969938333,0.010097525848213666
5904.0,0.9816152104643574,0.010097525848213666
5905.0,0.9904907662976847,0.010097525848213666
5906.0,0.9961777573014026,0.010097525848213666
5907.0,0.9916387954424618,0.010097525848213666
5908.0,0.9870998335835209,0.010097525848213666
5909.0,0.9782894108887399,0.010097525848213666
5910.0,0.9686455324211122,0.010097525848213666
5911.0,0.9653481999748857,0.010097525848213666
5912.0,0.9702681585205405,0.010097525848213666
5913.0,0.9750251319710048,0.010097525848213666
5914.0,0.9752634841617098,0.010097525848213666
5915.0,0.9755018363524149,0.010097525848213666
5916.0,0.9797319215245994,0.010097525848213666
5917.0,0.9862678373016204,0.010097525848213666
5918.0,0.9901740913951091,0.010097525848213666
5919.0,0.9854187278814989,0.010097525848213666
5920.0,0.9806633643678886,0.010097525848213666
5921.0,0.9872827607981215,0.010097525848213666
5922.0,0.9962000885301341,0.010097525848213666
5923.0,1.0007420217594412,0.010097525848213666
5924.0,0.9995069717177653,0.010097525848213666
5925.0,0.9983078171417661,0.010097525848213666
5926.0,0.9982688040164223,0.010097525848213666
5927.0,0.9982297908910784,0.010097525848213666
5928.0,0.9925602464711809,0.010097525848213666
5929.0,0.9835704078336921,0.010097525848213666
5930.0,0.978703203481014,0.010097525848213666
5931.0,0.9877878614711154,0.010097525848213666
5932.0,0.9968725194612168,0.010097525848213666
5933.0,0.9914163347834282,0.010097525848213666
5934.0,0.982921135092338,0.010097525848213666
5935.0,0.9798755230004772,0.010097525848213666
5936.0,0.9841676654788365,0.010097525848213666
5937.0,0.9883732052493026,0.010097525848213666
5938.0,0.9892301069812102,0.010097525848213666
5939.0,0.9900870087131177,0.010097525848213666
5940.0,0.9858841606015554,0.010097525848213666
5941.0,0.9786357322957542,0.010097525848213666
5942.0,0.9738258430683016,0.010097525848213666
5943.0,0.9774983989144235,0.010097525848213666
5944.0,0.9811709547605456,0.010097525848213666
5945.0,0.9798102030801648,0.010097525848213666
5946.0,0.9773619630582934,0.010097525848213666
5947.0,0.9778464626923831,0.010097525848213666
5948.0,0.9823582572386503,0.010097525848213666
5949.0,0.9869294704307296,0.010097525848213666
5950.0,0.9943527786217454,0.010097525848213666
5951.0,1.0017760868127614,0.010097525848213666
5952.0,0.9990491513845572,0.010097525848213666
5953.0,0.9900865042755708,0.010097525848213666
5954.0,0.9845355173397291,0.010097525848213666
5955.0,0.9911877764078145,0.010097525848213666
5956.0,0.9978400354758998,0.010097525848213666
5957.0,0.9986737662309525,0.010097525848213666
5958.0,0.9982087946312581,0.010097525848213666
5959.0,0.9959324537733434,0.010097525848213666
5960.0,0.9911191519370582,0.010097525848213666
5961.0,0.9864252002755856,0.010097525848213666
5962.0,0.9892594904096794,0.010097525848213666
5963.0,0.9920937805437735,0.010097525848213666
5964.0,0.9930914243179109,0.010097525848213666
5965.0,0.9929375769171539,0.010097525848213666
5966.0,0.9927740047401297,0.010097525848213666
5967.0,0.9925746475717843,0.010097525848213666
5968.0,0.9923752904034387,0.010097525848213666
5969.0,0.9886839146309152,0.010097525848213666
5970.0,0.9841878787368975,0.010097525848213666
5971.0,0.9802010553699212,0.010097525848213666
5972.0,0.9769416784701451,0.010097525848213666
5973.0,0.9737469089432557,0.010097525848213666
5974.0,0.97646730333396,0.010097525848213666
5975.0,0.9791876977246645,0.010097525848213666
5976.0,0.9819588036964817,0.010097525848213666
5977.0,0.9847623531010976,0.010097525848213666
5978.0,0.9878810541912697,0.010097525848213666
5979.0,0.9921933470100713,0.010097525848213666
5980.0,0.9965056398288729,0.010097525848213666
5981.0,0.9964419045046228,0.010097525848213666
5982.0,0.9953378058774214,0.010097525848213666
5983.0,0.9949509480488118,0.010097525848213666
5984.0,0.9956092729768522,0.010097525848213666
5985.0,0.9962616078852383,0.010097525848213666
5986.0,0.9959219955387708,0.010097525848213666
5987.0,0.9955823831923033,0.010097525848213666
5988.0,0.9967839199644417,0.010097525848213666
5989.0,0.9989914846334479,0.010097525848213666
5990.0,1.0000708419095643,0.010097525848213666
5991.0,0.9967501903534213,0.010097525848213666
5992.0,0.9934295387972782,0.010097525848213666
5993.0,0.9941315753237051,0.010097525848213666
5994.0,0.9958197416640957,0.010097525848213666
5995.0,0.9960544206998234,0.010097525848213666
5996.0,0.9941283932348912,0.010097525848213666
5997.0,0.9922028857491421,0.010097525848213666
5998.0,0.9907100009436496,0.010097525848213666
5999.0,0.9892171161381571,0.010097525848213666
6000.0,0.990748999071546,0.010097525848213666
6001.0,0.9942953773190271,0.010097525848213666
6002.0,0.9969772071267539,0.010097525848213666
6003.0,0.996185218806088,0.010097525848213666
6004.0,0.995393230485422,0.010097525848213666
6005.0,0.9966354365521267,0.010097525848213666
6006.0,0.9983915443587976,0.010097525848213666
6007.0,0.9974523728239529,0.010097525848213666
6008.0,0.9924254966684385,0.010097525848213666
6009.0,0.987398620512924,0.010097525848213666
6010.0,0.99356308762452,0.010097525848213666
6011.0,0.9997680053744276,0.010097525848213666
6012.0,1.0040297492822106,0.010097525848213666
6013.0,1.0069712319303281,0.010097525848213666
6014.0,1.008382284717041,0.010097525848213666
6015.0,1.0034543348062157,0.010097525848213666
6016.0,0.9985263848953904,0.010097525848213666
6017.0,0.9941287061143812,0.010097525848213666
6018.0,0.9898690101387102,0.010097525848213666
6019.0,0.9877199140004652,0.010097525848213666
6020.0,0.9888367613415371,0.010097525848213666
6021.0,0.9899536086826088,0.010097525848213666
6022.0,0.9840091759765944,0.010097525848213666
6023.0,0.9780049019142537,0.010097525848213666
6024.0,0.9764154906376842,0.010097525848213666
6025.0,0.9778859740967788,0.010097525848213666
6026.0,0.9819319931768955,0.010097525848213666
6027.0,0.9969810916506394,0.010097525848213666
6028.0,1.0120301901243831,0.010097525848213666
6029.0,1.003682170961017,0.010097525848213666
6030.0,0.9890664307868025,0.010097525848213666
6031.0,0.9839669070437298,0.010097525848213666
6032.0,0.9938929881918964,0.010097525848213666
6033.0,1.0038190693400633,0.010097525848213666
6034.0,1.007223591541011,0.010097525848213666
6035.0,1.010540842271863,0.010097525848213666
6036.0,1.0110327477265226,0.010097525848213666
6037.0,1.0095272267051825,0.010097525848213666
6038.0,1.0074612908814318,0.010097525848213666
6039.0,1.0029244352470534,0.010097525848213666
6040.0,0.9983875796126752,0.010097525848213666
6041.0,0.9976262493213334,0.010097525848213666
6042.0,0.9979056457707949,0.010097525848213666
6043.0,0.9991798212507077,0.010097525848213666
6044.0,1.0020568695257674,0.010097525848213666
6045.0,1.0049339178008274,0.010097525848213666
6046.0,1.003006923555596,0.010097525848213666
6047.0,1.0009918356211154,0.010097525848213666
6048.0,1.0020035039783064,0.010097525848213666
6049.0,1.005197688752426,0.010097525848213666
6050.0,1.0073899359218477,0.010097525848213666
6051.0,1.005020027197892,0.010097525848213666
6052.0,1.0026501184739363,0.010097525848213666
6053.0,1.0062409500840495,0.010097525848213666
6054.0,1.0115217296471188,0.010097525848213666
6055.0,1.0153617810207605,0.010097525848213666
6056.0,1.016832634927339,0.010097525848213666
6057.0,1.0183034888339175,0.010097525848213666
6058.0,1.0103920634269479,0.010097525848213666
6059.0,1.002261641328384,0.010097525848213666
6060.0,0.9947786816064388,0.010097525848213666
6061.0,0.9877718765072978,0.010097525848213666
6062.0,0.98302389031769,0.010097525848213666
6063.0,0.9889047300927413,0.010097525848213666
6064.0,0.9947855698677927,0.010097525848213666
6065.0,1.0006547171343325,0.010097525848213666
6066.0,1.0065204563518801,0.010097525848213666
6067.0,1.0102721026481427,0.010097525848213666
6068.0,1.0104753357453338,0.010097525848213666
6069.0,1.0106785688425248,0.010097525848213666
6070.0,1.0049119068976395,0.010097525848213666
6071.0,0.9989757294145242,0.010097525848213666
6072.0,0.9962881964498294,0.010097525848213666
6073.0,0.9960371468739422,0.010097525848213666
6074.0,0.9953026742507181,0.010097525848213666
6075.0,0.9922157697563028,0.010097525848213666
6076.0,0.9891288652618876,0.010097525848213666
6077.0,0.9995356645637017,0.010097525848213666
6078.0,1.0139842596983994,0.010097525848213666
6079.0,1.0183958764636456,0.010097525848213666
6080.0,1.0056105856643145,0.010097525848213666
6081.0,0.992825294864983,0.010097525848213666
6082.0,1.004698556693583,0.010097525848213666
6083.0,1.0173978494414624,0.010097525848213666
6084.0,1.0178293538571104,0.010097525848213666
6085.0,1.0088780794847694,0.010097525848213666
6086.0,1.0013874829852887,0.010097525848213666
6087.0,1.0012531989614588,0.010097525848213666
6088.0,1.0011189149376287,0.010097525848213666
6089.0,1.0010701715940769,0.010097525848213666
6090.0,1.0010477484598412,0.010097525848213666
6091.0,1.0013761732394681,0.010097525848213666
6092.0,1.002318292389876,0.010097525848213666
6093.0,1.0032604115402837,0.010097525848213666
6094.0,1.0036680220331635,0.010097525848213666
6095.0,1.004054971966962,0.010097525848213666
6096.0,1.0011477711972931,0.010097525848213666
6097.0,0.9956714144302589,0.010097525848213666
6098.0,0.9918477751694227,0.010097525848213666
6099.0,0.9966454011088193,0.010097525848213666
6100.0,1.001443027048216,0.010097525848213666
6101.0,1.0086171566582338,0.010097525848213666
6102.0,1.0165421563063606,0.010097525848213666
6103.0,1.018591795307733,0.010097525848213666
6104.0,1.0101483152945059,0.010097525848213666
6105.0,1.0017048352812792,0.010097525848213666
6106.0,1.004260474700247,0.010097525848213666
6107.0,1.0072985316381748,0.010097525848213666
6108.0,1.0096609701990937,0.010097525848213666
6109.0,1.0114861174214,0.010097525848213666
6110.0,1.0140405574431208,0.010097525848213666
6111.0,1.0205387885262742,0.010097525848213666
6112.0,1.0270370196094276,0.010097525848213666
6113.0,1.0222736332963418,0.010097525848213666
6114.0,1.0138578305304227,0.010097525848213666
6115.0,1.0089668046597013,0.010097525848213666
6116.0,1.0105040159741316,0.010097525848213666
6117.0,1.012041227288562,0.010097525848213666
6118.0,1.0134123047117554,0.010097525848213666
6119.0,1.0147752219060344,0.010097525848213666
6120.0,1.0134638735150865,0.010097525848213666
6121.0,1.0099840445517747,0.010097525848213666
6122.0,1.00734833989048,0.010097525848213666
6123.0,1.0094491104793932,0.010097525848213666
6124.0,1.0115498810683066,0.010097525848213666
6125.0,1.0110429349213854,0.010097525848213666
6126.0,1.0096681406447767,0.010097525848213666
6127.0,1.0098689970675707,0.010097525848213666
6128.0,1.013004570600594,0.010097525848213666
6129.0,1.0161401441336169,0.010097525848213666
6130.0,1.0132343852430237,0.010097525848213666
6131.0,1.0099997943344388,0.010097525848213666
6132.0,1.0055339021609808,0.010097525848213666
6133.0,1.0000500262663485,0.010097525848213666
6134.0,0.996550112148621,0.010097525848213666
6135.0,1.0046124670749528,0.010097525848213666
6136.0,1.0126748220012844,0.010097525848213666
6137.0,1.0130036006410965,0.010097525848213666
6138.0,1.0106922533988747,0.010097525848213666
6139.0,1.012714770167133,0.010097525848213666
6140.0,1.0229821989553172,0.010097525848213666
6141.0,1.0332496277435013,0.010097525848213666
6142.0,1.023884615480832,0.010097525848213666
6143.0,1.0133456531807876,0.010097525848213666
6144.0,1.0097511290332521,0.010097525848213666
6145.0,1.01201021315143,0.010097525848213666
6146.0,1.01302662858704,0.010097525848213666
6147.0,1.00651331429352,0.010097525848213666
6148.0,1.0,0.010097525848213666
6149.0,1.0012702638470876,0.010097525848213666
6150.0,1.0052654108033632,0.010097525848213666
6151.0,1.0092734309221714,0.010097525848213666
6152.0,1.0133064695547356,0.010097525848213666
6153.0,1.0173395081872996,0.010097525848213666
6154.0,1.0170466888903689,0.010097525848213666
6155.0,1.0164717484241246,0.010097525848213666
6156.0,1.0127842645773937,0.010097525848213666
6157.0,1.0064219387630546,0.010097525848213666
6158.0,1.002352932363339,0.010097525848213666
6159.0,1.0127479317452994,0.010097525848213666
6160.0,1.0231429311272602,0.010097525848213666
6161.0,1.0236842439688358,0.010097525848213666
6162.0,1.0206891603358967,0.010097525848213666
6163.0,1.0172653058041314,0.010097525848213666
6164.0,1.0129900567277446,0.010097525848213666
6165.0,1.0087148076513575,0.010097525848213666
6166.0,1.010360795786576,0.010097525848213666
6167.0,1.0124253803827712,0.010097525848213666
6168.0,1.0099314658125782,0.010097525848213666
6169.0,1.0034437310267914,0.010097525848213666
6170.0,0.9987162905809944,0.010097525848213666
6171.0,1.0055587847516163,0.010097525848213666
6172.0,1.0124012789222383,0.010097525848213666
6173.0,1.0143941374367242,0.010097525848213666
6174.0,1.0146032219167704,0.010097525848213666
6175.0,1.012333866397939,0.010097525848213666
6176.0,1.0050355308086507,0.010097525848213666
6177.0,0.9977371952193621,0.010097525848213666
6178.0,1.0000679715487393,0.010097525848213666
6179.0,1.003132749949435,0.010097525848213666
6180.0,1.0069877681154284,0.010097525848213666
6181.0,1.0115486140717886,0.010097525848213666
6182.0,1.0151302984632447,0.010097525848213666
6183.0,1.0119964124991798,0.010097525848213666
6184.0,1.008862526535115,0.010097525848213666
6185.0,1.0122826679955188,0.010097525848213666
6186.0,1.0181727569811823,0.010097525848213666
6187.0,1.0207731724957605,0.010097525848213666
6188.0,1.0165514607381982,0.010097525848213666
6189.0,1.0123297489806364,0.010097525848213666
6190.0,1.0138856336638253,0.010097525848213666
6191.0,1.0159142307830724,0.010097525848213666
6192.0,1.012205795119319,0.010097525848213666
6193.0,1.0032735016233378,0.010097525848213666
6194.0,0.9964155224403018,0.010097525848213666
6195.0,1.004423462500107,0.010097525848213666
6196.0,1.0124314025599122,0.010097525848213666
6197.0,1.0088685288331651,0.010097525848213666
6198.0,1.0008390514483807,0.010097525848213666
6199.0,0.9950892817692808,0.010097525848213666
6200.0,0.9941721508969796,0.010097525848213666
6201.0,0.9932550200246786,0.010097525848213666
6202.0,0.9920342755063198,0.010097525848213666
6203.0,0.9907869747029929,0.010097525848213666
6204.0,0.9925512273270894,0.010097525848213666
6205.0,0.9971109265354339,0.010097525848213666
6206.0,1.0015151295447853,0.010097525848213666
6207.0,1.004753111061688,0.010097525848213666
6208.0,1.007991092578591,0.010097525848213666
6209.0,1.0119586615247462,0.010097525848213666
6210.0,1.016214643592012,0.010097525848213666
6211.0,1.0189456970442246,0.010097525848213666
6212.0,1.0183717721292223,0.010097525848213666
6213.0,1.0177978472142202,0.010097525848213666
6214.0,1.0140164725062368,0.010097525848213666
6215.0,1.0099362409277797,0.010097525848213666
6216.0,1.007384118186611,0.010097525848213666
6217.0,1.0062779862844664,0.010097525848213666
6218.0,1.005528974334914,0.010097525848213666
6219.0,1.0075875330764807,0.010097525848213666
6220.0,1.0096460918180474,0.010097525848213666
6221.0,1.0113525563079535,0.010097525848213666
6222.0,1.012916520594827,0.010097525848213666
6223.0,1.0135103978476714,0.010097525848213666
6224.0,1.0119543524845622,0.010097525848213666
6225.0,1.0103983071214526,0.010097525848213666
6226.0,1.0148158982001176,0.010097525848213666
6227.0,1.0198245482934716,0.010097525848213666
6228.0,1.0188969403950083,0.010097525848213666
6229.0,1.012243083631802,0.010097525848213666
6230.0,1.0066420643955367,0.010097525848213666
6231.0,1.009732803853852,0.010097525848213666
6232.0,1.0128235433121673,0.010097525848213666
6233.0,1.0074806134313397,0.010097525848213666
6234.0,0.9986439393760652,0.010097525848213666
6235.0,0.9935461610187171,0.010097525848213666
6236.0,0.9969232129100141,0.010097525848213666
6237.0,1.000300264801311,0.010097525848213666
6238.0,1.0067725541840797,0.010097525848213666
6239.0,1.0135691456382356,0.010097525848213666
6240.0,1.021321602141425,0.010097525848213666
6241.0,1.030013992609496,0.010097525848213666
6242.0,1.0374343798357297,0.010097525848213666
6243.0,1.033806087740437,0.010097525848213666
6244.0,1.030177795645144,0.010097525848213666
6245.0,1.0213906296018924,0.010097525848213666
6246.0,1.0104164537482203,0.010097525848213666
6247.0,1.0051853846522552,0.010097525848213666
6248.0,1.013271001345072,0.010097525848213666
6249.0,1.0213566180378892,0.010097525848213666
6250.0,1.0176656467771918,0.010097525848213666
6251.0,1.0126713997829797,0.010097525848213666
6252.0,1.0081828099751657,0.010097525848213666
6253.0,1.0042010928758327,0.010097525848213666
6254.0,1.0006513186265442,0.010097525848213666
6255.0,1.001057508772194,0.010097525848213666
6256.0,1.001463698917844,0.010097525848213666
6257.0,0.9999035236904275,0.010097525848213666
6258.0,0.9974904670963798,0.010097525848213666
6259.0,1.0006048274281254,0.010097525848213666
6260.0,1.0168328165797405,0.010097525848213666
6261.0,1.0330608057313555,0.010097525848213666
6262.0,1.019597411782203,0.010097525848213666
6263.0,1.002671349830682,0.010097525848213666
6264.0,0.997570421687707,0.010097525848213666
6265.0,1.0045529433831006,0.010097525848213666
6266.0,1.0115135976371779,0.010097525848213666
6267.0,1.018262586273386,0.010097525848213666
6268.0,1.0250115749095943,0.010097525848213666
6269.0,1.0258140401986549,0.010097525848213666
6270.0,1.0239781866369932,0.010097525848213666
6271.0,1.0204057251359278,0.010097525848213666
6272.0,1.012616808144146,0.010097525848213666
6273.0,1.0048278911523645,0.010097525848213666
6274.0,1.0044213046167207,0.010097525848213666
6275.0,1.0049200982313546,0.010097525848213666
6276.0,1.0077742305798305,0.010097525848213666
6277.0,1.0130818407760591,0.010097525848213666
6278.0,1.0169371578322755,0.010097525848213666
6279.0,1.0058966574119361,0.010097525848213666
6280.0,0.994856156991597,0.010097525848213666
6281.0,0.999631269152305,0.010097525848213666
6282.0,1.0115827500234102,0.010097525848213666
6283.0,1.0179658590548488,0.010097525848213666
6284.0,1.010509583681444,0.010097525848213666
6285.0,1.0030533083080393,0.010097525848213666
6286.0,1.0064825512040332,0.010097525848213666
6287.0,1.011313046451781,0.010097525848213666
6288.0,1.0106095539832214,0.010097525848213666
6289.0,1.004029624063441,0.010097525848213666
6290.0,0.9983670431274003,0.010097525848213666
6291.0,1.0027035661140338,0.010097525848213666
6292.0,1.0070400891006672,0.010097525848213666
6293.0,1.0112821619107695,0.010097525848213666
6294.0,1.015480412494854,0.010097525848213666
6295.0,1.0173522266097916,0.010097525848213666
6296.0,1.0133040023904691,0.010097525848213666
6297.0,1.0092557781711464,0.010097525848213666
6298.0,1.0066364376329626,0.010097525848213666
6299.0,1.004209821188011,0.010097525848213666
6300.0,1.0045162663782783,0.010097525848213666
6301.0,1.0077812507886625,0.010097525848213666
6302.0,1.010982672347947,0.010097525848213666
6303.0,1.013445416531571,0.010097525848213666
6304.0,1.015908160715195,0.010097525848213666
6305.0,1.0145525371026038,0.010097525848213666
6306.0,1.011385723101717,0.010097525848213666
6307.0,1.0058815912765735,0.010097525848213666
6308.0,0.9942862675457962,0.010097525848213666
6309.0,0.9826909438150189,0.010097525848213666
6310.0,0.9883508964520946,0.010097525848213666
6311.0,0.9964454976725667,0.010097525848213666
6312.0,0.9980874510568323,0.010097525848213666
6313.0,0.9926086794299336,0.010097525848213666
6314.0,0.9879958335933856,0.010097525848213666
6315.0,0.9941511939562561,0.010097525848213666
6316.0,1.0003065543191267,0.010097525848213666
6317.0,1.0065984733220867,0.010097525848213666
6318.0,1.0129566025747871,0.010097525848213666
6319.0,1.0165036346108052,0.010097525848213666
6320.0,1.012546151610237,0.010097525848213666
6321.0,1.0085886686096686,0.010097525848213666
6322.0,1.008563931886817,0.010097525848213666
6323.0,1.0091188147944274,0.010097525848213666
6324.0,1.0055827351468547,0.010097525848213666
6325.0,0.9974443226246933,0.010097525848213666
6326.0,0.9901123659522458,0.010097525848213666
6327.0,0.9935563279613203,0.010097525848213666
6328.0,0.9970002899703947,0.010097525848213666
6329.0,0.9976724033412562,0.010097525848213666
6330.0,0.9969710333653578,0.010097525848213666
6331.0,0.9964066151334976,0.010097525848213666
6332.0,0.9962168182642532,0.010097525848213666
6333.0,0.9960270213950089,0.010097525848213666
6334.0,0.9992562210259512,0.010097525848213666
6335.0,1.0030110558529077,0.010097525848213666
6336.0,1.0002663477420886,0.010097525848213666
6337.0,0.9900672669320149,0.010097525848213666
6338.0,0.9812922094075699,0.010097525848213666
6339.0,0.9930600063182664,0.010097525848213666
6340.0,1.004827803228963,0.010097525848213666
6341.0,1.0019710436993563,0.010097525848213666
6342.0,0.9917094454658263,0.010097525848213666
6343.0,0.9863064068691407,0.010097525848213666
6344.0,0.9945250834186513,0.010097525848213666
6345.0,1.0027437599681621,0.010097525848213666
6346.0,1.0031605357310074,0.010097525848213666
6347.0,1.002327703429135,0.010097525848213666
6348.0,1.0000642238512547,0.010097525848213666
6349.0,0.996127930140753,0.010097525848213666
6350.0,0.9926432023810786,0.010097525848213666
6351.0,0.9962299974112683,0.010097525848213666
6352.0,0.9998167924414577,0.010097525848213666
6353.0,1.0065275432797074,0.010097525848213666
6354.0,1.0148543295450752,0.010097525848213666
6355.0,1.0206614745802576,0.010097525848213666
6356.0,1.019226115986342,0.010097525848213666
6357.0,1.0177907573924263,0.010097525848213666
6358.0,1.008987387967419,0.010097525848213666
6359.0,0.998956016737232,0.010097525848213666
6360.0,0.9955435800788356,0.010097525848213666
6361.0,1.0000216101599464,0.010097525848213666
6362.0,1.0043917146548178,0.010097525848213666
6363.0,1.006915353141648,0.010097525848213666
6364.0,1.0094389916284783,0.010097525848213666
6365.0,1.0127477316102067,0.010097525848213666
6366.0,1.0164713509140104,0.010097525848213666
6367.0,1.018354849486428,0.010097525848213666
6368.0,1.0148139163293628,0.010097525848213666
6369.0,1.0112729831722975,0.010097525848213666
6370.0,1.0031749595027195,0.010097525848213666
6371.0,0.9942874680401325,0.010097525848213666
6372.0,0.9877252581825186,0.010097525848213666
6373.0,0.9839892549564789,0.010097525848213666
6374.0,0.9809159324464582,0.010097525848213666
6375.0,0.9903230967548732,0.010097525848213666
6376.0,0.9997302610632881,0.010097525848213666
6377.0,1.0076399041813786,0.010097525848213666
6378.0,1.0147412733852832,0.010097525848213666
6379.0,1.0178134595738577,0.010097525848213666
6380.0,1.0087007734552398,0.010097525848213666
6381.0,0.9995880873366214,0.010097525848213666
6382.0,0.9983679700736616,0.010097525848213666
6383.0,0.9985676208626393,0.010097525848213666
6384.0,0.9986496947718753,0.010097525848213666
6385.0,0.9985860618489582,0.010097525848213666
6386.0,0.9984213915745515,0.010097525848213666
6387.0,0.9961429135518772,0.010097525848213666
6388.0,0.9938644355292031,0.010097525848213666
6389.0,0.9966064498795787,0.010097525848213666
6390.0,1.002115811981201,0.010097525848213666
6391.0,1.0056356622177915,0.010097525848213666
6392.0,1.0029811652870435,0.010097525848213666
6393.0,1.0003266683562955,0.010097525848213666
6394.0,1.007702940700812,0.010097525848213666
6395.0,1.016951051756246,0.010097525848213666
6396.0,1.0146205126106869,0.010097525848213666
6397.0,0.9976593420970259,0.010097525848213666
6398.0,0.9816922748217038,0.010097525848213666
6399.0,0.9890866336470782,0.010097525848213666
6400.0,0.9964809924724525,0.010097525848213666
6401.0,0.995887940077055,0.010097525848213666
6402.0,0.9907991590395716,0.010097525848213666
6403.0,0.986668797580995,0.010097525848213666
6404.0,0.9855918934743055,0.010097525848213666
6405.0,0.9845149893676161,0.010097525848213666
6406.0,0.9917372992403003,0.010097525848213666
6407.0,1.0005647579485375,0.010097525848213666
6408.0,1.0067023751642608,0.010097525848213666
6409.0,1.0093742350723272,0.010097525848213666
6410.0,1.0115692966670669,0.010097525848213666
6411.0,1.0010020567420637,0.010097525848213666
6412.0,0.9904348168170605,0.010097525848213666
6413.0,0.9840869231673055,0.010097525848213666
6414.0,0.9801637578118294,0.010097525848213666
6415.0,0.9787578672614469,0.010097525848213666
6416.0,0.9855879835092738,0.010097525848213666
6417.0,0.9924180997571007,0.010097525848213666
6418.0,0.9891895293461562,0.010097525848213666
6419.0,0.9839463228464999,0.010097525848213666
6420.0,0.9861227820977451,0.010097525848213666
6421.0,0.9980478577383393,0.010097525848213666
6422.0,1.0093564388017344,0.010097525848213666
6423.0,1.0015299766422519,0.010097525848213666
6424.0,0.9937035144827692,0.010097525848213666
6425.0,0.9895504169457268,0.010097525848213666
6426.0,0.9875523599871843,0.010097525848213666
6427.0,0.986374082071508,0.010097525848213666
6428.0,0.987951291828707,0.010097525848213666
6429.0,0.989528501585906,0.010097525848213666
6430.0,0.9878251890857112,0.010097525848213666
6431.0,0.9854420002336248,0.010097525848213666
6432.0,0.9867822237691185,0.010097525848213666
6433.0,0.9931114015430219,0.010097525848213666
6434.0,0.9993329619338626,0.010097525848213666
6435.0,1.0015873542490317,0.010097525848213666
6436.0,1.0038417465642007,0.010097525848213666
6437.0,0.9965798360766973,0.010097525848213666
6438.0,0.9836191031814562,0.010097525848213666
6439.0,0.974419507368358,0.010097525848213666
6440.0,0.9782129305662526,0.010097525848213666
6441.0,0.9820063537641472,0.010097525848213666
6442.0,0.9839580444255157,0.010097525848213666
6443.0,0.9855150781147719,0.010097525848213666
6444.0,0.9852480042195717,0.010097525848213666
6445.0,0.9824883287671993,0.010097525848213666
6446.0,0.9797829289460859,0.010097525848213666
6447.0,0.979535009095855,0.010097525848213666
6448.0,0.979287089245624,0.010097525848213666
6449.0,0.9783488352481111,0.010097525848213666
6450.0,0.9769886362011965,0.010097525848213666
6451.0,0.9777897514855577,0.010097525848213666
6452.0,0.9862676663072335,0.010097525848213666
6453.0,0.9947455811289092,0.010097525848213666
6454.0,0.989818513677021,0.010097525848213666
6455.0,0.9819234809416824,0.010097525848213666
6456.0,0.9789850161715231,0.010097525848213666
6457.0,0.9829544119275464,0.010097525848213666
6458.0,0.9868887565986667,0.010097525848213666
6459.0,0.9887726128030239,0.010097525848213666
6460.0,0.9906564690073811,0.010097525848213666
6461.0,0.9891965053185531,0.010097525848213666
6462.0,0.9856507280511303,0.010097525848213666
6463.0,0.9829130561652502,0.010097525848213666
6464.0,0.9831279033828909,0.010097525848213666
6465.0,0.9833427506005317,0.010097525848213666
6466.0,0.9833492710334611,0.010097525848213666
6467.0,0.9833081651365524,0.010097525848213666
6468.0,0.9844497288944899,0.010097525848213666
6469.0,0.9872724713187607,0.010097525848213666
6470.0,0.9900566574136378,0.010097525848213666
6471.0,0.9896676575993972,0.010097525848213666
6472.0,0.9892786577851567,0.010097525848213666
6473.0,0.9904480455003499,0.010097525848213666
6474.0,0.9926094127038254,0.010097525848213666
6475.0,0.9922674411897467,0.010097525848213666
6476.0,0.9825129160976607,0.010097525848213666
6477.0,0.9727583910055746,0.010097525848213666
6478.0,0.9760442041000348,0.010097525848213666
6479.0,0.9824062987548152,0.010097525848213666
6480.0,0.9863053036405489,0.010097525848213666
6481.0,0.9866328283611767,0.010097525848213666
6482.0,0.9869500353308435,0.010097525848213666
6483.0,0.9858451122931121,0.010097525848213666
6484.0,0.9847401892553806,0.010097525848213666
6485.0,0.9921552140994704,0.010097525848213666
6486.0,1.0051039872707659,0.010097525848213666
6487.0,1.0140111196929988,0.010097525848213666
6488.0,1.0072716662914063,0.010097525848213666
6489.0,1.0005322128898138,0.010097525848213666
6490.0,0.9960275977005966,0.010097525848213666
6491.0,0.9920666819570744,0.010097525848213666
6492.0,0.9886529528995605,0.010097525848213666
6493.0,0.9860486041484329,0.010097525848213666
6494.0,0.9834230278250291,0.010097525848213666
6495.0,0.9719773952201306,0.010097525848213666
6496.0,0.9605317626152322,0.010097525848213666
6497.0,0.9663335156987757,0.010097525848213666
6498.0,0.9835646740688596,0.010097525848213666
6499.0,0.9965229619767489,0.010097525848213666
6500.0,0.9924409401372777,0.010097525848213666
6501.0,0.9883589182978064,0.010097525848213666
6502.0,0.9844172306081621,0.010097525848213666
6503.0,0.980510731811943,0.010097525848213666
6504.0,0.9776512790149993,0.010097525848213666
6505.0,0.9763718564759996,0.010097525848213666
6506.0,0.9750924339369998,0.010097525848213666
6507.0,0.976855112529548,0.010097525848213666
6508.0,0.978625112665132,0.010097525848213666
6509.0,0.9766933482791255,0.010097525848213666
6510.0,0.9722589825264168,0.010097525848213666
6511.0,0.9679848731809689,0.010097525848213666
6512.0,0.9643694864911325,0.010097525848213666
6513.0,0.9607540998012963,0.010097525848213666
6514.0,0.9605824436256266,0.010097525848213666
6515.0,0.9613003311326211,0.010097525848213666
6516.0,0.9632138546838996,0.010097525848213666
6517.0,0.9669682203155535,0.010097525848213666
6518.0,0.9707225859472074,0.010097525848213666
6519.0,0.9737437951509449,0.010097525848213666
6520.0,0.9767596852028481,0.010097525848213666
6521.0,0.9778501728231425,0.010097525848213666
6522.0,0.9776127966975001,0.010097525848213666
6523.0,0.9769783763951042,0.010097525848213666
6524.0,0.9746608883245776,0.010097525848213666
6525.0,0.9723434002540513,0.010097525848213666
6526.0,0.9738927801090193,0.010097525848213666
6527.0,0.9764705822845974,0.010097525848213666
6528.0,0.9774557289323305,0.010097525848213666
6529.0,0.9759388334082384,0.010097525848213666
6530.0,0.9744219378841464,0.010097525848213666
6531.0,0.9731338912400804,0.010097525848213666
6532.0,0.9718486252628434,0.010097525848213666
6533.0,0.9741705504370517,0.010097525848213666
6534.0,0.9790300497546126,0.010097525848213666
6535.0,0.9831585372098014,0.010097525848213666
6536.0,0.9840894372928083,0.010097525848213666
6537.0,0.9850203373758151,0.010097525848213666
6538.0,0.980976505972029,0.010097525848213666
6539.0,0.9755710890389867,0.010097525848213666
6540.0,0.972235263271961,0.010097525848213666
6541.0,0.9722172508429435,0.010097525848213666
6542.0,0.9721992384139261,0.010097525848213666
6543.0,0.9705245076070795,0.010097525848213666
6544.0,0.9688214568279633,0.010097525848213666
6545.0,0.9701713267402652,0.010097525848213666
6546.0,0.9737117459321833,0.010097525848213666
6547.0,0.9764641333535535,0.010097525848213666
6548.0,0.9756573309238482,0.010097525848213666
6549.0,0.9748505284941431,0.010097525848213666
6550.0,0.968057321002677,0.010097525848213666
6551.0,0.9595787102399851,0.010097525848213666
6552.0,0.9561776004059025,0.010097525848213666
6553.0,0.9610836677239948,0.010097525848213666
6554.0,0.9659897350420871,0.010097525848213666
6555.0,0.9692340907122248,0.010097525848213666
6556.0,0.9724417460024075,0.010097525848213666
6557.0,0.9694140472449461,0.010097525848213666
6558.0,0.9618232619495056,0.010097525848213666
6559.0,0.9552875488671091,0.010097525848213666
6560.0,0.953675506112226,0.010097525848213666
6561.0,0.9520634633573428,0.010097525848213666
6562.0,0.9560640777838899,0.010097525848213666
6563.0,0.9616894087629536,0.010097525848213666
6564.0,0.9644939043198244,0.010097525848213666
6565.0,0.9625879663671958,0.010097525848213666
6566.0,0.9606820284145673,0.010097525848213666
6567.0,0.9584512414683712,0.010097525848213666
6568.0,0.9562116423423253,0.010097525848213666
6569.0,0.9551747030016048,0.010097525848213666
6570.0,0.9550353462260306,0.010097525848213666
6571.0,0.9551397503984455,0.010097525848213666
6572.0,0.9564203437604564,0.010097525848213666
6573.0,0.9577009371224673,0.010097525848213666
6574.0,0.9623432658377394,0.010097525848213666
6575.0,0.9679857370023479,0.010097525848213666
6576.0,0.9704369183276943,0.010097525848213666
6577.0,0.9674484010633937,0.010097525848213666
6578.0,0.9644598837990932,0.010097525848213666
6579.0,0.9579112865555702,0.010097525848213666
6580.0,0.9512479903288281,0.010097525848213666
6581.0,0.9500284694577271,0.010097525848213666
6582.0,0.9529522025570903,0.010097525848213666
6583.0,0.954715601781047,0.010097525848213666
6584.0,0.9506856793536805,0.010097525848213666
6585.0,0.9466557569263141,0.010097525848213666
6586.0,0.9539437563131266,0.010097525848213666
6587.0,0.9646909951259005,0.010097525848213666
6588.0,0.9691822185807583,0.010097525848213666
6589.0,0.962787152152953,0.010097525848213666
6590.0,0.9563920857251476,0.010097525848213666
6591.0,0.9579607762747752,0.010097525848213666
6592.0,0.9598269919916785,0.010097525848213666
6593.0,0.9605517294032634,0.010097525848213666
6594.0,0.9603905433540028,0.010097525848213666
6595.0,0.9599350843361304,0.010097525848213666
6596.0,0.9579581250805481,0.010097525848213666
6597.0,0.9559811658249658,0.010097525848213666
6598.0,0.9580391559764115,0.010097525848213666
6599.0,0.9613636365568735,0.010097525848213666
6600.0,0.9606766124619481,0.010097525848213666
6601.0,0.9528624817270851,0.010097525848213666
6602.0,0.9450483509922223,0.010097525848213666
6603.0,0.9489830572631165,0.010097525848213666
6604.0,0.9534177140448997,0.010097525848213666
6605.0,0.9509556343708561,0.010097525848213666
6606.0,0.9430354922973619,0.010097525848213666
6607.0,0.9377134254162303,0.010097525848213666
6608.0,0.9463138683445064,0.010097525848213666
6609.0,0.9549143112727824,0.010097525848213666
6610.0,0.9562103096442114,0.010097525848213666
6611.0,0.9551526536584451,0.010097525848213666
6612.0,0.9559998676172212,0.010097525848213666
6613.0,0.9603028760361911,0.010097525848213666
6614.0,0.9646058844551613,0.010097525848213666
6615.0,0.9629648612924829,0.010097525848213666
6616.0,0.9610397208969705,0.010097525848213666
6617.0,0.9555795265619962,0.010097525848213666
6618.0,0.9472667507400848,0.010097525848213666
6619.0,0.9413911507110165,0.010097525848213666
6620.0,0.9490639452468023,0.010097525848213666
6621.0,0.9567367397825879,0.010097525848213666
6622.0,0.9591342037996629,0.010097525848213666
6623.0,0.9597872693864323,0.010097525848213666
6624.0,0.958771511936699,0.010097525848213666
6625.0,0.9546638597515255,0.010097525848213666
6626.0,0.9505562075663518,0.010097525848213666
6627.0,0.9524506607727972,0.010097525848213666
6628.0,0.9546638098407423,0.010097525848213666
6629.0,0.9533127135561124,0.010097525848213666
6630.0,0.9490291090601821,0.010097525848213666
6631.0,0.9463146627872168,0.010097525848213666
6632.0,0.952657959102077,0.010097525848213666
6633.0,0.9590012554169373,0.010097525848213666
6634.0,0.9548942950483393,0.010097525848213666
6635.0,0.9472423119141273,0.010097525848213666
6636.0,0.9407188218815031,0.010097525848213666
6637.0,0.9363308483084786,0.010097525848213666
6638.0,0.9319428747354541,0.010097525848213666
6639.0,0.9342386694680442,0.010097525848213666
6640.0,0.9369251291841849,0.010097525848213666
6641.0,0.9443146487601245,0.010097525848213666
6642.0,0.9556493399623822,0.010097525848213666
6643.0,0.9628530325195078,0.010097525848213666
6644.0,0.9452707332057892,0.010097525848213666
6645.0,0.9276884338920708,0.010097525848213666
6646.0,0.9349594742676164,0.010097525848213666
6647.0,0.950876903046377,0.010097525848213666
6648.0,0.9563421849068039,0.010097525848213666
6649.0,0.9416024362807892,0.010097525848213666
6650.0,0.9268626876547745,0.010097525848213666
6651.0,0.9416845404957157,0.010097525848213666
6652.0,0.9583941073511447,0.010097525848213666
6653.0,0.9563953336080206,0.010097525848213666
6654.0,0.9383965536514138,0.010097525848213666
6655.0,0.924570024780564,0.010097525848213666
6656.0,0.9367928548625016,0.010097525848213666
6657.0,0.9490156849444393,0.010097525848213666
6658.0,0.9456826821543415,0.010097525848213666
6659.0,0.9368012634050153,0.010097525848213666
6660.0,0.9315490360669416,0.010097525848213666
6661.0,0.9334644617660882,0.010097525848213666
6662.0,0.9353798874652348,0.010097525848213666
6663.0,0.9293528489672314,0.010097525848213666
6664.0,0.922775241705879,0.010097525848213666
6665.0,0.918742476167837,0.010097525848213666
6666.0,0.916928583862703,0.010097525848213666
6667.0,0.9153336616273932,0.010097525848213666
6668.0,0.9151630311975989,0.010097525848213666
6669.0,0.9149924007678047,0.010097525848213666
6670.0,0.9193683847500007,0.010097525848213666
6671.0,0.9254064917057601,0.010097525848213666
6672.0,0.9290850100457113,0.010097525848213666
6673.0,0.9280016049834604,0.010097525848213666
6674.0,0.9269181999212095,0.010097525848213666
6675.0,0.9232158854796975,0.010097525848213666
6676.0,0.9193175752394793,0.010097525848213666
6677.0,0.9196106404907365,0.010097525848213666
6678.0,0.923629372845521,0.010097525848213666
6679.0,0.9272353500303117,0.010097525848213666
6680.0,0.928040764099091,0.010097525848213666
6681.0,0.9288461781678702,0.010097525848213666
6682.0,0.928263684740666,0.010097525848213666
6683.0,0.927161298571568,0.010097525848213666
6684.0,0.9269540032149581,0.010097525848213666
6685.0,0.9285928326591056,0.010097525848213666
6686.0,0.9302316621032533,0.010097525848213666
6687.0,0.9351641208217273,0.010097525848213666
6688.0,0.9403614368878113,0.010097525848213666
6689.0,0.937731257767634,0.010097525848213666
6690.0,0.9280079708814398,0.010097525848213666
6691.0,0.9190229057264188,0.010097525848213666
6692.0,0.9152698975010543,0.010097525848213666
6693.0,0.9115168892756897,0.010097525848213666
6694.0,0.9119905169695103,0.010097525848213666
6695.0,0.9140859933299961,0.010097525848213666
6696.0,0.915846373479919,0.010097525848213666
6697.0,0.9169003007978725,0.010097525848213666
6698.0,0.9179542281158262,0.010097525848213666
6699.0,0.9176419322201983,0.010097525848213666
6700.0,0.9172120734404825,0.010097525848213666
6701.0,0.9158797362969646,0.010097525848213666
6702.0,0.9137137008958939,0.010097525848213666
6703.0,0.9122261647453068,0.010097525848213666
6704.0,0.9157691179872037,0.010097525848213666
6705.0,0.9193120712291007,0.010097525848213666
6706.0,0.9227102779322334,0.010097525848213666
6707.0,0.9260516026343468,0.010097525848213666
6708.0,0.9291163824220455,0.010097525848213666
6709.0,0.9315851241176933,0.010097525848213666
6710.0,0.9340538658133413,0.010097525848213666
6711.0,0.928551241840327,0.010097525848213666
6712.0,0.9223172999160613,0.010097525848213666
6713.0,0.9197381329974442,0.010097525848213666
6714.0,0.9206007588580432,0.010097525848213666
6715.0,0.9219721288098485,0.010097525848213666
6716.0,0.9272956370701776,0.010097525848213666
6717.0,0.9326191453305067,0.010097525848213666
6718.0,0.9305274958157852,0.010097525848213666
6719.0,0.9254523063882157,0.010097525848213666
6720.0,0.9223486291536171,0.010097525848213666
6721.0,0.9235898614827553,0.010097525848213666
6722.0,0.9248310938118935,0.010097525848213666
6723.0,0.9126587787833861,0.010097525848213666
6724.0,0.8991786870691476,0.010097525848213666
6725.0,0.8975272595876973,0.010097525848213666
6726.0,0.9072313497697189,0.010097525848213666
6727.0,0.9161737586585519,0.010097525848213666
6728.0,0.9189055354645006,0.010097525848213666
6729.0,0.9216373122704492,0.010097525848213666
6730.0,0.920807212619982,0.010097525848213666
6731.0,0.9185101028357712,0.010097525848213666
6732.0,0.9159951124442894,0.010097525848213666
6733.0,0.912989039590325,0.010097525848213666
6734.0,0.9099829667363603,0.010097525848213666
6735.0,0.9084313592986559,0.010097525848213666
6736.0,0.9070300145132275,0.010097525848213666
6737.0,0.9066272854189569,0.010097525848213666
6738.0,0.907201823936934,0.010097525848213666
6739.0,0.907974373273518,0.010097525848213666
6740.0,0.9104448084799956,0.010097525848213666
6741.0,0.9129152436864731,0.010097525848213666
6742.0,0.9087705057415961,0.010097525848213666
6743.0,0.9018374610247258,0.010097525848213666
6744.0,0.8964038725049974,0.010097525848213666
6745.0,0.8944273635509019,0.010097525848213666
6746.0,0.8924508545968065,0.010097525848213666
6747.0,0.9035355235380855,0.010097525848213666
6748.0,0.9160463131017555,0.010097525848213666
6749.0,0.9185534877228949,0.010097525848213666
6750.0,0.911081036885813,0.010097525848213666
6751.0,0.9049004709743886,0.010097525848213666
6752.0,0.9103935640297004,0.010097525848213666
6753.0,0.9158866570850123,0.010097525848213666
6754.0,0.9173703221246595,0.010097525848213666
6755.0,0.9171248352194061,0.010097525848213666
6756.0,0.9159440732887597,0.010097525848213666
6757.0,0.9125571182538634,0.010097525848213666
6758.0,0.9091701632189672,0.010097525848213666
6759.0,0.9077663909537314,0.010097525848213666
6760.0,0.9065909369190034,0.010097525848213666
6761.0,0.9078485933304965,0.010097525848213666
6762.0,0.9115805993483129,0.010097525848213666
6763.0,0.914535293051501,0.010097525848213666
6764.0,0.9100710818783505,0.010097525848213666
6765.0,0.9056068707052002,0.010097525848213666
6766.0,0.9034332570987254,0.010097525848213666
6767.0,0.9022702012422531,0.010097525848213666
6768.0,0.9005355299576399,0.010097525848213666
6769.0,0.8974210165124777,0.010097525848213666
6770.0,0.8943065030673156,0.010097525848213666
6771.0,0.8944608853509284,0.010097525848213666
6772.0,0.8950112307779985,0.010097525848213666
6773.0,0.8971378191248109,0.010097525848213666
6774.0,0.9008984588114068,0.010097525848213666
6775.0,0.9042265980332896,0.010097525848213666
6776.0,0.9031835992251523,0.010097525848213666
6777.0,0.9021406004170149,0.010097525848213666
6778.0,0.8991014044489187,0.010097525848213666
6779.0,0.8951614853720634,0.010097525848213666
6780.0,0.8927654508448373,0.010097525848213666
6781.0,0.894184097725649,0.010097525848213666
6782.0,0.8956027446064609,0.010097525848213666
6783.0,0.8999745472523574,0.010097525848213666
6784.0,0.9047219881146528,0.010097525848213666
6785.0,0.9075733211318194,0.010097525848213666
6786.0,0.9084208661052463,0.010097525848213666
6787.0,0.9090648068233265,0.010097525848213666
6788.0,0.9075235863784045,0.010097525848213666
6789.0,0.9059823659334825,0.010097525848213666
6790.0,0.9003395987153763,0.010097525848213666
6791.0,0.8928043634247319,0.010097525848213666
6792.0,0.8876922003269806,0.010097525848213666
6793.0,0.8887095884968544,0.010097525848213666
6794.0,0.8897269766667282,0.010097525848213666
6795.0,0.8949899369085477,0.010097525848213666
6796.0,0.900818973426626,0.010097525848213666
6797.0,0.9014209920148459,0.010097525848213666
6798.0,0.8963919089928571,0.010097525848213666
6799.0,0.892121708063849,0.010097525848213666
6800.0,0.8965276815112984,0.010097525848213666
6801.0,0.9009336549587476,0.010097525848213666
6802.0,0.8926885266825911,0.010097525848213666
6803.0,0.8784754758618959,0.010097525848213666
6804.0,0.8687637868963215,0.010097525848213666
6805.0,0.8707129534261225,0.010097525848213666
6806.0,0.8726621199559236,0.010097525848213666
6807.0,0.8856874613657716,0.010097525848213666
6808.0,0.9002583155495727,0.010097525848213666
6809.0,0.906034362491506,0.010097525848213666
6810.0,0.9021516286841845,0.010097525848213666
6811.0,0.8984425441276248,0.010097525848213666
6812.0,0.8968558393026135,0.010097525848213666
6813.0,0.8952691344776021,0.010097525848213666
6814.0,0.8911149288533522,0.010097525848213666
6815.0,0.8857226578970848,0.010097525848213666
6816.0,0.8836338227754204,0.010097525848213666
6817.0,0.8903106836183636,0.010097525848213666
6818.0,0.896987544461307,0.010097525848213666
6819.0,0.895284959102761,0.010097525848213666
6820.0,0.8923606112994404,0.010097525848213666
6821.0,0.890721081079081,0.010097525848213666
6822.0,0.8905200234706857,0.010097525848213666
6823.0,0.8902024154109924,0.010097525848213666
6824.0,0.8883558234647789,0.010097525848213666
6825.0,0.8865092315185654,0.010097525848213666
6826.0,0.8860390430140841,0.010097525848213666
6827.0,0.886247189539129,0.010097525848213666
6828.0,0.887407470778341,0.010097525848213666
6829.0,0.8911563682716841,0.010097525848213666
6830.0,0.894905265765027,0.010097525848213666
6831.0,0.8910968416764578,0.010097525848213666
6832.0,0.8861386176238385,0.010097525848213666
6833.0,0.8842715278534694,0.010097525848213666
6834.0,0.8859326221996037,0.010097525848213666
6835.0,0.8873723798150551,0.010097525848213666
6836.0,0.8856812287674055,0.010097525848213666
6837.0,0.8839900777197558,0.010097525848213666
6838.0,0.883399742257441,0.010097525848213666
6839.0,0.8833637886512767,0.010097525848213666
6840.0,0.8828565881588931,0.010097525848213666
6841.0,0.8810363224790002,0.010097525848213666
6842.0,0.8792160567991072,0.010097525848213666
6843.0,0.8789595059196305,0.010097525848213666
6844.0,0.8789508875676191,0.010097525848213666
6845.0,0.8804705545679408,0.010097525848213666
6846.0,0.883768589978248,0.010097525848213666
6847.0,0.8863921574304771,0.010097525848213666
6848.0,0.8786738828589604,0.010097525848213666
6849.0,0.8709556082874437,0.010097525848213666
6850.0,0.873359624381697,0.010097525848213666
6851.0,0.8809720191276056,0.010097525848213666
6852.0,0.8819659590954441,0.010097525848213666
6853.0,0.8640544055536759,0.010097525848213666
6854.0,0.8461428520119076,0.010097525848213666
6855.0,0.8501633664544241,0.010097525848213666
6856.0,0.8578034389698668,0.010097525848213666
6857.0,0.8599337002604901,0.010097525848213666
6858.0,0.8555273876046248,0.010097525848213666
6859.0,0.8517888267490858,0.010097525848213666
6860.0,0.8592173491925961,0.010097525848213666
6861.0,0.8666458716361063,0.010097525848213666
6862.0,0.8653011607505287,0.010097525848213666
6863.0,0.8593448784996546,0.010097525848213666
6864.0,0.8557094739863924,0.010097525848213666
6865.0,0.8588724896384899,0.010097525848213666
6866.0,0.8620355052905874,0.010097525848213666
6867.0,0.8600660568726162,0.010097525848213666
6868.0,0.8572159324820067,0.010097525848213666
6869.0,0.8578993465862552,0.010097525848213666
6870.0,0.8628567488964849,0.010097525848213666
6871.0,0.8678849772756929,0.010097525848213666
6872.0,0.8742144287826534,0.010097525848213666
6873.0,0.8805438802896141,0.010097525848213666
6874.0,0.8777343622657234,0.010097525848213666
6875.0,0.8700181281284062,0.010097525848213666
6876.0,0.8649430917760501,0.010097525848213666
6877.0,0.8678043468448312,0.010097525848213666
6878.0,0.8706656019136122,0.010097525848213666
6879.0,0.8695014235276903,0.010097525848213666
6880.0,0.8676198411597423,0.010097525848213666
6881.0,0.864605518439698,0.010097525848213666
6882.0,0.8601942505133177,0.010097525848213666
6883.0,0.8554325031727454,0.010097525848213666
6884.0,0.8435353544252877,0.010097525848213666
6885.0,0.8316382056778301,0.010097525848213666
6886.0,0.8348287003446409,0.010097525848213666
6887.0,0.8462921593371042,0.010097525848213666
6888.0,0.8547788760906007,0.010097525848213666
6889.0,0.8540873042739914,0.010097525848213666
6890.0,0.8533957324573821,0.010097525848213666
6891.0,0.8511412806143832,0.010097525848213666
6892.0,0.8485978182401894,0.010097525848213666
6893.0,0.848865252626269,0.010097525848213666
6894.0,0.8526672563802818,0.010097525848213666
6895.0,0.856394982598537,0.010097525848213666
6896.0,0.8584291810015272,0.010097525848213666
6897.0,0.8604633794045174,0.010097525848213666
6898.0,0.8561848170120318,0.010097525848213666
6899.0,0.848371581440069,0.010097525848213666
6900.0,0.842494995087828,0.010097525848213666
6901.0,0.8427479035159954,0.010097525848213666
6902.0,0.8430008119441627,0.010097525848213666
6903.0,0.842813241864724,0.010097525848213666
6904.0,0.8425412309841132,0.010097525848213666
6905.0,0.8433745139095618,0.010097525848213666
6906.0,0.8456249954685318,0.010097525848213666
6907.0,0.8479175327465309,0.010097525848213666
6908.0,0.851298092174878,0.010097525848213666
6909.0,0.8546786516032249,0.010097525848213666
6910.0,0.8562409394905075,0.010097525848213666
6911.0,0.8567637249684659,0.010097525848213666
6912.0,0.8547826313925418,0.010097525848213666
6913.0,0.8446639308914907,0.010097525848213666
6914.0,0.8345452303904395,0.010097525848213666
6915.0,0.8357271610202591,0.010097525848213666
6916.0,0.8391529579753416,0.010097525848213666
6917.0,0.8414082260390617,0.010097525848213666
6918.0,0.8421330518957971,0.010097525848213666
6919.0,0.8427376279004721,0.010097525848213666
6920.0,0.83975252313626,0.010097525848213666
6921.0,0.8367674183720478,0.010097525848213666
6922.0,0.8387039990036874,0.010097525848213666
6923.0,0.8435131222523009,0.010097525848213666
6924.0,0.8480240489338495,0.010097525848213666
6925.0,0.8515394339513963,0.010097525848213666
6926.0,0.8550548189689432,0.010097525848213666
6927.0,0.8496669798103732,0.010097525848213666
6928.0,0.8424495345258941,0.010097525848213666
6929.0,0.8410933364816942,0.010097525848213666
6930.0,0.8475521347578625,0.010097525848213666
6931.0,0.853461323776698,0.010097525848213666
6932.0,0.8400147085153097,0.010097525848213666
6933.0,0.8265680932539213,0.010097525848213666
6934.0,0.8245074031682985,0.010097525848213666
6935.0,0.8292302815303035,0.010097525848213666
6936.0,0.8340294927368186,0.010097525848213666
6937.0,0.8390905905641256,0.010097525848213666
6938.0,0.8441516883914326,0.010097525848213666
6939.0,0.8372433404657122,0.010097525848213666
6940.0,0.8277912675327994,0.010097525848213666
6941.0,0.8222291322482499,0.010097525848213666
6942.0,0.8219564305932119,0.010097525848213666
6943.0,0.8218652860055171,0.010097525848213666
6944.0,0.8295524284081968,0.010097525848213666
6945.0,0.8372395708108765,0.010097525848213666
6946.0,0.8366878693240732,0.010097525848213666
6947.0,0.8311260600666485,0.010097525848213666
6948.0,0.8260509981107751,0.010097525848213666
6949.0,0.8226927785391777,0.010097525848213666
6950.0,0.8193345589675801,0.010097525848213666
6951.0,0.8219249165727769,0.010097525848213666
6952.0,0.8258216966911749,0.010097525848213666
6953.0,0.8273370960999813,0.010097525848213666
6954.0,0.825549950341331,0.010097525848213666
6955.0,0.8238039685384733,0.010097525848213666
6956.0,0.824302794458118,0.010097525848213666
6957.0,0.8248016203777628,0.010097525848213666
6958.0,0.8249564189293384,0.010097525848213666
6959.0,0.8248977063322491,0.010097525848213666
6960.0,0.8242193785517334,0.010097525848213666
6961.0,0.8212932245780147,0.010097525848213666
6962.0,0.8183670706042959,0.010097525848213666
6963.0,0.8198345812909946,0.010097525848213666
6964.0,0.8222985932408815,0.010097525848213666
6965.0,0.8214383634274677,0.010097525848213666
6966.0,0.8158760177285801,0.010097525848213666
6967.0,0.8104284805416776,0.010097525848213666
6968.0,0.813560270340773,0.010097525848213666
6969.0,0.8166920601398684,0.010097525848213666
6970.0,0.819246248226525,0.010097525848213666
6971.0,0.8214346218953041,0.010097525848213666
6972.0,0.8223382461448748,0.010097525848213666
6973.0,0.8184459592102361,0.010097525848213666
6974.0,0.8145536722755976,0.010097525848213666
6975.0,0.8180230737311848,0.010097525848213666
6976.0,0.8232156555803327,0.010097525848213666
6977.0,0.8270787826075703,0.010097525848213666
6978.0,0.82902375194455,0.010097525848213666
6979.0,0.8308632305117367,0.010097525848213666
6980.0,0.8202547982437234,0.010097525848213666
6981.0,0.8096463659757102,0.010097525848213666
6982.0,0.8073908843250063,0.010097525848213666
6983.0,0.8105334557412249,0.010097525848213666
6984.0,0.8126273116523464,0.010097525848213666
6985.0,0.810690929488653,0.010097525848213666
6986.0,0.8087545473249597,0.010097525848213666
6987.0,0.8092768545073261,0.010097525848213666
6988.0,0.810392764780691,0.010097525848213666
6989.0,0.8124712925808568,0.010097525848213666
6990.0,0.8159666105688352,0.010097525848213666
6991.0,0.8194350464830475,0.010097525848213666
6992.0,0.8154661086547318,0.010097525848213666
6993.0,0.8114971708264161,0.010097525848213666
6994.0,0.8149058220673122,0.010097525848213666
6995.0,0.8231789792482632,0.010097525848213666
6996.0,0.8295732083973204,0.010097525848213666
6997.0,0.8285300140868258,0.010097525848213666
6998.0,0.8274868197763312,0.010097525848213666
6999.0,0.8186032701343408,0.010097525848213666
7000.0,0.80776844765123,0.010097525848213666
7001.0,0.8030875094457741,0.010097525848213666
7002.0,0.807646637723297,0.010097525848213666
7003.0,0.8122057660008198,0.010097525848213666
7004.0,0.7972995916605226,0.010097525848213666
7005.0,0.7823700215238114,0.010097525848213666
7006.0,0.7837054878338252,0.010097525848213666
7007.0,0.7959822939222339,0.010097525848213666
7008.0,0.8055710791849303,0.010097525848213666
7009.0,0.8041947063232321,0.010097525848213666
7010.0,0.8028183334615339,0.010097525848213666
7011.0,0.8015709969451696,0.010097525848213666
7012.0,0.8003567466711989,0.010097525848213666
7013.0,0.8016013841091307,0.010097525848213666
7014.0,0.8066128282546576,0.010097525848213666
7015.0,0.8116242724001843,0.010097525848213666
7016.0,0.8139358424798538,0.010097525848213666
7017.0,0.8162311089721704,0.010097525848213666
7018.0,0.8138577518952742,0.010097525848213666
7019.0,0.8082806227739303,0.010097525848213666
7020.0,0.8042978970181927,0.010097525848213666
7021.0,0.8070216304190181,0.010097525848213666
7022.0,0.8097453638198435,0.010097525848213666
7023.0,0.8051600179335584,0.010097525848213666
7024.0,0.7986448089274591,0.010097525848213666
7025.0,0.7957625673840303,0.010097525848213666
7026.0,0.7985589334437813,0.010097525848213666
7027.0,0.801355299503532,0.010097525848213666
7028.0,0.7984273134007351,0.010097525848213666
7029.0,0.7954368040340317,0.010097525848213666
7030.0,0.7923955522943774,0.010097525848213666
7031.0,0.7893187808936574,0.010097525848213666
7032.0,0.7872637881948688,0.010097525848213666
7033.0,0.7896430530679253,0.010097525848213666
7034.0,0.7920223179409818,0.010097525848213666
7035.0,0.7917492270025946,0.010097525848213666
7036.0,0.790755343187206,0.010097525848213666
7037.0,0.7913728219023697,0.010097525848213666
7038.0,0.7945604489528607,0.010097525848213666
7039.0,0.7977480760033517,0.010097525848213666
7040.0,0.7942430741067892,0.010097525848213666
7041.0,0.7906319695561903,0.010097525848213666
7042.0,0.7886004929435011,0.010097525848213666
7043.0,0.7876968576774273,0.010097525848213666
7044.0,0.7870948678601462,0.010097525848213666
7045.0,0.7878443290338348,0.010097525848213666
7046.0,0.7885937902075236,0.010097525848213666
7047.0,0.7898211487095158,0.010097525848213666
7048.0,0.7911821129161946,0.010097525848213666
7049.0,0.7921634335561218,0.010097525848213666
7050.0,0.7925267854880252,0.010097525848213666
7051.0,0.7928901374199286,0.010097525848213666
7052.0,0.7824554185282283,0.010097525848213666
7053.0,0.7717957398277003,0.010097525848213666
7054.0,0.7705920813906382,0.010097525848213666
7055.0,0.7762744460085004,0.010097525848213666
7056.0,0.7815251232913436,0.010097525848213666
7057.0,0.7847777882465733,0.010097525848213666
7058.0,0.788030453201803,0.010097525848213666
7059.0,0.7832765769096407,0.010097525848213666
7060.0,0.7762209746947375,0.010097525848213666
7061.0,0.7710515719311173,0.010097525848213666
7062.0,0.7690157912590894,0.010097525848213666
7063.0,0.7669800105870612,0.010097525848213666
7064.0,0.7693790658547557,0.010097525848213666
7065.0,0.7718928151553732,0.010097525848213666
7066.0,0.7720388521306562,0.010097525848213666
7067.0,0.7704264416676717,0.010097525848213666
7068.0,0.7694930646910653,0.010097525848213666
7069.0,0.7718086743263622,0.010097525848213666
7070.0,0.7741242839616591,0.010097525848213666
7071.0,0.774230415906383,0.010097525848213666
7072.0,0.7736836695288524,0.010097525848213666
7073.0,0.7728187969467912,0.010097525848213666
7074.0,0.7714144482120638,0.010097525848213666
7075.0,0.7700100994773365,0.010097525848213666
7076.0,0.7669160730902068,0.010097525848213666
7077.0,0.7637697670727438,0.010097525848213666
7078.0,0.7656581273396054,0.010097525848213666
7079.0,0.7713596631256061,0.010097525848213666
7080.0,0.7758669100254776,0.010097525848213666
7081.0,0.7744624269389923,0.010097525848213666
7082.0,0.7730579438525068,0.010097525848213666
7083.0,0.7726365821003734,0.010097525848213666
7084.0,0.7725136953699369,0.010097525848213666
7085.0,0.7737087687177354,0.010097525848213666
7086.0,0.7771854254140808,0.010097525848213666
7087.0,0.7806620821104261,0.010097525848213666
7088.0,0.7796290515316013,0.010097525848213666
7089.0,0.7784333581033034,0.010097525848213666
7090.0,0.7720191323221497,0.010097525848213666
7091.0,0.7615744230429464,0.010097525848213666
7092.0,0.7537297535342722,0.010097525848213666
7093.0,0.7592102878495633,0.010097525848213666
7094.0,0.7646908221648545,0.010097525848213666
7095.0,0.763582666532881,0.010097525848213666
7096.0,0.7604200847441271,0.010097525848213666
7097.0,0.7576345482591555,0.010097525848213666
7098.0,0.7555154174273779,0.010097525848213666
7099.0,0.7533962865956003,0.010097525848213666
7100.0,0.7560822646198899,0.010097525848213666
7101.0,0.7589664533844903,0.010097525848213666
7102.0,0.7601468919618551,0.010097525848213666
7103.0,0.7599855358638641,0.010097525848213666
7104.0,0.7605782369159699,0.010097525848213666
7105.0,0.765175438439413,0.010097525848213666
7106.0,0.7697726399628562,0.010097525848213666
7107.0,0.7721999302392214,0.010097525848213666
7108.0,0.773932573808918,0.010097525848213666
7109.0,0.7711980420835286,0.010097525848213666
7110.0,0.7604015374350319,0.010097525848213666
7111.0,0.7496050327865351,0.010097525848213666
7112.0,0.7496271678645025,0.010097525848213666
7113.0,0.750152179412169,0.010097525848213666
7114.0,0.7529048981921266,0.010097525848213666
7115.0,0.7574465333858913,0.010097525848213666
7116.0,0.7608186520131274,0.010097525848213666
7117.0,0.7577492926763144,0.010097525848213666
7118.0,0.7546799333395015,0.010097525848213666
7119.0,0.7524852707785789,0.010097525848213666
7120.0,0.7505779886575814,0.010097525848213666
7121.0,0.7509252518916045,0.010097525848213666
7122.0,0.7554276499096287,0.010097525848213666
7123.0,0.759930047927653,0.010097525848213666
7124.0,0.75547586722953,0.010097525848213666
7125.0,0.7505580252594876,0.010097525848213666
7126.0,0.7467714485933291,0.010097525848213666
7127.0,0.743911126269868,0.010097525848213666
7128.0,0.7410789197983564,0.010097525848213666
7129.0,0.7384074725125876,0.010097525848213666
7130.0,0.7357360252268189,0.010097525848213666
7131.0,0.7382513009720798,0.010097525848213666
7132.0,0.7425149103233084,0.010097525848213666
7133.0,0.7453942280488862,0.010097525848213666
7134.0,0.7456678203614759,0.010097525848213666
7135.0,0.7459414126740657,0.010097525848213666
7136.0,0.7413164155447857,0.010097525848213666
7137.0,0.7364116766326609,0.010097525848213666
7138.0,0.7314349655470467,0.010097525848213666
7139.0,0.7263981719641801,0.010097525848213666
7140.0,0.7229846990661433,0.010097525848213666
7141.0,0.7292164565704975,0.010097525848213666
7142.0,0.7354482140748518,0.010097525848213666
7143.0,0.7411166080364229,0.010097525848213666
7144.0,0.746590236572864,0.010097525848213666
7145.0,0.7488105125322161,0.010097525848213666
7146.0,0.7447752193258117,0.010097525848213666
7147.0,0.7407399261194073,0.010097525848213666
7148.0,0.737041089744275,0.010097525848213666
7149.0,0.7333632819210971,0.010097525848213666
7150.0,0.7344832145250204,0.010097525848213666
7151.0,0.7396865573146829,0.010097525848213666
7152.0,0.7434412560228124,0.010097525848213666
7153.0,0.7382418357097433,0.010097525848213666
7154.0,0.7330424153966743,0.010097525848213666
7155.0,0.7349150853514258,0.010097525848213666
7156.0,0.7392946100677728,0.010097525848213666
7157.0,0.739144402025828,0.010097525848213666
7158.0,0.730095928921368,0.010097525848213666
7159.0,0.7210474558169079,0.010097525848213666
7160.0,0.7276277790169671,0.010097525848213666
7161.0,0.7352700588889924,0.010097525848213666
7162.0,0.736915207733811,0.010097525848213666
7163.0,0.7333565679967252,0.010097525848213666
7164.0,0.7307874796525035,0.010097525848213666
7165.0,0.7345886283998228,0.010097525848213666
7166.0,0.7383897771471419,0.010097525848213666
7167.0,0.7332696088843902,0.010097525848213666
7168.0,0.7249079801040815,0.010097525848213666
7169.0,0.7204659168376244,0.010097525848213666
7170.0,0.7238912847108707,0.010097525848213666
7171.0,0.727316652584117,0.010097525848213666
7172.0,0.7181535461878743,0.010097525848213666
7173.0,0.7080657709342063,0.010097525848213666
7174.0,0.7074559769190925,0.010097525848213666
7175.0,0.7152305509226884,0.010097525848213666
7176.0,0.7216614329837497,0.010097525848213666
7177.0,0.7190721608010064,0.010097525848213666
7178.0,0.7164828886182633,0.010097525848213666
7179.0,0.717435145173284,0.010097525848213666
7180.0,0.71970599397663,0.010097525848213666
7181.0,0.7202204778954313,0.010097525848213666
7182.0,0.7171321620510611,0.010097525848213666
7183.0,0.7140438462066909,0.010097525848213666
7184.0,0.7206287743978677,0.010097525848213666
7185.0,0.7279780392291557,0.010097525848213666
7186.0,0.7296907892645295,0.010097525848213666
7187.0,0.7263203809794014,0.010097525848213666
7188.0,0.7236023205649849,0.010097525848213666
7189.0,0.7254569678212202,0.010097525848213666
7190.0,0.7273116150774553,0.010097525848213666
7191.0,0.7263497729060615,0.010097525848213666
7192.0,0.7243136478684065,0.010097525848213666
7193.0,0.7214647515932289,0.010097525848213666
7194.0,0.7169117550282288,0.010097525848213666
7195.0,0.7123587584632287,0.010097525848213666
7196.0,0.7064206970629121,0.010097525848213666
7197.0,0.7003654101231492,0.010097525848213666
7198.0,0.7018102907719672,0.010097525848213666
7199.0,0.7101504867844757,0.010097525848213666
7200.0,0.717703040348849,0.010097525848213666
7201.0,0.7194821747683765,0.010097525848213666
7202.0,0.721261309187904,0.010097525848213666
7203.0,0.7133241541753796,0.010097525848213666
7204.0,0.7015913201526741,0.010097525848213666
7205.0,0.6970856651783074,0.010097525848213666
7206.0,0.708070718503734,0.010097525848213666
7207.0,0.7190557718291607,0.010097525848213666
7208.0,0.7106597528354586,0.010097525848213666
7209.0,0.7005133490380682,0.010097525848213666
7210.0,0.6983698711291983,0.010097525848213666
7211.0,0.7037268098088832,0.010097525848213666
7212.0,0.7080471202070324,0.010097525848213666
7213.0,0.7044091489021475,0.010097525848213666
7214.0,0.7007711775972625,0.010097525848213666
7215.0,0.7007748648669075,0.010097525848213666
7216.0,0.7022352155663609,0.010097525848213666
7217.0,0.6986451138634593,0.010097525848213666
7218.0,0.6839865877385413,0.010097525848213666
7219.0,0.6693280616136232,0.010097525848213666
7220.0,0.6845354778818635,0.010097525848213666
7221.0,0.7026115965115672,0.010097525848213666
7222.0,0.7120489824635048,0.010097525848213666
7223.0,0.7132329313265912,0.010097525848213666
7224.0,0.7138028890404452,0.010097525848213666
7225.0,0.7094275484762661,0.010097525848213666
7226.0,0.7050522079120871,0.010097525848213666
7227.0,0.7037197386586218,0.010097525848213666
7228.0,0.7036332505509932,0.010097525848213666
7229.0,0.702815848534696,0.010097525848213666
7230.0,0.7003602892756264,0.010097525848213666
7231.0,0.697904730016557,0.010097525848213666
7232.0,0.6964227528088027,0.010097525848213666
7233.0,0.6950399367359049,0.010097525848213666
7234.0,0.6971146413189248,0.010097525848213666
7235.0,0.7025567416118497,0.010097525848213666
7236.0,0.7065718219120758,0.010097525848213666
7237.0,0.6985058806833102,0.010097525848213666
7238.0,0.6904399394545446,0.010097525848213666
7239.0,0.6867715662971146,0.010097525848213666
7240.0,0.6849461262666805,0.010097525848213666
7241.0,0.6849026681355989,0.010097525848213666
7242.0,0.6889443859002679,0.010097525848213666
7243.0,0.692986103664937,0.010097525848213666
7244.0,0.6899144452533026,0.010097525848213666
7245.0,0.6860765854184259,0.010097525848213666
7246.0,0.6834651129437213,0.010097525848213666
7247.0,0.682071226006026,0.010097525848213666
7248.0,0.6805643056656585,0.010097525848213666
7249.0,0.6780495041514661,0.010097525848213666
7250.0,0.6755347026372738,0.010097525848213666
7251.0,0.6829176865520037,0.010097525848213666
7252.0,0.6945450038410604,0.010097525848213666
7253.0,0.7012982558006858,0.010097525848213666
7254.0,0.6966199649796513,0.010097525848213666
7255.0,0.6919416741586166,0.010097525848213666
7256.0,0.6895586726212992,0.010097525848213666
7257.0,0.687436499411675,0.010097525848213666
7258.0,0.686582743452446,0.010097525848213666
7259.0,0.6870127237925291,0.010097525848213666
7260.0,0.6873285101767694,0.010097525848213666
7261.0,0.6865694459516376,0.010097525848213666
7262.0,0.6858103817265059,0.010097525848213666
7263.0,0.6871512321243387,0.010097525848213666
7264.0,0.6894132885916577,0.010097525848213666
7265.0,0.6915973087344545,0.010097525848213666
7266.0,0.6935940416983983,0.010097525848213666
7267.0,0.6955907746623421,0.010097525848213666
7268.0,0.6935886327743076,0.010097525848213666
7269.0,0.6911081308569378,0.010097525848213666
7270.0,0.6891351867277005,0.010097525848213666
7271.0,0.6876858936823173,0.010097525848213666
7272.0,0.6858469298780198,0.010097525848213666
7273.0,0.6801266402250672,0.010097525848213666
7274.0,0.6744063505721146,0.010097525848213666
7275.0,0.6703913580118959,0.010097525848213666
7276.0,0.6671415248428496,0.010097525848213666
7277.0,0.6647404147595296,0.010097525848213666
7278.0,0.664424134828698,0.010097525848213666
7279.0,0.6641078548978665,0.010097525848213666
7280.0,0.6657436807424977,0.010097525848213666
7281.0,0.6676248387994514,0.010097525848213666
7282.0,0.669418378708132,0.010097525848213666
7283.0,0.6711197684953532,0.010097525848213666
7284.0,0.672564401774435,0.010097525848213666
7285.0,0.671295261405008,0.010097525848213666
7286.0,0.6700261210355809,0.010097525848213666
7287.0,0.675204380948867,0.010097525848213666
7288.0,0.6833409926556215,0.010097525848213666
7289.0,0.684933238177308,0.010097525848213666
7290.0,0.6700679214782829,0.010097525848213666
7291.0,0.6552026047792576,0.010097525848213666
7292.0,0.6587004924605225,0.010097525848213666
7293.0,0.6646185307190807,0.010097525848213666
7294.0,0.667477785459718,0.010097525848213666
7295.0,0.6670575981699538,0.010097525848213666
7296.0,0.6665069967053404,0.010097525848213666
7297.0,0.6644892357736926,0.010097525848213666
7298.0,0.6624714748420447,0.010097525848213666
7299.0,0.6629250589678568,0.010097525848213666
7300.0,0.6645380395403762,0.010097525848213666
7301.0,0.6655793991688663,0.010097525848213666
7302.0,0.6651487735337615,0.010097525848213666
7303.0,0.6647181478986566,0.010097525848213666
7304.0,0.6673086642592736,0.010097525848213666
7305.0,0.670316032179408,0.010097525848213666
7306.0,0.6698121418743616,0.010097525848213666
7307.0,0.6654705698408008,0.010097525848213666
7308.0,0.6613589809049141,0.010097525848213666
7309.0,0.660010782627007,0.010097525848213666
7310.0,0.6586625843490996,0.010097525848213666
7311.0,0.6587699901231817,0.010097525848213666
7312.0,0.6595754653360512,0.010097525848213666
7313.0,0.6600464339489521,0.010097525848213666
7314.0,0.6596351231453436,0.010097525848213666
7315.0,0.6592238123417351,0.010097525848213666
7316.0,0.6578361911982729,0.010097525848213666
7317.0,0.6563077560634867,0.010097525848213666
7318.0,0.6539039035108484,0.010097525848213666
7319.0,0.6505246493175083,0.010097525848213666
7320.0,0.6478273216362946,0.010097525848213666
7321.0,0.6539154805196674,0.010097525848213666
7322.0,0.6600036394030403,0.010097525848213666
7323.0,0.6575334336869814,0.010097525848213666
7324.0,0.6508682514051952,0.010097525848213666
7325.0,0.6492448595374607,0.010097525848213666
7326.0,0.6612455057663147,0.010097525848213666
7327.0,0.6732461519951688,0.010097525848213666
7328.0,0.6597877509667459,0.010097525848213666
7329.0,0.6424964270777738,0.010097525848213666
7330.0,0.6335450390448318,0.010097525848213666
7331.0,0.634066962766313,0.010097525848213666
7332.0,0.6347760197036463,0.010097525848213666
7333.0,0.6380815500109221,0.010097525848213666
7334.0,0.6413870803181979,0.010097525848213666
7335.0,0.6393037699245447,0.010097525848213666
7336.0,0.6345211843689925,0.010097525848213666
7337.0,0.6319594734815562,0.010097525848213666
7338.0,0.6355478770596669,0.010097525848213666
7339.0,0.6391362806377776,0.010097525848213666
7340.0,0.6424514096162213,0.010097525848213666
7341.0,0.6457236496644392,0.010097525848213666
7342.0,0.643924244647793,0.010097525848213666
7343.0,0.636251716978315,0.010097525848213666
7344.0,0.6293475644925035,0.010097525848213666
7345.0,0.6339838162074165,0.010097525848213666
7346.0,0.6386200679223294,0.010097525848213666
7347.0,0.6348726420884973,0.010097525848213666
7348.0,0.6268344774729138,0.010097525848213666
7349.0,0.6227139366790411,0.010097525848213666
7350.0,0.6297143925403691,0.010097525848213666
7351.0,0.6367148484016972,0.010097525848213666
7352.0,0.63587217359507,0.010097525848213666
7353.0,0.6337478698943783,0.010097525848213666
7354.0,0.6346667649520406,0.010097525848213666
7355.0,0.6391785465018883,0.010097525848213666
7356.0,0.6431887493363554,0.010097525848213666
7357.0,0.6389960502630364,0.010097525848213666
7358.0,0.6348033511897175,0.010097525848213666
7359.0,0.6349795871156957,0.010097525848213666
7360.0,0.6374401290924988,0.010097525848213666
7361.0,0.6358694829971637,0.010097525848213666
7362.0,0.6225648622317552,0.010097525848213666
7363.0,0.6092602414663466,0.010097525848213666
7364.0,0.6129375468170171,0.010097525848213666
7365.0,0.6195008255666176,0.010097525848213666
7366.0,0.6224558670322641,0.010097525848213666
7367.0,0.6210676599153893,0.010097525848213666
7368.0,0.6201568289156013,0.010097525848213666
7369.0,0.6278062196516877,0.010097525848213666
7370.0,0.6354556103877741,0.010097525848213666
7371.0,0.6342362729120271,0.010097525848213666
7372.0,0.6282804139235134,0.010097525848213666
7373.0,0.6214700974684966,0.010097525848213666
7374.0,0.6121086735536861,0.010097525848213666
7375.0,0.6027472496388758,0.010097525848213666
7376.0,0.6153693771667921,0.010097525848213666
7377.0,0.6318727814324527,0.010097525848213666
7378.0,0.6368764633363961,0.010097525848213666
7379.0,0.6277668496146153,0.010097525848213666
7380.0,0.6190531614081447,0.010097525848213666
7381.0,0.6181886965427168,0.010097525848213666
7382.0,0.6173242316772888,0.010097525848213666
7383.0,0.6203879301645213,0.010097525848213666
7384.0,0.6255942632077475,0.010097525848213666
7385.0,0.630041558594879,0.010097525848213666
7386.0,0.6321636069184715,0.010097525848213666
7387.0,0.6342856552420639,0.010097525848213666
7388.0,0.6372516728259154,0.010097525848213666
7389.0,0.6403723381861494,0.010097525848213666
7390.0,0.6373327753161676,0.010097525848213666
7391.0,0.626584602525667,0.010097525848213666
7392.0,0.6159250155587865,0.010097525848213666
7393.0,0.6072266202981532,0.010097525848213666
7394.0,0.59852822503752,0.010097525848213666
7395.0,0.6016167593313602,0.010097525848213666
7396.0,0.611270723545242,0.010097525848213666
7397.0,0.617061366651678,0.010097525848213666
7398.0,0.6107046518481494,0.010097525848213666
7399.0,0.6043479370446209,0.010097525848213666
7400.0,0.602127448704292,0.010097525848213666
7401.0,0.6006928433919725,0.010097525848213666
7402.0,0.6030287248643377,0.010097525848213666
7403.0,0.6101755826439333,0.010097525848213666
7404.0,0.6171025623929834,0.010097525848213666
7405.0,0.6185257201900325,0.010097525848213666
7406.0,0.6199488779870816,0.010097525848213666
7407.0,0.6131635991842314,0.010097525848213666
7408.0,0.6017098686804997,0.010097525848213666
7409.0,0.5938428831949442,0.010097525848213666
7410.0,0.5975554400015909,0.010097525848213666
7411.0,0.6012679968082375,0.010097525848213666
7412.0,0.6000985504926075,0.010097525848213666
7413.0,0.5979681351715878,0.010097525848213666
7414.0,0.5982587854773335,0.010097525848213666
7415.0,0.6016994963085042,0.010097525848213666
7416.0,0.6049273752315021,0.010097525848213666
7417.0,0.6020363367945476,0.010097525848213666
7418.0,0.599145298357593,0.010097525848213666
7419.0,0.6012038827068206,0.010097525848213666
7420.0,0.6061364415770615,0.010097525848213666
7421.0,0.6081898147002612,0.010097525848213666
7422.0,0.6006956288695451,0.010097525848213666
7423.0,0.5932014430388289,0.010097525848213666
7424.0,0.589880682821332,0.010097525848213666
7425.0,0.5874102882273349,0.010097525848213666
7426.0,0.5875821936135276,0.010097525848213666
7427.0,0.5912599439455026,0.010097525848213666
7428.0,0.5947482699424149,0.010097525848213666
7429.0,0.591851417311693,0.010097525848213666
7430.0,0.5889545646809713,0.010097525848213666
7431.0,0.5857990532870724,0.010097525848213666
7432.0,0.5824902259914814,0.010097525848213666
7433.0,0.5818038701489173,0.010097525848213666
7434.0,0.5900533429610892,0.010097525848213666
7435.0,0.5983028157732612,0.010097525848213666
7436.0,0.6023678356603056,0.010097525848213666
7437.0,0.6055509577651702,0.010097525848213666
7438.0,0.6042045151945025,0.010097525848213666
7439.0,0.596729085393393,0.010097525848213666
7440.0,0.5894801334852737,0.010097525848213666
7441.0,0.5914375079272215,0.010097525848213666
7442.0,0.5933948823691693,0.010097525848213666
7443.0,0.5933172188059596,0.010097525848213666
7444.0,0.5920083376442558,0.010097525848213666
7445.0,0.5917263397942344,0.010097525848213666
7446.0,0.595041208895386,0.010097525848213666
7447.0,0.5983560779965377,0.010097525848213666
7448.0,0.5918904487348753,0.010097525848213666
7449.0,0.5832942723152367,0.010097525848213666
7450.0,0.5763909101823166,0.010097525848213666
7451.0,0.5718236317650692,0.010097525848213666
7452.0,0.5675713608576411,0.010097525848213666
7453.0,0.5794041609200867,0.010097525848213666
7454.0,0.5912369609825324,0.010097525848213666
7455.0,0.5947184140481342,0.010097525848213666
7456.0,0.5930431130457986,0.010097525848213666
7457.0,0.5887923362989983,0.010097525848213666
7458.0,0.5752641552130362,0.010097525848213666
7459.0,0.5617359741270743,0.010097525848213666
7460.0,0.5610361231927177,0.010097525848213666
7461.0,0.5632226465424758,0.010097525848213666
7462.0,0.5690888580439369,0.010097525848213666
7463.0,0.580134283793599,0.010097525848213666
7464.0,0.5908985154301106,0.010097525848213666
7465.0,0.5824243831595263,0.010097525848213666
7466.0,0.5739502508889418,0.010097525848213666
7467.0,0.5722002339917419,0.010097525848213666
7468.0,0.5746873308914652,0.010097525848213666
7469.0,0.5767231593380976,0.010097525848213666
7470.0,0.5770864900150802,0.010097525848213666
7471.0,0.5774498206920629,0.010097525848213666
7472.0,0.5735907374476782,0.010097525848213666
7473.0,0.5687510048162318,0.010097525848213666
7474.0,0.5689824611051187,0.010097525848213666
7475.0,0.5764944839433548,0.010097525848213666
7476.0,0.5838572461628261,0.010097525848213666
7477.0,0.5758275070724324,0.010097525848213666
7478.0,0.5677977679820387,0.010097525848213666
7479.0,0.5679089823520245,0.010097525848213666
7480.0,0.5732548137399335,0.010097525848213666
7481.0,0.5777470967350743,0.010097525848213666
7482.0,0.5789830679427779,0.010097525848213666
7483.0,0.5802190391504816,0.010097525848213666
7484.0,0.5751472976822091,0.010097525848213666
7485.0,0.5685643333853229,0.010097525848213666
7486.0,0.5624432619640426,0.010097525848213666
7487.0,0.55699863129254,0.010097525848213666
7488.0,0.5516331140805346,0.010097525848213666
7489.0,0.5626638613506189,0.010097525848213666
7490.0,0.5736946086207031,0.010097525848213666
7491.0,0.5747897222606269,0.010097525848213666
7492.0,0.5693664281511428,0.010097525848213666
7493.0,0.5645232453661247,0.010097525848213666
7494.0,0.5619593165423145,0.010097525848213666
7495.0,0.5593953877185042,0.010097525848213666
7496.0,0.5616902677518911,0.010097525848213666
7497.0,0.5651853026676694,0.010097525848213666
7498.0,0.5649793013837248,0.010097525848213666
7499.0,0.5592439076936184,0.010097525848213666
7500.0,0.553508514003512,0.010097525848213666
7501.0,0.5543563683674491,0.010097525848213666
7502.0,0.5552042227313861,0.010097525848213666
7503.0,0.5591309769444496,0.010097525848213666
7504.0,0.5651185579102312,0.010097525848213666
7505.0,0.5689939463975332,0.010097525848213666
7506.0,0.5643181556386747,0.010097525848213666
7507.0,0.5596423648798161,0.010097525848213666
7508.0,0.5623600308866042,0.010097525848213666
7509.0,0.5669594652569331,0.010097525848213666
7510.0,0.5685979403959671,0.010097525848213666
7511.0,0.5657231958582081,0.010097525848213666
7512.0,0.5628484513204491,0.010097525848213666
7513.0,0.5569633389644708,0.010097525848213666
7514.0,0.5510637013114215,0.010097525848213666
7515.0,0.5498120761581972,0.010097525848213666
7516.0,0.5517342453987821,0.010097525848213666
7517.0,0.5520628656047472,0.010097525848213666
7518.0,0.5457401507097053,0.010097525848213666
7519.0,0.5394174358146632,0.010097525848213666
7520.0,0.5414164549281822,0.010097525848213666
7521.0,0.5455967770469773,0.010097525848213666
7522.0,0.548054287770878,0.010097525848213666
7523.0,0.5478324568468939,0.010097525848213666
7524.0,0.5476106259229099,0.010097525848213666
7525.0,0.5478002943360215,0.010097525848213666
7526.0,0.547993953045735,0.010097525848213666
7527.0,0.5438154586643376,0.010097525848213666
7528.0,0.5365915949200921,0.010097525848213666
7529.0,0.531633704163174,0.010097525848213666
7530.0,0.5364324869058422,0.010097525848213666
7531.0,0.5412312696485103,0.010097525848213666
7532.0,0.5459276087036208,0.010097525848213666
7533.0,0.5505963067027897,0.010097525848213666
7534.0,0.5534420215371493,0.010097525848213666
7535.0,0.5533947413491029,0.010097525848213666
7536.0,0.5533474611610564,0.010097525848213666
7537.0,0.548152323846816,0.010097525848213666
7538.0,0.54288194379748,0.010097525848213666
7539.0,0.5395469594533345,0.010097525848213666
7540.0,0.5375870201071286,0.010097525848213666
7541.0,0.5360082881194009,0.010097525848213666
7542.0,0.5361238110582411,0.010097525848213666
7543.0,0.5362393339970815,0.010097525848213666
7544.0,0.5401965141956323,0.010097525848213666
7545.0,0.5452201667316142,0.010097525848213666
7546.0,0.5447411895581569,0.010097525848213666
7547.0,0.5353507208741354,0.010097525848213666
7548.0,0.5259602521901138,0.010097525848213666
7549.0,0.5293299227788896,0.010097525848213666
7550.0,0.5329494859360474,0.010097525848213666
7551.0,0.5345980205687295,0.010097525848213666
7552.0,0.5348182736619371,0.010097525848213666
7553.0,0.5331033824379025,0.010097525848213666
7554.0,0.5225050099186427,0.010097525848213666
7555.0,0.5119066373993829,0.010097525848213666
7556.0,0.5136866817233938,0.010097525848213666
7557.0,0.5190006876461762,0.010097525848213666
7558.0,0.5218047926705079,0.010097525848213666
7559.0,0.5204603672289227,0.010097525848213666
7560.0,0.5191159417873376,0.010097525848213666
7561.0,0.5255747797312615,0.010097525848213666
7562.0,0.5322255798740905,0.010097525848213666
7563.0,0.5315161692177911,0.010097525848213666
7564.0,0.5253672708310407,0.010097525848213666
7565.0,0.5214467990607754,0.010097525848213666
7566.0,0.5280998273741778,0.010097525848213666
7567.0,0.5347528556875802,0.010097525848213666
7568.0,0.5235198696562763,0.010097525848213666
7569.0,0.5070377272412138,0.010097525848213666
7570.0,0.4960125535525322,0.010097525848213666
7571.0,0.49419381419900327,0.010097525848213666
7572.0,0.4923750748454743,0.010097525848213666
7573.0,0.49406958076049146,0.010097525848213666
7574.0,0.49586831150424004,0.010097525848213666
7575.0,0.5003969182435567,0.010097525848213666
7576.0,0.5069829894174205,0.010097525848213666
7577.0,0.5102309012151763,0.010097525848213666
7578.0,0.4970957896919382,0.010097525848213666
7579.0,0.4839606781687001,0.010097525848213666
7580.0,0.4852684507241654,0.010097525848213666
7581.0,0.4909316555096163,0.010097525848213666
7582.0,0.49198200854802626,0.010097525848213666
7583.0,0.4850880057998784,0.010097525848213666
7584.0,0.47819400305173043,0.010097525848213666
7585.0,0.4746680699675719,0.010097525848213666
7586.0,0.4712592871325927,0.010097525848213666
7587.0,0.46828174082929225,0.010097525848213666
7588.0,0.4656356332191287,0.010097525848213666
7589.0,0.46462281618746026,0.010097525848213666
7590.0,0.4719075921677163,0.010097525848213666
7591.0,0.4791923681479724,0.010097525848213666
7592.0,0.4747273157541433,0.010097525848213666
7593.0,0.46662277249602035,0.010097525848213666
7594.0,0.46387234478147793,0.010097525848213666
7595.0,0.47053594141671035,0.010097525848213666
7596.0,0.4771995380519428,0.010097525848213666
7597.0,0.4802613743493059,0.010097525848213666
7598.0,0.4831793200963432,0.010097525848213666
7599.0,0.4817237537497612,0.010097525848213666
7600.0,0.47684055265744035,0.010097525848213666
7601.0,0.47379111497832016,0.010097525848213666
7602.0,0.4803930636844488,0.010097525848213666
7603.0,0.4869950123905774,0.010097525848213666
7604.0,0.4842541140064745,0.010097525848213666
7605.0,0.4785418354560274,0.010097525848213666
7606.0,0.47447593193851645,0.010097525848213666
7607.0,0.4733657688324822,0.010097525848213666
7608.0,0.472255605726448,0.010097525848213666
7609.0,0.47578360268739833,0.010097525848213666
7610.0,0.4795211024870047,0.010097525848213666
7611.0,0.4819314268570685,0.010097525848213666
7612.0,0.4832811574713431,0.010097525848213666
7613.0,0.4847102043411535,0.010097525848213666
7614.0,0.4865721089155917,0.010097525848213666
7615.0,0.4884340134900299,0.010097525848213666
7616.0,0.4911613451653353,0.010097525848213666
7617.0,0.4941711809101911,0.010097525848213666
7618.0,0.49785831283403503,0.010097525848213666
7619.0,0.5027871544193542,0.010097525848213666
7620.0,0.5077159960046733,0.010097525848213666
7621.0,0.501202192588039,0.010097525848213666
7622.0,0.4941112065735774,0.010097525848213666
7623.0,0.4903127523171323,0.010097525848213666
7624.0,0.4891971017153613,0.010097525848213666
7625.0,0.48831723583749953,0.010097525848213666
7626.0,0.4887728546358591,0.010097525848213666
7627.0,0.4892284734342188,0.010097525848213666
7628.0,0.4926757199707133,0.010097525848213666
7629.0,0.49712497002847134,0.010097525848213666
7630.0,0.4979979364308384,0.010097525848213666
7631.0,0.49217461998880263,0.010097525848213666
7632.0,0.4863513035467669,0.010097525848213666
7633.0,0.4840849605294246,0.010097525848213666
7634.0,0.4820169785142179,0.010097525848213666
7635.0,0.484037345667313,0.010097525848213666
7636.0,0.4894541875140738,0.010097525848213666
7637.0,0.4943425864868067,0.010097525848213666
7638.0,0.4961214703660974,0.010097525848213666
7639.0,0.49790035424538803,0.010097525848213666
7640.0,0.49434554519349116,0.010097525848213666
7641.0,0.4889583545378154,0.010097525848213666
7642.0,0.4856288271183564,0.010097525848213666
7643.0,0.48623476050382236,0.010097525848213666
7644.0,0.4868406938892883,0.010097525848213666
7645.0,0.48817418491327147,0.010097525848213666
7646.0,0.4895521635380812,0.010097525848213666
7647.0,0.487219042670457,0.010097525848213666
7648.0,0.4817425958469404,0.010097525848213666
7649.0,0.4767169161706612,0.010097525848213666
7650.0,0.47444977732704996,0.010097525848213666
7651.0,0.47218263848343883,0.010097525848213666
7652.0,0.47258532386161056,0.010097525848213666
7653.0,0.47392851549972687,0.010097525848213666
7654.0,0.47409658765168916,0.010097525848213666
7655.0,0.4719685930062359,0.010097525848213666
7656.0,0.4698405983607827,0.010097525848213666
7657.0,0.47273035415852527,0.010097525848213666
7658.0,0.47595419833404584,0.010097525848213666
7659.0,0.477342594020501,0.010097525848213666
7660.0,0.47714601629134157,0.010097525848213666
7661.0,0.47768324424596165,0.010097525848213666
7662.0,0.4828960482388105,0.010097525848213666
7663.0,0.4881088522316594,0.010097525848213666
7664.0,0.4809870179646794,0.010097525848213666
7665.0,0.4694110087705352,0.010097525848213666
7666.0,0.46379205764108283,0.010097525848213666
7667.0,0.47006579437458,0.010097525848213666
7668.0,0.47633953110807714,0.010097525848213666
7669.0,0.4744057487524315,0.010097525848213666
7670.0,0.47188043348946695,0.010097525848213666
7671.0,0.4714030291172262,0.010097525848213666
7672.0,0.4727285259806095,0.010097525848213666
7673.0,0.4737858840342936,0.010097525848213666
7674.0,0.4730622099942068,0.010097525848213666
7675.0,0.4723385359541199,0.010097525848213666
7676.0,0.4755278920751255,0.010097525848213666
7677.0,0.48016532679192864,0.010097525848213666
7678.0,0.4821352646193856,0.010097525848213666
7679.0,0.4786631193769881,0.010097525848213666
7680.0,0.47519097413459055,0.010097525848213666
7681.0,0.4754947825785509,0.010097525848213666
7682.0,0.47609167927759644,0.010097525848213666
7683.0,0.47720127180220556,0.010097525848213666
7684.0,0.47877100591057686,0.010097525848213666
7685.0,0.48013274034055947,0.010097525848213666
7686.0,0.4800523436670492,0.010097525848213666
7687.0,0.47997194699353896,0.010097525848213666
7688.0,0.47399861910747404,0.010097525848213666
7689.0,0.46579105074513255,0.010097525848213666
7690.0,0.4602470230793479,0.010097525848213666
7691.0,0.46025697101415874,0.010097525848213666
7692.0,0.4602669189489696,0.010097525848213666
7693.0,0.46484774868969886,0.010097525848213666
7694.0,0.46980898992012454,0.010097525848213666
7695.0,0.4685595587413675,0.010097525848213666
7696.0,0.46162771924340606,0.010097525848213666
7697.0,0.4565463927028214,0.010097525848213666
7698.0,0.4648767046255353,0.010097525848213666
7699.0,0.47320701654824926,0.010097525848213666
7700.0,0.47672049193936994,0.010097525848213666
7701.0,0.4783634291440557,0.010097525848213666
7702.0,0.47612964911339184,0.010097525848213666
7703.0,0.46563234023897504,0.010097525848213666
7704.0,0.4551350313645582,0.010097525848213666
7705.0,0.45263811599344905,0.010097525848213666
7706.0,0.4508523467115226,0.010097525848213666
7707.0,0.4568981552069531,0.010097525848213666
7708.0,0.47024859077080994,0.010097525848213666
7709.0,0.4810572601112884,0.010097525848213666
7710.0,0.47257995068468817,0.010097525848213666
7711.0,0.464102641258088,0.010097525848213666
7712.0,0.4583300097659697,0.010097525848213666
7713.0,0.4536328961773261,0.010097525848213666
7714.0,0.45117633186046785,0.010097525848213666
7715.0,0.45360279668173814,0.010097525848213666
7716.0,0.45602926150300843,0.010097525848213666
7717.0,0.46305628019492523,0.010097525848213666
7718.0,0.47051856810981824,0.010097525848213666
7719.0,0.4715555779480661,0.010097525848213666
7720.0,0.46648330699212487,0.010097525848213666
7721.0,0.4614297024662701,0.010097525848213666
7722.0,0.456524626523898,0.010097525848213666
7723.0,0.451619550581526,0.010097525848213666
7724.0,0.44881519072537024,0.010097525848213666
7725.0,0.4468660210326915,0.010097525848213666
7726.0,0.4469202580417228,0.010097525848213666
7727.0,0.4514394518471938,0.010097525848213666
7728.0,0.45595864565266475,0.010097525848213666
7729.0,0.45130417001530937,0.010097525848213666
7730.0,0.44572869189756303,0.010097525848213666
7731.0,0.44236497052720514,0.010097525848213666
7732.0,0.4411450322926112,0.010097525848213666
7733.0,0.44030191409345204,0.010097525848213666
7734.0,0.44260884203321366,0.010097525848213666
7735.0,0.44491576997297533,0.010097525848213666
7736.0,0.4421853868842297,0.010097525848213666
7737.0,0.4373561242002755,0.010097525848213666
7738.0,0.4341321492702925,0.010097525848213666
7739.0,0.4345674720156885,0.010097525848213666
7740.0,0.4350027947610845,0.010097525848213666
7741.0,0.43708199092421257,0.010097525848213666
7742.0,0.43933583499360657,0.010097525848213666
7743.0,0.44003377198847005,0.010097525848213666
7744.0,0.43919436881900437,0.010097525848213666
7745.0,0.4389962799831566,0.010097525848213666
7746.0,0.4444417572831333,0.010097525848213666
7747.0,0.44988723458311,0.010097525848213666
7748.0,0.4520287864965579,0.010097525848213666
7749.0,0.45276164419554843,0.010097525848213666
7750.0,0.45146220710180923,0.010097525848213666
7751.0,0.4454234585514282,0.010097525848213666
7752.0,0.43938471000104706,0.010097525848213666
7753.0,0.43532165337645395,0.010097525848213666
7754.0,0.43148016967811603,0.010097525848213666
7755.0,0.4332197500346856,0.010097525848213666
7756.0,0.44058073948752036,0.010097525848213666
7757.0,0.4464029109461181,0.010097525848213666
7758.0,0.43793877213732557,0.010097525848213666
7759.0,0.4294746333285331,0.010097525848213666
7760.0,0.42851585490166305,0.010097525848213666
7761.0,0.430830966434492,0.010097525848213666
7762.0,0.4343578084379516,0.010097525848213666
7763.0,0.44077605607660747,0.010097525848213666
7764.0,0.4471943037152633,0.010097525848213666
7765.0,0.4438769932045414,0.010097525848213666
7766.0,0.4394097107244979,0.010097525848213666
7767.0,0.4368543728415299,0.010097525848213666
7768.0,0.43626215082222164,0.010097525848213666
7769.0,0.43536506695567156,0.010097525848213666
7770.0,0.4314747940434763,0.010097525848213666
7771.0,0.42758452113128104,0.010097525848213666
7772.0,0.42471149110357337,0.010097525848213666
7773.0,0.42229233507120034,0.010097525848213666
7774.0,0.42183520841963984,0.010097525848213666
7775.0,0.42616964938816243,0.010097525848213666
7776.0,0.4305040903566851,0.010097525848213666
7777.0,0.42122850958915653,0.010097525848213666
7778.0,0.4102631555426659,0.010097525848213666
7779.0,0.40687762255686305,0.010097525848213666
7780.0,0.41142575977217377,0.010097525848213666
7781.0,0.4159710733093205,0.010097525848213666
7782.0,0.4204869896491434,0.010097525848213666
7783.0,0.4250029059889663,0.010097525848213666
7784.0,0.41917445292299504,0.010097525848213666
7785.0,0.4086259292015816,0.010097525848213666
7786.0,0.4059049627712475,0.010097525848213666
7787.0,0.42275288956857393,0.010097525848213666
7788.0,0.4396008163659004,0.010097525848213666
7789.0,0.4387500642845525,0.010097525848213666
7790.0,0.43559392119593987,0.010097525848213666
7791.0,0.4323293142638344,0.010097525848213666
7792.0,0.4289489766798633,0.010097525848213666
7793.0,0.4257624242305536,0.010097525848213666
7794.0,0.4247215506635849,0.010097525848213666
7795.0,0.4236806770966162,0.010097525848213666
7796.0,0.42202470845981277,0.010097525848213666
7797.0,0.4200817676513439,0.010097525848213666
7798.0,0.4173293739183376,0.010097525848213666
7799.0,0.41250491906653497,0.010097525848213666
7800.0,0.4076804642147325,0.010097525848213666
7801.0,0.40959065467654737,0.010097525848213666
7802.0,0.4124196234894671,0.010097525848213666
7803.0,0.41394975869812545,0.010097525848213666
7804.0,0.4140671275302229,0.010097525848213666
7805.0,0.413996780184939,0.010097525848213666
7806.0,0.4117084940053733,0.010097525848213666
7807.0,0.4094202078258076,0.010097525848213666
7808.0,0.4102465558674749,0.010097525848213666
7809.0,0.4125584298054347,0.010097525848213666
7810.0,0.41276790022266346,0.010097525848213666
7811.0,0.40746541706163425,0.010097525848213666
7812.0,0.402162933900605,0.010097525848213666
7813.0,0.40280468273118697,0.010097525848213666
7814.0,0.4042944427100869,0.010097525848213666
7815.0,0.40442756322407214,0.010097525848213666
7816.0,0.4030563594706342,0.010097525848213666
7817.0,0.4016657075657035,0.010097525848213666
7818.0,0.40002892495663883,0.010097525848213666
7819.0,0.39839214234757414,0.010097525848213666
7820.0,0.39897002922090036,0.010097525848213666
7821.0,0.4006275674668912,0.010097525848213666
7822.0,0.4008117522403202,0.010097525848213666
7823.0,0.39703874427993324,0.010097525848213666
7824.0,0.39326573631954626,0.010097525848213666
7825.0,0.39567955978259317,0.010097525848213666
7826.0,0.39901500778871596,0.010097525848213666
7827.0,0.4004307198186453,0.010097525848213666
7828.0,0.3996762955276652,0.010097525848213666
7829.0,0.3989245149501127,0.010097525848213666
7830.0,0.3982087259799258,0.010097525848213666
7831.0,0.3974929370097388,0.010097525848213666
7832.0,0.3982192051104162,0.010097525848213666
7833.0,0.3996639081186986,0.010097525848213666
7834.0,0.400553935539031,0.010097525848213666
7835.0,0.3999173558231593,0.010097525848213666
7836.0,0.3992807761072875,0.010097525848213666
7837.0,0.40133404806596484,0.010097525848213666
7838.0,0.4038051610614635,0.010097525848213666
7839.0,0.40365355056224284,0.010097525848213666
7840.0,0.4004793698339663,0.010097525848213666
7841.0,0.3981283761432089,0.010097525848213666
7842.0,0.40789221055169134,0.010097525848213666
7843.0,0.4176560449601737,0.010097525848213666
7844.0,0.415810666229704,0.010097525848213666
7845.0,0.4080555250136448,0.010097525848213666
7846.0,0.40088563334935895,0.010097525848213666
7847.0,0.3953667897325032,0.010097525848213666
7848.0,0.3898479461156475,0.010097525848213666
7849.0,0.3944578470497612,0.010097525848213666
7850.0,0.4007064291106709,0.010097525848213666
7851.0,0.40165007966488186,0.010097525848213666
7852.0,0.3963607819736349,0.010097525848213666
7853.0,0.3909824211227639,0.010097525848213666
7854.0,0.38417904971790495,0.010097525848213666
7855.0,0.37737567831304614,0.010097525848213666
7856.0,0.377186454259579,0.010097525848213666
7857.0,0.38043706961330764,0.010097525848213666
7858.0,0.3835083751146349,0.010097525848213666
7859.0,0.3860610226784083,0.010097525848213666
7860.0,0.3886136702421817,0.010097525848213666
7861.0,0.3911032983535251,0.010097525848213666
7862.0,0.39358232010541333,0.010097525848213666
7863.0,0.3933950432289157,0.010097525848213666
7864.0,0.3900138360693371,0.010097525848213666
7865.0,0.3865395339578059,0.010097525848213666
7866.0,0.3814350357987594,0.010097525848213666
7867.0,0.37633053763971286,0.010097525848213666
7868.0,0.3809069510829223,0.010097525848213666
7869.0,0.3906263488148334,0.010097525848213666
7870.0,0.398462405705989,0.010097525848213666
7871.0,0.4007112181029118,0.010097525848213666
7872.0,0.40296003049983464,0.010097525848213666
7873.0,0.38937651387242617,0.010097525848213666
7874.0,0.37302401445375427,0.010097525848213666
7875.0,0.36664467788324895,0.010097525848213666
7876.0,0.3724458975379582,0.010097525848213666
7877.0,0.3781213347972395,0.010097525848213666
7878.0,0.3813670243204823,0.010097525848213666
7879.0,0.38461271384372525,0.010097525848213666
7880.0,0.3788177906905617,0.010097525848213666
7881.0,0.3681174980666863,0.010097525848213666
7882.0,0.36213650135703274,0.010097525848213666
7883.0,0.3705195752211972,0.010097525848213666
7884.0,0.3789026490853617,0.010097525848213666
7885.0,0.3808482605578323,0.010097525848213666
7886.0,0.3816250845322382,0.010097525848213666
7887.0,0.37772753400530606,0.010097525848213666
7888.0,0.3680090642880434,0.010097525848213666
7889.0,0.35913688082232953,0.010097525848213666
7890.0,0.36847128806554014,0.010097525848213666
7891.0,0.3778056953087507,0.010097525848213666
7892.0,0.3791234260829186,0.010097525848213666
7893.0,0.37599908053003533,0.010097525848213666
7894.0,0.37364938026254857,0.010097525848213666
7895.0,0.37371948779251163,0.010097525848213666
7896.0,0.37378959532247463,0.010097525848213666
7897.0,0.3753490863159122,0.010097525848213666
7898.0,0.37718903182743496,0.010097525848213666
7899.0,0.37551370077445007,0.010097525848213666
7900.0,0.3693748305414653,0.010097525848213666
7901.0,0.3637312064742589,0.010097525848213666
7902.0,0.3700935500621142,0.010097525848213666
7903.0,0.37645589364996956,0.010097525848213666
7904.0,0.378268477942395,0.010097525848213666
7905.0,0.37750685631767006,0.010097525848213666
7906.0,0.3752354889802551,0.010097525848213666
7907.0,0.3681222603925604,0.010097525848213666
7908.0,0.3610090318048656,0.010097525848213666
7909.0,0.36099670400606465,0.010097525848213666
7910.0,0.3623699178246084,0.010097525848213666
7911.0,0.3627454907254341,0.010097525848213666
7912.0,0.36182935224519486,0.010097525848213666
7913.0,0.3610350559643867,0.010097525848213666
7914.0,0.36361872962642794,0.010097525848213666
7915.0,0.3662024032884692,0.010097525848213666
7916.0,0.36610202288835014,0.010097525848213666
7917.0,0.3644511945924787,0.010097525848213666
7918.0,0.36365606503617637,0.010097525848213666
7919.0,0.36567944833855803,0.010097525848213666
7920.0,0.3677028316409397,0.010097525848213666
7921.0,0.3618489856089901,0.010097525848213666
7922.0,0.35440378011556417,0.010097525848213666
7923.0,0.3528439174181996,0.010097525848213666
7924.0,0.3590546744571407,0.010097525848213666
7925.0,0.3648875695945714,0.010097525848213666
7926.0,0.35850796807534646,0.010097525848213666
7927.0,0.35212836655612156,0.010097525848213666
7928.0,0.3541836610360262,0.010097525848213666
7929.0,0.36121296861465624,0.010097525848213666
7930.0,0.3670555816027644,0.010097525848213666
7931.0,0.3688821702661142,0.010097525848213666
7932.0,0.370708758929464,0.010097525848213666
7933.0,0.36617273885159196,0.010097525848213666
7934.0,0.3603069427813589,0.010097525848213666
7935.0,0.3583942723771132,0.010097525848213666
7936.0,0.3618044021653731,0.010097525848213666
7937.0,0.3650428232921621,0.010097525848213666
7938.0,0.361641842842034,0.010097525848213666
7939.0,0.35824086239190595,0.010097525848213666
7940.0,0.3556116026227247,0.010097525848213666
7941.0,0.35344685934034353,0.010097525848213666
7942.0,0.3517205204031153,0.010097525848213666
7943.0,0.3515191686234824,0.010097525848213666
7944.0,0.3513178168438495,0.010097525848213666
7945.0,0.3491288639888644,0.010097525848213666
7946.0,0.34651047323730755,0.010097525848213666
7947.0,0.3445478882782864,0.010097525848213666
7948.0,0.3434858685386422,0.010097525848213666
7949.0,0.3423371520137328,0.010097525848213666
7950.0,0.3370269897961399,0.010097525848213666
7951.0,0.3317168275785468,0.010097525848213666
7952.0,0.3362432229039956,0.010097525848213666
7953.0,0.3468126196657534,0.010097525848213666
7954.0,0.3538548276211794,0.010097525848213666
7955.0,0.3482805525385865,0.010097525848213666
7956.0,0.34270627745599347,0.010097525848213666
7957.0,0.34337859886810224,0.010097525848213666
7958.0,0.34544516795596825,0.010097525848213666
7959.0,0.35219607361092503,0.010097525848213666
7960.0,0.365507750365607,0.010097525848213666
7961.0,0.37832293471508066,0.010097525848213666
7962.0,0.3598209058141693,0.010097525848213666
7963.0,0.3413188769132581,0.010097525848213666
7964.0,0.3330688645203355,0.010097525848213666
7965.0,0.3312463859146448,0.010097525848213666
7966.0,0.3307619463005007,0.010097525848213666
7967.0,0.3352011894923121,0.010097525848213666
7968.0,0.33964043268412347,0.010097525848213666
7969.0,0.3402269644768215,0.010097525848213666
7970.0,0.33992572229867557,0.010097525848213666
7971.0,0.34018524764571806,0.010097525848213666
7972.0,0.34124586945731356,0.010097525848213666
7973.0,0.34226489263893656,0.010097525848213666
7974.0,0.33947533014309345,0.010097525848213666
7975.0,0.33668576764725033,0.010097525848213666
7976.0,0.33605614907478476,0.010097525848213666
7977.0,0.3368083843903037,0.010097525848213666
7978.0,0.33918608593364136,0.010097525848213666
7979.0,0.34772000727084246,0.010097525848213666
7980.0,0.35625392860804356,0.010097525848213666
7981.0,0.34818625317400725,0.010097525848213666
7982.0,0.3361716899489011,0.010097525848213666
7983.0,0.3308423529408613,0.010097525848213666
7984.0,0.3352549090042983,0.010097525848213666
7985.0,0.33962692311837556,0.010097525848213666
7986.0,0.33728519041896526,0.010097525848213666
7987.0,0.334943457719555,0.010097525848213666
7988.0,0.3352422091223414,0.010097525848213666
7989.0,0.3372646098696173,0.010097525848213666
7990.0,0.3378299218142597,0.010097525848213666
7991.0,0.33271258742864485,0.010097525848213666
7992.0,0.32759525304303005,0.010097525848213666
7993.0,0.32890780934571273,0.010097525848213666
7994.0,0.3317966019307291,0.010097525848213666
7995.0,0.33216285288855585,0.010097525848213666
7996.0,0.32877917629313363,0.010097525848213666
7997.0,0.3253899519559569,0.010097525848213666
7998.0,0.317385006478596,0.010097525848213666
7999.0,0.3093800610012353,0.010097525848213666
8000.0,0.31196582745389095,0.010097525848213666
8001.0,0.32160500805192743,0.010097525848213666
8002.0,0.32811461464988706,0.010097525848213666
8003.0,0.3220493666812632,0.010097525848213666
8004.0,0.31598411871263926,0.010097525848213666
8005.0,0.32346614500198456,0.010097525848213666
8006.0,0.33437064057754695,0.010097525848213666
8007.0,0.336993359454705,0.010097525848213666
8008.0,0.3270558006804982,0.010097525848213666
8009.0,0.31711824190629145,0.010097525848213666
8010.0,0.3208454743061637,0.010097525848213666
8011.0,0.3246220975175047,0.010097525848213666
8012.0,0.32227676859340054,0.010097525848213666
8013.0,0.31577196815792785,0.010097525848213666
8014.0,0.310976029624638,0.010097525848213666
8015.0,0.31325815489605735,0.010097525848213666
8016.0,0.31554028016747676,0.010097525848213666
8017.0,0.3156667540361656,0.010097525848213666
8018.0,0.31523230197252766,0.010097525848213666
8019.0,0.3163720821726491,0.010097525848213666
8020.0,0.31994783034054297,0.010097525848213666
8021.0,0.32352357850843677,0.010097525848213666
8022.0,0.3162367483097588,0.010097525848213666
8023.0,0.3088578623622188,0.010097525848213666
8024.0,0.306744252274358,0.010097525848213666
8025.0,0.3082799492355809,0.010097525848213666
8026.0,0.30973766639988615,0.010097525848213666
8027.0,0.31086224202672824,0.010097525848213666
8028.0,0.31198681765357034,0.010097525848213666
8029.0,0.311062866773368,0.010097525848213666
8030.0,0.30959014775733684,0.010097525848213666
8031.0,0.30945519081305045,0.010097525848213666
8032.0,0.3114324897715138,0.010097525848213666
8033.0,0.3134097887299771,0.010097525848213666
8034.0,0.311018524807377,0.010097525848213666
8035.0,0.3085688007975614,0.010097525848213666
8036.0,0.3086960940701934,0.010097525848213666
8037.0,0.3106452540691419,0.010097525848213666
8038.0,0.3117957421432367,0.010097525848213666
8039.0,0.3094248130941152,0.010097525848213666
8040.0,0.30705388404499373,0.010097525848213666
8041.0,0.30798465485607274,0.010097525848213666
8042.0,0.30982554201452417,0.010097525848213666
8043.0,0.3094114405930747,0.010097525848213666
8044.0,0.30536390929680146,0.010097525848213666
8045.0,0.30131637800052824,0.010097525848213666
8046.0,0.3022862366698419,0.010097525848213666
8047.0,0.30334810126761724,0.010097525848213666
8048.0,0.30498334945715583,0.010097525848213666
8049.0,0.30703204986472193,0.010097525848213666
8050.0,0.3090584478834103,0.010097525848213666
8051.0,0.31098329569140837,0.010097525848213666
8052.0,0.31290814349940654,0.010097525848213666
8053.0,0.3147405153787454,0.010097525848213666
8054.0,0.3165466691211456,0.010097525848213666
8055.0,0.31535608368972223,0.010097525848213666
8056.0,0.30923752717246517,0.010097525848213666
8057.0,0.3031189706552081,0.010097525848213666
8058.0,0.30735159136122664,0.010097525848213666
8059.0,0.31182582431201494,0.010097525848213666
8060.0,0.30915769712793784,0.010097525848213666
8061.0,0.30123695926135374,0.010097525848213666
8062.0,0.2938239343434928,0.010097525848213666
8063.0,0.2887999422733918,0.010097525848213666
8064.0,0.2837759502032907,0.010097525848213666
8065.0,0.28471296421373876,0.010097525848213666
8066.0,0.2873874497639401,0.010097525848213666
8067.0,0.2934188530313682,0.010097525848213666
8068.0,0.3050846969688704,0.010097525848213666
8069.0,0.3167505409063727,0.010097525848213666
8070.0,0.30704600406823984,0.010097525848213666
8071.0,0.29673465394883125,0.010097525848213666
8072.0,0.2968524047431312,0.010097525848213666
8073.0,0.3047919812227167,0.010097525848213666
8074.0,0.31075704486994477,0.010097525848213666
8075.0,0.3071137397343839,0.010097525848213666
8076.0,0.303470434598823,0.010097525848213666
8077.0,0.30017451296015,0.010097525848213666
8078.0,0.2969826437885631,0.010097525848213666
8079.0,0.2960407810445615,0.010097525848213666
8080.0,0.2989539781732261,0.010097525848213666
8081.0,0.3018671753018907,0.010097525848213666
8082.0,0.3004896311399035,0.010097525848213666
8083.0,0.2989683524681831,0.010097525848213666
8084.0,0.2993049431503481,0.010097525848213666
8085.0,0.3010624889951233,0.010097525848213666
8086.0,0.30265488919120775,0.010097525848213666
8087.0,0.30341557760584753,0.010097525848213666
8088.0,0.3041762660204872,0.010097525848213666
8089.0,0.3012011870961211,0.010097525848213666
8090.0,0.2970766412982159,0.010097525848213666
8091.0,0.2919252808156044,0.010097525848213666
8092.0,0.2849778418415974,0.010097525848213666
8093.0,0.27803040286759034,0.010097525848213666
8094.0,0.29070426185682213,0.010097525848213666
8095.0,0.30413655006906803,0.010097525848213666
8096.0,0.3025617258241546,0.010097525848213666
8097.0,0.2892826365218708,0.010097525848213666
8098.0,0.2788931742268112,0.010097525848213666
8099.0,0.283577214006732,0.010097525848213666
8100.0,0.2882612537866529,0.010097525848213666
8101.0,0.27972753004272866,0.010097525848213666
8102.0,0.2670175776972871,0.010097525848213666
8103.0,0.26602664205548593,0.010097525848213666
8104.0,0.28596532152987447,0.010097525848213666
8105.0,0.30590400100426307,0.010097525848213666
8106.0,0.3035528935697197,0.010097525848213666
8107.0,0.3002241639023421,0.010097525848213666
8108.0,0.2956286568158468,0.010097525848213666
8109.0,0.29002573406630383,0.010097525848213666
8110.0,0.28541276147580236,0.010097525848213666
8111.0,0.286153134745327,0.010097525848213666
8112.0,0.28689350801485175,0.010097525848213666
8113.0,0.28537647283525347,0.010097525848213666
8114.0,0.2831273051856696,0.010097525848213666
8115.0,0.2831974071761709,0.010097525848213666
8116.0,0.2874972280356999,0.010097525848213666
8117.0,0.29179704889522884,0.010097525848213666
8118.0,0.2884352313381698,0.010097525848213666
8119.0,0.2846970864533441,0.010097525848213666
8120.0,0.28311599717997527,0.010097525848213666
8121.0,0.2832839986524151,0.010097525848213666
8122.0,0.28492435689177226,0.010097525848213666
8123.0,0.29482627254549926,0.010097525848213666
8124.0,0.3047281881992263,0.010097525848213666
8125.0,0.3026332388378898,0.010097525848213666
8126.0,0.29654573279954927,0.010097525848213666
8127.0,0.29305449054495114,0.010097525848213666
8128.0,0.29439890111093253,0.010097525848213666
8129.0,0.29574331167691387,0.010097525848213666
8130.0,0.2845437710674846,0.010097525848213666
8131.0,0.27266145843205747,0.010097525848213666
8132.0,0.2689554073203564,0.010097525848213666
8133.0,0.2720091162841939,0.010097525848213666
8134.0,0.2750243019263005,0.010097525848213666
8135.0,0.2778149787015997,0.010097525848213666
8136.0,0.28060565547689886,0.010097525848213666
8137.0,0.2776466173980249,0.010097525848213666
8138.0,0.27272471370065593,0.010097525848213666
8139.0,0.27032974725231723,0.010097525848213666
8140.0,0.27274212483871174,0.010097525848213666
8141.0,0.27515450242510625,0.010097525848213666
8142.0,0.27951180299455247,0.010097525848213666
8143.0,0.28398540302990677,0.010097525848213666
8144.0,0.28702577962119913,0.010097525848213666
8145.0,0.28885806299968864,0.010097525848213666
8146.0,0.2895472075956515,0.010097525848213666
8147.0,0.28330970617888923,0.010097525848213666
8148.0,0.27707220476212696,0.010097525848213666
8149.0,0.2761574933884927,0.010097525848213666
8150.0,0.2771061898743625,0.010097525848213666
8151.0,0.27627969065658986,0.010097525848213666
8152.0,0.2720031644529508,0.010097525848213666
8153.0,0.26772663824931175,0.010097525848213666
8154.0,0.26400266450266757,0.010097525848213666
8155.0,0.2603147267858274,0.010097525848213666
8156.0,0.26188393935210125,0.010097525848213666
8157.0,0.2679710154429139,0.010097525848213666
8158.0,0.27101734241318,0.010097525848213666
8159.0,0.2548856113337168,0.010097525848213666
8160.0,0.2387538802542536,0.010097525848213666
8161.0,0.24229621292931522,0.010097525848213666
8162.0,0.25289938414594454,0.010097525848213666
8163.0,0.2596084017704726,0.010097525848213666
8164.0,0.2585849423698309,0.010097525848213666
8165.0,0.25756148296918907,0.010097525848213666
8166.0,0.2599707953617191,0.010097525848213666
8167.0,0.26262278442342973,0.010097525848213666
8168.0,0.26470626381975415,0.010097525848213666
8169.0,0.2662916570452788,0.010097525848213666
8170.0,0.2679386044467094,0.010097525848213666
8171.0,0.26999013065886535,0.010097525848213666
8172.0,0.2720416568710213,0.010097525848213666
8173.0,0.27002644154628974,0.010097525848213666
8174.0,0.266515413242474,0.010097525848213666
8175.0,0.2625096513217496,0.010097525848213666
8176.0,0.2575000299165366,0.010097525848213666
8177.0,0.2524904085113235,0.010097525848213666
8178.0,0.25051421446713473,0.010097525848213666
8179.0,0.2487692506739798,0.010097525848213666
8180.0,0.24899646320178234,0.010097525848213666
8181.0,0.25098518776170914,0.010097525848213666
8182.0,0.2522559818405745,0.010097525848213666
8183.0,0.2486028564880116,0.010097525848213666
8184.0,0.24494973113544866,0.010097525848213666
8185.0,0.24647151062251194,0.010097525848213666
8186.0,0.24994350218136346,0.010097525848213666
8187.0,0.2527433109438063,0.010097525848213666
8188.0,0.254149146526981,0.010097525848213666
8189.0,0.2555549821101558,0.010097525848213666
8190.0,0.26076379522738463,0.010097525848213666
8191.0,0.2662837610519432,0.010097525848213666
8192.0,0.26487266765452927,0.010097525848213666
8193.0,0.2571504951031632,0.010097525848213666
8194.0,0.25128203898082135,0.010097525848213666
8195.0,0.25869855059965385,0.010097525848213666
8196.0,0.2661150622184864,0.010097525848213666
8197.0,0.261521189154129,0.010097525848213666
8198.0,0.2522910278260432,0.010097525848213666
8199.0,0.2481971341282356,0.010097525848213666
8200.0,0.25499135832830117,0.010097525848213666
8201.0,0.26178558252836676,0.010097525848213666
8202.0,0.26075163581240907,0.010097525848213666
8203.0,0.25903297962991395,0.010097525848213666
8204.0,0.2553553153739056,0.010097525848213666
8205.0,0.24985922001261804,0.010097525848213666
8206.0,0.24579600208016528,0.010097525848213666
8207.0,0.2524793648639841,0.010097525848213666
8208.0,0.25916272764780296,0.010097525848213666
8209.0,0.2608967464959109,0.010097525848213666
8210.0,0.26067424077312124,0.010097525848213666
8211.0,0.26012878526330785,0.010097525848213666
8212.0,0.2588834005572798,0.010097525848213666
8213.0,0.25763801585125173,0.010097525848213666
8214.0,0.2538582416247026,0.010097525848213666
8215.0,0.2498423234927017,0.010097525848213666
8216.0,0.24841715474744702,0.010097525848213666
8217.0,0.24944351287516653,0.010097525848213666
8218.0,0.2500837037896818,0.010097525848213666
8219.0,0.24768796310252522,0.010097525848213666
8220.0,0.24529222241536866,0.010097525848213666
8221.0,0.2438281262169463,0.010097525848213666
8222.0,0.24274108680991593,0.010097525848213666
8223.0,0.24418742746141023,0.010097525848213666
8224.0,0.25124828608046346,0.010097525848213666
8225.0,0.2583091446995167,0.010097525848213666
8226.0,0.24902673849394277,0.010097525848213666
8227.0,0.23812725463424836,0.010097525848213666
8228.0,0.2339336400013853,0.010097525848213666
8229.0,0.23620865865571983,0.010097525848213666
8230.0,0.2376746565756908,0.010097525848213666
8231.0,0.23246173887757215,0.010097525848213666
8232.0,0.2272488211794535,0.010097525848213666
8233.0,0.22676000343281338,0.010097525848213666
8234.0,0.22822819822972967,0.010097525848213666
8235.0,0.23248054158880357,0.010097525848213666
8236.0,0.24304362168877683,0.010097525848213666
8237.0,0.2536067017887501,0.010097525848213666
8238.0,0.2468298954707752,0.010097525848213666
8239.0,0.23823631060238165,0.010097525848213666
8240.0,0.2396841911256583,0.010097525848213666
8241.0,0.2510061792840544,0.010097525848213666
8242.0,0.25931180383404057,0.010097525848213666
8243.0,0.24141715378517073,0.010097525848213666
8244.0,0.2235225037363009,0.010097525848213666
8245.0,0.22143938928398296,0.010097525848213666
8246.0,0.22605928479391724,0.010097525848213666
8247.0,0.22975429315694895,0.010097525848213666
8248.0,0.23130474247815966,0.010097525848213666
8249.0,0.23285519179937042,0.010097525848213666
8250.0,0.23275380519046618,0.010097525848213666
8251.0,0.23246961540529695,0.010097525848213666
8252.0,0.2343780232228982,0.010097525848213666
8253.0,0.23848429931057585,0.010097525848213666
8254.0,0.24198388662449197,0.010097525848213666
8255.0,0.2399270926079556,0.010097525848213666
8256.0,0.23787029859141925,0.010097525848213666
8257.0,0.23800636711944573,0.010097525848213666
8258.0,0.239093556751138,0.010097525848213666
8259.0,0.23704556479189146,0.010097525848213666
8260.0,0.22755944970598044,0.010097525848213666
8261.0,0.2180733346200694,0.010097525848213666
8262.0,0.2218866486755931,0.010097525848213666
8263.0,0.2272509685425328,0.010097525848213666
8264.0,0.23040041225508676,0.010097525848213666
8265.0,0.2312865965963023,0.010097525848213666
8266.0,0.23241484473980922,0.010097525848213666
8267.0,0.23588614635421476,0.010097525848213666
8268.0,0.23935744796862027,0.010097525848213666
8269.0,0.23268879648146165,0.010097525848213666
8270.0,0.22152130964942324,0.010097525848213666
8271.0,0.21504441752711784,0.010097525848213666
8272.0,0.21995621214856292,0.010097525848213666
8273.0,0.22486800677000804,0.010097525848213666
8274.0,0.22394140033257554,0.010097525848213666
8275.0,0.22229876357659736,0.010097525848213666
8276.0,0.22111523493725072,0.010097525848213666
8277.0,0.22040994391939533,0.010097525848213666
8278.0,0.22031296079463134,0.010097525848213666
8279.0,0.2264552437624952,0.010097525848213666
8280.0,0.23259752673035905,0.010097525848213666
8281.0,0.23065207042780542,0.010097525848213666
8282.0,0.2250367847878716,0.010097525848213666
8283.0,0.2219448825418306,0.010097525848213666
8284.0,0.22512448546718514,0.010097525848213666
8285.0,0.22830408839253968,0.010097525848213666
8286.0,0.23130792155656574,0.010097525848213666
8287.0,0.23428912853180286,0.010097525848213666
8288.0,0.22710755578891498,0.010097525848213666
8289.0,0.20913431844436609,0.010097525848213666
8290.0,0.19348367905063918,0.010097525848213666
8291.0,0.20314935732064054,0.010097525848213666
8292.0,0.2128150355906419,0.010097525848213666
8293.0,0.21741792883215622,0.010097525848213666
8294.0,0.2196718321834688,0.010097525848213666
8295.0,0.22239535217032624,0.010097525848213666
8296.0,0.2263138966169863,0.010097525848213666
8297.0,0.23023244106364638,0.010097525848213666
8298.0,0.23090853231607616,0.010097525848213666
8299.0,0.23114728996329043,0.010097525848213666
8300.0,0.22659434100640855,0.010097525848213666
8301.0,0.21685436965060587,0.010097525848213666
8302.0,0.20831811910542705,0.010097525848213666
8303.0,0.21377056343501843,0.010097525848213666
8304.0,0.21922300776460985,0.010097525848213666
8305.0,0.2192011396993516,0.010097525848213666
8306.0,0.21658260663971857,0.010097525848213666
8307.0,0.21401572852116132,0.010097525848213666
8308.0,0.21158346630965003,0.010097525848213666
8309.0,0.20915120409813873,0.010097525848213666
8310.0,0.21639421834831005,0.010097525848213666
8311.0,0.22500237434580736,0.010097525848213666
8312.0,0.22637408344682503,0.010097525848213666
8313.0,0.21976011756357047,0.010097525848213666
8314.0,0.21366216398947957,0.010097525848213666
8315.0,0.2139810731630782,0.010097525848213666
8316.0,0.21429998233667683,0.010097525848213666
8317.0,0.21381245442499477,0.010097525848213666
8318.0,0.21293392671438888,0.010097525848213666
8319.0,0.21275688893401887,0.010097525848213666
8320.0,0.2144525511436129,0.010097525848213666
8321.0,0.21614821335320697,0.010097525848213666
8322.0,0.21177537253138648,0.010097525848213666
8323.0,0.20650813801210616,0.010097525848213666
8324.0,0.2071052721272467,0.010097525848213666
8325.0,0.214299820956122,0.010097525848213666
8326.0,0.22058345026735746,0.010097525848213666
8327.0,0.21469531016185542,0.010097525848213666
8328.0,0.20880717005635344,0.010097525848213666
8329.0,0.20478512492884973,0.010097525848213666
8330.0,0.20168775163963418,0.010097525848213666
8331.0,0.199385091358217,0.010097525848213666
8332.0,0.19925630970800734,0.010097525848213666
8333.0,0.1991275280577977,0.010097525848213666
8334.0,0.2031057940946229,0.010097525848213666
8335.0,0.2077154760500847,0.010097525848213666
8336.0,0.21332544760419805,0.010097525848213666
8337.0,0.2200826585175899,0.010097525848213666
8338.0,0.22614876360572359,0.010097525848213666
8339.0,0.22224502725177048,0.010097525848213666
8340.0,0.21834129089781742,0.010097525848213666
8341.0,0.21866465860479042,0.010097525848213666
8342.0,0.221128332165389,0.010097525848213666
8343.0,0.2230585980954186,0.010097525848213666
8344.0,0.22349337413882578,0.010097525848213666
8345.0,0.223928150182233,0.010097525848213666
8346.0,0.21846312064326617,0.010097525848213666
8347.0,0.21205313617118834,0.010097525848213666
8348.0,0.20373541148445862,0.010097525848213666
8349.0,0.1931870218071622,0.010097525848213666
8350.0,0.18366431328008934,0.010097525848213666
8351.0,0.19020377156529963,0.010097525848213666
8352.0,0.19674322985050993,0.010097525848213666
8353.0,0.19813535483421071,0.010097525848213666
8354.0,0.19686474273663485,0.010097525848213666
8355.0,0.19790541348408616,0.010097525848213666
8356.0,0.205589678641901,0.010097525848213666
8357.0,0.21327394379971584,0.010097525848213666
8358.0,0.20275912906891735,0.010097525848213666
8359.0,0.18921113435668976,0.010097525848213666
8360.0,0.18751354608043982,0.010097525848213666
8361.0,0.19994288968703922,0.010097525848213666
8362.0,0.21121191781482773,0.010097525848213666
8363.0,0.20262946155487468,0.010097525848213666
8364.0,0.19404700529492164,0.010097525848213666
8365.0,0.19269121478461718,0.010097525848213666
8366.0,0.1951542861750178,0.010097525848213666
8367.0,0.19728853484193987,0.010097525848213666
8368.0,0.19845345775529102,0.010097525848213666
8369.0,0.19961838066864215,0.010097525848213666
8370.0,0.1941614026540965,0.010097525848213666
8371.0,0.18755725025345618,0.010097525848213666
8372.0,0.18636066181014377,0.010097525848213666
8373.0,0.19173656466600186,0.010097525848213666
8374.0,0.1967647950052658,0.010097525848213666
8375.0,0.19524519294863127,0.010097525848213666
8376.0,0.19372559089199673,0.010097525848213666
8377.0,0.1928876937682536,0.010097525848213666
8378.0,0.19241774089664387,0.010097525848213666
8379.0,0.19313797373671357,0.010097525848213666
8380.0,0.19745751215895252,0.010097525848213666
8381.0,0.20177705058119144,0.010097525848213666
8382.0,0.19454119769384542,0.010097525848213666
8383.0,0.18522668376354406,0.010097525848213666
8384.0,0.1789320422588792,0.010097525848213666
8385.0,0.17637976953972584,0.010097525848213666
8386.0,0.17385668090635958,0.010097525848213666
8387.0,0.17194415406775002,0.010097525848213666
8388.0,0.17003162722914048,0.010097525848213666
8389.0,0.1755844059123328,0.010097525848213666
8390.0,0.18525213884961902,0.010097525848213666
8391.0,0.19230751233830065,0.010097525848213666
8392.0,0.19125556340032016,0.010097525848213666
8393.0,0.19020361446233966,0.010097525848213666
8394.0,0.1863471233975918,0.010097525848213666
8395.0,0.1819672776054826,0.010097525848213666
8396.0,0.1816997957775717,0.010097525848213666
8397.0,0.18662864341529176,0.010097525848213666
8398.0,0.19138301043507286,0.010097525848213666
8399.0,0.19203708293333555,0.010097525848213666
8400.0,0.19269115543159826,0.010097525848213666
8401.0,0.19369676605521466,0.010097525848213666
8402.0,0.19490024053925614,0.010097525848213666
8403.0,0.1958954727159379,0.010097525848213666
8404.0,0.19622725955158918,0.010097525848213666
8405.0,0.19655904638724048,0.010097525848213666
8406.0,0.1967782691623977,0.010097525848213666
8407.0,0.19697572095164276,0.010097525848213666
8408.0,0.1962525380367672,0.010097525848213666
8409.0,0.1943431527146612,0.010097525848213666
8410.0,0.19251325179116902,0.010097525848213666
8411.0,0.19281088327052304,0.010097525848213666
8412.0,0.19310851474987706,0.010097525848213666
8413.0,0.189196117086014,0.010097525848213666
8414.0,0.18286434539655344,0.010097525848213666
8415.0,0.17868191799498384,0.010097525848213666
8416.0,0.18153170421226222,0.010097525848213666
8417.0,0.1843814904295406,0.010097525848213666
8418.0,0.1808975003773489,0.010097525848213666
8419.0,0.17614492977551122,0.010097525848213666
8420.0,0.17405863010366737,0.010097525848213666
8421.0,0.175475514181499,0.010097525848213666
8422.0,0.1770551944552261,0.010097525848213666
8423.0,0.1836878181936619,0.010097525848213666
8424.0,0.19032044193209766,0.010097525848213666
8425.0,0.18483242085528762,0.010097525848213666
8426.0,0.17223362148686103,0.010097525848213666
8427.0,0.16534138793833242,0.010097525848213666
8428.0,0.17763038609854293,0.010097525848213666
8429.0,0.18991938425875346,0.010097525848213666
8430.0,0.1881347310214964,0.010097525848213666
8431.0,0.18343336452361894,0.010097525848213666
8432.0,0.1782746864466859,0.010097525848213666
8433.0,0.1725032622371401,0.010097525848213666
8434.0,0.16706408547005447,0.010097525848213666
8435.0,0.17387275760381954,0.010097525848213666
8436.0,0.18068142973758466,0.010097525848213666
8437.0,0.18122139912705518,0.010097525848213666
8438.0,0.1780073661053581,0.010097525848213666
8439.0,0.17540811506143425,0.010097525848213666
8440.0,0.1749326563043555,0.010097525848213666
8441.0,0.17445719754727673,0.010097525848213666
8442.0,0.17522224738669312,0.010097525848213666
8443.0,0.17625312049678507,0.010097525848213666
8444.0,0.17494219877452022,0.010097525848213666
8445.0,0.17043126763644553,0.010097525848213666
8446.0,0.16623415229604713,0.010097525848213666
8447.0,0.17624591890590777,0.010097525848213666
8448.0,0.18625768551576835,0.010097525848213666
8449.0,0.18294570638141527,0.010097525848213666
8450.0,0.17149000644404214,0.010097525848213666
8451.0,0.16414978222881332,0.010097525848213666
8452.0,0.17142736795569657,0.010097525848213666
8453.0,0.17870495368257983,0.010097525848213666
8454.0,0.17846557754617695,0.010097525848213666
8455.0,0.17656188873918002,0.010097525848213666
8456.0,0.17275094871874683,0.010097525848213666
8457.0,0.16628191433476106,0.010097525848213666
8458.0,0.16008215048066377,0.010097525848213666
8459.0,0.16963471262456448,0.010097525848213666
8460.0,0.1791872747684652,0.010097525848213666
8461.0,0.1800561556667035,0.010097525848213666
8462.0,0.1755083153201058,0.010097525848213666
8463.0,0.17206835811708263,0.010097525848213666
8464.0,0.17267619742746523,0.010097525848213666
8465.0,0.1732840367378479,0.010097525848213666
8466.0,0.17019233099128306,0.010097525848213666
8467.0,0.1662548590443836,0.010097525848213666
8468.0,0.16531443677134208,0.010097525848213666
8469.0,0.16863435545909652,0.010097525848213666
8470.0,0.17191813297927339,0.010097525848213666
8471.0,0.1722274924075792,0.010097525848213666
8472.0,0.172536851835885,0.010097525848213666
8473.0,0.17351867955928033,0.010097525848213666
8474.0,0.1749285617573471,0.010097525848213666
8475.0,0.17746475280495894,0.010097525848213666
8476.0,0.18423586512686144,0.010097525848213666
8477.0,0.19100697744876396,0.010097525848213666
8478.0,0.17840517844062317,0.010097525848213666
8479.0,0.16123321192288392,0.010097525848213666
8480.0,0.15555213318510452,0.010097525848213666
8481.0,0.16653284172821062,0.010097525848213666
8482.0,0.1774653365723609,0.010097525848213666
8483.0,0.1817523765765772,0.010097525848213666
8484.0,0.1860394165807935,0.010097525848213666
8485.0,0.18373417505077932,0.010097525848213666
8486.0,0.17714721402922315,0.010097525848213666
8487.0,0.17061827532380658,0.010097525848213666
8488.0,0.16431396102356183,0.010097525848213666
8489.0,0.15800964672331708,0.010097525848213666
8490.0,0.16062252777590105,0.010097525848213666
8491.0,0.1654048160561031,0.010097525848213666
8492.0,0.16613545904921204,0.010097525848213666
8493.0,0.16087304338852537,0.010097525848213666
8494.0,0.15562204989052508,0.010097525848213666
8495.0,0.15511696498907515,0.010097525848213666
8496.0,0.15461188008762525,0.010097525848213666
8497.0,0.15561067790182115,0.010097525848213666
8498.0,0.1576060606692983,0.010097525848213666
8499.0,0.15906213652099938,0.010097525848213666
8500.0,0.15836744347506382,0.010097525848213666
8501.0,0.1576727504291283,0.010097525848213666
8502.0,0.15580235683393842,0.010097525848213666
8503.0,0.15363715544336368,0.010097525848213666
8504.0,0.15407819244376636,0.010097525848213666
8505.0,0.15845213737751587,0.010097525848213666
8506.0,0.16282608231126536,0.010097525848213666
8507.0,0.16169566327094953,0.010097525848213666
8508.0,0.16055199666391018,0.010097525848213666
8509.0,0.1576682307062779,0.010097525848213666
8510.0,0.15360805955388157,0.010097525848213666
8511.0,0.15095371423050427,0.010097525848213666
8512.0,0.15407791679323948,0.010097525848213666
8513.0,0.15720211935597472,0.010097525848213666
8514.0,0.16069568949372084,0.010097525848213666
8515.0,0.16428467028906063,0.010097525848213666
8516.0,0.16590714112293398,0.010097525848213666
8517.0,0.1645019060710146,0.010097525848213666
8518.0,0.1630966710190952,0.010097525848213666
8519.0,0.16483032917659576,0.010097525848213666
8520.0,0.16658676044081341,0.010097525848213666
8521.0,0.16544425990397954,0.010097525848213666
8522.0,0.1623024960560689,0.010097525848213666
8523.0,0.16056042354789526,0.010097525848213666
8524.0,0.1647516338257214,0.010097525848213666
8525.0,0.16894284410354748,0.010097525848213666
8526.0,0.16252185243252523,0.010097525848213666
8527.0,0.15327846662617198,0.010097525848213666
8528.0,0.15304646171982936,0.010097525848213666
8529.0,0.16697122495575759,0.010097525848213666
8530.0,0.18089598819168576,0.010097525848213666
8531.0,0.1684186080264462,0.010097525848213666
8532.0,0.15562042417470512,0.010097525848213666
8533.0,0.14419349619526792,0.010097525848213666
8534.0,0.1337312144736496,0.010097525848213666
8535.0,0.12783414802605533,0.010097525848213666
8536.0,0.14190621677709536,0.010097525848213666
8537.0,0.15597828552813542,0.010097525848213666
8538.0,0.15490756190978144,0.010097525848213666
8539.0,0.1496922513891117,0.010097525848213666
8540.0,0.14708823513966562,0.010097525848213666
8541.0,0.14867045001879176,0.010097525848213666
8542.0,0.1502526648979179,0.010097525848213666
8543.0,0.15336600895570254,0.010097525848213666
8544.0,0.1565055261618383,0.010097525848213666
8545.0,0.15244741062980718,0.010097525848213666
8546.0,0.14322480810214155,0.010097525848213666
8547.0,0.13793962753801586,0.010097525848213666
8548.0,0.1504380349151319,0.010097525848213666
8549.0,0.162936442292248,0.010097525848213666
8550.0,0.16506583123497326,0.010097525848213666
8551.0,0.1642759426800301,0.010097525848213666
8552.0,0.16310321976016068,0.010097525848213666
8553.0,0.16130415074324284,0.010097525848213666
8554.0,0.15950508172632497,0.010097525848213666
8555.0,0.1537494576036702,0.010097525848213666
8556.0,0.14790644944187734,0.010097525848213666
8557.0,0.14312694911022855,0.010097525848213666
8558.0,0.13912573309502518,0.010097525848213666
8559.0,0.1367069480129739,0.010097525848213666
8560.0,0.14167284061892768,0.010097525848213666
8561.0,0.1466387332248815,0.010097525848213666
8562.0,0.1427531218486659,0.010097525848213666
8563.0,0.13630523300394504,0.010097525848213666
8564.0,0.13336836258862075,0.010097525848213666
8565.0,0.13629444281982572,0.010097525848213666
8566.0,0.13922052305103066,0.010097525848213666
8567.0,0.14480285191090542,0.010097525848213666
8568.0,0.15045723683715526,0.010097525848213666
8569.0,0.14785897125357264,0.010097525848213666
8570.0,0.1391014948073232,0.010097525848213666
8571.0,0.13261316786275898,0.010097525848213666
8572.0,0.13707388396833806,0.010097525848213666
8573.0,0.14153460007391708,0.010097525848213666
8574.0,0.14554102592626572,0.010097525848213666
8575.0,0.14941229689019342,0.010097525848213666
8576.0,0.1527701803230154,0.010097525848213666
8577.0,0.15525297137327151,0.010097525848213666
8578.0,0.15773576242352766,0.010097525848213666
8579.0,0.14370636086492217,0.010097525848213666
8580.0,0.1291449679707261,0.010097525848213666
8581.0,0.12379506970081969,0.010097525848213666
8582.0,0.12545603414704418,0.010097525848213666
8583.0,0.12820658240328442,0.010097525848213666
8584.0,0.13639721097716964,0.010097525848213666
8585.0,0.1445878395510549,0.010097525848213666
8586.0,0.14795885708653744,0.010097525848213666
8587.0,0.14985679601310478,0.010097525848213666
8588.0,0.1474366279665381,0.010097525848213666
8589.0,0.13750238561476613,0.010097525848213666
8590.0,0.12756814326299415,0.010097525848213666
8591.0,0.13639443741181234,0.010097525848213666
8592.0,0.14592162333526437,0.010097525848213666
8593.0,0.14407694190727133,0.010097525848213666
8594.0,0.13340633357970072,0.010097525848213666
8595.0,0.12582404105427647,0.010097525848213666
8596.0,0.13420948504660943,0.010097525848213666
8597.0,0.1425949290389424,0.010097525848213666
8598.0,0.14375109248763873,0.010097525848213666
8599.0,0.14263812844709248,0.010097525848213666
8600.0,0.14079811684572163,0.010097525848213666
8601.0,0.13766638407795767,0.010097525848213666
8602.0,0.13453465131019368,0.010097525848213666
8603.0,0.13777251522292655,0.010097525848213666
8604.0,0.14128142580291772,0.010097525848213666
8605.0,0.14398353576450515,0.010097525848213666
8606.0,0.14604714545174288,0.010097525848213666
8607.0,0.1467669357120624,0.010097525848213666
8608.0,0.14028549515029387,0.010097525848213666
8609.0,0.13380405458852532,0.010097525848213666
8610.0,0.13215920460555464,0.010097525848213666
8611.0,0.13207281158687123,0.010097525848213666
8612.0,0.12883547783580981,0.010097525848213666
8613.0,0.11988174147232501,0.010097525848213666
8614.0,0.11092800510884022,0.010097525848213666
8615.0,0.11827121253304822,0.010097525848213666
8616.0,0.1263933933710088,0.010097525848213666
8617.0,0.12844039662702791,0.010097525848213666
8618.0,0.12558508738743124,0.010097525848213666
8619.0,0.12333180925315963,0.010097525848213666
8620.0,0.12442525521618587,0.010097525848213666
8621.0,0.1255187011792121,0.010097525848213666
8622.0,0.1281970221913166,0.010097525848213666
8623.0,0.131399415304316,0.010097525848213666
8624.0,0.1337699236155655,0.010097525848213666
8625.0,0.134599165907146,0.010097525848213666
8626.0,0.13542840819872648,0.010097525848213666
8627.0,0.13510635670960303,0.010097525848213666
8628.0,0.13472317457725677,0.010097525848213666
8629.0,0.13254980732710736,0.010097525848213666
8630.0,0.12890355254021404,0.010097525848213666
8631.0,0.12619428375941413,0.010097525848213666
8632.0,0.12889363338772059,0.010097525848213666
8633.0,0.13159298301602695,0.010097525848213666
8634.0,0.13498783465230357,0.010097525848213666
8635.0,0.13861862024948343,0.010097525848213666
8636.0,0.13864979835425853,0.010097525848213666
8637.0,0.1318692192251499,0.010097525848213666
8638.0,0.12508864009604126,0.010097525848213666
8639.0,0.13131584969885987,0.010097525848213666
8640.0,0.13830336207380156,0.010097525848213666
8641.0,0.13507247535367156,0.010097525848213666
8642.0,0.12326986312330275,0.010097525848213666
8643.0,0.11415150654491764,0.010097525848213666
8644.0,0.12113868387822968,0.010097525848213666
8645.0,0.12812586121154174,0.010097525848213666
8646.0,0.12679043652313282,0.010097525848213666
8647.0,0.1225596082187557,0.010097525848213666
8648.0,0.12067673774170172,0.010097525848213666
8649.0,0.1233327012336508,0.010097525848213666
8650.0,0.12598866472559989,0.010097525848213666
8651.0,0.11789957411113124,0.010097525848213666
8652.0,0.10912433700201275,0.010097525848213666
8653.0,0.11153309319039652,0.010097525848213666
8654.0,0.12350677905861647,0.010097525848213666
8655.0,0.1331879252295168,0.010097525848213666
8656.0,0.12855564963803562,0.010097525848213666
8657.0,0.12392337404655443,0.010097525848213666
8658.0,0.11817599545277092,0.010097525848213666
8659.0,0.11203088468064293,0.010097525848213666
8660.0,0.11079753210874853,0.010097525848213666
8661.0,0.11926490198235142,0.010097525848213666
8662.0,0.1277322718559543,0.010097525848213666
8663.0,0.12732746311469986,0.010097525848213666
8664.0,0.1263076381408511,0.010097525848213666
8665.0,0.1272402501888612,0.010097525848213666
8666.0,0.12987521181997488,0.010097525848213666
8667.0,0.1313470525405687,0.010097525848213666
8668.0,0.125253368059435,0.010097525848213666
8669.0,0.11915968357830123,0.010097525848213666
8670.0,0.11692860410473549,0.010097525848213666
8671.0,0.1161095917077002,0.010097525848213666
8672.0,0.11807664223405394,0.010097525848213666
8673.0,0.12566629076160635,0.010097525848213666
8674.0,0.13325593928915877,0.010097525848213666
8675.0,0.12693305962625057,0.010097525848213666
8676.0,0.11956898430521742,0.010097525848213666
8677.0,0.11421326081540409,0.010097525848213666
8678.0,0.11064273895333863,0.010097525848213666
8679.0,0.10855020544991478,0.010097525848213666
8680.0,0.1164858920248361,0.010097525848213666
8681.0,0.12442157859975743,0.010097525848213666
8682.0,0.12781336524076922,0.010097525848213666
8683.0,0.12950306395275354,0.010097525848213666
8684.0,0.12953627291304887,0.010097525848213666
8685.0,0.12615297176048457,0.010097525848213666
8686.0,0.12276967060792023,0.010097525848213666
8687.0,0.12060447801470453,0.010097525848213666
8688.0,0.1185372396765851,0.010097525848213666
8689.0,0.11655567752700814,0.010097525848213666
8690.0,0.11465175329656785,0.010097525848213666
8691.0,0.11312350171062285,0.010097525848213666
8692.0,0.11425778440121215,0.010097525848213666
8693.0,0.11539206709180141,0.010097525848213666
8694.0,0.11794996523735074,0.010097525848213666
8695.0,0.1210541344295662,0.010097525848213666
8696.0,0.12255838735702743,0.010097525848213666
8697.0,0.1206896824875301,0.010097525848213666
8698.0,0.11882097761803279,0.010097525848213666
8699.0,0.11895820895627154,0.010097525848213666
8700.0,0.11926805018982871,0.010097525848213666
8701.0,0.11904518927806801,0.010097525848213666
8702.0,0.11833022476786358,0.010097525848213666
8703.0,0.11791693836465673,0.010097525848213666
8704.0,0.11974033610828486,0.010097525848213666
8705.0,0.12156373385191298,0.010097525848213666
8706.0,0.1243325455914065,0.010097525848213666
8707.0,0.12747288289783665,0.010097525848213666
8708.0,0.1302276339071098,0.010097525848213666
8709.0,0.13215132960168,0.010097525848213666
8710.0,0.13407502529625012,0.010097525848213666
8711.0,0.12729136383442716,0.010097525848213666
8712.0,0.11970886226650576,0.010097525848213666
8713.0,0.11782568620314879,0.010097525848213666
8714.0,0.12130970711841581,0.010097525848213666
8715.0,0.12390694935898204,0.010097525848213666
8716.0,0.11961532147398997,0.010097525848213666
8717.0,0.11532369358899787,0.010097525848213666
8718.0,0.11559626572576988,0.010097525848213666
8719.0,0.11770527524503067,0.010097525848213666
8720.0,0.11735775769308508,0.010097525848213666
8721.0,0.11159643240346884,0.010097525848213666
8722.0,0.10583510711385259,0.010097525848213666
8723.0,0.1028475944236701,0.010097525848213666
8724.0,0.10013051932552834,0.010097525848213666
8725.0,0.10050350514521222,0.010097525848213666
8726.0,0.10384294944600743,0.010097525848213666
8727.0,0.10643475951335706,0.010097525848213666
8728.0,0.1029304750618772,0.010097525848213666
8729.0,0.09942619061039734,0.010097525848213666
8730.0,0.0988434936773594,0.010097525848213666
8731.0,0.09946409465446422,0.010097525848213666
8732.0,0.10159902086588567,0.010097525848213666
8733.0,0.10714709418744316,0.010097525848213666
8734.0,0.11269516750900063,0.010097525848213666
8735.0,0.10767918504529682,0.010097525848213666
8736.0,0.10157181668589774,0.010097525848213666
8737.0,0.09907895828002827,0.010097525848213666
8738.0,0.1001233400186987,0.010097525848213666
8739.0,0.10136424154592978,0.010097525848213666
8740.0,0.104290243788848,0.010097525848213666
8741.0,0.10721624603176623,0.010097525848213666
8742.0,0.11214252135641949,0.010097525848213666
8743.0,0.11791191519846117,0.010097525848213666
8744.0,0.11877392121296819,0.010097525848213666
8745.0,0.10832167195843609,0.010097525848213666
8746.0,0.097869422703904,0.010097525848213666
8747.0,0.09985764819849942,0.010097525848213666
8748.0,0.10320422113573609,0.010097525848213666
8749.0,0.10327582209704045,0.010097525848213666
8750.0,0.10008030473222237,0.010097525848213666
8751.0,0.09729353323155063,0.010097525848213666
8752.0,0.09820024845503902,0.010097525848213666
8753.0,0.09910696367852742,0.010097525848213666
8754.0,0.10369425581076777,0.010097525848213666
8755.0,0.10986887578509932,0.010097525848213666
8756.0,0.11185912657133541,0.010097525848213666
8757.0,0.1039789903614762,0.010097525848213666
8758.0,0.09609885415161701,0.010097525848213666
8759.0,0.10324235126313229,0.010097525848213666
8760.0,0.11211547684268913,0.010097525848213666
8761.0,0.11597645078969829,0.010097525848213666
8762.0,0.11474032138156233,0.010097525848213666
8763.0,0.11357647726261927,0.010097525848213666
8764.0,0.11310254590380757,0.010097525848213666
8765.0,0.11262861454499587,0.010097525848213666
8766.0,0.1057203877765373,0.010097525848213666
8767.0,0.09597350126853263,0.010097525848213666
8768.0,0.0900629708382021,0.010097525848213666
8769.0,0.09341315241501111,0.010097525848213666
8770.0,0.09676333399182013,0.010097525848213666
8771.0,0.10058985842563976,0.010097525848213666
8772.0,0.10447408253258245,0.010097525848213666
8773.0,0.10537849509164673,0.010097525848213666
8774.0,0.10319381206073182,0.010097525848213666
8775.0,0.10110216103204323,0.010097525848213666
8776.0,0.099950753439186,0.010097525848213666
8777.0,0.09879934584632875,0.010097525848213666
8778.0,0.09727598877539148,0.010097525848213666
8779.0,0.09558480084239424,0.010097525848213666
8780.0,0.09590544048428297,0.010097525848213666
8781.0,0.10119697075913626,0.010097525848213666
8782.0,0.10648850103398956,0.010097525848213666
8783.0,0.09971735937045183,0.010097525848213666
8784.0,0.09141185889474737,0.010097525848213666
8785.0,0.09224252600256648,0.010097525848213666
8786.0,0.10272820477889281,0.010097525848213666
8787.0,0.11192162003428982,0.010097525848213666
8788.0,0.10724595355813134,0.010097525848213666
8789.0,0.10257028708197284,0.010097525848213666
8790.0,0.09508742366275202,0.010097525848213666
8791.0,0.0863093097241947,0.010097525848213666
8792.0,0.08276799529052521,0.010097525848213666
8793.0,0.09247400841797072,0.010097525848213666
8794.0,0.10218002154541622,0.010097525848213666
8795.0,0.09744602173012205,0.010097525848213666
8796.0,0.09078668685579791,0.010097525848213666
8797.0,0.09212486200722948,0.010097525848213666
8798.0,0.10207880855796009,0.010097525848213666
8799.0,0.11065650771646203,0.010097525848213666
8800.0,0.10349979639050061,0.010097525848213666
8801.0,0.09634308506453919,0.010097525848213666
8802.0,0.09673208308950376,0.010097525848213666
8803.0,0.1006806295185038,0.010097525848213666
8804.0,0.10208774906413426,0.010097525848213666
8805.0,0.09691125845069234,0.010097525848213666
8806.0,0.09173476783725044,0.010097525848213666
8807.0,0.09416445717011478,0.010097525848213666
8808.0,0.09765547393734267,0.010097525848213666
8809.0,0.09760370614732757,0.010097525848213666
8810.0,0.09366112206776026,0.010097525848213666
8811.0,0.08973399667347487,0.010097525848213666
8812.0,0.08599581076597008,0.010097525848213666
8813.0,0.08225762485846527,0.010097525848213666
8814.0,0.0812490792153996,0.010097525848213666
8815.0,0.08155678359308673,0.010097525848213666
8816.0,0.08573568405420126,0.010097525848213666
8817.0,0.1001868372805292,0.010097525848213666
8818.0,0.11463799050685716,0.010097525848213666
8819.0,0.11057653203933229,0.010097525848213666
8820.0,0.10381584820789357,0.010097525848213666
8821.0,0.10182126837880044,0.010097525848213666
8822.0,0.10516278463373062,0.010097525848213666
8823.0,0.10825258028376085,0.010097525848213666
8824.0,0.10804014291357426,0.010097525848213666
8825.0,0.10782770554338769,0.010097525848213666
8826.0,0.09776703943448628,0.010097525848213666
8827.0,0.08285285557801819,0.010097525848213666
8828.0,0.07373646624364465,0.010097525848213666
8829.0,0.08038283076615194,0.010097525848213666
8830.0,0.08702919528865923,0.010097525848213666
8831.0,0.08944613164444087,0.010097525848213666
8832.0,0.09121958653640208,0.010097525848213666
8833.0,0.09152272767905834,0.010097525848213666
8834.0,0.09014767009501276,0.010097525848213666
8835.0,0.08909514628627437,0.010097525848213666
8836.0,0.09260500933549615,0.010097525848213666
8837.0,0.09611487238471793,0.010097525848213666
8838.0,0.09409803824221301,0.010097525848213666
8839.0,0.08929790352843245,0.010097525848213666
8840.0,0.08695713697500809,0.010097525848213666
8841.0,0.09146906443198952,0.010097525848213666
8842.0,0.09598099188897095,0.010097525848213666
8843.0,0.09353102056571679,0.010097525848213666
8844.0,0.08997721549983637,0.010097525848213666
8845.0,0.09195072819513968,0.010097525848213666
8846.0,0.10035602883072357,0.010097525848213666
8847.0,0.10745618427995328,0.010097525848213666
8848.0,0.09454411353865165,0.010097525848213666
8849.0,0.08163204279735002,0.010097525848213666
8850.0,0.07978029939969666,0.010097525848213666
8851.0,0.08361959716252038,0.010097525848213666
8852.0,0.08761842045968071,0.010097525848213666
8853.0,0.09207292549149339,0.010097525848213666
8854.0,0.09652743052330606,0.010097525848213666
8855.0,0.10020089271049261,0.010097525848213666
8856.0,0.10374545551912566,0.010097525848213666
8857.0,0.10311845912669874,0.010097525848213666
8858.0,0.09754252635927312,0.010097525848213666
8859.0,0.09212578187784932,0.010097525848213666
8860.0,0.08937120745589319,0.010097525848213666
8861.0,0.08661663303393705,0.010097525848213666
8862.0,0.08756680927248087,0.010097525848213666
8863.0,0.09046435444795706,0.010097525848213666
8864.0,0.09021203864867425,0.010097525848213666
8865.0,0.08073300744691836,0.010097525848213666
8866.0,0.0712539762451625,0.010097525848213666
8867.0,0.07961168003689273,0.010097525848213666
8868.0,0.09102997689359607,0.010097525848213666
8869.0,0.09430482660519643,0.010097525848213666
8870.0,0.0877297773826336,0.010097525848213666
8871.0,0.08171131137138223,0.010097525848213666
8872.0,0.08591844389323111,0.010097525848213666
8873.0,0.09012557641507998,0.010097525848213666
8874.0,0.09331473363190206,0.010097525848213666
8875.0,0.09595733953181866,0.010097525848213666
8876.0,0.09620035948056606,0.010097525848213666
8877.0,0.08923308510490514,0.010097525848213666
8878.0,0.08226581072924423,0.010097525848213666
8879.0,0.08425153404008104,0.010097525848213666
8880.0,0.08783284109701496,0.010097525848213666
8881.0,0.09104424886543035,0.010097525848213666
8882.0,0.09379948056757538,0.010097525848213666
8883.0,0.09626065570000168,0.010097525848213666
8884.0,0.09273514066943352,0.010097525848213666
8885.0,0.08920962563886535,0.010097525848213666
8886.0,0.0866739879867382,0.010097525848213666
8887.0,0.08468112696405262,0.010097525848213666
8888.0,0.08173423018165012,0.010097525848213666
8889.0,0.07584572314010513,0.010097525848213666
8890.0,0.06995721609856012,0.010097525848213666
8891.0,0.07453713209604161,0.010097525848213666
8892.0,0.08105288734680914,0.010097525848213666
8893.0,0.08390069956153899,0.010097525848213666
8894.0,0.08213624736238782,0.010097525848213666
8895.0,0.08035640418561187,0.010097525848213666
8896.0,0.07822564671899347,0.010097525848213666
8897.0,0.07609488925237505,0.010097525848213666
8898.0,0.08184189305539837,0.010097525848213666
8899.0,0.09199985307492875,0.010097525848213666
8900.0,0.09671197175481465,0.010097525848213666
8901.0,0.08418800259466999,0.010097525848213666
8902.0,0.07166403343452533,0.010097525848213666
8903.0,0.07566039878077231,0.010097525848213666
8904.0,0.08282375243006526,0.010097525848213666
8905.0,0.08410449822017989,0.010097525848213666
8906.0,0.07784261256346649,0.010097525848213666
8907.0,0.07192132846238017,0.010097525848213666
8908.0,0.07481173621959604,0.010097525848213666
8909.0,0.07770214397681192,0.010097525848213666
8910.0,0.07935068081682507,0.010097525848213666
8911.0,0.08028924239662967,0.010097525848213666
8912.0,0.08170364554406326,0.010097525848213666
8913.0,0.08466453378629295,0.010097525848213666
8914.0,0.08762542202852262,0.010097525848213666
8915.0,0.08657382946802591,0.010097525848213666
8916.0,0.08472551410065822,0.010097525848213666
8917.0,0.08314453311416888,0.010097525848213666
8918.0,0.08191308627663865,0.010097525848213666
8919.0,0.08048330154938192,0.010097525848213666
8920.0,0.07313276352126606,0.010097525848213666
8921.0,0.06578222549315023,0.010097525848213666
8922.0,0.06592035172809485,0.010097525848213666
8923.0,0.07042923828384622,0.010097525848213666
8924.0,0.07423790071478516,0.010097525848213666
8925.0,0.07570883572903478,0.010097525848213666
8926.0,0.0771797707432844,0.010097525848213666
8927.0,0.07692170694451604,0.010097525848213666
8928.0,0.07630833514075852,0.010097525848213666
8929.0,0.07473171989287548,0.010097525848213666
8930.0,0.07187078005283057,0.010097525848213666
8931.0,0.06908796054058093,0.010097525848213666
8932.0,0.06905633518115649,0.010097525848213666
8933.0,0.06902470982173203,0.010097525848213666
8934.0,0.06891465759380043,0.010097525848213666
8935.0,0.06875787977945942,0.010097525848213666
8936.0,0.06993079714648649,0.010097525848213666
8937.0,0.07566570064106555,0.010097525848213666
8938.0,0.08140060413564464,0.010097525848213666
8939.0,0.08128872180310222,0.010097525848213666
8940.0,0.07993429109972323,0.010097525848213666
8941.0,0.080239338726099,0.010097525848213666
8942.0,0.08280090079518763,0.010097525848213666
8943.0,0.0850907262643199,0.010097525848213666
8944.0,0.0757387837142869,0.010097525848213666
8945.0,0.06638684116425389,0.010097525848213666
8946.0,0.061834982993966045,0.010097525848213666
8947.0,0.06020209505459841,0.010097525848213666
8948.0,0.05874297537592066,0.010097525848213666
8949.0,0.057896766573259886,0.010097525848213666
8950.0,0.05705055777059912,0.010097525848213666
8951.0,0.06760943585311936,0.010097525848213666
8952.0,0.08067309143605329,0.010097525848213666
8953.0,0.08349930004384815,0.010097525848213666
8954.0,0.0721280177176376,0.010097525848213666
8955.0,0.06096970615501108,0.010097525848213666
8956.0,0.06142540023289772,0.010097525848213666
8957.0,0.06188109431078435,0.010097525848213666
8958.0,0.062446437024373976,0.010097525848213666
8959.0,0.06307983015584182,0.010097525848213666
8960.0,0.06483449765495508,0.010097525848213666
8961.0,0.07065689938777335,0.010097525848213666
8962.0,0.07647930112059162,0.010097525848213666
8963.0,0.07737967868780016,0.010097525848213666
8964.0,0.0771637208772409,0.010097525848213666
8965.0,0.07687587199447332,0.010097525848213666
8966.0,0.07648633371101707,0.010097525848213666
8967.0,0.0761366946339046,0.010097525848213666
8968.0,0.07876861443066527,0.010097525848213666
8969.0,0.08140053422742595,0.010097525848213666
8970.0,0.07982845934187935,0.010097525848213666
8971.0,0.07559385449086484,0.010097525848213666
8972.0,0.07260444590941122,0.010097525848213666
8973.0,0.07426329840235167,0.010097525848213666
8974.0,0.07592215089529213,0.010097525848213666
8975.0,0.07958817026804403,0.010097525848213666
8976.0,0.08372401536969909,0.010097525848213666
8977.0,0.08025568387524001,0.010097525848213666
8978.0,0.06581593042982206,0.010097525848213666
8979.0,0.05154376852663237,0.010097525848213666
8980.0,0.05704740860361825,0.010097525848213666
8981.0,0.06255104868060414,0.010097525848213666
8982.0,0.0675769402988191,0.010097525848213666
8983.0,0.07229408933597031,0.010097525848213666
8984.0,0.07518849312554661,0.010097525848213666
8985.0,0.07107804453927748,0.010097525848213666
8986.0,0.06696759595300834,0.010097525848213666
8987.0,0.06878900643242392,0.010097525848213666
8988.0,0.07204254980101517,0.010097525848213666
8989.0,0.07372695642028389,0.010097525848213666
8990.0,0.07310189174083954,0.010097525848213666
8991.0,0.07248359262098494,0.010097525848213666
8992.0,0.0737370983201498,0.010097525848213666
8993.0,0.07499060401931465,0.010097525848213666
8994.0,0.07610556755873005,0.010097525848213666
8995.0,0.07712918158643818,0.010097525848213666
8996.0,0.07776300831841784,0.010097525848213666
8997.0,0.07685392700481128,0.010097525848213666
8998.0,0.07594484569120472,0.010097525848213666
8999.0,0.07052716699702276,0.010097525848213666
9000.0,0.06398740859493879,0.010097525848213666
9001.0,0.05952852211811381,0.010097525848213666
9002.0,0.05819406796150204,0.010097525848213666
9003.0,0.05685961380489026,0.010097525848213666
9004.0,0.06510434116714661,0.010097525848213666
9005.0,0.07336058196872759,0.010097525848213666
9006.0,0.07471768508745473,0.010097525848213666
9007.0,0.07143380201391096,0.010097525848213666
9008.0,0.06851226279715818,0.010097525848213666
9009.0,0.06706882138646922,0.010097525848213666
9010.0,0.06562537997578026,0.010097525848213666
9011.0,0.06676916317465147,0.010097525848213666
9012.0,0.06857633729904518,0.010097525848213666
9013.0,0.07058927258365219,0.010097525848213666
9014.0,0.0729174164541179,0.010097525848213666
9015.0,0.07524556032458357,0.010097525848213666
9016.0,0.0776177841300502,0.010097525848213666
9017.0,0.07999027411869919,0.010097525848213666
9018.0,0.0759533152039787,0.010097525848213666
9019.0,0.06751796928878442,0.010097525848213666
9020.0,0.060057474562708234,0.010097525848213666
9021.0,0.05669744765087251,0.010097525848213666
9022.0,0.05333742073903678,0.010097525848213666
9023.0,0.05434408206812832,0.010097525848213666
9024.0,0.05650370812244215,0.010097525848213666
9025.0,0.06091206923180729,0.010097525848213666
9026.0,0.06883537621183122,0.010097525848213666
9027.0,0.07675868319185515,0.010097525848213666
9028.0,0.07942778442464318,0.010097525848213666
9029.0,0.08203949748785667,0.010097525848213666
9030.0,0.07897031126775654,0.010097525848213666
9031.0,0.07192449554935794,0.010097525848213666
9032.0,0.06735259827988738,0.010097525848213666
9033.0,0.07351687274070746,0.010097525848213666
9034.0,0.07968114720152757,0.010097525848213666
9035.0,0.07289591785612055,0.010097525848213666
9036.0,0.06259158671299794,0.010097525848213666
9037.0,0.05764218473023549,0.010097525848213666
9038.0,0.0612339781683308,0.010097525848213666
9039.0,0.06482577160642611,0.010097525848213666
9040.0,0.06434892117628323,0.010097525848213666
9041.0,0.06380756785554381,0.010097525848213666
9042.0,0.06889804924832192,0.010097525848213666
9043.0,0.07800961427397501,0.010097525848213666
9044.0,0.08373612944492971,0.010097525848213666
9045.0,0.07429673046427061,0.010097525848213666
9046.0,0.06485733148361153,0.010097525848213666
9047.0,0.0634420196222774,0.010097525848213666
9048.0,0.06427000093407846,0.010097525848213666
9049.0,0.06520077663278968,0.010097525848213666
9050.0,0.06629887694867877,0.010097525848213666
9051.0,0.06739697726456785,0.010097525848213666
9052.0,0.06458503051379696,0.010097525848213666
9053.0,0.06169162444913642,0.010097525848213666
9054.0,0.06157712781155593,0.010097525848213666
9055.0,0.0634862768356025,0.010097525848213666
9056.0,0.06532706083254244,0.010097525848213666
9057.0,0.06685142561618636,0.010097525848213666
9058.0,0.06837579039983027,0.010097525848213666
9059.0,0.06835852723446059,0.010097525848213666
9060.0,0.06789807581790432,0.010097525848213666
9061.0,0.06598989050603145,0.010097525848213666
9062.0,0.06167652428182728,0.010097525848213666
9063.0,0.05736315805762311,0.010097525848213666
9064.0,0.055774952565163384,0.010097525848213666
9065.0,0.05425722536748972,0.010097525848213666
9066.0,0.050115802210788866,0.010097525848213666
9067.0,0.04402581824770227,0.010097525848213666
9068.0,0.04027335234937471,0.010097525848213666
9069.0,0.047705261080265,0.010097525848213666
9070.0,0.055137169811155295,0.010097525848213666
9071.0,0.057572085498105385,0.010097525848213666
9072.0,0.058530440254494796,0.010097525848213666
9073.0,0.05936518345076417,0.010097525848213666
9074.0,0.059990307043464385,0.010097525848213666
9075.0,0.06061543063616459,0.010097525848213666
9076.0,0.06425778569400603,0.010097525848213666
9077.0,0.06799349568579198,0.010097525848213666
9078.0,0.06685053156710112,0.010097525848213666
9079.0,0.06201253790058903,0.010097525848213666
9080.0,0.059064160134853765,0.010097525848213666
9081.0,0.06546938107786965,0.010097525848213666
9082.0,0.07187460202088555,0.010097525848213666
9083.0,0.0688729851137984,0.010097525848213666
9084.0,0.0630154581238948,0.010097525848213666
9085.0,0.061420871228467004,0.010097525848213666
9086.0,0.0672060625949367,0.010097525848213666
9087.0,0.07299125396140635,0.010097525848213666
9088.0,0.05938492598038638,0.010097525848213666
9089.0,0.04507915264978671,0.010097525848213666
9090.0,0.04023393189522056,0.010097525848213666
9091.0,0.04269547834300934,0.010097525848213666
9092.0,0.04557197049812662,0.010097525848213666
9093.0,0.050575059403303056,0.010097525848213666
9094.0,0.05557814830847949,0.010097525848213666
9095.0,0.052185941926290724,0.010097525848213666
9096.0,0.04617598992694506,0.010097525848213666
9097.0,0.043813157743876084,0.010097525848213666
9098.0,0.04789639779425369,0.010097525848213666
9099.0,0.05197963784463129,0.010097525848213666
9100.0,0.055745281363914295,0.010097525848213666
9101.0,0.05949782402629009,0.010097525848213666
9102.0,0.062093579754629535,0.010097525848213666
9103.0,0.06377830371303013,0.010097525848213666
9104.0,0.06342374658402171,0.010097525848213666
9105.0,0.052239370952967316,0.010097525848213666
9106.0,0.04105499532191292,0.010097525848213666
9107.0,0.03958698673952489,0.010097525848213666
9108.0,0.041229447481736396,0.010097525848213666
9109.0,0.04288967492422151,0.010097525848213666
9110.0,0.04458196617595469,0.010097525848213666
9111.0,0.046274257427687863,0.010097525848213666
9112.0,0.04712861641040098,0.010097525848213666
9113.0,0.0479440262801084,0.010097525848213666
9114.0,0.04898361685622157,0.010097525848213666
9115.0,0.050203231332933106,0.010097525848213666
9116.0,0.05163798579670909,0.010097525848213666
9117.0,0.05425769097048202,0.010097525848213666
9118.0,0.05687739614425493,0.010097525848213666
9119.0,0.053378620197637804,0.010097525848213666
9120.0,0.04786962557352062,0.010097525848213666
9121.0,0.04660307709279277,0.010097525848213666
9122.0,0.05315537133367765,0.010097525848213666
9123.0,0.05970766557456252,0.010097525848213666
9124.0,0.05582711037035471,0.010097525848213666
9125.0,0.051406470788309955,0.010097525848213666
9126.0,0.04947634116479765,0.010097525848213666
9127.0,0.04958538454226178,0.010097525848213666
9128.0,0.0503408814307322,0.010097525848213666
9129.0,0.05479263266844528,0.010097525848213666
9130.0,0.059244383906158354,0.010097525848213666
9131.0,0.05227652559122175,0.010097525848213666
9132.0,0.04145936068553555,0.010097525848213666
9133.0,0.03700621937784141,0.010097525848213666
9134.0,0.04453241660753618,0.010097525848213666
9135.0,0.05205861383723095,0.010097525848213666
9136.0,0.04183783824096985,0.010097525848213666
9137.0,0.0306035933843549,0.010097525848213666
9138.0,0.03510953081936175,0.010097525848213666
9139.0,0.052755400167364144,0.010097525848213666
9140.0,0.06650165382358457,0.010097525848213666
9141.0,0.057077690911067416,0.010097525848213666
9142.0,0.04765372799855024,0.010097525848213666
9143.0,0.04628100525119519,0.010097525848213666
9144.0,0.04769174840908071,0.010097525848213666
9145.0,0.047046377203965345,0.010097525848213666
9146.0,0.042447494872808335,0.010097525848213666
9147.0,0.037848612541651325,0.010097525848213666
9148.0,0.04361661568249959,0.010097525848213666
9149.0,0.050032549165358195,0.010097525848213666
9150.0,0.0503842140429709,0.010097525848213666
9151.0,0.04557451252992567,0.010097525848213666
9152.0,0.04166241142449717,0.010097525848213666
9153.0,0.043298409390284835,0.010097525848213666
9154.0,0.044934407356072494,0.010097525848213666
9155.0,0.04431538119765298,0.010097525848213666
9156.0,0.04289701315455707,0.010097525848213666
9157.0,0.043808355353790504,0.010097525848213666
9158.0,0.049296210199858886,0.010097525848213666
9159.0,0.05478406504592727,0.010097525848213666
9160.0,0.04981311796826298,0.010097525848213666
9161.0,0.04413150870859574,0.010097525848213666
9162.0,0.04073708448161791,0.010097525848213666
9163.0,0.039327280451166874,0.010097525848213666
9164.0,0.037853990959531195,0.010097525848213666
9165.0,0.03597201381152073,0.010097525848213666
9166.0,0.034090036663510265,0.010097525848213666
9167.0,0.037340868828418555,0.010097525848213666
9168.0,0.042456649712596384,0.010097525848213666
9169.0,0.048077172008118715,0.010097525848213666
9170.0,0.054710821468644436,0.010097525848213666
9171.0,0.061344470929170156,0.010097525848213666
9172.0,0.05841874987276159,0.010097525848213666
9173.0,0.05479085855930902,0.010097525848213666
9174.0,0.052077278074642165,0.010097525848213666
9175.0,0.05017251101543851,0.010097525848213666
9176.0,0.048283467872272064,0.010097525848213666
9177.0,0.046499978795095515,0.010097525848213666
9178.0,0.044716489717918965,0.010097525848213666
9179.0,0.0470560384781957,0.010097525848213666
9180.0,0.05093068864088973,0.010097525848213666
9181.0,0.05365650129598983,0.010097525848213666
9182.0,0.05402572419194056,0.010097525848213666
9183.0,0.054394947087891284,0.010097525848213666
9184.0,0.05423376650775735,0.010097525848213666
9185.0,0.054030675808399285,0.010097525848213666
9186.0,0.04967049234576903,0.010097525848213666
9187.0,0.04156133253270992,0.010097525848213666
9188.0,0.03505323335076648,0.010097525848213666
9189.0,0.03976795340027549,0.010097525848213666
9190.0,0.044482673449784495,0.010097525848213666
9191.0,0.04486301019144587,0.010097525848213666
9192.0,0.043590099568586324,0.010097525848213666
9193.0,0.04398618633571092,0.010097525848213666
9194.0,0.04788158361566141,0.010097525848213666
9195.0,0.0517769808956119,0.010097525848213666
9196.0,0.05093449205373677,0.010097525848213666
9197.0,0.04969101024582532,0.010097525848213666
9198.0,0.04438973739838922,0.010097525848213666
9199.0,0.03535791472428238,0.010097525848213666
9200.0,0.028173635190093995,0.010097525848213666
9201.0,0.034531846871312395,0.010097525848213666
9202.0,0.0408900585525308,0.010097525848213666
9203.0,0.04922224699035072,0.010097525848213666
9204.0,0.05832557159018137,0.010097525848213666
9205.0,0.06288541370612367,0.010097525848213666
9206.0,0.057706772611342765,0.010097525848213666
9207.0,0.05252813151656186,0.010097525848213666
9208.0,0.04637585029386289,0.010097525848213666
9209.0,0.0401356356041149,0.010097525848213666
9210.0,0.03628033768676991,0.010097525848213666
9211.0,0.03466020595379653,0.010097525848213666
9212.0,0.03415058356865211,0.010097525848213666
9213.0,0.042166433989229445,0.010097525848213666
9214.0,0.050182284409806786,0.010097525848213666
9215.0,0.04984307932461868,0.010097525848213666
9216.0,0.046161852037132904,0.010097525848213666
9217.0,0.044645470190767325,0.010097525848213666
9218.0,0.04787350057553468,0.010097525848213666
9219.0,0.05110153096030204,0.010097525848213666
9220.0,0.04841897444469818,0.010097525848213666
9221.0,0.04516869050314752,0.010097525848213666
9222.0,0.04361803863643647,0.010097525848213666
9223.0,0.043691213658128406,0.010097525848213666
9224.0,0.04406391268168458,0.010097525848213666
9225.0,0.04684908219850565,0.010097525848213666
9226.0,0.04963425171532672,0.010097525848213666
9227.0,0.0507634594658938,0.010097525848213666
9228.0,0.051214591501686384,0.010097525848213666
9229.0,0.049857965533307645,0.010097525848213666
9230.0,0.04444971073066801,0.010097525848213666
9231.0,0.03904145592802837,0.010097525848213666
9232.0,0.043269820466837305,0.010097525848213666
9233.0,0.04847969253116468,0.010097525848213666
9234.0,0.049833724335127366,0.010097525848213666
9235.0,0.047432423563243134,0.010097525848213666
9236.0,0.04524619145451314,0.010097525848213666
9237.0,0.04488071109636929,0.010097525848213666
9238.0,0.04451523073822544,0.010097525848213666
9239.0,0.04045268434962337,0.010097525848213666
9240.0,0.03484077127705677,0.010097525848213666
9241.0,0.03169990205832677,0.010097525848213666
9242.0,0.034223876457090664,0.010097525848213666
9243.0,0.036747850855854566,0.010097525848213666
9244.0,0.03400425470834804,0.010097525848213666
9245.0,0.030693273967428887,0.010097525848213666
9246.0,0.030363197722266054,0.010097525848213666
9247.0,0.0329926319214455,0.010097525848213666
9248.0,0.03565020366128487,0.010097525848213666
9249.0,0.038558668472010345,0.010097525848213666
9250.0,0.04146713328273582,0.010097525848213666
9251.0,0.040861976978930466,0.010097525848213666
9252.0,0.038750122084000214,0.010097525848213666
9253.0,0.03734316645209801,0.010097525848213666
9254.0,0.03758946852946431,0.010097525848213666
9255.0,0.037835770606830604,0.010097525848213666
9256.0,0.03822817704531097,0.010097525848213666
9257.0,0.03863718625209964,0.010097525848213666
9258.0,0.04029926812714831,0.010097525848213666
9259.0,0.04322955639832871,0.010097525848213666
9260.0,0.04629247656706432,0.010097525848213666
9261.0,0.050603794471541653,0.010097525848213666
9262.0,0.05491511237601898,0.010097525848213666
9263.0,0.047922409545460315,0.010097525848213666
9264.0,0.03597077533891479,0.010097525848213666
9265.0,0.028228261887412943,0.010097525848213666
9266.0,0.030587638247984713,0.010097525848213666
9267.0,0.03294701460855649,0.010097525848213666
9268.0,0.03134370722044332,0.010097525848213666
9269.0,0.029266369115077878,0.010097525848213666
9270.0,0.035390516788789864,0.010097525848213666
9271.0,0.04997619735159611,0.010097525848213666
9272.0,0.061927026423390735,0.010097525848213666
9273.0,0.047633347880811173,0.010097525848213666
9274.0,0.03333966933823161,0.010097525848213666
9275.0,0.03460713066909828,0.010097525848213666
9276.0,0.04285680780403147,0.010097525848213666
9277.0,0.046762766453053675,0.010097525848213666
9278.0,0.039998678033002895,0.010097525848213666
9279.0,0.03323458961295212,0.010097525848213666
9280.0,0.0355240100388194,0.010097525848213666
9281.0,0.03895123630613729,0.010097525848213666
9282.0,0.04310174186272905,0.010097525848213666
9283.0,0.04801293770631548,0.010097525848213666
9284.0,0.05200205999143102,0.010097525848213666
9285.0,0.04624537702666093,0.010097525848213666
9286.0,0.04048869406189084,0.010097525848213666
9287.0,0.034319555186938674,0.010097525848213666
9288.0,0.027961163337436364,0.010097525848213666
9289.0,0.02567690961015045,0.010097525848213666
9290.0,0.03363816778507699,0.010097525848213666
9291.0,0.041599425960003544,0.010097525848213666
9292.0,0.039258886196860764,0.010097525848213666
9293.0,0.035560636651119346,0.010097525848213666
9294.0,0.03197972864610841,0.010097525848213666
9295.0,0.028524627118845597,0.010097525848213666
9296.0,0.02635568378466567,0.010097525848213666
9297.0,0.03865602012249626,0.010097525848213666
9298.0,0.050956356460326854,0.010097525848213666
9299.0,0.05421051517314453,0.010097525848213666
9300.0,0.053220788086563886,0.010097525848213666
9301.0,0.0505832221340716,0.010097525848213666
9302.0,0.043702294295110494,0.010097525848213666
9303.0,0.03682136645614939,0.010097525848213666
9304.0,0.03355540556801435,0.010097525848213666
9305.0,0.03078823110342043,0.010097525848213666
9306.0,0.0287891791555762,0.010097525848213666
9307.0,0.027629658099151588,0.010097525848213666
9308.0,0.02716385132405658,0.010097525848213666
9309.0,0.035033455210413685,0.010097525848213666
9310.0,0.0429030590967708,0.010097525848213666
9311.0,0.04159596052553015,0.010097525848213666
9312.0,0.035887956690430385,0.010097525848213666
9313.0,0.0319083777411589,0.010097525848213666
9314.0,0.032487613774588614,0.010097525848213666
9315.0,0.03306684980801833,0.010097525848213666
9316.0,0.03373806485971685,0.010097525848213666
9317.0,0.03442254611597327,0.010097525848213666
9318.0,0.03585316967007091,0.010097525848213666
9319.0,0.03811515481998862,0.010097525848213666
9320.0,0.0398531590574298,0.010097525848213666
9321.0,0.03484054253929766,0.010097525848213666
9322.0,0.029827926021165515,0.010097525848213666
9323.0,0.03379548694907393,0.010097525848213666
9324.0,0.04216478065017054,0.010097525848213666
9325.0,0.04552488475665013,0.010097525848213666
9326.0,0.035349045425279446,0.010097525848213666
9327.0,0.025173206093908766,0.010097525848213666
9328.0,0.024399216078451157,0.010097525848213666
9329.0,0.025040697852253567,0.010097525848213666
9330.0,0.025748804765017022,0.010097525848213666
9331.0,0.02653259100229272,0.010097525848213666
9332.0,0.027583843361884693,0.010097525848213666
9333.0,0.03234618816860327,0.010097525848213666
9334.0,0.03710853297532184,0.010097525848213666
9335.0,0.03875199080774876,0.010097525848213666
9336.0,0.03883319534494937,0.010097525848213666
9337.0,0.03834355719431213,0.010097525848213666
9338.0,0.03627312390811786,0.010097525848213666
9339.0,0.03420269062192359,0.010097525848213666
9340.0,0.03281548984916719,0.010097525848213666
9341.0,0.03153551862365729,0.010097525848213666
9342.0,0.031365356177816495,0.010097525848213666
9343.0,0.03248038680065918,0.010097525848213666
9344.0,0.03324857483476206,0.010097525848213666
9345.0,0.028807453988035615,0.010097525848213666
9346.0,0.024366333141309163,0.010097525848213666
9347.0,0.026502891757533883,0.010097525848213666
9348.0,0.03200588523499968,0.010097525848213666
9349.0,0.03571359743812313,0.010097525848213666
9350.0,0.03432502731407149,0.010097525848213666
9351.0,0.032936457190019856,0.010097525848213666
9352.0,0.03400556229661169,0.010097525848213666
9353.0,0.03547627075793133,0.010097525848213666
9354.0,0.03155164708014083,0.010097525848213666
9355.0,0.021257141740743845,0.010097525848213666
9356.0,0.01197998305273061,0.010097525848213666
9357.0,0.019340681059488617,0.010097525848213666
9358.0,0.026701379066246627,0.010097525848213666
9359.0,0.02766580794321928,0.010097525848213666
9360.0,0.025285935227673945,0.010097525848213666
9361.0,0.024260187582182433,0.010097525848213666
9362.0,0.027176024647645555,0.010097525848213666
9363.0,0.030091861713108674,0.010097525848213666
9364.0,0.027127231061948018,0.010097525848213666
9365.0,0.023163251262319794,0.010097525848213666
9366.0,0.02428824282929993,0.010097525848213666
9367.0,0.031538848078286746,0.010097525848213666
9368.0,0.03842080533874078,0.010097525848213666
9369.0,0.03869223389566662,0.010097525848213666
9370.0,0.03896366245259246,0.010097525848213666
9371.0,0.038904836592718005,0.010097525848213666
9372.0,0.038669631762545016,0.010097525848213666
9373.0,0.03774963156431823,0.010097525848213666
9374.0,0.034785074860518746,0.010097525848213666
9375.0,0.031820518156719255,0.010097525848213666
9376.0,0.030962362715432616,0.010097525848213666
9377.0,0.03047610015241209,0.010097525848213666
9378.0,0.02848889534173778,0.010097525848213666
9379.0,0.024659625045315946,0.010097525848213666
9380.0,0.021275866905960117,0.010097525848213666
9381.0,0.026724387280460612,0.010097525848213666
9382.0,0.03217290765496111,0.010097525848213666
9383.0,0.030358831921931333,0.010097525848213666
9384.0,0.024583340130254244,0.010097525848213666
9385.0,0.020340382517870934,0.010097525848213666
9386.0,0.0207922125376464,0.010097525848213666
9387.0,0.021244042557421867,0.010097525848213666
9388.0,0.01657228672496379,0.010097525848213666
9389.0,0.010961692007645973,0.010097525848213666
9390.0,0.010483579606228262,0.010097525848213666
9391.0,0.016428005886556456,0.010097525848213666
9392.0,0.02216672908410625,0.010097525848213666
9393.0,0.023351414587951293,0.010097525848213666
9394.0,0.024536100091796336,0.010097525848213666
9395.0,0.03138351442943788,0.010097525848213666
9396.0,0.041385121650193896,0.010097525848213666
9397.0,0.04660860648397138,0.010097525848213666
9398.0,0.036808343315004086,0.010097525848213666
9399.0,0.02700808014603679,0.010097525848213666
9400.0,0.027506752117292678,0.010097525848213666
9401.0,0.029962221765194537,0.010097525848213666
9402.0,0.03245333979609692,0.010097525848213666
9403.0,0.03498994360530871,0.010097525848213666
9404.0,0.03725843074901616,0.010097525848213666
9405.0,0.032815622609433416,0.010097525848213666
9406.0,0.02837281446985068,0.010097525848213666
9407.0,0.02635699797401662,0.010097525848213666
9408.0,0.025721504409283263,0.010097525848213666
9409.0,0.026412348984697947,0.010097525848213666
9410.0,0.03138517862167149,0.010097525848213666
9411.0,0.03635800825864503,0.010097525848213666
9412.0,0.034744981092540025,0.010097525848213666
9413.0,0.03183559992927856,0.010097525848213666
9414.0,0.02799266199060098,0.010097525848213666
9415.0,0.02293506868943728,0.010097525848213666
9416.0,0.01820523688702638,0.010097525848213666
9417.0,0.02289854817346562,0.010097525848213666
9418.0,0.027591859459904867,0.010097525848213666
9419.0,0.030820397606768895,0.010097525848213666
9420.0,0.033198422317749186,0.010097525848213666
9421.0,0.033853431350139664,0.010097525848213666
9422.0,0.02879481326182,0.010097525848213666
9423.0,0.023736195173500337,0.010097525848213666
9424.0,0.028907027062164265,0.010097525848213666
9425.0,0.03616218329584191,0.010097525848213666
9426.0,0.03913249211680122,0.010097525848213666
9427.0,0.036417598364999484,0.010097525848213666
9428.0,0.03368611229221601,0.010097525848213666
9429.0,0.030395326733034522,0.010097525848213666
9430.0,0.027104541173853032,0.010097525848213666
9431.0,0.022564239039827017,0.010097525848213666
9432.0,0.017283305666409423,0.010097525848213666
9433.0,0.01427955618121633,0.010097525848213666
9434.0,0.019035099944768607,0.010097525848213666
9435.0,0.02379064370832088,0.010097525848213666
9436.0,0.029939145078467688,0.010097525848213666
9437.0,0.036381220362793225,0.010097525848213666
9438.0,0.03611752746820297,0.010097525848213666
9439.0,0.026780210399298583,0.010097525848213666
9440.0,0.017833535138169068,0.010097525848213666
9441.0,0.024766449363128287,0.010097525848213666
9442.0,0.031699363588087504,0.010097525848213666
9443.0,0.032121060927914565,0.010097525848213666
9444.0,0.028603409323756677,0.010097525848213666
9445.0,0.027231811429165833,0.010097525848213666
9446.0,0.033377201663185,0.010097525848213666
9447.0,0.03952259189720418,0.010097525848213666
9448.0,0.034431846962488064,0.010097525848213666
9449.0,0.026893464396007,0.010097525848213666
9450.0,0.02467737242280362,0.010097525848213666
9451.0,0.029806041468327146,0.010097525848213666
9452.0,0.03469789789354223,0.010097525848213666
9453.0,0.027497509894461414,0.010097525848213666
9454.0,0.020297121895380587,0.010097525848213666
9455.0,0.02231067184223911,0.010097525848213666
9456.0,0.030013604831426434,0.010097525848213666
9457.0,0.03555054473136908,0.010097525848213666
9458.0,0.03328512278494314,0.010097525848213666
9459.0,0.0310197008385172,0.010097525848213666
9460.0,0.03063653671074786,0.010097525848213666
9461.0,0.030676880592171635,0.010097525848213666
9462.0,0.028546472004815304,0.010097525848213666
9463.0,0.02336069794839884,0.010097525848213666
9464.0,0.01830195822385863,0.010097525848213666
9465.0,0.021934484038095163,0.010097525848213666
9466.0,0.025567009852331696,0.010097525848213666
9467.0,0.024994234637161838,0.010097525848213666
9468.0,0.021771543704844423,0.010097525848213666
9469.0,0.02087937273825118,0.010097525848213666
9470.0,0.028624609102264317,0.010097525848213666
9471.0,0.036369845466277466,0.010097525848213666
9472.0,0.040932300447800905,0.010097525848213666
9473.0,0.04475555916149853,0.010097525848213666
9474.0,0.04319619221275303,0.010097525848213666
9475.0,0.03390913754397037,0.010097525848213666
9476.0,0.024622316118575637,0.010097525848213666
9477.0,0.015359547917562916,0.010097525848213666
9478.0,0.006096779716550198,0.010097525848213666
9479.0,0.0097208730141117,0.010097525848213666
9480.0,0.021631192837331233,0.010097525848213666
9481.0,0.02946371717473998,0.010097525848213666
9482.0,0.021739333878431695,0.010097525848213666
9483.0,0.01401495058212341,0.010097525848213666
9484.0,0.015056112739106155,0.010097525848213666
9485.0,0.018197353494265593,0.010097525848213666
9486.0,0.0201843235442313,0.010097525848213666
9487.0,0.020480867561449918,0.010097525848213666
9488.0,0.020746467743629992,0.010097525848213666
9489.0,0.014598958113567678,0.010097525848213666
9490.0,0.008451448483505368,0.010097525848213666
9491.0,0.011723959836485737,0.010097525848213666
9492.0,0.021176604239969605,0.010097525848213666
9493.0,0.02727515405636685,0.010097525848213666
9494.0,0.020195486086855206,0.010097525848213666
9495.0,0.01311581811734356,0.010097525848213666
9496.0,0.018766441611379216,0.010097525848213666
9497.0,0.027561523326218636,0.010097525848213666
9498.0,0.03117296128982428,0.010097525848213666
9499.0,0.02703997340956529,0.010097525848213666
9500.0,0.022906985529306298,0.010097525848213666
