wavelength,intensity,uncertainty
3500.0,0.05587193316041695,0.010106202354160359
3501.0,0.07138594373073333,0.010106202354160359
3502.0,0.08689995430104973,0.010106202354160359
3503.0,0.09099670397987139,0.010106202354160359
3504.0,0.08745143935456581,0.010106202354160359
3505.0,0.08470040271450559,0.010106202354160359
3506.0,0.08516478603895453,0.010106202354160359
3507.0,0.08562916936340344,0.010106202354160359
3508.0,0.08638186303482015,0.010106202354160359
3509.0,0.08720793689996813,0.010106202354160359
3510.0,0.08790309227245072,0.010106202354160359
3511.0,0.08839869612429481,0.010106202354160359
3512.0,0.08889429997613889,0.010106202354160359
3513.0,0.08796289897464854,0.010106202354160359
3514.0,0.08702461254563897,0.010106202354160359
3515.0,0.08806907406432128,0.010106202354160359
3516.0,0.0904674119594079,0.010106202354160359
3517.0,0.0923934438930088,0.010106202354160359
3518.0,0.09234811181345058,0.010106202354160359
3519.0,0.09230277973389237,0.010106202354160359
3520.0,0.08627520317671851,0.010106202354160359
3521.0,0.0786795534458654,0.010106202354160359
3522.0,0.07411090805066431,0.010106202354160359
3523.0,0.07424990436766102,0.010106202354160359
3524.0,0.07438890068465773,0.010106202354160359
3525.0,0.07929354935929753,0.010106202354160359
3526.0,0.08424441042043644,0.010106202354160359
3527.0,0.08590267793160686,0.010106202354160359
3528.0,0.0852675299761988,0.010106202354160359
3529.0,0.08583495840239522,0.010106202354160359
3530.0,0.09158035901945566,0.010106202354160359
3531.0,0.0973257596365161,0.010106202354160359
3532.0,0.09322642215994678,0.010106202354160359
3533.0,0.0864708062648186,0.010106202354160359
3534.0,0.0817410702134989,0.010106202354160359
3535.0,0.08022631739257395,0.010106202354160359
3536.0,0.07871156457164902,0.010106202354160359
3537.0,0.08257763942514756,0.010106202354160359
3538.0,0.08652236218618826,0.010106202354160359
3539.0,0.08874470057624949,0.010106202354160359
3540.0,0.08974333261649878,0.010106202354160359
3541.0,0.08922283003974789,0.010106202354160359
3542.0,0.08195061805411566,0.010106202354160359
3543.0,0.07467840606848342,0.010106202354160359
3544.0,0.07456425857454455,0.010106202354160359
3545.0,0.07643724248090508,0.010106202354160359
3546.0,0.07720030519438793,0.010106202354160359
3547.0,0.07616585402632474,0.010106202354160359
3548.0,0.07513140285826155,0.010106202354160359
3549.0,0.0708526477642674,0.010106202354160359
3550.0,0.0665103567304758,0.010106202354160359
3551.0,0.0724655467240984,0.010106202354160359
3552.0,0.08588267949120579,0.010106202354160359
3553.0,0.09561751948023003,0.010106202354160359
3554.0,0.08844841141417334,0.010106202354160359
3555.0,0.08127930334811667,0.010106202354160359
3556.0,0.08419817847326928,0.010106202354160359
3557.0,0.08999711052800946,0.010106202354160359
3558.0,0.09188303511321874,0.010106202354160359
3559.0,0.0873012817471991,0.010106202354160359
3560.0,0.08271952838117945,0.010106202354160359
3561.0,0.08353680805107438,0.010106202354160359
3562.0,0.08448690526182788,0.010106202354160359
3563.0,0.08369185803226951,0.010106202354160359
3564.0,0.08160707983847257,0.010106202354160359
3565.0,0.08113806306048182,0.010106202354160359
3566.0,0.08833555562093566,0.010106202354160359
3567.0,0.09553304818138951,0.010106202354160359
3568.0,0.0903545160275088,0.010106202354160359
3569.0,0.08154388966398665,0.010106202354160359
3570.0,0.0776511248137178,0.010106202354160359
3571.0,0.08205526825838935,0.010106202354160359
3572.0,0.08645941170306089,0.010106202354160359
3573.0,0.08955177109238875,0.010106202354160359
3574.0,0.09260521476190417,0.010106202354160359
3575.0,0.09411736372212907,0.010106202354160359
3576.0,0.09446786319619378,0.010106202354160359
3577.0,0.09504947902253,0.010106202354160359
3578.0,0.09676536801036936,0.010106202354160359
3579.0,0.09848125699820873,0.010106202354160359
3580.0,0.10220712609388245,0.010106202354160359
3581.0,0.1065391298158252,0.010106202354160359
3582.0,0.10885701944533177,0.010106202354160359
3583.0,0.10770615702675265,0.010106202354160359
3584.0,0.10655529460817352,0.010106202354160359
3585.0,0.1018937273470997,0.010106202354160359
3586.0,0.09711004861324307,0.010106202354160359
3587.0,0.09211234679397533,0.010106202354160359
3588.0,0.08695015164791596,0.010106202354160359
3589.0,0.0836284674881279,0.010106202354160359
3590.0,0.08965711651407735,0.010106202354160359
3591.0,0.09568576554002678,0.010106202354160359
3592.0,0.09628316980114372,0.010106202354160359
3593.0,0.09519825453604544,0.010106202354160359
3594.0,0.09521275162692458,0.010106202354160359
3595.0,0.0971603214364276,0.010106202354160359
3596.0,0.09910789124593063,0.010106202354160359
3597.0,0.09690673520341547,0.010106202354160359
3598.0,0.09453983730413977,0.010106202354160359
3599.0,0.09006059080127046,0.010106202354160359
3600.0,0.08392584196667552,0.010106202354160359
3601.0,0.08033295743850577,0.010106202354160359
3602.0,0.09011830610206847,0.010106202354160359
3603.0,0.0999036547656312,0.010106202354160359
3604.0,0.09800744481136926,0.010106202354160359
3605.0,0.0923960556131427,0.010106202354160359
3606.0,0.09265770083403836,0.010106202354160359
3607.0,0.10346321657247594,0.010106202354160359
3608.0,0.11426873231091352,0.010106202354160359
3609.0,0.10569000520702163,0.010106202354160359
3610.0,0.09623570377148541,0.010106202354160359
3611.0,0.0956511787978842,0.010106202354160359
3612.0,0.10215481211999262,0.010106202354160359
3613.0,0.10702133901487125,0.010106202354160359
3614.0,0.10295357967123586,0.010106202354160359
3615.0,0.09888582032760047,0.010106202354160359
3616.0,0.09893082470307017,0.010106202354160359
3617.0,0.10031837137538044,0.010106202354160359
3618.0,0.10293522627169069,0.010106202354160359
3619.0,0.10780581291199962,0.010106202354160359
3620.0,0.11267639955230854,0.010106202354160359
3621.0,0.1097710971254457,0.010106202354160359
3622.0,0.106473568263922,0.010106202354160359
3623.0,0.10275049372946533,0.010106202354160359
3624.0,0.09868067827632268,0.010106202354160359
3625.0,0.09565061314711566,0.010106202354160359
3626.0,0.09850969385267601,0.010106202354160359
3627.0,0.10136877455823637,0.010106202354160359
3628.0,0.10119520793819484,0.010106202354160359
3629.0,0.10000589886454668,0.010106202354160359
3630.0,0.0989567631596449,0.010106202354160359
3631.0,0.09817009000380962,0.010106202354160359
3632.0,0.09738341684797436,0.010106202354160359
3633.0,0.11000134255941962,0.010106202354160359
3634.0,0.12336679976663156,0.010106202354160359
3635.0,0.12457781088083414,0.010106202354160359
3636.0,0.11569128216392224,0.010106202354160359
3637.0,0.10898368216826848,0.010106202354160359
3638.0,0.11509754704481075,0.010106202354160359
3639.0,0.12121141192135301,0.010106202354160359
3640.0,0.11602611484550092,0.010106202354160359
3641.0,0.10695900890535832,0.010106202354160359
3642.0,0.10176338151339687,0.010106202354160359
3643.0,0.10397229526078969,0.010106202354160359
3644.0,0.10618120900818251,0.010106202354160359
3645.0,0.10063527938815305,0.010106202354160359
3646.0,0.0946151682628541,0.010106202354160359
3647.0,0.09065824765647679,0.010106202354160359
3648.0,0.08844886314373195,0.010106202354160359
3649.0,0.08707349685278408,0.010106202354160359
3650.0,0.09080203694480196,0.010106202354160359
3651.0,0.09453057703681986,0.010106202354160359
3652.0,0.09954304996094505,0.010106202354160359
3653.0,0.1050078174054719,0.010106202354160359
3654.0,0.1082123818778984,0.010106202354160359
3655.0,0.10700073416015515,0.010106202354160359
3656.0,0.10578908644241188,0.010106202354160359
3657.0,0.10994749389268714,0.010106202354160359
3658.0,0.1144634466294381,0.010106202354160359
3659.0,0.11242726282249942,0.010106202354160359
3660.0,0.10473308191071605,0.010106202354160359
3661.0,0.09770073378895049,0.010106202354160359
3662.0,0.09488537335579922,0.010106202354160359
3663.0,0.09207001292264796,0.010106202354160359
3664.0,0.0981140274816237,0.010106202354160359
3665.0,0.10735726078775917,0.010106202354160359
3666.0,0.11332443086732026,0.010106202354160359
3667.0,0.1127512588938228,0.010106202354160359
3668.0,0.11217808692032537,0.010106202354160359
3669.0,0.11279874435754214,0.010106202354160359
3670.0,0.11350544355408995,0.010106202354160359
3671.0,0.11286854537190123,0.010106202354160359
3672.0,0.11104879622423454,0.010106202354160359
3673.0,0.11029970110085667,0.010106202354160359
3674.0,0.11666210610212714,0.010106202354160359
3675.0,0.12302451110339759,0.010106202354160359
3676.0,0.12037453938550734,0.010106202354160359
3677.0,0.11438939536201012,0.010106202354160359
3678.0,0.11164267323444944,0.010106202354160359
3679.0,0.11550280453691408,0.010106202354160359
3680.0,0.11936293583937872,0.010106202354160359
3681.0,0.11654759227523974,0.010106202354160359
3682.0,0.11321410059726482,0.010106202354160359
3683.0,0.10942989512113149,0.010106202354160359
3684.0,0.1052411765778585,0.010106202354160359
3685.0,0.10150829102772624,0.010106202354160359
3686.0,0.10093584756336559,0.010106202354160359
3687.0,0.10036340409900495,0.010106202354160359
3688.0,0.10355903185449271,0.010106202354160359
3689.0,0.10818328263869689,0.010106202354160359
3690.0,0.11214053378765262,0.010106202354160359
3691.0,0.1147069671786651,0.010106202354160359
3692.0,0.11727340056967755,0.010106202354160359
3693.0,0.12162293582448841,0.010106202354160359
3694.0,0.12612086967394548,0.010106202354160359
3695.0,0.1305236346719846,0.010106202354160359
3696.0,0.13483932564045056,0.010106202354160359
3697.0,0.13746649953175546,0.010106202354160359
3698.0,0.1278561041113665,0.010106202354160359
3699.0,0.1182457086909775,0.010106202354160359
3700.0,0.11277557839140263,0.010106202354160359
3701.0,0.10891325104707683,0.010106202354160359
3702.0,0.11151781928364025,0.010106202354160359
3703.0,0.12790708599525485,0.010106202354160359
3704.0,0.14429635270686944,0.010106202354160359
3705.0,0.13433296366289516,0.010106202354160359
3706.0,0.12202711632953578,0.010106202354160359
3707.0,0.1151608575430969,0.010106202354160359
3708.0,0.11336818250575785,0.010106202354160359
3709.0,0.11208635485914929,0.010106202354160359
3710.0,0.11468064762055817,0.010106202354160359
3711.0,0.11727494038196706,0.010106202354160359
3712.0,0.11615488812400789,0.010106202354160359
3713.0,0.11355782282982327,0.010106202354160359
3714.0,0.1146788174979956,0.010106202354160359
3715.0,0.12390291231313837,0.010106202354160359
3716.0,0.13312700712828116,0.010106202354160359
3717.0,0.12435241661388131,0.010106202354160359
3718.0,0.1138749281445169,0.010106202354160359
3719.0,0.1133902491554812,0.010106202354160359
3720.0,0.12240693000020356,0.010106202354160359
3721.0,0.12981766763185223,0.010106202354160359
3722.0,0.12444993238526836,0.010106202354160359
3723.0,0.11908219713868445,0.010106202354160359
3724.0,0.11792220545293886,0.010106202354160359
3725.0,0.11847516342625161,0.010106202354160359
3726.0,0.11735820629923648,0.010106202354160359
3727.0,0.11251953916179844,0.010106202354160359
3728.0,0.1076808720243604,0.010106202354160359
3729.0,0.11164249515334033,0.010106202354160359
3730.0,0.11648763487445885,0.010106202354160359
3731.0,0.11685455820973203,0.010106202354160359
3732.0,0.11288089355872223,0.010106202354160359
3733.0,0.11001086245049588,0.010106202354160359
3734.0,0.11636671174488043,0.010106202354160359
3735.0,0.12272256103926502,0.010106202354160359
3736.0,0.12213331498179121,0.010106202354160359
3737.0,0.1186502791943738,0.010106202354160359
3738.0,0.11674086298356336,0.010106202354160359
3739.0,0.11841855596510056,0.010106202354160359
3740.0,0.12009624894663776,0.010106202354160359
3741.0,0.11420987423932948,0.010106202354160359
3742.0,0.10751988012284991,0.010106202354160359
3743.0,0.10631174426548205,0.010106202354160359
3744.0,0.11052005069754203,0.010106202354160359
3745.0,0.11456021363979975,0.010106202354160359
3746.0,0.11712071387180074,0.010106202354160359
3747.0,0.11968121410380174,0.010106202354160359
3748.0,0.12177690354236716,0.010106202354160359
3749.0,0.12367441166660832,0.010106202354160359
3750.0,0.12459423894378327,0.010106202354160359
3751.0,0.12323411448560166,0.010106202354160359
3752.0,0.12187399002742004,0.010106202354160359
3753.0,0.12139747093177772,0.010106202354160359
3754.0,0.1210200477646443,0.010106202354160359
3755.0,0.12092136188345741,0.010106202354160359
3756.0,0.12110342825654904,0.010106202354160359
3757.0,0.1214892158002308,0.010106202354160359
3758.0,0.12376634063136356,0.010106202354160359
3759.0,0.1260434654624963,0.010106202354160359
3760.0,0.12428801376831747,0.010106202354160359
3761.0,0.120773524382926,0.010106202354160359
3762.0,0.11823244113571293,0.010106202354160359
3763.0,0.11801407903935532,0.010106202354160359
3764.0,0.1177957169429977,0.010106202354160359
3765.0,0.1215237434268236,0.010106202354160359
3766.0,0.1257179205080399,0.010106202354160359
3767.0,0.13016293651482214,0.010106202354160359
3768.0,0.1348655048977328,0.010106202354160359
3769.0,0.1389466990347799,0.010106202354160359
3770.0,0.13692712784880623,0.010106202354160359
3771.0,0.13490755666283255,0.010106202354160359
3772.0,0.13781177220620874,0.010106202354160359
3773.0,0.14291288564792304,0.010106202354160359
3774.0,0.14475676224076348,0.010106202354160359
3775.0,0.138645981901024,0.010106202354160359
3776.0,0.13253520156128457,0.010106202354160359
3777.0,0.13007972798737424,0.010106202354160359
3778.0,0.128078084673189,0.010106202354160359
3779.0,0.13035441911220458,0.010106202354160359
3780.0,0.137108440339583,0.010106202354160359
3781.0,0.1431589714594916,0.010106202354160359
3782.0,0.14188549598108163,0.010106202354160359
3783.0,0.14061202050267163,0.010106202354160359
3784.0,0.13879940206194324,0.010106202354160359
3785.0,0.13674077608071636,0.010106202354160359
3786.0,0.13427884142769336,0.010106202354160359
3787.0,0.13080863509517973,0.010106202354160359
3788.0,0.12733842876266604,0.010106202354160359
3789.0,0.1314668711153371,0.010106202354160359
3790.0,0.1365850967431483,0.010106202354160359
3791.0,0.13880979961893175,0.010106202354160359
3792.0,0.13794712089825756,0.010106202354160359
3793.0,0.1372402998594304,0.010106202354160359
3794.0,0.13825920735583916,0.010106202354160359
3795.0,0.1392781148522479,0.010106202354160359
3796.0,0.13913256333512633,0.010106202354160359
3797.0,0.13844373428528348,0.010106202354160359
3798.0,0.13629410395355115,0.010106202354160359
3799.0,0.13040507204980004,0.010106202354160359
3800.0,0.12451604014604889,0.010106202354160359
3801.0,0.1271842554776763,0.010106202354160359
3802.0,0.131019898808675,0.010106202354160359
3803.0,0.13324110483228374,0.010106202354160359
3804.0,0.1337062562408355,0.010106202354160359
3805.0,0.13444838923637875,0.010106202354160359
3806.0,0.1384631662135937,0.010106202354160359
3807.0,0.14247794319080864,0.010106202354160359
3808.0,0.14088325608379804,0.010106202354160359
3809.0,0.1366131330926418,0.010106202354160359
3810.0,0.1351071471933086,0.010106202354160359
3811.0,0.14084800766948571,0.010106202354160359
3812.0,0.14658886814566283,0.010106202354160359
3813.0,0.1477396551810581,0.010106202354160359
3814.0,0.1482356169244913,0.010106202354160359
3815.0,0.14581548628259028,0.010106202354160359
3816.0,0.1401618152235364,0.010106202354160359
3817.0,0.13546577903368737,0.010106202354160359
3818.0,0.1428893185655449,0.010106202354160359
3819.0,0.15031285809740247,0.010106202354160359
3820.0,0.15099483880703463,0.010106202354160359
3821.0,0.14839030959083443,0.010106202354160359
3822.0,0.14446564510393844,0.010106202354160359
3823.0,0.1369953075669905,0.010106202354160359
3824.0,0.12952497003004254,0.010106202354160359
3825.0,0.13729811764983388,0.010106202354160359
3826.0,0.14734201892055743,0.010106202354160359
3827.0,0.15033101514209035,0.010106202354160359
3828.0,0.14534490130802033,0.010106202354160359
3829.0,0.14100222740396856,0.010106202354160359
3830.0,0.1454193672840097,0.010106202354160359
3831.0,0.14983650716405084,0.010106202354160359
3832.0,0.14940632353805647,0.010106202354160359
3833.0,0.14656119636679,0.010106202354160359
3834.0,0.1441241720404726,0.010106202354160359
3835.0,0.14281034968831638,0.010106202354160359
3836.0,0.14149652733616017,0.010106202354160359
3837.0,0.14528453363992103,0.010106202354160359
3838.0,0.14986505701644534,0.010106202354160359
3839.0,0.15034453178532659,0.010106202354160359
3840.0,0.14609773348183455,0.010106202354160359
3841.0,0.1425977555541971,0.010106202354160359
3842.0,0.15008871900705692,0.010106202354160359
3843.0,0.1575796824599167,0.010106202354160359
3844.0,0.15702631909603576,0.010106202354160359
3845.0,0.15237792704464748,0.010106202354160359
3846.0,0.14851132223442992,0.010106202354160359
3847.0,0.14685021812751525,0.010106202354160359
3848.0,0.14518911402060058,0.010106202354160359
3849.0,0.15352935913056753,0.010106202354160359
3850.0,0.16348767468566483,0.010106202354160359
3851.0,0.1640050031639805,0.010106202354160359
3852.0,0.15342978807949625,0.010106202354160359
3853.0,0.14379006548908557,0.010106202354160359
3854.0,0.14911822280386652,0.010106202354160359
3855.0,0.1544463801186475,0.010106202354160359
3856.0,0.1582079593330895,0.010106202354160359
3857.0,0.16115480358658854,0.010106202354160359
3858.0,0.16146265050752734,0.010106202354160359
3859.0,0.15413713598521603,0.010106202354160359
3860.0,0.1468116214629047,0.010106202354160359
3861.0,0.15601211332034437,0.010106202354160359
3862.0,0.16799398072557048,0.010106202354160359
3863.0,0.171744279377079,0.010106202354160359
3864.0,0.16563407086713755,0.010106202354160359
3865.0,0.1598187694931985,0.010106202354160359
3866.0,0.1591676197452713,0.010106202354160359
3867.0,0.1585164699973441,0.010106202354160359
3868.0,0.15760885939859803,0.010106202354160359
3869.0,0.15656500397285444,0.010106202354160359
3870.0,0.15756435828697035,0.010106202354160359
3871.0,0.16462523482934155,0.010106202354160359
3872.0,0.17168611137171272,0.010106202354160359
3873.0,0.16808741869486288,0.010106202354160359
3874.0,0.1626244290036473,0.010106202354160359
3875.0,0.16151754750354738,0.010106202354160359
3876.0,0.16573092614085783,0.010106202354160359
3877.0,0.16928587003610476,0.010106202354160359
3878.0,0.16012178184070106,0.010106202354160359
3879.0,0.15095769364529735,0.010106202354160359
3880.0,0.1523880921903853,0.010106202354160359
3881.0,0.15956698076317868,0.010106202354160359
3882.0,0.16464438443818238,0.010106202354160359
3883.0,0.16332552097283345,0.010106202354160359
3884.0,0.1620066575074845,0.010106202354160359
3885.0,0.1608396118719786,0.010106202354160359
3886.0,0.15970013032472785,0.010106202354160359
3887.0,0.15991555653826134,0.010106202354160359
3888.0,0.16181822637843057,0.010106202354160359
3889.0,0.16391395962570676,0.010106202354160359
3890.0,0.170163165090727,0.010106202354160359
3891.0,0.1764123705557472,0.010106202354160359
3892.0,0.17669985957257273,0.010106202354160359
3893.0,0.17368393481120298,0.010106202354160359
3894.0,0.16861145613329448,0.010106202354160359
3895.0,0.15711479170620288,0.010106202354160359
3896.0,0.14561812727911125,0.010106202354160359
3897.0,0.1526489540826716,0.010106202354160359
3898.0,0.1631685524161092,0.010106202354160359
3899.0,0.17189190694529585,0.010106202354160359
3900.0,0.17833447233884067,0.010106202354160359
3901.0,0.18407243282087407,0.010106202354160359
3902.0,0.17272906211479047,0.010106202354160359
3903.0,0.1613856914087069,0.010106202354160359
3904.0,0.15724609299631848,0.010106202354160359
3905.0,0.1571823131185195,0.010106202354160359
3906.0,0.15842476451789492,0.010106202354160359
3907.0,0.16385639198295468,0.010106202354160359
3908.0,0.16928801944801447,0.010106202354160359
3909.0,0.17428212278954222,0.010106202354160359
3910.0,0.17919085557038084,0.010106202354160359
3911.0,0.17579364452754073,0.010106202354160359
3912.0,0.16164218115101292,0.010106202354160359
3913.0,0.14811432066007063,0.010106202354160359
3914.0,0.15187531258328982,0.010106202354160359
3915.0,0.155636304506509,0.010106202354160359
3916.0,0.16356642836298882,0.010106202354160359
3917.0,0.1739048575975833,0.010106202354160359
3918.0,0.18184140180770642,0.010106202354160359
3919.0,0.1818665824578427,0.010106202354160359
3920.0,0.181891763107979,0.010106202354160359
3921.0,0.17960500606905336,0.010106202354160359
3922.0,0.17685119091112522,0.010106202354160359
3923.0,0.17634060300110038,0.010106202354160359
3924.0,0.17879182488357254,0.010106202354160359
3925.0,0.18082629161434718,0.010106202354160359
3926.0,0.1693912318422255,0.010106202354160359
3927.0,0.15795617207010376,0.010106202354160359
3928.0,0.15812043284719735,0.010106202354160359
3929.0,0.1651247509710636,0.010106202354160359
3930.0,0.16939697949882215,0.010106202354160359
3931.0,0.16442324165658964,0.010106202354160359
3932.0,0.15944950381435713,0.010106202354160359
3933.0,0.1596673817461384,0.010106202354160359
3934.0,0.16097029983968833,0.010106202354160359
3935.0,0.16372811285393013,0.010106202354160359
3936.0,0.16844491114166804,0.010106202354160359
3937.0,0.17303565973277288,0.010106202354160359
3938.0,0.1727524867207013,0.010106202354160359
3939.0,0.1724693137086297,0.010106202354160359
3940.0,0.17319767598291727,0.010106202354160359
3941.0,0.1745349046891869,0.010106202354160359
3942.0,0.17653120776978198,0.010106202354160359
3943.0,0.18082009751805994,0.010106202354160359
3944.0,0.18510898726633793,0.010106202354160359
3945.0,0.1790870640035751,0.010106202354160359
3946.0,0.17083740303916062,0.010106202354160359
3947.0,0.1676096715177262,0.010106202354160359
3948.0,0.17127815079833889,0.010106202354160359
3949.0,0.17505365757026772,0.010106202354160359
3950.0,0.18396648392531512,0.010106202354160359
3951.0,0.1928793102803625,0.010106202354160359
3952.0,0.19463331650430457,0.010106202354160359
3953.0,0.19198936539964512,0.010106202354160359
3954.0,0.18825288311067612,0.010106202354160359
3955.0,0.18060850081629673,0.010106202354160359
3956.0,0.17296411852191734,0.010106202354160359
3957.0,0.17183168408192764,0.010106202354160359
3958.0,0.17215272405290138,0.010106202354160359
3959.0,0.17026340543611612,0.010106202354160359
3960.0,0.16527831081457534,0.010106202354160359
3961.0,0.1605057312022168,0.010106202354160359
3962.0,0.16913794447661645,0.010106202354160359
3963.0,0.17777015775101612,0.010106202354160359
3964.0,0.18023830600072338,0.010106202354160359
3965.0,0.17884187442049862,0.010106202354160359
3966.0,0.17725546182318028,0.010106202354160359
3967.0,0.1749699617753214,0.010106202354160359
3968.0,0.17268446172746252,0.010106202354160359
3969.0,0.18137988796992344,0.010106202354160359
3970.0,0.1926056310532836,0.010106202354160359
3971.0,0.19430783951925337,0.010106202354160359
3972.0,0.18240499853181283,0.010106202354160359
3973.0,0.1707500280196045,0.010106202354160359
3974.0,0.18178897657296467,0.010106202354160359
3975.0,0.19282792512632488,0.010106202354160359
3976.0,0.19497972293606286,0.010106202354160359
3977.0,0.19144584359683112,0.010106202354160359
3978.0,0.18820613041283984,0.010106202354160359
3979.0,0.1860805292765695,0.010106202354160359
3980.0,0.18395492814029915,0.010106202354160359
3981.0,0.18482396617253075,0.010106202354160359
3982.0,0.18640495408137497,0.010106202354160359
3983.0,0.1855813459812522,0.010106202354160359
3984.0,0.18125369531939006,0.010106202354160359
3985.0,0.17696311285155658,0.010106202354160359
3986.0,0.1788110233148867,0.010106202354160359
3987.0,0.18065893377821682,0.010106202354160359
3988.0,0.18283599334846365,0.010106202354160359
3989.0,0.18522791414128117,0.010106202354160359
3990.0,0.18793763287293275,0.010106202354160359
3991.0,0.19188676356603748,0.010106202354160359
3992.0,0.19583589425914225,0.010106202354160359
3993.0,0.1924982342645723,0.010106202354160359
3994.0,0.1873742758054596,0.010106202354160359
3995.0,0.1850145091880403,0.010106202354160359
3996.0,0.18676389939797555,0.010106202354160359
3997.0,0.1884990100041565,0.010106202354160359
3998.0,0.17835349028585334,0.010106202354160359
3999.0,0.16820797056755019,0.010106202354160359
4000.0,0.17509489932885786,0.010106202354160359
4001.0,0.1933254387775916,0.010106202354160359
4002.0,0.20613140330866167,0.010106202354160359
4003.0,0.1971410336825962,0.010106202354160359
4004.0,0.18815066405653072,0.010106202354160359
4005.0,0.18966718400650467,0.010106202354160359
4006.0,0.19383807605990142,0.010106202354160359
4007.0,0.19340838278106942,0.010106202354160359
4008.0,0.1860013667325084,0.010106202354160359
4009.0,0.17859435068394736,0.010106202354160359
4010.0,0.1882307633013906,0.010106202354160359
4011.0,0.1979287786730435,0.010106202354160359
4012.0,0.19580707324717453,0.010106202354160359
4013.0,0.1856546301020153,0.010106202354160359
4014.0,0.1783092119414141,0.010106202354160359
4015.0,0.1825904219575752,0.010106202354160359
4016.0,0.18687163197373624,0.010106202354160359
4017.0,0.19799978500184948,0.010106202354160359
4018.0,0.21090959339767437,0.010106202354160359
4019.0,0.21666073652579243,0.010106202354160359
4020.0,0.21133455664028256,0.010106202354160359
4021.0,0.20600837675477265,0.010106202354160359
4022.0,0.20659863888551386,0.010106202354160359
4023.0,0.20723904035537463,0.010106202354160359
4024.0,0.20656607266471252,0.010106202354160359
4025.0,0.20498282269003018,0.010106202354160359
4026.0,0.201784835335181,0.010106202354160359
4027.0,0.19168844461570253,0.010106202354160359
4028.0,0.18159205389622404,0.010106202354160359
4029.0,0.18219299870109562,0.010106202354160359
4030.0,0.18565959198737342,0.010106202354160359
4031.0,0.18839968062069878,0.010106202354160359
4032.0,0.18999265664409998,0.010106202354160359
4033.0,0.19158563266750114,0.010106202354160359
4034.0,0.19233018253549303,0.010106202354160359
4035.0,0.19306337876880195,0.010106202354160359
4036.0,0.19228650185408527,0.010106202354160359
4037.0,0.19044205273431,0.010106202354160359
4038.0,0.18880586139743272,0.010106202354160359
4039.0,0.18808789755787766,0.010106202354160359
4040.0,0.1873699337183226,0.010106202354160359
4041.0,0.19310636422276978,0.010106202354160359
4042.0,0.20062195396446023,0.010106202354160359
4043.0,0.20058623020231853,0.010106202354160359
4044.0,0.18838318624905223,0.010106202354160359
4045.0,0.176180142295786,0.010106202354160359
4046.0,0.19143741402433403,0.010106202354160359
4047.0,0.20719823677394103,0.010106202354160359
4048.0,0.20845752761000216,0.010106202354160359
4049.0,0.19926013531005732,0.010106202354160359
4050.0,0.19319118209777628,0.010106202354160359
4051.0,0.2013670548646565,0.010106202354160359
4052.0,0.20954292763153673,0.010106202354160359
4053.0,0.20490527827510158,0.010106202354160359
4054.0,0.19663482757707923,0.010106202354160359
4055.0,0.1902245060366517,0.010106202354160359
4056.0,0.1868730635553803,0.010106202354160359
4057.0,0.1835216210741089,0.010106202354160359
4058.0,0.18670681808136896,0.010106202354160359
4059.0,0.19004459021182588,0.010106202354160359
4060.0,0.19408682497402377,0.010106202354160359
4061.0,0.19864713329664793,0.010106202354160359
4062.0,0.20213485814492077,0.010106202354160359
4063.0,0.2005755634940174,0.010106202354160359
4064.0,0.19901626884311407,0.010106202354160359
4065.0,0.2079783860131567,0.010106202354160359
4066.0,0.22000720926434472,0.010106202354160359
4067.0,0.22508314215992198,0.010106202354160359
4068.0,0.21848895040717004,0.010106202354160359
4069.0,0.2118947586544181,0.010106202354160359
4070.0,0.20957175382655863,0.010106202354160359
4071.0,0.20737002961508552,0.010106202354160359
4072.0,0.20588357773651522,0.010106202354160359
4073.0,0.2049335801076223,0.010106202354160359
4074.0,0.20441125867337437,0.010106202354160359
4075.0,0.20597009393278154,0.010106202354160359
4076.0,0.2075289291921887,0.010106202354160359
4077.0,0.21077655570976342,0.010106202354160359
4078.0,0.21453002921886463,0.010106202354160359
4079.0,0.2148458363741873,0.010106202354160359
4080.0,0.20927170052597457,0.010106202354160359
4081.0,0.2036975646777618,0.010106202354160359
4082.0,0.2067765482933254,0.010106202354160359
4083.0,0.21014540067504708,0.010106202354160359
4084.0,0.21536719323677206,0.010106202354160359
4085.0,0.22200617097854047,0.010106202354160359
4086.0,0.2272051377281547,0.010106202354160359
4087.0,0.22515187520567642,0.010106202354160359
4088.0,0.22309861268319814,0.010106202354160359
4089.0,0.22406315911537997,0.010106202354160359
4090.0,0.2259562621489946,0.010106202354160359
4091.0,0.22479855731147372,0.010106202354160359
4092.0,0.21830445586768077,0.010106202354160359
4093.0,0.21181035442388776,0.010106202354160359
4094.0,0.2195952528169717,0.010106202354160359
4095.0,0.22793208262519396,0.010106202354160359
4096.0,0.2250122758049926,0.010106202354160359
4097.0,0.21331325452032157,0.010106202354160359
4098.0,0.20423955297589724,0.010106202354160359
4099.0,0.20886061634513256,0.010106202354160359
4100.0,0.21348167971436788,0.010106202354160359
4101.0,0.21906847063990262,0.010106202354160359
4102.0,0.22496038875542188,0.010106202354160359
4103.0,0.22547241159433393,0.010106202354160359
4104.0,0.2163761933706814,0.010106202354160359
4105.0,0.20727997514702887,0.010106202354160359
4106.0,0.21354455287145144,0.010106202354160359
4107.0,0.22048284971640952,0.010106202354160359
4108.0,0.22084362597690538,0.010106202354160359
4109.0,0.21597357228984587,0.010106202354160359
4110.0,0.213868431648738,0.010106202354160359
4111.0,0.22671509001760123,0.010106202354160359
4112.0,0.23956174838646446,0.010106202354160359
4113.0,0.23339627713328434,0.010106202354160359
4114.0,0.22106470978647036,0.010106202354160359
4115.0,0.21296325845211428,0.010106202354160359
4116.0,0.21257639157439012,0.010106202354160359
4117.0,0.21218952469666597,0.010106202354160359
4118.0,0.2214340758162804,0.010106202354160359
4119.0,0.2311517066612047,0.010106202354160359
4120.0,0.23055880085130723,0.010106202354160359
4121.0,0.22160539466697218,0.010106202354160359
4122.0,0.21444778619796648,0.010106202354160359
4123.0,0.21736659824275392,0.010106202354160359
4124.0,0.22028541028754134,0.010106202354160359
4125.0,0.21901447425195902,0.010106202354160359
4126.0,0.21634919005523287,0.010106202354160359
4127.0,0.21374254988636027,0.010106202354160359
4128.0,0.21124513673843826,0.010106202354160359
4129.0,0.20874772359051622,0.010106202354160359
4130.0,0.21595971759601193,0.010106202354160359
4131.0,0.22370019831998056,0.010106202354160359
4132.0,0.2296146091371136,0.010106202354160359
4133.0,0.23401930864969134,0.010106202354160359
4134.0,0.23684448996001972,0.010106202354160359
4135.0,0.2304644463375937,0.010106202354160359
4136.0,0.2240844027151677,0.010106202354160359
4137.0,0.22642067945048366,0.010106202354160359
4138.0,0.23173257601807393,0.010106202354160359
4139.0,0.23431906595206406,0.010106202354160359
4140.0,0.23172063594896902,0.010106202354160359
4141.0,0.229122205945874,0.010106202354160359
4142.0,0.22998826418267415,0.010106202354160359
4143.0,0.23106148647453212,0.010106202354160359
4144.0,0.22983189213628802,0.010106202354160359
4145.0,0.22666120678904433,0.010106202354160359
4146.0,0.22453680679618176,0.010106202354160359
4147.0,0.22875218670487488,0.010106202354160359
4148.0,0.23296756661356796,0.010106202354160359
4149.0,0.23399487736595137,0.010106202354160359
4150.0,0.23390610556118427,0.010106202354160359
4151.0,0.2339930563589792,0.010106202354160359
4152.0,0.23442151751511062,0.010106202354160359
4153.0,0.23484997867124202,0.010106202354160359
4154.0,0.2389033670664215,0.010106202354160359
4155.0,0.24319316375979882,0.010106202354160359
4156.0,0.24710829770043688,0.010106202354160359
4157.0,0.25070145583793935,0.010106202354160359
4158.0,0.25314515218678885,0.010106202354160359
4159.0,0.24833917286862048,0.010106202354160359
4160.0,0.2435331935504521,0.010106202354160359
4161.0,0.242589780611935,0.010106202354160359
4162.0,0.24303260683088024,0.010106202354160359
4163.0,0.24060773910518568,0.010106202354160359
4164.0,0.23248859738189545,0.010106202354160359
4165.0,0.22436945565860522,0.010106202354160359
4166.0,0.23282574378729406,0.010106202354160359
4167.0,0.2424538168026965,0.010106202354160359
4168.0,0.24530486832192078,0.010106202354160359
4169.0,0.24221839425102848,0.010106202354160359
4170.0,0.23933389334234234,0.010106202354160359
4171.0,0.23777690694525144,0.010106202354160359
4172.0,0.23621992054816052,0.010106202354160359
4173.0,0.23977569160339232,0.010106202354160359
4174.0,0.2452120171238451,0.010106202354160359
4175.0,0.24523549658913887,0.010106202354160359
4176.0,0.23427581933158312,0.010106202354160359
4177.0,0.22331614207402742,0.010106202354160359
4178.0,0.23672579508375205,0.010106202354160359
4179.0,0.251993058540205,0.010106202354160359
4180.0,0.2555296363525327,0.010106202354160359
4181.0,0.24858857903274298,0.010106202354160359
4182.0,0.24239883995190767,0.010106202354160359
4183.0,0.24136200992503049,0.010106202354160359
4184.0,0.2403251798981533,0.010106202354160359
4185.0,0.24011183632248834,0.010106202354160359
4186.0,0.24020883144248753,0.010106202354160359
4187.0,0.24087757453060116,0.010106202354160359
4188.0,0.24273200897694466,0.010106202354160359
4189.0,0.24458644342328817,0.010106202354160359
4190.0,0.23852552541126237,0.010106202354160359
4191.0,0.231816987652647,0.010106202354160359
4192.0,0.23623962907591967,0.010106202354160359
4193.0,0.25079777080930654,0.010106202354160359
4194.0,0.26254547925005417,0.010106202354160359
4195.0,0.25415174909363386,0.010106202354160359
4196.0,0.24575801893721352,0.010106202354160359
4197.0,0.24618289940480628,0.010106202354160359
4198.0,0.25001196899847467,0.010106202354160359
4199.0,0.25203861378120573,0.010106202354160359
4200.0,0.2502443879909453,0.010106202354160359
4201.0,0.2484501622006849,0.010106202354160359
4202.0,0.255826789738082,0.010106202354160359
4203.0,0.26400556763181543,0.010106202354160359
4204.0,0.265395734561137,0.010106202354160359
4205.0,0.26048443622026124,0.010106202354160359
4206.0,0.2564966337388395,0.010106202354160359
4207.0,0.2594350502033296,0.010106202354160359
4208.0,0.2623734666678197,0.010106202354160359
4209.0,0.26012487180025845,0.010106202354160359
4210.0,0.2558258000912196,0.010106202354160359
4211.0,0.25313946479089283,0.010106202354160359
4212.0,0.2539484137223779,0.010106202354160359
4213.0,0.25475736265386306,0.010106202354160359
4214.0,0.2521006117998549,0.010106202354160359
4215.0,0.24912094141202906,0.010106202354160359
4216.0,0.24691339904956766,0.010106202354160359
4217.0,0.24543649185129504,0.010106202354160359
4218.0,0.2452534579553761,0.010106202354160359
4219.0,0.2552424705534657,0.010106202354160359
4220.0,0.26523148315155537,0.010106202354160359
4221.0,0.2677434756779839,0.010106202354160359
4222.0,0.2672293555278518,0.010106202354160359
4223.0,0.26384080643154334,0.010106202354160359
4224.0,0.2540819012923642,0.010106202354160359
4225.0,0.24432299615318506,0.010106202354160359
4226.0,0.2486143118799119,0.010106202354160359
4227.0,0.2542958209640872,0.010106202354160359
4228.0,0.259604601425432,0.010106202354160359
4229.0,0.2645538394180561,0.010106202354160359
4230.0,0.2690430329891246,0.010106202354160359
4231.0,0.26973430428000655,0.010106202354160359
4232.0,0.27042557557088853,0.010106202354160359
4233.0,0.2686501764975753,0.010106202354160359
4234.0,0.2658529309576014,0.010106202354160359
4235.0,0.26451772539543406,0.010106202354160359
4236.0,0.2664964771162996,0.010106202354160359
4237.0,0.26847522883716524,0.010106202354160359
4238.0,0.2717393092574906,0.010106202354160359
4239.0,0.2751380593956638,0.010106202354160359
4240.0,0.27684227241366755,0.010106202354160359
4241.0,0.27688019059683583,0.010106202354160359
4242.0,0.2764259054437582,0.010106202354160359
4243.0,0.2716963192188757,0.010106202354160359
4244.0,0.26696673299399315,0.010106202354160359
4245.0,0.2672264267443415,0.010106202354160359
4246.0,0.2696012340568425,0.010106202354160359
4247.0,0.26993094596710776,0.010106202354160359
4248.0,0.26551864383713103,0.010106202354160359
4249.0,0.2611063417071542,0.010106202354160359
4250.0,0.26096782616962244,0.010106202354160359
4251.0,0.26130227634831854,0.010106202354160359
4252.0,0.2637151112150625,0.010106202354160359
4253.0,0.2682113268868927,0.010106202354160359
4254.0,0.2723671650859391,0.010106202354160359
4255.0,0.27340564374764675,0.010106202354160359
4256.0,0.27444412240935445,0.010106202354160359
4257.0,0.27369552970394906,0.010106202354160359
4258.0,0.2721718217067838,0.010106202354160359
4259.0,0.27309228038977335,0.010106202354160359
4260.0,0.27981145030583016,0.010106202354160359
4261.0,0.286530620221887,0.010106202354160359
4262.0,0.2773860351072907,0.010106202354160359
4263.0,0.26639138740869023,0.010106202354160359
4264.0,0.2621282171903577,0.010106202354160359
4265.0,0.26474357129044274,0.010106202354160359
4266.0,0.26717256357971186,0.010106202354160359
4267.0,0.26779766911044245,0.010106202354160359
4268.0,0.268422774641173,0.010106202354160359
4269.0,0.26672130104840364,0.010106202354160359
4270.0,0.2639875843783121,0.010106202354160359
4271.0,0.2612275504221702,0.010106202354160359
4272.0,0.25840361852870425,0.010106202354160359
4273.0,0.2555796866352383,0.010106202354160359
4274.0,0.2579590000199135,0.010106202354160359
4275.0,0.26097644725945285,0.010106202354160359
4276.0,0.26349233703272945,0.010106202354160359
4277.0,0.2654857711119823,0.010106202354160359
4278.0,0.2675855313724306,0.010106202354160359
4279.0,0.2707758534102706,0.010106202354160359
4280.0,0.2739661754481107,0.010106202354160359
4281.0,0.277512377261595,0.010106202354160359
4282.0,0.28122006029963,0.010106202354160359
4283.0,0.28237155057081464,0.010106202354160359
4284.0,0.2771699927101711,0.010106202354160359
4285.0,0.27196843484952754,0.010106202354160359
4286.0,0.26266785979675816,0.010106202354160359
4287.0,0.25283963347941885,0.010106202354160359
4288.0,0.251842693613133,0.010106202354160359
4289.0,0.2602235306960994,0.010106202354160359
4290.0,0.26801158375071765,0.010106202354160359
4291.0,0.2693382908963238,0.010106202354160359
4292.0,0.27066499804192984,0.010106202354160359
4293.0,0.2722605375550872,0.010106202354160359
4294.0,0.2739808077273543,0.010106202354160359
4295.0,0.27281048109112066,0.010106202354160359
4296.0,0.2642845081081404,0.010106202354160359
4297.0,0.25575853512516017,0.010106202354160359
4298.0,0.26150473167127414,0.010106202354160359
4299.0,0.26917592111027316,0.010106202354160359
4300.0,0.2737721103377415,0.010106202354160359
4301.0,0.27503961183622433,0.010106202354160359
4302.0,0.27616589237118266,0.010106202354160359
4303.0,0.2756510141330651,0.010106202354160359
4304.0,0.2751361358949475,0.010106202354160359
4305.0,0.27390666709079686,0.010106202354160359
4306.0,0.272338242053554,0.010106202354160359
4307.0,0.2702358996663779,0.010106202354160359
4308.0,0.2667421363066495,0.010106202354160359
4309.0,0.26324837294692116,0.010106202354160359
4310.0,0.2618558710174322,0.010106202354160359
4311.0,0.26075984844043,0.010106202354160359
4312.0,0.2614185895550394,0.010106202354160359
4313.0,0.26401377444044155,0.010106202354160359
4314.0,0.26657284242194673,0.010106202354160359
4315.0,0.2686827792275687,0.010106202354160359
4316.0,0.2707927160331908,0.010106202354160359
4317.0,0.27136072439946385,0.010106202354160359
4318.0,0.2711811310981739,0.010106202354160359
4319.0,0.27229564084650204,0.010106202354160359
4320.0,0.2768648926567972,0.010106202354160359
4321.0,0.28143414446709236,0.010106202354160359
4322.0,0.28755244561944027,0.010106202354160359
4323.0,0.2938990501872146,0.010106202354160359
4324.0,0.3003268619395555,0.010106202354160359
4325.0,0.30684603177453385,0.010106202354160359
4326.0,0.3123809029472909,0.010106202354160359
4327.0,0.30476350751278214,0.010106202354160359
4328.0,0.2971461120782733,0.010106202354160359
4329.0,0.2934222637828674,0.010106202354160359
4330.0,0.29162771353125,0.010106202354160359
4331.0,0.2917566075953305,0.010106202354160359
4332.0,0.29714694126737456,0.010106202354160359
4333.0,0.3025372749394186,0.010106202354160359
4334.0,0.2999771074041869,0.010106202354160359
4335.0,0.29619463289664993,0.010106202354160359
4336.0,0.29773039664994444,0.010106202354160359
4337.0,0.30536568624362687,0.010106202354160359
4338.0,0.311986313579988,0.010106202354160359
4339.0,0.30396949835249176,0.010106202354160359
4340.0,0.2959526831249955,0.010106202354160359
4341.0,0.2983320700590059,0.010106202354160359
4342.0,0.30597535682162924,0.010106202354160359
4343.0,0.3109348845877507,0.010106202354160359
4344.0,0.30837008347784894,0.010106202354160359
4345.0,0.30580528236794713,0.010106202354160359
4346.0,0.3080668995446025,0.010106202354160359
4347.0,0.3111015502908325,0.010106202354160359
4348.0,0.3105528598561345,0.010106202354160359
4349.0,0.30581427309270065,0.010106202354160359
4350.0,0.3013923987009902,0.010106202354160359
4351.0,0.301930240050481,0.010106202354160359
4352.0,0.30246808139997183,0.010106202354160359
4353.0,0.30334666577747454,0.010106202354160359
4354.0,0.30440151795088866,0.010106202354160359
4355.0,0.30618323230668826,0.010106202354160359
4356.0,0.31005425284255633,0.010106202354160359
4357.0,0.3139252733784244,0.010106202354160359
4358.0,0.3096667351139911,0.010106202354160359
4359.0,0.30405327038284385,0.010106202354160359
4360.0,0.3000566082368995,0.010106202354160359
4361.0,0.2979873449622644,0.010106202354160359
4362.0,0.2963994800264087,0.010106202354160359
4363.0,0.30304771275615316,0.010106202354160359
4364.0,0.30969594548589763,0.010106202354160359
4365.0,0.30801695762489645,0.010106202354160359
4366.0,0.3019375302590561,0.010106202354160359
4367.0,0.2980139233300637,0.010106202354160359
4368.0,0.30044538896845485,0.010106202354160359
4369.0,0.30287685460684605,0.010106202354160359
4370.0,0.3090227281950771,0.010106202354160359
4371.0,0.3158120837239156,0.010106202354160359
4372.0,0.31946726284357924,0.010106202354160359
4373.0,0.31931308393400903,0.010106202354160359
4374.0,0.31908386832309577,0.010106202354160359
4375.0,0.31744146150354663,0.010106202354160359
4376.0,0.3157990546839975,0.010106202354160359
4377.0,0.3204332403389246,0.010106202354160359
4378.0,0.32845516167323435,0.010106202354160359
4379.0,0.33298718845555325,0.010106202354160359
4380.0,0.3269652346120259,0.010106202354160359
4381.0,0.32094328076849854,0.010106202354160359
4382.0,0.31773437326731996,0.010106202354160359
4383.0,0.31503149534897146,0.010106202354160359
4384.0,0.31678437338745896,0.010106202354160359
4385.0,0.32405903501762506,0.010106202354160359
4386.0,0.3311482859295429,0.010106202354160359
4387.0,0.3343585494465353,0.010106202354160359
4388.0,0.3375688129635277,0.010106202354160359
4389.0,0.33689139160985077,0.010106202354160359
4390.0,0.3340710378135005,0.010106202354160359
4391.0,0.33076739870636973,0.010106202354160359
4392.0,0.3259639086347478,0.010106202354160359
4393.0,0.32116041856312594,0.010106202354160359
4394.0,0.3184972053630351,0.010106202354160359
4395.0,0.31623338855919997,0.010106202354160359
4396.0,0.31843345706235443,0.010106202354160359
4397.0,0.3262740328148299,0.010106202354160359
4398.0,0.33429706455212493,0.010106202354160359
4399.0,0.346607811932632,0.010106202354160359
4400.0,0.35891855931313915,0.010106202354160359
4401.0,0.35631205279668177,0.010106202354160359
4402.0,0.345309343336341,0.010106202354160359
4403.0,0.3333937426800865,0.010106202354160359
4404.0,0.31856973489715834,0.010106202354160359
4405.0,0.30374572711423026,0.010106202354160359
4406.0,0.31358088290250036,0.010106202354160359
4407.0,0.32818536115798136,0.010106202354160359
4408.0,0.3363196856176251,0.010106202354160359
4409.0,0.33611746576341467,0.010106202354160359
4410.0,0.3358638797582441,0.010106202354160359
4411.0,0.33423539311237044,0.010106202354160359
4412.0,0.33260690646649677,0.010106202354160359
4413.0,0.3299745267033713,0.010106202354160359
4414.0,0.3267652404985746,0.010106202354160359
4415.0,0.325578845903178,0.010106202354160359
4416.0,0.3310109377016181,0.010106202354160359
4417.0,0.33644302950005817,0.010106202354160359
4418.0,0.33639220846526163,0.010106202354160359
4419.0,0.33524322477366664,0.010106202354160359
4420.0,0.33514358730558336,0.010106202354160359
4421.0,0.3364226741811705,0.010106202354160359
4422.0,0.3378085825798158,0.010106202354160359
4423.0,0.3425100667133503,0.010106202354160359
4424.0,0.34721155084688476,0.010106202354160359
4425.0,0.348952910737976,0.010106202354160359
4426.0,0.3489576644068324,0.010106202354160359
4427.0,0.3488537708036197,0.010106202354160359
4428.0,0.34838468584612303,0.010106202354160359
4429.0,0.34791560088862644,0.010106202354160359
4430.0,0.34404470148386984,0.010106202354160359
4431.0,0.33946878836033223,0.010106202354160359
4432.0,0.3384499702098819,0.010106202354160359
4433.0,0.3421972596497715,0.010106202354160359
4434.0,0.34575577157757975,0.010106202354160359
4435.0,0.34235525794632093,0.010106202354160359
4436.0,0.33895474431506223,0.010106202354160359
4437.0,0.3393028474250619,0.010106202354160359
4438.0,0.3418958035547768,0.010106202354160359
4439.0,0.34503029796050994,0.010106202354160359
4440.0,0.35003556095612703,0.010106202354160359
4441.0,0.35504082395174413,0.010106202354160359
4442.0,0.35115120900318236,0.010106202354160359
4443.0,0.34535554878087005,0.010106202354160359
4444.0,0.34314856530969867,0.010106202354160359
4445.0,0.3458454270581324,0.010106202354160359
4446.0,0.34845504273471795,0.010106202354160359
4447.0,0.34711435015820363,0.010106202354160359
4448.0,0.3457736575816893,0.010106202354160359
4449.0,0.34613335727033606,0.010106202354160359
4450.0,0.3475323682854616,0.010106202354160359
4451.0,0.34900368086403005,0.010106202354160359
4452.0,0.3507318022744992,0.010106202354160359
4453.0,0.3524599236849684,0.010106202354160359
4454.0,0.3481917248402412,0.010106202354160359
4455.0,0.3425958949712663,0.010106202354160359
4456.0,0.340794394949346,0.010106202354160359
4457.0,0.3442809695705893,0.010106202354160359
4458.0,0.34775151119634135,0.010106202354160359
4459.0,0.3502841225858823,0.010106202354160359
4460.0,0.35281673397542324,0.010106202354160359
4461.0,0.3525863677557214,0.010106202354160359
4462.0,0.350632506731034,0.010106202354160359
4463.0,0.34951603409754634,0.010106202354160359
4464.0,0.3514590698877796,0.010106202354160359
4465.0,0.3534021056780129,0.010106202354160359
4466.0,0.351547734583433,0.010106202354160359
4467.0,0.34882522474675,0.010106202354160359
4468.0,0.3482081995481203,0.010106202354160359
4469.0,0.35058414524485776,0.010106202354160359
4470.0,0.3529503615712758,0.010106202354160359
4471.0,0.3545158507204022,0.010106202354160359
4472.0,0.35608133986952856,0.010106202354160359
4473.0,0.3517083458777356,0.010106202354160359
4474.0,0.3435552565270927,0.010106202354160359
4475.0,0.33928489315415017,0.010106202354160359
4476.0,0.34961357945736643,0.010106202354160359
4477.0,0.3599422657605827,0.010106202354160359
4478.0,0.35816976350312874,0.010106202354160359
4479.0,0.35354252981964823,0.010106202354160359
4480.0,0.353350630249027,0.010106202354160359
4481.0,0.3595899651420541,0.010106202354160359
4482.0,0.3657472691003351,0.010106202354160359
4483.0,0.36059797588665765,0.010106202354160359
4484.0,0.3554486826729803,0.010106202354160359
4485.0,0.35808036487316863,0.010106202354160359
4486.0,0.36576582912434574,0.010106202354160359
4487.0,0.37289240785891725,0.010106202354160359
4488.0,0.3778553479268678,0.010106202354160359
4489.0,0.3828182879948184,0.010106202354160359
4490.0,0.38456451784666784,0.010106202354160359
4491.0,0.38552817491459934,0.010106202354160359
4492.0,0.38102003268284335,0.010106202354160359
4493.0,0.368418187320309,0.010106202354160359
4494.0,0.35586586466585435,0.010106202354160359
4495.0,0.3638902272200839,0.010106202354160359
4496.0,0.3719145897743135,0.010106202354160359
4497.0,0.37040449294965905,0.010106202354160359
4498.0,0.3625761515865091,0.010106202354160359
4499.0,0.3568844582251069,0.010106202354160359
4500.0,0.35971376827188395,0.010106202354160359
4501.0,0.362543078318661,0.010106202354160359
4502.0,0.36571682697868224,0.010106202354160359
4503.0,0.368976943879562,0.010106202354160359
4504.0,0.372088984285612,0.010106202354160359
4505.0,0.37497757190880127,0.010106202354160359
4506.0,0.3778661595319905,0.010106202354160359
4507.0,0.3843499874688213,0.010106202354160359
4508.0,0.39084246821025714,0.010106202354160359
4509.0,0.3905101538311096,0.010106202354160359
4510.0,0.38556389345494246,0.010106202354160359
4511.0,0.3824927106139898,0.010106202354160359
4512.0,0.387128901690782,0.010106202354160359
4513.0,0.3917650927675743,0.010106202354160359
4514.0,0.3800401834799433,0.010106202354160359
4515.0,0.3640890685090467,0.010106202354160359
4516.0,0.35922771233295175,0.010106202354160359
4517.0,0.3714405274720148,0.010106202354160359
4518.0,0.38365334261107786,0.010106202354160359
4519.0,0.3829506411567876,0.010106202354160359
4520.0,0.38215423583362923,0.010106202354160359
4521.0,0.3853147489548755,0.010106202354160359
4522.0,0.3912041713481239,0.010106202354160359
4523.0,0.39456999760386624,0.010106202354160359
4524.0,0.3872383157043679,0.010106202354160359
4525.0,0.3799066338048695,0.010106202354160359
4526.0,0.38529834027274956,0.010106202354160359
4527.0,0.39407392662556945,0.010106202354160359
4528.0,0.3959888698765476,0.010106202354160359
4529.0,0.3871258275138526,0.010106202354160359
4530.0,0.3782627851511576,0.010106202354160359
4531.0,0.3851598376158995,0.010106202354160359
4532.0,0.3922483857650569,0.010106202354160359
4533.0,0.39627548289957026,0.010106202354160359
4534.0,0.39814892124259177,0.010106202354160359
4535.0,0.39822113096573797,0.010106202354160359
4536.0,0.3904144180806551,0.010106202354160359
4537.0,0.38260770519557225,0.010106202354160359
4538.0,0.38348703379821797,0.010106202354160359
4539.0,0.38674373461233075,0.010106202354160359
4540.0,0.38970566099647796,0.010106202354160359
4541.0,0.3921950271225866,0.010106202354160359
4542.0,0.39468439324869514,0.010106202354160359
4543.0,0.4040262124626872,0.010106202354160359
4544.0,0.41348516762689663,0.010106202354160359
4545.0,0.41565875130083374,0.010106202354160359
4546.0,0.4126048931631927,0.010106202354160359
4547.0,0.4079034293742349,0.010106202354160359
4548.0,0.39576046191511033,0.010106202354160359
4549.0,0.3836174944559857,0.010106202354160359
4550.0,0.38496931946429735,0.010106202354160359
4551.0,0.3901204475826741,0.010106202354160359
4552.0,0.3944751773954905,0.010106202354160359
4553.0,0.3975269390944648,0.010106202354160359
4554.0,0.40057870079343916,0.010106202354160359
4555.0,0.3988356247343449,0.010106202354160359
4556.0,0.3969866504180165,0.010106202354160359
4557.0,0.3963279055986081,0.010106202354160359
4558.0,0.3965401811179008,0.010106202354160359
4559.0,0.396080108009437,0.010106202354160359
4560.0,0.39248240797143913,0.010106202354160359
4561.0,0.38888470793344126,0.010106202354160359
4562.0,0.38297922953285196,0.010106202354160359
4563.0,0.37640571002730305,0.010106202354160359
4564.0,0.3783503446689763,0.010106202354160359
4565.0,0.3945192046654778,0.010106202354160359
4566.0,0.41068806466197927,0.010106202354160359
4567.0,0.4077458643458772,0.010106202354160359
4568.0,0.4042852382259856,0.010106202354160359
4569.0,0.40421404839474745,0.010106202354160359
4570.0,0.4066725007412068,0.010106202354160359
4571.0,0.4083822120637545,0.010106202354160359
4572.0,0.40647911704715367,0.010106202354160359
4573.0,0.4045760220305528,0.010106202354160359
4574.0,0.4055966676068266,0.010106202354160359
4575.0,0.4074871487800472,0.010106202354160359
4576.0,0.4108352724542464,0.010106202354160359
4577.0,0.41666801402783876,0.010106202354160359
4578.0,0.4225007556014312,0.010106202354160359
4579.0,0.41338463931303254,0.010106202354160359
4580.0,0.4037868993512711,0.010106202354160359
4581.0,0.4041216452415347,0.010106202354160359
4582.0,0.412015999814096,0.010106202354160359
4583.0,0.41788925499034024,0.010106202354160359
4584.0,0.4136715534684033,0.010106202354160359
4585.0,0.4094538519464662,0.010106202354160359
4586.0,0.4098705731839594,0.010106202354160359
4587.0,0.4117037715971395,0.010106202354160359
4588.0,0.41277080957134565,0.010106202354160359
4589.0,0.41250462757115647,0.010106202354160359
4590.0,0.41223844557096717,0.010106202354160359
4591.0,0.40874423381339053,0.010106202354160359
4592.0,0.4051294231856752,0.010106202354160359
4593.0,0.40511622546859444,0.010106202354160359
4594.0,0.407898309413503,0.010106202354160359
4595.0,0.40947046481972166,0.010106202354160359
4596.0,0.4047868415592347,0.010106202354160359
4597.0,0.4001032182987477,0.010106202354160359
4598.0,0.40904359946286584,0.010106202354160359
4599.0,0.42226028485488465,0.010106202354160359
4600.0,0.4288606789805031,0.010106202354160359
4601.0,0.4237061289561518,0.010106202354160359
4602.0,0.41855157893180034,0.010106202354160359
4603.0,0.4229245515804478,0.010106202354160359
4604.0,0.42770295072582315,0.010106202354160359
4605.0,0.42902256727725285,0.010106202354160359
4606.0,0.4276049107220759,0.010106202354160359
4607.0,0.42507834219049956,0.010106202354160359
4608.0,0.4166093598617489,0.010106202354160359
4609.0,0.40814037753299826,0.010106202354160359
4610.0,0.41730757283962205,0.010106202354160359
4611.0,0.4321575364954234,0.010106202354160359
4612.0,0.44213158333920877,0.010106202354160359
4613.0,0.4432597946152647,0.010106202354160359
4614.0,0.44438800589132066,0.010106202354160359
4615.0,0.4331579691961477,0.010106202354160359
4616.0,0.42133722379291494,0.010106202354160359
4617.0,0.417562306235082,0.010106202354160359
4618.0,0.42027990051777886,0.010106202354160359
4619.0,0.4219868573726916,0.010106202354160359
4620.0,0.418075625062123,0.010106202354160359
4621.0,0.4141643927515543,0.010106202354160359
4622.0,0.4222147121575746,0.010106202354160359
4623.0,0.43422036895230015,0.010106202354160359
4624.0,0.4380411503111419,0.010106202354160359
4625.0,0.4266974877973269,0.010106202354160359
4626.0,0.41535382528351195,0.010106202354160359
4627.0,0.41887261535541487,0.010106202354160359
4628.0,0.42318056220177563,0.010106202354160359
4629.0,0.42529125633152387,0.010106202354160359
4630.0,0.4255941451627013,0.010106202354160359
4631.0,0.4262209686219246,0.010106202354160359
4632.0,0.42871765863327876,0.010106202354160359
4633.0,0.4312143486446329,0.010106202354160359
4634.0,0.4329243879524047,0.010106202354160359
4635.0,0.4343675730825942,0.010106202354160359
4636.0,0.43376387018209084,0.010106202354160359
4637.0,0.4292867159735095,0.010106202354160359
4638.0,0.4248095617649281,0.010106202354160359
4639.0,0.4320446837806002,0.010106202354160359
4640.0,0.43996438610925576,0.010106202354160359
4641.0,0.4392829265928025,0.010106202354160359
4642.0,0.4313863644248291,0.010106202354160359
4643.0,0.4266563416746925,0.010106202354160359
4644.0,0.4409255554316166,0.010106202354160359
4645.0,0.45519476918854074,0.010106202354160359
4646.0,0.45120814285476946,0.010106202354160359
4647.0,0.4408703747418788,0.010106202354160359
4648.0,0.4360324766537698,0.010106202354160359
4649.0,0.44182636956424165,0.010106202354160359
4650.0,0.4476202624747135,0.010106202354160359
4651.0,0.4474137379035764,0.010106202354160359
4652.0,0.4468240449108817,0.010106202354160359
4653.0,0.44789430027855104,0.010106202354160359
4654.0,0.45038419967824855,0.010106202354160359
4655.0,0.45066970558898545,0.010106202354160359
4656.0,0.43719212867300805,0.010106202354160359
4657.0,0.4237145517570307,0.010106202354160359
4658.0,0.4271895634315335,0.010106202354160359
4659.0,0.4367111824371513,0.010106202354160359
4660.0,0.4435189105355925,0.010106202354160359
4661.0,0.4449667040923621,0.010106202354160359
4662.0,0.44641449764913177,0.010106202354160359
4663.0,0.45220462272352613,0.010106202354160359
4664.0,0.4582957566579375,0.010106202354160359
4665.0,0.4545349796929653,0.010106202354160359
4666.0,0.442184221988757,0.010106202354160359
4667.0,0.43254204458739637,0.010106202354160359
4668.0,0.4405178399666453,0.010106202354160359
4669.0,0.44849363534589415,0.010106202354160359
4670.0,0.4483869490497944,0.010106202354160359
4671.0,0.4453255194527068,0.010106202354160359
4672.0,0.4422851673714514,0.010106202354160359
4673.0,0.4392873521609154,0.010106202354160359
4674.0,0.43628953695037936,0.010106202354160359
4675.0,0.4417161435266337,0.010106202354160359
4676.0,0.44777322295918986,0.010106202354160359
4677.0,0.45286290120411266,0.010106202354160359
4678.0,0.45709266728225173,0.010106202354160359
4679.0,0.45999718454249466,0.010106202354160359
4680.0,0.45390982664579427,0.010106202354160359
4681.0,0.44782246874909387,0.010106202354160359
4682.0,0.455866054285777,0.010106202354160359
4683.0,0.46920291401284225,0.010106202354160359
4684.0,0.47553190848618815,0.010106202354160359
4685.0,0.4674071808737331,0.010106202354160359
4686.0,0.45928245326127815,0.010106202354160359
4687.0,0.4570178410260543,0.010106202354160359
4688.0,0.45522447023491136,0.010106202354160359
4689.0,0.45269250232834046,0.010106202354160359
4690.0,0.449491233603212,0.010106202354160359
4691.0,0.44772368516036976,0.010106202354160359
4692.0,0.4561174552230196,0.010106202354160359
4693.0,0.4645112252856694,0.010106202354160359
4694.0,0.4656083044185661,0.010106202354160359
4695.0,0.46390549052027646,0.010106202354160359
4696.0,0.46417943366805875,0.010106202354160359
4697.0,0.4686207937226658,0.010106202354160359
4698.0,0.47306215377727284,0.010106202354160359
4699.0,0.4700775841051573,0.010106202354160359
4700.0,0.46645401656868096,0.010106202354160359
4701.0,0.46434725402430843,0.010106202354160359
4702.0,0.4636416970153653,0.010106202354160359
4703.0,0.4633466305004877,0.010106202354160359
4704.0,0.46609499855777936,0.010106202354160359
4705.0,0.468843366615071,0.010106202354160359
4706.0,0.4664323737782459,0.010106202354160359
4707.0,0.46199387289774857,0.010106202354160359
4708.0,0.4596612543238244,0.010106202354160359
4709.0,0.4618674502667237,0.010106202354160359
4710.0,0.46407364620962305,0.010106202354160359
4711.0,0.4752803349636972,0.010106202354160359
4712.0,0.487312757003198,0.010106202354160359
4713.0,0.4900551449273131,0.010106202354160359
4714.0,0.4840488760154846,0.010106202354160359
4715.0,0.47891702280720394,0.010106202354160359
4716.0,0.48057799895910475,0.010106202354160359
4717.0,0.4822389751110056,0.010106202354160359
4718.0,0.48211056720342216,0.010106202354160359
4719.0,0.48126218826853995,0.010106202354160359
4720.0,0.4786048232123868,0.010106202354160359
4721.0,0.47196073105051217,0.010106202354160359
4722.0,0.4653166388886375,0.010106202354160359
4723.0,0.47074448532958807,0.010106202354160359
4724.0,0.4773493060216752,0.010106202354160359
4725.0,0.4784633274465516,0.010106202354160359
4726.0,0.4743061815749083,0.010106202354160359
4727.0,0.47121202526791145,0.010106202354160359
4728.0,0.47678532233413745,0.010106202354160359
4729.0,0.4823586194003634,0.010106202354160359
4730.0,0.4838012298062504,0.010106202354160359
4731.0,0.4835425574011848,0.010106202354160359
4732.0,0.4832234375647054,0.010106202354160359
4733.0,0.4827680748847658,0.010106202354160359
4734.0,0.48231271220482613,0.010106202354160359
4735.0,0.48260654688161686,0.010106202354160359
4736.0,0.48297778208003,0.010106202354160359
4737.0,0.4823623281420121,0.010106202354160359
4738.0,0.4807812781844958,0.010106202354160359
4739.0,0.48012602171783636,0.010106202354160359
4740.0,0.48740917840265996,0.010106202354160359
4741.0,0.49469233508748356,0.010106202354160359
4742.0,0.4963895222840581,0.010106202354160359
4743.0,0.49573221380895943,0.010106202354160359
4744.0,0.4949948666189672,0.010106202354160359
4745.0,0.49407298572519287,0.010106202354160359
4746.0,0.49315110483141855,0.010106202354160359
4747.0,0.4883684959188058,0.010106202354160359
4748.0,0.4831643428017415,0.010106202354160359
4749.0,0.48238729714802436,0.010106202354160359
4750.0,0.48602674239299515,0.010106202354160359
4751.0,0.4893016718243233,0.010106202354160359
4752.0,0.48928278366251005,0.010106202354160359
4753.0,0.48926389550069677,0.010106202354160359
4754.0,0.4895919930870154,0.010106202354160359
4755.0,0.49006973572965895,0.010106202354160359
4756.0,0.4924835090028606,0.010106202354160359
4757.0,0.49946412872313695,0.010106202354160359
4758.0,0.5064447484434133,0.010106202354160359
4759.0,0.4951232586642095,0.010106202354160359
4760.0,0.48169469871504966,0.010106202354160359
4761.0,0.4803114292245706,0.010106202354160359
4762.0,0.4911776076581576,0.010106202354160359
4763.0,0.5012749974205599,0.010106202354160359
4764.0,0.5040348345491109,0.010106202354160359
4765.0,0.506794671677662,0.010106202354160359
4766.0,0.5074972597469083,0.010106202354160359
4767.0,0.5072922379370508,0.010106202354160359
4768.0,0.5061494688237531,0.010106202354160359
4769.0,0.5027430392115751,0.010106202354160359
4770.0,0.4993366095993971,0.010106202354160359
4771.0,0.49738901596276547,0.010106202354160359
4772.0,0.4956181319328617,0.010106202354160359
4773.0,0.4965389572020359,0.010106202354160359
4774.0,0.5002502097152443,0.010106202354160359
4775.0,0.5038827241040009,0.010106202354160359
4776.0,0.5067194585149694,0.010106202354160359
4777.0,0.5095561929259377,0.010106202354160359
4778.0,0.5042812624916017,0.010106202354160359
4779.0,0.4953461906026731,0.010106202354160359
4780.0,0.4910327795257804,0.010106202354160359
4781.0,0.4981387220386155,0.010106202354160359
4782.0,0.5052446645514506,0.010106202354160359
4783.0,0.5073091600570151,0.010106202354160359
4784.0,0.5087323889608413,0.010106202354160359
4785.0,0.5106642748493102,0.010106202354160359
4786.0,0.5131337044153766,0.010106202354160359
4787.0,0.5151728218535284,0.010106202354160359
4788.0,0.5125936598343797,0.010106202354160359
4789.0,0.510014497815231,0.010106202354160359
4790.0,0.5067658462223473,0.010106202354160359
4791.0,0.5032082897910564,0.010106202354160359
4792.0,0.500479226564813,0.010106202354160359
4793.0,0.49984597030218936,0.010106202354160359
4794.0,0.4992127140395658,0.010106202354160359
4795.0,0.5008619097712489,0.010106202354160359
4796.0,0.5028154324355061,0.010106202354160359
4797.0,0.5066399032047216,0.010106202354160359
4798.0,0.5124799589648108,0.010106202354160359
4799.0,0.5174656870510987,0.010106202354160359
4800.0,0.5126840271055785,0.010106202354160359
4801.0,0.5079023671600581,0.010106202354160359
4802.0,0.5065791895691016,0.010106202354160359
4803.0,0.5068874868697888,0.010106202354160359
4804.0,0.5066893931264058,0.010106202354160359
4805.0,0.5051794846524793,0.010106202354160359
4806.0,0.5036695761785529,0.010106202354160359
4807.0,0.5061264203877323,0.010106202354160359
4808.0,0.5091367649712959,0.010106202354160359
4809.0,0.5104155604759743,0.010106202354160359
4810.0,0.5097927051030859,0.010106202354160359
4811.0,0.5099303726833951,0.010106202354160359
4812.0,0.5193633208028453,0.010106202354160359
4813.0,0.5287962689222955,0.010106202354160359
4814.0,0.5282988029670885,0.010106202354160359
4815.0,0.5230128277338881,0.010106202354160359
4816.0,0.5192058691928914,0.010106202354160359
4817.0,0.5193234944184799,0.010106202354160359
4818.0,0.5194411196440684,0.010106202354160359
4819.0,0.5216510675682258,0.010106202354160359
4820.0,0.5241660859271128,0.010106202354160359
4821.0,0.5241122853137972,0.010106202354160359
4822.0,0.5211824532812263,0.010106202354160359
4823.0,0.5182500610205671,0.010106202354160359
4824.0,0.5152840820388861,0.010106202354160359
4825.0,0.512318103057205,0.010106202354160359
4826.0,0.5137633772467096,0.010106202354160359
4827.0,0.5173826561352718,0.010106202354160359
4828.0,0.521653156150853,0.010106202354160359
4829.0,0.5276941636055178,0.010106202354160359
4830.0,0.5337351710601824,0.010106202354160359
4831.0,0.5260931856255813,0.010106202354160359
4832.0,0.5163694170404752,0.010106202354160359
4833.0,0.5119945232062602,0.010106202354160359
4834.0,0.5137247717612403,0.010106202354160359
4835.0,0.5157532839965346,0.010106202354160359
4836.0,0.5220008715642525,0.010106202354160359
4837.0,0.5282484591319702,0.010106202354160359
4838.0,0.5316938531404155,0.010106202354160359
4839.0,0.5337280341469879,0.010106202354160359
4840.0,0.535075655267422,0.010106202354160359
4841.0,0.534510270886937,0.010106202354160359
4842.0,0.533944886506452,0.010106202354160359
4843.0,0.538840162075616,0.010106202354160359
4844.0,0.5446012446465341,0.010106202354160359
4845.0,0.5440309474945147,0.010106202354160359
4846.0,0.5360932266649022,0.010106202354160359
4847.0,0.529268602892369,0.010106202354160359
4848.0,0.5395114673284557,0.010106202354160359
4849.0,0.5497543317645426,0.010106202354160359
4850.0,0.5511228924706035,0.010106202354160359
4851.0,0.5479252205301279,0.010106202354160359
4852.0,0.545711814186627,0.010106202354160359
4853.0,0.5463099442937476,0.010106202354160359
4854.0,0.5469080744008683,0.010106202354160359
4855.0,0.5466655279828049,0.010106202354160359
4856.0,0.5462842405438022,0.010106202354160359
4857.0,0.5444540155214362,0.010106202354160359
4858.0,0.5409048409251106,0.010106202354160359
4859.0,0.5377953668872333,0.010106202354160359
4860.0,0.5420391830395581,0.010106202354160359
4861.0,0.546282999191883,0.010106202354160359
4862.0,0.5446263793842346,0.010106202354160359
4863.0,0.5398682483668522,0.010106202354160359
4864.0,0.537120776636672,0.010106202354160359
4865.0,0.5402630191392837,0.010106202354160359
4866.0,0.5434052616418955,0.010106202354160359
4867.0,0.5394428970833534,0.010106202354160359
4868.0,0.5342614578954766,0.010106202354160359
4869.0,0.5360890423754792,0.010106202354160359
4870.0,0.5463943849259119,0.010106202354160359
4871.0,0.5561525813359249,0.010106202354160359
4872.0,0.5558585579567515,0.010106202354160359
4873.0,0.5555645345775783,0.010106202354160359
4874.0,0.5569169289654043,0.010106202354160359
4875.0,0.5591532856598663,0.010106202354160359
4876.0,0.5597856715929281,0.010106202354160359
4877.0,0.5555984338439101,0.010106202354160359
4878.0,0.5514111960948919,0.010106202354160359
4879.0,0.5552616393350626,0.010106202354160359
4880.0,0.5605445405733063,0.010106202354160359
4881.0,0.5612820184023348,0.010106202354160359
4882.0,0.5564138802307119,0.010106202354160359
4883.0,0.5519539392516001,0.010106202354160359
4884.0,0.5558044744482278,0.010106202354160359
4885.0,0.5596550096448555,0.010106202354160359
4886.0,0.562918758528368,0.010106202354160359
4887.0,0.5658607565524596,0.010106202354160359
4888.0,0.5651287416721636,0.010106202354160359
4889.0,0.5530685203366696,0.010106202354160359
4890.0,0.5410082990011756,0.010106202354160359
4891.0,0.544199179863752,0.010106202354160359
4892.0,0.5502103214457356,0.010106202354160359
4893.0,0.5574456591094985,0.010106202354160359
4894.0,0.5662203652880194,0.010106202354160359
4895.0,0.5741498754585118,0.010106202354160359
4896.0,0.5628089166461239,0.010106202354160359
4897.0,0.5514679578337358,0.010106202354160359
4898.0,0.5507439407180315,0.010106202354160359
4899.0,0.5559646156759412,0.010106202354160359
4900.0,0.5590117423473066,0.010106202354160359
4901.0,0.5551795886917705,0.010106202354160359
4902.0,0.5513474350362346,0.010106202354160359
4903.0,0.554153345011393,0.010106202354160359
4904.0,0.5582317879286317,0.010106202354160359
4905.0,0.5579002738216848,0.010106202354160359
4906.0,0.5519143490645563,0.010106202354160359
4907.0,0.5466193917157979,0.010106202354160359
4908.0,0.5592004298997995,0.010106202354160359
4909.0,0.5717814680838011,0.010106202354160359
4910.0,0.5805657375579293,0.010106202354160359
4911.0,0.5871794015243398,0.010106202354160359
4912.0,0.5905294101118964,0.010106202354160359
4913.0,0.5832725387181654,0.010106202354160359
4914.0,0.5760156673244342,0.010106202354160359
4915.0,0.5771601619445444,0.010106202354160359
4916.0,0.5799728414709974,0.010106202354160359
4917.0,0.5768225229658867,0.010106202354160359
4918.0,0.565875708419499,0.010106202354160359
4919.0,0.5555468960218802,0.010106202354160359
4920.0,0.5636665922133186,0.010106202354160359
4921.0,0.5717862884047571,0.010106202354160359
4922.0,0.5705696614426942,0.010106202354160359
4923.0,0.5639038876971172,0.010106202354160359
4924.0,0.5582148429715355,0.010106202354160359
4925.0,0.555786648776247,0.010106202354160359
4926.0,0.5533584545809584,0.010106202354160359
4927.0,0.561481058174837,0.010106202354160359
4928.0,0.5717718430799389,0.010106202354160359
4929.0,0.5782032702332732,0.010106202354160359
4930.0,0.5794888870509199,0.010106202354160359
4931.0,0.5807703713439553,0.010106202354160359
4932.0,0.5819063189006731,0.010106202354160359
4933.0,0.5830422664573911,0.010106202354160359
4934.0,0.5842985226684381,0.010106202354160359
4935.0,0.5856264570241141,0.010106202354160359
4936.0,0.58543394786141,0.010106202354160359
4937.0,0.5800250234361943,0.010106202354160359
4938.0,0.5746160990109787,0.010106202354160359
4939.0,0.578181103342547,0.010106202354160359
4940.0,0.5836532308160219,0.010106202354160359
4941.0,0.588044750569404,0.010106202354160359
4942.0,0.5909668887203909,0.010106202354160359
4943.0,0.5936481435270526,0.010106202354160359
4944.0,0.5860094487400103,0.010106202354160359
4945.0,0.5783707539529678,0.010106202354160359
4946.0,0.5787792263505375,0.010106202354160359
4947.0,0.5840812463603612,0.010106202354160359
4948.0,0.5888074966041252,0.010106202354160359
4949.0,0.5915029067491249,0.010106202354160359
4950.0,0.5941983168941244,0.010106202354160359
4951.0,0.5937032675006496,0.010106202354160359
4952.0,0.5925075315321048,0.010106202354160359
4953.0,0.5937657044553315,0.010106202354160359
4954.0,0.5984270060422192,0.010106202354160359
4955.0,0.6028439859646177,0.010106202354160359
4956.0,0.5939372911171837,0.010106202354160359
4957.0,0.5850305962697498,0.010106202354160359
4958.0,0.5835636569581254,0.010106202354160359
4959.0,0.5867139978331234,0.010106202354160359
4960.0,0.5887159185585396,0.010106202354160359
4961.0,0.5865516261857607,0.010106202354160359
4962.0,0.5843873338129819,0.010106202354160359
4963.0,0.5890092656281831,0.010106202354160359
4964.0,0.5951703410736486,0.010106202354160359
4965.0,0.5994012338448554,0.010106202354160359
4966.0,0.6009018972101577,0.010106202354160359
4967.0,0.6024133028240429,0.010106202354160359
4968.0,0.6047274473774862,0.010106202354160359
4969.0,0.6070415919309295,0.010106202354160359
4970.0,0.6064510597944677,0.010106202354160359
4971.0,0.604020899087735,0.010106202354160359
4972.0,0.602896991097879,0.010106202354160359
4973.0,0.606649265125005,0.010106202354160359
4974.0,0.610401539152131,0.010106202354160359
4975.0,0.6093037264335073,0.010106202354160359
4976.0,0.6070706341506953,0.010106202354160359
4977.0,0.6061118354288548,0.010106202354160359
4978.0,0.6069916068888283,0.010106202354160359
4979.0,0.6079121973955599,0.010106202354160359
4980.0,0.6136494354196097,0.010106202354160359
4981.0,0.6193866734436594,0.010106202354160359
4982.0,0.6182375346744302,0.010106202354160359
4983.0,0.6126381089261412,0.010106202354160359
4984.0,0.6097299087413826,0.010106202354160359
4985.0,0.617164150983898,0.010106202354160359
4986.0,0.6245983932264136,0.010106202354160359
4987.0,0.622252676368654,0.010106202354160359
4988.0,0.6175457771349809,0.010106202354160359
4989.0,0.6140189984534026,0.010106202354160359
4990.0,0.6122291331066566,0.010106202354160359
4991.0,0.6104407493126406,0.010106202354160359
4992.0,0.6090622617739534,0.010106202354160359
4993.0,0.6076837742352662,0.010106202354160359
4994.0,0.6093186604348664,0.010106202354160359
4995.0,0.6129404524260451,0.010106202354160359
4996.0,0.6159694548899367,0.010106202354160359
4997.0,0.6166519988083259,0.010106202354160359
4998.0,0.6173345427267151,0.010106202354160359
4999.0,0.6155423666162063,0.010106202354160359
5000.0,0.6131342931671716,0.010106202354160359
5001.0,0.6120782779320483,0.010106202354160359
5002.0,0.6130523801352329,0.010106202354160359
5003.0,0.6140264823384177,0.010106202354160359
5004.0,0.6163946374424502,0.010106202354160359
5005.0,0.6187644680908346,0.010106202354160359
5006.0,0.6184219247495736,0.010106202354160359
5007.0,0.6162547924795392,0.010106202354160359
5008.0,0.6146024863491929,0.010106202354160359
5009.0,0.61505029416672,0.010106202354160359
5010.0,0.6154981019842471,0.010106202354160359
5011.0,0.6172631883547185,0.010106202354160359
5012.0,0.6193660384567149,0.010106202354160359
5013.0,0.6199819458382142,0.010106202354160359
5014.0,0.618319983520229,0.010106202354160359
5015.0,0.6166580212022437,0.010106202354160359
5016.0,0.6140063081717343,0.010106202354160359
5017.0,0.611348618385715,0.010106202354160359
5018.0,0.6126397321164108,0.010106202354160359
5019.0,0.6166406523089819,0.010106202354160359
5020.0,0.6193458481035518,0.010106202354160359
5021.0,0.6166009031490438,0.010106202354160359
5022.0,0.6138559581945359,0.010106202354160359
5023.0,0.6174250423944219,0.010106202354160359
5024.0,0.6226612602405367,0.010106202354160359
5025.0,0.6289582212494934,0.010106202354160359
5026.0,0.6369132054175971,0.010106202354160359
5027.0,0.6448681895857009,0.010106202354160359
5028.0,0.6410043979801451,0.010106202354160359
5029.0,0.6370115178042453,0.010106202354160359
5030.0,0.6305759193472301,0.010106202354160359
5031.0,0.6224304180934367,0.010106202354160359
5032.0,0.617669115033997,0.010106202354160359
5033.0,0.6275943643949344,0.010106202354160359
5034.0,0.6375196137558719,0.010106202354160359
5035.0,0.6350963067492781,0.010106202354160359
5036.0,0.6293172088519726,0.010106202354160359
5037.0,0.6273718233230808,0.010106202354160359
5038.0,0.6315412687369577,0.010106202354160359
5039.0,0.6357107141508347,0.010106202354160359
5040.0,0.636691911635999,0.010106202354160359
5041.0,0.6376225637271726,0.010106202354160359
5042.0,0.6378929007479706,0.010106202354160359
5043.0,0.6376917782432121,0.010106202354160359
5044.0,0.6360999614858543,0.010106202354160359
5045.0,0.6282774685046922,0.010106202354160359
5046.0,0.6204549755235301,0.010106202354160359
5047.0,0.6296677264156652,0.010106202354160359
5048.0,0.6436430186057165,0.010106202354160359
5049.0,0.6509801399465611,0.010106202354160359
5050.0,0.6475119106306642,0.010106202354160359
5051.0,0.6440436813147673,0.010106202354160359
5052.0,0.6378770825221892,0.010106202354160359
5053.0,0.6316542676988463,0.010106202354160359
5054.0,0.6289636778664612,0.010106202354160359
5055.0,0.6288453099673234,0.010106202354160359
5056.0,0.6308500545848728,0.010106202354160359
5057.0,0.6426813672694782,0.010106202354160359
5058.0,0.6545126799540836,0.010106202354160359
5059.0,0.651927888051074,0.010106202354160359
5060.0,0.645198744597379,0.010106202354160359
5061.0,0.6471607611211323,0.010106202354160359
5062.0,0.6635617654668615,0.010106202354160359
5063.0,0.679962769812591,0.010106202354160359
5064.0,0.670222070998695,0.010106202354160359
5065.0,0.6598052936548129,0.010106202354160359
5066.0,0.6537550017785124,0.010106202354160359
5067.0,0.6509476018289644,0.010106202354160359
5068.0,0.6485195247764719,0.010106202354160359
5069.0,0.6479064024189161,0.010106202354160359
5070.0,0.6472932800613601,0.010106202354160359
5071.0,0.645229107726311,0.010106202354160359
5072.0,0.6427361647913794,0.010106202354160359
5073.0,0.6437132378985045,0.010106202354160359
5074.0,0.6505747395041315,0.010106202354160359
5075.0,0.6574362411097583,0.010106202354160359
5076.0,0.6538679055079162,0.010106202354160359
5077.0,0.6499768645469379,0.010106202354160359
5078.0,0.6499152920792169,0.010106202354160359
5079.0,0.6527540976475276,0.010106202354160359
5080.0,0.6552604249537612,0.010106202354160359
5081.0,0.6561209848627096,0.010106202354160359
5082.0,0.6569815447716579,0.010106202354160359
5083.0,0.6605462889778959,0.010106202354160359
5084.0,0.664932021844031,0.010106202354160359
5085.0,0.6652727051485194,0.010106202354160359
5086.0,0.6586108108512209,0.010106202354160359
5087.0,0.6519489165539223,0.010106202354160359
5088.0,0.6568979135276719,0.010106202354160359
5089.0,0.6622657113059744,0.010106202354160359
5090.0,0.6659024161257658,0.010106202354160359
5091.0,0.6682021278733475,0.010106202354160359
5092.0,0.6700479586019584,0.010106202354160359
5093.0,0.6695676491083439,0.010106202354160359
5094.0,0.6690873396147292,0.010106202354160359
5095.0,0.6687577489680661,0.010106202354160359
5096.0,0.66847515411935,0.010106202354160359
5097.0,0.6660923159991032,0.010106202354160359
5098.0,0.6599974200035921,0.010106202354160359
5099.0,0.653902524008081,0.010106202354160359
5100.0,0.6598344567911886,0.010106202354160359
5101.0,0.6662624962614092,0.010106202354160359
5102.0,0.6730536882829833,0.010106202354160359
5103.0,0.680130882421181,0.010106202354160359
5104.0,0.6842178304916164,0.010106202354160359
5105.0,0.6724247596719287,0.010106202354160359
5106.0,0.6606316888522411,0.010106202354160359
5107.0,0.6546283043441312,0.010106202354160359
5108.0,0.6504783534888573,0.010106202354160359
5109.0,0.6509551064877664,0.010106202354160359
5110.0,0.659781735802631,0.010106202354160359
5111.0,0.6686083651174956,0.010106202354160359
5112.0,0.6672022526779418,0.010106202354160359
5113.0,0.6653204977196506,0.010106202354160359
5114.0,0.6698042435951105,0.010106202354160359
5115.0,0.6793996795340314,0.010106202354160359
5116.0,0.6872779857081877,0.010106202354160359
5117.0,0.6856986630998377,0.010106202354160359
5118.0,0.6841193404914878,0.010106202354160359
5119.0,0.6855228233081756,0.010106202354160359
5120.0,0.6879063028035826,0.010106202354160359
5121.0,0.6871078888406198,0.010106202354160359
5122.0,0.6804452343741713,0.010106202354160359
5123.0,0.6737825799077225,0.010106202354160359
5124.0,0.6751876524917682,0.010106202354160359
5125.0,0.6770103725620116,0.010106202354160359
5126.0,0.6757541964743062,0.010106202354160359
5127.0,0.6719770901262782,0.010106202354160359
5128.0,0.670079069712613,0.010106202354160359
5129.0,0.6789251777462161,0.010106202354160359
5130.0,0.687771285779819,0.010106202354160359
5131.0,0.6836467449730704,0.010106202354160359
5132.0,0.6751500753437246,0.010106202354160359
5133.0,0.6682808139567498,0.010106202354160359
5134.0,0.6644749092612946,0.010106202354160359
5135.0,0.6606690045658397,0.010106202354160359
5136.0,0.6639617962959362,0.010106202354160359
5137.0,0.6676599704361168,0.010106202354160359
5138.0,0.6639823180495461,0.010106202354160359
5139.0,0.6541473126813953,0.010106202354160359
5140.0,0.6465503420222977,0.010106202354160359
5141.0,0.6522510275928626,0.010106202354160359
5142.0,0.6579517131634275,0.010106202354160359
5143.0,0.655982845335072,0.010106202354160359
5144.0,0.6513624679310007,0.010106202354160359
5145.0,0.6492200375623514,0.010106202354160359
5146.0,0.6518422211425023,0.010106202354160359
5147.0,0.6544644047226535,0.010106202354160359
5148.0,0.6542101370971953,0.010106202354160359
5149.0,0.6537760912713867,0.010106202354160359
5150.0,0.656969435562268,0.010106202354160359
5151.0,0.6632500918858039,0.010106202354160359
5152.0,0.6674103112679468,0.010106202354160359
5153.0,0.658464036796828,0.010106202354160359
5154.0,0.649517762325709,0.010106202354160359
5155.0,0.6474519654080415,0.010106202354160359
5156.0,0.6478251019971202,0.010106202354160359
5157.0,0.6492010671567788,0.010106202354160359
5158.0,0.6525470016081111,0.010106202354160359
5159.0,0.6558929360594432,0.010106202354160359
5160.0,0.6463608531482709,0.010106202354160359
5161.0,0.635953725467601,0.010106202354160359
5162.0,0.6304881085220971,0.010106202354160359
5163.0,0.6293103047032963,0.010106202354160359
5164.0,0.6287466995018162,0.010106202354160359
5165.0,0.6321369978993253,0.010106202354160359
5166.0,0.6355272962968346,0.010106202354160359
5167.0,0.6373307914729633,0.010106202354160359
5168.0,0.6385577394884592,0.010106202354160359
5169.0,0.6393810045563969,0.010106202354160359
5170.0,0.6393939890508975,0.010106202354160359
5171.0,0.6394069735453981,0.010106202354160359
5172.0,0.6452588352435045,0.010106202354160359
5173.0,0.6515395835403301,0.010106202354160359
5174.0,0.6519730135056518,0.010106202354160359
5175.0,0.6472338157161887,0.010106202354160359
5176.0,0.6431917351624052,0.010106202354160359
5177.0,0.6438293767925892,0.010106202354160359
5178.0,0.6444670184227733,0.010106202354160359
5179.0,0.6510880577249096,0.010106202354160359
5180.0,0.6599368529971599,0.010106202354160359
5181.0,0.6677181780704431,0.010106202354160359
5182.0,0.6733098206843051,0.010106202354160359
5183.0,0.6789014632981671,0.010106202354160359
5184.0,0.673357316049628,0.010106202354160359
5185.0,0.6669332683067835,0.010106202354160359
5186.0,0.6678065827667863,0.010106202354160359
5187.0,0.6752608517247963,0.010106202354160359
5188.0,0.682872264776887,0.010106202354160359
5189.0,0.6915851974884445,0.010106202354160359
5190.0,0.7002981302000022,0.010106202354160359
5191.0,0.6963306207281886,0.010106202354160359
5192.0,0.6875264583506061,0.010106202354160359
5193.0,0.6837147996316875,0.010106202354160359
5194.0,0.690370695052114,0.010106202354160359
5195.0,0.6970265904725407,0.010106202354160359
5196.0,0.6925883911225527,0.010106202354160359
5197.0,0.6872112384391396,0.010106202354160359
5198.0,0.6900395353006497,0.010106202354160359
5199.0,0.7004115519050674,0.010106202354160359
5200.0,0.7092745487558756,0.010106202354160359
5201.0,0.7070764308126937,0.010106202354160359
5202.0,0.704878312869512,0.010106202354160359
5203.0,0.7008876683268039,0.010106202354160359
5204.0,0.6961967713228457,0.010106202354160359
5205.0,0.6946714471592795,0.010106202354160359
5206.0,0.6999311998762331,0.010106202354160359
5207.0,0.7051909525931869,0.010106202354160359
5208.0,0.7096799075577764,0.010106202354160359
5209.0,0.7140992485892338,0.010106202354160359
5210.0,0.7140050600289077,0.010106202354160359
5211.0,0.7096807495488345,0.010106202354160359
5212.0,0.7063900879115768,0.010106202354160359
5213.0,0.7110348345780101,0.010106202354160359
5214.0,0.7156795812444436,0.010106202354160359
5215.0,0.7178892251679992,0.010106202354160359
5216.0,0.7191248279944062,0.010106202354160359
5217.0,0.7195814090464834,0.010106202354160359
5218.0,0.7183307086620985,0.010106202354160359
5219.0,0.7170800082777136,0.010106202354160359
5220.0,0.7174393884042755,0.010106202354160359
5221.0,0.7179534210009687,0.010106202354160359
5222.0,0.7225205243460028,0.010106202354160359
5223.0,0.7309599276783013,0.010106202354160359
5224.0,0.7378200190831483,0.010106202354160359
5225.0,0.731959782898473,0.010106202354160359
5226.0,0.7260995467137977,0.010106202354160359
5227.0,0.7224562466219508,0.010106202354160359
5228.0,0.7197207274682843,0.010106202354160359
5229.0,0.721478543731177,0.010106202354160359
5230.0,0.733307026141669,0.010106202354160359
5231.0,0.745135508552161,0.010106202354160359
5232.0,0.7406945135775447,0.010106202354160359
5233.0,0.7345964422025922,0.010106202354160359
5234.0,0.7341199812605409,0.010106202354160359
5235.0,0.7391185958822782,0.010106202354160359
5236.0,0.74377715600649,0.010106202354160359
5237.0,0.7455568456686934,0.010106202354160359
5238.0,0.7473365353308971,0.010106202354160359
5239.0,0.7428427956576741,0.010106202354160359
5240.0,0.7357199867910742,0.010106202354160359
5241.0,0.7298067315885148,0.010106202354160359
5242.0,0.7266663662086584,0.010106202354160359
5243.0,0.723526000828802,0.010106202354160359
5244.0,0.7266249076076275,0.010106202354160359
5245.0,0.7303958636482234,0.010106202354160359
5246.0,0.7319808391288996,0.010106202354160359
5247.0,0.7313955229053477,0.010106202354160359
5248.0,0.7312047744796428,0.010106202354160359
5249.0,0.734532255584729,0.010106202354160359
5250.0,0.7378597366898151,0.010106202354160359
5251.0,0.7389819276321674,0.010106202354160359
5252.0,0.7391584538392127,0.010106202354160359
5253.0,0.7421921569263179,0.010106202354160359
5254.0,0.7519270298847189,0.010106202354160359
5255.0,0.76166190284312,0.010106202354160359
5256.0,0.7584387053395922,0.010106202354160359
5257.0,0.7537429998290238,0.010106202354160359
5258.0,0.7504032579328156,0.010106202354160359
5259.0,0.7484358560231205,0.010106202354160359
5260.0,0.7470555569692056,0.010106202354160359
5261.0,0.7512013635453384,0.010106202354160359
5262.0,0.7553471701214711,0.010106202354160359
5263.0,0.7534451719271775,0.010106202354160359
5264.0,0.7488900780304886,0.010106202354160359
5265.0,0.746547082705977,0.010106202354160359
5266.0,0.7495131239546745,0.010106202354160359
5267.0,0.7524791652033721,0.010106202354160359
5268.0,0.7552142448090611,0.010106202354160359
5269.0,0.7579216959386375,0.010106202354160359
5270.0,0.7561853046807525,0.010106202354160359
5271.0,0.7498641687157983,0.010106202354160359
5272.0,0.7454091691623699,0.010106202354160359
5273.0,0.7595418704447668,0.010106202354160359
5274.0,0.7736745717271638,0.010106202354160359
5275.0,0.7708012224651526,0.010106202354160359
5276.0,0.7602973322632363,0.010106202354160359
5277.0,0.7510099329434599,0.010106202354160359
5278.0,0.7447107601889386,0.010106202354160359
5279.0,0.7384115874344174,0.010106202354160359
5280.0,0.7534279748516525,0.010106202354160359
5281.0,0.7711232096958884,0.010106202354160359
5282.0,0.776141201213332,0.010106202354160359
5283.0,0.7678262299215671,0.010106202354160359
5284.0,0.7596030447500559,0.010106202354160359
5285.0,0.7523499878773313,0.010106202354160359
5286.0,0.7450969310046067,0.010106202354160359
5287.0,0.7495444160840179,0.010106202354160359
5288.0,0.7593606261922539,0.010106202354160359
5289.0,0.7641508813633567,0.010106202354160359
5290.0,0.7563020262283937,0.010106202354160359
5291.0,0.7484531710934307,0.010106202354160359
5292.0,0.7498951415726485,0.010106202354160359
5293.0,0.7525615822754741,0.010106202354160359
5294.0,0.7580381579760108,0.010106202354160359
5295.0,0.7665275898556799,0.010106202354160359
5296.0,0.7738546227152379,0.010106202354160359
5297.0,0.768104666598543,0.010106202354160359
5298.0,0.7623547104818482,0.010106202354160359
5299.0,0.7529996745175096,0.010106202354160359
5300.0,0.7419533665258846,0.010106202354160359
5301.0,0.7382548959724415,0.010106202354160359
5302.0,0.7534778952168967,0.010106202354160359
5303.0,0.7687008944613517,0.010106202354160359
5304.0,0.7666762040496603,0.010106202354160359
5305.0,0.7622717094641105,0.010106202354160359
5306.0,0.764865441762419,0.010106202354160359
5307.0,0.7751079898760026,0.010106202354160359
5308.0,0.7844840591882527,0.010106202354160359
5309.0,0.783448844153284,0.010106202354160359
5310.0,0.7824136291183151,0.010106202354160359
5311.0,0.7804108050825536,0.010106202354160359
5312.0,0.7779439412062692,0.010106202354160359
5313.0,0.7751562284440484,0.010106202354160359
5314.0,0.771522259231586,0.010106202354160359
5315.0,0.7678882900191237,0.010106202354160359
5316.0,0.7660669856996185,0.010106202354160359
5317.0,0.7645071234319825,0.010106202354160359
5318.0,0.7658241913407914,0.010106202354160359
5319.0,0.7703467728218284,0.010106202354160359
5320.0,0.7745922669543635,0.010106202354160359
5321.0,0.775267952413688,0.010106202354160359
5322.0,0.7759436378730125,0.010106202354160359
5323.0,0.773661258211836,0.010106202354160359
5324.0,0.7699289503878396,0.010106202354160359
5325.0,0.7676524969662983,0.010106202354160359
5326.0,0.7693100856633955,0.010106202354160359
5327.0,0.7709676743604926,0.010106202354160359
5328.0,0.7721974482489433,0.010106202354160359
5329.0,0.7733628135543241,0.010106202354160359
5330.0,0.7737492416675433,0.010106202354160359
5331.0,0.77325087702146,0.010106202354160359
5332.0,0.7728286347686543,0.010106202354160359
5333.0,0.7734625907225713,0.010106202354160359
5334.0,0.7740965466764883,0.010106202354160359
5335.0,0.7759333230613582,0.010106202354160359
5336.0,0.7783725932837127,0.010106202354160359
5337.0,0.7800204844525961,0.010106202354160359
5338.0,0.7794768643964841,0.010106202354160359
5339.0,0.7789332443403721,0.010106202354160359
5340.0,0.7760030807980655,0.010106202354160359
5341.0,0.7726983625141746,0.010106202354160359
5342.0,0.7728425598417495,0.010106202354160359
5343.0,0.7769807086675738,0.010106202354160359
5344.0,0.7807079767938945,0.010106202354160359
5345.0,0.7782641328758054,0.010106202354160359
5346.0,0.7758202889577163,0.010106202354160359
5347.0,0.7768387813240821,0.010106202354160359
5348.0,0.7796292860901137,0.010106202354160359
5349.0,0.7810561858067631,0.010106202354160359
5350.0,0.7786122066735456,0.010106202354160359
5351.0,0.7761682275403281,0.010106202354160359
5352.0,0.7820521809885271,0.010106202354160359
5353.0,0.7892969837551967,0.010106202354160359
5354.0,0.7947990224920085,0.010106202354160359
5355.0,0.7982435047433116,0.010106202354160359
5356.0,0.8009787211841444,0.010106202354160359
5357.0,0.7921144863495837,0.010106202354160359
5358.0,0.7832502515150231,0.010106202354160359
5359.0,0.785621565177388,0.010106202354160359
5360.0,0.793867406938705,0.010106202354160359
5361.0,0.7984203204794369,0.010106202354160359
5362.0,0.792223865490767,0.010106202354160359
5363.0,0.7860274105020968,0.010106202354160359
5364.0,0.7838939428048086,0.010106202354160359
5365.0,0.7824509546893397,0.010106202354160359
5366.0,0.7820753313640169,0.010106202354160359
5367.0,0.7829844989897959,0.010106202354160359
5368.0,0.7841374437909522,0.010106202354160359
5369.0,0.7896617565778158,0.010106202354160359
5370.0,0.7951860693646794,0.010106202354160359
5371.0,0.7970058701356997,0.010106202354160359
5372.0,0.7968472022426409,0.010106202354160359
5373.0,0.7979672556913981,0.010106202354160359
5374.0,0.8029051183137988,0.010106202354160359
5375.0,0.8078429809361994,0.010106202354160359
5376.0,0.8059531790846096,0.010106202354160359
5377.0,0.802857927996792,0.010106202354160359
5378.0,0.8011122250431724,0.010106202354160359
5379.0,0.8010227857087936,0.010106202354160359
5380.0,0.8008995603838003,0.010106202354160359
5381.0,0.8001065277948702,0.010106202354160359
5382.0,0.7993134952059404,0.010106202354160359
5383.0,0.7973497847735759,0.010106202354160359
5384.0,0.794747522790248,0.010106202354160359
5385.0,0.7927403710764207,0.010106202354160359
5386.0,0.792556288871114,0.010106202354160359
5387.0,0.792372206665807,0.010106202354160359
5388.0,0.8024625770905961,0.010106202354160359
5389.0,0.8144356242047025,0.010106202354160359
5390.0,0.8184843010079649,0.010106202354160359
5391.0,0.8126168063141369,0.010106202354160359
5392.0,0.8070890970926741,0.010106202354160359
5393.0,0.8090838606899173,0.010106202354160359
5394.0,0.8110786242871606,0.010106202354160359
5395.0,0.8086296577331333,0.010106202354160359
5396.0,0.8037054919546578,0.010106202354160359
5397.0,0.8013041148512623,0.010106202354160359
5398.0,0.8068350882088051,0.010106202354160359
5399.0,0.812366061566348,0.010106202354160359
5400.0,0.8172949300172655,0.010106202354160359
5401.0,0.8221093985359239,0.010106202354160359
5402.0,0.8246955547694902,0.010106202354160359
5403.0,0.8244384819398403,0.010106202354160359
5404.0,0.823960351936297,0.010106202354160359
5405.0,0.8179488845488334,0.010106202354160359
5406.0,0.8119374171613698,0.010106202354160359
5407.0,0.8130260501161857,0.010106202354160359
5408.0,0.8181527815707508,0.010106202354160359
5409.0,0.8213730877490494,0.010106202354160359
5410.0,0.8184386402435527,0.010106202354160359
5411.0,0.8155041927380561,0.010106202354160359
5412.0,0.8186880007958316,0.010106202354160359
5413.0,0.8230761206526983,0.010106202354160359
5414.0,0.8239371922344099,0.010106202354160359
5415.0,0.8202092037675184,0.010106202354160359
5416.0,0.816688042656492,0.010106202354160359
5417.0,0.8191131680265705,0.010106202354160359
5418.0,0.8215382933966491,0.010106202354160359
5419.0,0.8208498945999873,0.010106202354160359
5420.0,0.8183536430613444,0.010106202354160359
5421.0,0.8157663719378866,0.010106202354160359
5422.0,0.8128772742119338,0.010106202354160359
5423.0,0.8099881764859811,0.010106202354160359
5424.0,0.8182340584830017,0.010106202354160359
5425.0,0.8287487730536256,0.010106202354160359
5426.0,0.8293271032127147,0.010106202354160359
5427.0,0.8167216831051047,0.010106202354160359
5428.0,0.8047437670717884,0.010106202354160359
5429.0,0.8139179675431187,0.010106202354160359
5430.0,0.823092168014449,0.010106202354160359
5431.0,0.8251726920690717,0.010106202354160359
5432.0,0.8230485513260284,0.010106202354160359
5433.0,0.8212217240489877,0.010106202354160359
5434.0,0.8204079648783246,0.010106202354160359
5435.0,0.8195942057076613,0.010106202354160359
5436.0,0.8251299118819081,0.010106202354160359
5437.0,0.8320038047930911,0.010106202354160359
5438.0,0.838563263921964,0.010106202354160359
5439.0,0.8446972603905935,0.010106202354160359
5440.0,0.8505194167112815,0.010106202354160359
5441.0,0.8436652710181207,0.010106202354160359
5442.0,0.8368111253249599,0.010106202354160359
5443.0,0.8339765639109278,0.010106202354160359
5444.0,0.8335738897100832,0.010106202354160359
5445.0,0.8313680626162081,0.010106202354160359
5446.0,0.8228463270105261,0.010106202354160359
5447.0,0.814324591404844,0.010106202354160359
5448.0,0.8234329777148687,0.010106202354160359
5449.0,0.8363818437989198,0.010106202354160359
5450.0,0.8405993542128178,0.010106202354160359
5451.0,0.8327675938018984,0.010106202354160359
5452.0,0.8251113883366382,0.010106202354160359
5453.0,0.8264194572839422,0.010106202354160359
5454.0,0.8277275262312462,0.010106202354160359
5455.0,0.8293356434456156,0.010106202354160359
5456.0,0.8311290331821729,0.010106202354160359
5457.0,0.8318557305922805,0.010106202354160359
5458.0,0.8287399782960667,0.010106202354160359
5459.0,0.8256242259998531,0.010106202354160359
5460.0,0.8254190459532298,0.010106202354160359
5461.0,0.8258687446627653,0.010106202354160359
5462.0,0.831462249469628,0.010106202354160359
5463.0,0.8442957356909292,0.010106202354160359
5464.0,0.8569136641866687,0.010106202354160359
5465.0,0.8547838516259287,0.010106202354160359
5466.0,0.8526540390651888,0.010106202354160359
5467.0,0.8448135725633082,0.010106202354160359
5468.0,0.8333746117971508,0.010106202354160359
5469.0,0.8269236092957861,0.010106202354160359
5470.0,0.8389590509848681,0.010106202354160359
5471.0,0.85099449267395,0.010106202354160359
5472.0,0.8552195364897662,0.010106202354160359
5473.0,0.857630626953362,0.010106202354160359
5474.0,0.8513842523734884,0.010106202354160359
5475.0,0.8327085931844552,0.010106202354160359
5476.0,0.8143403014894612,0.010106202354160359
5477.0,0.8276692826166989,0.010106202354160359
5478.0,0.8409982637439366,0.010106202354160359
5479.0,0.8468524706879953,0.010106202354160359
5480.0,0.8479004125754077,0.010106202354160359
5481.0,0.8485493568398952,0.010106202354160359
5482.0,0.8476761136412017,0.010106202354160359
5483.0,0.8468028704425081,0.010106202354160359
5484.0,0.8524321794449646,0.010106202354160359
5485.0,0.859619391578941,0.010106202354160359
5486.0,0.8626183977907497,0.010106202354160359
5487.0,0.8594837888206874,0.010106202354160359
5488.0,0.8563624100538371,0.010106202354160359
5489.0,0.8559829909028314,0.010106202354160359
5490.0,0.8556035717518257,0.010106202354160359
5491.0,0.8568608265134174,0.010106202354160359
5492.0,0.8591918434840689,0.010106202354160359
5493.0,0.8585381644970135,0.010106202354160359
5494.0,0.8461576327530869,0.010106202354160359
5495.0,0.8337771010091601,0.010106202354160359
5496.0,0.8369472114549156,0.010106202354160359
5497.0,0.8439584236391394,0.010106202354160359
5498.0,0.8446293195706419,0.010106202354160359
5499.0,0.8358277070886303,0.010106202354160359
5500.0,0.8270260946066187,0.010106202354160359
5501.0,0.8393501187227832,0.010106202354160359
5502.0,0.8516741428389478,0.010106202354160359
5503.0,0.8585428789666556,0.010106202354160359
5504.0,0.8617601798475875,0.010106202354160359
5505.0,0.862159520368252,0.010106202354160359
5506.0,0.8511503910667414,0.010106202354160359
5507.0,0.8401412617652307,0.010106202354160359
5508.0,0.845780675197893,0.010106202354160359
5509.0,0.85565744363367,0.010106202354160359
5510.0,0.8606059975352197,0.010106202354160359
5511.0,0.8580427577679302,0.010106202354160359
5512.0,0.8554795180006406,0.010106202354160359
5513.0,0.8540451985100141,0.010106202354160359
5514.0,0.8526163261618561,0.010106202354160359
5515.0,0.8513233921867382,0.010106202354160359
5516.0,0.850123280777454,0.010106202354160359
5517.0,0.8496682811299007,0.010106202354160359
5518.0,0.8523233131834788,0.010106202354160359
5519.0,0.8549783452370568,0.010106202354160359
5520.0,0.8616041206695877,0.010106202354160359
5521.0,0.8692707121696325,0.010106202354160359
5522.0,0.8690275176056456,0.010106202354160359
5523.0,0.8564829072917848,0.010106202354160359
5524.0,0.843938296977924,0.010106202354160359
5525.0,0.8554416707256504,0.010106202354160359
5526.0,0.867178237046099,0.010106202354160359
5527.0,0.8736674004203832,0.010106202354160359
5528.0,0.8765015499299295,0.010106202354160359
5529.0,0.8777319011196439,0.010106202354160359
5530.0,0.8720567257857417,0.010106202354160359
5531.0,0.8663815504518395,0.010106202354160359
5532.0,0.8656492831959689,0.010106202354160359
5533.0,0.8662506969306629,0.010106202354160359
5534.0,0.8681942146056709,0.010106202354160359
5535.0,0.8722675928816062,0.010106202354160359
5536.0,0.8763409711575413,0.010106202354160359
5537.0,0.8722480413868491,0.010106202354160359
5538.0,0.8680357502317988,0.010106202354160359
5539.0,0.8663254689495422,0.010106202354160359
5540.0,0.8663927963243442,0.010106202354160359
5541.0,0.8667059690141243,0.010106202354160359
5542.0,0.8681117875482498,0.010106202354160359
5543.0,0.8695176060823754,0.010106202354160359
5544.0,0.8698868310379865,0.010106202354160359
5545.0,0.8699682899848391,0.010106202354160359
5546.0,0.8707407137656734,0.010106202354160359
5547.0,0.872632152922295,0.010106202354160359
5548.0,0.8745235920789165,0.010106202354160359
5549.0,0.8759077690406146,0.010106202354160359
5550.0,0.8772820118589604,0.010106202354160359
5551.0,0.8790646052104206,0.010106202354160359
5552.0,0.8811431047452973,0.010106202354160359
5553.0,0.882961514897228,0.010106202354160359
5554.0,0.8835859576804717,0.010106202354160359
5555.0,0.8842104004637154,0.010106202354160359
5556.0,0.8782721544457999,0.010106202354160359
5557.0,0.870460301285579,0.010106202354160359
5558.0,0.8690584837851845,0.010106202354160359
5559.0,0.8782515978371948,0.010106202354160359
5560.0,0.887444711889205,0.010106202354160359
5561.0,0.8839885838931444,0.010106202354160359
5562.0,0.8802212814309573,0.010106202354160359
5563.0,0.8790304610279478,0.010106202354160359
5564.0,0.8797437630653284,0.010106202354160359
5565.0,0.88079502731112,0.010106202354160359
5566.0,0.8834498639664747,0.010106202354160359
5567.0,0.8861047006218296,0.010106202354160359
5568.0,0.8844196504744689,0.010106202354160359
5569.0,0.8814609378958735,0.010106202354160359
5570.0,0.8817795439485907,0.010106202354160359
5571.0,0.8876273036922,0.010106202354160359
5572.0,0.8934750634358091,0.010106202354160359
5573.0,0.8840981293828566,0.010106202354160359
5574.0,0.874269535686997,0.010106202354160359
5575.0,0.8742446027360835,0.010106202354160359
5576.0,0.8816085340939936,0.010106202354160359
5577.0,0.8870382529122837,0.010106202354160359
5578.0,0.8829752406850271,0.010106202354160359
5579.0,0.8789122284577705,0.010106202354160359
5580.0,0.8733939698959157,0.010106202354160359
5581.0,0.8674368636112834,0.010106202354160359
5582.0,0.8671158713413749,0.010106202354160359
5583.0,0.8765015198745864,0.010106202354160359
5584.0,0.8858871684077977,0.010106202354160359
5585.0,0.8804456391362488,0.010106202354160359
5586.0,0.874488381941069,0.010106202354160359
5587.0,0.875901519766626,0.010106202354160359
5588.0,0.8829793773321042,0.010106202354160359
5589.0,0.8882963218234217,0.010106202354160359
5590.0,0.8846673137627895,0.010106202354160359
5591.0,0.8810383057021574,0.010106202354160359
5592.0,0.8842533257528467,0.010106202354160359
5593.0,0.8895882727499639,0.010106202354160359
5594.0,0.8898993621895277,0.010106202354160359
5595.0,0.8813771126785878,0.010106202354160359
5596.0,0.8728548631676478,0.010106202354160359
5597.0,0.8772166173122488,0.010106202354160359
5598.0,0.8820930882071298,0.010106202354160359
5599.0,0.8875089174528173,0.010106202354160359
5600.0,0.8933474558128418,0.010106202354160359
5601.0,0.8978708960149967,0.010106202354160359
5602.0,0.895472766965219,0.010106202354160359
5603.0,0.8930746379154413,0.010106202354160359
5604.0,0.885655850937721,0.010106202354160359
5605.0,0.8766403040810252,0.010106202354160359
5606.0,0.871445428908285,0.010106202354160359
5607.0,0.873109813302372,0.010106202354160359
5608.0,0.874774197696459,0.010106202354160359
5609.0,0.8914095428568447,0.010106202354160359
5610.0,0.908721117110819,0.010106202354160359
5611.0,0.9096006804361252,0.010106202354160359
5612.0,0.897348831140259,0.010106202354160359
5613.0,0.8884561410042863,0.010106202354160359
5614.0,0.89789560628346,0.010106202354160359
5615.0,0.9073350715626336,0.010106202354160359
5616.0,0.9070534614880947,0.010106202354160359
5617.0,0.9035985704461842,0.010106202354160359
5618.0,0.901058196379417,0.010106202354160359
5619.0,0.9001944367670818,0.010106202354160359
5620.0,0.8993306771547465,0.010106202354160359
5621.0,0.8994615856166717,0.010106202354160359
5622.0,0.8996426664909176,0.010106202354160359
5623.0,0.901539591172518,0.010106202354160359
5624.0,0.9048346108082563,0.010106202354160359
5625.0,0.9062980516544676,0.010106202354160359
5626.0,0.8973874302368064,0.010106202354160359
5627.0,0.8884768088191451,0.010106202354160359
5628.0,0.8884561017416364,0.010106202354160359
5629.0,0.8914129461017807,0.010106202354160359
5630.0,0.8946585434039429,0.010106202354160359
5631.0,0.8984448056975383,0.010106202354160359
5632.0,0.9022310679911336,0.010106202354160359
5633.0,0.8969229745067441,0.010106202354160359
5634.0,0.8911077179624972,0.010106202354160359
5635.0,0.894767171356652,0.010106202354160359
5636.0,0.9062979222380937,0.010106202354160359
5637.0,0.9159577200561657,0.010106202354160359
5638.0,0.9146082734021388,0.010106202354160359
5639.0,0.9132588267481119,0.010106202354160359
5640.0,0.9155351358311569,0.010106202354160359
5641.0,0.91905706744968,0.010106202354160359
5642.0,0.919927785491138,0.010106202354160359
5643.0,0.9157278258170302,0.010106202354160359
5644.0,0.9115278661429225,0.010106202354160359
5645.0,0.9098163496300564,0.010106202354160359
5646.0,0.9082569926990246,0.010106202354160359
5647.0,0.9078462206764487,0.010106202354160359
5648.0,0.9084083077115913,0.010106202354160359
5649.0,0.9090298871840359,0.010106202354160359
5650.0,0.9100155400334732,0.010106202354160359
5651.0,0.9110011928829105,0.010106202354160359
5652.0,0.918947806092404,0.010106202354160359
5653.0,0.9293465757923671,0.010106202354160359
5654.0,0.9323595229421497,0.010106202354160359
5655.0,0.9209413061730148,0.010106202354160359
5656.0,0.9095230894038797,0.010106202354160359
5657.0,0.9069013195269158,0.010106202354160359
5658.0,0.9048652285723465,0.010106202354160359
5659.0,0.9040072609807908,0.010106202354160359
5660.0,0.9041666437653503,0.010106202354160359
5661.0,0.904392371436877,0.010106202354160359
5662.0,0.9050408275917339,0.010106202354160359
5663.0,0.9056892837465909,0.010106202354160359
5664.0,0.9108329725230444,0.010106202354160359
5665.0,0.9175999397461795,0.010106202354160359
5666.0,0.9205932265294872,0.010106202354160359
5667.0,0.916052726823221,0.010106202354160359
5668.0,0.9115122271169549,0.010106202354160359
5669.0,0.9107100958140265,0.010106202354160359
5670.0,0.9101773964680963,0.010106202354160359
5671.0,0.9131461838793297,0.010106202354160359
5672.0,0.9191975442821939,0.010106202354160359
5673.0,0.9247997999074911,0.010106202354160359
5674.0,0.9274190109552053,0.010106202354160359
5675.0,0.9300382220029194,0.010106202354160359
5676.0,0.9296786586372914,0.010106202354160359
5677.0,0.9282167527667268,0.010106202354160359
5678.0,0.9290999828243096,0.010106202354160359
5679.0,0.934767632530929,0.010106202354160359
5680.0,0.9404352822375485,0.010106202354160359
5681.0,0.9283532613907279,0.010106202354160359
5682.0,0.9148935170856881,0.010106202354160359
5683.0,0.9116273923066429,0.010106202354160359
5684.0,0.9175099830019302,0.010106202354160359
5685.0,0.9231352049750419,0.010106202354160359
5686.0,0.9269760038077384,0.010106202354160359
5687.0,0.9308168026404349,0.010106202354160359
5688.0,0.9311234848013838,0.010106202354160359
5689.0,0.9300902452440688,0.010106202354160359
5690.0,0.9288322838622113,0.010106202354160359
5691.0,0.9271057358610307,0.010106202354160359
5692.0,0.9253791878598501,0.010106202354160359
5693.0,0.9259451366679105,0.010106202354160359
5694.0,0.9267018784483899,0.010106202354160359
5695.0,0.9266225686361627,0.010106202354160359
5696.0,0.925778319665551,0.010106202354160359
5697.0,0.9250980382741164,0.010106202354160359
5698.0,0.9256061159713748,0.010106202354160359
5699.0,0.9261141936686331,0.010106202354160359
5700.0,0.9250576511881909,0.010106202354160359
5701.0,0.923393514538742,0.010106202354160359
5702.0,0.9223600772257393,0.010106202354160359
5703.0,0.9226710253404221,0.010106202354160359
5704.0,0.9229819734551049,0.010106202354160359
5705.0,0.9295063851423769,0.010106202354160359
5706.0,0.9365831047027681,0.010106202354160359
5707.0,0.9351036498224456,0.010106202354160359
5708.0,0.9256437259742041,0.010106202354160359
5709.0,0.9175050836240511,0.010106202354160359
5710.0,0.9193918349088804,0.010106202354160359
5711.0,0.9212785861937097,0.010106202354160359
5712.0,0.9303414153869741,0.010106202354160359
5713.0,0.9422578191847614,0.010106202354160359
5714.0,0.9466499007138356,0.010106202354160359
5715.0,0.9346435547030778,0.010106202354160359
5716.0,0.92263720869232,0.010106202354160359
5717.0,0.9243410862879873,0.010106202354160359
5718.0,0.9273421203878188,0.010106202354160359
5719.0,0.9302870945482561,0.010106202354160359
5720.0,0.9331787658154989,0.010106202354160359
5721.0,0.9357843130822229,0.010106202354160359
5722.0,0.93611317475343,0.010106202354160359
5723.0,0.9364420364246371,0.010106202354160359
5724.0,0.9341885660989933,0.010106202354160359
5725.0,0.9308838423759869,0.010106202354160359
5726.0,0.9296990909090938,0.010106202354160359
5727.0,0.9332390838114376,0.010106202354160359
5728.0,0.9367790767137815,0.010106202354160359
5729.0,0.9328750856854006,0.010106202354160359
5730.0,0.9282237462042642,0.010106202354160359
5731.0,0.9260566666241394,0.010106202354160359
5732.0,0.9262974985319902,0.010106202354160359
5733.0,0.9262125744479588,0.010106202354160359
5734.0,0.9234044766790025,0.010106202354160359
5735.0,0.9205963789100461,0.010106202354160359
5736.0,0.9264683122398026,0.010106202354160359
5737.0,0.9359569251940183,0.010106202354160359
5738.0,0.9396694381893503,0.010106202354160359
5739.0,0.9302151721445372,0.010106202354160359
5740.0,0.9207609060997242,0.010106202354160359
5741.0,0.9279353877333177,0.010106202354160359
5742.0,0.9368765357869232,0.010106202354160359
5743.0,0.9410680374245282,0.010106202354160359
5744.0,0.9405665710043315,0.010106202354160359
5745.0,0.9398862902006785,0.010106202354160359
5746.0,0.9376324428226136,0.010106202354160359
5747.0,0.9353785954445488,0.010106202354160359
5748.0,0.9359569435029481,0.010106202354160359
5749.0,0.9377428543416222,0.010106202354160359
5750.0,0.9393091027521053,0.010106202354160359
5751.0,0.9403630983800472,0.010106202354160359
5752.0,0.9414170940079891,0.010106202354160359
5753.0,0.9427765547119261,0.010106202354160359
5754.0,0.9441702731813951,0.010106202354160359
5755.0,0.9473983147012506,0.010106202354160359
5756.0,0.9524739394381205,0.010106202354160359
5757.0,0.956313644319482,0.010106202354160359
5758.0,0.948679130295339,0.010106202354160359
5759.0,0.9410446162711962,0.010106202354160359
5760.0,0.9415364107370561,0.010106202354160359
5761.0,0.9455729570097601,0.010106202354160359
5762.0,0.9466934660619049,0.010106202354160359
5763.0,0.9408557887381804,0.010106202354160359
5764.0,0.935018111414456,0.010106202354160359
5765.0,0.9452897105092041,0.010106202354160359
5766.0,0.9574641503084144,0.010106202354160359
5767.0,0.9573960200717663,0.010106202354160359
5768.0,0.9447576597739495,0.010106202354160359
5769.0,0.9334273668750229,0.010106202354160359
5770.0,0.9349399175288274,0.010106202354160359
5771.0,0.936452468182632,0.010106202354160359
5772.0,0.9352672992547941,0.010106202354160359
5773.0,0.9328784603052886,0.010106202354160359
5774.0,0.933625636614393,0.010106202354160359
5775.0,0.9420314286996884,0.010106202354160359
5776.0,0.9504372207849837,0.010106202354160359
5777.0,0.946631177862051,0.010106202354160359
5778.0,0.941308955693825,0.010106202354160359
5779.0,0.9414288519772219,0.010106202354160359
5780.0,0.947244921381974,0.010106202354160359
5781.0,0.9521828144369874,0.010106202354160359
5782.0,0.9479780496043602,0.010106202354160359
5783.0,0.9437732847717328,0.010106202354160359
5784.0,0.946965195327177,0.010106202354160359
5785.0,0.9535321623096965,0.010106202354160359
5786.0,0.9565701521822183,0.010106202354160359
5787.0,0.9507856992797227,0.010106202354160359
5788.0,0.9450012463772272,0.010106202354160359
5789.0,0.943583182974486,0.010106202354160359
5790.0,0.9427338758702205,0.010106202354160359
5791.0,0.945419147532418,0.010106202354160359
5792.0,0.9518758059677587,0.010106202354160359
5793.0,0.9573925100511304,0.010106202354160359
5794.0,0.9525016036287485,0.010106202354160359
5795.0,0.9476106972063668,0.010106202354160359
5796.0,0.954644748725969,0.010106202354160359
5797.0,0.9672423809755379,0.010106202354160359
5798.0,0.9748702780534423,0.010106202354160359
5799.0,0.9697765026192563,0.010106202354160359
5800.0,0.9646827271850703,0.010106202354160359
5801.0,0.9580911410968279,0.010106202354160359
5802.0,0.9512952152194927,0.010106202354160359
5803.0,0.9470406923443544,0.010106202354160359
5804.0,0.9455505025593169,0.010106202354160359
5805.0,0.9447335946267659,0.010106202354160359
5806.0,0.9518717707358711,0.010106202354160359
5807.0,0.9590099468449766,0.010106202354160359
5808.0,0.9570355016690261,0.010106202354160359
5809.0,0.9507147885397379,0.010106202354160359
5810.0,0.9477121023170447,0.010106202354160359
5811.0,0.9534084170711973,0.010106202354160359
5812.0,0.9591047318253498,0.010106202354160359
5813.0,0.9596033189752229,0.010106202354160359
5814.0,0.9593603921733241,0.010106202354160359
5815.0,0.9592614848014802,0.010106202354160359
5816.0,0.9593222749242287,0.010106202354160359
5817.0,0.9599552781323748,0.010106202354160359
5818.0,0.9678300600606629,0.010106202354160359
5819.0,0.9757048419889511,0.010106202354160359
5820.0,0.9725148671276579,0.010106202354160359
5821.0,0.9639308233314478,0.010106202354160359
5822.0,0.9591437436343028,0.010106202354160359
5823.0,0.9645547046810757,0.010106202354160359
5824.0,0.9699656657278487,0.010106202354160359
5825.0,0.969267375402465,0.010106202354160359
5826.0,0.9676590172864716,0.010106202354160359
5827.0,0.9682816578587873,0.010106202354160359
5828.0,0.9714262969483254,0.010106202354160359
5829.0,0.9738003530182516,0.010106202354160359
5830.0,0.9656836648211988,0.010106202354160359
5831.0,0.957566976624146,0.010106202354160359
5832.0,0.954723000425439,0.010106202354160359
5833.0,0.9545058969309377,0.010106202354160359
5834.0,0.9558321289517135,0.010106202354160359
5835.0,0.9614060096203909,0.010106202354160359
5836.0,0.9669798902890684,0.010106202354160359
5837.0,0.9626312205366204,0.010106202354160359
5838.0,0.9567411837284585,0.010106202354160359
5839.0,0.957291012127881,0.010106202354160359
5840.0,0.9652624939706684,0.010106202354160359
5841.0,0.9727184528530024,0.010106202354160359
5842.0,0.9725874700532551,0.010106202354160359
5843.0,0.9724564872535075,0.010106202354160359
5844.0,0.9714025965685332,0.010106202354160359
5845.0,0.969878892268072,0.010106202354160359
5846.0,0.9687779116605706,0.010106202354160359
5847.0,0.9688694772511011,0.010106202354160359
5848.0,0.9689610428416314,0.010106202354160359
5849.0,0.9635004265447187,0.010106202354160359
5850.0,0.9571415493008834,0.010106202354160359
5851.0,0.9578191592164791,0.010106202354160359
5852.0,0.9667641822436639,0.010106202354160359
5853.0,0.9752866059124666,0.010106202354160359
5854.0,0.9770474398471473,0.010106202354160359
5855.0,0.9788082737818279,0.010106202354160359
5856.0,0.9750331539614936,0.010106202354160359
5857.0,0.9683789341043293,0.010106202354160359
5858.0,0.9629089988972346,0.010106202354160359
5859.0,0.9608646347106707,0.010106202354160359
5860.0,0.9588202705241067,0.010106202354160359
5861.0,0.9681272892582861,0.010106202354160359
5862.0,0.9793447791712666,0.010106202354160359
5863.0,0.9856430252890638,0.010106202354160359
5864.0,0.9860485624807231,0.010106202354160359
5865.0,0.9856114634549163,0.010106202354160359
5866.0,0.9704188679989053,0.010106202354160359
5867.0,0.9552262725428943,0.010106202354160359
5868.0,0.9573821819628693,0.010106202354160359
5869.0,0.968754484598218,0.010106202354160359
5870.0,0.9790230585850676,0.010106202354160359
5871.0,0.9860172375813743,0.010106202354160359
5872.0,0.993011416577681,0.010106202354160359
5873.0,0.9845059407788974,0.010106202354160359
5874.0,0.9732896649877583,0.010106202354160359
5875.0,0.9693560272291004,0.010106202354160359
5876.0,0.9743169180541034,0.010106202354160359
5877.0,0.9786983799048515,0.010106202354160359
5878.0,0.9718869698626261,0.010106202354160359
5879.0,0.9650755598204007,0.010106202354160359
5880.0,0.9632291713991918,0.010106202354160359
5881.0,0.9640767669316059,0.010106202354160359
5882.0,0.9663453286948278,0.010106202354160359
5883.0,0.9729388701993762,0.010106202354160359
5884.0,0.9795324117039248,0.010106202354160359
5885.0,0.9756854267147035,0.010106202354160359
5886.0,0.9699428567734248,0.010106202354160359
5887.0,0.9690333674430013,0.010106202354160359
5888.0,0.974142431326102,0.010106202354160359
5889.0,0.9790330852328478,0.010106202354160359
5890.0,0.9792249731618083,0.010106202354160359
5891.0,0.9794168610907691,0.010106202354160359
5892.0,0.9762723048957945,0.010106202354160359
5893.0,0.9712790100724503,0.010106202354160359
5894.0,0.9681310449340768,0.010106202354160359
5895.0,0.9707474512373648,0.010106202354160359
5896.0,0.9733638575406529,0.010106202354160359
5897.0,0.9759139404516193,0.010106202354160359
5898.0,0.97845153450697,0.010106202354160359
5899.0,0.9813774129794121,0.010106202354160359
5900.0,0.9847963174419484,0.010106202354160359
5901.0,0.9879408583251811,0.010106202354160359
5902.0,0.9844341609223636,0.010106202354160359
5903.0,0.9809274635195461,0.010106202354160359
5904.0,0.9784907727830398,0.010106202354160359
5905.0,0.9766594805551043,0.010106202354160359
5906.0,0.9762512665571181,0.010106202354160359
5907.0,0.9804069650642825,0.010106202354160359
5908.0,0.984562663571447,0.010106202354160359
5909.0,0.9858361604482107,0.010106202354160359
5910.0,0.9865472765190425,0.010106202354160359
5911.0,0.9867157611294317,0.010106202354160359
5912.0,0.9861816650610128,0.010106202354160359
5913.0,0.9853016342055476,0.010106202354160359
5914.0,0.9748308595988744,0.010106202354160359
5915.0,0.9643600849922012,0.010106202354160359
5916.0,0.969093167579688,0.010106202354160359
5917.0,0.9826087813115463,0.010106202354160359
5918.0,0.9915655257852097,0.010106202354160359
5919.0,0.9855062008981155,0.010106202354160359
5920.0,0.9794468760110212,0.010106202354160359
5921.0,0.9760268500211187,0.010106202354160359
5922.0,0.973140015727617,0.010106202354160359
5923.0,0.9743060976903589,0.010106202354160359
5924.0,0.9808233838465825,0.010106202354160359
5925.0,0.9871541149853945,0.010106202354160359
5926.0,0.9874553879615439,0.010106202354160359
5927.0,0.9877566609376932,0.010106202354160359
5928.0,0.9849722414294879,0.010106202354160359
5929.0,0.9803682055516911,0.010106202354160359
5930.0,0.9764080539895788,0.010106202354160359
5931.0,0.9746269425063304,0.010106202354160359
5932.0,0.9728458310230822,0.010106202354160359
5933.0,0.9730872895830313,0.010106202354160359
5934.0,0.973751462346491,0.010106202354160359
5935.0,0.9751882181008055,0.010106202354160359
5936.0,0.9776652405301288,0.010106202354160359
5937.0,0.9801891171318281,0.010106202354160359
5938.0,0.98452468839874,0.010106202354160359
5939.0,0.9888602596656519,0.010106202354160359
5940.0,0.9918777516885788,0.010106202354160359
5941.0,0.9941018613973389,0.010106202354160359
5942.0,0.9938272549089665,0.010106202354160359
5943.0,0.9848608775628634,0.010106202354160359
5944.0,0.9758945002167603,0.010106202354160359
5945.0,0.9822754930814476,0.010106202354160359
5946.0,0.9919724141084606,0.010106202354160359
5947.0,0.9975876287065589,0.010106202354160359
5948.0,0.9975977649606729,0.010106202354160359
5949.0,0.9974447888100132,0.010106202354160359
5950.0,0.9894624172303047,0.010106202354160359
5951.0,0.9814800456505962,0.010106202354160359
5952.0,0.9751154310520771,0.010106202354160359
5953.0,0.9697446710330843,0.010106202354160359
5954.0,0.9678150962947071,0.010106202354160359
5955.0,0.9781943765985193,0.010106202354160359
5956.0,0.9885736569023315,0.010106202354160359
5957.0,0.9904994058395029,0.010106202354160359
5958.0,0.9905383166449095,0.010106202354160359
5959.0,0.9893567302474833,0.010106202354160359
5960.0,0.9864657443094909,0.010106202354160359
5961.0,0.983678107889854,0.010106202354160359
5962.0,0.9874094410893005,0.010106202354160359
5963.0,0.9911407742887471,0.010106202354160359
5964.0,0.9908011158202414,0.010106202354160359
5965.0,0.9879091364036655,0.010106202354160359
5966.0,0.9854486061853107,0.010106202354160359
5967.0,0.9845757120615368,0.010106202354160359
5968.0,0.9837028179377629,0.010106202354160359
5969.0,0.9864248211864295,0.010106202354160359
5970.0,0.9899751907424823,0.010106202354160359
5971.0,0.9914694182331395,0.010106202354160359
5972.0,0.9900262999160954,0.010106202354160359
5973.0,0.9886071073339263,0.010106202354160359
5974.0,0.9893784487003197,0.010106202354160359
5975.0,0.990149790066713,0.010106202354160359
5976.0,0.9935538161921867,0.010106202354160359
5977.0,0.9986421386694375,0.010106202354160359
5978.0,1.002476446454464,0.010106202354160359
5979.0,1.0015613537672174,0.010106202354160359
5980.0,1.0006462610799711,0.010106202354160359
5981.0,0.9980678944571663,0.010106202354160359
5982.0,0.9950940986669193,0.010106202354160359
5983.0,0.9945761600558585,0.010106202354160359
5984.0,0.9976369631749394,0.010106202354160359
5985.0,1.0006506859657611,0.010106202354160359
5986.0,0.9958679063962326,0.010106202354160359
5987.0,0.991085126826704,0.010106202354160359
5988.0,0.9918207170234712,0.010106202354160359
5989.0,0.9961585763732373,0.010106202354160359
5990.0,0.9980475695145258,0.010106202354160359
5991.0,0.9903859844427753,0.010106202354160359
5992.0,0.982724399371025,0.010106202354160359
5993.0,0.992333591116411,0.010106202354160359
5994.0,1.0061765756839367,0.010106202354160359
5995.0,1.0151092829522885,0.010106202354160359
5996.0,1.0167425332206859,0.010106202354160359
5997.0,1.0183658638374415,0.010106202354160359
5998.0,1.0117360442878374,0.010106202354160359
5999.0,1.0051062247382336,0.010106202354160359
6000.0,1.0044366874285509,0.010106202354160359
6001.0,1.00773669809065,0.010106202354160359
6002.0,1.0090106774541159,0.010106202354160359
6003.0,1.0021439165996198,0.010106202354160359
6004.0,0.9952771557451237,0.010106202354160359
6005.0,1.0014684816796957,0.010106202354160359
6006.0,1.0109586926978156,0.010106202354160359
6007.0,1.0153549615355635,0.010106202354160359
6008.0,1.0120256745589655,0.010106202354160359
6009.0,1.0086963875823678,0.010106202354160359
6010.0,1.0035267277394306,0.010106202354160359
6011.0,0.9983504159463746,0.010106202354160359
6012.0,0.9985675991425289,0.010106202354160359
6013.0,1.0024493142164221,0.010106202354160359
6014.0,1.0070839822846123,0.010106202354160359
6015.0,1.014837363063744,0.010106202354160359
6016.0,1.0225907438428758,0.010106202354160359
6017.0,1.0126341533581702,0.010106202354160359
6018.0,0.9980692193675884,0.010106202354160359
6019.0,0.99021801114957,0.010106202354160359
6020.0,0.992755626298261,0.010106202354160359
6021.0,0.995293241446952,0.010106202354160359
6022.0,0.9912189036793666,0.010106202354160359
6023.0,0.9870885324124952,0.010106202354160359
6024.0,0.9898686777025886,0.010106202354160359
6025.0,0.9974384289803307,0.010106202354160359
6026.0,1.002520607687077,0.010106202354160359
6027.0,0.9969754985113835,0.010106202354160359
6028.0,0.99143038933569,0.010106202354160359
6029.0,0.9964942926844862,0.010106202354160359
6030.0,1.0044001841676937,0.010106202354160359
6031.0,1.0089833091608558,0.010106202354160359
6032.0,1.008319960748696,0.010106202354160359
6033.0,1.007656612336536,0.010106202354160359
6034.0,1.0046849369810935,0.010106202354160359
6035.0,1.0016823716057295,0.010106202354160359
6036.0,0.9991236602153529,0.010106202354160359
6037.0,0.9968787390397736,0.010106202354160359
6038.0,0.9950623155420988,0.010106202354160359
6039.0,0.9951351772606376,0.010106202354160359
6040.0,0.9952080389791764,0.010106202354160359
6041.0,0.9973402281303612,0.010106202354160359
6042.0,1.0000400726228555,0.010106202354160359
6043.0,1.0009345496932383,0.010106202354160359
6044.0,0.9989200648358306,0.010106202354160359
6045.0,0.996905579978423,0.010106202354160359
6046.0,1.0033420420227297,0.010106202354160359
6047.0,1.0099334725310076,0.010106202354160359
6048.0,1.0080193708673404,0.010106202354160359
6049.0,0.9999721478648126,0.010106202354160359
6050.0,0.9935797495014971,0.010106202354160359
6051.0,0.9947223193287045,0.010106202354160359
6052.0,0.9958648891559119,0.010106202354160359
6053.0,1.0009565529453643,0.010106202354160359
6054.0,1.0071678365946828,0.010106202354160359
6055.0,1.0072280118155612,0.010106202354160359
6056.0,0.9971730309540963,0.010106202354160359
6057.0,0.9871180500926313,0.010106202354160359
6058.0,0.9926944908184046,0.010106202354160359
6059.0,0.9986357927360182,0.010106202354160359
6060.0,0.9989154568721256,0.010106202354160359
6061.0,0.9950314582230905,0.010106202354160359
6062.0,0.9917640532324428,0.010106202354160359
6063.0,0.9913980170315873,0.010106202354160359
6064.0,0.9910319808307317,0.010106202354160359
6065.0,0.9896571408606251,0.010106202354160359
6066.0,0.9879882619624274,0.010106202354160359
6067.0,0.9898080995214394,0.010106202354160359
6068.0,0.9974835962144204,0.010106202354160359
6069.0,1.0051590929074012,0.010106202354160359
6070.0,1.0001063814243276,0.010106202354160359
6071.0,0.9946922516844074,0.010106202354160359
6072.0,0.9946550774026527,0.010106202354160359
6073.0,0.9986506197145091,0.010106202354160359
6074.0,1.0013156100751497,0.010106202354160359
6075.0,0.9975058722788314,0.010106202354160359
6076.0,0.9936961344825131,0.010106202354160359
6077.0,0.998796783109517,0.010106202354160359
6078.0,1.0065663774358646,0.010106202354160359
6079.0,1.0137089913441832,0.010106202354160359
6080.0,1.0197773651877373,0.010106202354160359
6081.0,1.0258457390312914,0.010106202354160359
6082.0,1.0130371353096848,0.010106202354160359
6083.0,0.9995961762602273,0.010106202354160359
6084.0,0.997326341748824,0.010106202354160359
6085.0,1.0036005240980848,0.010106202354160359
6086.0,1.0089866188144772,0.010106202354160359
6087.0,1.009900098278373,0.010106202354160359
6088.0,1.0108135777422687,0.010106202354160359
6089.0,1.0129357795725424,0.010106202354160359
6090.0,1.0154298959770858,0.010106202354160359
6091.0,1.0148931632827687,0.010106202354160359
6092.0,1.009054945366038,0.010106202354160359
6093.0,1.0032167274493071,0.010106202354160359
6094.0,0.996991697365089,0.010106202354160359
6095.0,0.990751715688362,0.010106202354160359
6096.0,0.9922115077568381,0.010106202354160359
6097.0,0.9996764652462593,0.010106202354160359
6098.0,1.0068607650283776,0.010106202354160359
6099.0,1.0125810369194153,0.010106202354160359
6100.0,1.018301308810453,0.010106202354160359
6101.0,1.0189353530463878,0.010106202354160359
6102.0,1.017962374326529,0.010106202354160359
6103.0,1.0158868399197283,0.010106202354160359
6104.0,1.011842192680732,0.010106202354160359
6105.0,1.0077975454417354,0.010106202354160359
6106.0,1.0084750601784356,0.010106202354160359
6107.0,1.0093596872824926,0.010106202354160359
6108.0,1.0092095834785901,0.010106202354160359
6109.0,1.008236601000039,0.010106202354160359
6110.0,1.007056439785736,0.010106202354160359
6111.0,1.0047559197157951,0.010106202354160359
6112.0,1.002455399645854,0.010106202354160359
6113.0,1.005662161241257,0.010106202354160359
6114.0,1.010655068241636,0.010106202354160359
6115.0,1.0144739175587312,0.010106202354160359
6116.0,1.0161516040500373,0.010106202354160359
6117.0,1.0178292905413435,0.010106202354160359
6118.0,1.0090035403273097,0.010106202354160359
6119.0,0.9996618782348019,0.010106202354160359
6120.0,0.9964519775949643,0.010106202354160359
6121.0,0.9982141356982606,0.010106202354160359
6122.0,1.0002796572788544,0.010106202354160359
6123.0,1.0040473850376173,0.010106202354160359
6124.0,1.0078151127963801,0.010106202354160359
6125.0,1.0095100369932448,0.010106202354160359
6126.0,1.0105151321647081,0.010106202354160359
6127.0,1.0083023239234548,0.010106202354160359
6128.0,1.0000960323499246,0.010106202354160359
6129.0,0.9918897407763944,0.010106202354160359
6130.0,0.9966197106955388,0.010106202354160359
6131.0,1.0020538062402282,0.010106202354160359
6132.0,1.0039124214052353,0.010106202354160359
6133.0,1.0028149924844183,0.010106202354160359
6134.0,1.0014788636753198,0.010106202354160359
6135.0,0.998751623222224,0.010106202354160359
6136.0,0.9960243827691282,0.010106202354160359
6137.0,0.9964246974172561,0.010106202354160359
6138.0,0.9978927120355289,0.010106202354160359
6139.0,1.000310698634304,0.010106202354160359
6140.0,1.0045359490008612,0.010106202354160359
6141.0,1.0087611993674186,0.010106202354160359
6142.0,1.016673042371253,0.010106202354160359
6143.0,1.0248053304818936,0.010106202354160359
6144.0,1.0248689170842442,0.010106202354160359
6145.0,1.0181312309550574,0.010106202354160359
6146.0,1.0118922764480092,0.010106202354160359
6147.0,1.0086752974479891,0.010106202354160359
6148.0,1.005458318447969,0.010106202354160359
6149.0,1.0077523931324368,0.010106202354160359
6150.0,1.0119757832072573,0.010106202354160359
6151.0,1.0145869242863863,0.010106202354160359
6152.0,1.0140647192608245,0.010106202354160359
6153.0,1.0135425142352625,0.010106202354160359
6154.0,1.0166724058494947,0.010106202354160359
6155.0,1.0200404776793643,0.010106202354160359
6156.0,1.0220879837804473,0.010106202354160359
6157.0,1.0230006287083528,0.010106202354160359
6158.0,1.0224310807093142,0.010106202354160359
6159.0,1.0125133159166686,0.010106202354160359
6160.0,1.002595551124023,0.010106202354160359
6161.0,1.0042230914847228,0.010106202354160359
6162.0,1.0099941345105572,0.010106202354160359
6163.0,1.013283064758842,0.010106202354160359
6164.0,1.0116433552983044,0.010106202354160359
6165.0,1.010003645837767,0.010106202354160359
6166.0,1.008747205983595,0.010106202354160359
6167.0,1.007517861024474,0.010106202354160359
6168.0,1.007894897172848,0.010106202354160359
6169.0,1.009679325778013,0.010106202354160359
6170.0,1.0111131411605394,0.010106202354160359
6171.0,1.010242471452464,0.010106202354160359
6172.0,1.0093718017443887,0.010106202354160359
6173.0,1.0122140456904025,0.010106202354160359
6174.0,1.0164219590264256,0.010106202354160359
6175.0,1.0174123354709408,0.010106202354160359
6176.0,1.011874037059222,0.010106202354160359
6177.0,1.0063357386475038,0.010106202354160359
6178.0,1.0109608796864786,0.010106202354160359
6179.0,1.0163607531900405,0.010106202354160359
6180.0,1.0147409912614813,0.010106202354160359
6181.0,1.0068514185947004,0.010106202354160359
6182.0,1.0014238163366282,0.010106202354160359
6183.0,1.012881614900542,0.010106202354160359
6184.0,1.0243394134644555,0.010106202354160359
6185.0,1.0225377259068729,0.010106202354160359
6186.0,1.0157390749844848,0.010106202354160359
6187.0,1.0118465512349517,0.010106202354160359
6188.0,1.0139807561612288,0.010106202354160359
6189.0,1.0161149610875055,0.010106202354160359
6190.0,1.0131425326378518,0.010106202354160359
6191.0,1.0097522887301698,0.010106202354160359
6192.0,1.008846749611538,0.010106202354160359
6193.0,1.0102036595783492,0.010106202354160359
6194.0,1.0108706053271241,0.010106202354160359
6195.0,1.0065928075132815,0.010106202354160359
6196.0,1.002315009699439,0.010106202354160359
6197.0,1.004029942317914,0.010106202354160359
6198.0,1.0080582084809775,0.010106202354160359
6199.0,1.0122655137027605,0.010106202354160359
6200.0,1.0168523549066972,0.010106202354160359
6201.0,1.0214391961106342,0.010106202354160359
6202.0,1.0156739945313051,0.010106202354160359
6203.0,1.0090033270688548,0.010106202354160359
6204.0,1.009470106643422,0.010106202354160359
6205.0,1.0165621553426185,0.010106202354160359
6206.0,1.0230424540494893,0.010106202354160359
6207.0,1.024934627813911,0.010106202354160359
6208.0,1.0268268015783328,0.010106202354160359
6209.0,1.0223173352546515,0.010106202354160359
6210.0,1.015277237338357,0.010106202354160359
6211.0,1.0119204034783582,0.010106202354160359
6212.0,1.0165463092080218,0.010106202354160359
6213.0,1.021172214937685,0.010106202354160359
6214.0,1.0160318622253333,0.010106202354160359
6215.0,1.0099815300518522,0.010106202354160359
6216.0,1.0039433661807131,0.010106202354160359
6217.0,0.9979167167078182,0.010106202354160359
6218.0,0.9930882415540447,0.010106202354160359
6219.0,0.9976794559941901,0.010106202354160359
6220.0,1.0022706704343354,0.010106202354160359
6221.0,1.0039702743197592,0.010106202354160359
6222.0,1.0044995805101902,0.010106202354160359
6223.0,1.0055593060493049,0.010106202354160359
6224.0,1.0077945555503665,0.010106202354160359
6225.0,1.010029805051428,0.010106202354160359
6226.0,1.0091918765628092,0.010106202354160359
6227.0,1.0080498737348416,0.010106202354160359
6228.0,1.0057900286237056,0.010106202354160359
6229.0,1.0024518875365904,0.010106202354160359
6230.0,1.0003984756866628,0.010106202354160359
6231.0,1.0089512174281146,0.010106202354160359
6232.0,1.017503959169566,0.010106202354160359
6233.0,1.0134745961443679,0.010106202354160359
6234.0,1.0042329520273867,0.010106202354160359
6235.0,0.9998991908774453,0.010106202354160359
6236.0,1.006689964452809,0.010106202354160359
6237.0,1.0134807380281725,0.010106202354160359
6238.0,1.0165369146885306,0.010106202354160359
6239.0,1.0192018006906856,0.010106202354160359
6240.0,1.0153682578473164,0.010106202354160359
6241.0,1.0051445933058636,0.010106202354160359
6242.0,0.9962015817125618,0.010106202354160359
6243.0,0.9983823811921407,0.010106202354160359
6244.0,1.0005631806717197,0.010106202354160359
6245.0,1.0053954167412376,0.010106202354160359
6246.0,1.011351680630082,0.010106202354160359
6247.0,1.016606767222727,0.010106202354160359
6248.0,1.0202360164194046,0.010106202354160359
6249.0,1.0238652656160823,0.010106202354160359
6250.0,1.0189020756005422,0.010106202354160359
6251.0,1.012987988978856,0.010106202354160359
6252.0,1.0106140701926831,0.010106202354160359
6253.0,1.0117888292608581,0.010106202354160359
6254.0,1.0120347420389082,0.010106202354160359
6255.0,1.0037737820866284,0.010106202354160359
6256.0,0.9955128221343483,0.010106202354160359
6257.0,0.9927332256948839,0.010106202354160359
6258.0,0.9923310881284478,0.010106202354160359
6259.0,0.9943623432823658,0.010106202354160359
6260.0,1.0021667487768688,0.010106202354160359
6261.0,1.0099711542713716,0.010106202354160359
6262.0,1.0179068933938427,0.010106202354160359
6263.0,1.0258579489045618,0.010106202354160359
6264.0,1.026218472381809,0.010106202354160359
6265.0,1.018822651232605,0.010106202354160359
6266.0,1.0119831336084595,0.010106202354160359
6267.0,1.0105283488230252,0.010106202354160359
6268.0,1.0090735640375912,0.010106202354160359
6269.0,1.0103478243953012,0.010106202354160359
6270.0,1.0128328916102796,0.010106202354160359
6271.0,1.0121844695921958,0.010106202354160359
6272.0,1.0039279872963371,0.010106202354160359
6273.0,0.9956715050004783,0.010106202354160359
6274.0,0.9961163245903274,0.010106202354160359
6275.0,0.9976282849774764,0.010106202354160359
6276.0,1.0019271695353578,0.010106202354160359
6277.0,1.0091291001044203,0.010106202354160359
6278.0,1.0152198296891561,0.010106202354160359
6279.0,1.0099132410698322,0.010106202354160359
6280.0,1.0046066524505082,0.010106202354160359
6281.0,1.0054952885424209,0.010106202354160359
6282.0,1.0091950213619352,0.010106202354160359
6283.0,1.0101176376360157,0.010106202354160359
6284.0,1.00413813161727,0.010106202354160359
6285.0,0.9981586255985241,0.010106202354160359
6286.0,0.999809599393805,0.010106202354160359
6287.0,1.0024428165255816,0.010106202354160359
6288.0,1.003199050662245,0.010106202354160359
6289.0,1.0019621518659803,0.010106202354160359
6290.0,1.00085514725156,0.010106202354160359
6291.0,1.0011639892192317,0.010106202354160359
6292.0,1.001472831186903,0.010106202354160359
6293.0,0.9999781951650891,0.010106202354160359
6294.0,0.9976467960690684,0.010106202354160359
6295.0,1.0,0.010106202354160359
6296.0,1.0142740235484673,0.010106202354160359
6297.0,1.0285480470969344,0.010106202354160359
6298.0,1.023052835288956,0.010106202354160359
6299.0,1.014891200728547,0.010106202354160359
6300.0,1.010117601659764,0.010106202354160359
6301.0,1.0090115510106563,0.010106202354160359
6302.0,1.0073461472362777,0.010106202354160359
6303.0,0.9991803821424757,0.010106202354160359
6304.0,0.9910146170486738,0.010106202354160359
6305.0,0.997671477166583,0.010106202354160359
6306.0,1.011359246234482,0.010106202354160359
6307.0,1.0190585294351282,0.010106202354160359
6308.0,1.0111514555271863,0.010106202354160359
6309.0,1.0032443816192445,0.010106202354160359
6310.0,1.0060078487952542,0.010106202354160359
6311.0,1.0102768854666628,0.010106202354160359
6312.0,1.0135079655336794,0.010106202354160359
6313.0,1.0155936237923144,0.010106202354160359
6314.0,1.016705641944253,0.010106202354160359
6315.0,1.005709974253176,0.010106202354160359
6316.0,0.994714306562099,0.010106202354160359
6317.0,0.996357268221498,0.010106202354160359
6318.0,1.0041280501720347,0.010106202354160359
6319.0,1.0107377543481022,0.010106202354160359
6320.0,1.0142478412055518,0.010106202354160359
6321.0,1.017757928063001,0.010106202354160359
6322.0,1.01515281438279,0.010106202354160359
6323.0,1.0116464245902794,0.010106202354160359
6324.0,1.007014874660105,0.010106202354160359
6325.0,1.0011175195750561,0.010106202354160359
6326.0,0.9952546245893351,0.010106202354160359
6327.0,0.9898521878273933,0.010106202354160359
6328.0,0.9844497510654515,0.010106202354160359
6329.0,0.9866138842766324,0.010106202354160359
6330.0,0.9925273412087785,0.010106202354160359
6331.0,0.9970410544357038,0.010106202354160359
6332.0,0.9977258723254778,0.010106202354160359
6333.0,0.9984106902152518,0.010106202354160359
6334.0,0.9913577110232493,0.010106202354160359
6335.0,0.9831151259086974,0.010106202354160359
6336.0,0.9835099968206243,0.010106202354160359
6337.0,0.993811228381479,0.010106202354160359
6338.0,1.0033907054652582,0.010106202354160359
6339.0,1.0025582059261116,0.010106202354160359
6340.0,1.001725706386965,0.010106202354160359
6341.0,1.0020627218971596,0.010106202354160359
6342.0,1.002991896926006,0.010106202354160359
6343.0,1.0031538500794983,0.010106202354160359
6344.0,1.0011647793450154,0.010106202354160359
6345.0,0.9991757086105322,0.010106202354160359
6346.0,0.998002606899843,0.010106202354160359
6347.0,0.9969601966066141,0.010106202354160359
6348.0,0.999942011781298,0.010106202354160359
6349.0,1.0076292364223638,0.010106202354160359
6350.0,1.0145822235614075,0.010106202354160359
6351.0,1.0100370514189436,0.010106202354160359
6352.0,1.0054918792764795,0.010106202354160359
6353.0,0.9992598194386715,0.010106202354160359
6354.0,0.9921551255289559,0.010106202354160359
6355.0,0.9885551976554038,0.010106202354160359
6356.0,0.995029434481159,0.010106202354160359
6357.0,1.001503671306914,0.010106202354160359
6358.0,1.0029220690271115,0.010106202354160359
6359.0,1.0034978268963843,0.010106202354160359
6360.0,1.004269199462777,0.010106202354160359
6361.0,1.005273765339156,0.010106202354160359
6362.0,1.0061953242275965,0.010106202354160359
6363.0,1.0056967418224019,0.010106202354160359
6364.0,1.005198159417207,0.010106202354160359
6365.0,1.0039897588770157,0.010106202354160359
6366.0,1.0024062617810827,0.010106202354160359
6367.0,1.0002096679092443,0.010106202354160359
6368.0,0.9962057461008519,0.010106202354160359
6369.0,0.9922018242924594,0.010106202354160359
6370.0,1.0026072565673347,0.010106202354160359
6371.0,1.0155089572256368,0.010106202354160359
6372.0,1.0166967577221298,0.010106202354160359
6373.0,1.003647184883667,0.010106202354160359
6374.0,0.9914730891911228,0.010106202354160359
6375.0,0.9957871464134797,0.010106202354160359
6376.0,1.0001012036358363,0.010106202354160359
6377.0,0.9991121612998867,0.010106202354160359
6378.0,0.995260817538753,0.010106202354160359
6379.0,0.9917942167582365,0.010106202354160359
6380.0,0.9894911382282796,0.010106202354160359
6381.0,0.9871880596983226,0.010106202354160359
6382.0,1.0014735209675072,0.010106202354160359
6383.0,1.0187430396793116,0.010106202354160359
6384.0,1.0247795537817501,0.010106202354160359
6385.0,1.0168955971182605,0.010106202354160359
6386.0,1.0090556874125751,0.010106202354160359
6387.0,1.0021372864293694,0.010106202354160359
6388.0,0.995218885446164,0.010106202354160359
6389.0,0.9969763236543385,0.010106202354160359
6390.0,1.0035159748990916,0.010106202354160359
6391.0,1.0053102524505544,0.010106202354160359
6392.0,0.9923775081952565,0.010106202354160359
6393.0,0.9794447639399586,0.010106202354160359
6394.0,0.9856126525884734,0.010106202354160359
6395.0,0.9953449043572269,0.010106202354160359
6396.0,1.000668183041029,0.010106202354160359
6397.0,1.0004203408430306,0.010106202354160359
6398.0,1.0002785446802183,0.010106202354160359
6399.0,1.0026288303442439,0.010106202354160359
6400.0,1.0049791160082695,0.010106202354160359
6401.0,1.0039174193885771,0.010106202354160359
6402.0,1.0009352824590998,0.010106202354160359
6403.0,0.9986307208101532,0.010106202354160359
6404.0,0.9984848663363604,0.010106202354160359
6405.0,0.9983390118625672,0.010106202354160359
6406.0,0.9974151237073481,0.010106202354160359
6407.0,0.9963407562584431,0.010106202354160359
6408.0,0.9965266469918456,0.010106202354160359
6409.0,0.9983363319216803,0.010106202354160359
6410.0,0.9997813165894407,0.010106202354160359
6411.0,0.9914644909092473,0.010106202354160359
6412.0,0.9831476652290538,0.010106202354160359
6413.0,0.9850922907397078,0.010106202354160359
6414.0,0.9929338560651307,0.010106202354160359
6415.0,0.9986519859368955,0.010106202354160359
6416.0,0.9974226705807889,0.010106202354160359
6417.0,0.9961933552246824,0.010106202354160359
6418.0,0.9952607083275312,0.010106202354160359
6419.0,0.9943874806174039,0.010106202354160359
6420.0,0.9938146230527567,0.010106202354160359
6421.0,0.9936364184848083,0.010106202354160359
6422.0,0.9936188642372552,0.010106202354160359
6423.0,0.9985876487803865,0.010106202354160359
6424.0,1.0035564333235178,0.010106202354160359
6425.0,0.9988704689935991,0.010106202354160359
6426.0,0.9885203853248201,0.010106202354160359
6427.0,0.9816412265904555,0.010106202354160359
6428.0,0.9864287370073516,0.010106202354160359
6429.0,0.9912162474242476,0.010106202354160359
6430.0,0.9885887999192595,0.010106202354160359
6431.0,0.9844246292507578,0.010106202354160359
6432.0,0.9807366861168679,0.010106202354160359
6433.0,0.9776868343706453,0.010106202354160359
6434.0,0.9749099585877831,0.010106202354160359
6435.0,0.9821959694543461,0.010106202354160359
6436.0,0.989481980320909,0.010106202354160359
6437.0,0.9907333867112488,0.010106202354160359
6438.0,0.9883709800563294,0.010106202354160359
6439.0,0.9873626744755327,0.010106202354160359
6440.0,0.9910321726053251,0.010106202354160359
6441.0,0.9947016707351174,0.010106202354160359
6442.0,0.9983479110543891,0.010106202354160359
6443.0,1.0019891675571209,0.010106202354160359
6444.0,1.0033046945597055,0.010106202354160359
6445.0,1.0014421650578236,0.010106202354160359
6446.0,0.9994418635002001,0.010106202354160359
6447.0,0.991203549418755,0.010106202354160359
6448.0,0.9829652353373101,0.010106202354160359
6449.0,0.9823442718381911,0.010106202354160359
6450.0,0.9863791744590124,0.010106202354160359
6451.0,0.9889677573359374,0.010106202354160359
6452.0,0.9864191389367315,0.010106202354160359
6453.0,0.9838705205375253,0.010106202354160359
6454.0,0.9876592174484752,0.010106202354160359
6455.0,0.9928510442888032,0.010106202354160359
6456.0,0.9927651219597864,0.010106202354160359
6457.0,0.9853237158746442,0.010106202354160359
6458.0,0.9781974253879089,0.010106202354160359
6459.0,0.9895053974074131,0.010106202354160359
6460.0,1.000813369426917,0.010106202354160359
6461.0,0.9962336959603227,0.010106202354160359
6462.0,0.9817436003581517,0.010106202354160359
6463.0,0.9728222873180397,0.010106202354160359
6464.0,0.9842472524656145,0.010106202354160359
6465.0,0.9956722176131896,0.010106202354160359
6466.0,0.9959622636449774,0.010106202354160359
6467.0,0.9937067160735986,0.010106202354160359
6468.0,0.9853915252836568,0.010106202354160359
6469.0,0.9684624811975758,0.010106202354160359
6470.0,0.951928659578115,0.010106202354160359
6471.0,0.9679216469615727,0.010106202354160359
6472.0,0.9839146343450303,0.010106202354160359
6473.0,0.9881873573214426,0.010106202354160359
6474.0,0.984999636942499,0.010106202354160359
6475.0,0.9813706832738344,0.010106202354160359
6476.0,0.976082692435818,0.010106202354160359
6477.0,0.9707947015978016,0.010106202354160359
6478.0,0.9760749437347134,0.010106202354160359
6479.0,0.9838482853419656,0.010106202354160359
6480.0,0.9854203682833764,0.010106202354160359
6481.0,0.9780006261593476,0.010106202354160359
6482.0,0.9707123853874976,0.010106202354160359
6483.0,0.9815494143234119,0.010106202354160359
6484.0,0.9923864432593263,0.010106202354160359
6485.0,0.9927959224102795,0.010106202354160359
6486.0,0.9864326563543633,0.010106202354160359
6487.0,0.9806129419709695,0.010106202354160359
6488.0,0.9768975036531262,0.010106202354160359
6489.0,0.9731820653352831,0.010106202354160359
6490.0,0.9779484237772708,0.010106202354160359
6491.0,0.984778264117536,0.010106202354160359
6492.0,0.9873341868213369,0.010106202354160359
6493.0,0.9835682730212084,0.010106202354160359
6494.0,0.9798119896708025,0.010106202354160359
6495.0,0.9800571581803563,0.010106202354160359
6496.0,0.9803023266899102,0.010106202354160359
6497.0,0.9790019212403661,0.010106202354160359
6498.0,0.9766773031073488,0.010106202354160359
6499.0,0.9748521112957668,0.010106202354160359
6500.0,0.9750186436163664,0.010106202354160359
6501.0,0.975185175936966,0.010106202354160359
6502.0,0.9773935584142663,0.010106202354160359
6503.0,0.9801139363512793,0.010106202354160359
6504.0,0.9815612689669255,0.010106202354160359
6505.0,0.9810875301789409,0.010106202354160359
6506.0,0.9806137913909563,0.010106202354160359
6507.0,0.9890898155796438,0.010106202354160359
6508.0,0.9975873795107526,0.010106202354160359
6509.0,0.9916603362388816,0.010106202354160359
6510.0,0.9759814458438949,0.010106202354160359
6511.0,0.9645922181653257,0.010106202354160359
6512.0,0.9708353464376581,0.010106202354160359
6513.0,0.9770784747099905,0.010106202354160359
6514.0,0.9802390370794913,0.010106202354160359
6515.0,0.9826033475314919,0.010106202354160359
6516.0,0.9852472584211447,0.010106202354160359
6517.0,0.988321651691939,0.010106202354160359
6518.0,0.9913960449627334,0.010106202354160359
6519.0,0.9837991003250632,0.010106202354160359
6520.0,0.976124733646951,0.010106202354160359
6521.0,0.9759212542657143,0.010106202354160359
6522.0,0.9808701109512865,0.010106202354160359
6523.0,0.9843647099978793,0.010106202354160359
6524.0,0.9816947200590974,0.010106202354160359
6525.0,0.9790247301203155,0.010106202354160359
6526.0,0.9749169805630691,0.010106202354160359
6527.0,0.9704268481285716,0.010106202354160359
6528.0,0.9665358735465363,0.010106202354160359
6529.0,0.9635861685537065,0.010106202354160359
6530.0,0.9606364635608767,0.010106202354160359
6531.0,0.9605775224927753,0.010106202354160359
6532.0,0.9605537061382183,0.010106202354160359
6533.0,0.9657068527945526,0.010106202354160359
6534.0,0.9745018711804364,0.010106202354160359
6535.0,0.9807077482529315,0.010106202354160359
6536.0,0.9755882200965388,0.010106202354160359
6537.0,0.9704686919401463,0.010106202354160359
6538.0,0.9653934768009775,0.010106202354160359
6539.0,0.9603303901481742,0.010106202354160359
6540.0,0.9613670656292616,0.010106202354160359
6541.0,0.9721824222812059,0.010106202354160359
6542.0,0.9829977789331502,0.010106202354160359
6543.0,0.9763960131373969,0.010106202354160359
6544.0,0.9694965187528014,0.010106202354160359
6545.0,0.9689475682839161,0.010106202354160359
6546.0,0.9729552967483668,0.010106202354160359
6547.0,0.9738317595506748,0.010106202354160359
6548.0,0.9605656847266524,0.010106202354160359
6549.0,0.94729960990263,0.010106202354160359
6550.0,0.9498615487235141,0.010106202354160359
6551.0,0.9568796821551737,0.010106202354160359
6552.0,0.9648454501023015,0.010106202354160359
6553.0,0.9743616200889745,0.010106202354160359
6554.0,0.9838777900756478,0.010106202354160359
6555.0,0.9815023715688174,0.010106202354160359
6556.0,0.9788643167516995,0.010106202354160359
6557.0,0.974818278775013,0.010106202354160359
6558.0,0.969741866427916,0.010106202354160359
6559.0,0.9642051820651799,0.010106202354160359
6560.0,0.9565205616294727,0.010106202354160359
6561.0,0.9488359411937657,0.010106202354160359
6562.0,0.9518336160651557,0.010106202354160359
6563.0,0.9579235343149113,0.010106202354160359
6564.0,0.9609309206912238,0.010106202354160359
6565.0,0.9587908740352763,0.010106202354160359
6566.0,0.956650827379329,0.010106202354160359
6567.0,0.9523811284011331,0.010106202354160359
6568.0,0.9480536583365141,0.010106202354160359
6569.0,0.9508078961467339,0.010106202354160359
6570.0,0.9588474337545124,0.010106202354160359
6571.0,0.9646999200846995,0.010106202354160359
6572.0,0.959999501648902,0.010106202354160359
6573.0,0.9552990832131047,0.010106202354160359
6574.0,0.9556940724420911,0.010106202354160359
6575.0,0.9576049851352133,0.010106202354160359
6576.0,0.9596160851473379,0.010106202354160359
6577.0,0.9617979589986707,0.010106202354160359
6578.0,0.9639798328500037,0.010106202354160359
6579.0,0.9661110272660223,0.010106202354160359
6580.0,0.9682405888873467,0.010106202354160359
6581.0,0.9632327075973572,0.010106202354160359
6582.0,0.9527925230344894,0.010106202354160359
6583.0,0.9442709171616133,0.010106202354160359
6584.0,0.945328402014329,0.010106202354160359
6585.0,0.9463858868670448,0.010106202354160359
6586.0,0.9493572246809636,0.010106202354160359
6587.0,0.952913517553557,0.010106202354160359
6588.0,0.9543760882866399,0.010106202354160359
6589.0,0.9521953070072282,0.010106202354160359
6590.0,0.9500145257278165,0.010106202354160359
6591.0,0.9581472924406383,0.010106202354160359
6592.0,0.9666653722789476,0.010106202354160359
6593.0,0.9658639059872105,0.010106202354160359
6594.0,0.9578293591169191,0.010106202354160359
6595.0,0.9508390022966099,0.010106202354160359
6596.0,0.9492474947717618,0.010106202354160359
6597.0,0.9476559872469138,0.010106202354160359
6598.0,0.9508932292945431,0.010106202354160359
6599.0,0.9556461198672836,0.010106202354160359
6600.0,0.96046980199324,0.010106202354160359
6601.0,0.9654192571120761,0.010106202354160359
6602.0,0.9703687122309123,0.010106202354160359
6603.0,0.9671469465300916,0.010106202354160359
6604.0,0.9635774693050261,0.010106202354160359
6605.0,0.9574904157319848,0.010106202354160359
6606.0,0.9494109576512979,0.010106202354160359
6607.0,0.9439777627514832,0.010106202354160359
6608.0,0.9527253064239294,0.010106202354160359
6609.0,0.9614728500963756,0.010106202354160359
6610.0,0.9619219277448181,0.010106202354160359
6611.0,0.959697055229983,0.010106202354160359
6612.0,0.9580863549127475,0.010106202354160359
6613.0,0.9575898791566954,0.010106202354160359
6614.0,0.9570934034006432,0.010106202354160359
6615.0,0.9589929319912545,0.010106202354160359
6616.0,0.9610069865757944,0.010106202354160359
6617.0,0.9631359779366548,0.010106202354160359
6618.0,0.965357716544351,0.010106202354160359
6619.0,0.9667627621709486,0.010106202354160359
6620.0,0.9636277665010746,0.010106202354160359
6621.0,0.9604927708312004,0.010106202354160359
6622.0,0.9607802236325559,0.010106202354160359
6623.0,0.9621993806408496,0.010106202354160359
6624.0,0.9614358189817456,0.010106202354160359
6625.0,0.9566282477368099,0.010106202354160359
6626.0,0.9518206764918741,0.010106202354160359
6627.0,0.9534998741455384,0.010106202354160359
6628.0,0.9555235020062057,0.010106202354160359
6629.0,0.9582418854631788,0.010106202354160359
6630.0,0.9615318840278325,0.010106202354160359
6631.0,0.9634582166737332,0.010106202354160359
6632.0,0.9575129818211583,0.010106202354160359
6633.0,0.9515677469685834,0.010106202354160359
6634.0,0.946372845283766,0.010106202354160359
6635.0,0.9414324778407447,0.010106202354160359
6636.0,0.9396884154883414,0.010106202354160359
6637.0,0.943992916588664,0.010106202354160359
6638.0,0.9482974176889865,0.010106202354160359
6639.0,0.9440571993563225,0.010106202354160359
6640.0,0.9393175438014064,0.010106202354160359
6641.0,0.9364503474100068,0.010106202354160359
6642.0,0.935153867314712,0.010106202354160359
6643.0,0.9347937072294491,0.010106202354160359
6644.0,0.9400514672043901,0.010106202354160359
6645.0,0.9453092271793312,0.010106202354160359
6646.0,0.9468285374549205,0.010106202354160359
6647.0,0.9470472543885036,0.010106202354160359
6648.0,0.9464367632719204,0.010106202354160359
6649.0,0.9442233312414641,0.010106202354160359
6650.0,0.9420098992110079,0.010106202354160359
6651.0,0.9443031820308132,0.010106202354160359
6652.0,0.9468842499623842,0.010106202354160359
6653.0,0.9478708599662252,0.010106202354160359
6654.0,0.9474938355730751,0.010106202354160359
6655.0,0.94598317224923,0.010106202354160359
6656.0,0.9373946589059236,0.010106202354160359
6657.0,0.928806145562617,0.010106202354160359
6658.0,0.9331104891876627,0.010106202354160359
6659.0,0.9420134251189968,0.010106202354160359
6660.0,0.9465223084416577,0.010106202354160359
6661.0,0.9423529378621931,0.010106202354160359
6662.0,0.9381835672827284,0.010106202354160359
6663.0,0.9413686853829588,0.010106202354160359
6664.0,0.945063613995007,0.010106202354160359
6665.0,0.9452860114743408,0.010106202354160359
6666.0,0.9424806739435779,0.010106202354160359
6667.0,0.939631933996727,0.010106202354160359
6668.0,0.9365008828389243,0.010106202354160359
6669.0,0.9333698316811216,0.010106202354160359
6670.0,0.9364953693144525,0.010106202354160359
6671.0,0.9419081517025748,0.010106202354160359
6672.0,0.9446672488080312,0.010106202354160359
6673.0,0.9420709013394017,0.010106202354160359
6674.0,0.9394745538707722,0.010106202354160359
6675.0,0.9393659649942617,0.010106202354160359
6676.0,0.9394435567607745,0.010106202354160359
6677.0,0.9362046470898927,0.010106202354160359
6678.0,0.9300177361413321,0.010106202354160359
6679.0,0.9247329513702255,0.010106202354160359
6680.0,0.9255691348685257,0.010106202354160359
6681.0,0.9264053183668259,0.010106202354160359
6682.0,0.9315181439067991,0.010106202354160359
6683.0,0.9382329459211249,0.010106202354160359
6684.0,0.9398428943071349,0.010106202354160359
6685.0,0.9309240820847393,0.010106202354160359
6686.0,0.9220052698623438,0.010106202354160359
6687.0,0.9247419141546858,0.010106202354160359
6688.0,0.9284158325117616,0.010106202354160359
6689.0,0.931985902302527,0.010106202354160359
6690.0,0.9354618667563156,0.010106202354160359
6691.0,0.937319743090496,0.010106202354160359
6692.0,0.9277096162469066,0.010106202354160359
6693.0,0.9180994894033173,0.010106202354160359
6694.0,0.9184698212884874,0.010106202354160359
6695.0,0.9226698640812074,0.010106202354160359
6696.0,0.9258268984652207,0.010106202354160359
6697.0,0.9267850531816278,0.010106202354160359
6698.0,0.927743207898035,0.010106202354160359
6699.0,0.9315417825550796,0.010106202354160359
6700.0,0.9355847740518637,0.010106202354160359
6701.0,0.9356153999962022,0.010106202354160359
6702.0,0.9319394526819348,0.010106202354160359
6703.0,0.9295362803975442,0.010106202354160359
6704.0,0.9365696421730663,0.010106202354160359
6705.0,0.9436030039485881,0.010106202354160359
6706.0,0.9359528785140425,0.010106202354160359
6707.0,0.9225324863665174,0.010106202354160359
6708.0,0.9153501454402692,0.010106202354160359
6709.0,0.9216126952143828,0.010106202354160359
6710.0,0.9278752449884964,0.010106202354160359
6711.0,0.9280103655428322,0.010106202354160359
6712.0,0.9275833366274651,0.010106202354160359
6713.0,0.9251468283084106,0.010106202354160359
6714.0,0.920817943115019,0.010106202354160359
6715.0,0.9176349085281836,0.010106202354160359
6716.0,0.923353323916474,0.010106202354160359
6717.0,0.9290717393047645,0.010106202354160359
6718.0,0.9309935374775857,0.010106202354160359
6719.0,0.9313877405081605,0.010106202354160359
6720.0,0.9304949479627719,0.010106202354160359
6721.0,0.9267658151672815,0.010106202354160359
6722.0,0.923036682371791,0.010106202354160359
6723.0,0.9241385382167564,0.010106202354160359
6724.0,0.925711399541821,0.010106202354160359
6725.0,0.9243758375040539,0.010106202354160359
6726.0,0.92024818903797,0.010106202354160359
6727.0,0.9159132526926589,0.010106202354160359
6728.0,0.9098881228705816,0.010106202354160359
6729.0,0.9038629930485045,0.010106202354160359
6730.0,0.9015685315371879,0.010106202354160359
6731.0,0.9008105995165739,0.010106202354160359
6732.0,0.9013700398909482,0.010106202354160359
6733.0,0.9048987141399696,0.010106202354160359
6734.0,0.9084273883889911,0.010106202354160359
6735.0,0.904239469489619,0.010106202354160359
6736.0,0.8992543396424663,0.010106202354160359
6737.0,0.9023366090226119,0.010106202354160359
6738.0,0.9133138154137798,0.010106202354160359
6739.0,0.9224335362794637,0.010106202354160359
6740.0,0.915625852524333,0.010106202354160359
6741.0,0.9088181687692023,0.010106202354160359
6742.0,0.9079801975876881,0.010106202354160359
6743.0,0.9096584704431815,0.010106202354160359
6744.0,0.9095723544681464,0.010106202354160359
6745.0,0.9054183420227263,0.010106202354160359
6746.0,0.9012643295773061,0.010106202354160359
6747.0,0.8982050286745069,0.010106202354160359
6748.0,0.8952652568615805,0.010106202354160359
6749.0,0.8988149463546677,0.010106202354160359
6750.0,0.9088385348964175,0.010106202354160359
6751.0,0.9171908822074363,0.010106202354160359
6752.0,0.9104416521323987,0.010106202354160359
6753.0,0.9036924220573612,0.010106202354160359
6754.0,0.9051830837946494,0.010106202354160359
6755.0,0.9102273758496259,0.010106202354160359
6756.0,0.9124750635153641,0.010106202354160359
6757.0,0.90812592227908,0.010106202354160359
6758.0,0.9037767810427959,0.010106202354160359
6759.0,0.8975933613157487,0.010106202354160359
6760.0,0.8911987662872235,0.010106202354160359
6761.0,0.8904109359389678,0.010106202354160359
6762.0,0.8953249001808095,0.010106202354160359
6763.0,0.9004416149186041,0.010106202354160359
6764.0,0.9074934419848657,0.010106202354160359
6765.0,0.9145452690511272,0.010106202354160359
6766.0,0.906167929515273,0.010106202354160359
6767.0,0.890983604713789,0.010106202354160359
6768.0,0.8825265286306315,0.010106202354160359
6769.0,0.8903085898223931,0.010106202354160359
6770.0,0.8980906510141546,0.010106202354160359
6771.0,0.8984033960515888,0.010106202354160359
6772.0,0.8978113787015565,0.010106202354160359
6773.0,0.9008321694852889,0.010106202354160359
6774.0,0.9075982674785996,0.010106202354160359
6775.0,0.9129127581707548,0.010106202354160359
6776.0,0.9035563377392735,0.010106202354160359
6777.0,0.8941999173077921,0.010106202354160359
6778.0,0.8956133210335769,0.010106202354160359
6779.0,0.9018862795620154,0.010106202354160359
6780.0,0.9027425729644493,0.010106202354160359
6781.0,0.8902151896180603,0.010106202354160359
6782.0,0.8776878062716713,0.010106202354160359
6783.0,0.8827933926584289,0.010106202354160359
6784.0,0.8901418737067837,0.010106202354160359
6785.0,0.8939213043554014,0.010106202354160359
6786.0,0.8939289977914603,0.010106202354160359
6787.0,0.8943892146409631,0.010106202354160359
6788.0,0.8997060912234461,0.010106202354160359
6789.0,0.9050229678059291,0.010106202354160359
6790.0,0.9043439235496534,0.010106202354160359
6791.0,0.9008983403800574,0.010106202354160359
6792.0,0.8977525710067716,0.010106202354160359
6793.0,0.8953652289063562,0.010106202354160359
6794.0,0.8929778868059409,0.010106202354160359
6795.0,0.896722939753635,0.010106202354160359
6796.0,0.9012856453744094,0.010106202354160359
6797.0,0.9032145486137773,0.010106202354160359
6798.0,0.9023060388138303,0.010106202354160359
6799.0,0.9009322813232545,0.010106202354160359
6800.0,0.8942394233696719,0.010106202354160359
6801.0,0.8875465654160892,0.010106202354160359
6802.0,0.8877460988612051,0.010106202354160359
6803.0,0.8911969900862784,0.010106202354160359
6804.0,0.8937261496497739,0.010106202354160359
6805.0,0.893867547452028,0.010106202354160359
6806.0,0.894008945254282,0.010106202354160359
6807.0,0.8937625480377123,0.010106202354160359
6808.0,0.8934620398882835,0.010106202354160359
6809.0,0.8913488839864531,0.010106202354160359
6810.0,0.8872450116613301,0.010106202354160359
6811.0,0.8835934271178197,0.010106202354160359
6812.0,0.8854698043496091,0.010106202354160359
6813.0,0.8873461815813986,0.010106202354160359
6814.0,0.8868316436601585,0.010106202354160359
6815.0,0.8851641911366568,0.010106202354160359
6816.0,0.8823715093521926,0.010106202354160359
6817.0,0.8765930218533386,0.010106202354160359
6818.0,0.8708145343544846,0.010106202354160359
6819.0,0.8763633102126351,0.010106202354160359
6820.0,0.8835636540430458,0.010106202354160359
6821.0,0.8870520643945533,0.010106202354160359
6822.0,0.8863846204694327,0.010106202354160359
6823.0,0.8854188636447313,0.010106202354160359
6824.0,0.8805396460695929,0.010106202354160359
6825.0,0.8756604284944545,0.010106202354160359
6826.0,0.8733039117832535,0.010106202354160359
6827.0,0.8721906616268585,0.010106202354160359
6828.0,0.8697828370402769,0.010106202354160359
6829.0,0.8638553882216397,0.010106202354160359
6830.0,0.8579279394030024,0.010106202354160359
6831.0,0.8638622133386353,0.010106202354160359
6832.0,0.8716011753834884,0.010106202354160359
6833.0,0.8746212203442839,0.010106202354160359
6834.0,0.8722551491474376,0.010106202354160359
6835.0,0.87003400330579,0.010106202354160359
6836.0,0.8698628924885786,0.010106202354160359
6837.0,0.8696917816713674,0.010106202354160359
6838.0,0.8705037689234169,0.010106202354160359
6839.0,0.8718108543005978,0.010106202354160359
6840.0,0.8741359108002245,0.010106202354160359
6841.0,0.879297405018298,0.010106202354160359
6842.0,0.8844588992363716,0.010106202354160359
6843.0,0.8811079287030146,0.010106202354160359
6844.0,0.8764072766930723,0.010106202354160359
6845.0,0.874429934185467,0.010106202354160359
6846.0,0.8756215336442147,0.010106202354160359
6847.0,0.8769383438077527,0.010106202354160359
6848.0,0.8801750514447207,0.010106202354160359
6849.0,0.8834117590816888,0.010106202354160359
6850.0,0.8814386365152759,0.010106202354160359
6851.0,0.8767848194987621,0.010106202354160359
6852.0,0.8727768509035865,0.010106202354160359
6853.0,0.8706137363638105,0.010106202354160359
6854.0,0.8684506218240344,0.010106202354160359
6855.0,0.8697398326349602,0.010106202354160359
6856.0,0.8715987978394277,0.010106202354160359
6857.0,0.8709865623533928,0.010106202354160359
6858.0,0.8674426137122284,0.010106202354160359
6859.0,0.8642610591721763,0.010106202354160359
6860.0,0.8671399676847533,0.010106202354160359
6861.0,0.8700188761973303,0.010106202354160359
6862.0,0.8722090795841526,0.010106202354160359
6863.0,0.8740372713023087,0.010106202354160359
6864.0,0.8741913770558642,0.010106202354160359
6865.0,0.8694416743942488,0.010106202354160359
6866.0,0.8646919717326332,0.010106202354160359
6867.0,0.8704599530235085,0.010106202354160359
6868.0,0.8780326564553095,0.010106202354160359
6869.0,0.8810152366909497,0.010106202354160359
6870.0,0.8784458376760624,0.010106202354160359
6871.0,0.876088916334193,0.010106202354160359
6872.0,0.8776356545664016,0.010106202354160359
6873.0,0.8791823927986102,0.010106202354160359
6874.0,0.8783406529517378,0.010106202354160359
6875.0,0.87621653834285,0.010106202354160359
6876.0,0.874538154296917,0.010106202354160359
6877.0,0.8741991048752438,0.010106202354160359
6878.0,0.8738600554535705,0.010106202354160359
6879.0,0.8664027100291937,0.010106202354160359
6880.0,0.8576767573964142,0.010106202354160359
6881.0,0.8561925943959662,0.010106202354160359
6882.0,0.8636393247758569,0.010106202354160359
6883.0,0.8702960086426922,0.010106202354160359
6884.0,0.8608681558078277,0.010106202354160359
6885.0,0.8514403029729631,0.010106202354160359
6886.0,0.8535633854129676,0.010106202354160359
6887.0,0.8620201591282142,0.010106202354160359
6888.0,0.8679214343048862,0.010106202354160359
6889.0,0.8659432556543231,0.010106202354160359
6890.0,0.8639650770037599,0.010106202354160359
6891.0,0.8600485044293399,0.010106202354160359
6892.0,0.855773480631448,0.010106202354160359
6893.0,0.8561557006998803,0.010106202354160359
6894.0,0.8623941840582184,0.010106202354160359
6895.0,0.8679646895426987,0.010106202354160359
6896.0,0.8583052995033517,0.010106202354160359
6897.0,0.8486459094640046,0.010106202354160359
6898.0,0.8456778735169018,0.010106202354160359
6899.0,0.8464564946364174,0.010106202354160359
6900.0,0.8474241044199813,0.010106202354160359
6901.0,0.8489898633252573,0.010106202354160359
6902.0,0.8505556222305333,0.010106202354160359
6903.0,0.84742747130025,0.010106202354160359
6904.0,0.8433994864386855,0.010106202354160359
6905.0,0.8420302516089624,0.010106202354160359
6906.0,0.8440700442173228,0.010106202354160359
6907.0,0.8463556912012071,0.010106202354160359
6908.0,0.8550018288033584,0.010106202354160359
6909.0,0.8636479664055098,0.010106202354160359
6910.0,0.8606405961429353,0.010106202354160359
6911.0,0.8509709374218553,0.010106202354160359
6912.0,0.84583591022764,0.010106202354160359
6913.0,0.8554384354957529,0.010106202354160359
6914.0,0.8650409607638656,0.010106202354160359
6915.0,0.8600016215611068,0.010106202354160359
6916.0,0.8520549768950716,0.010106202354160359
6917.0,0.8465846486259061,0.010106202354160359
6918.0,0.8443520525986221,0.010106202354160359
6919.0,0.8421736134117063,0.010106202354160359
6920.0,0.8416118562002084,0.010106202354160359
6921.0,0.8410500989887105,0.010106202354160359
6922.0,0.8445807072251834,0.010106202354160359
6923.0,0.8504998253333835,0.010106202354160359
6924.0,0.8538502681712702,0.010106202354160359
6925.0,0.8486250815910867,0.010106202354160359
6926.0,0.8433998950109033,0.010106202354160359
6927.0,0.8441743049712948,0.010106202354160359
6928.0,0.846181627679527,0.010106202354160359
6929.0,0.8474162403357618,0.010106202354160359
6930.0,0.8476205729226667,0.010106202354160359
6931.0,0.8477037221729314,0.010106202354160359
6932.0,0.8435191104371138,0.010106202354160359
6933.0,0.8393344987012963,0.010106202354160359
6934.0,0.8369777145748517,0.010106202354160359
6935.0,0.8357099235260217,0.010106202354160359
6936.0,0.8345832088617345,0.010106202354160359
6937.0,0.8339405062614365,0.010106202354160359
6938.0,0.8332978036611385,0.010106202354160359
6939.0,0.8380237366434018,0.010106202354160359
6940.0,0.8438906023695569,0.010106202354160359
6941.0,0.8437683861484966,0.010106202354160359
6942.0,0.8355023757782345,0.010106202354160359
6943.0,0.8274400178361929,0.010106202354160359
6944.0,0.8281025586610576,0.010106202354160359
6945.0,0.8287650994859223,0.010106202354160359
6946.0,0.8287585730345176,0.010106202354160359
6947.0,0.8283451813475448,0.010106202354160359
6948.0,0.8299969636439536,0.010106202354160359
6949.0,0.838932973740442,0.010106202354160359
6950.0,0.8478689838369304,0.010106202354160359
6951.0,0.8394564059351288,0.010106202354160359
6952.0,0.8272337428214154,0.010106202354160359
6953.0,0.8219424306579316,0.010106202354160359
6954.0,0.8262636510443374,0.010106202354160359
6955.0,0.8304915744408394,0.010106202354160359
6956.0,0.8296317019880417,0.010106202354160359
6957.0,0.8287718295352439,0.010106202354160359
6958.0,0.8261784089270877,0.010106202354160359
6959.0,0.8225091092108433,0.010106202354160359
6960.0,0.8198791298241114,0.010106202354160359
6961.0,0.8210195736327692,0.010106202354160359
6962.0,0.822160017441427,0.010106202354160359
6963.0,0.8273506777440947,0.010106202354160359
6964.0,0.833459943849528,0.010106202354160359
6965.0,0.8314392781305714,0.010106202354160359
6966.0,0.817918882758581,0.010106202354160359
6967.0,0.804696240034988,0.010106202354160359
6968.0,0.8137238406721089,0.010106202354160359
6969.0,0.82275144130923,0.010106202354160359
6970.0,0.8210452405554203,0.010106202354160359
6971.0,0.8125409655873634,0.010106202354160359
6972.0,0.8071942740335291,0.010106202354160359
6973.0,0.8136346978384785,0.010106202354160359
6974.0,0.8200751216434279,0.010106202354160359
6975.0,0.8253292816530655,0.010106202354160359
6976.0,0.8303057680632083,0.010106202354160359
6977.0,0.8293394255575105,0.010106202354160359
6978.0,0.8197986788682797,0.010106202354160359
6979.0,0.8103647615021875,0.010106202354160359
6980.0,0.8135367042660844,0.010106202354160359
6981.0,0.816708647029981,0.010106202354160359
6982.0,0.8157494198117095,0.010106202354160359
6983.0,0.8121204444033779,0.010106202354160359
6984.0,0.8089596169542919,0.010106202354160359
6985.0,0.807597892999745,0.010106202354160359
6986.0,0.8062361690451981,0.010106202354160359
6987.0,0.8102967875741778,0.010106202354160359
6988.0,0.8156665260470138,0.010106202354160359
6989.0,0.8178854054089696,0.010106202354160359
6990.0,0.8154668185424527,0.010106202354160359
6991.0,0.8130377200326864,0.010106202354160359
6992.0,0.8077004002236449,0.010106202354160359
6993.0,0.8023630804146034,0.010106202354160359
6994.0,0.8042643711227992,0.010106202354160359
6995.0,0.8109385305186524,0.010106202354160359
6996.0,0.8155306026333075,0.010106202354160359
6997.0,0.8118810792599177,0.010106202354160359
6998.0,0.8082315558865278,0.010106202354160359
6999.0,0.8093062527754269,0.010106202354160359
7000.0,0.8115566926381482,0.010106202354160359
7001.0,0.8133755672977386,0.010106202354160359
7002.0,0.8145464461568314,0.010106202354160359
7003.0,0.8157173250159241,0.010106202354160359
7004.0,0.8123418707431016,0.010106202354160359
7005.0,0.8089609521275729,0.010106202354160359
7006.0,0.8047739336282471,0.010106202354160359
7007.0,0.8000446591829945,0.010106202354160359
7008.0,0.7964152182127712,0.010106202354160359
7009.0,0.7972722930644638,0.010106202354160359
7010.0,0.7981293679161564,0.010106202354160359
7011.0,0.801932840267365,0.010106202354160359
7012.0,0.8064917991569129,0.010106202354160359
7013.0,0.8057781390371567,0.010106202354160359
7014.0,0.7969872753286802,0.010106202354160359
7015.0,0.7881964116202038,0.010106202354160359
7016.0,0.7990321671373638,0.010106202354160359
7017.0,0.8099864408865535,0.010106202354160359
7018.0,0.8100822386737436,0.010106202354160359
7019.0,0.8027265721874438,0.010106202354160359
7020.0,0.7977780672169729,0.010106202354160359
7021.0,0.8029546853724282,0.010106202354160359
7022.0,0.8081313035278836,0.010106202354160359
7023.0,0.8007791134000145,0.010106202354160359
7024.0,0.7901188616009787,0.010106202354160359
7025.0,0.7833110400389942,0.010106202354160359
7026.0,0.782524863278298,0.010106202354160359
7027.0,0.7817386865176018,0.010106202354160359
7028.0,0.7875157466991903,0.010106202354160359
7029.0,0.7933644927211619,0.010106202354160359
7030.0,0.7960347164311964,0.010106202354160359
7031.0,0.796479974522878,0.010106202354160359
7032.0,0.796341986210718,0.010106202354160359
7033.0,0.7936728580562424,0.010106202354160359
7034.0,0.7910037299017668,0.010106202354160359
7035.0,0.7956204166560953,0.010106202354160359
7036.0,0.802217065324568,0.010106202354160359
7037.0,0.8043531813340782,0.010106202354160359
7038.0,0.7993746782738645,0.010106202354160359
7039.0,0.7943961752136511,0.010106202354160359
7040.0,0.7959996461384276,0.010106202354160359
7041.0,0.7977074654312568,0.010106202354160359
7042.0,0.7987575592038016,0.010106202354160359
7043.0,0.7993380423682417,0.010106202354160359
7044.0,0.7978448257820765,0.010106202354160359
7045.0,0.7870608886027561,0.010106202354160359
7046.0,0.7762769514234356,0.010106202354160359
7047.0,0.7771092223326627,0.010106202354160359
7048.0,0.7811890352881367,0.010106202354160359
7049.0,0.7845267216317161,0.010106202354160359
7050.0,0.7866564037742317,0.010106202354160359
7051.0,0.7887860859167474,0.010106202354160359
7052.0,0.7903655022932132,0.010106202354160359
7053.0,0.7919334547995528,0.010106202354160359
7054.0,0.7884541796433887,0.010106202354160359
7055.0,0.7812994337205499,0.010106202354160359
7056.0,0.7764077964389717,0.010106202354160359
7057.0,0.781990682260479,0.010106202354160359
7058.0,0.7875735680819861,0.010106202354160359
7059.0,0.7853677978551605,0.010106202354160359
7060.0,0.780922939490795,0.010106202354160359
7061.0,0.7788341850952397,0.010106202354160359
7062.0,0.7806597248331759,0.010106202354160359
7063.0,0.7824852645711121,0.010106202354160359
7064.0,0.7832886876081805,0.010106202354160359
7065.0,0.7840656765926403,0.010106202354160359
7066.0,0.7818381957573615,0.010106202354160359
7067.0,0.7773793618132862,0.010106202354160359
7068.0,0.7738336372949498,0.010106202354160359
7069.0,0.7746568877372628,0.010106202354160359
7070.0,0.7754801381795757,0.010106202354160359
7071.0,0.7773540434131508,0.010106202354160359
7072.0,0.7795384065166172,0.010106202354160359
7073.0,0.7799318242427319,0.010106202354160359
7074.0,0.7772881695490016,0.010106202354160359
7075.0,0.7746445148552714,0.010106202354160359
7076.0,0.7713690546759775,0.010106202354160359
7077.0,0.7680740460596304,0.010106202354160359
7078.0,0.7693913124122351,0.010106202354160359
7079.0,0.7742018418742346,0.010106202354160359
7080.0,0.777886048254868,0.010106202354160359
7081.0,0.7759949553827216,0.010106202354160359
7082.0,0.7741038625105752,0.010106202354160359
7083.0,0.7712770138936809,0.010106202354160359
7084.0,0.7681660704184438,0.010106202354160359
7085.0,0.7673890841443671,0.010106202354160359
7086.0,0.7706525221398322,0.010106202354160359
7087.0,0.7739159601352972,0.010106202354160359
7088.0,0.7732774003781977,0.010106202354160359
7089.0,0.7724980969210716,0.010106202354160359
7090.0,0.7702473394124925,0.010106202354160359
7091.0,0.7668601184556652,0.010106202354160359
7092.0,0.7637619157024192,0.010106202354160359
7093.0,0.7621449312425282,0.010106202354160359
7094.0,0.7605279467826371,0.010106202354160359
7095.0,0.7564310637153348,0.010106202354160359
7096.0,0.7515609209247783,0.010106202354160359
7097.0,0.750755872899632,0.010106202354160359
7098.0,0.7571356435296032,0.010106202354160359
7099.0,0.7635154141595741,0.010106202354160359
7100.0,0.7659278123180429,0.010106202354160359
7101.0,0.7681765563620636,0.010106202354160359
7102.0,0.7662426141235641,0.010106202354160359
7103.0,0.7610145820445376,0.010106202354160359
7104.0,0.7558045412720523,0.010106202354160359
7105.0,0.7506900452411228,0.010106202354160359
7106.0,0.7455755492101933,0.010106202354160359
7107.0,0.7476525068863551,0.010106202354160359
7108.0,0.7520316415020197,0.010106202354160359
7109.0,0.7552718041611775,0.010106202354160359
7110.0,0.7564564484072479,0.010106202354160359
7111.0,0.7576410926533184,0.010106202354160359
7112.0,0.7536429127608961,0.010106202354160359
7113.0,0.7494038227012315,0.010106202354160359
7114.0,0.7513418376769875,0.010106202354160359
7115.0,0.7582402551811815,0.010106202354160359
7116.0,0.7634363034810343,0.010106202354160359
7117.0,0.759256021397652,0.010106202354160359
7118.0,0.7550757393142699,0.010106202354160359
7119.0,0.7512466883201258,0.010106202354160359
7120.0,0.7475330338242002,0.010106202354160359
7121.0,0.747163726705255,0.010106202354160359
7122.0,0.7529580632162457,0.010106202354160359
7123.0,0.7587523997272364,0.010106202354160359
7124.0,0.7587446929373944,0.010106202354160359
7125.0,0.7584366278453643,0.010106202354160359
7126.0,0.754529340280224,0.010106202354160359
7127.0,0.7476750910831783,0.010106202354160359
7128.0,0.7427120229304794,0.010106202354160359
7129.0,0.7485622399426194,0.010106202354160359
7130.0,0.7544124569547593,0.010106202354160359
7131.0,0.7524869296140005,0.010106202354160359
7132.0,0.7479403648509124,0.010106202354160359
7133.0,0.7467258974172827,0.010106202354160359
7134.0,0.7517836131920413,0.010106202354160359
7135.0,0.7568413289668,0.010106202354160359
7136.0,0.7515849548731468,0.010106202354160359
7137.0,0.7457395781854921,0.010106202354160359
7138.0,0.7448892765093981,0.010106202354160359
7139.0,0.7482088722548473,0.010106202354160359
7140.0,0.7514499487815128,0.010106202354160359
7141.0,0.7542244902832371,0.010106202354160359
7142.0,0.7569990317849613,0.010106202354160359
7143.0,0.7536926854632333,0.010106202354160359
7144.0,0.7482840612833177,0.010106202354160359
7145.0,0.7451297154736641,0.010106202354160359
7146.0,0.7463099119338372,0.010106202354160359
7147.0,0.7474901083940105,0.010106202354160359
7148.0,0.7426913240799021,0.010106202354160359
7149.0,0.7375188534674014,0.010106202354160359
7150.0,0.7382936385914002,0.010106202354160359
7151.0,0.7441301991533613,0.010106202354160359
7152.0,0.7476084429194836,0.010106202354160359
7153.0,0.7365098492492592,0.010106202354160359
7154.0,0.7254112555790347,0.010106202354160359
7155.0,0.7269279098079061,0.010106202354160359
7156.0,0.7329163104465278,0.010106202354160359
7157.0,0.7370952861157597,0.010106202354160359
7158.0,0.7377198041938917,0.010106202354160359
7159.0,0.7383443222720236,0.010106202354160359
7160.0,0.7339349125792108,0.010106202354160359
7161.0,0.7291834539481182,0.010106202354160359
7162.0,0.7297061642606052,0.010106202354160359
7163.0,0.7348053395532841,0.010106202354160359
7164.0,0.7386786886036584,0.010106202354160359
7165.0,0.7346607812192236,0.010106202354160359
7166.0,0.7306428738347887,0.010106202354160359
7167.0,0.725056481001798,0.010106202354160359
7168.0,0.7189001965655701,0.010106202354160359
7169.0,0.7178144149050453,0.010106202354160359
7170.0,0.7269062489242544,0.010106202354160359
7171.0,0.7359980829434634,0.010106202354160359
7172.0,0.7359366115891154,0.010106202354160359
7173.0,0.7352027969276881,0.010106202354160359
7174.0,0.7297537583113698,0.010106202354160359
7175.0,0.7201335600426537,0.010106202354160359
7176.0,0.7124706607678172,0.010106202354160359
7177.0,0.7179470371462484,0.010106202354160359
7178.0,0.7234234135246795,0.010106202354160359
7179.0,0.7291525718278828,0.010106202354160359
7180.0,0.7349758466302599,0.010106202354160359
7181.0,0.7359964677824132,0.010106202354160359
7182.0,0.7271654917033306,0.010106202354160359
7183.0,0.7183345156242479,0.010106202354160359
7184.0,0.7221015884667132,0.010106202354160359
7185.0,0.7268641029985717,0.010106202354160359
7186.0,0.7240696111184466,0.010106202354160359
7187.0,0.7144600107161184,0.010106202354160359
7188.0,0.7060366541249553,0.010106202354160359
7189.0,0.7059284104024222,0.010106202354160359
7190.0,0.7058201666798892,0.010106202354160359
7191.0,0.7100764637095345,0.010106202354160359
7192.0,0.7159975109431633,0.010106202354160359
7193.0,0.7184692207776557,0.010106202354160359
7194.0,0.7137088626080171,0.010106202354160359
7195.0,0.7089485044383785,0.010106202354160359
7196.0,0.7136910215186679,0.010106202354160359
7197.0,0.7192378184052591,0.010106202354160359
7198.0,0.7193151483359634,0.010106202354160359
7199.0,0.714364097355614,0.010106202354160359
7200.0,0.7101645875062712,0.010106202354160359
7201.0,0.711473874147222,0.010106202354160359
7202.0,0.7127831607881728,0.010106202354160359
7203.0,0.7109496226723725,0.010106202354160359
7204.0,0.7078883366549374,0.010106202354160359
7205.0,0.7076448777166116,0.010106202354160359
7206.0,0.7134411387063228,0.010106202354160359
7207.0,0.7192373996960338,0.010106202354160359
7208.0,0.7190805627253272,0.010106202354160359
7209.0,0.7183860768550548,0.010106202354160359
7210.0,0.7159383250849788,0.010106202354160359
7211.0,0.7118473962041537,0.010106202354160359
7212.0,0.7081698842342706,0.010106202354160359
7213.0,0.707666208341095,0.010106202354160359
7214.0,0.7071625324479192,0.010106202354160359
7215.0,0.7100435257835838,0.010106202354160359
7216.0,0.714278386810781,0.010106202354160359
7217.0,0.7163388317868469,0.010106202354160359
7218.0,0.7136338898615835,0.010106202354160359
7219.0,0.7109289479363201,0.010106202354160359
7220.0,0.7081630110890081,0.010106202354160359
7221.0,0.7053912155189205,0.010106202354160359
7222.0,0.7039078283836849,0.010106202354160359
7223.0,0.7036553854573337,0.010106202354160359
7224.0,0.7029129165417888,0.010106202354160359
7225.0,0.6982236078654717,0.010106202354160359
7226.0,0.6935342991891548,0.010106202354160359
7227.0,0.6922242891102274,0.010106202354160359
7228.0,0.6922980188968917,0.010106202354160359
7229.0,0.6932533911267738,0.010106202354160359
7230.0,0.696184740194369,0.010106202354160359
7231.0,0.6991160892619641,0.010106202354160359
7232.0,0.6996013742160625,0.010106202354160359
7233.0,0.6998375230104528,0.010106202354160359
7234.0,0.6965801982081847,0.010106202354160359
7235.0,0.689920461917234,0.010106202354160359
7236.0,0.6852902437351372,0.010106202354160359
7237.0,0.6978417413608026,0.010106202354160359
7238.0,0.7103932389864679,0.010106202354160359
7239.0,0.7074318708386059,0.010106202354160359
7240.0,0.6979693698452907,0.010106202354160359
7241.0,0.6899913257594579,0.010106202354160359
7242.0,0.6854163844654838,0.010106202354160359
7243.0,0.6808414431715095,0.010106202354160359
7244.0,0.6796573136660251,0.010106202354160359
7245.0,0.6788384178771186,0.010106202354160359
7246.0,0.6799512914325437,0.010106202354160359
7247.0,0.6829820699590101,0.010106202354160359
7248.0,0.6854351512877959,0.010106202354160359
7249.0,0.6827370992706161,0.010106202354160359
7250.0,0.6800390472534363,0.010106202354160359
7251.0,0.6805242521914934,0.010106202354160359
7252.0,0.6823744901292241,0.010106202354160359
7253.0,0.6834497091601953,0.010106202354160359
7254.0,0.6827072131648733,0.010106202354160359
7255.0,0.6819647171695512,0.010106202354160359
7256.0,0.6918255900008833,0.010106202354160359
7257.0,0.702891391107962,0.010106202354160359
7258.0,0.7002935751451586,0.010106202354160359
7259.0,0.6838671225826563,0.010106202354160359
7260.0,0.6687185203867974,0.010106202354160359
7261.0,0.6655976847670037,0.010106202354160359
7262.0,0.66247684914721,0.010106202354160359
7263.0,0.666363720494495,0.010106202354160359
7264.0,0.6733247845354524,0.010106202354160359
7265.0,0.6776948956624674,0.010106202354160359
7266.0,0.6758467197960402,0.010106202354160359
7267.0,0.6739985439296127,0.010106202354160359
7268.0,0.6799331056658564,0.010106202354160359
7269.0,0.6867986669271492,0.010106202354160359
7270.0,0.685845063831419,0.010106202354160359
7271.0,0.6768243716551408,0.010106202354160359
7272.0,0.6688954506460862,0.010106202354160359
7273.0,0.6718411450789675,0.010106202354160359
7274.0,0.6747868395118487,0.010106202354160359
7275.0,0.6715853138797032,0.010106202354160359
7276.0,0.6656255573314313,0.010106202354160359
7277.0,0.6615964568872604,0.010106202354160359
7278.0,0.6623098809809618,0.010106202354160359
7279.0,0.663023305074663,0.010106202354160359
7280.0,0.6707369431241378,0.010106202354160359
7281.0,0.679330337792382,0.010106202354160359
7282.0,0.6788067783480004,0.010106202354160359
7283.0,0.6686946981989639,0.010106202354160359
7284.0,0.6595487081543282,0.010106202354160359
7285.0,0.6606137537964187,0.010106202354160359
7286.0,0.6616787994385093,0.010106202354160359
7287.0,0.6676311766731103,0.010106202354160359
7288.0,0.6758260773354478,0.010106202354160359
7289.0,0.6801227059211181,0.010106202354160359
7290.0,0.6746160848962466,0.010106202354160359
7291.0,0.6691094638713749,0.010106202354160359
7292.0,0.6684912689917475,0.010106202354160359
7293.0,0.6685173367970229,0.010106202354160359
7294.0,0.6680352144074818,0.010106202354160359
7295.0,0.6670082413364347,0.010106202354160359
7296.0,0.666198997339969,0.010106202354160359
7297.0,0.6678392054325177,0.010106202354160359
7298.0,0.6694794135250663,0.010106202354160359
7299.0,0.6652234258185161,0.010106202354160359
7300.0,0.6582013215642459,0.010106202354160359
7301.0,0.6545562311436831,0.010106202354160359
7302.0,0.6596073136854592,0.010106202354160359
7303.0,0.6646583962272354,0.010106202354160359
7304.0,0.6652266215907731,0.010106202354160359
7305.0,0.6651763106496653,0.010106202354160359
7306.0,0.6634324397052823,0.010106202354160359
7307.0,0.659837567249788,0.010106202354160359
7308.0,0.6562816647480877,0.010106202354160359
7309.0,0.6531940105974383,0.010106202354160359
7310.0,0.6501063564467889,0.010106202354160359
7311.0,0.6506336456633003,0.010106202354160359
7312.0,0.6528945666899959,0.010106202354160359
7313.0,0.654951381928494,0.010106202354160359
7314.0,0.6564698570094769,0.010106202354160359
7315.0,0.6579883320904596,0.010106202354160359
7316.0,0.6553376004394993,0.010106202354160359
7317.0,0.6520855408945128,0.010106202354160359
7318.0,0.650314160951679,0.010106202354160359
7319.0,0.6501925737635261,0.010106202354160359
7320.0,0.650029324919472,0.010106202354160359
7321.0,0.6493293350752223,0.010106202354160359
7322.0,0.6486293452309725,0.010106202354160359
7323.0,0.6460710063717052,0.010106202354160359
7324.0,0.6426017772975646,0.010106202354160359
7325.0,0.6406932293467186,0.010106202354160359
7326.0,0.6430019886090266,0.010106202354160359
7327.0,0.6453107478713346,0.010106202354160359
7328.0,0.644410076473649,0.010106202354160359
7329.0,0.643026217310855,0.010106202354160359
7330.0,0.6402301581838585,0.010106202354160359
7331.0,0.6358299847385488,0.010106202354160359
7332.0,0.6321637551304935,0.010106202354160359
7333.0,0.6386809962643125,0.010106202354160359
7334.0,0.6451982373981313,0.010106202354160359
7335.0,0.6472463754354518,0.010106202354160359
7336.0,0.6470559357055239,0.010106202354160359
7337.0,0.6462919244966221,0.010106202354160359
7338.0,0.643939561499794,0.010106202354160359
7339.0,0.6415871985029661,0.010106202354160359
7340.0,0.6373499174560956,0.010106202354160359
7341.0,0.632816808993037,0.010106202354160359
7342.0,0.6304495099941825,0.010106202354160359
7343.0,0.6305902856857385,0.010106202354160359
7344.0,0.6306914984566643,0.010106202354160359
7345.0,0.6301985065927423,0.010106202354160359
7346.0,0.6297055147288205,0.010106202354160359
7347.0,0.6304629294739785,0.010106202354160359
7348.0,0.6318602982368504,0.010106202354160359
7349.0,0.634752452524457,0.010106202354160359
7350.0,0.6418878689468027,0.010106202354160359
7351.0,0.6490232853691484,0.010106202354160359
7352.0,0.6461263474463269,0.010106202354160359
7353.0,0.6415900443581647,0.010106202354160359
7354.0,0.6370291948800577,0.010106202354160359
7355.0,0.6324393652400001,0.010106202354160359
7356.0,0.6280688195629245,0.010106202354160359
7357.0,0.627284480363782,0.010106202354160359
7358.0,0.6265001411646396,0.010106202354160359
7359.0,0.6309542794659182,0.010106202354160359
7360.0,0.6381473657838755,0.010106202354160359
7361.0,0.6417747493720424,0.010106202354160359
7362.0,0.6350230921504906,0.010106202354160359
7363.0,0.6282714349289388,0.010106202354160359
7364.0,0.6284522823651066,0.010106202354160359
7365.0,0.6298112661265287,0.010106202354160359
7366.0,0.6325824143189235,0.010106202354160359
7367.0,0.6370533900671126,0.010106202354160359
7368.0,0.6409246801756446,0.010106202354160359
7369.0,0.6340425164276893,0.010106202354160359
7370.0,0.6271603526797341,0.010106202354160359
7371.0,0.6212297473583264,0.010106202354160359
7372.0,0.6158073408282608,0.010106202354160359
7373.0,0.6124795422194419,0.010106202354160359
7374.0,0.6154055012319398,0.010106202354160359
7375.0,0.6183314602444376,0.010106202354160359
7376.0,0.6244185344803922,0.010106202354160359
7377.0,0.6310637152176597,0.010106202354160359
7378.0,0.6352946534711039,0.010106202354160359
7379.0,0.6365626577671332,0.010106202354160359
7380.0,0.6374557304287377,0.010106202354160359
7381.0,0.6309157834378549,0.010106202354160359
7382.0,0.624375836446972,0.010106202354160359
7383.0,0.6220337875867868,0.010106202354160359
7384.0,0.6219815013433423,0.010106202354160359
7385.0,0.6225426908164461,0.010106202354160359
7386.0,0.6249832107773095,0.010106202354160359
7387.0,0.6274237307381728,0.010106202354160359
7388.0,0.6229739495524492,0.010106202354160359
7389.0,0.6172615989804933,0.010106202354160359
7390.0,0.6174812461242118,0.010106202354160359
7391.0,0.6251239066256585,0.010106202354160359
7392.0,0.6320702947125676,0.010106202354160359
7393.0,0.6236019851777249,0.010106202354160359
7394.0,0.6151336756428823,0.010106202354160359
7395.0,0.6129238246558657,0.010106202354160359
7396.0,0.6141999935702445,0.010106202354160359
7397.0,0.6163487840381524,0.010106202354160359
7398.0,0.6212413397887956,0.010106202354160359
7399.0,0.626133895539439,0.010106202354160359
7400.0,0.6273496152016962,0.010106202354160359
7401.0,0.627866736007159,0.010106202354160359
7402.0,0.6244383258442666,0.010106202354160359
7403.0,0.6159755906479853,0.010106202354160359
7404.0,0.6078024497612646,0.010106202354160359
7405.0,0.6068782164356078,0.010106202354160359
7406.0,0.605953983109951,0.010106202354160359
7407.0,0.6051797205570832,0.010106202354160359
7408.0,0.6044907521160466,0.010106202354160359
7409.0,0.6034661164233651,0.010106202354160359
7410.0,0.6013578037152185,0.010106202354160359
7411.0,0.5992494910070719,0.010106202354160359
7412.0,0.599216130859376,0.010106202354160359
7413.0,0.5995912024656761,0.010106202354160359
7414.0,0.5981887843391138,0.010106202354160359
7415.0,0.5944736654827826,0.010106202354160359
7416.0,0.5912393175389172,0.010106202354160359
7417.0,0.6018271333284017,0.010106202354160359
7418.0,0.612414949117886,0.010106202354160359
7419.0,0.608684325993473,0.010106202354160359
7420.0,0.5966397705964613,0.010106202354160359
7421.0,0.5900241024593322,0.010106202354160359
7422.0,0.6014109620233619,0.010106202354160359
7423.0,0.6127978215873914,0.010106202354160359
7424.0,0.6059568356611824,0.010106202354160359
7425.0,0.5954017945122648,0.010106202354160359
7426.0,0.5911164131883434,0.010106202354160359
7427.0,0.5951497145931166,0.010106202354160359
7428.0,0.598937075926365,0.010106202354160359
7429.0,0.594434207348774,0.010106202354160359
7430.0,0.5899313387711829,0.010106202354160359
7431.0,0.5872017980679828,0.010106202354160359
7432.0,0.5855233694891827,0.010106202354160359
7433.0,0.5852483075085004,0.010106202354160359
7434.0,0.5897550872695412,0.010106202354160359
7435.0,0.5942618670305819,0.010106202354160359
7436.0,0.5894085142340824,0.010106202354160359
7437.0,0.5825824590817178,0.010106202354160359
7438.0,0.5821062239605796,0.010106202354160359
7439.0,0.5902219769607755,0.010106202354160359
7440.0,0.5980825315451459,0.010106202354160359
7441.0,0.5955692705261848,0.010106202354160359
7442.0,0.5930560095072236,0.010106202354160359
7443.0,0.5904924667005997,0.010106202354160359
7444.0,0.5878985029280296,0.010106202354160359
7445.0,0.5854523797686384,0.010106202354160359
7446.0,0.5835240983245957,0.010106202354160359
7447.0,0.581595816880553,0.010106202354160359
7448.0,0.5843727863871208,0.010106202354160359
7449.0,0.588174730150471,0.010106202354160359
7450.0,0.5901684158315232,0.010106202354160359
7451.0,0.5896667053590027,0.010106202354160359
7452.0,0.5890693001436141,0.010106202354160359
7453.0,0.5835854821206073,0.010106202354160359
7454.0,0.5781016640976006,0.010106202354160359
7455.0,0.5768547984281029,0.010106202354160359
7456.0,0.5782241479982395,0.010106202354160359
7457.0,0.5789990263962193,0.010106202354160359
7458.0,0.5776324948259913,0.010106202354160359
7459.0,0.5762659632557635,0.010106202354160359
7460.0,0.5782303688188805,0.010106202354160359
7461.0,0.5809442352370009,0.010106202354160359
7462.0,0.582684553811878,0.010106202354160359
7463.0,0.5830545897287813,0.010106202354160359
7464.0,0.583386322079756,0.010106202354160359
7465.0,0.5810974521285918,0.010106202354160359
7466.0,0.5788085821774276,0.010106202354160359
7467.0,0.5761775515673432,0.010106202354160359
7468.0,0.5733309128708162,0.010106202354160359
7469.0,0.5716567729981542,0.010106202354160359
7470.0,0.5743281654896536,0.010106202354160359
7471.0,0.576999557981153,0.010106202354160359
7472.0,0.5703952385322911,0.010106202354160359
7473.0,0.5616366487067502,0.010106202354160359
7474.0,0.5618460041247589,0.010106202354160359
7475.0,0.5749303920415143,0.010106202354160359
7476.0,0.5878438558566979,0.010106202354160359
7477.0,0.5831307716975833,0.010106202354160359
7478.0,0.5784176875384688,0.010106202354160359
7479.0,0.5709456225598782,0.010106202354160359
7480.0,0.5616995383561392,0.010106202354160359
7481.0,0.5558112977965219,0.010106202354160359
7482.0,0.5627333277867239,0.010106202354160359
7483.0,0.569655357776926,0.010106202354160359
7484.0,0.5685570214596355,0.010106202354160359
7485.0,0.5655371390478485,0.010106202354160359
7486.0,0.563588944044714,0.010106202354160359
7487.0,0.5632102320808776,0.010106202354160359
7488.0,0.5628097435130167,0.010106202354160359
7489.0,0.557896053760707,0.010106202354160359
7490.0,0.5529823640083973,0.010106202354160359
7491.0,0.559526503319029,0.010106202354160359
7492.0,0.5735877074224432,0.010106202354160359
7493.0,0.5821045191133111,0.010106202354160359
7494.0,0.5688374458224068,0.010106202354160359
7495.0,0.5555703725315025,0.010106202354160359
7496.0,0.5566063752209645,0.010106202354160359
7497.0,0.5611753233247376,0.010106202354160359
7498.0,0.5624273846356815,0.010106202354160359
7499.0,0.5587239773549532,0.010106202354160359
7500.0,0.5550205700742249,0.010106202354160359
7501.0,0.5581753137359942,0.010106202354160359
7502.0,0.5613300573977635,0.010106202354160359
7503.0,0.562490173960971,0.010106202354160359
7504.0,0.5623152094602138,0.010106202354160359
7505.0,0.5638573380554578,0.010106202354160359
7506.0,0.5723510920332625,0.010106202354160359
7507.0,0.5808448460110673,0.010106202354160359
7508.0,0.5755040093258958,0.010106202354160359
7509.0,0.5666420192942828,0.010106202354160359
7510.0,0.561721197638326,0.010106202354160359
7511.0,0.5628076720216284,0.010106202354160359
7512.0,0.5638941464049306,0.010106202354160359
7513.0,0.5698309106473458,0.010106202354160359
7514.0,0.5757910779771374,0.010106202354160359
7515.0,0.5719575509723054,0.010106202354160359
7516.0,0.5614366124824398,0.010106202354160359
7517.0,0.5527757588221399,0.010106202354160359
7518.0,0.5518787374939226,0.010106202354160359
7519.0,0.5509817161657052,0.010106202354160359
7520.0,0.5509432268125124,0.010106202354160359
7521.0,0.551129776901258,0.010106202354160359
7522.0,0.553143324685394,0.010106202354160359
7523.0,0.5579982461859769,0.010106202354160359
7524.0,0.56285316768656,0.010106202354160359
7525.0,0.5525103497749354,0.010106202354160359
7526.0,0.5420201598447798,0.010106202354160359
7527.0,0.5406246653349466,0.010106202354160359
7528.0,0.5455639688571838,0.010106202354160359
7529.0,0.5495760385691407,0.010106202354160359
7530.0,0.5495956875438345,0.010106202354160359
7531.0,0.5496153365185281,0.010106202354160359
7532.0,0.5513489237107445,0.010106202354160359
7533.0,0.5535449606964075,0.010106202354160359
7534.0,0.5528811578043316,0.010106202354160359
7535.0,0.5476789133671615,0.010106202354160359
7536.0,0.5424766689299911,0.010106202354160359
7537.0,0.5399875643483923,0.010106202354160359
7538.0,0.5375381158913567,0.010106202354160359
7539.0,0.5360847126117121,0.010106202354160359
7540.0,0.5353389718194957,0.010106202354160359
7541.0,0.53444641456754,0.010106202354160359
7542.0,0.5329013397167424,0.010106202354160359
7543.0,0.5313562648659446,0.010106202354160359
7544.0,0.5387435558856799,0.010106202354160359
7545.0,0.5486105374308147,0.010106202354160359
7546.0,0.5516770495461678,0.010106202354160359
7547.0,0.5437302228051206,0.010106202354160359
7548.0,0.5357833960640734,0.010106202354160359
7549.0,0.5325083692851625,0.010106202354160359
7550.0,0.5293248343047773,0.010106202354160359
7551.0,0.5235651686556773,0.010106202354160359
7552.0,0.515938741652437,0.010106202354160359
7553.0,0.511480585132065,0.010106202354160359
7554.0,0.5215667038484273,0.010106202354160359
7555.0,0.5316528225647897,0.010106202354160359
7556.0,0.5420078637821932,0.010106202354160359
7557.0,0.5524396807136285,0.010106202354160359
7558.0,0.5542558308275847,0.010106202354160359
7559.0,0.5418314361062577,0.010106202354160359
7560.0,0.5294070413849308,0.010106202354160359
7561.0,0.5333708264294291,0.010106202354160359
7562.0,0.5377377647276983,0.010106202354160359
7563.0,0.536767663665461,0.010106202354160359
7564.0,0.5318532788169703,0.010106202354160359
7565.0,0.5270596319166901,0.010106202354160359
7566.0,0.5228388657637774,0.010106202354160359
7567.0,0.5186180996108645,0.010106202354160359
7568.0,0.5172736228530898,0.010106202354160359
7569.0,0.5167732745047555,0.010106202354160359
7570.0,0.517272085257994,0.010106202354160359
7571.0,0.5194565741084018,0.010106202354160359
7572.0,0.52164106295881,0.010106202354160359
7573.0,0.5216926818716426,0.010106202354160359
7574.0,0.5216810265218043,0.010106202354160359
7575.0,0.5198595490096071,0.010106202354160359
7576.0,0.5166740371097844,0.010106202354160359
7577.0,0.5140035846578555,0.010106202354160359
7578.0,0.5138609416948722,0.010106202354160359
7579.0,0.5137182987318889,0.010106202354160359
7580.0,0.5075121085133959,0.010106202354160359
7581.0,0.4994773798256625,0.010106202354160359
7582.0,0.49837932224001763,0.010106202354160359
7583.0,0.5092277537746175,0.010106202354160359
7584.0,0.5200761853092173,0.010106202354160359
7585.0,0.512545005290094,0.010106202354160359
7586.0,0.5043745344343353,0.010106202354160359
7587.0,0.4945635381261524,0.010106202354160359
7588.0,0.48349167087576816,0.010106202354160359
7589.0,0.4748688944594927,0.010106202354160359
7590.0,0.4786882145435193,0.010106202354160359
7591.0,0.4825075346275458,0.010106202354160359
7592.0,0.4844894787024621,0.010106202354160359
7593.0,0.4859022984475134,0.010106202354160359
7594.0,0.4845534215611988,0.010106202354160359
7595.0,0.4783487138429285,0.010106202354160359
7596.0,0.47214400612465823,0.010106202354160359
7597.0,0.4729532930398194,0.010106202354160359
7598.0,0.47404278947841144,0.010106202354160359
7599.0,0.47632769049384077,0.010106202354160359
7600.0,0.47954946104914414,0.010106202354160359
7601.0,0.4822783668963672,0.010106202354160359
7602.0,0.48241324796422524,0.010106202354160359
7603.0,0.4825481290320832,0.010106202354160359
7604.0,0.47979905841212367,0.010106202354160359
7605.0,0.476132781638289,0.010106202354160359
7606.0,0.4737602158443283,0.010106202354160359
7607.0,0.4737102519773205,0.010106202354160359
7608.0,0.4736602881103127,0.010106202354160359
7609.0,0.47207956448553084,0.010106202354160359
7610.0,0.470429697383611,0.010106202354160359
7611.0,0.46815719372923803,0.010106202354160359
7612.0,0.4653871187478509,0.010106202354160359
7613.0,0.463646438755068,0.010106202354160359
7614.0,0.46752354226595927,0.010106202354160359
7615.0,0.47140064577685054,0.010106202354160359
7616.0,0.47620698256882765,0.010106202354160359
7617.0,0.4813166518809041,0.010106202354160359
7618.0,0.48090123841155724,0.010106202354160359
7619.0,0.47035650650962674,0.010106202354160359
7620.0,0.45981177460769623,0.010106202354160359
7621.0,0.46331277730761256,0.010106202354160359
7622.0,0.46752226598996577,0.010106202354160359
7623.0,0.4722532256815073,0.010106202354160359
7624.0,0.4774090876768311,0.010106202354160359
7625.0,0.48206544743732627,0.010106202354160359
7626.0,0.48389262653975446,0.010106202354160359
7627.0,0.4857198056421827,0.010106202354160359
7628.0,0.4892912914101101,0.010106202354160359
7629.0,0.49344700809644815,0.010106202354160359
7630.0,0.4961286942319298,0.010106202354160359
7631.0,0.4960503852325323,0.010106202354160359
7632.0,0.49597207623313494,0.010106202354160359
7633.0,0.4995256064967585,0.010106202354160359
7634.0,0.503281672790257,0.010106202354160359
7635.0,0.5017099484176243,0.010106202354160359
7636.0,0.4957120594915905,0.010106202354160359
7637.0,0.4905227222136117,0.010106202354160359
7638.0,0.4900911433935922,0.010106202354160359
7639.0,0.4896595645735727,0.010106202354160359
7640.0,0.488802265623226,0.010106202354160359
7641.0,0.48779871120875085,0.010106202354160359
7642.0,0.4869882419375722,0.010106202354160359
7643.0,0.48654706488101945,0.010106202354160359
7644.0,0.48610588782446673,0.010106202354160359
7645.0,0.49090834219905644,0.010106202354160359
7646.0,0.49603142626625124,0.010106202354160359
7647.0,0.49547148930725365,0.010106202354160359
7648.0,0.49009799573627816,0.010106202354160359
7649.0,0.4852217405179074,0.010106202354160359
7650.0,0.4833884140214612,0.010106202354160359
7651.0,0.481555087525015,0.010106202354160359
7652.0,0.4809806550208728,0.010106202354160359
7653.0,0.48084969653674586,0.010106202354160359
7654.0,0.47902562984070046,0.010106202354160359
7655.0,0.4738933978085998,0.010106202354160359
7656.0,0.4687611657764991,0.010106202354160359
7657.0,0.47787392231634884,0.010106202354160359
7658.0,0.48793512879952405,0.010106202354160359
7659.0,0.4915735965823325,0.010106202354160359
7660.0,0.4896658067849554,0.010106202354160359
7661.0,0.48734666953639244,0.010106202354160359
7662.0,0.48240655737762533,0.010106202354160359
7663.0,0.4774664452188583,0.010106202354160359
7664.0,0.47883228959913954,0.010106202354160359
7665.0,0.48247528495185693,0.010106202354160359
7666.0,0.4834376274026703,0.010106202354160359
7667.0,0.47904830668602,0.010106202354160359
7668.0,0.4746589859693697,0.010106202354160359
7669.0,0.4750079493021971,0.010106202354160359
7670.0,0.47569841058453255,0.010106202354160359
7671.0,0.47630952721072123,0.010106202354160359
7672.0,0.4768507918822887,0.010106202354160359
7673.0,0.47738626399427153,0.010106202354160359
7674.0,0.47788326075635384,0.010106202354160359
7675.0,0.47838025751843616,0.010106202354160359
7676.0,0.4756317448220581,0.010106202354160359
7677.0,0.47168218010569196,0.010106202354160359
7678.0,0.4727911293785954,0.010106202354160359
7679.0,0.48422018565877384,0.010106202354160359
7680.0,0.4956492419389523,0.010106202354160359
7681.0,0.48068013807437115,0.010106202354160359
7682.0,0.46366201789842987,0.010106202354160359
7683.0,0.45730087257955426,0.010106202354160359
7684.0,0.4605043015059487,0.010106202354160359
7685.0,0.4635089884165226,0.010106202354160359
7686.0,0.465135730684077,0.010106202354160359
7687.0,0.46676247295163137,0.010106202354160359
7688.0,0.46861646179547606,0.010106202354160359
7689.0,0.47055660869556293,0.010106202354160359
7690.0,0.4722610516544971,0.010106202354160359
7691.0,0.47347400824724994,0.010106202354160359
7692.0,0.4746869648400029,0.010106202354160359
7693.0,0.46904148928637174,0.010106202354160359
7694.0,0.46282522094032813,0.010106202354160359
7695.0,0.4559406939476388,0.010106202354160359
7696.0,0.4484447486989382,0.010106202354160359
7697.0,0.4420500717193183,0.010106202354160359
7698.0,0.44363686377893796,0.010106202354160359
7699.0,0.44522365583855766,0.010106202354160359
7700.0,0.45374840593383486,0.010106202354160359
7701.0,0.4649673963996251,0.010106202354160359
7702.0,0.4704767239489732,0.010106202354160359
7703.0,0.46381545422909065,0.010106202354160359
7704.0,0.45715418450920803,0.010106202354160359
7705.0,0.46072304925358987,0.010106202354160359
7706.0,0.46520125928368383,0.010106202354160359
7707.0,0.466715811743395,0.010106202354160359
7708.0,0.46546611746693034,0.010106202354160359
7709.0,0.4644521917557432,0.010106202354160359
7710.0,0.4652271904161462,0.010106202354160359
7711.0,0.46600218907654917,0.010106202354160359
7712.0,0.4673137696784444,0.010106202354160359
7713.0,0.4688387226295567,0.010106202354160359
7714.0,0.46796235654492174,0.010106202354160359
7715.0,0.46185258141672964,0.010106202354160359
7716.0,0.45574280628853747,0.010106202354160359
7717.0,0.45589228637606205,0.010106202354160359
7718.0,0.4566339693223636,0.010106202354160359
7719.0,0.4550761495374922,0.010106202354160359
7720.0,0.4513319173197015,0.010106202354160359
7721.0,0.44874413447878075,0.010106202354160359
7722.0,0.4553582068946412,0.010106202354160359
7723.0,0.4619722793105015,0.010106202354160359
7724.0,0.45611374810592764,0.010106202354160359
7725.0,0.44517768738695146,0.010106202354160359
7726.0,0.4404332847536525,0.010106202354160359
7727.0,0.4494881201019771,0.010106202354160359
7728.0,0.4585429554503017,0.010106202354160359
7729.0,0.45192805560305305,0.010106202354160359
7730.0,0.44373997230155665,0.010106202354160359
7731.0,0.4426778848403362,0.010106202354160359
7732.0,0.44852279098315756,0.010106202354160359
7733.0,0.4532705424945605,0.010106202354160359
7734.0,0.44884657439049436,0.010106202354160359
7735.0,0.44442260628642816,0.010106202354160359
7736.0,0.44522798182827794,0.010106202354160359
7737.0,0.44821225055592323,0.010106202354160359
7738.0,0.4495739236955746,0.010106202354160359
7739.0,0.4472368454752047,0.010106202354160359
7740.0,0.4448997672548348,0.010106202354160359
7741.0,0.44582722213258114,0.010106202354160359
7742.0,0.4471015065559431,0.010106202354160359
7743.0,0.447402750489598,0.010106202354160359
7744.0,0.44674256539523954,0.010106202354160359
7745.0,0.44485323663175314,0.010106202354160359
7746.0,0.43214744357996576,0.010106202354160359
7747.0,0.4194416505281784,0.010106202354160359
7748.0,0.4212118237980641,0.010106202354160359
7749.0,0.4291541128454935,0.010106202354160359
7750.0,0.4372450682187765,0.010106202354160359
7751.0,0.4456827134639498,0.010106202354160359
7752.0,0.4541203587091231,0.010106202354160359
7753.0,0.4397552493596073,0.010106202354160359
7754.0,0.4228328217378072,0.010106202354160359
7755.0,0.41266185695061935,0.010106202354160359
7756.0,0.409291160753471,0.010106202354160359
7757.0,0.4064269415504424,0.010106202354160359
7758.0,0.40826482974958167,0.010106202354160359
7759.0,0.410102717948721,0.010106202354160359
7760.0,0.41723544650090677,0.010106202354160359
7761.0,0.42667782093123063,0.010106202354160359
7762.0,0.4300381293746638,0.010106202354160359
7763.0,0.418885540524213,0.010106202354160359
7764.0,0.4077329516737623,0.010106202354160359
7765.0,0.4136214035076139,0.010106202354160359
7766.0,0.42152275679142176,0.010106202354160359
7767.0,0.4244995098500928,0.010106202354160359
7768.0,0.4224198607311399,0.010106202354160359
7769.0,0.4208941111259348,0.010106202354160359
7770.0,0.4248066476557048,0.010106202354160359
7771.0,0.42871918418547494,0.010106202354160359
7772.0,0.431059867734758,0.010106202354160359
7773.0,0.4326992210479575,0.010106202354160359
7774.0,0.430790128348321,0.010106202354160359
7775.0,0.4202152026173381,0.010106202354160359
7776.0,0.40964027688635507,0.010106202354160359
7777.0,0.41795947600186845,0.010106202354160359
7778.0,0.4286245043830629,0.010106202354160359
7779.0,0.43197212558726905,0.010106202354160359
7780.0,0.4276607407536443,0.010106202354160359
7781.0,0.4239444007444744,0.010106202354160359
7782.0,0.4264230479487757,0.010106202354160359
7783.0,0.428901695153077,0.010106202354160359
7784.0,0.42936563727402255,0.010106202354160359
7785.0,0.4289102821453946,0.010106202354160359
7786.0,0.4257326307042749,0.010106202354160359
7787.0,0.4157492384819385,0.010106202354160359
7788.0,0.4057658462596022,0.010106202354160359
7789.0,0.4108799983159729,0.010106202354160359
7790.0,0.4179607233041714,0.010106202354160359
7791.0,0.4223910717725404,0.010106202354160359
7792.0,0.4239934750708722,0.010106202354160359
7793.0,0.42526151328635475,0.010106202354160359
7794.0,0.42282730623665915,0.010106202354160359
7795.0,0.42039309918696366,0.010106202354160359
7796.0,0.4186837803836592,0.010106202354160359
7797.0,0.4173126576812234,0.010106202354160359
7798.0,0.4142512270437714,0.010106202354160359
7799.0,0.4068628970342019,0.010106202354160359
7800.0,0.3994745670246325,0.010106202354160359
7801.0,0.4054907651900877,0.010106202354160359
7802.0,0.41333568479824245,0.010106202354160359
7803.0,0.4126389957852288,0.010106202354160359
7804.0,0.4026514342369366,0.010106202354160359
7805.0,0.39414196383873945,0.010106202354160359
7806.0,0.4030967088754465,0.010106202354160359
7807.0,0.41205145391215364,0.010106202354160359
7808.0,0.4145259098887865,0.010106202354160359
7809.0,0.41390958970025205,0.010106202354160359
7810.0,0.4125904989828639,0.010106202354160359
7811.0,0.4094289272702656,0.010106202354160359
7812.0,0.40626735555766735,0.010106202354160359
7813.0,0.4025294439840532,0.010106202354160359
7814.0,0.39870931108596,0.010106202354160359
7815.0,0.39983736610153686,0.010106202354160359
7816.0,0.4064522725251788,0.010106202354160359
7817.0,0.41241870436771944,0.010106202354160359
7818.0,0.4101782120036123,0.010106202354160359
7819.0,0.40793771963950526,0.010106202354160359
7820.0,0.40449857688168034,0.010106202354160359
7821.0,0.40047509205691845,0.010106202354160359
7822.0,0.39861636626243707,0.010106202354160359
7823.0,0.40257183839439953,0.010106202354160359
7824.0,0.40652731052636193,0.010106202354160359
7825.0,0.4073719826204146,0.010106202354160359
7826.0,0.40775325277778607,0.010106202354160359
7827.0,0.41031517682587887,0.010106202354160359
7828.0,0.41534218788086846,0.010106202354160359
7829.0,0.4198054513139077,0.010106202354160359
7830.0,0.4165938348411086,0.010106202354160359
7831.0,0.4133822183683096,0.010106202354160359
7832.0,0.4098104363086277,0.010106202354160359
7833.0,0.40605921923533733,0.010106202354160359
7834.0,0.40151465869572484,0.010106202354160359
7835.0,0.3947866168141184,0.010106202354160359
7836.0,0.38805857493251206,0.010106202354160359
7837.0,0.38908259778463533,0.010106202354160359
7838.0,0.3913108248672357,0.010106202354160359
7839.0,0.39194009407619945,0.010106202354160359
7840.0,0.3907266366400941,0.010106202354160359
7841.0,0.3899701865087417,0.010106202354160359
7842.0,0.3959395042586054,0.010106202354160359
7843.0,0.40190882200846906,0.010106202354160359
7844.0,0.4008011746706501,0.010106202354160359
7845.0,0.39609094184435517,0.010106202354160359
7846.0,0.3941470424163584,0.010106202354160359
7847.0,0.400007248676203,0.010106202354160359
7848.0,0.4058674549360477,0.010106202354160359
7849.0,0.3998628303260495,0.010106202354160359
7850.0,0.39193865148885193,0.010106202354160359
7851.0,0.39006236548511597,0.010106202354160359
7852.0,0.395291958789613,0.010106202354160359
7853.0,0.39976088092021395,0.010106202354160359
7854.0,0.39205906426846665,0.010106202354160359
7855.0,0.3843572476167194,0.010106202354160359
7856.0,0.3816178921420057,0.010106202354160359
7857.0,0.38145937870278857,0.010106202354160359
7858.0,0.38247837515785127,0.010106202354160359
7859.0,0.38690334649403324,0.010106202354160359
7860.0,0.39132831783021527,0.010106202354160359
7861.0,0.39176053801225824,0.010106202354160359
7862.0,0.3915207664152054,0.010106202354160359
7863.0,0.3912698098149524,0.010106202354160359
7864.0,0.3910054548203648,0.010106202354160359
7865.0,0.39041029714156683,0.010106202354160359
7866.0,0.384022416903744,0.010106202354160359
7867.0,0.37763453666592117,0.010106202354160359
7868.0,0.3778389258259797,0.010106202354160359
7869.0,0.38154545810366514,0.010106202354160359
7870.0,0.38505337942336754,0.010106202354160359
7871.0,0.3879720882343882,0.010106202354160359
7872.0,0.3908907970454089,0.010106202354160359
7873.0,0.38739179424297226,0.010106202354160359
7874.0,0.3827703707916441,0.010106202354160359
7875.0,0.37811026535251707,0.010106202354160359
7876.0,0.37340291631229183,0.010106202354160359
7877.0,0.3692445662659789,0.010106202354160359
7878.0,0.3756912699555693,0.010106202354160359
7879.0,0.3821379736451596,0.010106202354160359
7880.0,0.3812902717070908,0.010106202354160359
7881.0,0.37648467930809215,0.010106202354160359
7882.0,0.37359171025872917,0.010106202354160359
7883.0,0.3765201724725565,0.010106202354160359
7884.0,0.3794486346863839,0.010106202354160359
7885.0,0.37533670700584265,0.010106202354160359
7886.0,0.3699465241388081,0.010106202354160359
7887.0,0.3687777879910203,0.010106202354160359
7888.0,0.3728659477577525,0.010106202354160359
7889.0,0.37681302431043834,0.010106202354160359
7890.0,0.3777249052312171,0.010106202354160359
7891.0,0.37863678615199586,0.010106202354160359
7892.0,0.379323270631644,0.010106202354160359
7893.0,0.37988486193402415,0.010106202354160359
7894.0,0.38057126738741376,0.010106202354160359
7895.0,0.3816475625897484,0.010106202354160359
7896.0,0.3827238577920831,0.010106202354160359
7897.0,0.38046214099010717,0.010106202354160359
7898.0,0.37757186843268603,0.010106202354160359
7899.0,0.37278808195630764,0.010106202354160359
7900.0,0.3655999971523169,0.010106202354160359
7901.0,0.3588499129157269,0.010106202354160359
7902.0,0.3627180242523359,0.010106202354160359
7903.0,0.36658613558894493,0.010106202354160359
7904.0,0.36789771081455364,0.010106202354160359
7905.0,0.3677628248194652,0.010106202354160359
7906.0,0.36747518431138276,0.010106202354160359
7907.0,0.36669764927930565,0.010106202354160359
7908.0,0.3659201142472286,0.010106202354160359
7909.0,0.3681623339738759,0.010106202354160359
7910.0,0.37099377414124984,0.010106202354160359
7911.0,0.3727400493058912,0.010106202354160359
7912.0,0.3730812898939947,0.010106202354160359
7913.0,0.3730292619612482,0.010106202354160359
7914.0,0.36207420331252543,0.010106202354160359
7915.0,0.3511191446638027,0.010106202354160359
7916.0,0.3486540747526515,0.010106202354160359
7917.0,0.35109325969936855,0.010106202354160359
7918.0,0.35458894956275555,0.010106202354160359
7919.0,0.36156457056919505,0.010106202354160359
7920.0,0.3685401915756346,0.010106202354160359
7921.0,0.3710355268197793,0.010106202354160359
7922.0,0.37262575382911967,0.010106202354160359
7923.0,0.37133865056034066,0.010106202354160359
7924.0,0.3662525095427346,0.010106202354160359
7925.0,0.3612646187650038,0.010106202354160359
7926.0,0.3594521757400003,0.010106202354160359
7927.0,0.3576397327149968,0.010106202354160359
7928.0,0.358240502626468,0.010106202354160359
7929.0,0.360264331311548,0.010106202354160359
7930.0,0.3619138388551463,0.010106202354160359
7931.0,0.3622965648515222,0.010106202354160359
7932.0,0.3626792908478981,0.010106202354160359
7933.0,0.35403123582466794,0.010106202354160359
7934.0,0.3434957606754227,0.010106202354160359
7935.0,0.34129736112472003,0.010106202354160359
7936.0,0.3503246577320405,0.010106202354160359
7937.0,0.35897928662094225,0.010106202354160359
7938.0,0.35322409706423036,0.010106202354160359
7939.0,0.3474689075075185,0.010106202354160359
7940.0,0.3458846041801998,0.010106202354160359
7941.0,0.3468108535255704,0.010106202354160359
7942.0,0.34811313524298987,0.010106202354160359
7943.0,0.3507234435448961,0.010106202354160359
7944.0,0.3533337518468023,0.010106202354160359
7945.0,0.36023113924986044,0.010106202354160359
7946.0,0.36805478607915115,0.010106202354160359
7947.0,0.3683535963328278,0.010106202354160359
7948.0,0.3583191552205908,0.010106202354160359
7949.0,0.3485381831052409,0.010106202354160359
7950.0,0.35092372284033274,0.010106202354160359
7951.0,0.35330926257542455,0.010106202354160359
7952.0,0.3504368349480144,0.010106202354160359
7953.0,0.34433422194481267,0.010106202354160359
7954.0,0.338796906245426,0.010106202354160359
7955.0,0.3352816155173756,0.010106202354160359
7956.0,0.3317663247893252,0.010106202354160359
7957.0,0.3321351841945168,0.010106202354160359
7958.0,0.33337099047232277,0.010106202354160359
7959.0,0.33419470160174225,0.010106202354160359
7960.0,0.33444124200460373,0.010106202354160359
7961.0,0.3348023781173134,0.010106202354160359
7962.0,0.342391859004778,0.010106202354160359
7963.0,0.3499813398922425,0.010106202354160359
7964.0,0.35106471586983884,0.010106202354160359
7965.0,0.3480690690426176,0.010106202354160359
7966.0,0.3455878982064916,0.010106202354160359
7967.0,0.344999883405007,0.010106202354160359
7968.0,0.34441186860352246,0.010106202354160359
7969.0,0.3418657039225921,0.010106202354160359
7970.0,0.33886832597549715,0.010106202354160359
7971.0,0.336365504554297,0.010106202354160359
7972.0,0.33456919245580197,0.010106202354160359
7973.0,0.33286056159004346,0.010106202354160359
7974.0,0.3391796346992154,0.010106202354160359
7975.0,0.34549870780838743,0.010106202354160359
7976.0,0.345123411382786,0.010106202354160359
7977.0,0.34046529980207296,0.010106202354160359
7978.0,0.3370182327017599,0.010106202354160359
7979.0,0.33815782257031746,0.010106202354160359
7980.0,0.33929741243887496,0.010106202354160359
7981.0,0.33453438839062044,0.010106202354160359
7982.0,0.3283680683145991,0.010106202354160359
7983.0,0.32573218435896284,0.010106202354160359
7984.0,0.3282409477291976,0.010106202354160359
7985.0,0.3307378292727866,0.010106202354160359
7986.0,0.3312670803239946,0.010106202354160359
7987.0,0.33179633137520254,0.010106202354160359
7988.0,0.33424404481758346,0.010106202354160359
7989.0,0.33794408787642455,0.010106202354160359
7990.0,0.3399439473651261,0.010106202354160359
7991.0,0.3353130909302999,0.010106202354160359
7992.0,0.33068223449547374,0.010106202354160359
7993.0,0.32685952061542356,0.010106202354160359
7994.0,0.32323491641995233,0.010106202354160359
7995.0,0.3232019270998395,0.010106202354160359
7996.0,0.32850811451980344,0.010106202354160359
7997.0,0.3338150532889615,0.010106202354160359
7998.0,0.33974711458766443,0.010106202354160359
7999.0,0.34567917588636743,0.010106202354160359
8000.0,0.3424401850856892,0.010106202354160359
8001.0,0.3330932735868319,0.010106202354160359
8002.0,0.3261716972791249,0.010106202354160359
8003.0,0.32899529309490294,0.010106202354160359
8004.0,0.3318188889106811,0.010106202354160359
8005.0,0.33606939522616763,0.010106202354160359
8006.0,0.34068038419421126,0.010106202354160359
8007.0,0.3399157454130171,0.010106202354160359
8008.0,0.3309983418882605,0.010106202354160359
8009.0,0.3220809383635039,0.010106202354160359
8010.0,0.31932402972781915,0.010106202354160359
8011.0,0.31658938794112934,0.010106202354160359
8012.0,0.3141764497475356,0.010106202354160359
8013.0,0.31198208839037966,0.010106202354160359
8014.0,0.3123219941069847,0.010106202354160359
8015.0,0.32315877146859556,0.010106202354160359
8016.0,0.33399554883020643,0.010106202354160359
8017.0,0.3275596971773683,0.010106202354160359
8018.0,0.31662930363274083,0.010106202354160359
8019.0,0.31250877089765516,0.010106202354160359
8020.0,0.3189258209442971,0.010106202354160359
8021.0,0.3253428709909391,0.010106202354160359
8022.0,0.3204388782059029,0.010106202354160359
8023.0,0.3154389443799278,0.010106202354160359
8024.0,0.31703639588437477,0.010106202354160359
8025.0,0.32320642543287076,0.010106202354160359
8026.0,0.3284698679459943,0.010106202354160359
8027.0,0.32986023293459904,0.010106202354160359
8028.0,0.33125059792320377,0.010106202354160359
8029.0,0.3278375201818416,0.010106202354160359
8030.0,0.3231376754382367,0.010106202354160359
8031.0,0.3180263395543409,0.010106202354160359
8032.0,0.3122652808173558,0.010106202354160359
8033.0,0.3065042220803706,0.010106202354160359
8034.0,0.30806075344369555,0.010106202354160359
8035.0,0.30971520876213315,0.010106202354160359
8036.0,0.30710256446649936,0.010106202354160359
8037.0,0.3014732206486296,0.010106202354160359
8038.0,0.2978379463965053,0.010106202354160359
8039.0,0.3029947061387994,0.010106202354160359
8040.0,0.30815146588109343,0.010106202354160359
8041.0,0.30429828228618866,0.010106202354160359
8042.0,0.29796150022161966,0.010106202354160359
8043.0,0.29501483175449805,0.010106202354160359
8044.0,0.2975306033785601,0.010106202354160359
8045.0,0.300046375002622,0.010106202354160359
8046.0,0.30483266504538964,0.010106202354160359
8047.0,0.30966059051148204,0.010106202354160359
8048.0,0.3182910485737385,0.010106202354160359
8049.0,0.3296634154708323,0.010106202354160359
8050.0,0.33706246454243455,0.010106202354160359
8051.0,0.3263696731153563,0.010106202354160359
8052.0,0.3156768816882781,0.010106202354160359
8053.0,0.3085387693647836,0.010106202354160359
8054.0,0.3024084551230447,0.010106202354160359
8055.0,0.3013012653541132,0.010106202354160359
8056.0,0.3084543247182276,0.010106202354160359
8057.0,0.3156073840823419,0.010106202354160359
8058.0,0.3166965195393474,0.010106202354160359
8059.0,0.31764411377493357,0.010106202354160359
8060.0,0.3132921831659564,0.010106202354160359
8061.0,0.3050428936608796,0.010106202354160359
8062.0,0.29829693021575016,0.010106202354160359
8063.0,0.2986248366554447,0.010106202354160359
8064.0,0.2989527430951393,0.010106202354160359
8065.0,0.30295246687154587,0.010106202354160359
8066.0,0.30802242577865074,0.010106202354160359
8067.0,0.3111280405513342,0.010106202354160359
8068.0,0.31093658896334764,0.010106202354160359
8069.0,0.310745137375361,0.010106202354160359
8070.0,0.30440107407700767,0.010106202354160359
8071.0,0.2978823069893498,0.010106202354160359
8072.0,0.2938603179147031,0.010106202354160359
8073.0,0.29171091234981555,0.010106202354160359
8074.0,0.2901716723273776,0.010106202354160359
8075.0,0.2916016181488248,0.010106202354160359
8076.0,0.29303156397027197,0.010106202354160359
8077.0,0.28881288500442326,0.010106202354160359
8078.0,0.28290226226453985,0.010106202354160359
8079.0,0.2814799402889288,0.010106202354160359
8080.0,0.28774767108857646,0.010106202354160359
8081.0,0.29401540188822417,0.010106202354160359
8082.0,0.2953946053294812,0.010106202354160359
8083.0,0.29661004916940625,0.010106202354160359
8084.0,0.2934157102117312,0.010106202354160359
8085.0,0.28684863483470857,0.010106202354160359
8086.0,0.28271017848774904,0.010106202354160359
8087.0,0.290802810734162,0.010106202354160359
8088.0,0.29889544298057497,0.010106202354160359
8089.0,0.3002032977219429,0.010106202354160359
8090.0,0.2994235286156071,0.010106202354160359
8091.0,0.29801986974171196,0.010106202354160359
8092.0,0.29552491853512525,0.010106202354160359
8093.0,0.29302996732853853,0.010106202354160359
8094.0,0.2900620539342775,0.010106202354160359
8095.0,0.2870758589591962,0.010106202354160359
8096.0,0.2888973357813692,0.010106202354160359
8097.0,0.29446838569327183,0.010106202354160359
8098.0,0.298509819361063,0.010106202354160359
8099.0,0.2945721354569686,0.010106202354160359
8100.0,0.29063445155287415,0.010106202354160359
8101.0,0.28992236834541757,0.010106202354160359
8102.0,0.29022943227749565,0.010106202354160359
8103.0,0.2891474884638402,0.010106202354160359
8104.0,0.28558484185345784,0.010106202354160359
8105.0,0.2820221952430755,0.010106202354160359
8106.0,0.2782888498141287,0.010106202354160359
8107.0,0.27454801759489417,0.010106202354160359
8108.0,0.27545085427370114,0.010106202354160359
8109.0,0.28004660867530284,0.010106202354160359
8110.0,0.2836626633867682,0.010106202354160359
8111.0,0.28198080362005595,0.010106202354160359
8112.0,0.2802989438533436,0.010106202354160359
8113.0,0.28407442303700203,0.010106202354160359
8114.0,0.28961984998834767,0.010106202354160359
8115.0,0.2904401771737397,0.010106202354160359
8116.0,0.2826432037690384,0.010106202354160359
8117.0,0.27484623036433714,0.010106202354160359
8118.0,0.27301428132852695,0.010106202354160359
8119.0,0.2714753246735564,0.010106202354160359
8120.0,0.27193612338462103,0.010106202354160359
8121.0,0.2740184628598808,0.010106202354160359
8122.0,0.27657642236456664,0.010106202354160359
8123.0,0.2818031387010317,0.010106202354160359
8124.0,0.28702985503749673,0.010106202354160359
8125.0,0.2870993379262852,0.010106202354160359
8126.0,0.28545249352369095,0.010106202354160359
8127.0,0.2835552871128552,0.010106202354160359
8128.0,0.2811917707072878,0.010106202354160359
8129.0,0.27882825430172037,0.010106202354160359
8130.0,0.27932755306365464,0.010106202354160359
8131.0,0.2799826759422997,0.010106202354160359
8132.0,0.2802104906556864,0.010106202354160359
8133.0,0.2800850264692869,0.010106202354160359
8134.0,0.27882917865536266,0.010106202354160359
8135.0,0.2709856033072766,0.010106202354160359
8136.0,0.26314202795919067,0.010106202354160359
8137.0,0.2622348964809109,0.010106202354160359
8138.0,0.2636957619436936,0.010106202354160359
8139.0,0.26578696046399214,0.010106202354160359
8140.0,0.26907732919127036,0.010106202354160359
8141.0,0.2723676979185486,0.010106202354160359
8142.0,0.27134211855068663,0.010106202354160359
8143.0,0.27005846086161334,0.010106202354160359
8144.0,0.27076350689006834,0.010106202354160359
8145.0,0.27314487176006624,0.010106202354160359
8146.0,0.27525783224973865,0.010106202354160359
8147.0,0.27574444416372046,0.010106202354160359
8148.0,0.27623105607770215,0.010106202354160359
8149.0,0.2751402824992128,0.010106202354160359
8150.0,0.27349729617133395,0.010106202354160359
8151.0,0.2711588339003199,0.010106202354160359
8152.0,0.26746873993770487,0.010106202354160359
8153.0,0.26377864597508976,0.010106202354160359
8154.0,0.26899230054837125,0.010106202354160359
8155.0,0.2747866343739914,0.010106202354160359
8156.0,0.27169890211622205,0.010106202354160359
8157.0,0.2609781443180606,0.010106202354160359
8158.0,0.2514611453269776,0.010106202354160359
8159.0,0.2495362742507004,0.010106202354160359
8160.0,0.24761140317442323,0.010106202354160359
8161.0,0.2490626204786977,0.010106202354160359
8162.0,0.251725484510083,0.010106202354160359
8163.0,0.25482656852549035,0.010106202354160359
8164.0,0.25879780978515615,0.010106202354160359
8165.0,0.2627690510448219,0.010106202354160359
8166.0,0.2596790390249194,0.010106202354160359
8167.0,0.2560898381484971,0.010106202354160359
8168.0,0.254616114100858,0.010106202354160359
8169.0,0.2549958145721291,0.010106202354160359
8170.0,0.25510674951356377,0.010106202354160359
8171.0,0.25345116192708245,0.010106202354160359
8172.0,0.2517955743406011,0.010106202354160359
8173.0,0.25268131047308134,0.010106202354160359
8174.0,0.2545017863642595,0.010106202354160359
8175.0,0.2559189652997327,0.010106202354160359
8176.0,0.2565178180487228,0.010106202354160359
8177.0,0.2571166707977129,0.010106202354160359
8178.0,0.2569283062911555,0.010106202354160359
8179.0,0.25667993426770247,0.010106202354160359
8180.0,0.2590053719069395,0.010106202354160359
8181.0,0.2636296895403471,0.010106202354160359
8182.0,0.2677628975139264,0.010106202354160359
8183.0,0.26852783451868456,0.010106202354160359
8184.0,0.2692927715234427,0.010106202354160359
8185.0,0.26379366930870707,0.010106202354160359
8186.0,0.255933904379854,0.010106202354160359
8187.0,0.25201023276306467,0.010106202354160359
8188.0,0.2562492343616981,0.010106202354160359
8189.0,0.26048823596033155,0.010106202354160359
8190.0,0.2625694696059613,0.010106202354160359
8191.0,0.2644741586008918,0.010106202354160359
8192.0,0.2599817918487011,0.010106202354160359
8193.0,0.2496645830515396,0.010106202354160359
8194.0,0.24071064967161038,0.010106202354160359
8195.0,0.24152685678172392,0.010106202354160359
8196.0,0.2423430638918375,0.010106202354160359
8197.0,0.24514027833303068,0.010106202354160359
8198.0,0.24870220775061422,0.010106202354160359
8199.0,0.24967725992999001,0.010106202354160359
8200.0,0.2451685199115272,0.010106202354160359
8201.0,0.2406597798930644,0.010106202354160359
8202.0,0.2508811310782569,0.010106202354160359
8203.0,0.26239088449665277,0.010106202354160359
8204.0,0.2617082145035466,0.010106202354160359
8205.0,0.2497080403714982,0.010106202354160359
8206.0,0.23938979303630128,0.010106202354160359
8207.0,0.24168599667750285,0.010106202354160359
8208.0,0.24398220031870443,0.010106202354160359
8209.0,0.2435522489356995,0.010106202354160359
8210.0,0.24204462152972686,0.010106202354160359
8211.0,0.2408515870660481,0.010106202354160359
8212.0,0.24034037000582315,0.010106202354160359
8213.0,0.23982915294559817,0.010106202354160359
8214.0,0.242786182416621,0.010106202354160359
8215.0,0.24606636871666582,0.010106202354160359
8216.0,0.24642766323587742,0.010106202354160359
8217.0,0.2440269223082706,0.010106202354160359
8218.0,0.24198135818916014,0.010106202354160359
8219.0,0.2427280883410929,0.010106202354160359
8220.0,0.2434748184930257,0.010106202354160359
8221.0,0.24759111065533804,0.010106202354160359
8222.0,0.25307113786400504,0.010106202354160359
8223.0,0.2553250622316576,0.010106202354160359
8224.0,0.2504292451678505,0.010106202354160359
8225.0,0.24553342810404333,0.010106202354160359
8226.0,0.24206417004210284,0.010106202354160359
8227.0,0.23873606227717808,0.010106202354160359
8228.0,0.23642231506461842,0.010106202354160359
8229.0,0.2350870430075233,0.010106202354160359
8230.0,0.2339939633141136,0.010106202354160359
8231.0,0.23490031613422677,0.010106202354160359
8232.0,0.2358066689543399,0.010106202354160359
8233.0,0.23536041810064315,0.010106202354160359
8234.0,0.2343538356740977,0.010106202354160359
8235.0,0.235880598251075,0.010106202354160359
8236.0,0.2431496095027119,0.010106202354160359
8237.0,0.25041862075434884,0.010106202354160359
8238.0,0.25443917810666866,0.010106202354160359
8239.0,0.25811938020959113,0.010106202354160359
8240.0,0.25570236864869605,0.010106202354160359
8241.0,0.24728976365172775,0.010106202354160359
8242.0,0.2401648142192126,0.010106202354160359
8243.0,0.24422450091059078,0.010106202354160359
8244.0,0.24828418760196896,0.010106202354160359
8245.0,0.24396271149549123,0.010106202354160359
8246.0,0.23608819543370793,0.010106202354160359
8247.0,0.2299986108506947,0.010106202354160359
8248.0,0.22804779168857314,0.010106202354160359
8249.0,0.22609697252645158,0.010106202354160359
8250.0,0.2312885517017844,0.010106202354160359
8251.0,0.23727055629312432,0.010106202354160359
8252.0,0.23908521674937833,0.010106202354160359
8253.0,0.23672251541639155,0.010106202354160359
8254.0,0.23508021278051414,0.010106202354160359
8255.0,0.24003570796819382,0.010106202354160359
8256.0,0.24499120315587353,0.010106202354160359
8257.0,0.24664973829632725,0.010106202354160359
8258.0,0.24687826666930954,0.010106202354160359
8259.0,0.24387506520218036,0.010106202354160359
8260.0,0.2332046828188518,0.010106202354160359
8261.0,0.22253430043552322,0.010106202354160359
8262.0,0.21814042120002286,0.010106202354160359
8263.0,0.21447852021367325,0.010106202354160359
8264.0,0.21387446462036488,0.010106202354160359
8265.0,0.2163950520136184,0.010106202354160359
8266.0,0.21875873389550193,0.010106202354160359
8267.0,0.2196036508916878,0.010106202354160359
8268.0,0.22044856788787365,0.010106202354160359
8269.0,0.22301007915890572,0.010106202354160359
8270.0,0.2263331989816879,0.010106202354160359
8271.0,0.2277616918079254,0.010106202354160359
8272.0,0.2245900614738464,0.010106202354160359
8273.0,0.22141843113976742,0.010106202354160359
8274.0,0.22346458017770787,0.010106202354160359
8275.0,0.2261506455537298,0.010106202354160359
8276.0,0.2279449973307691,0.010106202354160359
8277.0,0.22881048077553434,0.010106202354160359
8278.0,0.22896826621010244,0.010106202354160359
8279.0,0.22186736529686657,0.010106202354160359
8280.0,0.21476646438363073,0.010106202354160359
8281.0,0.2167693916733076,0.010106202354160359
8282.0,0.22290320087008553,0.010106202354160359
8283.0,0.23000387704057326,0.010106202354160359
8284.0,0.23950756150553892,0.010106202354160359
8285.0,0.24901124597050459,0.010106202354160359
8286.0,0.24029355249981607,0.010106202354160359
8287.0,0.2292302886986531,0.010106202354160359
8288.0,0.22196765918264658,0.010106202354160359
8289.0,0.21874085171696278,0.010106202354160359
8290.0,0.21684013314386297,0.010106202354160359
8291.0,0.22939378349979636,0.010106202354160359
8292.0,0.24194743385572975,0.010106202354160359
8293.0,0.23547845296678455,0.010106202354160359
8294.0,0.2201835060872178,0.010106202354160359
8295.0,0.20974465139647028,0.010106202354160359
8296.0,0.2116630015095154,0.010106202354160359
8297.0,0.2135813516225605,0.010106202354160359
8298.0,0.20828792258553247,0.010106202354160359
8299.0,0.2020217876413439,0.010106202354160359
8300.0,0.20451378463067704,0.010106202354160359
8301.0,0.2164864594380231,0.010106202354160359
8302.0,0.22765739151524916,0.010106202354160359
8303.0,0.2295111012592485,0.010106202354160359
8304.0,0.23136481100324788,0.010106202354160359
8305.0,0.23006007900543804,0.010106202354160359
8306.0,0.22725718349115734,0.010106202354160359
8307.0,0.22495697733881792,0.010106202354160359
8308.0,0.2239668101297184,0.010106202354160359
8309.0,0.2229766429206189,0.010106202354160359
8310.0,0.2242855735734675,0.010106202354160359
8311.0,0.22591889748628796,0.010106202354160359
8312.0,0.22514107436864222,0.010106202354160359
8313.0,0.2217024652602967,0.010106202354160359
8314.0,0.2185943873645539,0.010106202354160359
8315.0,0.2195966250318968,0.010106202354160359
8316.0,0.22059886269923976,0.010106202354160359
8317.0,0.21615390139135748,0.010106202354160359
8318.0,0.20906787391366996,0.010106202354160359
8319.0,0.20638651057384622,0.010106202354160359
8320.0,0.21546385413947847,0.010106202354160359
8321.0,0.22454119770511077,0.010106202354160359
8322.0,0.21914965013040513,0.010106202354160359
8323.0,0.2116256351286981,0.010106202354160359
8324.0,0.20762060023628656,0.010106202354160359
8325.0,0.20757441796683926,0.010106202354160359
8326.0,0.20785722338554596,0.010106202354160359
8327.0,0.21253598498217222,0.010106202354160359
8328.0,0.21721474657879847,0.010106202354160359
8329.0,0.21532477426086846,0.010106202354160359
8330.0,0.21017991763339833,0.010106202354160359
8331.0,0.20748786250514606,0.010106202354160359
8332.0,0.2115052643927234,0.010106202354160359
8333.0,0.21552266628030076,0.010106202354160359
8334.0,0.21845751036949812,0.010106202354160359
8335.0,0.22122592244260297,0.010106202354160359
8336.0,0.21769951707038177,0.010106202354160359
8337.0,0.20695354014359701,0.010106202354160359
8338.0,0.1971884287320504,0.010106202354160359
8339.0,0.20157321058653424,0.010106202354160359
8340.0,0.20595799244101806,0.010106202354160359
8341.0,0.2081749403601982,0.010106202354160359
8342.0,0.20929425084378564,0.010106202354160359
8343.0,0.2082162983080042,0.010106202354160359
8344.0,0.20097798278639478,0.010106202354160359
8345.0,0.19373966726478536,0.010106202354160359
8346.0,0.19430189667740388,0.010106202354160359
8347.0,0.19611351699174534,0.010106202354160359
8348.0,0.19950658051702827,0.010106202354160359
8349.0,0.2047487794634357,0.010106202354160359
8350.0,0.20962383796189207,0.010106202354160359
8351.0,0.20874947704551278,0.010106202354160359
8352.0,0.2078751161291335,0.010106202354160359
8353.0,0.2032676665803028,0.010106202354160359
8354.0,0.19672907464238187,0.010106202354160359
8355.0,0.19083243929780358,0.010106202354160359
8356.0,0.1867810559285095,0.010106202354160359
8357.0,0.18272967255921543,0.010106202354160359
8358.0,0.18716804926289332,0.010106202354160359
8359.0,0.19302138597873014,0.010106202354160359
8360.0,0.19598322330339785,0.010106202354160359
8361.0,0.19549808898544463,0.010106202354160359
8362.0,0.19512148775623858,0.010106202354160359
8363.0,0.19660174611062267,0.010106202354160359
8364.0,0.19808200446500676,0.010106202354160359
8365.0,0.19799035515339491,0.010106202354160359
8366.0,0.19706804637792308,0.010106202354160359
8367.0,0.19709758253643644,0.010106202354160359
8368.0,0.19993303124915912,0.010106202354160359
8369.0,0.20276847996188177,0.010106202354160359
8370.0,0.19247689032913493,0.010106202354160359
8371.0,0.179911179968945,0.010106202354160359
8372.0,0.17471120039273844,0.010106202354160359
8373.0,0.1784637180725579,0.010106202354160359
8374.0,0.18235318474776266,0.010106202354160359
8375.0,0.1888218575027398,0.010106202354160359
8376.0,0.195290530257717,0.010106202354160359
8377.0,0.1936526951299374,0.010106202354160359
8378.0,0.18763944354788134,0.010106202354160359
8379.0,0.18597734917148184,0.010106202354160359
8380.0,0.19747382682760745,0.010106202354160359
8381.0,0.20897030448373305,0.010106202354160359
8382.0,0.2055668828140592,0.010106202354160359
8383.0,0.19948316763958598,0.010106202354160359
8384.0,0.20036471217577942,0.010106202354160359
8385.0,0.20987793608454952,0.010106202354160359
8386.0,0.21838414541674353,0.010106202354160359
8387.0,0.2058225497916553,0.010106202354160359
8388.0,0.19326095416656708,0.010106202354160359
8389.0,0.18730486869074298,0.010106202354160359
8390.0,0.1849898092934623,0.010106202354160359
8391.0,0.18487295386794786,0.010106202354160359
8392.0,0.1915781107685694,0.010106202354160359
8393.0,0.1982832676691909,0.010106202354160359
8394.0,0.19667880091029322,0.010106202354160359
8395.0,0.19352367788444313,0.010106202354160359
8396.0,0.18911239592060106,0.010106202354160359
8397.0,0.18311384790739418,0.010106202354160359
8398.0,0.17759370447024891,0.010106202354160359
8399.0,0.18331606857042326,0.010106202354160359
8400.0,0.18903843267059764,0.010106202354160359
8401.0,0.1934973521889873,0.010106202354160359
8402.0,0.1972451396725985,0.010106202354160359
8403.0,0.19854155584508024,0.010106202354160359
8404.0,0.19202807547864362,0.010106202354160359
8405.0,0.18551459511220703,0.010106202354160359
8406.0,0.18252430307019107,0.010106202354160359
8407.0,0.18021542997344303,0.010106202354160359
8408.0,0.18069590065715285,0.010106202354160359
8409.0,0.18477033351952402,0.010106202354160359
8410.0,0.18860033751974986,0.010106202354160359
8411.0,0.18588779564337446,0.010106202354160359
8412.0,0.18317525376699903,0.010106202354160359
8413.0,0.1836206672368097,0.010106202354160359
8414.0,0.18588086033845944,0.010106202354160359
8415.0,0.1853318350306891,0.010106202354160359
8416.0,0.17559162333722006,0.010106202354160359
8417.0,0.16585141164375103,0.010106202354160359
8418.0,0.1693392596644173,0.010106202354160359
8419.0,0.17547653174885955,0.010106202354160359
8420.0,0.17671216196352166,0.010106202354160359
8421.0,0.171507579388187,0.010106202354160359
8422.0,0.16679581591741555,0.010106202354160359
8423.0,0.17738039926844407,0.010106202354160359
8424.0,0.1879649826194726,0.010106202354160359
8425.0,0.1849727964728111,0.010106202354160359
8426.0,0.17401557222083186,0.010106202354160359
8427.0,0.16599973664213416,0.010106202354160359
8428.0,0.16787066299141565,0.010106202354160359
8429.0,0.16974158934069714,0.010106202354160359
8430.0,0.1783989053732453,0.010106202354160359
8431.0,0.18846267607927522,0.010106202354160359
8432.0,0.19110650206395638,0.010106202354160359
8433.0,0.1838084358236564,0.010106202354160359
8434.0,0.1768005745679176,0.010106202354160359
8435.0,0.18049072433330143,0.010106202354160359
8436.0,0.18418087409868525,0.010106202354160359
8437.0,0.1818767328463306,0.010106202354160359
8438.0,0.17598292019755968,0.010106202354160359
8439.0,0.1700832723189267,0.010106202354160359
8440.0,0.16416346637349746,0.010106202354160359
8441.0,0.15824366042806826,0.010106202354160359
8442.0,0.16524610690523617,0.010106202354160359
8443.0,0.17501760747294018,0.010106202354160359
8444.0,0.1812587348797558,0.010106202354160359
8445.0,0.18267568759796501,0.010106202354160359
8446.0,0.18408602505197022,0.010106202354160359
8447.0,0.18519683804340759,0.010106202354160359
8448.0,0.18630765103484492,0.010106202354160359
8449.0,0.1768543653845135,0.010106202354160359
8450.0,0.16094410648313584,0.010106202354160359
8451.0,0.15211881484989975,0.010106202354160359
8452.0,0.1684587075025316,0.010106202354160359
8453.0,0.18479860015516342,0.010106202354160359
8454.0,0.1847684634810929,0.010106202354160359
8455.0,0.18111387749865296,0.010106202354160359
8456.0,0.17905686782384514,0.010106202354160359
8457.0,0.17922636535938616,0.010106202354160359
8458.0,0.17935092107507117,0.010106202354160359
8459.0,0.17684638032926278,0.010106202354160359
8460.0,0.17434183958345437,0.010106202354160359
8461.0,0.17493040346278066,0.010106202354160359
8462.0,0.1774483893304874,0.010106202354160359
8463.0,0.17868280730240646,0.010106202354160359
8464.0,0.17522754145394961,0.010106202354160359
8465.0,0.17177227560549274,0.010106202354160359
8466.0,0.17123681159603318,0.010106202354160359
8467.0,0.17136885390669837,0.010106202354160359
8468.0,0.16857146903250675,0.010106202354160359
8469.0,0.1616098693519419,0.010106202354160359
8470.0,0.15479315397427887,0.010106202354160359
8471.0,0.15990041672637434,0.010106202354160359
8472.0,0.16500767947846975,0.010106202354160359
8473.0,0.16803690839695068,0.010106202354160359
8474.0,0.16974338100484734,0.010106202354160359
8475.0,0.16959975785412584,0.010106202354160359
8476.0,0.16249977465099735,0.010106202354160359
8477.0,0.15539979144786886,0.010106202354160359
8478.0,0.1552286759122681,0.010106202354160359
8479.0,0.156692115212178,0.010106202354160359
8480.0,0.16101819428586936,0.010106202354160359
8481.0,0.16949510103152973,0.010106202354160359
8482.0,0.17781838497675445,0.010106202354160359
8483.0,0.16496732626025515,0.010106202354160359
8484.0,0.15211626754375585,0.010106202354160359
8485.0,0.15322682759434267,0.010106202354160359
8486.0,0.1634055281510812,0.010106202354160359
8487.0,0.17139397681278593,0.010106202354160359
8488.0,0.17090320468788478,0.010106202354160359
8489.0,0.17041243256298363,0.010106202354160359
8490.0,0.16224230996562655,0.010106202354160359
8491.0,0.15220392747721825,0.010106202354160359
8492.0,0.14656698183453193,0.010106202354160359
8493.0,0.14744049485944383,0.010106202354160359
8494.0,0.14834105598761702,0.010106202354160359
8495.0,0.1604801040217465,0.010106202354160359
8496.0,0.172619152055876,0.010106202354160359
8497.0,0.1667638234289599,0.010106202354160359
8498.0,0.1489840775336589,0.010106202354160359
8499.0,0.13733864397040074,0.010106202354160359
8500.0,0.15015699491686116,0.010106202354160359
8501.0,0.16297534586332155,0.010106202354160359
8502.0,0.16681859272005836,0.010106202354160359
8503.0,0.16841132548822113,0.010106202354160359
8504.0,0.16834447792882057,0.010106202354160359
8505.0,0.1657732636703121,0.010106202354160359
8506.0,0.1632020494118036,0.010106202354160359
8507.0,0.15950490759219307,0.010106202354160359
8508.0,0.155805055958958,0.010106202354160359
8509.0,0.14918571481275633,0.010106202354160359
8510.0,0.14059263427751204,0.010106202354160359
8511.0,0.1358351935925115,0.010106202354160359
8512.0,0.14684387989920372,0.010106202354160359
8513.0,0.15785256620589594,0.010106202354160359
8514.0,0.15890734050080452,0.010106202354160359
8515.0,0.15739093812801172,0.010106202354160359
8516.0,0.15925614308733804,0.010106202354160359
8517.0,0.1663277861647109,0.010106202354160359
8518.0,0.17339942924208376,0.010106202354160359
8519.0,0.1683450228215458,0.010106202354160359
8520.0,0.16320264022569736,0.010106202354160359
8521.0,0.16124371343516108,0.010106202354160359
8522.0,0.16148027340691648,0.010106202354160359
8523.0,0.1606681787967268,0.010106202354160359
8524.0,0.15541084400902525,0.010106202354160359
8525.0,0.15015350922132373,0.010106202354160359
8526.0,0.14847155964207745,0.010106202354160359
8527.0,0.1477405103842285,0.010106202354160359
8528.0,0.14796193491658333,0.010106202354160359
8529.0,0.14967968401440943,0.010106202354160359
8530.0,0.1513974331122355,0.010106202354160359
8531.0,0.1418402825918561,0.010106202354160359
8532.0,0.13214613450626025,0.010106202354160359
8533.0,0.13044620994148193,0.010106202354160359
8534.0,0.13437003362039737,0.010106202354160359
8535.0,0.1382786708343152,0.010106202354160359
8536.0,0.1421208795110178,0.010106202354160359
8537.0,0.14596308818772044,0.010106202354160359
8538.0,0.15140904961901624,0.010106202354160359
8539.0,0.1572939586696874,0.010106202354160359
8540.0,0.15783834730624247,0.010106202354160359
8541.0,0.14982121415388347,0.010106202354160359
8542.0,0.1418040810015245,0.010106202354160359
8543.0,0.14321541347853947,0.010106202354160359
8544.0,0.14478791630818053,0.010106202354160359
8545.0,0.1487990154146427,0.010106202354160359
8546.0,0.15455987020014403,0.010106202354160359
8547.0,0.1583612919040796,0.010106202354160359
8548.0,0.15331282379593236,0.010106202354160359
8549.0,0.14826435568778518,0.010106202354160359
8550.0,0.1400231912133586,0.010106202354160359
8551.0,0.1308831599158146,0.010106202354160359
8552.0,0.12631372042977726,0.010106202354160359
8553.0,0.12922211628093824,0.010106202354160359
8554.0,0.1321305121320992,0.010106202354160359
8555.0,0.1402329914187063,0.010106202354160359
8556.0,0.14845018665847967,0.010106202354160359
8557.0,0.14933253812344938,0.010106202354160359
8558.0,0.14484718686757167,0.010106202354160359
8559.0,0.14101804244474567,0.010106202354160359
8560.0,0.14025119657614532,0.010106202354160359
8561.0,0.13948435070754497,0.010106202354160359
8562.0,0.14105657110108868,0.010106202354160359
8563.0,0.1433058896231432,0.010106202354160359
8564.0,0.14507377908563412,0.010106202354160359
8565.0,0.14603774374032763,0.010106202354160359
8566.0,0.1470017083950211,0.010106202354160359
8567.0,0.1493950682112739,0.010106202354160359
8568.0,0.15182720323536147,0.010106202354160359
8569.0,0.15331136517325095,0.010106202354160359
8570.0,0.15408802518517492,0.010106202354160359
8571.0,0.15379018679431958,0.010106202354160359
8572.0,0.1483077057606576,0.010106202354160359
8573.0,0.14282522472699558,0.010106202354160359
8574.0,0.1449181758404518,0.010106202354160359
8575.0,0.1492648770163484,0.010106202354160359
8576.0,0.15089141778913506,0.010106202354160359
8577.0,0.14788132151116973,0.010106202354160359
8578.0,0.1448712252332044,0.010106202354160359
8579.0,0.14415304304575696,0.010106202354160359
8580.0,0.14350870195663942,0.010106202354160359
8581.0,0.1421508662435283,0.010106202354160359
8582.0,0.1402499902246316,0.010106202354160359
8583.0,0.1394241065075854,0.010106202354160359
8584.0,0.143965450542237,0.010106202354160359
8585.0,0.14850679457688862,0.010106202354160359
8586.0,0.1395813663496949,0.010106202354160359
8587.0,0.12653991838730044,0.010106202354160359
8588.0,0.12077836480056998,0.010106202354160359
8589.0,0.12768478530830318,0.010106202354160359
8590.0,0.13459120581603642,0.010106202354160359
8591.0,0.13389127918964502,0.010106202354160359
8592.0,0.13290718019210904,0.010106202354160359
8593.0,0.13158283504113588,0.010106202354160359
8594.0,0.12999441824869068,0.010106202354160359
8595.0,0.1280582606156559,0.010106202354160359
8596.0,0.12432415404386978,0.010106202354160359
8597.0,0.12059004747208368,0.010106202354160359
8598.0,0.12487569286418108,0.010106202354160359
8599.0,0.13167857901465146,0.010106202354160359
8600.0,0.1338237349362855,0.010106202354160359
8601.0,0.1276936568180538,0.010106202354160359
8602.0,0.1215635786998221,0.010106202354160359
8603.0,0.13056313161034794,0.010106202354160359
8604.0,0.1402064986072112,0.010106202354160359
8605.0,0.14525495385737525,0.010106202354160359
8606.0,0.14666700583273198,0.010106202354160359
8607.0,0.1467918083233952,0.010106202354160359
8608.0,0.14001852578923465,0.010106202354160359
8609.0,0.13324524325507411,0.010106202354160359
8610.0,0.13647782510857837,0.010106202354160359
8611.0,0.14293451882034675,0.010106202354160359
8612.0,0.14575308373578394,0.010106202354160359
8613.0,0.14197139472007708,0.010106202354160359
8614.0,0.1381897057043702,0.010106202354160359
8615.0,0.13667106641493193,0.010106202354160359
8616.0,0.1352605980558061,0.010106202354160359
8617.0,0.13489705151910086,0.010106202354160359
8618.0,0.1353783095766253,0.010106202354160359
8619.0,0.1347206270265686,0.010106202354160359
8620.0,0.1277315108627538,0.010106202354160359
8621.0,0.12074239469893903,0.010106202354160359
8622.0,0.12190846013515046,0.010106202354160359
8623.0,0.12577120702696987,0.010106202354160359
8624.0,0.12685226162154706,0.010106202354160359
8625.0,0.1227795643914774,0.010106202354160359
8626.0,0.11870686716140773,0.010106202354160359
8627.0,0.11723326385917102,0.010106202354160359
8628.0,0.115897665544252,0.010106202354160359
8629.0,0.12143876286426583,0.010106202354160359
8630.0,0.13263771042219424,0.010106202354160359
8631.0,0.14014008162178185,0.010106202354160359
8632.0,0.12630449172870822,0.010106202354160359
8633.0,0.1124689018356346,0.010106202354160359
8634.0,0.11460196846146956,0.010106202354160359
8635.0,0.12215205522475339,0.010106202354160359
8636.0,0.12406711300717596,0.010106202354160359
8637.0,0.11531866108624399,0.010106202354160359
8638.0,0.10657020916531201,0.010106202354160359
8639.0,0.11615372719919988,0.010106202354160359
8640.0,0.1268087453829108,0.010106202354160359
8641.0,0.13043082754505933,0.010106202354160359
8642.0,0.128153316576521,0.010106202354160359
8643.0,0.1263090028019939,0.010106202354160359
8644.0,0.1270638721915014,0.010106202354160359
8645.0,0.12781874158100884,0.010106202354160359
8646.0,0.1296983420763736,0.010106202354160359
8647.0,0.13196923251956857,0.010106202354160359
8648.0,0.1315770790139911,0.010106202354160359
8649.0,0.12603699900182186,0.010106202354160359
8650.0,0.12049691898965265,0.010106202354160359
8651.0,0.12847490291700325,0.010106202354160359
8652.0,0.13731610931812566,0.010106202354160359
8653.0,0.13636491557805433,0.010106202354160359
8654.0,0.1270389297350358,0.010106202354160359
8655.0,0.11879244423314769,0.010106202354160359
8656.0,0.11728579564370199,0.010106202354160359
8657.0,0.11577914705425628,0.010106202354160359
8658.0,0.11783164355844915,0.010106202354160359
8659.0,0.12115360712372449,0.010106202354160359
8660.0,0.12498594944247331,0.010106202354160359
8661.0,0.12982628979933605,0.010106202354160359
8662.0,0.13466663015619876,0.010106202354160359
8663.0,0.13680347376643973,0.010106202354160359
8664.0,0.1387529119539411,0.010106202354160359
8665.0,0.13009284934570298,0.010106202354160359
8666.0,0.11218225570657472,0.010106202354160359
8667.0,0.09811400077793377,0.010106202354160359
8668.0,0.10903825529938303,0.010106202354160359
8669.0,0.11996250982083233,0.010106202354160359
8670.0,0.12386363010003326,0.010106202354160359
8671.0,0.12519727671363756,0.010106202354160359
8672.0,0.12441291256253163,0.010106202354160359
8673.0,0.11935415712176635,0.010106202354160359
8674.0,0.11429540168100104,0.010106202354160359
8675.0,0.11945712309641124,0.010106202354160359
8676.0,0.12538373181202567,0.010106202354160359
8677.0,0.1258488869530594,0.010106202354160359
8678.0,0.1214594166944742,0.010106202354160359
8679.0,0.11767554468449248,0.010106202354160359
8680.0,0.11800068509030391,0.010106202354160359
8681.0,0.11832582549611535,0.010106202354160359
8682.0,0.11684785580404988,0.010106202354160359
8683.0,0.11469446368258611,0.010106202354160359
8684.0,0.1164758670776533,0.010106202354160359
8685.0,0.12637278622556836,0.010106202354160359
8686.0,0.1362697053734834,0.010106202354160359
8687.0,0.12882451673125123,0.010106202354160359
8688.0,0.11998476170382653,0.010106202354160359
8689.0,0.11597492784591905,0.010106202354160359
8690.0,0.11634186465877276,0.010106202354160359
8691.0,0.11604912930497208,0.010106202354160359
8692.0,0.11108104752728515,0.010106202354160359
8693.0,0.10611296574959823,0.010106202354160359
8694.0,0.10894108887015863,0.010106202354160359
8695.0,0.114760778986533,0.010106202354160359
8696.0,0.11810367044784804,0.010106202354160359
8697.0,0.11622495280428768,0.010106202354160359
8698.0,0.11434623516072732,0.010106202354160359
8699.0,0.10944451911675024,0.010106202354160359
8700.0,0.10428267543988466,0.010106202354160359
8701.0,0.10356240766430869,0.010106202354160359
8702.0,0.10694521231484688,0.010106202354160359
8703.0,0.11009543018237077,0.010106202354160359
8704.0,0.11152121674956277,0.010106202354160359
8705.0,0.11294700331675477,0.010106202354160359
8706.0,0.11032547935834158,0.010106202354160359
8707.0,0.10611345711645663,0.010106202354160359
8708.0,0.10450911388788517,0.010106202354160359
8709.0,0.10852510913874833,0.010106202354160359
8710.0,0.11254110438961146,0.010106202354160359
8711.0,0.10719836910441745,0.010106202354160359
8712.0,0.10099703468746725,0.010106202354160359
8713.0,0.09881686616546398,0.010106202354160359
8714.0,0.10042352986152236,0.010106202354160359
8715.0,0.10280623437374284,0.010106202354160359
8716.0,0.11121755069992785,0.010106202354160359
8717.0,0.11962886702611288,0.010106202354160359
8718.0,0.11949084558661507,0.010106202354160359
8719.0,0.11591293908652456,0.010106202354160359
8720.0,0.11385851826948196,0.010106202354160359
8721.0,0.11516162551544769,0.010106202354160359
8722.0,0.11646473276141342,0.010106202354160359
8723.0,0.12000732546938095,0.010106202354160359
8724.0,0.12376826063346019,0.010106202354160359
8725.0,0.12065953168657931,0.010106202354160359
8726.0,0.11095592519317962,0.010106202354160359
8727.0,0.10211034653117299,0.010106202354160359
8728.0,0.10026099480202384,0.010106202354160359
8729.0,0.0984116430728747,0.010106202354160359
8730.0,0.10038555478973112,0.010106202354160359
8731.0,0.10393413263774533,0.010106202354160359
8732.0,0.10819682957207097,0.010106202354160359
8733.0,0.11406908397826745,0.010106202354160359
8734.0,0.11994133838446394,0.010106202354160359
8735.0,0.11705332005766961,0.010106202354160359
8736.0,0.11326026693197079,0.010106202354160359
8737.0,0.11171764556807631,0.010106202354160359
8738.0,0.11237734697344924,0.010106202354160359
8739.0,0.11234556786831879,0.010106202354160359
8740.0,0.10638454208697652,0.010106202354160359
8741.0,0.10042351630563424,0.010106202354160359
8742.0,0.1024018441391886,0.010106202354160359
8743.0,0.10772662306981418,0.010106202354160359
8744.0,0.11090623806398504,0.010106202354160359
8745.0,0.10914005842688497,0.010106202354160359
8746.0,0.10737387878978491,0.010106202354160359
8747.0,0.10889872061638027,0.010106202354160359
8748.0,0.110782901670701,0.010106202354160359
8749.0,0.10903038523746018,0.010106202354160359
8750.0,0.10364989241373643,0.010106202354160359
8751.0,0.09875170778928029,0.010106202354160359
8752.0,0.09821172978464893,0.010106202354160359
8753.0,0.09767175178001754,0.010106202354160359
8754.0,0.10153206057961996,0.010106202354160359
8755.0,0.107290087571427,0.010106202354160359
8756.0,0.11008279653709671,0.010106202354160359
8757.0,0.10588070290080126,0.010106202354160359
8758.0,0.10167860926450582,0.010106202354160359
8759.0,0.098501954665094,0.010106202354160359
8760.0,0.09544335596550978,0.010106202354160359
8761.0,0.09342243136834769,0.010106202354160359
8762.0,0.0924567685702614,0.010106202354160359
8763.0,0.09143549994187332,0.010106202354160359
8764.0,0.08988351237618489,0.010106202354160359
8765.0,0.08833152481049646,0.010106202354160359
8766.0,0.0929645459244901,0.010106202354160359
8767.0,0.10032624733833968,0.010106202354160359
8768.0,0.10465863077655951,0.010106202354160359
8769.0,0.10167843926543678,0.010106202354160359
8770.0,0.09869824775431406,0.010106202354160359
8771.0,0.10090652269301863,0.010106202354160359
8772.0,0.10374327943586689,0.010106202354160359
8773.0,0.10579710101921651,0.010106202354160359
8774.0,0.10703927343966223,0.010106202354160359
8775.0,0.10827458457565063,0.010106202354160359
8776.0,0.10944055099672408,0.010106202354160359
8777.0,0.11060651741779752,0.010106202354160359
8778.0,0.10812674316856506,0.010106202354160359
8779.0,0.10400193959249243,0.010106202354160359
8780.0,0.10413038086167187,0.010106202354160359
8781.0,0.11476788126936457,0.010106202354160359
8782.0,0.12540538167705728,0.010106202354160359
8783.0,0.11619896770684439,0.010106202354160359
8784.0,0.10446842930971102,0.010106202354160359
8785.0,0.09985032772198646,0.010106202354160359
8786.0,0.10274857910815055,0.010106202354160359
8787.0,0.10463245053269914,0.010106202354160359
8788.0,0.09562959617210731,0.010106202354160359
8789.0,0.08662674181151549,0.010106202354160359
8790.0,0.09078734885013504,0.010106202354160359
8791.0,0.10102162316590514,0.010106202354160359
8792.0,0.1096560539072759,0.010106202354160359
8793.0,0.11424342272526541,0.010106202354160359
8794.0,0.11883079154325495,0.010106202354160359
8795.0,0.1128333356019691,0.010106202354160359
8796.0,0.10542456969278134,0.010106202354160359
8797.0,0.0994088989922536,0.010106202354160359
8798.0,0.09489401913995484,0.010106202354160359
8799.0,0.0909092398202599,0.010106202354160359
8800.0,0.09298501285846225,0.010106202354160359
8801.0,0.09506078589666458,0.010106202354160359
8802.0,0.09839511618476171,0.010106202354160359
8803.0,0.10232314750769933,0.010106202354160359
8804.0,0.1052356169298884,0.010106202354160359
8805.0,0.10551725573850106,0.010106202354160359
8806.0,0.1057988945471137,0.010106202354160359
8807.0,0.09861466888450317,0.010106202354160359
8808.0,0.09038869469102898,0.010106202354160359
8809.0,0.09031041794797263,0.010106202354160359
8810.0,0.09918024218317589,0.010106202354160359
8811.0,0.10697831924515623,0.010106202354160359
8812.0,0.10167726418988174,0.010106202354160359
8813.0,0.09637620913460725,0.010106202354160359
8814.0,0.09948933301168161,0.010106202354160359
8815.0,0.10665982786859002,0.010106202354160359
8816.0,0.10873849950300084,0.010106202354160359
8817.0,0.09730597355142677,0.010106202354160359
8818.0,0.08587344759985271,0.010106202354160359
8819.0,0.09142037973696607,0.010106202354160359
8820.0,0.09944299627217633,0.010106202354160359
8821.0,0.10106837354034083,0.010106202354160359
8822.0,0.09553144730345324,0.010106202354160359
8823.0,0.09017318592312278,0.010106202354160359
8824.0,0.08715876520339239,0.010106202354160359
8825.0,0.08414434448366201,0.010106202354160359
8826.0,0.08579552612777568,0.010106202354160359
8827.0,0.08974606377557223,0.010106202354160359
8828.0,0.0917743162843978,0.010106202354160359
8829.0,0.08857635607166721,0.010106202354160359
8830.0,0.0853783958589366,0.010106202354160359
8831.0,0.09061714551362089,0.010106202354160359
8832.0,0.09713948864744816,0.010106202354160359
8833.0,0.10292691095909165,0.010106202354160359
8834.0,0.10787550333488058,0.010106202354160359
8835.0,0.112124929421459,0.010106202354160359
8836.0,0.10648433054434278,0.010106202354160359
8837.0,0.10084373166722656,0.010106202354160359
8838.0,0.09618038762134418,0.010106202354160359
8839.0,0.09200919898685775,0.010106202354160359
8840.0,0.0896722034997761,0.010106202354160359
8841.0,0.09244593710065972,0.010106202354160359
8842.0,0.09521967070154334,0.010106202354160359
8843.0,0.08808056413223231,0.010106202354160359
8844.0,0.07936974159712963,0.010106202354160359
8845.0,0.07768757437975302,0.010106202354160359
8846.0,0.08418420607754101,0.010106202354160359
8847.0,0.09006830248653623,0.010106202354160359
8848.0,0.08656019113415148,0.010106202354160359
8849.0,0.08305207978176672,0.010106202354160359
8850.0,0.08701102035586855,0.010106202354160359
8851.0,0.09481209855761111,0.010106202354160359
8852.0,0.09782903746686958,0.010106202354160359
8853.0,0.08718017108242938,0.010106202354160359
8854.0,0.07653130469798916,0.010106202354160359
8855.0,0.07584349307853906,0.010106202354160359
8856.0,0.07679960378393826,0.010106202354160359
8857.0,0.0797529108694221,0.010106202354160359
8858.0,0.08507559528770406,0.010106202354160359
8859.0,0.09003253696746195,0.010106202354160359
8860.0,0.08887301497755425,0.010106202354160359
8861.0,0.08771349298764655,0.010106202354160359
8862.0,0.08776020669096363,0.010106202354160359
8863.0,0.08844096736123314,0.010106202354160359
8864.0,0.08862325687200144,0.010106202354160359
8865.0,0.0873454020900806,0.010106202354160359
8866.0,0.08606754730815977,0.010106202354160359
8867.0,0.09455282910525674,0.010106202354160359
8868.0,0.1047133607794775,0.010106202354160359
8869.0,0.10384527312147246,0.010106202354160359
8870.0,0.08963752918889985,0.010106202354160359
8871.0,0.07622979537620882,0.010106202354160359
8872.0,0.07751992190510233,0.010106202354160359
8873.0,0.07881004843399587,0.010106202354160359
8874.0,0.07950585026758818,0.010106202354160359
8875.0,0.07988255895296528,0.010106202354160359
8876.0,0.07854785844994537,0.010106202354160359
8877.0,0.07207070245295714,0.010106202354160359
8878.0,0.0655935464559689,0.010106202354160359
8879.0,0.06783071259471157,0.010106202354160359
8880.0,0.07162092624278135,0.010106202354160359
8881.0,0.07492249475171445,0.010106202354160359
8882.0,0.07762144459039741,0.010106202354160359
8883.0,0.08036109224818039,0.010106202354160359
8884.0,0.08392930576148712,0.010106202354160359
8885.0,0.08749751927479384,0.010106202354160359
8886.0,0.08888530936735979,0.010106202354160359
8887.0,0.08907751412699381,0.010106202354160359
8888.0,0.0895677655472733,0.010106202354160359
8889.0,0.09097699417121435,0.010106202354160359
8890.0,0.0923862227951554,0.010106202354160359
8891.0,0.09555805612977497,0.010106202354160359
8892.0,0.09905583343649407,0.010106202354160359
8893.0,0.09415776539633434,0.010106202354160359
8894.0,0.07870232000941811,0.010106202354160359
8895.0,0.06436525954414143,0.010106202354160359
8896.0,0.0755273752920239,0.010106202354160359
8897.0,0.08668949103990635,0.010106202354160359
8898.0,0.08766922068596193,0.010106202354160359
8899.0,0.08294757684056475,0.010106202354160359
8900.0,0.08029134732234264,0.010106202354160359
8901.0,0.08417215414965068,0.010106202354160359
8902.0,0.08805296097695875,0.010106202354160359
8903.0,0.08300095944442495,0.010106202354160359
8904.0,0.07623651682433176,0.010106202354160359
8905.0,0.0720456832454962,0.010106202354160359
8906.0,0.07115471002640626,0.010106202354160359
8907.0,0.07061968167248822,0.010106202354160359
8908.0,0.07929329144315266,0.010106202354160359
8909.0,0.08796690121381708,0.010106202354160359
8910.0,0.08205653280571801,0.010106202354160359
8911.0,0.0678085315898018,0.010106202354160359
8912.0,0.058718461049900444,0.010106202354160359
8913.0,0.06639166520706732,0.010106202354160359
8914.0,0.0740648693642342,0.010106202354160359
8915.0,0.07671326612458364,0.010106202354160359
8916.0,0.07836393134427166,0.010106202354160359
8917.0,0.07901865868424762,0.010106202354160359
8918.0,0.07837121793773376,0.010106202354160359
8919.0,0.07770125252747778,0.010106202354160359
8920.0,0.07635888419216386,0.010106202354160359
8921.0,0.07501651585684994,0.010106202354160359
8922.0,0.07221603718174525,0.010106202354160359
8923.0,0.06856453212962003,0.010106202354160359
8924.0,0.06379682742553675,0.010106202354160359
8925.0,0.05530264367507594,0.010106202354160359
8926.0,0.04680845992461514,0.010106202354160359
8927.0,0.06129322353487893,0.010106202354160359
8928.0,0.08050014420043798,0.010106202354160359
8929.0,0.09121930885837157,0.010106202354160359
8930.0,0.09062146550618592,0.010106202354160359
8931.0,0.08995466209330469,0.010106202354160359
8932.0,0.08685926523850472,0.010106202354160359
8933.0,0.08376386838370477,0.010106202354160359
8934.0,0.07828637578966054,0.010106202354160359
8935.0,0.07138966523602887,0.010106202354160359
8936.0,0.06524415631811446,0.010106202354160359
8937.0,0.06167590833124334,0.010106202354160359
8938.0,0.05810766034437224,0.010106202354160359
8939.0,0.061311258185701746,0.010106202354160359
8940.0,0.06595399647961213,0.010106202354160359
8941.0,0.07034643364724427,0.010106202354160359
8942.0,0.07439851800860768,0.010106202354160359
8943.0,0.07830771600573933,0.010106202354160359
8944.0,0.07609536134579424,0.010106202354160359
8945.0,0.07388300668584914,0.010106202354160359
8946.0,0.07620079725074176,0.010106202354160359
8947.0,0.08127340585775987,0.010106202354160359
8948.0,0.08346012573192937,0.010106202354160359
8949.0,0.07546781415170312,0.010106202354160359
8950.0,0.06747550257147687,0.010106202354160359
8951.0,0.06867683813425547,0.010106202354160359
8952.0,0.07189727629067257,0.010106202354160359
8953.0,0.07532032727606987,0.010106202354160359
8954.0,0.07902436568045408,0.010106202354160359
8955.0,0.08260135139091651,0.010106202354160359
8956.0,0.07924973019300423,0.010106202354160359
8957.0,0.07589810899509195,0.010106202354160359
8958.0,0.07261700672873227,0.010106202354160359
8959.0,0.06937967010277216,0.010106202354160359
8960.0,0.06631553529460467,0.010106202354160359
8961.0,0.06387973819209121,0.010106202354160359
8962.0,0.061443941089577736,0.010106202354160359
8963.0,0.06415304997741478,0.010106202354160359
8964.0,0.06802904475997118,0.010106202354160359
8965.0,0.06974445740855409,0.010106202354160359
8966.0,0.06840374228502809,0.010106202354160359
8967.0,0.06709816202782427,0.010106202354160359
8968.0,0.06841811450835422,0.010106202354160359
8969.0,0.06973806698888416,0.010106202354160359
8970.0,0.07088704795499295,0.010106202354160359
8971.0,0.07192774696196806,0.010106202354160359
8972.0,0.07320827147858677,0.010106202354160359
8973.0,0.07538405372153655,0.010106202354160359
8974.0,0.07755983596448632,0.010106202354160359
8975.0,0.07483252657467476,0.010106202354160359
8976.0,0.07095753055082638,0.010106202354160359
8977.0,0.06946020693981901,0.010106202354160359
8978.0,0.07139342534380956,0.010106202354160359
8979.0,0.07324555242270749,0.010106202354160359
8980.0,0.06552890314201104,0.010106202354160359
8981.0,0.0578122538613146,0.010106202354160359
8982.0,0.05951519759900948,0.010106202354160359
8983.0,0.06730550678535414,0.010106202354160359
8984.0,0.07379977899176603,0.010106202354160359
8985.0,0.07531335094390815,0.010106202354160359
8986.0,0.07682692289605027,0.010106202354160359
8987.0,0.07561290273184366,0.010106202354160359
8988.0,0.0737403580924558,0.010106202354160359
8989.0,0.07113561885505841,0.010106202354160359
8990.0,0.06745322822118086,0.010106202354160359
8991.0,0.06376740662804223,0.010106202354160359
8992.0,0.059132352973079,0.010106202354160359
8993.0,0.05449729931811577,0.010106202354160359
8994.0,0.059729365976303586,0.010106202354160359
8995.0,0.07146744224335763,0.010106202354160359
8996.0,0.07992950214941892,0.010106202354160359
8997.0,0.0754239972932652,0.010106202354160359
8998.0,0.07091849243711147,0.010106202354160359
8999.0,0.06645876751304554,0.010106202354160359
9000.0,0.062010436095316236,0.010106202354160359
9001.0,0.05961443055302168,0.010106202354160359
9002.0,0.060299995394267204,0.010106202354160359
9003.0,0.06098556023551273,0.010106202354160359
9004.0,0.06476540029289123,0.010106202354160359
9005.0,0.06854895943105807,0.010106202354160359
9006.0,0.06874726095431873,0.010106202354160359
9007.0,0.06653379279687474,0.010106202354160359
9008.0,0.0648032436679262,0.010106202354160359
9009.0,0.0650426508198629,0.010106202354160359
9010.0,0.06528205797179958,0.010106202354160359
9011.0,0.07301364902120124,0.010106202354160359
9012.0,0.08266631286480801,0.010106202354160359
9013.0,0.0837376912928396,0.010106202354160359
9014.0,0.07166327078637476,0.010106202354160359
9015.0,0.059588850279909934,0.010106202354160359
9016.0,0.06208323635962032,0.010106202354160359
9017.0,0.06466559832450601,0.010106202354160359
9018.0,0.0644644889800429,0.010106202354160359
9019.0,0.0623532647087262,0.010106202354160359
9020.0,0.06085585540506083,0.010106202354160359
9021.0,0.06194030530908678,0.010106202354160359
9022.0,0.06302475521311272,0.010106202354160359
9023.0,0.06056390905084141,0.010106202354160359
9024.0,0.05716697561158093,0.010106202354160359
9025.0,0.05427077603200824,0.010106202354160359
9026.0,0.05215726199311544,0.010106202354160359
9027.0,0.05004374795422264,0.010106202354160359
9028.0,0.05629260733965953,0.010106202354160359
9029.0,0.06263280332804039,0.010106202354160359
9030.0,0.06194862060837655,0.010106202354160359
9031.0,0.0563473727931075,0.010106202354160359
9032.0,0.05164038598107905,0.010106202354160359
9033.0,0.050814262625424024,0.010106202354160359
9034.0,0.04998813926976901,0.010106202354160359
9035.0,0.05889071742086309,0.010106202354160359
9036.0,0.07043712590508361,0.010106202354160359
9037.0,0.0743193451520086,0.010106202354160359
9038.0,0.06597706318559293,0.010106202354160359
9039.0,0.057634781219177283,0.010106202354160359
9040.0,0.05646222409980492,0.010106202354160359
9041.0,0.05540333334996329,0.010106202354160359
9042.0,0.05745496946497367,0.010106202354160359
9043.0,0.06172749616042908,0.010106202354160359
9044.0,0.06466908911650086,0.010106202354160359
9045.0,0.061647748674424345,0.010106202354160359
9046.0,0.05862640823234782,0.010106202354160359
9047.0,0.05990653975277171,0.010106202354160359
9048.0,0.06238923332722291,0.010106202354160359
9049.0,0.06149498601975587,0.010106202354160359
9050.0,0.05510388857013976,0.010106202354160359
9051.0,0.04871279112052365,0.010106202354160359
9052.0,0.0476535985735274,0.010106202354160359
9053.0,0.04670548737867029,0.010106202354160359
9054.0,0.05031939107500975,0.010106202354160359
9055.0,0.057255425947300626,0.010106202354160359
9056.0,0.06084879619117944,0.010106202354160359
9057.0,0.0489710497428151,0.010106202354160359
9058.0,0.03709330329445075,0.010106202354160359
9059.0,0.04302578936877848,0.010106202354160359
9060.0,0.05407837320081034,0.010106202354160359
9061.0,0.06221672007517933,0.010106202354160359
9062.0,0.06551352312215283,0.010106202354160359
9063.0,0.06881032616912633,0.010106202354160359
9064.0,0.06870968693675673,0.010106202354160359
9065.0,0.06852118281785295,0.010106202354160359
9066.0,0.06761757859167972,0.010106202354160359
9067.0,0.06618288537370727,0.010106202354160359
9068.0,0.065064296664027,0.010106202354160359
9069.0,0.06545818021970613,0.010106202354160359
9070.0,0.06585206377538529,0.010106202354160359
9071.0,0.05890811522245893,0.010106202354160359
9072.0,0.049795911458587305,0.010106202354160359
9073.0,0.048239285556809106,0.010106202354160359
9074.0,0.0594953547998058,0.010106202354160359
9075.0,0.07075142404280248,0.010106202354160359
9076.0,0.06556950099309067,0.010106202354160359
9077.0,0.059878976696707754,0.010106202354160359
9078.0,0.05767807380943576,0.010106202354160359
9079.0,0.05812015422569788,0.010106202354160359
9080.0,0.05834714019022149,0.010106202354160359
9081.0,0.057509408618650185,0.010106202354160359
9082.0,0.05667167704707887,0.010106202354160359
9083.0,0.055903447980614224,0.010106202354160359
9084.0,0.05515631983119291,0.010106202354160359
9085.0,0.05581261990444807,0.010106202354160359
9086.0,0.05889846129433176,0.010106202354160359
9087.0,0.061984302684215446,0.010106202354160359
9088.0,0.0550171460322255,0.010106202354160359
9089.0,0.047687381241919034,0.010106202354160359
9090.0,0.048969717825678466,0.010106202354160359
9091.0,0.05690352844942083,0.010106202354160359
9092.0,0.06229605694117463,0.010106202354160359
9093.0,0.054664514506483505,0.010106202354160359
9094.0,0.04703297207179239,0.010106202354160359
9095.0,0.044446486144565735,0.010106202354160359
9096.0,0.04343310445115915,0.010106202354160359
9097.0,0.04329422333861084,0.010106202354160359
9098.0,0.04470097115967905,0.010106202354160359
9099.0,0.04610771898074726,0.010106202354160359
9100.0,0.052119067074304755,0.010106202354160359
9101.0,0.05832035492909605,0.010106202354160359
9102.0,0.06184323488678139,0.010106202354160359
9103.0,0.06325672493408414,0.010106202354160359
9104.0,0.06294817626065903,0.010106202354160359
9105.0,0.05349455832036138,0.010106202354160359
9106.0,0.044040940380063724,0.010106202354160359
9107.0,0.04852966638713974,0.010106202354160359
9108.0,0.057481710107936144,0.010106202354160359
9109.0,0.06441865984871649,0.010106202354160359
9110.0,0.06771894166595664,0.010106202354160359
9111.0,0.07101922348319681,0.010106202354160359
9112.0,0.06658016291421395,0.010106202354160359
9113.0,0.06178135904337297,0.010106202354160359
9114.0,0.05670150873987258,0.010106202354160359
9115.0,0.05139596963438836,0.010106202354160359
9116.0,0.047421403559155854,0.010106202354160359
9117.0,0.05077758737706632,0.010106202354160359
9118.0,0.05413377119497678,0.010106202354160359
9119.0,0.05107564108511567,0.010106202354160359
9120.0,0.04591009682993914,0.010106202354160359
9121.0,0.04573602482145378,0.010106202354160359
9122.0,0.054761253199370856,0.010106202354160359
9123.0,0.06378648157728792,0.010106202354160359
9124.0,0.05782862836625134,0.010106202354160359
9125.0,0.0510951358305376,0.010106202354160359
9126.0,0.04629681811325097,0.010106202354160359
9127.0,0.043082977594454,0.010106202354160359
9128.0,0.04092454892787034,0.010106202354160359
9129.0,0.044800692867928225,0.010106202354160359
9130.0,0.0486768368079861,0.010106202354160359
9131.0,0.04878171466197726,0.010106202354160359
9132.0,0.04761537922854049,0.010106202354160359
9133.0,0.046721085085058824,0.010106202354160359
9134.0,0.046338868663845255,0.010106202354160359
9135.0,0.04595665224263168,0.010106202354160359
9136.0,0.05180373785189563,0.010106202354160359
9137.0,0.05800655771416501,0.010106202354160359
9138.0,0.06310184337278497,0.010106202354160359
9139.0,0.06727255752660012,0.010106202354160359
9140.0,0.06973016281259325,0.010106202354160359
9141.0,0.06200904624224793,0.010106202354160359
9142.0,0.05428792967190261,0.010106202354160359
9143.0,0.05498067650104732,0.010106202354160359
9144.0,0.058582254941646095,0.010106202354160359
9145.0,0.05884391668448841,0.010106202354160359
9146.0,0.05268356316288765,0.010106202354160359
9147.0,0.04652320964128689,0.010106202354160359
9148.0,0.05144495878061017,0.010106202354160359
9149.0,0.05705933933625192,0.010106202354160359
9150.0,0.06320771033243834,0.010106202354160359
9151.0,0.06981056652579684,0.010106202354160359
9152.0,0.07426573869376954,0.010106202354160359
9153.0,0.06544600184276503,0.010106202354160359
9154.0,0.05662626499176052,0.010106202354160359
9155.0,0.04410894699651511,0.010106202354160359
9156.0,0.030280941701363036,0.010106202354160359
9157.0,0.022838532337297556,0.010106202354160359
9158.0,0.027940069428554534,0.010106202354160359
9159.0,0.03304160651981151,0.010106202354160359
9160.0,0.035108876763950504,0.010106202354160359
9161.0,0.036969972465911875,0.010106202354160359
9162.0,0.03668431112344739,0.010106202354160359
9163.0,0.03453588077606598,0.010106202354160359
9164.0,0.03253912918439938,0.010106202354160359
9165.0,0.03151880958264347,0.010106202354160359
9166.0,0.03049848998088757,0.010106202354160359
9167.0,0.03639993375614905,0.010106202354160359
9168.0,0.044816322653678256,0.010106202354160359
9169.0,0.04887489739002289,0.010106202354160359
9170.0,0.044186379441873994,0.010106202354160359
9171.0,0.03949786149372511,0.010106202354160359
9172.0,0.043834064007352805,0.010106202354160359
9173.0,0.04883316480232342,0.010106202354160359
9174.0,0.04720841715352174,0.010106202354160359
9175.0,0.039724111266006265,0.010106202354160359
9176.0,0.033695741820967795,0.010106202354160359
9177.0,0.03744101979063867,0.010106202354160359
9178.0,0.04118629776030955,0.010106202354160359
9179.0,0.04596378325481296,0.010106202354160359
9180.0,0.051125583247854885,0.010106202354160359
9181.0,0.05484545403071958,0.010106202354160359
9182.0,0.05560752130555063,0.010106202354160359
9183.0,0.05636958858038168,0.010106202354160359
9184.0,0.0489534197564165,0.010106202354160359
9185.0,0.04089104315780807,0.010106202354160359
9186.0,0.038288297072078335,0.010106202354160359
9187.0,0.040609190375802816,0.010106202354160359
9188.0,0.04270388887798892,0.010106202354160359
9189.0,0.04321304881940823,0.010106202354160359
9190.0,0.04372220876082755,0.010106202354160359
9191.0,0.044251551283954346,0.010106202354160359
9192.0,0.0447885919725749,0.010106202354160359
9193.0,0.0452378032028886,0.010106202354160359
9194.0,0.04550286642396433,0.010106202354160359
9195.0,0.04576792964504006,0.010106202354160359
9196.0,0.044224126082518855,0.010106202354160359
9197.0,0.04252722832607481,0.010106202354160359
9198.0,0.04517720583042421,0.010106202354160359
9199.0,0.0518235041390632,0.010106202354160359
9200.0,0.05645937701154157,0.010106202354160359
9201.0,0.0463588314371753,0.010106202354160359
9202.0,0.03625828586280902,0.010106202354160359
9203.0,0.0326656260035488,0.010106202354160359
9204.0,0.03161527876087242,0.010106202354160359
9205.0,0.03289691346144533,0.010106202354160359
9206.0,0.03917690945923345,0.010106202354160359
9207.0,0.045456905457021565,0.010106202354160359
9208.0,0.0445453624750538,0.010106202354160359
9209.0,0.042984321862724134,0.010106202354160359
9210.0,0.04263324975078463,0.010106202354160359
9211.0,0.04341617137293333,0.010106202354160359
9212.0,0.04447939097750627,0.010106202354160359
9213.0,0.047694481551313624,0.010106202354160359
9214.0,0.050909572125120976,0.010106202354160359
9215.0,0.05153356871983195,0.010106202354160359
9216.0,0.05112112772290702,0.010106202354160359
9217.0,0.049471157881515786,0.010106202354160359
9218.0,0.04510905585990401,0.010106202354160359
9219.0,0.04074695383829224,0.010106202354160359
9220.0,0.041064953980535106,0.010106202354160359
9221.0,0.041832490251666674,0.010106202354160359
9222.0,0.04321085679164934,0.010106202354160359
9223.0,0.04517280999694275,0.010106202354160359
9224.0,0.046281908201704795,0.010106202354160359
9225.0,0.04052181558700147,0.010106202354160359
9226.0,0.034761722972298154,0.010106202354160359
9227.0,0.040751781527527293,0.010106202354160359
9228.0,0.05155323870054205,0.010106202354160359
9229.0,0.057941545439927106,0.010106202354160359
9230.0,0.05443890023465658,0.010106202354160359
9231.0,0.050936255029386056,0.010106202354160359
9232.0,0.04621052595341295,0.010106202354160359
9233.0,0.04136022352023859,0.010106202354160359
9234.0,0.03834061054634649,0.010106202354160359
9235.0,0.03710396763824546,0.010106202354160359
9236.0,0.03613414265039561,0.010106202354160359
9237.0,0.03742317391924135,0.010106202354160359
9238.0,0.03871220518808708,0.010106202354160359
9239.0,0.04193831865891607,0.010106202354160359
9240.0,0.045976224670946024,0.010106202354160359
9241.0,0.049718132436401025,0.010106202354160359
9242.0,0.052781467146466435,0.010106202354160359
9243.0,0.055844801856531845,0.010106202354160359
9244.0,0.050919575555406785,0.010106202354160359
9245.0,0.04513387925174981,0.010106202354160359
9246.0,0.03990731847001097,0.010106202354160359
9247.0,0.035235880275820745,0.010106202354160359
9248.0,0.030679238085675815,0.010106202354160359
9249.0,0.02714619359827499,0.010106202354160359
9250.0,0.023613149110874167,0.010106202354160359
9251.0,0.033348136013760195,0.010106202354160359
9252.0,0.04877267325548964,0.010106202354160359
9253.0,0.05552704172452025,0.010106202354160359
9254.0,0.041946556525881425,0.010106202354160359
9255.0,0.0283660713272426,0.010106202354160359
9256.0,0.02859464618522701,0.010106202354160359
9257.0,0.030392432413270155,0.010106202354160359
9258.0,0.03057760186295823,0.010106202354160359
9259.0,0.02913067848625093,0.010106202354160359
9260.0,0.027908151242487654,0.010106202354160359
9261.0,0.02879775260006576,0.010106202354160359
9262.0,0.029687353957643867,0.010106202354160359
9263.0,0.035448078176380356,0.010106202354160359
9264.0,0.043345702579457156,0.010106202354160359
9265.0,0.046832279188603075,0.010106202354160359
9266.0,0.03973234109234763,0.010106202354160359
9267.0,0.03263240299609217,0.010106202354160359
9268.0,0.032699411246988365,0.010106202354160359
9269.0,0.033623755821676794,0.010106202354160359
9270.0,0.037304640884400865,0.010106202354160359
9271.0,0.04382946893842246,0.010106202354160359
9272.0,0.04889353692601023,0.010106202354160359
9273.0,0.03940766583085386,0.010106202354160359
9274.0,0.02992179473569749,0.010106202354160359
9275.0,0.02752652831559431,0.010106202354160359
9276.0,0.028312785384462906,0.010106202354160359
9277.0,0.028368352153587826,0.010106202354160359
9278.0,0.02662902822791557,0.010106202354160359
9279.0,0.02488970430224332,0.010106202354160359
9280.0,0.029044221197733543,0.010106202354160359
9281.0,0.03393945052075095,0.010106202354160359
9282.0,0.03294039459765863,0.010106202354160359
9283.0,0.025742176605383842,0.010106202354160359
9284.0,0.01932511285308331,0.010106202354160359
9285.0,0.02116441544267899,0.010106202354160359
9286.0,0.023003718032274672,0.010106202354160359
9287.0,0.02744940472630477,0.010106202354160359
9288.0,0.03309101547526404,0.010106202354160359
9289.0,0.037349038438934425,0.010106202354160359
9290.0,0.03812765920840004,0.010106202354160359
9291.0,0.03890627997786567,0.010106202354160359
9292.0,0.03331032532380775,0.010106202354160359
9293.0,0.026874243202247513,0.010106202354160359
9294.0,0.025931057908999893,0.010106202354160359
9295.0,0.030877023195350413,0.010106202354160359
9296.0,0.0353342426860172,0.010106202354160359
9297.0,0.034293071975307385,0.010106202354160359
9298.0,0.033251901264597566,0.010106202354160359
9299.0,0.03361694337016417,0.010106202354160359
9300.0,0.0346416902537385,0.010106202354160359
9301.0,0.03396561523612038,0.010106202354160359
9302.0,0.028909741331310336,0.010106202354160359
9303.0,0.023853867426500294,0.010106202354160359
9304.0,0.028739936787904,0.010106202354160359
9305.0,0.03499777700980487,0.010106202354160359
9306.0,0.03660091554818794,0.010106202354160359
9307.0,0.03311662887972797,0.010106202354160359
9308.0,0.02997306075592144,0.010106202354160359
9309.0,0.030923438895143256,0.010106202354160359
9310.0,0.031873817034365065,0.010106202354160359
9311.0,0.03357613271673796,0.010106202354160359
9312.0,0.035639057878064484,0.010106202354160359
9313.0,0.03574044378998876,0.010106202354160359
9314.0,0.030668162860703323,0.010106202354160359
9315.0,0.025595881931417888,0.010106202354160359
9316.0,0.030958958386150547,0.010106202354160359
9317.0,0.03782713446356768,0.010106202354160359
9318.0,0.038889603932986065,0.010106202354160359
9319.0,0.03348327847621725,0.010106202354160359
9320.0,0.0289653161326993,0.010106202354160359
9321.0,0.03589243189794878,0.010106202354160359
9322.0,0.042819547663198246,0.010106202354160359
9323.0,0.039914081229687724,0.010106202354160359
9324.0,0.03218906645546694,0.010106202354160359
9325.0,0.02873436186375771,0.010106202354160359
9326.0,0.03681898434297204,0.010106202354160359
9327.0,0.044903606822186366,0.010106202354160359
9328.0,0.03546933714778294,0.010106202354160359
9329.0,0.02339755470442207,0.010106202354160359
9330.0,0.018237805431292144,0.010106202354160359
9331.0,0.020929416913073148,0.010106202354160359
9332.0,0.024170848582611214,0.010106202354160359
9333.0,0.035041035357254335,0.010106202354160359
9334.0,0.04591122213189746,0.010106202354160359
9335.0,0.04632223403851824,0.010106202354160359
9336.0,0.041494235831081604,0.010106202354160359
9337.0,0.03609072406403514,0.010106202354160359
9338.0,0.029093482439601564,0.010106202354160359
9339.0,0.022096240815167985,0.010106202354160359
9340.0,0.02383224526292843,0.010106202354160359
9341.0,0.02693888416366829,0.010106202354160359
9342.0,0.03147811650734249,0.010106202354160359
9343.0,0.03767633659451746,0.010106202354160359
9344.0,0.04368502653110998,0.010106202354160359
9345.0,0.04684711939840534,0.010106202354160359
9346.0,0.0500092122657007,0.010106202354160359
9347.0,0.049077939513944784,0.010106202354160359
9348.0,0.046051695610524176,0.010106202354160359
9349.0,0.041124350454871686,0.010106202354160359
9350.0,0.030800330776744204,0.010106202354160359
9351.0,0.020476311098616723,0.010106202354160359
9352.0,0.012292658598056935,0.010106202354160359
9353.0,0.004458758834613445,0.010106202354160359
9354.0,0.005392504815719192,0.010106202354160359
9355.0,0.01667758124390234,0.010106202354160359
9356.0,0.02734740363487577,0.010106202354160359
9357.0,0.02795525895882095,0.010106202354160359
9358.0,0.02856311428276613,0.010106202354160359
9359.0,0.02972876801951356,0.010106202354160359
9360.0,0.031186067727121063,0.010106202354160359
9361.0,0.032032114831907765,0.010106202354160359
9362.0,0.031098929008295983,0.010106202354160359
9363.0,0.030165743184684197,0.010106202354160359
9364.0,0.026677905918420806,0.010106202354160359
9365.0,0.022755921426652177,0.010106202354160359
9366.0,0.02226792382211795,0.010106202354160359
9367.0,0.025913428952202933,0.010106202354160359
9368.0,0.02946160037232337,0.010106202354160359
9369.0,0.03126440140238048,0.010106202354160359
9370.0,0.03306720243243758,0.010106202354160359
9371.0,0.03295355733887564,0.010106202354160359
9372.0,0.031816395899365885,0.010106202354160359
9373.0,0.03147444771106054,0.010106202354160359
9374.0,0.033506724732087934,0.010106202354160359
9375.0,0.03553900175311533,0.010106202354160359
9376.0,0.03394278483847608,0.010106202354160359
9377.0,0.031705943994521285,0.010106202354160359
9378.0,0.027748800925783332,0.010106202354160359
9379.0,0.0216803778539132,0.010106202354160359
9380.0,0.01637537459942762,0.010106202354160359
9381.0,0.026205169224629742,0.010106202354160359
9382.0,0.03603496384983186,0.010106202354160359
9383.0,0.03893416873353044,0.010106202354160359
9384.0,0.038053051940050577,0.010106202354160359
9385.0,0.03751448323430377,0.010106202354160359
9386.0,0.03802528135341295,0.010106202354160359
9387.0,0.03853607947252214,0.010106202354160359
9388.0,0.029742765221739995,0.010106202354160359
9389.0,0.019244578107716844,0.010106202354160359
9390.0,0.016774212793981755,0.010106202354160359
9391.0,0.024349473138378333,0.010106202354160359
9392.0,0.03162977309907024,0.010106202354160359
9393.0,0.032379977898341156,0.010106202354160359
9394.0,0.03313018269761208,0.010106202354160359
9395.0,0.031541234367307165,0.010106202354160359
9396.0,0.028649355882588254,0.010106202354160359
9397.0,0.027288064676783883,0.010106202354160359
9398.0,0.030739366308133665,0.010106202354160359
9399.0,0.03419066793948345,0.010106202354160359
9400.0,0.03422362701583612,0.010106202354160359
9401.0,0.033607101006738166,0.010106202354160359
9402.0,0.032841185742328464,0.010106202354160359
9403.0,0.03188465631881896,0.010106202354160359
9404.0,0.03114067792244872,0.010106202354160359
9405.0,0.03571711742406699,0.010106202354160359
9406.0,0.04029355692568526,0.010106202354160359
9407.0,0.038608245604788406,0.010106202354160359
9408.0,0.03336163720591474,0.010106202354160359
9409.0,0.02816995704947482,0.010106202354160359
9410.0,0.02315560868078902,0.010106202354160359
9411.0,0.018141260312103218,0.010106202354160359
9412.0,0.018823209344799665,0.010106202354160359
9413.0,0.0206264123200085,0.010106202354160359
9414.0,0.020718058063712397,0.010106202354160359
9415.0,0.01858278818300481,0.010106202354160359
9416.0,0.016718300187924487,0.010106202354160359
9417.0,0.022638791404386186,0.010106202354160359
9418.0,0.028559282620847885,0.010106202354160359
9419.0,0.030852674890575967,0.010106202354160359
9420.0,0.03104000970735857,0.010106202354160359
9421.0,0.031139736204391998,0.010106202354160359
9422.0,0.030948948065987823,0.010106202354160359
9423.0,0.030758159927583652,0.010106202354160359
9424.0,0.027467686268280125,0.010106202354160359
9425.0,0.02354562928752394,0.010106202354160359
9426.0,0.024610415443631743,0.010106202354160359
9427.0,0.03229182308023909,0.010106202354160359
9428.0,0.03959248328330553,0.010106202354160359
9429.0,0.03405878208139896,0.010106202354160359
9430.0,0.028525080879492386,0.010106202354160359
9431.0,0.02497369289841136,0.010106202354160359
9432.0,0.022597289809215437,0.010106202354160359
9433.0,0.021361030674294342,0.010106202354160359
9434.0,0.02400970649467024,0.010106202354160359
9435.0,0.02665838231504614,0.010106202354160359
9436.0,0.027672299956302167,0.010106202354160359
9437.0,0.02834168280690277,0.010106202354160359
9438.0,0.02990854870685533,0.010106202354160359
9439.0,0.03268980551257191,0.010106202354160359
9440.0,0.03513653774347607,0.010106202354160359
9441.0,0.02398484600822103,0.010106202354160359
9442.0,0.01283315427296599,0.010106202354160359
9443.0,0.011059647188801766,0.010106202354160359
9444.0,0.01496003216713803,0.010106202354160359
9445.0,0.01671358689032602,0.010106202354160359
9446.0,0.010947433476597858,0.010106202354160359
9447.0,0.005181280062869696,0.010106202354160359
9448.0,0.010432332657090709,0.010106202354160359
9449.0,0.018083332174075418,0.010106202354160359
9450.0,0.01881889420937337,0.010106202354160359
9451.0,0.010011152519938796,0.010106202354160359
9452.0,0.001602642107298385,0.010106202354160359
9453.0,0.013579878765617366,0.010106202354160359
9454.0,0.02555711542393635,0.010106202354160359
9455.0,0.027178642314477894,0.010106202354160359
9456.0,0.022405769775616164,0.010106202354160359
9457.0,0.019388467751443327,0.010106202354160359
9458.0,0.022695099294018323,0.010106202354160359
9459.0,0.026001730836593327,0.010106202354160359
9460.0,0.030823714655607362,0.010106202354160359
9461.0,0.03598665273681647,0.010106202354160359
9462.0,0.03876493834917585,0.010106202354160359
9463.0,0.038186791151336934,0.010106202354160359
9464.0,0.03758898290035577,0.010106202354160359
9465.0,0.03564603093029136,0.010106202354160359
9466.0,0.033703078960226944,0.010106202354160359
9467.0,0.02773203180646924,0.010106202354160359
9468.0,0.019222732893136092,0.010106202354160359
9469.0,0.013021776166292973,0.010106202354160359
9470.0,0.015376031158883231,0.010106202354160359
9471.0,0.017730286151473488,0.010106202354160359
9472.0,0.01853399686409235,0.010106202354160359
9473.0,0.018977595961392854,0.010106202354160359
9474.0,0.02161038187299536,0.010106202354160359
9475.0,0.02738612312325134,0.010106202354160359
9476.0,0.033147571351475474,0.010106202354160359
9477.0,0.037435051682548265,0.010106202354160359
9478.0,0.04172253201362106,0.010106202354160359
9479.0,0.03710818105380399,0.010106202354160359
9480.0,0.026769970131833597,0.010106202354160359
9481.0,0.019468062777132228,0.010106202354160359
9482.0,0.02374974128599166,0.010106202354160359
9483.0,0.02803141979485109,0.010106202354160359
9484.0,0.02846594300138571,0.010106202354160359
9485.0,0.027978751916741696,0.010106202354160359
9486.0,0.02441478296877543,0.010106202354160359
9487.0,0.016344881942885598,0.010106202354160359
9488.0,0.008332789308633372,0.010106202354160359
9489.0,0.012301485842216827,0.010106202354160359
9490.0,0.01627018237580028,0.010106202354160359
9491.0,0.019782087531353937,0.010106202354160359
9492.0,0.022994308482633643,0.010106202354160359
9493.0,0.026112270197778526,0.010106202354160359
9494.0,0.028859887931897785,0.010106202354160359
9495.0,0.03160750566601705,0.010106202354160359
9496.0,0.03217675689670485,0.010106202354160359
9497.0,0.03220793855693132,0.010106202354160359
9498.0,0.027027628702441416,0.010106202354160359
9499.0,0.014061288111937973,0.010106202354160359
9500.0,0.0010949475214345242,0.010106202354160359
