wavelength,intensity,uncertainty
3500.0,0.0637995085494724,0.010080360884471673
3501.0,0.07839387857317774,0.010080360884471673
3502.0,0.09298824859688308,0.010080360884471673
3503.0,0.09352432580618672,0.010080360884471673
3504.0,0.08465064389723288,0.010080360884471673
3505.0,0.07814717975175592,0.010080360884471673
3506.0,0.08123950630932665,0.010080360884471673
3507.0,0.08433183286689737,0.010080360884471673
3508.0,0.07947557432509365,0.010080360884471673
3509.0,0.07259625722637023,0.010080360884471673
3510.0,0.07137736315373591,0.010080360884471673
3511.0,0.07878632599662752,0.010080360884471673
3512.0,0.08619528883951913,0.010080360884471673
3513.0,0.08546743774418136,0.010080360884471673
3514.0,0.08470032578544978,0.010080360884471673
3515.0,0.08217622266778103,0.010080360884471673
3516.0,0.07845239629411031,0.010080360884471673
3517.0,0.07606356286328178,0.010080360884471673
3518.0,0.0792468738895377,0.010080360884471673
3519.0,0.08243018491579364,0.010080360884471673
3520.0,0.07668842495650802,0.010080360884471673
3521.0,0.06860721457222259,0.010080360884471673
3522.0,0.06824823064597074,0.010080360884471673
3523.0,0.07989896700875379,0.010080360884471673
3524.0,0.09154970337153684,0.010080360884471673
3525.0,0.09104131866267542,0.010080360884471673
3526.0,0.09041502732523851,0.010080360884471673
3527.0,0.0885349478704574,0.010080360884471673
3528.0,0.08578155775145631,0.010080360884471673
3529.0,0.08395423732548718,0.010080360884471673
3530.0,0.0861143252593295,0.010080360884471673
3531.0,0.08827441319317182,0.010080360884471673
3532.0,0.08385238458547158,0.010080360884471673
3533.0,0.07765438855726149,0.010080360884471673
3534.0,0.07373251960309052,0.010080360884471673
3535.0,0.07342276535337633,0.010080360884471673
3536.0,0.07311301110366215,0.010080360884471673
3537.0,0.0748520120594952,0.010080360884471673
3538.0,0.07662095828020787,0.010080360884471673
3539.0,0.0809147208552031,0.010080360884471673
3540.0,0.08700229546013882,0.010080360884471673
3541.0,0.0918298939028778,0.010080360884471673
3542.0,0.09105759829141591,0.010080360884471673
3543.0,0.09028530267995402,0.010080360884471673
3544.0,0.09134043211216171,0.010080360884471673
3545.0,0.09290286818992746,0.010080360884471673
3546.0,0.09333885811547786,0.010080360884471673
3547.0,0.09195057203980014,0.010080360884471673
3548.0,0.09056228596412244,0.010080360884471673
3549.0,0.0905036315437839,0.010080360884471673
3550.0,0.09047101642146892,0.010080360884471673
3551.0,0.09090848699330956,0.010080360884471673
3552.0,0.09168659937250914,0.010080360884471673
3553.0,0.0926077456623046,0.010080360884471673
3554.0,0.09418550399805642,0.010080360884471673
3555.0,0.09576326233380826,0.010080360884471673
3556.0,0.09228981506052969,0.010080360884471673
3557.0,0.08737427976615526,0.010080360884471673
3558.0,0.08672733205190164,0.010080360884471673
3559.0,0.0931357886500111,0.010080360884471673
3560.0,0.09954424524812054,0.010080360884471673
3561.0,0.09066060074239167,0.010080360884471673
3562.0,0.08140076678761483,0.010080360884471673
3563.0,0.07945665587903629,0.010080360884471673
3564.0,0.08291915448685389,0.010080360884471673
3565.0,0.08567775332601815,0.010080360884471673
3566.0,0.08509646912495228,0.010080360884471673
3567.0,0.08451518492388642,0.010080360884471673
3568.0,0.08807160543608208,0.010080360884471673
3569.0,0.09284235233151748,0.010080360884471673
3570.0,0.0982715616901246,0.010080360884471673
3571.0,0.10481166094627631,0.010080360884471673
3572.0,0.11135176020242803,0.010080360884471673
3573.0,0.10717577623980018,0.010080360884471673
3574.0,0.10268188622371018,0.010080360884471673
3575.0,0.09797750035433894,0.010080360884471673
3576.0,0.09311446708396835,0.010080360884471673
3577.0,0.0884539293497105,0.010080360884471673
3578.0,0.08478719949481471,0.010080360884471673
3579.0,0.08112046963991894,0.010080360884471673
3580.0,0.08232173485965019,0.010080360884471673
3581.0,0.08499100484407422,0.010080360884471673
3582.0,0.087370000897662,0.010080360884471673
3583.0,0.08924908073703165,0.010080360884471673
3584.0,0.0911281605764013,0.010080360884471673
3585.0,0.09367158445599483,0.010080360884471673
3586.0,0.09623811595437881,0.010080360884471673
3587.0,0.09750782879521874,0.010080360884471673
3588.0,0.09778083600117295,0.010080360884471673
3589.0,0.09834293072680377,0.010080360884471673
3590.0,0.10037367445750847,0.010080360884471673
3591.0,0.10240441818821315,0.010080360884471673
3592.0,0.10108581458903512,0.010080360884471673
3593.0,0.09872975592069447,0.010080360884471673
3594.0,0.09689942698011433,0.010080360884471673
3595.0,0.09599347713039859,0.010080360884471673
3596.0,0.09508752728068282,0.010080360884471673
3597.0,0.09322520213469906,0.010080360884471673
3598.0,0.09132466973593038,0.010080360884471673
3599.0,0.08862699289615071,0.010080360884471673
3600.0,0.08530457330388654,0.010080360884471673
3601.0,0.08392911823001924,0.010080360884471673
3602.0,0.09280084483194087,0.010080360884471673
3603.0,0.1016725714338625,0.010080360884471673
3604.0,0.10183994939909848,0.010080360884471673
3605.0,0.09923901395298006,0.010080360884471673
3606.0,0.09662288433424492,0.010080360884471673
3607.0,0.09397947658681872,0.010080360884471673
3608.0,0.09133606883939253,0.010080360884471673
3609.0,0.10243850976348963,0.010080360884471673
3610.0,0.1141618422210528,0.010080360884471673
3611.0,0.11538352729807314,0.010080360884471673
3612.0,0.10821296716818633,0.010080360884471673
3613.0,0.1013474037569703,0.010080360884471673
3614.0,0.09614631856237404,0.010080360884471673
3615.0,0.09094523336777781,0.010080360884471673
3616.0,0.09254474198623229,0.010080360884471673
3617.0,0.0963641896678624,0.010080360884471673
3618.0,0.09930530683413806,0.010080360884471673
3619.0,0.1006361513889316,0.010080360884471673
3620.0,0.10196699594372516,0.010080360884471673
3621.0,0.0998511305239197,0.010080360884471673
3622.0,0.09756140835886379,0.010080360884471673
3623.0,0.10064109823680034,0.010080360884471673
3624.0,0.10809586459421044,0.010080360884471673
3625.0,0.11403720697949032,0.010080360884471673
3626.0,0.1114065159866304,0.010080360884471673
3627.0,0.10877582499377046,0.010080360884471673
3628.0,0.11112758912380769,0.010080360884471673
3629.0,0.11514815633186594,0.010080360884471673
3630.0,0.11634385992551573,0.010080360884471673
3631.0,0.11225024992391233,0.010080360884471673
3632.0,0.10815663992230894,0.010080360884471673
3633.0,0.10864627590721901,0.010080360884471673
3634.0,0.10939150482420314,0.010080360884471673
3635.0,0.11074330520079209,0.010080360884471673
3636.0,0.11259902648228348,0.010080360884471673
3637.0,0.11274953894965307,0.010080360884471673
3638.0,0.10286609541987674,0.010080360884471673
3639.0,0.0929826518901004,0.010080360884471673
3640.0,0.09411363887231683,0.010080360884471673
3641.0,0.09902861569171806,0.010080360884471673
3642.0,0.10357227982017889,0.010080360884471673
3643.0,0.10740577596981303,0.010080360884471673
3644.0,0.11123927211944717,0.010080360884471673
3645.0,0.10927550627764952,0.010080360884471673
3646.0,0.10695725817395513,0.010080360884471673
3647.0,0.10988367423943907,0.010080360884471673
3648.0,0.11725235574311939,0.010080360884471673
3649.0,0.1226000612219924,0.010080360884471673
3650.0,0.11558008436101166,0.010080360884471673
3651.0,0.10856010750003094,0.010080360884471673
3652.0,0.10256499111753548,0.010080360884471673
3653.0,0.0969309051308702,0.010080360884471673
3654.0,0.09432874601109985,0.010080360884471673
3655.0,0.09765067094686095,0.010080360884471673
3656.0,0.10097259588262204,0.010080360884471673
3657.0,0.1106082429885767,0.010080360884471673
3658.0,0.12066426596245804,0.010080360884471673
3659.0,0.12168124206585694,0.010080360884471673
3660.0,0.11489268776207887,0.010080360884471673
3661.0,0.11004199558493638,0.010080360884471673
3662.0,0.11753874350672702,0.010080360884471673
3663.0,0.12503549142851764,0.010080360884471673
3664.0,0.12539919538056957,0.010080360884471673
3665.0,0.12318707789910252,0.010080360884471673
3666.0,0.11781988738747616,0.010080360884471673
3667.0,0.1061538999990877,0.010080360884471673
3668.0,0.09448791261069925,0.010080360884471673
3669.0,0.10467919703360122,0.010080360884471673
3670.0,0.11644578032579035,0.010080360884471673
3671.0,0.12041165951506841,0.010080360884471673
3672.0,0.11751010168373158,0.010080360884471673
3673.0,0.11436154695519517,0.010080360884471673
3674.0,0.1095723889828711,0.010080360884471673
3675.0,0.10478323101054703,0.010080360884471673
3676.0,0.1057881770991554,0.010080360884471673
3677.0,0.10893732288136315,0.010080360884471673
3678.0,0.11040581418853705,0.010080360884471673
3679.0,0.10844552501562664,0.010080360884471673
3680.0,0.10648523584271623,0.010080360884471673
3681.0,0.10636000166949316,0.010080360884471673
3682.0,0.10637720384812126,0.010080360884471673
3683.0,0.1061774400691684,0.010080360884471673
3684.0,0.10578295057885602,0.010080360884471673
3685.0,0.10546890883169842,0.010080360884471673
3686.0,0.10571263810374676,0.010080360884471673
3687.0,0.1059563673757951,0.010080360884471673
3688.0,0.1140907957284057,0.010080360884471673
3689.0,0.12521689641453881,0.010080360884471673
3690.0,0.12996122714259786,0.010080360884471673
3691.0,0.12139838569882788,0.010080360884471673
3692.0,0.11283554425505792,0.010080360884471673
3693.0,0.11513885848989863,0.010080360884471673
3694.0,0.11834650817783444,0.010080360884471673
3695.0,0.12011030660579299,0.010080360884471673
3696.0,0.12055306411083021,0.010080360884471673
3697.0,0.11990871489873081,0.010080360884471673
3698.0,0.1113855328456065,0.010080360884471673
3699.0,0.10286235079248217,0.010080360884471673
3700.0,0.10754084821211068,0.010080360884471673
3701.0,0.11734599782699026,0.010080360884471673
3702.0,0.12409046651806914,0.010080360884471673
3703.0,0.12431085218736333,0.010080360884471673
3704.0,0.12453123785665754,0.010080360884471673
3705.0,0.11500851934424144,0.010080360884471673
3706.0,0.10461974712678465,0.010080360884471673
3707.0,0.10161489442403022,0.010080360884471673
3708.0,0.10549713138464081,0.010080360884471673
3709.0,0.10805578537930466,0.010080360884471673
3710.0,0.10057158305503103,0.010080360884471673
3711.0,0.09308738073075742,0.010080360884471673
3712.0,0.10215046226651732,0.010080360884471673
3713.0,0.11779358788755992,0.010080360884471673
3714.0,0.12998338726209974,0.010080360884471673
3715.0,0.13464704432078647,0.010080360884471673
3716.0,0.13931070137947324,0.010080360884471673
3717.0,0.1340859310265671,0.010080360884471673
3718.0,0.12792559329700492,0.010080360884471673
3719.0,0.12026545220937433,0.010080360884471673
3720.0,0.11117926858456345,0.010080360884471673
3721.0,0.105006044080382,0.010080360884471673
3722.0,0.12201120397692931,0.010080360884471673
3723.0,0.13901636387347663,0.010080360884471673
3724.0,0.13404575584738276,0.010080360884471673
3725.0,0.1201289314879117,0.010080360884471673
3726.0,0.109263524112586,0.010080360884471673
3727.0,0.10519875536471993,0.010080360884471673
3728.0,0.10113398661685387,0.010080360884471673
3729.0,0.1008337700798437,0.010080360884471673
3730.0,0.10091150066043661,0.010080360884471673
3731.0,0.10706932594621511,0.010080360884471673
3732.0,0.11912038723465944,0.010080360884471673
3733.0,0.1292753203703861,0.010080360884471673
3734.0,0.1235794743417928,0.010080360884471673
3735.0,0.11788362831319948,0.010080360884471673
3736.0,0.1190331249325569,0.010080360884471673
3737.0,0.1230348476552297,0.010080360884471673
3738.0,0.12504601642349364,0.010080360884471673
3739.0,0.12251966259489214,0.010080360884471673
3740.0,0.11999330876629062,0.010080360884471673
3741.0,0.12661038630453464,0.010080360884471673
3742.0,0.13419887753380877,0.010080360884471673
3743.0,0.13185602415495273,0.010080360884471673
3744.0,0.11970033863346602,0.010080360884471673
3745.0,0.10938160291493224,0.010080360884471673
3746.0,0.11522802546234805,0.010080360884471673
3747.0,0.12107444800976387,0.010080360884471673
3748.0,0.12419560419399393,0.010080360884471673
3749.0,0.12615478893227766,0.010080360884471673
3750.0,0.12905588258567602,0.010080360884471673
3751.0,0.13415350782911978,0.010080360884471673
3752.0,0.13925113307256357,0.010080360884471673
3753.0,0.12995343960571332,0.010080360884471673
3754.0,0.1190413178722908,0.010080360884471673
3755.0,0.11551222998274352,0.010080360884471673
3756.0,0.1194195472660591,0.010080360884471673
3757.0,0.12312557996863453,0.010080360884471673
3758.0,0.12496289656360007,0.010080360884471673
3759.0,0.1268002131585656,0.010080360884471673
3760.0,0.1284711832488141,0.010080360884471673
3761.0,0.13006959184648773,0.010080360884471673
3762.0,0.13320556055188068,0.010080360884471673
3763.0,0.14001042268504113,0.010080360884471673
3764.0,0.14681528481820164,0.010080360884471673
3765.0,0.15012351151252212,0.010080360884471673
3766.0,0.15301871281272494,0.010080360884471673
3767.0,0.15104695349984834,0.010080360884471673
3768.0,0.14407797428741212,0.010080360884471673
3769.0,0.13774942238135612,0.010080360884471673
3770.0,0.13770870221066622,0.010080360884471673
3771.0,0.13766798203997635,0.010080360884471673
3772.0,0.13465201419309436,0.010080360884471673
3773.0,0.13030854868513378,0.010080360884471673
3774.0,0.12697079104654108,0.010080360884471673
3775.0,0.12608912163437955,0.010080360884471673
3776.0,0.12520745222221802,0.010080360884471673
3777.0,0.13499342955947397,0.010080360884471673
3778.0,0.1461038650626495,0.010080360884471673
3779.0,0.14651858689414712,0.010080360884471673
3780.0,0.13573828655332268,0.010080360884471673
3781.0,0.12612006891606947,0.010080360884471673
3782.0,0.12860024654887808,0.010080360884471673
3783.0,0.13108042418168672,0.010080360884471673
3784.0,0.13064237116114216,0.010080360884471673
3785.0,0.1288727478599589,0.010080360884471673
3786.0,0.12864529887213713,0.010080360884471673
3787.0,0.13227328566772054,0.010080360884471673
3788.0,0.1359012724633039,0.010080360884471673
3789.0,0.1371583382306926,0.010080360884471673
3790.0,0.13810657303647084,0.010080360884471673
3791.0,0.14041314560074633,0.010080360884471673
3792.0,0.14416906118277376,0.010080360884471673
3793.0,0.14708214479516596,0.010080360884471673
3794.0,0.1406630019611485,0.010080360884471673
3795.0,0.13424385912713102,0.010080360884471673
3796.0,0.13751403763752645,0.010080360884471673
3797.0,0.14530476219769461,0.010080360884471673
3798.0,0.14892580436648734,0.010080360884471673
3799.0,0.14187317237957206,0.010080360884471673
3800.0,0.13482054039265676,0.010080360884471673
3801.0,0.1333420572302269,0.010080360884471673
3802.0,0.13262403093334882,0.010080360884471673
3803.0,0.13163352148699808,0.010080360884471673
3804.0,0.13034662686051907,0.010080360884471673
3805.0,0.12935123195053835,0.010080360884471673
3806.0,0.13180001830624805,0.010080360884471673
3807.0,0.13424880466195774,0.010080360884471673
3808.0,0.13385721108991272,0.010080360884471673
3809.0,0.13211089730409695,0.010080360884471673
3810.0,0.13295991456023437,0.010080360884471673
3811.0,0.14061321276548466,0.010080360884471673
3812.0,0.14826651097073495,0.010080360884471673
3813.0,0.14067521228074012,0.010080360884471673
3814.0,0.13090910141365011,0.010080360884471673
3815.0,0.12886666959393434,0.010080360884471673
3816.0,0.13538872238876845,0.010080360884471673
3817.0,0.14215178357151517,0.010080360884471673
3818.0,0.15196498369636083,0.010080360884471673
3819.0,0.16177818382120646,0.010080360884471673
3820.0,0.15554311885316283,0.010080360884471673
3821.0,0.14148452465234165,0.010080360884471673
3822.0,0.13300743796429104,0.010080360884471673
3823.0,0.13952139136583816,0.010080360884471673
3824.0,0.14603534476738528,0.010080360884471673
3825.0,0.14492560969046595,0.010080360884471673
3826.0,0.14268020791606606,0.010080360884471673
3827.0,0.14080499542742572,0.010080360884471673
3828.0,0.13934825778355686,0.010080360884471673
3829.0,0.13831641800752748,0.010080360884471673
3830.0,0.14306915271295256,0.010080360884471673
3831.0,0.14782188741837765,0.010080360884471673
3832.0,0.14412978334001902,0.010080360884471673
3833.0,0.13623044842873386,0.010080360884471673
3834.0,0.13223757366979413,0.010080360884471673
3835.0,0.1389962626634767,0.010080360884471673
3836.0,0.1457549516571593,0.010080360884471673
3837.0,0.13916004699302906,0.010080360884471673
3838.0,0.13049079768302602,0.010080360884471673
3839.0,0.128418854096908,0.010080360884471673
3840.0,0.13395000702978804,0.010080360884471673
3841.0,0.1390754767269356,0.010080360884471673
3842.0,0.13823051389821195,0.010080360884471673
3843.0,0.1373855510694883,0.010080360884471673
3844.0,0.1434758394143173,0.010080360884471673
3845.0,0.15309657265003068,0.010080360884471673
3846.0,0.1591295806799651,0.010080360884471673
3847.0,0.15504125384038508,0.010080360884471673
3848.0,0.15095292700080512,0.010080360884471673
3849.0,0.1487358871756933,0.010080360884471673
3850.0,0.14682159392474933,0.010080360884471673
3851.0,0.1488811904151936,0.010080360884471673
3852.0,0.1556098479594891,0.010080360884471673
3853.0,0.1616599654961635,0.010080360884471673
3854.0,0.15685344291088987,0.010080360884471673
3855.0,0.15204692032561626,0.010080360884471673
3856.0,0.14892994366467407,0.010080360884471673
3857.0,0.14669165420890448,0.010080360884471673
3858.0,0.1454800680392559,0.010080360884471673
3859.0,0.14723824511310796,0.010080360884471673
3860.0,0.14899642218696008,0.010080360884471673
3861.0,0.15118395637587626,0.010080360884471673
3862.0,0.15344375263184395,0.010080360884471673
3863.0,0.15359554985796467,0.010080360884471673
3864.0,0.1512221978504416,0.010080360884471673
3865.0,0.1488839789389946,0.010080360884471673
3866.0,0.14716097957661445,0.010080360884471673
3867.0,0.14543798021423432,0.010080360884471673
3868.0,0.14651057666495254,0.010080360884471673
3869.0,0.1490683333913803,0.010080360884471673
3870.0,0.15000993294779438,0.010080360884471673
3871.0,0.1461569328998303,0.010080360884471673
3872.0,0.14230393285186627,0.010080360884471673
3873.0,0.14440721368333065,0.010080360884471673
3874.0,0.14755221359667117,0.010080360884471673
3875.0,0.1463327928690479,0.010080360884471673
3876.0,0.13978295973193308,0.010080360884471673
3877.0,0.13404305132565292,0.010080360884471673
3878.0,0.14394851820776167,0.010080360884471673
3879.0,0.15385398508987044,0.010080360884471673
3880.0,0.15733792897075002,0.010080360884471673
3881.0,0.15733760203800318,0.010080360884471673
3882.0,0.15834517121735225,0.010080360884471673
3883.0,0.16242046302914526,0.010080360884471673
3884.0,0.16649575484093823,0.010080360884471673
3885.0,0.16845695499273247,0.010080360884471673
3886.0,0.17003432006299557,0.010080360884471673
3887.0,0.16576568432575195,0.010080360884471673
3888.0,0.15421712305463728,0.010080360884471673
3889.0,0.1433901546566455,0.010080360884471673
3890.0,0.14808718428577797,0.010080360884471673
3891.0,0.15278421391491043,0.010080360884471673
3892.0,0.15597225230875106,0.010080360884471673
3893.0,0.1583241519024398,0.010080360884471673
3894.0,0.16003145938484478,0.010080360884471673
3895.0,0.1597252142820033,0.010080360884471673
3896.0,0.15941896917916185,0.010080360884471673
3897.0,0.15635249632912232,0.010080360884471673
3898.0,0.1527662659004382,0.010080360884471673
3899.0,0.15314982562573012,0.010080360884471673
3900.0,0.15857404532854813,0.010080360884471673
3901.0,0.1639287439814708,0.010080360884471673
3902.0,0.16759808384905595,0.010080360884471673
3903.0,0.17126742371664108,0.010080360884471673
3904.0,0.17028150004149561,0.010080360884471673
3905.0,0.1666616772566481,0.010080360884471673
3906.0,0.16385744809032646,0.010080360884471673
3907.0,0.16366888532685198,0.010080360884471673
3908.0,0.16348032256337755,0.010080360884471673
3909.0,0.1681792473226195,0.010080360884471673
3910.0,0.1738318281838546,0.010080360884471673
3911.0,0.17457527638824252,0.010080360884471673
3912.0,0.1689625473234349,0.010080360884471673
3913.0,0.16377590165723646,0.010080360884471673
3914.0,0.1704020509042012,0.010080360884471673
3915.0,0.17702820015116594,0.010080360884471673
3916.0,0.1737025447514337,0.010080360884471673
3917.0,0.16462821431904479,0.010080360884471673
3918.0,0.15762508715096998,0.010080360884471673
3919.0,0.15744411918854934,0.010080360884471673
3920.0,0.15726315122612866,0.010080360884471673
3921.0,0.1634137499654763,0.010080360884471673
3922.0,0.17084345308901996,0.010080360884471673
3923.0,0.17363247547433044,0.010080360884471673
3924.0,0.17029424808269641,0.010080360884471673
3925.0,0.16725902402103174,0.010080360884471673
3926.0,0.17401686758400142,0.010080360884471673
3927.0,0.18077471114697113,0.010080360884471673
3928.0,0.1755894049877227,0.010080360884471673
3929.0,0.16336128725563687,0.010080360884471673
3930.0,0.155779454012473,0.010080360884471673
3931.0,0.16392162564498614,0.010080360884471673
3932.0,0.1720637972774993,0.010080360884471673
3933.0,0.16973498929116654,0.010080360884471673
3934.0,0.16521776176185113,0.010080360884471673
3935.0,0.16310758656443244,0.010080360884471673
3936.0,0.1642384564786963,0.010080360884471673
3937.0,0.16545813827596254,0.010080360884471673
3938.0,0.1701118795493398,0.010080360884471673
3939.0,0.17476562082271704,0.010080360884471673
3940.0,0.17692395563837052,0.010080360884471673
3941.0,0.1775802477208161,0.010080360884471673
3942.0,0.17800067383545565,0.010080360884471673
3943.0,0.1776006414491776,0.010080360884471673
3944.0,0.17720060906289953,0.010080360884471673
3945.0,0.17138272385946704,0.010080360884471673
3946.0,0.16439426607656382,0.010080360884471673
3947.0,0.1624151132669524,0.010080360884471673
3948.0,0.16731483509303555,0.010080360884471673
3949.0,0.17237959261496608,0.010080360884471673
3950.0,0.18536606353748433,0.010080360884471673
3951.0,0.19835253446000262,0.010080360884471673
3952.0,0.1966095561077835,0.010080360884471673
3953.0,0.18581767190268136,0.010080360884471673
3954.0,0.17759240311701535,0.010080360884471673
3955.0,0.17854772025470692,0.010080360884471673
3956.0,0.17950303739239848,0.010080360884471673
3957.0,0.17631657213156182,0.010080360884471673
3958.0,0.17220565617384476,0.010080360884471673
3959.0,0.17477938294105266,0.010080360884471673
3960.0,0.18671546234316383,0.010080360884471673
3961.0,0.19833456776303887,0.010080360884471673
3962.0,0.1899599296882043,0.010080360884471673
3963.0,0.18158529161336975,0.010080360884471673
3964.0,0.17788634355166902,0.010080360884471673
3965.0,0.17711883395523229,0.010080360884471673
3966.0,0.17570493332589449,0.010080360884471673
3967.0,0.17191245895189428,0.010080360884471673
3968.0,0.16811998457789404,0.010080360884471673
3969.0,0.1703725233524525,0.010080360884471673
3970.0,0.1740180045955111,0.010080360884471673
3971.0,0.1757258346151349,0.010080360884471673
3972.0,0.17466559145842425,0.010080360884471673
3973.0,0.1736879742217096,0.010080360884471673
3974.0,0.18027521899347232,0.010080360884471673
3975.0,0.18686246376523505,0.010080360884471673
3976.0,0.18280617109946887,0.010080360884471673
3977.0,0.1719405286951275,0.010080360884471673
3978.0,0.1643075765993115,0.010080360884471673
3979.0,0.16891797458003438,0.010080360884471673
3980.0,0.17352837256075726,0.010080360884471673
3981.0,0.17523145454385194,0.010080360884471673
3982.0,0.17624334698813465,0.010080360884471673
3983.0,0.18142446553668123,0.010080360884471673
3984.0,0.19268109351150026,0.010080360884471673
3985.0,0.20380620061800261,0.010080360884471673
3986.0,0.19315145193121355,0.010080360884471673
3987.0,0.1824967032444245,0.010080360884471673
3988.0,0.17794586317040645,0.010080360884471673
3989.0,0.17737951899639226,0.010080360884471673
3990.0,0.17783163724342962,0.010080360884471673
3991.0,0.1822557589325693,0.010080360884471673
3992.0,0.18667988062170895,0.010080360884471673
3993.0,0.19026118323644653,0.010080360884471673
3994.0,0.1936358754951273,0.010080360884471673
3995.0,0.19527092534237706,0.010080360884471673
3996.0,0.19431987990337926,0.010080360884471673
3997.0,0.19336207976613867,0.010080360884471673
3998.0,0.1867843706904746,0.010080360884471673
3999.0,0.18020666161481053,0.010080360884471673
4000.0,0.183499712241418,0.010080360884471673
4001.0,0.19336668882974142,0.010080360884471673
4002.0,0.20167629661068817,0.010080360884471673
4003.0,0.20372828394271314,0.010080360884471673
4004.0,0.2057802712747381,0.010080360884471673
4005.0,0.19655371989772696,0.010080360884471673
4006.0,0.1844778534784305,0.010080360884471673
4007.0,0.176572351281081,0.010080360884471673
4008.0,0.17499169149889388,0.010080360884471673
4009.0,0.17341103171670677,0.010080360884471673
4010.0,0.180531565948119,0.010080360884471673
4011.0,0.18768355027837313,0.010080360884471673
4012.0,0.19147762092950127,0.010080360884471673
4013.0,0.19299020587525367,0.010080360884471673
4014.0,0.19459839036442944,0.010080360884471673
4015.0,0.19660254580198147,0.010080360884471673
4016.0,0.1986067012395335,0.010080360884471673
4017.0,0.19699271752594813,0.010080360884471673
4018.0,0.1944372513100988,0.010080360884471673
4019.0,0.1937083219312576,0.010080360884471673
4020.0,0.19580577677114805,0.010080360884471673
4021.0,0.1979032316110385,0.010080360884471673
4022.0,0.19311745066052402,0.010080360884471673
4023.0,0.18827333720331266,0.010080360884471673
4024.0,0.18452687519830618,0.010080360884471673
4025.0,0.1815411838136282,0.010080360884471673
4026.0,0.17947336832576447,0.010080360884471673
4027.0,0.18132685809327395,0.010080360884471673
4028.0,0.18318034786078338,0.010080360884471673
4029.0,0.19007066246510124,0.010080360884471673
4030.0,0.19831026347927816,0.010080360884471673
4031.0,0.20159041597038174,0.010080360884471673
4032.0,0.1970398602671634,0.010080360884471673
4033.0,0.19248930456394514,0.010080360884471673
4034.0,0.19423968984010978,0.010080360884471673
4035.0,0.19607439427779824,0.010080360884471673
4036.0,0.19858858998694293,0.010080360884471673
4037.0,0.20158316374660457,0.010080360884471673
4038.0,0.20447061780291778,0.010080360884471673
4039.0,0.20688577134901304,0.010080360884471673
4040.0,0.2093009248951083,0.010080360884471673
4041.0,0.20561753326979246,0.010080360884471673
4042.0,0.20025307253137783,0.010080360884471673
4043.0,0.1938335891417205,0.010080360884471673
4044.0,0.185714163298337,0.010080360884471673
4045.0,0.17759473745495358,0.010080360884471673
4046.0,0.1901005634917987,0.010080360884471673
4047.0,0.20298460319392828,0.010080360884471673
4048.0,0.2057407320789487,0.010080360884471673
4049.0,0.20119388394915366,0.010080360884471673
4050.0,0.198956874940606,0.010080360884471673
4051.0,0.2072373333974704,0.010080360884471673
4052.0,0.2155177918543348,0.010080360884471673
4053.0,0.2061367025624903,0.010080360884471673
4054.0,0.19174833316931675,0.010080360884471673
4055.0,0.18578602067113542,0.010080360884471673
4056.0,0.19367989062249796,0.010080360884471673
4057.0,0.20157376057386048,0.010080360884471673
4058.0,0.2101023529764761,0.010080360884471673
4059.0,0.21864576076800302,0.010080360884471673
4060.0,0.21985460783270852,0.010080360884471673
4061.0,0.21566949669622962,0.010080360884471673
4062.0,0.21199220316191164,0.010080360884471673
4063.0,0.2107044349199548,0.010080360884471673
4064.0,0.2094166666779979,0.010080360884471673
4065.0,0.2130671845685694,0.010080360884471673
4066.0,0.21815707888226615,0.010080360884471673
4067.0,0.2200206215535037,0.010080360884471673
4068.0,0.2164688730435052,0.010080360884471673
4069.0,0.2129171245335067,0.010080360884471673
4070.0,0.21337932440994875,0.010080360884471673
4071.0,0.2139555005985988,0.010080360884471673
4072.0,0.2162911957856031,0.010080360884471673
4073.0,0.21994653022137375,0.010080360884471673
4074.0,0.22147956043894348,0.010080360884471673
4075.0,0.2126850398482484,0.010080360884471673
4076.0,0.2038905192575533,0.010080360884471673
4077.0,0.2108918086634982,0.010080360884471673
4078.0,0.22262444833365155,0.010080360884471673
4079.0,0.22690133699213222,0.010080360884471673
4080.0,0.21840387701173614,0.010080360884471673
4081.0,0.20990641703134008,0.010080360884471673
4082.0,0.2086257555187192,0.010080360884471673
4083.0,0.20758684780092598,0.010080360884471673
4084.0,0.20696928274175183,0.010080360884471673
4085.0,0.20667397340241098,0.010080360884471673
4086.0,0.20812888227529755,0.010080360884471673
4087.0,0.21839829591267718,0.010080360884471673
4088.0,0.22866770955005686,0.010080360884471673
4089.0,0.23189353938140556,0.010080360884471673
4090.0,0.232952112657055,0.010080360884471673
4091.0,0.23258383359670529,0.010080360884471673
4092.0,0.22971974021926334,0.010080360884471673
4093.0,0.2268556468418214,0.010080360884471673
4094.0,0.2210130829773268,0.010080360884471673
4095.0,0.21505539120123848,0.010080360884471673
4096.0,0.21336390022026144,0.010080360884471673
4097.0,0.21499968122692242,0.010080360884471673
4098.0,0.21660250536229925,0.010080360884471673
4099.0,0.21803341268403728,0.010080360884471673
4100.0,0.21946432000577534,0.010080360884471673
4101.0,0.21980793477482424,0.010080360884471673
4102.0,0.219808013192312,0.010080360884471673
4103.0,0.21913756685345392,0.010080360884471673
4104.0,0.21726959469557094,0.010080360884471673
4105.0,0.21540162253768794,0.010080360884471673
4106.0,0.2161457584734721,0.010080360884471673
4107.0,0.2170044605537163,0.010080360884471673
4108.0,0.2144112436051712,0.010080360884471673
4109.0,0.20907285829105965,0.010080360884471673
4110.0,0.20677272619696507,0.010080360884471673
4111.0,0.22090253266951193,0.010080360884471673
4112.0,0.2350323391420588,0.010080360884471673
4113.0,0.23370336122072166,0.010080360884471673
4114.0,0.22736072349596417,0.010080360884471673
4115.0,0.22326307031949555,0.010080360884471673
4116.0,0.2232596601497441,0.010080360884471673
4117.0,0.22325624997999266,0.010080360884471673
4118.0,0.22542514263786462,0.010080360884471673
4119.0,0.2277007353086802,0.010080360884471673
4120.0,0.22686631122356885,0.010080360884471673
4121.0,0.22351006920376484,0.010080360884471673
4122.0,0.22054705108238173,0.010080360884471673
4123.0,0.21979045594658245,0.010080360884471673
4124.0,0.21903386081078316,0.010080360884471673
4125.0,0.2194442388077455,0.010080360884471673
4126.0,0.22024298546329005,0.010080360884471673
4127.0,0.22190849687539582,0.010080360884471673
4128.0,0.22518839487876036,0.010080360884471673
4129.0,0.2284682928821249,0.010080360884471673
4130.0,0.23064717186404451,0.010080360884471673
4131.0,0.23276612196251892,0.010080360884471673
4132.0,0.23466216684584507,0.010080360884471673
4133.0,0.23637392386489287,0.010080360884471673
4134.0,0.23730425779288464,0.010080360884471673
4135.0,0.23368056042793195,0.010080360884471673
4136.0,0.23005686306297923,0.010080360884471673
4137.0,0.22918844873125455,0.010080360884471673
4138.0,0.2292606463206968,0.010080360884471673
4139.0,0.2290941312135635,0.010080360884471673
4140.0,0.22847347975684837,0.010080360884471673
4141.0,0.2278528283001332,0.010080360884471673
4142.0,0.22278836285322992,0.010080360884471673
4143.0,0.21745817316009336,0.010080360884471673
4144.0,0.21877307294287082,0.010080360884471673
4145.0,0.22568925389892291,0.010080360884471673
4146.0,0.2310294963810764,0.010080360884471673
4147.0,0.22682062014425483,0.010080360884471673
4148.0,0.22261174390743332,0.010080360884471673
4149.0,0.22355386692761933,0.010080360884471673
4150.0,0.22629925711070975,0.010080360884471673
4151.0,0.22853021947488214,0.010080360884471673
4152.0,0.2297614104595309,0.010080360884471673
4153.0,0.23099260144417966,0.010080360884471673
4154.0,0.23579250589811604,0.010080360884471673
4155.0,0.24082515253483108,0.010080360884471673
4156.0,0.24180693838598227,0.010080360884471673
4157.0,0.2393075157495364,0.010080360884471673
4158.0,0.23725921207847647,0.010080360884471673
4159.0,0.23805612363646855,0.010080360884471673
4160.0,0.23885303519446066,0.010080360884471673
4161.0,0.2369814386776841,0.010080360884471673
4162.0,0.234152139426079,0.010080360884471673
4163.0,0.23198166754541005,0.010080360884471673
4164.0,0.23111940485290725,0.010080360884471673
4165.0,0.2302571421604044,0.010080360884471673
4166.0,0.24105726988590193,0.010080360884471673
4167.0,0.2526818596589483,0.010080360884471673
4168.0,0.25686840263557187,0.010080360884471673
4169.0,0.2545382784865045,0.010080360884471673
4170.0,0.2517903400082572,0.010080360884471673
4171.0,0.24629622189366465,0.010080360884471673
4172.0,0.2408021037790721,0.010080360884471673
4173.0,0.23972502709921295,0.010080360884471673
4174.0,0.2402726093378755,0.010080360884471673
4175.0,0.24119392359675024,0.010080360884471673
4176.0,0.24287357410027488,0.010080360884471673
4177.0,0.24455322460379955,0.010080360884471673
4178.0,0.2480421057996488,0.010080360884471673
4179.0,0.251668899929409,0.010080360884471673
4180.0,0.24976553717378946,0.010080360884471673
4181.0,0.24292273883646615,0.010080360884471673
4182.0,0.2374345629769334,0.010080360884471673
4183.0,0.24123705260186568,0.010080360884471673
4184.0,0.2450395422267979,0.010080360884471673
4185.0,0.24524201819117455,0.010080360884471673
4186.0,0.24408779479256212,0.010080360884471673
4187.0,0.2461836762988471,0.010080360884471673
4188.0,0.25501962775550924,0.010080360884471673
4189.0,0.26385557921217134,0.010080360884471673
4190.0,0.25603612975158163,0.010080360884471673
4191.0,0.24685396567049842,0.010080360884471673
4192.0,0.24362715549762037,0.010080360884471673
4193.0,0.2458229955576726,0.010080360884471673
4194.0,0.24874559415688052,0.010080360884471673
4195.0,0.2568766289533507,0.010080360884471673
4196.0,0.2650076637498209,0.010080360884471673
4197.0,0.2655726777305827,0.010080360884471673
4198.0,0.2632170314297393,0.010080360884471673
4199.0,0.2596365377212011,0.010080360884471673
4200.0,0.25345955100609346,0.010080360884471673
4201.0,0.24728256429098586,0.010080360884471673
4202.0,0.2534586650662787,0.010080360884471673
4203.0,0.26071525782833094,0.010080360884471673
4204.0,0.26233873378696654,0.010080360884471673
4205.0,0.2587333212313272,0.010080360884471673
4206.0,0.2547290791822074,0.010080360884471673
4207.0,0.24773361593198043,0.010080360884471673
4208.0,0.2407381526817535,0.010080360884471673
4209.0,0.2445974665166321,0.010080360884471673
4210.0,0.25274778100826234,0.010080360884471673
4211.0,0.25678369279443236,0.010080360884471673
4212.0,0.251902458032641,0.010080360884471673
4213.0,0.24702122327084955,0.010080360884471673
4214.0,0.24916614302565607,0.010080360884471673
4215.0,0.251965730720983,0.010080360884471673
4216.0,0.25333434560182483,0.010080360884471673
4217.0,0.2533488857399872,0.010080360884471673
4218.0,0.2534786320944966,0.010080360884471673
4219.0,0.25451409540517966,0.010080360884471673
4220.0,0.2555495587158627,0.010080360884471673
4221.0,0.257702980175022,0.010080360884471673
4222.0,0.2603088636167017,0.010080360884471673
4223.0,0.2634545896601001,0.010080360884471673
4224.0,0.2677967236316305,0.010080360884471673
4225.0,0.27213885760316087,0.010080360884471673
4226.0,0.26550861069948445,0.010080360884471673
4227.0,0.25779270605749294,0.010080360884471673
4228.0,0.2545818347565525,0.010080360884471673
4229.0,0.2557166206171411,0.010080360884471673
4230.0,0.25818345137175336,0.010080360884471673
4231.0,0.27164705275150175,0.010080360884471673
4232.0,0.28511065413125014,0.010080360884471673
4233.0,0.28357071065834294,0.010080360884471673
4234.0,0.27581537678807605,0.010080360884471673
4235.0,0.26940858643230686,0.010080360884471673
4236.0,0.26605849470940346,0.010080360884471673
4237.0,0.26270840298649994,0.010080360884471673
4238.0,0.26824537513012997,0.010080360884471673
4239.0,0.27471348526507955,0.010080360884471673
4240.0,0.2757802763673712,0.010080360884471673
4241.0,0.27153577042087534,0.010080360884471673
4242.0,0.2680219465496921,0.010080360884471673
4243.0,0.27085486116987945,0.010080360884471673
4244.0,0.2736877757900668,0.010080360884471673
4245.0,0.27543803507178,0.010080360884471673
4246.0,0.2767293225176949,0.010080360884471673
4247.0,0.2747601627684701,0.010080360884471673
4248.0,0.2652309222719522,0.010080360884471673
4249.0,0.2557016817754344,0.010080360884471673
4250.0,0.26043916240599163,0.010080360884471673
4251.0,0.26675549350793604,0.010080360884471673
4252.0,0.27111781345052877,0.010080360884471673
4253.0,0.27352142509156,0.010080360884471673
4254.0,0.2757233691177317,0.010080360884471673
4255.0,0.27607833291511946,0.010080360884471673
4256.0,0.27643329671250727,0.010080360884471673
4257.0,0.2745513944066695,0.010080360884471673
4258.0,0.2716992851163002,0.010080360884471673
4259.0,0.27315650168448247,0.010080360884471673
4260.0,0.28483746300208057,0.010080360884471673
4261.0,0.29651842431967856,0.010080360884471673
4262.0,0.28961786986363536,0.010080360884471673
4263.0,0.28055030217393656,0.010080360884471673
4264.0,0.27501398227361784,0.010080360884471673
4265.0,0.27308604907069334,0.010080360884471673
4266.0,0.2703146742315524,0.010080360884471673
4267.0,0.25937921688800375,0.010080360884471673
4268.0,0.24844375954445508,0.010080360884471673
4269.0,0.25853711595539497,0.010080360884471673
4270.0,0.2779604139974254,0.010080360884471673
4271.0,0.2863321942441612,0.010080360884471673
4272.0,0.26787107120189974,0.010080360884471673
4273.0,0.24940994815963838,0.010080360884471673
4274.0,0.2581160710045321,0.010080360884471673
4275.0,0.27015402589217785,0.010080360884471673
4276.0,0.2754518596359917,0.010080360884471673
4277.0,0.2737287338549777,0.010080360884471673
4278.0,0.27141307861474373,0.010080360884471673
4279.0,0.2630199928401021,0.010080360884471673
4280.0,0.25462690706546043,0.010080360884471673
4281.0,0.2537087988030872,0.010080360884471673
4282.0,0.25618247789357806,0.010080360884471673
4283.0,0.25774860300055363,0.010080360884471673
4284.0,0.257059133688252,0.010080360884471673
4285.0,0.2563696643759504,0.010080360884471673
4286.0,0.2638355853725928,0.010080360884471673
4287.0,0.272351319484887,0.010080360884471673
4288.0,0.2718803655887265,0.010080360884471673
4289.0,0.2618666167529053,0.010080360884471673
4290.0,0.25263248674126243,0.010080360884471673
4291.0,0.2518962019131873,0.010080360884471673
4292.0,0.2511599170851121,0.010080360884471673
4293.0,0.253309682251229,0.010080360884471673
4294.0,0.2567984934603439,0.010080360884471673
4295.0,0.26055188939139884,0.010080360884471673
4296.0,0.2649785689978593,0.010080360884471673
4297.0,0.2694052486043199,0.010080360884471673
4298.0,0.2684028645671252,0.010080360884471673
4299.0,0.26666822262704104,0.010080360884471673
4300.0,0.2660867725585944,0.010080360884471673
4301.0,0.26675365269119666,0.010080360884471673
4302.0,0.26752662425447793,0.010080360884471673
4303.0,0.26953250683791924,0.010080360884471673
4304.0,0.2715383894213605,0.010080360884471673
4305.0,0.27686007347613206,0.010080360884471673
4306.0,0.28375456247659886,0.010080360884471673
4307.0,0.2871963428301703,0.010080360884471673
4308.0,0.28164015519486946,0.010080360884471673
4309.0,0.2760839675595685,0.010080360884471673
4310.0,0.2723953334252779,0.010080360884471673
4311.0,0.2689702034151033,0.010080360884471673
4312.0,0.2712103640423263,0.010080360884471673
4313.0,0.27970237317596774,0.010080360884471673
4314.0,0.2868348454785958,0.010080360884471673
4315.0,0.27706081944708016,0.010080360884471673
4316.0,0.26728679341556444,0.010080360884471673
4317.0,0.273904602371452,0.010080360884471673
4318.0,0.2884699676848656,0.010080360884471673
4319.0,0.29690713365741445,0.010080360884471673
4320.0,0.28898443707245475,0.010080360884471673
4321.0,0.28106174048749505,0.010080360884471673
4322.0,0.27609141709572577,0.010080360884471673
4323.0,0.2715562230864238,0.010080360884471673
4324.0,0.2740571248451263,0.010080360884471673
4325.0,0.2844736343428475,0.010080360884471673
4326.0,0.2941502883238682,0.010080360884471673
4327.0,0.29394094186622016,0.010080360884471673
4328.0,0.29373159540857213,0.010080360884471673
4329.0,0.2958917532532844,0.010080360884471673
4330.0,0.2992260281311207,0.010080360884471673
4331.0,0.300596816043318,0.010080360884471673
4332.0,0.29659663064143477,0.010080360884471673
4333.0,0.2925964452395516,0.010080360884471673
4334.0,0.301237511141419,0.010080360884471673
4335.0,0.31182203811629366,0.010080360884471673
4336.0,0.3116541536716422,0.010080360884471673
4337.0,0.299154250975212,0.010080360884471673
4338.0,0.287626796543332,0.010080360884471673
4339.0,0.2901278087425594,0.010080360884471673
4340.0,0.2926288209417868,0.010080360884471673
4341.0,0.300234357231498,0.010080360884471673
4342.0,0.31042446268094864,0.010080360884471673
4343.0,0.31650503834658517,0.010080360884471673
4344.0,0.3110639186366173,0.010080360884471673
4345.0,0.30562279892664956,0.010080360884471673
4346.0,0.30110439904788505,0.010080360884471673
4347.0,0.2967337885571268,0.010080360884471673
4348.0,0.297338350073594,0.010080360884471673
4349.0,0.30376023510891886,0.010080360884471673
4350.0,0.30960122496127795,0.010080360884471673
4351.0,0.3063453962483692,0.010080360884471673
4352.0,0.3030895675354604,0.010080360884471673
4353.0,0.30060222358460853,0.010080360884471673
4354.0,0.29851242002068534,0.010080360884471673
4355.0,0.2984456578917489,0.010080360884471673
4356.0,0.304193963701524,0.010080360884471673
4357.0,0.3099422695112992,0.010080360884471673
4358.0,0.31200524894210285,0.010080360884471673
4359.0,0.313454007309746,0.010080360884471673
4360.0,0.31284163207384474,0.010080360884471673
4361.0,0.30977216862108453,0.010080360884471673
4362.0,0.3072198242088387,0.010080360884471673
4363.0,0.31351471207665743,0.010080360884471673
4364.0,0.3198095999444762,0.010080360884471673
4365.0,0.31879333850964103,0.010080360884471673
4366.0,0.31391357065431663,0.010080360884471673
4367.0,0.3109862871432912,0.010080360884471673
4368.0,0.31381466838180433,0.010080360884471673
4369.0,0.31664304962031753,0.010080360884471673
4370.0,0.31916408783538897,0.010080360884471673
4371.0,0.32163188211823024,0.010080360884471673
4372.0,0.32020049187672595,0.010080360884471673
4373.0,0.3140299332106876,0.010080360884471673
4374.0,0.30864826597702794,0.010080360884471673
4375.0,0.31812405405326044,0.010080360884471673
4376.0,0.327599842129493,0.010080360884471673
4377.0,0.3304291280957353,0.010080360884471673
4378.0,0.32967102290464667,0.010080360884471673
4379.0,0.32746029052840797,0.010080360884471673
4380.0,0.3208565889835431,0.010080360884471673
4381.0,0.3142528874386782,0.010080360884471673
4382.0,0.3231595898614409,0.010080360884471673
4383.0,0.3348564074455168,0.010080360884471673
4384.0,0.3349618393453414,0.010080360884471673
4385.0,0.3207026776955749,0.010080360884471673
4386.0,0.30725928779829265,0.010080360884471673
4387.0,0.310882701670061,0.010080360884471673
4388.0,0.3145061155418294,0.010080360884471673
4389.0,0.31720518360920086,0.010080360884471673
4390.0,0.3193947426298296,0.010080360884471673
4391.0,0.32099418667863655,0.010080360884471673
4392.0,0.3207622394355835,0.010080360884471673
4393.0,0.32053029219253043,0.010080360884471673
4394.0,0.31979932632402425,0.010080360884471673
4395.0,0.3189752387462095,0.010080360884471673
4396.0,0.3215422770329663,0.010080360884471673
4397.0,0.32839429773011913,0.010080360884471673
4398.0,0.3349055095778564,0.010080360884471673
4399.0,0.33340771346442033,0.010080360884471673
4400.0,0.3319099173509842,0.010080360884471673
4401.0,0.3286233722717449,0.010080360884471673
4402.0,0.3243300266489015,0.010080360884471673
4403.0,0.3225346405080438,0.010080360884471673
4404.0,0.3286975775409319,0.010080360884471673
4405.0,0.33486051457382,0.010080360884471673
4406.0,0.3293841120673141,0.010080360884471673
4407.0,0.321656547902042,0.010080360884471673
4408.0,0.31803935618665496,0.010080360884471673
4409.0,0.31971822128168853,0.010080360884471673
4410.0,0.3215654902725907,0.010080360884471673
4411.0,0.3279203702095865,0.010080360884471673
4412.0,0.3342752501465823,0.010080360884471673
4413.0,0.3362248325348289,0.010080360884471673
4414.0,0.33564282616160523,0.010080360884471673
4415.0,0.33463930624957017,0.010080360884471673
4416.0,0.33225668050285884,0.010080360884471673
4417.0,0.3298740547561475,0.010080360884471673
4418.0,0.3300847500268156,0.010080360884471673
4419.0,0.33081485685571843,0.010080360884471673
4420.0,0.3295966783172905,0.010080360884471673
4421.0,0.32581866928234043,0.010080360884471673
4422.0,0.3221696163083296,0.010080360884471673
4423.0,0.3225231610718951,0.010080360884471673
4424.0,0.32287670583546063,0.010080360884471673
4425.0,0.3274687134268418,0.010080360884471673
4426.0,0.33454728587721017,0.010080360884471673
4427.0,0.3383862242928373,0.010080360884471673
4428.0,0.3313359216074128,0.010080360884471673
4429.0,0.32428561892198837,0.010080360884471673
4430.0,0.3272491327595472,0.010080360884471673
4431.0,0.3322879737895536,0.010080360884471673
4432.0,0.3385024697734592,0.010080360884471673
4433.0,0.3462922112995262,0.010080360884471673
4434.0,0.35383795576405225,0.010080360884471673
4435.0,0.3523890812780497,0.010080360884471673
4436.0,0.3509402067920472,0.010080360884471673
4437.0,0.34837144544045967,0.010080360884471673
4438.0,0.34513204166648787,0.010080360884471673
4439.0,0.3425185043564559,0.010080360884471673
4440.0,0.3420670511945834,0.010080360884471673
4441.0,0.3416155980327109,0.010080360884471673
4442.0,0.34047861235014126,0.010080360884471673
4443.0,0.33919472684170804,0.010080360884471673
4444.0,0.34065555854245294,0.010080360884471673
4445.0,0.345866983929608,0.010080360884471673
4446.0,0.3509429199806003,0.010080360884471673
4447.0,0.34988419997759035,0.010080360884471673
4448.0,0.3488254799745804,0.010080360884471673
4449.0,0.3480508238629688,0.010080360884471673
4450.0,0.34744979287646693,0.010080360884471673
4451.0,0.34743720315755655,0.010080360884471673
4452.0,0.3495147053727133,0.010080360884471673
4453.0,0.3515922075878701,0.010080360884471673
4454.0,0.35229425745265086,0.010080360884471673
4455.0,0.35269177167973775,0.010080360884471673
4456.0,0.3500234182464275,0.010080360884471673
4457.0,0.34308223201055377,0.010080360884471673
4458.0,0.3363929450183204,0.010080360884471673
4459.0,0.34443976377860264,0.010080360884471673
4460.0,0.3524865825388849,0.010080360884471673
4461.0,0.3565453737124804,0.010080360884471673
4462.0,0.35811650635247055,0.010080360884471673
4463.0,0.35904524997249077,0.010080360884471673
4464.0,0.35762694097205655,0.010080360884471673
4465.0,0.3562086319716223,0.010080360884471673
4466.0,0.3613731441872258,0.010080360884471673
4467.0,0.3680425786572332,0.010080360884471673
4468.0,0.36931991469753556,0.010080360884471673
4469.0,0.3629323201212072,0.010080360884471673
4470.0,0.356580241470663,0.010080360884471673
4471.0,0.35315112351216793,0.010080360884471673
4472.0,0.3497220055536729,0.010080360884471673
4473.0,0.3484245843910657,0.010080360884471673
4474.0,0.34848407828124145,0.010080360884471673
4475.0,0.34816439163489815,0.010080360884471673
4476.0,0.346418986171243,0.010080360884471673
4477.0,0.34467358070758786,0.010080360884471673
4478.0,0.34817796658034733,0.010080360884471673
4479.0,0.35292080471199094,0.010080360884471673
4480.0,0.35666625940597113,0.010080360884471673
4481.0,0.3589655081153387,0.010080360884471673
4482.0,0.36122150026883393,0.010080360884471673
4483.0,0.35751529713819147,0.010080360884471673
4484.0,0.353809094007549,0.010080360884471673
4485.0,0.3570056763098904,0.010080360884471673
4486.0,0.3646856519231623,0.010080360884471673
4487.0,0.37034823687675106,0.010080360884471673
4488.0,0.3682008065279558,0.010080360884471673
4489.0,0.36605337617916045,0.010080360884471673
4490.0,0.3719862188475674,0.010080360884471673
4491.0,0.37988485927986276,0.010080360884471673
4492.0,0.38234811279385295,0.010080360884471673
4493.0,0.3767715231578594,0.010080360884471673
4494.0,0.37121207197045475,0.010080360884471673
4495.0,0.3727736461722892,0.010080360884471673
4496.0,0.37433522037412376,0.010080360884471673
4497.0,0.3727993839978937,0.010080360884471673
4498.0,0.3692109721487767,0.010080360884471673
4499.0,0.36588974058038787,0.010080360884471673
4500.0,0.36363403037107217,0.010080360884471673
4501.0,0.36137832016175647,0.010080360884471673
4502.0,0.36465902575273224,0.010080360884471673
4503.0,0.36932799176209746,0.010080360884471673
4504.0,0.37031674320161817,0.010080360884471673
4505.0,0.36575191783543387,0.010080360884471673
4506.0,0.3611870924692496,0.010080360884471673
4507.0,0.36912772552862255,0.010080360884471673
4508.0,0.37709845596085845,0.010080360884471673
4509.0,0.3749564228589446,0.010080360884471673
4510.0,0.3659775918747805,0.010080360884471673
4511.0,0.3581668678491712,0.010080360884471673
4512.0,0.3551575650642419,0.010080360884471673
4513.0,0.3521482622793126,0.010080360884471673
4514.0,0.36180003493882573,0.010080360884471673
4515.0,0.3747222666632994,0.010080360884471673
4516.0,0.3831186659362771,0.010080360884471673
4517.0,0.38454693902631487,0.010080360884471673
4518.0,0.3859752121163528,0.010080360884471673
4519.0,0.3828857106952334,0.010080360884471673
4520.0,0.37976343219181075,0.010080360884471673
4521.0,0.3813598417028399,0.010080360884471673
4522.0,0.38621051881004137,0.010080360884471673
4523.0,0.38977437742051435,0.010080360884471673
4524.0,0.3878834205165402,0.010080360884471673
4525.0,0.385992463612566,0.010080360884471673
4526.0,0.38950709484514073,0.010080360884471673
4527.0,0.3944593824970099,0.010080360884471673
4528.0,0.39506570349507425,0.010080360884471673
4529.0,0.38884456453393496,0.010080360884471673
4530.0,0.38262342557279566,0.010080360884471673
4531.0,0.37893218868703193,0.010080360884471673
4532.0,0.37527169180218395,0.010080360884471673
4533.0,0.37595141711246693,0.010080360884471673
4534.0,0.37968438666636495,0.010080360884471673
4535.0,0.3826887794801739,0.010080360884471673
4536.0,0.3825062366179801,0.010080360884471673
4537.0,0.38232369375578634,0.010080360884471673
4538.0,0.3852062966880732,0.010080360884471673
4539.0,0.3889278309616607,0.010080360884471673
4540.0,0.3917843973040037,0.010080360884471673
4541.0,0.39325431193157023,0.010080360884471673
4542.0,0.39472422655913675,0.010080360884471673
4543.0,0.39804177986354733,0.010080360884471673
4544.0,0.4013909167350827,0.010080360884471673
4545.0,0.3977281650224712,0.010080360884471673
4546.0,0.3890342025319551,0.010080360884471673
4547.0,0.38340501501919033,0.010080360884471673
4548.0,0.3916180562138508,0.010080360884471673
4549.0,0.39983109740851125,0.010080360884471673
4550.0,0.39723115869947623,0.010080360884471673
4551.0,0.39158695026370677,0.010080360884471673
4552.0,0.3889857525223932,0.010080360884471673
4553.0,0.3913631513919386,0.010080360884471673
4554.0,0.393740550261484,0.010080360884471673
4555.0,0.38849580725407495,0.010080360884471673
4556.0,0.3830827224628794,0.010080360884471673
4557.0,0.38602042739339104,0.010080360884471673
4558.0,0.39506931315973876,0.010080360884471673
4559.0,0.4011501832286235,0.010080360884471673
4560.0,0.3933803133759987,0.010080360884471673
4561.0,0.3856104435233739,0.010080360884471673
4562.0,0.3796394179959169,0.010080360884471673
4563.0,0.37418911056258647,0.010080360884471673
4564.0,0.37741038430852447,0.010080360884471673
4565.0,0.39511208688267585,0.010080360884471673
4566.0,0.4128137894568272,0.010080360884471673
4567.0,0.4091374929671317,0.010080360884471673
4568.0,0.40488127541775665,0.010080360884471673
4569.0,0.4025012768658559,0.010080360884471673
4570.0,0.40152155915903165,0.010080360884471673
4571.0,0.40020936951887454,0.010080360884471673
4572.0,0.39729294467592496,0.010080360884471673
4573.0,0.39437651983297545,0.010080360884471673
4574.0,0.4029000527095374,0.010080360884471673
4575.0,0.41482706210390285,0.010080360884471673
4576.0,0.42041380136089995,0.010080360884471673
4577.0,0.4151932619746641,0.010080360884471673
4578.0,0.4099727225884282,0.010080360884471673
4579.0,0.40809018476115594,0.010080360884471673
4580.0,0.40631519097419494,0.010080360884471673
4581.0,0.40638446316982907,0.010080360884471673
4582.0,0.40785740503509066,0.010080360884471673
4583.0,0.40815744506309376,0.010080360884471673
4584.0,0.4026014140475055,0.010080360884471673
4585.0,0.39704538303191717,0.010080360884471673
4586.0,0.40442647946312105,0.010080360884471673
4587.0,0.415761713593577,0.010080360884471673
4588.0,0.41910145006499555,0.010080360884471673
4589.0,0.40852796857055673,0.010080360884471673
4590.0,0.39795448707611797,0.010080360884471673
4591.0,0.40303376792467316,0.010080360884471673
4592.0,0.4086978344149327,0.010080360884471673
4593.0,0.4134498259077368,0.010080360884471673
4594.0,0.4174939382980371,0.010080360884471673
4595.0,0.4203294438796605,0.010080360884471673
4596.0,0.4169160046282756,0.010080360884471673
4597.0,0.4135025653768907,0.010080360884471673
4598.0,0.41841730237111247,0.010080360884471673
4599.0,0.42594608837617215,0.010080360884471673
4600.0,0.42925699282253,0.010080360884471673
4601.0,0.42507412769959496,0.010080360884471673
4602.0,0.4208912625766599,0.010080360884471673
4603.0,0.4192965243191327,0.010080360884471673
4604.0,0.4178119191197093,0.010080360884471673
4605.0,0.41340276334266524,0.010080360884471673
4606.0,0.40667912452784827,0.010080360884471673
4607.0,0.4021921313016978,0.010080360884471673
4608.0,0.40969082664988865,0.010080360884471673
4609.0,0.4171895219980795,0.010080360884471673
4610.0,0.4172703626080439,0.010080360884471673
4611.0,0.4149610055801348,0.010080360884471673
4612.0,0.4155935540370591,0.010080360884471673
4613.0,0.42156327562017526,0.010080360884471673
4614.0,0.4275329972032913,0.010080360884471673
4615.0,0.4251968419342334,0.010080360884471673
4616.0,0.4224636761992848,0.010080360884471673
4617.0,0.42047989835416705,0.010080360884471673
4618.0,0.4191008326457448,0.010080360884471673
4619.0,0.4186397471152424,0.010080360884471673
4620.0,0.42328176399113226,0.010080360884471673
4621.0,0.4279237808670221,0.010080360884471673
4622.0,0.42856588751582736,0.010080360884471673
4623.0,0.42788534014385776,0.010080360884471673
4624.0,0.42746665088233554,0.010080360884471673
4625.0,0.4275331165446219,0.010080360884471673
4626.0,0.4275995822069082,0.010080360884471673
4627.0,0.42665214339681634,0.010080360884471673
4628.0,0.4256508689510233,0.010080360884471673
4629.0,0.42421157843404295,0.010080360884471673
4630.0,0.42241190707949905,0.010080360884471673
4631.0,0.42177965112255633,0.010080360884471673
4632.0,0.42788613445256496,0.010080360884471673
4633.0,0.43399261778257353,0.010080360884471673
4634.0,0.43739601783662113,0.010080360884471673
4635.0,0.4398824555575041,0.010080360884471673
4636.0,0.44136879104967264,0.010080360884471673
4637.0,0.44096257197708855,0.010080360884471673
4638.0,0.4405563529045045,0.010080360884471673
4639.0,0.43528157565931075,0.010080360884471673
4640.0,0.4297222321168604,0.010080360884471673
4641.0,0.42911758371502007,0.010080360884471673
4642.0,0.43266919172251794,0.010080360884471673
4643.0,0.43558141333106687,0.010080360884471673
4644.0,0.43465731654591433,0.010080360884471673
4645.0,0.43373321976076173,0.010080360884471673
4646.0,0.4409045360579281,0.010080360884471673
4647.0,0.45089221774780797,0.010080360884471673
4648.0,0.4522402693953369,0.010080360884471673
4649.0,0.43688706437653635,0.010080360884471673
4650.0,0.4215338593577358,0.010080360884471673
4651.0,0.43682836017783677,0.010080360884471673
4652.0,0.45407993033630434,0.010080360884471673
4653.0,0.4567181496102458,0.010080360884471673
4654.0,0.4468585365018593,0.010080360884471673
4655.0,0.43791545390548187,0.010080360884471673
4656.0,0.43469470963625156,0.010080360884471673
4657.0,0.4314739653670212,0.010080360884471673
4658.0,0.4352363741602059,0.010080360884471673
4659.0,0.44148951670040104,0.010080360884471673
4660.0,0.44808320553990016,0.010080360884471673
4661.0,0.4553494733205244,0.010080360884471673
4662.0,0.46261574110114856,0.010080360884471673
4663.0,0.4591680103265551,0.010080360884471673
4664.0,0.45497758902309704,0.010080360884471673
4665.0,0.45488617046345153,0.010080360884471673
4666.0,0.45836871384672484,0.010080360884471673
4667.0,0.4605841589720771,0.010080360884471673
4668.0,0.4545577577711669,0.010080360884471673
4669.0,0.4485313565702568,0.010080360884471673
4670.0,0.4432921338793264,0.010080360884471673
4671.0,0.43834068300433954,0.010080360884471673
4672.0,0.4378110900198566,0.010080360884471673
4673.0,0.4462053189376044,0.010080360884471673
4674.0,0.45459954785535217,0.010080360884471673
4675.0,0.4507193333500582,0.010080360884471673
4676.0,0.44592051533697524,0.010080360884471673
4677.0,0.44924976155961455,0.010080360884471673
4678.0,0.4598039537695502,0.010080360884471673
4679.0,0.4679974462628091,0.010080360884471673
4680.0,0.46017348086534,0.010080360884471673
4681.0,0.452349515467871,0.010080360884471673
4682.0,0.4585631826693109,0.010080360884471673
4683.0,0.4700351709927739,0.010080360884471673
4684.0,0.47643021713905304,0.010080360884471673
4685.0,0.47235407004488705,0.010080360884471673
4686.0,0.468277922950721,0.010080360884471673
4687.0,0.46812369940178733,0.010080360884471673
4688.0,0.46828485751277976,0.010080360884471673
4689.0,0.4628762257072825,0.010080360884471673
4690.0,0.452420370087298,0.010080360884471673
4691.0,0.4434102278092855,0.010080360884471673
4692.0,0.4446464033918197,0.010080360884471673
4693.0,0.44588257897435396,0.010080360884471673
4694.0,0.45676920490163797,0.010080360884471673
4695.0,0.4713589106123751,0.010080360884471673
4696.0,0.4795653088513762,0.010080360884471673
4697.0,0.47431436111453457,0.010080360884471673
4698.0,0.469063413377693,0.010080360884471673
4699.0,0.4641242884987206,0.010080360884471673
4700.0,0.45921199583437594,0.010080360884471673
4701.0,0.45558032948943755,0.010080360884471673
4702.0,0.453131689767506,0.010080360884471673
4703.0,0.45163736987621,0.010080360884471673
4704.0,0.4572185121635787,0.010080360884471673
4705.0,0.4627996544509475,0.010080360884471673
4706.0,0.46538449848618096,0.010080360884471673
4707.0,0.4667918674557774,0.010080360884471673
4708.0,0.4652430892059767,0.010080360884471673
4709.0,0.45732291789618046,0.010080360884471673
4710.0,0.44940274658638435,0.010080360884471673
4711.0,0.4581214014826257,0.010080360884471673
4712.0,0.46836655419593065,0.010080360884471673
4713.0,0.47312888867470676,0.010080360884471673
4714.0,0.4727279164710772,0.010080360884471673
4715.0,0.47222842023303213,0.010080360884471673
4716.0,0.4709635478118447,0.010080360884471673
4717.0,0.46969867539065724,0.010080360884471673
4718.0,0.4700672760097913,0.010080360884471673
4719.0,0.47109311578151064,0.010080360884471673
4720.0,0.47041537150937984,0.010080360884471673
4721.0,0.4659831900944587,0.010080360884471673
4722.0,0.4615510086795376,0.010080360884471673
4723.0,0.46283311391764675,0.010080360884471673
4724.0,0.4646723432826676,0.010080360884471673
4725.0,0.4663168376711409,0.010080360884471673
4726.0,0.46777438648212877,0.010080360884471673
4727.0,0.4687585174083523,0.010080360884471673
4728.0,0.46588247173575,0.010080360884471673
4729.0,0.4630064260631477,0.010080360884471673
4730.0,0.46159416346451376,0.010080360884471673
4731.0,0.46078478101329373,0.010080360884471673
4732.0,0.46143038380724055,0.010080360884471673
4733.0,0.4653553869389328,0.010080360884471673
4734.0,0.46928039007062494,0.010080360884471673
4735.0,0.46866358776746553,0.010080360884471673
4736.0,0.4675775658299773,0.010080360884471673
4737.0,0.46914317236235653,0.010080360884471673
4738.0,0.4733037217203494,0.010080360884471673
4739.0,0.4770430155826376,0.010080360884471673
4740.0,0.4771701646196884,0.010080360884471673
4741.0,0.47729731365673933,0.010080360884471673
4742.0,0.4813258547503861,0.010080360884471673
4743.0,0.4869988392535572,0.010080360884471673
4744.0,0.49020058272227207,0.010080360884471673
4745.0,0.4877047426948792,0.010080360884471673
4746.0,0.48520890266748623,0.010080360884471673
4747.0,0.48799404022129267,0.010080360884471673
4748.0,0.4913557958332299,0.010080360884471673
4749.0,0.49358034210381946,0.010080360884471673
4750.0,0.49467040615378377,0.010080360884471673
4751.0,0.4946221368806527,0.010080360884471673
4752.0,0.4842877231217658,0.010080360884471673
4753.0,0.47395330936287894,0.010080360884471673
4754.0,0.4744383621046141,0.010080360884471673
4755.0,0.47958954215160204,0.010080360884471673
4756.0,0.48258789439595784,0.010080360884471673
4757.0,0.4805080036381458,0.010080360884471673
4758.0,0.47842811288033377,0.010080360884471673
4759.0,0.4847420701481538,0.010080360884471673
4760.0,0.49202238742963544,0.010080360884471673
4761.0,0.4950950757228558,0.010080360884471673
4762.0,0.493888819282257,0.010080360884471673
4763.0,0.4928283368887497,0.010080360884471673
4764.0,0.4931591662864736,0.010080360884471673
4765.0,0.4934899956841975,0.010080360884471673
4766.0,0.4936311972513315,0.010080360884471673
4767.0,0.4936887394814406,0.010080360884471673
4768.0,0.4942825840780579,0.010080360884471673
4769.0,0.4961710274200589,0.010080360884471673
4770.0,0.4980594707620599,0.010080360884471673
4771.0,0.5074507824970265,0.010080360884471673
4772.0,0.5177509208206406,0.010080360884471673
4773.0,0.5203979504579408,0.010080360884471673
4774.0,0.5151111950512317,0.010080360884471673
4775.0,0.5085922320526781,0.010080360884471673
4776.0,0.4896197576592521,0.010080360884471673
4777.0,0.47064728326582606,0.010080360884471673
4778.0,0.46959319956158474,0.010080360884471673
4779.0,0.4766242433634479,0.010080360884471673
4780.0,0.4856113825604161,0.010080360884471673
4781.0,0.49943170746278487,0.010080360884471673
4782.0,0.5132520323651537,0.010080360884471673
4783.0,0.5160858106199818,0.010080360884471673
4784.0,0.5175221120346591,0.010080360884471673
4785.0,0.5167695808182997,0.010080360884471673
4786.0,0.5137039128955625,0.010080360884471673
4787.0,0.5105406476198074,0.010080360884471673
4788.0,0.5063299290623762,0.010080360884471673
4789.0,0.5021192105049449,0.010080360884471673
4790.0,0.506720079464621,0.010080360884471673
4791.0,0.5153866458225387,0.010080360884471673
4792.0,0.5207854284521208,0.010080360884471673
4793.0,0.5179178259722983,0.010080360884471673
4794.0,0.5150502234924756,0.010080360884471673
4795.0,0.510800002147421,0.010080360884471673
4796.0,0.5063654316203358,0.010080360884471673
4797.0,0.5072787724445051,0.010080360884471673
4798.0,0.5139534541757491,0.010080360884471673
4799.0,0.5199804348466086,0.010080360884471673
4800.0,0.5186023556330803,0.010080360884471673
4801.0,0.517224276419552,0.010080360884471673
4802.0,0.5138856630299338,0.010080360884471673
4803.0,0.5096222040130773,0.010080360884471673
4804.0,0.5069717632803853,0.010080360884471673
4805.0,0.5084998742234806,0.010080360884471673
4806.0,0.5100279851665759,0.010080360884471673
4807.0,0.507880100969436,0.010080360884471673
4808.0,0.5052192872178471,0.010080360884471673
4809.0,0.5073711279386014,0.010080360884471673
4810.0,0.5148084027901907,0.010080360884471673
4811.0,0.5214720646730489,0.010080360884471673
4812.0,0.5186804569380202,0.010080360884471673
4813.0,0.5158888492029917,0.010080360884471673
4814.0,0.5158440869950154,0.010080360884471673
4815.0,0.5171238712956356,0.010080360884471673
4816.0,0.5195530947058546,0.010080360884471673
4817.0,0.5250323648761868,0.010080360884471673
4818.0,0.5305116350465188,0.010080360884471673
4819.0,0.5222668208137853,0.010080360884471673
4820.0,0.5120209708909202,0.010080360884471673
4821.0,0.5130961918436641,0.010080360884471673
4822.0,0.5268464030896906,0.010080360884471673
4823.0,0.5392556127667123,0.010080360884471673
4824.0,0.5340727001655833,0.010080360884471673
4825.0,0.5288897875644544,0.010080360884471673
4826.0,0.529714137245212,0.010080360884471673
4827.0,0.5334990552548518,0.010080360884471673
4828.0,0.5366026618081483,0.010080360884471673
4829.0,0.5378539528395113,0.010080360884471673
4830.0,0.5391052438708743,0.010080360884471673
4831.0,0.530622585441657,0.010080360884471673
4832.0,0.5206589665136002,0.010080360884471673
4833.0,0.5167332987394673,0.010080360884471673
4834.0,0.5196992770124905,0.010080360884471673
4835.0,0.5230576409126948,0.010080360884471673
4836.0,0.531966477866453,0.010080360884471673
4837.0,0.5408753148202115,0.010080360884471673
4838.0,0.5425283175285728,0.010080360884471673
4839.0,0.5405272087667766,0.010080360884471673
4840.0,0.5386857955082724,0.010080360884471673
4841.0,0.5372893519930312,0.010080360884471673
4842.0,0.5358929084777899,0.010080360884471673
4843.0,0.5355602517623902,0.010080360884471673
4844.0,0.5353962622169239,0.010080360884471673
4845.0,0.5329459298787992,0.010080360884471673
4846.0,0.5278351259274013,0.010080360884471673
4847.0,0.5231575674393962,0.010080360884471673
4848.0,0.5251231060567727,0.010080360884471673
4849.0,0.5270886446741494,0.010080360884471673
4850.0,0.5322726536674367,0.010080360884471673
4851.0,0.5391127119632364,0.010080360884471673
4852.0,0.5424806691987505,0.010080360884471673
4853.0,0.5359306340537121,0.010080360884471673
4854.0,0.5293805989086736,0.010080360884471673
4855.0,0.5330550423194499,0.010080360884471673
4856.0,0.5384168821911834,0.010080360884471673
4857.0,0.535738979550111,0.010080360884471673
4858.0,0.523523114662898,0.010080360884471673
4859.0,0.5122365474979456,0.010080360884471673
4860.0,0.5164910018158606,0.010080360884471673
4861.0,0.5207454561337757,0.010080360884471673
4862.0,0.5308597109958612,0.010080360884471673
4863.0,0.5440541174260409,0.010080360884471673
4864.0,0.5515240145320709,0.010080360884471673
4865.0,0.5422254197027467,0.010080360884471673
4866.0,0.5329268248734226,0.010080360884471673
4867.0,0.5422354446122012,0.010080360884471673
4868.0,0.5547368634751694,0.010080360884471673
4869.0,0.5610001455910784,0.010080360884471673
4870.0,0.5597180951959575,0.010080360884471673
4871.0,0.5584340539879534,0.010080360884471673
4872.0,0.5571134373804675,0.010080360884471673
4873.0,0.5557928207729814,0.010080360884471673
4874.0,0.5537992674570574,0.010080360884471673
4875.0,0.5514444141740572,0.010080360884471673
4876.0,0.5481599756696038,0.010080360884471673
4877.0,0.5420823123410802,0.010080360884471673
4878.0,0.5360046490125564,0.010080360884471673
4879.0,0.5409601795528675,0.010080360884471673
4880.0,0.5478820218717826,0.010080360884471673
4881.0,0.5505936769584949,0.010080360884471673
4882.0,0.5481131440376554,0.010080360884471673
4883.0,0.5459324027218788,0.010080360884471673
4884.0,0.5498551110066182,0.010080360884471673
4885.0,0.5537778192913576,0.010080360884471673
4886.0,0.5506111298617495,0.010080360884471673
4887.0,0.5435571312765118,0.010080360884471673
4888.0,0.5404964520230658,0.010080360884471673
4889.0,0.5497485073759806,0.010080360884471673
4890.0,0.5590005627288954,0.010080360884471673
4891.0,0.5600686688146433,0.010080360884471673
4892.0,0.5596233845664959,0.010080360884471673
4893.0,0.5581223443322235,0.010080360884471673
4894.0,0.5552937410151272,0.010080360884471673
4895.0,0.5526268599749913,0.010080360884471673
4896.0,0.5536472468495197,0.010080360884471673
4897.0,0.5546676337240483,0.010080360884471673
4898.0,0.5570443811624038,0.010080360884471673
4899.0,0.5601805889164607,0.010080360884471673
4900.0,0.5625535719992134,0.010080360884471673
4901.0,0.5625109489972931,0.010080360884471673
4902.0,0.5624683259953728,0.010080360884471673
4903.0,0.5673529148693193,0.010080360884471673
4904.0,0.5731820622430752,0.010080360884471673
4905.0,0.5728325022346342,0.010080360884471673
4906.0,0.5645606544046458,0.010080360884471673
4907.0,0.5567117224708958,0.010080360884471673
4908.0,0.5598040340463392,0.010080360884471673
4909.0,0.5628963456217824,0.010080360884471673
4910.0,0.5617970432829277,0.010080360884471673
4911.0,0.5583014031779769,0.010080360884471673
4912.0,0.5560186410956481,0.010080360884471673
4913.0,0.5576777325868449,0.010080360884471673
4914.0,0.5593368240780417,0.010080360884471673
4915.0,0.5629635313392899,0.010080360884471673
4916.0,0.5669809306527204,0.010080360884471673
4917.0,0.5680373741999106,0.010080360884471673
4918.0,0.5652224295984395,0.010080360884471673
4919.0,0.5625465723304232,0.010080360884471673
4920.0,0.5640227295351413,0.010080360884471673
4921.0,0.5654988867398596,0.010080360884471673
4922.0,0.5686414343289529,0.010080360884471673
4923.0,0.5727565709826922,0.010080360884471673
4924.0,0.5752724758140164,0.010080360884471673
4925.0,0.5724492785715541,0.010080360884471673
4926.0,0.569626081329092,0.010080360884471673
4927.0,0.569490092615131,0.010080360884471673
4928.0,0.56990632330934,0.010080360884471673
4929.0,0.5696592313788339,0.010080360884471673
4930.0,0.5685277092820413,0.010080360884471673
4931.0,0.5675533991721562,0.010080360884471673
4932.0,0.5721156851229905,0.010080360884471673
4933.0,0.576677971073825,0.010080360884471673
4934.0,0.5820564549700532,0.010080360884471673
4935.0,0.5879212177188053,0.010080360884471673
4936.0,0.5906869752994025,0.010080360884471673
4937.0,0.5828205077020545,0.010080360884471673
4938.0,0.5749540401047067,0.010080360884471673
4939.0,0.575212097367703,0.010080360884471673
4940.0,0.5771967639896654,0.010080360884471673
4941.0,0.580190547712709,0.010080360884471673
4942.0,0.5845565019981316,0.010080360884471673
4943.0,0.5888015515254299,0.010080360884471673
4944.0,0.5878667866783545,0.010080360884471673
4945.0,0.5869320218312789,0.010080360884471673
4946.0,0.5901477606605023,0.010080360884471673
4947.0,0.5958874544280106,0.010080360884471673
4948.0,0.5996005046451879,0.010080360884471673
4949.0,0.5961652306006,0.010080360884471673
4950.0,0.5927299565560122,0.010080360884471673
4951.0,0.5875736670233976,0.010080360884471673
4952.0,0.5820394092284042,0.010080360884471673
4953.0,0.5804656200916258,0.010080360884471673
4954.0,0.5843842860567853,0.010080360884471673
4955.0,0.5882572257931484,0.010080360884471673
4956.0,0.5896365618525453,0.010080360884471673
4957.0,0.5910158979119422,0.010080360884471673
4958.0,0.591672229106067,0.010080360884471673
4959.0,0.5918798471639625,0.010080360884471673
4960.0,0.5928153253340087,0.010080360884471673
4961.0,0.5963913182442397,0.010080360884471673
4962.0,0.5999673111544709,0.010080360884471673
4963.0,0.6022151992687956,0.010080360884471673
4964.0,0.604161867738688,0.010080360884471673
4965.0,0.606428093368231,0.010080360884471673
4966.0,0.6091463302844679,0.010080360884471673
4967.0,0.6117511467853068,0.010080360884471673
4968.0,0.6058803649717974,0.010080360884471673
4969.0,0.600009583158288,0.010080360884471673
4970.0,0.5953792252990262,0.010080360884471673
4971.0,0.5915344692774537,0.010080360884471673
4972.0,0.5888029709369246,0.010080360884471673
4973.0,0.5902272129171126,0.010080360884471673
4974.0,0.5916514548973004,0.010080360884471673
4975.0,0.5988608873254158,0.010080360884471673
4976.0,0.6074244828509695,0.010080360884471673
4977.0,0.6079454172312254,0.010080360884471673
4978.0,0.5968622774663508,0.010080360884471673
4979.0,0.5859087275353134,0.010080360884471673
4980.0,0.5902467779965869,0.010080360884471673
4981.0,0.5945848284578603,0.010080360884471673
4982.0,0.6028150054144202,0.010080360884471673
4983.0,0.6135604498886873,0.010080360884471673
4984.0,0.6211575241556224,0.010080360884471673
4985.0,0.6166553384978849,0.010080360884471673
4986.0,0.6121531528401475,0.010080360884471673
4987.0,0.6070920940163478,0.010080360884471673
4988.0,0.6018961060526049,0.010080360884471673
4989.0,0.5986502902786685,0.010080360884471673
4990.0,0.5982747576090143,0.010080360884471673
4991.0,0.5979183203704632,0.010080360884471673
4992.0,0.6028449524042161,0.010080360884471673
4993.0,0.6077715844379691,0.010080360884471673
4994.0,0.6117867799421294,0.010080360884471673
4995.0,0.6152010083321561,0.010080360884471673
4996.0,0.6169449693317224,0.010080360884471673
4997.0,0.6120774552440732,0.010080360884471673
4998.0,0.607209941156424,0.010080360884471673
4999.0,0.6103375763256783,0.010080360884471673
5000.0,0.6154550087612667,0.010080360884471673
5001.0,0.6180180453231142,0.010080360884471673
5002.0,0.616745652645105,0.010080360884471673
5003.0,0.6154732599670958,0.010080360884471673
5004.0,0.6119958090987864,0.010080360884471673
5005.0,0.6085157079201523,0.010080360884471673
5006.0,0.6090094921295199,0.010080360884471673
5007.0,0.6121764723328189,0.010080360884471673
5008.0,0.6144920143877329,0.010080360884471673
5009.0,0.6133343118007613,0.010080360884471673
5010.0,0.6121766092137895,0.010080360884471673
5011.0,0.6111728282545046,0.010080360884471673
5012.0,0.6102085143792422,0.010080360884471673
5013.0,0.6120966567396309,0.010080360884471673
5014.0,0.6183545192908034,0.010080360884471673
5015.0,0.624612381841976,0.010080360884471673
5016.0,0.6190602928510843,0.010080360884471673
5017.0,0.6134368877276978,0.010080360884471673
5018.0,0.6142262462026246,0.010080360884471673
5019.0,0.6194162663371227,0.010080360884471673
5020.0,0.6230349405915135,0.010080360884471673
5021.0,0.6200441412377213,0.010080360884471673
5022.0,0.6170533418839292,0.010080360884471673
5023.0,0.6162120947261913,0.010080360884471673
5024.0,0.6159384076323584,0.010080360884471673
5025.0,0.6178752879986652,0.010080360884471673
5026.0,0.6232674553488149,0.010080360884471673
5027.0,0.6286596226989646,0.010080360884471673
5028.0,0.6237270584487808,0.010080360884471673
5029.0,0.6186817240718938,0.010080360884471673
5030.0,0.6207263834770786,0.010080360884471673
5031.0,0.6277340385297061,0.010080360884471673
5032.0,0.6322262510857886,0.010080360884471673
5033.0,0.6258020881921147,0.010080360884471673
5034.0,0.6193779252984409,0.010080360884471673
5035.0,0.617305674518592,0.010080360884471673
5036.0,0.6164160807712,0.010080360884471673
5037.0,0.6203359526928613,0.010080360884471673
5038.0,0.6319269972704623,0.010080360884471673
5039.0,0.6435180418480634,0.010080360884471673
5040.0,0.6363123385898806,0.010080360884471673
5041.0,0.628808638109917,0.010080360884471673
5042.0,0.6276937279740299,0.010080360884471673
5043.0,0.63114036156118,0.010080360884471673
5044.0,0.6342549842547717,0.010080360884471673
5045.0,0.6358821107739376,0.010080360884471673
5046.0,0.6375092372931036,0.010080360884471673
5047.0,0.6371361623086864,0.010080360884471673
5048.0,0.6362038912049873,0.010080360884471673
5049.0,0.6376150921699306,0.010080360884471673
5050.0,0.6428409038207357,0.010080360884471673
5051.0,0.6480667154715408,0.010080360884471673
5052.0,0.6464516908107981,0.010080360884471673
5053.0,0.6446941487268966,0.010080360884471673
5054.0,0.6469665984597364,0.010080360884471673
5055.0,0.6521737517769642,0.010080360884471673
5056.0,0.6566656446981693,0.010080360884471673
5057.0,0.6578470418675282,0.010080360884471673
5058.0,0.6590284390368869,0.010080360884471673
5059.0,0.6507023852158786,0.010080360884471673
5060.0,0.6396431229185081,0.010080360884471673
5061.0,0.6340798581398669,0.010080360884471673
5062.0,0.6376473240632791,0.010080360884471673
5063.0,0.6412147899866913,0.010080360884471673
5064.0,0.6439534691542504,0.010080360884471673
5065.0,0.6466707141815722,0.010080360884471673
5066.0,0.6506118050085432,0.010080360884471673
5067.0,0.6554618189712348,0.010080360884471673
5068.0,0.6585600094046028,0.010080360884471673
5069.0,0.6532762108678126,0.010080360884471673
5070.0,0.6479924123310224,0.010080360884471673
5071.0,0.6481771925830927,0.010080360884471673
5072.0,0.6499778825861514,0.010080360884471673
5073.0,0.6496968204626365,0.010080360884471673
5074.0,0.6458855379044157,0.010080360884471673
5075.0,0.6420742553461949,0.010080360884471673
5076.0,0.6434559971064093,0.010080360884471673
5077.0,0.6449984141239983,0.010080360884471673
5078.0,0.6509244214590378,0.010080360884471673
5079.0,0.6601704898150994,0.010080360884471673
5080.0,0.6663728504310814,0.010080360884471673
5081.0,0.6575088577336252,0.010080360884471673
5082.0,0.6486448650361691,0.010080360884471673
5083.0,0.6498711884345524,0.010080360884471673
5084.0,0.6541609254833154,0.010080360884471673
5085.0,0.6572637130904967,0.010080360884471673
5086.0,0.6583117160906159,0.010080360884471673
5087.0,0.6593597190907352,0.010080360884471673
5088.0,0.6512607993973374,0.010080360884471673
5089.0,0.6428319533878798,0.010080360884471673
5090.0,0.6445133650007185,0.010080360884471673
5091.0,0.6540033372877851,0.010080360884471673
5092.0,0.6624844948240904,0.010080360884471673
5093.0,0.6657954767627428,0.010080360884471673
5094.0,0.6691064587013948,0.010080360884471673
5095.0,0.6680264690997517,0.010080360884471673
5096.0,0.6655773261674367,0.010080360884471673
5097.0,0.66094078778608,0.010080360884471673
5098.0,0.6524381551226947,0.010080360884471673
5099.0,0.6439355224593093,0.010080360884471673
5100.0,0.6539077166616221,0.010080360884471673
5101.0,0.6646419974721374,0.010080360884471673
5102.0,0.6726639176021313,0.010080360884471673
5103.0,0.6785497081833018,0.010080360884471673
5104.0,0.6822335086482648,0.010080360884471673
5105.0,0.6742234070567312,0.010080360884471673
5106.0,0.6662133054651977,0.010080360884471673
5107.0,0.6645473397624561,0.010080360884471673
5108.0,0.6649123018719757,0.010080360884471673
5109.0,0.6646458070433525,0.010080360884471673
5110.0,0.6632397131613827,0.010080360884471673
5111.0,0.6618336192794129,0.010080360884471673
5112.0,0.6654822297222682,0.010080360884471673
5113.0,0.6693657950143939,0.010080360884471673
5114.0,0.6726144303422298,0.010080360884471673
5115.0,0.67535319766844,0.010080360884471673
5116.0,0.678218814181138,0.010080360884471673
5117.0,0.6817830922287907,0.010080360884471673
5118.0,0.6853473702764433,0.010080360884471673
5119.0,0.6831466816652936,0.010080360884471673
5120.0,0.6790519210737422,0.010080360884471673
5121.0,0.675582071612135,0.010080360884471673
5122.0,0.6732639354958184,0.010080360884471673
5123.0,0.6709457993795018,0.010080360884471673
5124.0,0.6770010849034939,0.010080360884471673
5125.0,0.6834898430123988,0.010080360884471673
5126.0,0.6825406031685244,0.010080360884471673
5127.0,0.6755012994987004,0.010080360884471673
5128.0,0.6698862694924671,0.010080360884471673
5129.0,0.6724148687401403,0.010080360884471673
5130.0,0.6749434679878136,0.010080360884471673
5131.0,0.6752394069702319,0.010080360884471673
5132.0,0.6747827638407652,0.010080360884471673
5133.0,0.6739681445972321,0.010080360884471673
5134.0,0.6724796879625156,0.010080360884471673
5135.0,0.6709912313277989,0.010080360884471673
5136.0,0.6685581289300927,0.010080360884471673
5137.0,0.6660710810256173,0.010080360884471673
5138.0,0.668377969063228,0.010080360884471673
5139.0,0.6746868432727545,0.010080360884471673
5140.0,0.6799574254447538,0.010080360884471673
5141.0,0.679058822427094,0.010080360884471673
5142.0,0.6781602194094344,0.010080360884471673
5143.0,0.676489776612497,0.010080360884471673
5144.0,0.6745524942149693,0.010080360884471673
5145.0,0.6709151427089906,0.010080360884471673
5146.0,0.66400888639098,0.010080360884471673
5147.0,0.6571026300729692,0.010080360884471673
5148.0,0.6652231640890628,0.010080360884471673
5149.0,0.6742828725010368,0.010080360884471673
5150.0,0.6753420419366643,0.010080360884471673
5151.0,0.6695918637546342,0.010080360884471673
5152.0,0.6639402856376637,0.010080360884471673
5153.0,0.6588981579228284,0.010080360884471673
5154.0,0.653856030207993,0.010080360884471673
5155.0,0.6570193331941289,0.010080360884471673
5156.0,0.6630912278758868,0.010080360884471673
5157.0,0.6675145533301711,0.010080360884471673
5158.0,0.6686994082735462,0.010080360884471673
5159.0,0.6698842632169216,0.010080360884471673
5160.0,0.6689095267024701,0.010080360884471673
5161.0,0.6677880487171672,0.010080360884471673
5162.0,0.665034491654639,0.010080360884471673
5163.0,0.6608647583524551,0.010080360884471673
5164.0,0.6564973400481519,0.010080360884471673
5165.0,0.6508573245427091,0.010080360884471673
5166.0,0.6452173090372663,0.010080360884471673
5167.0,0.6434387077576519,0.010080360884471673
5168.0,0.6430631080461787,0.010080360884471673
5169.0,0.642551430940884,0.010080360884471673
5170.0,0.641766616539688,0.010080360884471673
5171.0,0.6409818021384921,0.010080360884471673
5172.0,0.6380509341218876,0.010080360884471673
5173.0,0.6349624307237386,0.010080360884471673
5174.0,0.6341513967377086,0.010080360884471673
5175.0,0.6353550472316275,0.010080360884471673
5176.0,0.63629731874884,0.010080360884471673
5177.0,0.635484962876124,0.010080360884471673
5178.0,0.6346726070034079,0.010080360884471673
5179.0,0.6417631949068988,0.010080360884471673
5180.0,0.6517962297517739,0.010080360884471673
5181.0,0.6558690594898444,0.010080360884471673
5182.0,0.6477158274703582,0.010080360884471673
5183.0,0.6395625954508718,0.010080360884471673
5184.0,0.6459310508535686,0.010080360884471673
5185.0,0.6534469452883246,0.010080360884471673
5186.0,0.6570747424605456,0.010080360884471673
5187.0,0.6571961505489713,0.010080360884471673
5188.0,0.6576028602762385,0.010080360884471673
5189.0,0.6600094247603812,0.010080360884471673
5190.0,0.6624159892445239,0.010080360884471673
5191.0,0.6706434305723222,0.010080360884471673
5192.0,0.6810911068487813,0.010080360884471673
5193.0,0.6876464022388619,0.010080360884471673
5194.0,0.6860407206032352,0.010080360884471673
5195.0,0.6844350389676085,0.010080360884471673
5196.0,0.6826168452418944,0.010080360884471673
5197.0,0.6807806654668892,0.010080360884471673
5198.0,0.6780878682928445,0.010080360884471673
5199.0,0.6746075357680701,0.010080360884471673
5200.0,0.6737835517886359,0.010080360884471673
5201.0,0.6924306026465991,0.010080360884471673
5202.0,0.7110776535045621,0.010080360884471673
5203.0,0.7142380021922478,0.010080360884471673
5204.0,0.7113484538718495,0.010080360884471673
5205.0,0.7106481359056277,0.010080360884471673
5206.0,0.7146402060192887,0.010080360884471673
5207.0,0.7186322761329496,0.010080360884471673
5208.0,0.7114266835082,0.010080360884471673
5209.0,0.7032097836466061,0.010080360884471673
5210.0,0.6992682511647662,0.010080360884471673
5211.0,0.6993336327620969,0.010080360884471673
5212.0,0.6993796856907495,0.010080360884471673
5213.0,0.6992773508192376,0.010080360884471673
5214.0,0.6991750159477256,0.010080360884471673
5215.0,0.7033775215188651,0.010080360884471673
5216.0,0.7093019632670607,0.010080360884471673
5217.0,0.7134399809841385,0.010080360884471673
5218.0,0.7136629238130975,0.010080360884471673
5219.0,0.7138858666420562,0.010080360884471673
5220.0,0.7217463881868684,0.010080360884471673
5221.0,0.7303405192662337,0.010080360884471673
5222.0,0.7299076796464693,0.010080360884471673
5223.0,0.7208504806967861,0.010080360884471673
5224.0,0.7134129320663165,0.010080360884471673
5225.0,0.7190206104633659,0.010080360884471673
5226.0,0.7246282888604153,0.010080360884471673
5227.0,0.7274201170563185,0.010080360884471673
5228.0,0.7290589236808555,0.010080360884471673
5229.0,0.7294215086298846,0.010080360884471673
5230.0,0.7269237679559916,0.010080360884471673
5231.0,0.7244260272820984,0.010080360884471673
5232.0,0.7316363919978012,0.010080360884471673
5233.0,0.7398355452254077,0.010080360884471673
5234.0,0.7387073943302552,0.010080360884471673
5235.0,0.7284950680928092,0.010080360884471673
5236.0,0.7199720550492028,0.010080360884471673
5237.0,0.7257506139307275,0.010080360884471673
5238.0,0.7315291728122524,0.010080360884471673
5239.0,0.734530937827528,0.010080360884471673
5240.0,0.7363690038801185,0.010080360884471673
5241.0,0.7366269267154383,0.010080360884471673
5242.0,0.7332623868392264,0.010080360884471673
5243.0,0.7298978469630144,0.010080360884471673
5244.0,0.7281714831709029,0.010080360884471673
5245.0,0.7266215718559343,0.010080360884471673
5246.0,0.7298471018098874,0.010080360884471673
5247.0,0.7378137995308346,0.010080360884471673
5248.0,0.7443281568393626,0.010080360884471673
5249.0,0.7378924788038629,0.010080360884471673
5250.0,0.7314568007683632,0.010080360884471673
5251.0,0.7326339001961226,0.010080360884471673
5252.0,0.7370754839563286,0.010080360884471673
5253.0,0.7399742836851176,0.010080360884471673
5254.0,0.7392546662478564,0.010080360884471673
5255.0,0.7385350488105953,0.010080360884471673
5256.0,0.7419135734588143,0.010080360884471673
5257.0,0.7457577960712933,0.010080360884471673
5258.0,0.7462153715391731,0.010080360884471673
5259.0,0.7432453983268936,0.010080360884471673
5260.0,0.7413611554521362,0.010080360884471673
5261.0,0.7496963493793329,0.010080360884471673
5262.0,0.7580315433065297,0.010080360884471673
5263.0,0.7529152569361448,0.010080360884471673
5264.0,0.7418979757547367,0.010080360884471673
5265.0,0.735117787268921,0.010080360884471673
5266.0,0.7385066212524958,0.010080360884471673
5267.0,0.7418954552360706,0.010080360884471673
5268.0,0.732965004998164,0.010080360884471673
5269.0,0.722560876943443,0.010080360884471673
5270.0,0.7259353628647689,0.010080360884471673
5271.0,0.7435253456443262,0.010080360884471673
5272.0,0.7594991105107446,0.010080360884471673
5273.0,0.7593744943213205,0.010080360884471673
5274.0,0.7592498781318965,0.010080360884471673
5275.0,0.7549264531763497,0.010080360884471673
5276.0,0.748719040983139,0.010080360884471673
5277.0,0.7432759129698187,0.010080360884471673
5278.0,0.7397101967178871,0.010080360884471673
5279.0,0.7361444804659557,0.010080360884471673
5280.0,0.742663028473368,0.010080360884471673
5281.0,0.7504489232052699,0.010080360884471673
5282.0,0.7536844954669248,0.010080360884471673
5283.0,0.7521343837512523,0.010080360884471673
5284.0,0.7503154712523591,0.010080360884471673
5285.0,0.7456554838086095,0.010080360884471673
5286.0,0.74099549636486,0.010080360884471673
5287.0,0.7455481715696434,0.010080360884471673
5288.0,0.7543280229809328,0.010080360884471673
5289.0,0.7604944479065683,0.010080360884471673
5290.0,0.7600887117121482,0.010080360884471673
5291.0,0.7596829755177281,0.010080360884471673
5292.0,0.7599834930259695,0.010080360884471673
5293.0,0.7603770901662192,0.010080360884471673
5294.0,0.7596076436669998,0.010080360884471673
5295.0,0.7575912523702426,0.010080360884471673
5296.0,0.7554720427742257,0.010080360884471673
5297.0,0.7521961273115397,0.010080360884471673
5298.0,0.7489202118488536,0.010080360884471673
5299.0,0.7482253477376852,0.010080360884471673
5300.0,0.7487413472235228,0.010080360884471673
5301.0,0.751225467651085,0.010080360884471673
5302.0,0.7587777106753641,0.010080360884471673
5303.0,0.7663299536996434,0.010080360884471673
5304.0,0.76962362109566,0.010080360884471673
5305.0,0.7723296981385989,0.010080360884471673
5306.0,0.7694504680226212,0.010080360884471673
5307.0,0.7604666936500368,0.010080360884471673
5308.0,0.7528019091468597,0.010080360884471673
5309.0,0.7609856122931985,0.010080360884471673
5310.0,0.7691693154395374,0.010080360884471673
5311.0,0.7721342488138577,0.010080360884471673
5312.0,0.7725963973952018,0.010080360884471673
5313.0,0.7743364245123481,0.010080360884471673
5314.0,0.7794469260208627,0.010080360884471673
5315.0,0.7845574275293773,0.010080360884471673
5316.0,0.7831902192040413,0.010080360884471673
5317.0,0.7808887258065141,0.010080360884471673
5318.0,0.7781903428358704,0.010080360884471673
5319.0,0.7750497402647244,0.010080360884471673
5320.0,0.7724197622431304,0.010080360884471673
5321.0,0.7763683305016155,0.010080360884471673
5322.0,0.7803168987601005,0.010080360884471673
5323.0,0.7803354269178068,0.010080360884471673
5324.0,0.7784276026826469,0.010080360884471673
5325.0,0.7773012285309041,0.010080360884471673
5326.0,0.778286506160131,0.010080360884471673
5327.0,0.7792717837893577,0.010080360884471673
5328.0,0.7824662572629949,0.010080360884471673
5329.0,0.7859933306634833,0.010080360884471673
5330.0,0.7892631579678232,0.010080360884471673
5331.0,0.792240780091153,0.010080360884471673
5332.0,0.7948165557199132,0.010080360884471673
5333.0,0.791816711236538,0.010080360884471673
5334.0,0.788816866753163,0.010080360884471673
5335.0,0.7850488371167574,0.010080360884471673
5336.0,0.7808960228451411,0.010080360884471673
5337.0,0.7777927772241477,0.010080360884471673
5338.0,0.7775960294048767,0.010080360884471673
5339.0,0.7773992815856058,0.010080360884471673
5340.0,0.7745373611908184,0.010080360884471673
5341.0,0.771257156766817,0.010080360884471673
5342.0,0.774596032587335,0.010080360884471673
5343.0,0.7856000091055174,0.010080360884471673
5344.0,0.79554831494349,0.010080360884471673
5345.0,0.7896412592192312,0.010080360884471673
5346.0,0.7837342034949725,0.010080360884471673
5347.0,0.7815314540728986,0.010080360884471673
5348.0,0.7812245565150996,0.010080360884471673
5349.0,0.7811577677229004,0.010080360884471673
5350.0,0.7817725780072434,0.010080360884471673
5351.0,0.7823873882915866,0.010080360884471673
5352.0,0.7891615988090572,0.010080360884471673
5353.0,0.7969423034987003,0.010080360884471673
5354.0,0.7964714058027637,0.010080360884471673
5355.0,0.7862584330390548,0.010080360884471673
5356.0,0.7767138621775654,0.010080360884471673
5357.0,0.7781004474252796,0.010080360884471673
5358.0,0.7794870326729939,0.010080360884471673
5359.0,0.7815379246146326,0.010080360884471673
5360.0,0.7839361505863676,0.010080360884471673
5361.0,0.7844252619215651,0.010080360884471673
5362.0,0.7793573259579212,0.010080360884471673
5363.0,0.7742893899942772,0.010080360884471673
5364.0,0.7802576823328574,0.010080360884471673
5365.0,0.788101513469983,0.010080360884471673
5366.0,0.7931253260345994,0.010080360884471673
5367.0,0.794754671798973,0.010080360884471673
5368.0,0.7959172661168219,0.010080360884471673
5369.0,0.7887101583595588,0.010080360884471673
5370.0,0.7815030506022955,0.010080360884471673
5371.0,0.7836954001657055,0.010080360884471673
5372.0,0.7909077177272663,0.010080360884471673
5373.0,0.795162425009823,0.010080360884471673
5374.0,0.7905867551914474,0.010080360884471673
5375.0,0.7860110853730718,0.010080360884471673
5376.0,0.791989679386851,0.010080360884471673
5377.0,0.7998316674387944,0.010080360884471673
5378.0,0.8043634571835679,0.010080360884471673
5379.0,0.8048327308240938,0.010080360884471673
5380.0,0.8053822661775693,0.010080360884471673
5381.0,0.807522989990274,0.010080360884471673
5382.0,0.8096637138029787,0.010080360884471673
5383.0,0.8089963860136743,0.010080360884471673
5384.0,0.8067973937141852,0.010080360884471673
5385.0,0.806045717428488,0.010080360884471673
5386.0,0.8097277701996783,0.010080360884471673
5387.0,0.8134098229708688,0.010080360884471673
5388.0,0.8081011246503922,0.010080360884471673
5389.0,0.8011449733599973,0.010080360884471673
5390.0,0.7999886626318196,0.010080360884471673
5391.0,0.8060899902288001,0.010080360884471673
5392.0,0.8117669793791801,0.010080360884471673
5393.0,0.8080495868090486,0.010080360884471673
5394.0,0.8043321942389171,0.010080360884471673
5395.0,0.801574191566045,0.010080360884471673
5396.0,0.7993505780322077,0.010080360884471673
5397.0,0.7986478819837564,0.010080360884471673
5398.0,0.8027273742475576,0.010080360884471673
5399.0,0.8068068665113589,0.010080360884471673
5400.0,0.8051367894801137,0.010080360884471673
5401.0,0.8023742942828075,0.010080360884471673
5402.0,0.8008004315741043,0.010080360884471673
5403.0,0.8007432119587812,0.010080360884471673
5404.0,0.8009789876117952,0.010080360884471673
5405.0,0.8085488010752419,0.010080360884471673
5406.0,0.8161186145386886,0.010080360884471673
5407.0,0.8171045341057767,0.010080360884471673
5408.0,0.8143459415133564,0.010080360884471673
5409.0,0.8119577976986551,0.010080360884471673
5410.0,0.810765620496288,0.010080360884471673
5411.0,0.809573443293921,0.010080360884471673
5412.0,0.8076315278244096,0.010080360884471673
5413.0,0.8055420345638082,0.010080360884471673
5414.0,0.8080853656213353,0.010080360884471673
5415.0,0.8166564874353082,0.010080360884471673
5416.0,0.8248043391795694,0.010080360884471673
5417.0,0.820783176419664,0.010080360884471673
5418.0,0.8167620136597586,0.010080360884471673
5419.0,0.8148733392193906,0.010080360884471673
5420.0,0.8142228838032723,0.010080360884471673
5421.0,0.8142366769518077,0.010080360884471673
5422.0,0.816453159641163,0.010080360884471673
5423.0,0.8186696423305185,0.010080360884471673
5424.0,0.820683779315548,0.010080360884471673
5425.0,0.8226566869012859,0.010080360884471673
5426.0,0.8251194661932317,0.010080360884471673
5427.0,0.828232214927772,0.010080360884471673
5428.0,0.8313234348807531,0.010080360884471673
5429.0,0.8336889554886663,0.010080360884471673
5430.0,0.8360544760965796,0.010080360884471673
5431.0,0.8321877189878738,0.010080360884471673
5432.0,0.8246268775729505,0.010080360884471673
5433.0,0.8190147166204224,0.010080360884471673
5434.0,0.820042503910113,0.010080360884471673
5435.0,0.8210702911998037,0.010080360884471673
5436.0,0.8192823082977482,0.010080360884471673
5437.0,0.816900885457025,0.010080360884471673
5438.0,0.8164706544011135,0.010080360884471673
5439.0,0.8186805952800132,0.010080360884471673
5440.0,0.8210294985946459,0.010080360884471673
5441.0,0.8290272249218341,0.010080360884471673
5442.0,0.8370249512490224,0.010080360884471673
5443.0,0.8374009438213066,0.010080360884471673
5444.0,0.8331657140447737,0.010080360884471673
5445.0,0.830178595307444,0.010080360884471673
5446.0,0.8315632384804071,0.010080360884471673
5447.0,0.8329478816533702,0.010080360884471673
5448.0,0.8305761544839293,0.010080360884471673
5449.0,0.827386153658031,0.010080360884471673
5450.0,0.8271153513745686,0.010080360884471673
5451.0,0.8308730430796695,0.010080360884471673
5452.0,0.8345896285338664,0.010080360884471673
5453.0,0.8362072260513128,0.010080360884471673
5454.0,0.8378248235687592,0.010080360884471673
5455.0,0.8387549921393775,0.010080360884471673
5456.0,0.8392606900204977,0.010080360884471673
5457.0,0.8393472801481784,0.010080360884471673
5458.0,0.8379241561584982,0.010080360884471673
5459.0,0.836501032168818,0.010080360884471673
5460.0,0.8327693012176618,0.010080360884471673
5461.0,0.828518133700173,0.010080360884471673
5462.0,0.8296882448428339,0.010080360884471673
5463.0,0.8384888840418243,0.010080360884471673
5464.0,0.8471270884898033,0.010080360884471673
5465.0,0.8446520487232881,0.010080360884471673
5466.0,0.8421770089567729,0.010080360884471673
5467.0,0.8411456942969386,0.010080360884471673
5468.0,0.8410241242248752,0.010080360884471673
5469.0,0.8414736351803886,0.010080360884471673
5470.0,0.8440396950290717,0.010080360884471673
5471.0,0.8466057548777549,0.010080360884471673
5472.0,0.8424195727731552,0.010080360884471673
5473.0,0.836665192463431,0.010080360884471673
5474.0,0.8347876001146843,0.010080360884471673
5475.0,0.8384758056865081,0.010080360884471673
5476.0,0.8420684664380428,0.010080360884471673
5477.0,0.8358080675974272,0.010080360884471673
5478.0,0.8295476687568116,0.010080360884471673
5479.0,0.8319326915301652,0.010080360884471673
5480.0,0.839876703349195,0.010080360884471673
5481.0,0.8476906903297441,0.010080360884471673
5482.0,0.8550086287935477,0.010080360884471673
5483.0,0.8623265672573511,0.010080360884471673
5484.0,0.8590985489381151,0.010080360884471673
5485.0,0.8533438951396182,0.010080360884471673
5486.0,0.8474675446668465,0.010080360884471673
5487.0,0.8414129697746485,0.010080360884471673
5488.0,0.835383401799006,0.010080360884471673
5489.0,0.8345365172798556,0.010080360884471673
5490.0,0.833689632760705,0.010080360884471673
5491.0,0.8374299237606437,0.010080360884471673
5492.0,0.8441796937293681,0.010080360884471673
5493.0,0.8493009426341558,0.010080360884471673
5494.0,0.8480237419149763,0.010080360884471673
5495.0,0.8467465411957968,0.010080360884471673
5496.0,0.8486733824700231,0.010080360884471673
5497.0,0.8513916413025007,0.010080360884471673
5498.0,0.8534441208866791,0.010080360884471673
5499.0,0.8545019183004926,0.010080360884471673
5500.0,0.8555597157143061,0.010080360884471673
5501.0,0.8551248590164996,0.010080360884471673
5502.0,0.8546900023186932,0.010080360884471673
5503.0,0.8542677041707835,0.010080360884471673
5504.0,0.8538538119460515,0.010080360884471673
5505.0,0.8530979517989478,0.010080360884471673
5506.0,0.8509576396994537,0.010080360884471673
5507.0,0.8488173275999598,0.010080360884471673
5508.0,0.8518101991050838,0.010080360884471673
5509.0,0.8561095586059585,0.010080360884471673
5510.0,0.8562315489194758,0.010080360884471673
5511.0,0.8499862158958983,0.010080360884471673
5512.0,0.8437408828723206,0.010080360884471673
5513.0,0.8471849009828928,0.010080360884471673
5514.0,0.8506756710892833,0.010080360884471673
5515.0,0.8505047748934373,0.010080360884471673
5516.0,0.8478335893841439,0.010080360884471673
5517.0,0.8469524095151209,0.010080360884471673
5518.0,0.8535425575359051,0.010080360884471673
5519.0,0.8601327055566895,0.010080360884471673
5520.0,0.8568173558817402,0.010080360884471673
5521.0,0.8509055651441194,0.010080360884471673
5522.0,0.8468844334686735,0.010080360884471673
5523.0,0.8458036826046426,0.010080360884471673
5524.0,0.8447229317406116,0.010080360884471673
5525.0,0.849331688674928,0.010080360884471673
5526.0,0.8539956165939565,0.010080360884471673
5527.0,0.857493632455239,0.010080360884471673
5528.0,0.8601795466388257,0.010080360884471673
5529.0,0.863400894830121,0.010080360884471673
5530.0,0.8689276786214883,0.010080360884471673
5531.0,0.8744544624128558,0.010080360884471673
5532.0,0.8666015141332785,0.010080360884471673
5533.0,0.8551384857065156,0.010080360884471673
5534.0,0.8511636973710344,0.010080360884471673
5535.0,0.8590724204847261,0.010080360884471673
5536.0,0.8669811435984178,0.010080360884471673
5537.0,0.8678974777171742,0.010080360884471673
5538.0,0.8687116088299158,0.010080360884471673
5539.0,0.8657491852200456,0.010080360884471673
5540.0,0.8601036241686453,0.010080360884471673
5541.0,0.8567881072561618,0.010080360884471673
5542.0,0.8638283420721852,0.010080360884471673
5543.0,0.8708685768882086,0.010080360884471673
5544.0,0.8700484557605019,0.010080360884471673
5545.0,0.8670462419551728,0.010080360884471673
5546.0,0.8650489631068607,0.010080360884471673
5547.0,0.8646791732612638,0.010080360884471673
5548.0,0.8643093834156668,0.010080360884471673
5549.0,0.8609160530982819,0.010080360884471673
5550.0,0.8574635102379969,0.010080360884471673
5551.0,0.8613026996391036,0.010080360884471673
5552.0,0.8704257529977377,0.010080360884471673
5553.0,0.8784637593979983,0.010080360884471673
5554.0,0.8815207448618522,0.010080360884471673
5555.0,0.8845777303257061,0.010080360884471673
5556.0,0.8780513520057244,0.010080360884471673
5557.0,0.8687889824820255,0.010080360884471673
5558.0,0.8647350449249548,0.010080360884471673
5559.0,0.8692899487394901,0.010080360884471673
5560.0,0.8738448525540253,0.010080360884471673
5561.0,0.8739003617363715,0.010080360884471673
5562.0,0.8738451847039039,0.010080360884471673
5563.0,0.8754791222083775,0.010080360884471673
5564.0,0.8783613823560159,0.010080360884471673
5565.0,0.8803065576139978,0.010080360884471673
5566.0,0.8778054266369211,0.010080360884471673
5567.0,0.8753042956598444,0.010080360884471673
5568.0,0.8781225665741011,0.010080360884471673
5569.0,0.8825019663042964,0.010080360884471673
5570.0,0.8828076470555837,0.010080360884471673
5571.0,0.8762405696585837,0.010080360884471673
5572.0,0.8696734922615839,0.010080360884471673
5573.0,0.8699786089778772,0.010080360884471673
5574.0,0.8704875979546357,0.010080360884471673
5575.0,0.8732108061398938,0.010080360884471673
5576.0,0.8776028363812421,0.010080360884471673
5577.0,0.8807006536162806,0.010080360884471673
5578.0,0.8774467304231653,0.010080360884471673
5579.0,0.8741928072300501,0.010080360884471673
5580.0,0.880754618967014,0.010080360884471673
5581.0,0.890276488268831,0.010080360884471673
5582.0,0.8919386823207509,0.010080360884471673
5583.0,0.8800647689978697,0.010080360884471673
5584.0,0.8681908556749884,0.010080360884471673
5585.0,0.8764601430138533,0.010080360884471673
5586.0,0.8854300634191963,0.010080360884471673
5587.0,0.8886450065862868,0.010080360884471673
5588.0,0.8874368037655972,0.010080360884471673
5589.0,0.8861692994799996,0.010080360884471673
5590.0,0.884600526438372,0.010080360884471673
5591.0,0.8830317533967446,0.010080360884471673
5592.0,0.8858565026792669,0.010080360884471673
5593.0,0.8900421385936383,0.010080360884471673
5594.0,0.8911069987509189,0.010080360884471673
5595.0,0.8866846670969084,0.010080360884471673
5596.0,0.8822623354428978,0.010080360884471673
5597.0,0.8870260783723829,0.010080360884471673
5598.0,0.8921568055548887,0.010080360884471673
5599.0,0.8933480140740251,0.010080360884471673
5600.0,0.8914517197434944,0.010080360884471673
5601.0,0.8890403890907141,0.010080360884471673
5602.0,0.8839183409524145,0.010080360884471673
5603.0,0.8787962928141148,0.010080360884471673
5604.0,0.8841387742986403,0.010080360884471673
5605.0,0.8928093735904125,0.010080360884471673
5606.0,0.8995803525207386,0.010080360884471673
5607.0,0.9029409391914248,0.010080360884471673
5608.0,0.906301525862111,0.010080360884471673
5609.0,0.9054574280250165,0.010080360884471673
5610.0,0.9044234071737676,0.010080360884471673
5611.0,0.9041012196528452,0.010080360884471673
5612.0,0.9043478838213841,0.010080360884471673
5613.0,0.9047078009843894,0.010080360884471673
5614.0,0.905685781000914,0.010080360884471673
5615.0,0.9066637610174385,0.010080360884471673
5616.0,0.9022598327792816,0.010080360884471673
5617.0,0.8960990714325118,0.010080360884471673
5618.0,0.8892701465328924,0.010080360884471673
5619.0,0.8812162551197132,0.010080360884471673
5620.0,0.8731623637065341,0.010080360884471673
5621.0,0.8861528284839516,0.010080360884471673
5622.0,0.9002047992482817,0.010080360884471673
5623.0,0.9081941377801811,0.010080360884471673
5624.0,0.9112435537523333,0.010080360884471673
5625.0,0.9128546109864786,0.010080360884471673
5626.0,0.9063188043285567,0.010080360884471673
5627.0,0.899782997670635,0.010080360884471673
5628.0,0.8999894555024425,0.010080360884471673
5629.0,0.9024541397418726,0.010080360884471673
5630.0,0.9012515966636008,0.010080360884471673
5631.0,0.8931824865732203,0.010080360884471673
5632.0,0.8851133764828397,0.010080360884471673
5633.0,0.891653375773836,0.010080360884471673
5634.0,0.8990080782495903,0.010080360884471673
5635.0,0.9033051126545565,0.010080360884471673
5636.0,0.9050619305084067,0.010080360884471673
5637.0,0.9062896143646798,0.010080360884471673
5638.0,0.9044037163509017,0.010080360884471673
5639.0,0.9025178183371236,0.010080360884471673
5640.0,0.9036176740792877,0.010080360884471673
5641.0,0.905743280708574,0.010080360884471673
5642.0,0.9044449084022811,0.010080360884471673
5643.0,0.8965978770828479,0.010080360884471673
5644.0,0.8887508457634146,0.010080360884471673
5645.0,0.8995946581375481,0.010080360884471673
5646.0,0.9115813501260663,0.010080360884471673
5647.0,0.9170799668145591,0.010080360884471673
5648.0,0.9170831405659902,0.010080360884471673
5649.0,0.9157695933316858,0.010080360884471673
5650.0,0.9063981638256974,0.010080360884471673
5651.0,0.8970267343197088,0.010080360884471673
5652.0,0.8933855914292459,0.010080360884471673
5653.0,0.8917630722328848,0.010080360884471673
5654.0,0.8945168911158096,0.010080360884471673
5655.0,0.9058216400756064,0.010080360884471673
5656.0,0.9171263890354031,0.010080360884471673
5657.0,0.9183751455812862,0.010080360884471673
5658.0,0.9189543610189485,0.010080360884471673
5659.0,0.9207970836255623,0.010080360884471673
5660.0,0.9237308884854548,0.010080360884471673
5661.0,0.925292322259836,0.010080360884471673
5662.0,0.9181094446929274,0.010080360884471673
5663.0,0.9109265671260189,0.010080360884471673
5664.0,0.9169886439933719,0.010080360884471673
5665.0,0.9278336210730789,0.010080360884471673
5666.0,0.9335822163247971,0.010080360884471673
5667.0,0.9291563802292843,0.010080360884471673
5668.0,0.9247305441337714,0.010080360884471673
5669.0,0.9186608649130074,0.010080360884471673
5670.0,0.9124727105120445,0.010080360884471673
5671.0,0.9151080698225501,0.010080360884471673
5672.0,0.9255113080212483,0.010080360884471673
5673.0,0.9332917697847342,0.010080360884471673
5674.0,0.9236512210979235,0.010080360884471673
5675.0,0.9140106724111128,0.010080360884471673
5676.0,0.9136739352549385,0.010080360884471673
5677.0,0.9167802204579599,0.010080360884471673
5678.0,0.9200407524197487,0.010080360884471673
5679.0,0.9236159702871982,0.010080360884471673
5680.0,0.9271911881546477,0.010080360884471673
5681.0,0.9235804240616039,0.010080360884471673
5682.0,0.9194118864658066,0.010080360884471673
5683.0,0.9172459414999375,0.010080360884471673
5684.0,0.9168773120151386,0.010080360884471673
5685.0,0.9151806253345156,0.010080360884471673
5686.0,0.9042760754295261,0.010080360884471673
5687.0,0.8933715255245366,0.010080360884471673
5688.0,0.9018489777947828,0.010080360884471673
5689.0,0.9176749043996916,0.010080360884471673
5690.0,0.9290980842864367,0.010080360884471673
5691.0,0.9313407219423488,0.010080360884471673
5692.0,0.933583359598261,0.010080360884471673
5693.0,0.9313422748734398,0.010080360884471673
5694.0,0.9287280324992497,0.010080360884471673
5695.0,0.9251253131583739,0.010080360884471673
5696.0,0.9206181942020016,0.010080360884471673
5697.0,0.9178527668324381,0.010080360884471673
5698.0,0.9277102923494939,0.010080360884471673
5699.0,0.9375678178665496,0.010080360884471673
5700.0,0.9312309345202042,0.010080360884471673
5701.0,0.9186052223985729,0.010080360884471673
5702.0,0.9097080540447287,0.010080360884471673
5703.0,0.9087585710906235,0.010080360884471673
5704.0,0.9078090881365184,0.010080360884471673
5705.0,0.9119183774052919,0.010080360884471673
5706.0,0.9164773353160989,0.010080360884471673
5707.0,0.9215739722128997,0.010080360884471673
5708.0,0.9271721101592827,0.010080360884471673
5709.0,0.9315810911028986,0.010080360884471673
5710.0,0.9269671900461355,0.010080360884471673
5711.0,0.9223532889893725,0.010080360884471673
5712.0,0.9190767007028324,0.010080360884471673
5713.0,0.9163318961856585,0.010080360884471673
5714.0,0.9142127647512428,0.010080360884471673
5715.0,0.913457218546808,0.010080360884471673
5716.0,0.9127016723423732,0.010080360884471673
5717.0,0.9152737284849699,0.010080360884471673
5718.0,0.9181606169127018,0.010080360884471673
5719.0,0.9178662790590751,0.010080360884471673
5720.0,0.9145471686756311,0.010080360884471673
5721.0,0.9123763192422887,0.010080360884471673
5722.0,0.91934216984198,0.010080360884471673
5723.0,0.9263080204416715,0.010080360884471673
5724.0,0.9239743190537485,0.010080360884471673
5725.0,0.9178548203195311,0.010080360884471673
5726.0,0.9146607932628391,0.010080360884471673
5727.0,0.9179867127742654,0.010080360884471673
5728.0,0.9213126322856915,0.010080360884471673
5729.0,0.9251233214426214,0.010080360884471673
5730.0,0.9289826796788889,0.010080360884471673
5731.0,0.929143342496584,0.010080360884471673
5732.0,0.9257189813861164,0.010080360884471673
5733.0,0.9232450038544622,0.010080360884471673
5734.0,0.928715805902938,0.010080360884471673
5735.0,0.9341866079514137,0.010080360884471673
5736.0,0.9401907936778545,0.010080360884471673
5737.0,0.9464172226034472,0.010080360884471673
5738.0,0.9506841586036356,0.010080360884471673
5739.0,0.9504843764785871,0.010080360884471673
5740.0,0.9502845943535387,0.010080360884471673
5741.0,0.9425075796985292,0.010080360884471673
5742.0,0.9339255469792498,0.010080360884471673
5743.0,0.9342886945092902,0.010080360884471673
5744.0,0.9434902778942434,0.010080360884471673
5745.0,0.9507611376009921,0.010080360884471673
5746.0,0.9410416289395784,0.010080360884471673
5747.0,0.9313221202781647,0.010080360884471673
5748.0,0.9296347034521589,0.010080360884471673
5749.0,0.9313719285217337,0.010080360884471673
5750.0,0.9351457294107582,0.010080360884471673
5751.0,0.9436688251107355,0.010080360884471673
5752.0,0.9521919208107126,0.010080360884471673
5753.0,0.9474819004187606,0.010080360884471673
5754.0,0.9412877922408077,0.010080360884471673
5755.0,0.9374348134236175,0.010080360884471673
5756.0,0.9359398877938927,0.010080360884471673
5757.0,0.9352943711792956,0.010080360884471673
5758.0,0.9425347259150485,0.010080360884471673
5759.0,0.9497750806508016,0.010080360884471673
5760.0,0.945471440168726,0.010080360884471673
5761.0,0.9361322293588761,0.010080360884471673
5762.0,0.932049082301075,0.010080360884471673
5763.0,0.9405078434645935,0.010080360884471673
5764.0,0.9489666046281119,0.010080360884471673
5765.0,0.9543052429444678,0.010080360884471673
5766.0,0.9592753298372666,0.010080360884471673
5767.0,0.9583801147133109,0.010080360884471673
5768.0,0.951462618686498,0.010080360884471673
5769.0,0.9451774948106648,0.010080360884471673
5770.0,0.9451011156899026,0.010080360884471673
5771.0,0.9450247365691404,0.010080360884471673
5772.0,0.942497647976973,0.010080360884471673
5773.0,0.9388771004713514,0.010080360884471673
5774.0,0.9389583055775919,0.010080360884471673
5775.0,0.9480797412359412,0.010080360884471673
5776.0,0.9572011768942905,0.010080360884471673
5777.0,0.9540596553449209,0.010080360884471673
5778.0,0.9493956073945858,0.010080360884471673
5779.0,0.9440195633846722,0.010080360884471673
5780.0,0.9378982851698928,0.010080360884471673
5781.0,0.9333701535341827,0.010080360884471673
5782.0,0.9454282054612987,0.010080360884471673
5783.0,0.9574862573884144,0.010080360884471673
5784.0,0.9574297509121692,0.010080360884471673
5785.0,0.9518454476819413,0.010080360884471673
5786.0,0.9493202718135322,0.010080360884471673
5787.0,0.9544429143496896,0.010080360884471673
5788.0,0.959565556885847,0.010080360884471673
5789.0,0.9593931427426338,0.010080360884471673
5790.0,0.9585310061554313,0.010080360884471673
5791.0,0.9529694954352913,0.010080360884471673
5792.0,0.9423937641762923,0.010080360884471673
5793.0,0.9337969192056933,0.010080360884471673
5794.0,0.9471112209643955,0.010080360884471673
5795.0,0.9604255227230974,0.010080360884471673
5796.0,0.9576793017040689,0.010080360884471673
5797.0,0.9474400550933287,0.010080360884471673
5798.0,0.9422339179562601,0.010080360884471673
5799.0,0.9499116807112059,0.010080360884471673
5800.0,0.9575894434661519,0.010080360884471673
5801.0,0.9635262681338058,0.010080360884471673
5802.0,0.9692255841947356,0.010080360884471673
5803.0,0.9692090348361205,0.010080360884471673
5804.0,0.96297522835451,0.010080360884471673
5805.0,0.9571234382776624,0.010080360884471673
5806.0,0.9557853189524593,0.010080360884471673
5807.0,0.9544471996272561,0.010080360884471673
5808.0,0.9626790654040367,0.010080360884471673
5809.0,0.9754753389688245,0.010080360884471673
5810.0,0.9827749042615707,0.010080360884471673
5811.0,0.9756635343889369,0.010080360884471673
5812.0,0.9685521645163033,0.010080360884471673
5813.0,0.9640582775699789,0.010080360884471673
5814.0,0.9599378038257594,0.010080360884471673
5815.0,0.9564707281381092,0.010080360884471673
5816.0,0.9537281799157172,0.010080360884471673
5817.0,0.9515078831841814,0.010080360884471673
5818.0,0.9558970643369485,0.010080360884471673
5819.0,0.9602862454897158,0.010080360884471673
5820.0,0.9690829164887598,0.010080360884471673
5821.0,0.980028238787862,0.010080360884471673
5822.0,0.9869067478616131,0.010080360884471673
5823.0,0.98286244442306,0.010080360884471673
5824.0,0.9788181409845069,0.010080360884471673
5825.0,0.9712427648812517,0.010080360884471673
5826.0,0.9631413807120829,0.010080360884471673
5827.0,0.9573717798459134,0.010080360884471673
5828.0,0.9542381079309642,0.010080360884471673
5829.0,0.9520637783069006,0.010080360884471673
5830.0,0.9629499682920636,0.010080360884471673
5831.0,0.9738361582772266,0.010080360884471673
5832.0,0.9710041774302538,0.010080360884471673
5833.0,0.9613377841363523,0.010080360884471673
5834.0,0.9565689003374966,0.010080360884471673
5835.0,0.9652791980768027,0.010080360884471673
5836.0,0.9739894958161089,0.010080360884471673
5837.0,0.9684837080743932,0.010080360884471673
5838.0,0.9607695963744529,0.010080360884471673
5839.0,0.9605218989544184,0.010080360884471673
5840.0,0.9688789063634217,0.010080360884471673
5841.0,0.9763293182103734,0.010080360884471673
5842.0,0.9704373802762986,0.010080360884471673
5843.0,0.9645454423422238,0.010080360884471673
5844.0,0.966634575825895,0.010080360884471673
5845.0,0.9727865373320055,0.010080360884471673
5846.0,0.9751909734502602,0.010080360884471673
5847.0,0.9670232622587126,0.010080360884471673
5848.0,0.9588555510671652,0.010080360884471673
5849.0,0.9602076413263343,0.010080360884471673
5850.0,0.9630998947211845,0.010080360884471673
5851.0,0.967998412846885,0.010080360884471673
5852.0,0.9752541610741031,0.010080360884471673
5853.0,0.9814338316045795,0.010080360884471673
5854.0,0.9703962589871711,0.010080360884471673
5855.0,0.9593586863697627,0.010080360884471673
5856.0,0.9567254916338542,0.010080360884471673
5857.0,0.9584631868545757,0.010080360884471673
5858.0,0.9605039605558824,0.010080360884471673
5859.0,0.9634213958435558,0.010080360884471673
5860.0,0.9663388311312292,0.010080360884471673
5861.0,0.9656259771629568,0.010080360884471673
5862.0,0.9643021348206141,0.010080360884471673
5863.0,0.9664948059172265,0.010080360884471673
5864.0,0.9728998704209116,0.010080360884471673
5865.0,0.979116955823575,0.010080360884471673
5866.0,0.9820423183017045,0.010080360884471673
5867.0,0.9849676807798339,0.010080360884471673
5868.0,0.981794466601161,0.010080360884471673
5869.0,0.9753813835735596,0.010080360884471673
5870.0,0.9721895152171468,0.010080360884471673
5871.0,0.9785539170519115,0.010080360884471673
5872.0,0.9849183188866765,0.010080360884471673
5873.0,0.9797160365113332,0.010080360884471673
5874.0,0.9724908079553903,0.010080360884471673
5875.0,0.9704796343936517,0.010080360884471673
5876.0,0.9748365599981614,0.010080360884471673
5877.0,0.9791814748185762,0.010080360884471673
5878.0,0.9832943764437881,0.010080360884471673
5879.0,0.9874072780690001,0.010080360884471673
5880.0,0.9809446142713542,0.010080360884471673
5881.0,0.9687437270127929,0.010080360884471673
5882.0,0.9604386997893061,0.010080360884471673
5883.0,0.963991460148261,0.010080360884471673
5884.0,0.9675442205072159,0.010080360884471673
5885.0,0.9673846686265134,0.010080360884471673
5886.0,0.9665511082824414,0.010080360884471673
5887.0,0.9701137972466619,0.010080360884471673
5888.0,0.9791510608212148,0.010080360884471673
5889.0,0.9871389862455451,0.010080360884471673
5890.0,0.972551961194903,0.010080360884471673
5891.0,0.957964936144261,0.010080360884471673
5892.0,0.957307286229139,0.010080360884471673
5893.0,0.9643679654469246,0.010080360884471673
5894.0,0.9700320083665792,0.010080360884471673
5895.0,0.9713332913648478,0.010080360884471673
5896.0,0.9726345743631163,0.010080360884471673
5897.0,0.9751951596312173,0.010080360884471673
5898.0,0.977992874570671,0.010080360884471673
5899.0,0.9786820923285661,0.010080360884471673
5900.0,0.9766940357360364,0.010080360884471673
5901.0,0.974731410354426,0.010080360884471673
5902.0,0.973385299176905,0.010080360884471673
5903.0,0.9720391879993839,0.010080360884471673
5904.0,0.971542523494451,0.010080360884471673
5905.0,0.9715264669753245,0.010080360884471673
5906.0,0.9724192634603903,0.010080360884471673
5907.0,0.9762268157922416,0.010080360884471673
5908.0,0.9800343681240928,0.010080360884471673
5909.0,0.9791036907197611,0.010080360884471673
5910.0,0.9772484806839793,0.010080360884471673
5911.0,0.9790324815812697,0.010080360884471673
5912.0,0.9855284084800496,0.010080360884471673
5913.0,0.9914261774710025,0.010080360884471673
5914.0,0.980740534120818,0.010080360884471673
5915.0,0.9700548907706334,0.010080360884471673
5916.0,0.9709715422782433,0.010080360884471673
5917.0,0.9785902769897062,0.010080360884471673
5918.0,0.9841434277552176,0.010080360884471673
5919.0,0.9828929283070011,0.010080360884471673
5920.0,0.9816424288587847,0.010080360884471673
5921.0,0.9825479267024818,0.010080360884471673
5922.0,0.983888979554645,0.010080360884471673
5923.0,0.9832577519977016,0.010080360884471673
5924.0,0.9800224550426611,0.010080360884471673
5925.0,0.9769264147211305,0.010080360884471673
5926.0,0.9783311487945826,0.010080360884471673
5927.0,0.9797358828680348,0.010080360884471673
5928.0,0.981519839549126,0.010080360884471673
5929.0,0.9835274217755618,0.010080360884471673
5930.0,0.9835461571294974,0.010080360884471673
5931.0,0.9768342159623008,0.010080360884471673
5932.0,0.9701222747951043,0.010080360884471673
5933.0,0.9763126839434735,0.010080360884471673
5934.0,0.9851996655815832,0.010080360884471673
5935.0,0.9881433927520862,0.010080360884471673
5936.0,0.983084653343681,0.010080360884471673
5937.0,0.9783444557020068,0.010080360884471673
5938.0,0.9859212063740046,0.010080360884471673
5939.0,0.9934979570460024,0.010080360884471673
5940.0,0.9919605282508794,0.010080360884471673
5941.0,0.9849370645072845,0.010080360884471673
5942.0,0.9816613185467551,0.010080360884471673
5943.0,0.9914219887455443,0.010080360884471673
5944.0,1.0011826589443336,0.010080360884471673
5945.0,0.9935098577956039,0.010080360884471673
5946.0,0.9820704088228911,0.010080360884471673
5947.0,0.9758331932303677,0.010080360884471673
5948.0,0.9767397852995349,0.010080360884471673
5949.0,0.9778216252887761,0.010080360884471673
5950.0,0.9873153654414769,0.010080360884471673
5951.0,0.9968091055941777,0.010080360884471673
5952.0,1.0012321700628402,0.010080360884471673
5953.0,1.0025401101287206,0.010080360884471673
5954.0,1.0029186413799074,0.010080360884471673
5955.0,0.9999727487939254,0.010080360884471673
5956.0,0.9970268562079433,0.010080360884471673
5957.0,0.989270456967878,0.010080360884471673
5958.0,0.9804403469915101,0.010080360884471673
5959.0,0.9778013740896305,0.010080360884471673
5960.0,0.983833561470746,0.010080360884471673
5961.0,0.9896836633251427,0.010080360884471673
5962.0,0.9840483704177111,0.010080360884471673
5963.0,0.9784130775102796,0.010080360884471673
5964.0,0.9771028432979726,0.010080360884471673
5965.0,0.9785042181503808,0.010080360884471673
5966.0,0.981426166199951,0.010080360884471673
5967.0,0.9899434819132463,0.010080360884471673
5968.0,0.9984607976265415,0.010080360884471673
5969.0,0.9973631719188754,0.010080360884471673
5970.0,0.9940499910241057,0.010080360884471673
5971.0,0.9917664826559917,0.010080360884471673
5972.0,0.9909539350402395,0.010080360884471673
5973.0,0.9901971343247447,0.010080360884471673
5974.0,0.9945442720327718,0.010080360884471673
5975.0,0.998891409740799,0.010080360884471673
5976.0,0.9985915537921674,0.010080360884471673
5977.0,0.9953187196183063,0.010080360884471673
5978.0,0.9922575981295091,0.010080360884471673
5979.0,0.9899983080169023,0.010080360884471673
5980.0,0.9877390179042952,0.010080360884471673
5981.0,0.9903992296739947,0.010080360884471673
5982.0,0.9942290109848037,0.010080360884471673
5983.0,0.9948378523213527,0.010080360884471673
5984.0,0.99075305251547,0.010080360884471673
5985.0,0.9867691557836311,0.010080360884471673
5986.0,0.999494808114769,0.010080360884471673
5987.0,1.0122204604459069,0.010080360884471673
5988.0,1.009149095050173,0.010080360884471673
5989.0,0.995765787527174,0.010080360884471673
5990.0,0.9865384870169047,0.010080360884471673
5991.0,0.99351961385624,0.010080360884471673
5992.0,1.0005007406955753,0.010080360884471673
5993.0,0.9991334507704906,0.010080360884471673
5994.0,0.9957196132379839,0.010080360884471673
5995.0,0.9928067294116337,0.010080360884471673
5996.0,0.9906385469156288,0.010080360884471673
5997.0,0.9884715395839913,0.010080360884471673
5998.0,0.987282269006184,0.010080360884471673
5999.0,0.9860929984283766,0.010080360884471673
6000.0,0.9850471792198146,0.010080360884471673
6001.0,0.9840968986231696,0.010080360884471673
6002.0,0.9848662895749402,0.010080360884471673
6003.0,0.9925454451218155,0.010080360884471673
6004.0,1.0002246006686908,0.010080360884471673
6005.0,0.9965164939784955,0.010080360884471673
6006.0,0.9899316052494669,0.010080360884471673
6007.0,0.987809857081971,0.010080360884471673
6008.0,0.9924569807026646,0.010080360884471673
6009.0,0.9971041043233583,0.010080360884471673
6010.0,0.9958581923935297,0.010080360884471673
6011.0,0.994590980335207,0.010080360884471673
6012.0,0.9949713525203338,0.010080360884471673
6013.0,0.9964711519031236,0.010080360884471673
6014.0,0.9968106361658747,0.010080360884471673
6015.0,0.9923441238511899,0.010080360884471673
6016.0,0.9878776115365048,0.010080360884471673
6017.0,0.991240601999369,0.010080360884471673
6018.0,0.9966409214754561,0.010080360884471673
6019.0,0.9990884896562444,0.010080360884471673
6020.0,0.9969669686767274,0.010080360884471673
6021.0,0.9948454476972104,0.010080360884471673
6022.0,1.0028681468240639,0.010080360884471673
6023.0,1.0109768139179136,0.010080360884471673
6024.0,1.0096077726347248,0.010080360884471673
6025.0,1.0016698318463164,0.010080360884471673
6026.0,0.9958196274919312,0.010080360884471673
6027.0,0.9988885503082297,0.010080360884471673
6028.0,1.001957473124528,0.010080360884471673
6029.0,1.0007420726972958,0.010080360884471673
6030.0,0.9983789692398342,0.010080360884471673
6031.0,0.9981858329022099,0.010080360884471673
6032.0,1.0014189604380044,0.010080360884471673
6033.0,1.0046520879737988,0.010080360884471673
6034.0,1.0019213433733942,0.010080360884471673
6035.0,0.9991107902650852,0.010080360884471673
6036.0,0.9989757097947186,0.010080360884471673
6037.0,1.0007321007589656,0.010080360884471673
6038.0,1.0033178547090449,0.010080360884471673
6039.0,1.0095603454602915,0.010080360884471673
6040.0,1.0158028362115379,0.010080360884471673
6041.0,1.009178429654318,0.010080360884471673
6042.0,0.9990072520166746,0.010080360884471673
6043.0,0.9929600361374828,0.010080360884471673
6044.0,0.993557699079118,0.010080360884471673
6045.0,0.994155362020753,0.010080360884471673
6046.0,0.9923881817579188,0.010080360884471673
6047.0,0.990577636399647,0.010080360884471673
6048.0,0.995545209782572,0.010080360884471673
6049.0,1.0054003109354914,0.010080360884471673
6050.0,1.0132620628322953,0.010080360884471673
6051.0,1.0120474311162815,0.010080360884471673
6052.0,1.0108327994002675,0.010080360884471673
6053.0,1.00459713957491,0.010080360884471673
6054.0,0.9969379525197849,0.010080360884471673
6055.0,0.9932477444164772,0.010080360884471673
6056.0,0.9960843017006159,0.010080360884471673
6057.0,0.9989208589847546,0.010080360884471673
6058.0,1.007310461422554,0.010080360884471673
6059.0,1.0158296803934248,0.010080360884471673
6060.0,1.0179692329950158,0.010080360884471673
6061.0,1.0154170726208736,0.010080360884471673
6062.0,1.0139413298677382,0.010080360884471673
6063.0,1.017530648112051,0.010080360884471673
6064.0,1.021119966356364,0.010080360884471673
6065.0,1.0169385119813477,0.010080360884471673
6066.0,1.0104920882227175,0.010080360884471673
6067.0,1.0061352551573977,0.010080360884471673
6068.0,1.005285709365094,0.010080360884471673
6069.0,1.0044361635727908,0.010080360884471673
6070.0,1.007582226868571,0.010080360884471673
6071.0,1.010841745731049,0.010080360884471673
6072.0,1.0090453438837583,0.010080360884471673
6073.0,1.0034570015041537,0.010080360884471673
6074.0,0.9999935898390617,0.010080360884471673
6075.0,1.0068705100311877,0.010080360884471673
6076.0,1.0137474302233136,0.010080360884471673
6077.0,1.0105002006909007,0.010080360884471673
6078.0,1.0042204645327264,0.010080360884471673
6079.0,1.003279870081873,0.010080360884471673
6080.0,1.0114871210318264,0.010080360884471673
6081.0,1.0196943719817795,0.010080360884471673
6082.0,1.0123135069652875,0.010080360884471673
6083.0,1.0044104594040262,0.010080360884471673
6084.0,1.0030739539483764,0.010080360884471673
6085.0,1.0067597402302761,0.010080360884471673
6086.0,1.009720235762315,0.010080360884471673
6087.0,1.0090279988946853,0.010080360884471673
6088.0,1.0083357620270557,0.010080360884471673
6089.0,1.0030060472809552,0.010080360884471673
6090.0,0.9962494162645578,0.010080360884471673
6091.0,0.9928976961097461,0.010080360884471673
6092.0,0.9955017606302984,0.010080360884471673
6093.0,0.9981058251508507,0.010080360884471673
6094.0,0.9972370480145604,0.010080360884471673
6095.0,0.9962340338566221,0.010080360884471673
6096.0,0.9950712733960063,0.010080360884471673
6097.0,0.9937839244728321,0.010080360884471673
6098.0,0.9943655035400657,0.010080360884471673
6099.0,1.0046961920497888,0.010080360884471673
6100.0,1.0150268805595117,0.010080360884471673
6101.0,1.0177177468772463,0.010080360884471673
6102.0,1.0179947673207428,0.010080360884471673
6103.0,1.0170032758703178,0.010080360884471673
6104.0,1.013746281572556,0.010080360884471673
6105.0,1.0104892872747944,0.010080360884471673
6106.0,1.0033655464102273,0.010080360884471673
6107.0,0.9960722113979922,0.010080360884471673
6108.0,0.9940467816565761,0.010080360884471673
6109.0,0.996210698994754,0.010080360884471673
6110.0,0.9984443170894853,0.010080360884471673
6111.0,1.0010548554292695,0.010080360884471673
6112.0,1.0036653937690536,0.010080360884471673
6113.0,1.0007730879804144,0.010080360884471673
6114.0,0.9960960759879627,0.010080360884471673
6115.0,0.9942695101519535,0.010080360884471673
6116.0,0.9976413851029574,0.010080360884471673
6117.0,1.0010132600539612,0.010080360884471673
6118.0,0.9991994118422917,0.010080360884471673
6119.0,0.9971308492687275,0.010080360884471673
6120.0,0.9995202288517989,0.010080360884471673
6121.0,1.0055244180531786,0.010080360884471673
6122.0,1.009729664218583,0.010080360884471673
6123.0,1.0038408411265691,0.010080360884471673
6124.0,0.9979520180345552,0.010080360884471673
6125.0,1.0010181340006141,0.010080360884471673
6126.0,1.0070644536852071,0.010080360884471673
6127.0,1.011106213603142,0.010080360884471673
6128.0,1.0114143948491552,0.010080360884471673
6129.0,1.011722576095169,0.010080360884471673
6130.0,1.0084734014672558,0.010080360884471673
6131.0,1.0050305986082317,0.010080360884471673
6132.0,1.0043325310385942,0.010080360884471673
6133.0,1.0059036854077619,0.010080360884471673
6134.0,1.0077642251882777,0.010080360884471673
6135.0,1.01131126519394,0.010080360884471673
6136.0,1.0148583051996025,0.010080360884471673
6137.0,1.0154776428953995,0.010080360884471673
6138.0,1.015097507338875,0.010080360884471673
6139.0,1.0149400145995404,0.010080360884471673
6140.0,1.0152060862441281,0.010080360884471673
6141.0,1.0154721578887158,0.010080360884471673
6142.0,1.0141449477872948,0.010080360884471673
6143.0,1.0127224651132767,0.010080360884471673
6144.0,1.0093513174904776,0.010080360884471673
6145.0,1.0043376005192608,0.010080360884471673
6146.0,1.0009416243638087,0.010080360884471673
6147.0,1.0073480607784684,0.010080360884471673
6148.0,1.013754497193128,0.010080360884471673
6149.0,1.015091555938989,0.010080360884471673
6150.0,1.0146539216922097,0.010080360884471673
6151.0,1.0115284080629248,0.010080360884471673
6152.0,1.0031791005807296,0.010080360884471673
6153.0,0.9948297930985344,0.010080360884471673
6154.0,1.0040629893536808,0.010080360884471673
6155.0,1.0144428706351707,0.010080360884471673
6156.0,1.0193670296658361,0.010080360884471673
6157.0,1.0196026773871951,0.010080360884471673
6158.0,1.0192446270572413,0.010080360884471673
6159.0,1.0151421127019093,0.010080360884471673
6160.0,1.0110395983465774,0.010080360884471673
6161.0,1.0051237477716461,0.010080360884471673
6162.0,0.9985571076888675,0.010080360884471673
6163.0,0.9971034877808483,0.010080360884471673
6164.0,1.0058026032735976,0.010080360884471673
6165.0,1.0145017187663468,0.010080360884471673
6166.0,1.011905356883004,0.010080360884471673
6167.0,1.0085104715347668,0.010080360884471673
6168.0,1.0068096661633905,0.010080360884471673
6169.0,1.0065930885194887,0.010080360884471673
6170.0,1.0059610384983455,0.010080360884471673
6171.0,1.0025982018522595,0.010080360884471673
6172.0,0.9992353652061732,0.010080360884471673
6173.0,1.0006279226095462,0.010080360884471673
6174.0,1.0037695904678916,0.010080360884471673
6175.0,1.0045702161310104,0.010080360884471673
6176.0,1.0006206543579885,0.010080360884471673
6177.0,0.9966710925849668,0.010080360884471673
6178.0,1.0003836666801966,0.010080360884471673
6179.0,1.0046803053958737,0.010080360884471673
6180.0,1.005906978001133,0.010080360884471673
6181.0,1.0043916126941383,0.010080360884471673
6182.0,1.0032288650562524,0.010080360884471673
6183.0,1.0044845423753632,0.010080360884471673
6184.0,1.005740219694474,0.010080360884471673
6185.0,1.010418495014409,0.010080360884471673
6186.0,1.0163866089197815,0.010080360884471673
6187.0,1.0185980510673533,0.010080360884471673
6188.0,1.0130189045511486,0.010080360884471673
6189.0,1.0074397580349435,0.010080360884471673
6190.0,1.0042548563265004,0.010080360884471673
6191.0,1.0012658473750546,0.010080360884471673
6192.0,1.0021949175995537,0.010080360884471673
6193.0,1.0066915966149932,0.010080360884471673
6194.0,1.009845334571913,0.010080360884471673
6195.0,1.0033746616093961,0.010080360884471673
6196.0,0.996903988646879,0.010080360884471673
6197.0,1.001555667613029,0.010080360884471673
6198.0,1.010500833513374,0.010080360884471673
6199.0,1.0148224948148548,0.010080360884471673
6200.0,1.009343019026625,0.010080360884471673
6201.0,1.0038635432383956,0.010080360884471673
6202.0,1.0106775079723267,0.010080360884471673
6203.0,1.018566747529986,0.010080360884471673
6204.0,1.018905511286533,0.010080360884471673
6205.0,1.0122356157925212,0.010080360884471673
6206.0,1.0069861606452293,0.010080360884471673
6207.0,1.012390008098349,0.010080360884471673
6208.0,1.0177938555514685,0.010080360884471673
6209.0,1.0195767669634137,0.010080360884471673
6210.0,1.01992828657349,0.010080360884471673
6211.0,1.017785791983099,0.010080360884471673
6212.0,1.0102380194677596,0.010080360884471673
6213.0,1.0026902469524201,0.010080360884471673
6214.0,1.0065824753818087,0.010080360884471673
6215.0,1.011540635657749,0.010080360884471673
6216.0,1.0159604755469993,0.010080360884471673
6217.0,1.019870923481554,0.010080360884471673
6218.0,1.022242706780386,0.010080360884471673
6219.0,1.0125179670388331,0.010080360884471673
6220.0,1.0027932272972804,0.010080360884471673
6221.0,1.004438829574886,0.010080360884471673
6222.0,1.0106862566157104,0.010080360884471673
6223.0,1.016560163974608,0.010080360884471673
6224.0,1.0216062709573444,0.010080360884471673
6225.0,1.026652377940081,0.010080360884471673
6226.0,1.0194307210507898,0.010080360884471673
6227.0,1.010995235282337,0.010080360884471673
6228.0,1.004049419883963,0.010080360884471673
6229.0,0.9985405742529507,0.010080360884471673
6230.0,0.993975141774223,0.010080360884471673
6231.0,0.9971981089859672,0.010080360884471673
6232.0,1.0004210761977115,0.010080360884471673
6233.0,1.0056875735106356,0.010080360884471673
6234.0,1.0118006265870363,0.010080360884471673
6235.0,1.014463716564704,0.010080360884471673
6236.0,1.0093068901852331,0.010080360884471673
6237.0,1.0041500638057623,0.010080360884471673
6238.0,1.0058394837609121,0.010080360884471673
6239.0,1.0082462159978047,0.010080360884471673
6240.0,1.0104206240063023,0.010080360884471673
6241.0,1.012366579856878,0.010080360884471673
6242.0,1.0135982832496053,0.010080360884471673
6243.0,1.0086259565724218,0.010080360884471673
6244.0,1.003653629895238,0.010080360884471673
6245.0,1.0039392226896204,0.010080360884471673
6246.0,1.006453813824089,0.010080360884471673
6247.0,1.0046750743873971,0.010080360884471673
6248.0,0.9929412815944725,0.010080360884471673
6249.0,0.9812074888015477,0.010080360884471673
6250.0,0.9867081966029251,0.010080360884471673
6251.0,0.9941161891367274,0.010080360884471673
6252.0,1.0031954505245793,0.010080360884471673
6253.0,1.013949998239687,0.010080360884471673
6254.0,1.023357721880614,0.010080360884471673
6255.0,1.0204305079640477,0.010080360884471673
6256.0,1.0175032940474813,0.010080360884471673
6257.0,1.0161841426396345,0.010080360884471673
6258.0,1.015562464127136,0.010080360884471673
6259.0,1.0165812787958808,0.010080360884471673
6260.0,1.0214921137245707,0.010080360884471673
6261.0,1.0264029486532609,0.010080360884471673
6262.0,1.014514366760455,0.010080360884471673
6263.0,1.0006666035493246,0.010080360884471673
6264.0,0.9983568502616592,0.010080360884471673
6265.0,1.007837150803577,0.010080360884471673
6266.0,1.0160254110418927,0.010080360884471673
6267.0,1.011707383726102,0.010080360884471673
6268.0,1.0073893564103114,0.010080360884471673
6269.0,1.0050131350400784,0.010080360884471673
6270.0,1.0034984428241989,0.010080360884471673
6271.0,1.00349600632138,0.010080360884471673
6272.0,1.0071653017967597,0.010080360884471673
6273.0,1.0108345972721395,0.010080360884471673
6274.0,1.0123839763850484,0.010080360884471673
6275.0,1.0136733657553916,0.010080360884471673
6276.0,1.0139163759812662,0.010080360884471673
6277.0,1.0130694079316525,0.010080360884471673
6278.0,1.0124372534186452,0.010080360884471673
6279.0,1.0140083890986578,0.010080360884471673
6280.0,1.0155795247786703,0.010080360884471673
6281.0,1.0148315673039352,0.010080360884471673
6282.0,1.0130313162511335,0.010080360884471673
6283.0,1.0106953404935666,0.010080360884471673
6284.0,1.0070278983149543,0.010080360884471673
6285.0,1.0033604561363418,0.010080360884471673
6286.0,1.0018679688755487,0.010080360884471673
6287.0,1.0006554554862914,0.010080360884471673
6288.0,1.002564647953477,0.010080360884471673
6289.0,1.007788721144456,0.010080360884471673
6290.0,1.0117744036847212,0.010080360884471673
6291.0,1.0022616281323238,0.010080360884471673
6292.0,0.9927488525799265,0.010080360884471673
6293.0,0.9954537615517663,0.010080360884471673
6294.0,1.0038273325875697,0.010080360884471673
6295.0,1.0079475714685888,0.010080360884471673
6296.0,1.001244437462102,0.010080360884471673
6297.0,0.9945413034556149,0.010080360884471673
6298.0,0.9986252660334349,0.010080360884471673
6299.0,1.0041641639816152,0.010080360884471673
6300.0,1.0055756076250983,0.010080360884471673
6301.0,1.0025190819837584,0.010080360884471673
6302.0,0.9996992002535432,0.010080360884471673
6303.0,0.9996294076116949,0.010080360884471673
6304.0,0.9995596149698469,0.010080360884471673
6305.0,1.0016472414353403,0.010080360884471673
6306.0,1.0047582100614854,0.010080360884471673
6307.0,1.0062443839647215,0.010080360884471673
6308.0,1.003496244347652,0.010080360884471673
6309.0,1.0007481047305826,0.010080360884471673
6310.0,1.0053350906646752,0.010080360884471673
6311.0,1.0109570326696795,0.010080360884471673
6312.0,1.0094386131219908,0.010080360884471673
6313.0,1.0000405521638838,0.010080360884471673
6314.0,0.9914967783990392,0.010080360884471673
6315.0,0.9935764792472398,0.010080360884471673
6316.0,0.9956561800954404,0.010080360884471673
6317.0,0.9978455336979961,0.010080360884471673
6318.0,1.0000880522723603,0.010080360884471673
6319.0,1.0028308190979376,0.010080360884471673
6320.0,1.006909050417939,0.010080360884471673
6321.0,1.0109872817379402,0.010080360884471673
6322.0,1.0027215687503648,0.010080360884471673
6323.0,0.9926365692050617,0.010080360884471673
6324.0,0.9913726954374694,0.010080360884471673
6325.0,1.0000325881698187,0.010080360884471673
6326.0,1.0075551353993732,0.010080360884471673
6327.0,0.9998803935829702,0.010080360884471673
6328.0,0.992205651766567,0.010080360884471673
6329.0,0.9907854149606014,0.010080360884471673
6330.0,0.9924643583752408,0.010080360884471673
6331.0,0.993509483101954,0.010080360884471673
6332.0,0.9928208437047426,0.010080360884471673
6333.0,0.992132204307531,0.010080360884471673
6334.0,0.9965703168805526,0.010080360884471673
6335.0,1.001796614313267,0.010080360884471673
6336.0,1.0018804312019707,0.010080360884471673
6337.0,0.9960663000440629,0.010080360884471673
6338.0,0.9910167960295069,0.010080360884471673
6339.0,0.9969977465458251,0.010080360884471673
6340.0,1.0029786970621433,0.010080360884471673
6341.0,1.01048460821603,0.010080360884471673
6342.0,1.0187626513383028,0.010080360884471673
6343.0,1.0226606152745237,0.010080360884471673
6344.0,1.0142783572005578,0.010080360884471673
6345.0,1.005896099126592,0.010080360884471673
6346.0,0.9956970342703431,0.010080360884471673
6347.0,0.9852069766843411,0.010080360884471673
6348.0,0.981070163912501,0.010080360884471673
6349.0,0.984362014998877,0.010080360884471673
6350.0,0.9873709182354496,0.010080360884471673
6351.0,0.9859488581441597,0.010080360884471673
6352.0,0.9845267980528697,0.010080360884471673
6353.0,0.9882400324473859,0.010080360884471673
6354.0,0.9946097761933903,0.010080360884471673
6355.0,1.000687383099005,0.010080360884471673
6356.0,1.0059252664354987,0.010080360884471673
6357.0,1.0111631497719926,0.010080360884471673
6358.0,1.0117630610799064,0.010080360884471673
6359.0,1.0115899770497252,0.010080360884471673
6360.0,1.0113282817984188,0.010080360884471673
6361.0,1.010960952644035,0.010080360884471673
6362.0,1.0103451138078188,0.010080360884471673
6363.0,1.005477598458528,0.010080360884471673
6364.0,1.0006100831092377,0.010080360884471673
6365.0,0.9937887191555089,0.010080360884471673
6366.0,0.9859348627282412,0.010080360884471673
6367.0,0.9831019403794322,0.010080360884471673
6368.0,0.9950700654088135,0.010080360884471673
6369.0,1.0070381904381949,0.010080360884471673
6370.0,1.009574090920183,0.010080360884471673
6371.0,1.010475958135518,0.010080360884471673
6372.0,1.0103059662705363,0.010080360884471673
6373.0,1.0088332095127237,0.010080360884471673
6374.0,1.0072904349489147,0.010080360884471673
6375.0,1.004428991705497,0.010080360884471673
6376.0,1.0015675484620792,0.010080360884471673
6377.0,1.0026307413318913,0.010080360884471673
6378.0,1.005812222085368,0.010080360884471673
6379.0,1.0079639737027728,0.010080360884471673
6380.0,1.0070016652275258,0.010080360884471673
6381.0,1.0060393567522787,0.010080360884471673
6382.0,1.0050355058355103,0.010080360884471673
6383.0,1.004024181986627,0.010080360884471673
6384.0,1.0019763647741695,0.010080360884471673
6385.0,0.9986440759471732,0.010080360884471673
6386.0,0.9956065057716371,0.010080360884471673
6387.0,0.9987347600147976,0.010080360884471673
6388.0,1.0018630142579579,0.010080360884471673
6389.0,1.0025231836046278,0.010080360884471673
6390.0,1.001822918818412,0.010080360884471673
6391.0,1.0017576589453154,0.010080360884471673
6392.0,1.0036631039750015,0.010080360884471673
6393.0,1.0055685490046875,0.010080360884471673
6394.0,1.0024444913865138,0.010080360884471673
6395.0,0.9983818798554174,0.010080360884471673
6396.0,0.991257225702261,0.010080360884471673
6397.0,0.9802634144315564,0.010080360884471673
6398.0,0.9702416389706522,0.010080360884471673
6399.0,0.9830627050398022,0.010080360884471673
6400.0,0.9958837711089522,0.010080360884471673
6401.0,1.0017490608751445,0.010080360884471673
6402.0,1.0036992795514916,0.010080360884471673
6403.0,1.004697896239597,0.010080360884471673
6404.0,1.002664775940044,0.010080360884471673
6405.0,1.000631655640491,0.010080360884471673
6406.0,1.0,0.010080360884471673
6407.0,0.9996394012778088,0.010080360884471673
6408.0,0.9975962248187394,0.010080360884471673
6409.0,0.993385111660234,0.010080360884471673
6410.0,0.9892643663146358,0.010080360884471673
6411.0,0.9875624660944612,0.010080360884471673
6412.0,0.9858605658742865,0.010080360884471673
6413.0,0.9874634434538233,0.010080360884471673
6414.0,0.990965475005214,0.010080360884471673
6415.0,0.9944223226231615,0.010080360884471673
6416.0,0.9977313376793815,0.010080360884471673
6417.0,1.0010403527356013,0.010080360884471673
6418.0,1.0023648327457637,0.010080360884471673
6419.0,1.0032918338345984,0.010080360884471673
6420.0,0.9992770739524843,0.010080360884471673
6421.0,0.9887693892391155,0.010080360884471673
6422.0,0.9786619679094382,0.010080360884471673
6423.0,0.9809781062196,0.010080360884471673
6424.0,0.983294244529762,0.010080360884471673
6425.0,0.9802908632709911,0.010080360884471673
6426.0,0.9741666971984438,0.010080360884471673
6427.0,0.9717490424151844,0.010080360884471673
6428.0,0.9817899229602984,0.010080360884471673
6429.0,0.9918308035054122,0.010080360884471673
6430.0,0.9914607054792249,0.010080360884471673
6431.0,0.9889329698650831,0.010080360884471673
6432.0,0.991075960885569,0.010080360884471673
6433.0,0.9994772007957056,0.010080360884471673
6434.0,1.007438795870543,0.010080360884471673
6435.0,0.9991934836076111,0.010080360884471673
6436.0,0.9909481713446789,0.010080360884471673
6437.0,0.987073841857862,0.010080360884471673
6438.0,0.9858170682753574,0.010080360884471673
6439.0,0.983443643093484,0.010080360884471673
6440.0,0.9772126942047141,0.010080360884471673
6441.0,0.9709817453159442,0.010080360884471673
6442.0,0.984167504337049,0.010080360884471673
6443.0,1.001513986481694,0.010080360884471673
6444.0,1.006662246850885,0.010080360884471673
6445.0,0.9951419143962102,0.010080360884471673
6446.0,0.9839548718381428,0.010080360884471673
6447.0,0.9878584551541447,0.010080360884471673
6448.0,0.9917620384701468,0.010080360884471673
6449.0,0.9892937533652336,0.010080360884471673
6450.0,0.982930863964374,0.010080360884471673
6451.0,0.9793228909092057,0.010080360884471673
6452.0,0.985500139846924,0.010080360884471673
6453.0,0.9916773887846424,0.010080360884471673
6454.0,0.9905866115195519,0.010080360884471673
6455.0,0.9878866378371198,0.010080360884471673
6456.0,0.9851881658038865,0.010080360884471673
6457.0,0.9824917865863466,0.010080360884471673
6458.0,0.9799603230479832,0.010080360884471673
6459.0,0.9870764267411345,0.010080360884471673
6460.0,0.994192530434286,0.010080360884471673
6461.0,0.9932912906527221,0.010080360884471673
6462.0,0.98738897891812,0.010080360884471673
6463.0,0.9829205039515372,0.010080360884471673
6464.0,0.9836907398580655,0.010080360884471673
6465.0,0.9844609757645939,0.010080360884471673
6466.0,0.9776278523729346,0.010080360884471673
6467.0,0.9690564978732823,0.010080360884471673
6468.0,0.9671578329283822,0.010080360884471673
6469.0,0.9747444737749585,0.010080360884471673
6470.0,0.982312090609271,0.010080360884471673
6471.0,0.9883140312342654,0.010080360884471673
6472.0,0.9943159718592597,0.010080360884471673
6473.0,0.9950132921300645,0.010080360884471673
6474.0,0.992333997479937,0.010080360884471673
6475.0,0.9894249605396381,0.010080360884471673
6476.0,0.9856520925882943,0.010080360884471673
6477.0,0.9818792246369503,0.010080360884471673
6478.0,0.9808771995519269,0.010080360884471673
6479.0,0.9805288302766124,0.010080360884471673
6480.0,0.9791202558527348,0.010080360884471673
6481.0,0.9761743839634458,0.010080360884471673
6482.0,0.9732998196722722,0.010080360884471673
6483.0,0.9802538193208672,0.010080360884471673
6484.0,0.9872078189694622,0.010080360884471673
6485.0,0.9867964538145199,0.010080360884471673
6486.0,0.9816012477574753,0.010080360884471673
6487.0,0.9763970508859301,0.010080360884471673
6488.0,0.9711580474693587,0.010080360884471673
6489.0,0.9659190440527875,0.010080360884471673
6490.0,0.9667647085651916,0.010080360884471673
6491.0,0.9690906728871752,0.010080360884471673
6492.0,0.9717295393979412,0.010080360884471673
6493.0,0.9748312403962807,0.010080360884471673
6494.0,0.9779106777113359,0.010080360884471673
6495.0,0.9717395546210396,0.010080360884471673
6496.0,0.9655684315307432,0.010080360884471673
6497.0,0.9664398372995135,0.010080360884471673
6498.0,0.9719781484199959,0.010080360884471673
6499.0,0.9769609209572279,0.010080360884471673
6500.0,0.9797281923181538,0.010080360884471673
6501.0,0.9824954636790798,0.010080360884471673
6502.0,0.9801906873095811,0.010080360884471673
6503.0,0.9766140911638365,0.010080360884471673
6504.0,0.978107987899698,0.010080360884471673
6505.0,0.9872534416647384,0.010080360884471673
6506.0,0.9963988954297788,0.010080360884471673
6507.0,0.9933525880576911,0.010080360884471673
6508.0,0.9902769383001975,0.010080360884471673
6509.0,0.9857016374195652,0.010080360884471673
6510.0,0.9801124878923065,0.010080360884471673
6511.0,0.9744456359267036,0.010080360884471673
6512.0,0.9684593935703599,0.010080360884471673
6513.0,0.9624731512140162,0.010080360884471673
6514.0,0.9649926822475257,0.010080360884471673
6515.0,0.9697093239300798,0.010080360884471673
6516.0,0.974908375861768,0.010080360884471673
6517.0,0.9808501630855677,0.010080360884471673
6518.0,0.9867919503093675,0.010080360884471673
6519.0,0.9773540140005477,0.010080360884471673
6520.0,0.9678044956588518,0.010080360884471673
6521.0,0.9626426291506636,0.010080360884471673
6522.0,0.9605067294242036,0.010080360884471673
6523.0,0.9594724498286298,0.010080360884471673
6524.0,0.9631079310394656,0.010080360884471673
6525.0,0.9667434122503015,0.010080360884471673
6526.0,0.9666533545230104,0.010080360884471673
6527.0,0.9655724619717497,0.010080360884471673
6528.0,0.9671447859841501,0.010080360884471673
6529.0,0.9728852804622937,0.010080360884471673
6530.0,0.9786257749404371,0.010080360884471673
6531.0,0.9747225385212145,0.010080360884471673
6532.0,0.9707021243268115,0.010080360884471673
6533.0,0.9696952701237661,0.010080360884471673
6534.0,0.9708083845036019,0.010080360884471673
6535.0,0.9703630444478445,0.010080360884471673
6536.0,0.9631007230544604,0.010080360884471673
6537.0,0.9558384016610763,0.010080360884471673
6538.0,0.9595902047875438,0.010080360884471673
6539.0,0.9663565771633206,0.010080360884471673
6540.0,0.969355060644983,0.010080360884471673
6541.0,0.9663131472432909,0.010080360884471673
6542.0,0.9632712338415986,0.010080360884471673
6543.0,0.9661776011832529,0.010080360884471673
6544.0,0.9691856485376116,0.010080360884471673
6545.0,0.9707971818622281,0.010080360884471673
6546.0,0.9714066803778748,0.010080360884471673
6547.0,0.9719409053695883,0.010080360884471673
6548.0,0.9721351532532075,0.010080360884471673
6549.0,0.972329401136827,0.010080360884471673
6550.0,0.9615824000838211,0.010080360884471673
6551.0,0.947755016637903,0.010080360884471673
6552.0,0.9456916082651502,0.010080360884471673
6553.0,0.9628749565785293,0.010080360884471673
6554.0,0.9800583048919083,0.010080360884471673
6555.0,0.9745234666158851,0.010080360884471673
6556.0,0.9684868769796021,0.010080360884471673
6557.0,0.9639615156641967,0.010080360884471673
6558.0,0.9605420844297646,0.010080360884471673
6559.0,0.9591222959201727,0.010080360884471673
6560.0,0.967034173459787,0.010080360884471673
6561.0,0.9749460509994011,0.010080360884471673
6562.0,0.9716849715141719,0.010080360884471673
6563.0,0.9651896149954404,0.010080360884471673
6564.0,0.9592500818277006,0.010080360884471673
6565.0,0.9542387023967135,0.010080360884471673
6566.0,0.9492273229657263,0.010080360884471673
6567.0,0.9528901533614059,0.010080360884471673
6568.0,0.9567882890791382,0.010080360884471673
6569.0,0.9609868853678724,0.010080360884471673
6570.0,0.9654097247662007,0.010080360884471673
6571.0,0.9678696332711031,0.010080360884471673
6572.0,0.960858057045504,0.010080360884471673
6573.0,0.9538464808199049,0.010080360884471673
6574.0,0.9519893466523895,0.010080360884471673
6575.0,0.9516656991407864,0.010080360884471673
6576.0,0.9539067935947478,0.010080360884471673
6577.0,0.9605196073081907,0.010080360884471673
6578.0,0.9671324210216337,0.010080360884471673
6579.0,0.9672213956355505,0.010080360884471673
6580.0,0.9671001846031424,0.010080360884471673
6581.0,0.961929659354159,0.010080360884471673
6582.0,0.9529161042574673,0.010080360884471673
6583.0,0.945353253522552,0.010080360884471673
6584.0,0.9450334878745075,0.010080360884471673
6585.0,0.9447137222264629,0.010080360884471673
6586.0,0.9472646649730072,0.010080360884471673
6587.0,0.950693018592505,0.010080360884471673
6588.0,0.953237283034242,0.010080360884471673
6589.0,0.9542431159791553,0.010080360884471673
6590.0,0.9552489489240688,0.010080360884471673
6591.0,0.9579065424489999,0.010080360884471673
6592.0,0.9606258455846413,0.010080360884471673
6593.0,0.9599527561061458,0.010080360884471673
6594.0,0.9566467648972716,0.010080360884471673
6595.0,0.9542097603221248,0.010080360884471673
6596.0,0.9562657384902478,0.010080360884471673
6597.0,0.9583217166583708,0.010080360884471673
6598.0,0.9606015558778547,0.010080360884471673
6599.0,0.9629516606323869,0.010080360884471673
6600.0,0.9614603223898388,0.010080360884471673
6601.0,0.9531440204224788,0.010080360884471673
6602.0,0.9448277184551188,0.010080360884471673
6603.0,0.9448236994684013,0.010080360884471673
6604.0,0.9451733946510767,0.010080360884471673
6605.0,0.9493044717908068,0.010080360884471673
6606.0,0.9564281264793457,0.010080360884471673
6607.0,0.9613071358004185,0.010080360884471673
6608.0,0.9541575875035048,0.010080360884471673
6609.0,0.9470080392065912,0.010080360884471673
6610.0,0.9437465921237959,0.010080360884471673
6611.0,0.9417379776544328,0.010080360884471673
6612.0,0.9438051197093492,0.010080360884471673
6613.0,0.9532664551883677,0.010080360884471673
6614.0,0.9627277906673863,0.010080360884471673
6615.0,0.9641966773379981,0.010080360884471673
6616.0,0.9652835350089622,0.010080360884471673
6617.0,0.9656385782342319,0.010080360884471673
6618.0,0.9654030900629768,0.010080360884471673
6619.0,0.9650967607893993,0.010080360884471673
6620.0,0.964396621923388,0.010080360884471673
6621.0,0.9636964830573769,0.010080360884471673
6622.0,0.9557135833844441,0.010080360884471673
6623.0,0.9453224864478851,0.010080360884471673
6624.0,0.9403492353426727,0.010080360884471673
6625.0,0.9454138424386935,0.010080360884471673
6626.0,0.9504784495347145,0.010080360884471673
6627.0,0.9483435073800695,0.010080360884471673
6628.0,0.945826288274064,0.010080360884471673
6629.0,0.9415887353654233,0.010080360884471673
6630.0,0.9359357655863471,0.010080360884471673
6631.0,0.9321990670685021,0.010080360884471673
6632.0,0.9395237717658704,0.010080360884471673
6633.0,0.9468484764632387,0.010080360884471673
6634.0,0.9491553532662956,0.010080360884471673
6635.0,0.9497600408640458,0.010080360884471673
6636.0,0.9509110030307578,0.010080360884471673
6637.0,0.953095713947761,0.010080360884471673
6638.0,0.9552804248647643,0.010080360884471673
6639.0,0.955240951258212,0.010080360884471673
6640.0,0.9550714744901829,0.010080360884471673
6641.0,0.9511556393560636,0.010080360884471673
6642.0,0.9440971636499509,0.010080360884471673
6643.0,0.9377386119361906,0.010080360884471673
6644.0,0.9355796041765537,0.010080360884471673
6645.0,0.9334205964169168,0.010080360884471673
6646.0,0.9381233735485338,0.010080360884471673
6647.0,0.9452133412167498,0.010080360884471673
6648.0,0.9476153092509011,0.010080360884471673
6649.0,0.9409549117952828,0.010080360884471673
6650.0,0.9342945143396646,0.010080360884471673
6651.0,0.9363947769511001,0.010080360884471673
6652.0,0.9390544686855896,0.010080360884471673
6653.0,0.9384519443965429,0.010080360884471673
6654.0,0.9350594625283433,0.010080360884471673
6655.0,0.9309745233802483,0.010080360884471673
6656.0,0.9225662422585512,0.010080360884471673
6657.0,0.9141579611368541,0.010080360884471673
6658.0,0.9206546962565967,0.010080360884471673
6659.0,0.9324677156709092,0.010080360884471673
6660.0,0.9390111235656795,0.010080360884471673
6661.0,0.9351470487093579,0.010080360884471673
6662.0,0.9312829738530365,0.010080360884471673
6663.0,0.9311944407820744,0.010080360884471673
6664.0,0.9313676269106128,0.010080360884471673
6665.0,0.9341151315059704,0.010080360884471673
6666.0,0.9391072104049811,0.010080360884471673
6667.0,0.9423198417815322,0.010080360884471673
6668.0,0.9339580487327631,0.010080360884471673
6669.0,0.9255962556839941,0.010080360884471673
6670.0,0.927166361301325,0.010080360884471673
6671.0,0.9323673085621643,0.010080360884471673
6672.0,0.9358644831940864,0.010080360884471673
6673.0,0.9359232471219917,0.010080360884471673
6674.0,0.935982011049897,0.010080360884471673
6675.0,0.933569188765863,0.010080360884471673
6676.0,0.9309713961588713,0.010080360884471673
6677.0,0.9295036609702274,0.010080360884471673
6678.0,0.9290404212645578,0.010080360884471673
6679.0,0.9293412323570417,0.010080360884471673
6680.0,0.9348261638182644,0.010080360884471673
6681.0,0.9403110952794871,0.010080360884471673
6682.0,0.939299188949138,0.010080360884471673
6683.0,0.9358536486605646,0.010080360884471673
6684.0,0.9308612316345565,0.010080360884471673
6685.0,0.9226783813375881,0.010080360884471673
6686.0,0.9144955310406195,0.010080360884471673
6687.0,0.9117783184064968,0.010080360884471673
6688.0,0.9095006252731453,0.010080360884471673
6689.0,0.9095630843245799,0.010080360884471673
6690.0,0.9117461389484911,0.010080360884471673
6691.0,0.9142911237462912,0.010080360884471673
6692.0,0.9194012447279567,0.010080360884471673
6693.0,0.9245113657096221,0.010080360884471673
6694.0,0.9274664546721375,0.010080360884471673
6695.0,0.9295946127435831,0.010080360884471673
6696.0,0.9287089618445732,0.010080360884471673
6697.0,0.9214695718847234,0.010080360884471673
6698.0,0.9142301819248736,0.010080360884471673
6699.0,0.9173094475085058,0.010080360884471673
6700.0,0.9212766286930024,0.010080360884471673
6701.0,0.9231254066992672,0.010080360884471673
6702.0,0.9230172302683687,0.010080360884471673
6703.0,0.9216665746474207,0.010080360884471673
6704.0,0.9111040026073004,0.010080360884471673
6705.0,0.9005414305671802,0.010080360884471673
6706.0,0.9067710933219548,0.010080360884471673
6707.0,0.9195997112218729,0.010080360884471673
6708.0,0.9246736400161933,0.010080360884471673
6709.0,0.9130338638822136,0.010080360884471673
6710.0,0.9013940877482339,0.010080360884471673
6711.0,0.9089977173219997,0.010080360884471673
6712.0,0.9183667969606915,0.010080360884471673
6713.0,0.9224508992351788,0.010080360884471673
6714.0,0.9215580065093377,0.010080360884471673
6715.0,0.9205595239774419,0.010080360884471673
6716.0,0.9187407753732484,0.010080360884471673
6717.0,0.9169220267690549,0.010080360884471673
6718.0,0.9198179980091425,0.010080360884471673
6719.0,0.9246109693212499,0.010080360884471673
6720.0,0.924963457627626,0.010080360884471673
6721.0,0.9155298045406085,0.010080360884471673
6722.0,0.9060961514535911,0.010080360884471673
6723.0,0.9153134320270805,0.010080360884471673
6724.0,0.926349117199889,0.010080360884471673
6725.0,0.9236201648692978,0.010080360884471673
6726.0,0.907677160535449,0.010080360884471673
6727.0,0.894149232125633,0.010080360884471673
6728.0,0.9003134612501281,0.010080360884471673
6729.0,0.9064776903746232,0.010080360884471673
6730.0,0.9095584333528445,0.010080360884471673
6731.0,0.9113691981386179,0.010080360884471673
6732.0,0.9118679498230106,0.010080360884471673
6733.0,0.9094095469781134,0.010080360884471673
6734.0,0.9069511441332162,0.010080360884471673
6735.0,0.915209554966996,0.010080360884471673
6736.0,0.9245751333066518,0.010080360884471673
6737.0,0.9249166748719777,0.010080360884471673
6738.0,0.9164270925631548,0.010080360884471673
6739.0,0.9093066897640433,0.010080360884471673
6740.0,0.9139266078183165,0.010080360884471673
6741.0,0.9185465258725898,0.010080360884471673
6742.0,0.9190904552463126,0.010080360884471673
6743.0,0.9179163484355675,0.010080360884471673
6744.0,0.9153530577148697,0.010080360884471673
6745.0,0.9095869263128923,0.010080360884471673
6746.0,0.9038207949109146,0.010080360884471673
6747.0,0.9036720856780519,0.010080360884471673
6748.0,0.9041367301307621,0.010080360884471673
6749.0,0.9055532636525209,0.010080360884471673
6750.0,0.9079194035357253,0.010080360884471673
6751.0,0.9094055102959915,0.010080360884471673
6752.0,0.9029395105237177,0.010080360884471673
6753.0,0.8964735107514437,0.010080360884471673
6754.0,0.8995915840328972,0.010080360884471673
6755.0,0.9068429946622656,0.010080360884471673
6756.0,0.9079817237873176,0.010080360884471673
6757.0,0.8947014259768086,0.010080360884471673
6758.0,0.8814211281662995,0.010080360884471673
6759.0,0.881693893382233,0.010080360884471673
6760.0,0.8835269844619736,0.010080360884471673
6761.0,0.8847907148957,0.010080360884471673
6762.0,0.8854754345029721,0.010080360884471673
6763.0,0.8868228092947377,0.010080360884471673
6764.0,0.8944947664802905,0.010080360884471673
6765.0,0.9021667236658432,0.010080360884471673
6766.0,0.9031403858254794,0.010080360884471673
6767.0,0.9011589178266269,0.010080360884471673
6768.0,0.8986521607128666,0.010080360884471673
6769.0,0.8948773901209107,0.010080360884471673
6770.0,0.8911026195289549,0.010080360884471673
6771.0,0.8947585664233206,0.010080360884471673
6772.0,0.899314600227198,0.010080360884471673
6773.0,0.9022603447961288,0.010080360884471673
6774.0,0.9035367430677055,0.010080360884471673
6775.0,0.9040885692834345,0.010080360884471673
6776.0,0.8973173872547519,0.010080360884471673
6777.0,0.8905462052260693,0.010080360884471673
6778.0,0.8935061735182719,0.010080360884471673
6779.0,0.9008570267113478,0.010080360884471673
6780.0,0.9069127295170459,0.010080360884471673
6781.0,0.9097683315739344,0.010080360884471673
6782.0,0.912623933630823,0.010080360884471673
6783.0,0.9068786620393279,0.010080360884471673
6784.0,0.9000393686305795,0.010080360884471673
6785.0,0.8963861203128624,0.010080360884471673
6786.0,0.8960998529802326,0.010080360884471673
6787.0,0.8961297970732963,0.010080360884471673
6788.0,0.8995534468899733,0.010080360884471673
6789.0,0.9029770967066503,0.010080360884471673
6790.0,0.8953460546786615,0.010080360884471673
6791.0,0.8826143390451546,0.010080360884471673
6792.0,0.8733308562182832,0.010080360884471673
6793.0,0.8727702334997368,0.010080360884471673
6794.0,0.8722096107811903,0.010080360884471673
6795.0,0.8813652005397737,0.010080360884471673
6796.0,0.8918162852953064,0.010080360884471673
6797.0,0.8969733612827446,0.010080360884471673
6798.0,0.8964271659788817,0.010080360884471673
6799.0,0.8962840478381711,0.010080360884471673
6800.0,0.9007492447269275,0.010080360884471673
6801.0,0.9052144416156841,0.010080360884471673
6802.0,0.8969467483433512,0.010080360884471673
6803.0,0.8826725503483734,0.010080360884471673
6804.0,0.8733074769770981,0.010080360884471673
6805.0,0.876659575583601,0.010080360884471673
6806.0,0.8800116741901037,0.010080360884471673
6807.0,0.8873431745968892,0.010080360884471673
6808.0,0.8952299403711533,0.010080360884471673
6809.0,0.896829651032563,0.010080360884471673
6810.0,0.8915246865574373,0.010080360884471673
6811.0,0.886676184835005,0.010080360884471673
6812.0,0.8874066723121922,0.010080360884471673
6813.0,0.8881371597893795,0.010080360884471673
6814.0,0.8843171356013206,0.010080360884471673
6815.0,0.8783028255390948,0.010080360884471673
6816.0,0.8733852406521723,0.010080360884471673
6817.0,0.8713778256383075,0.010080360884471673
6818.0,0.8693704106244425,0.010080360884471673
6819.0,0.8660273194431048,0.010080360884471673
6820.0,0.8624894804299226,0.010080360884471673
6821.0,0.8641370322350019,0.010080360884471673
6822.0,0.8715901106559375,0.010080360884471673
6823.0,0.8786919000839089,0.010080360884471673
6824.0,0.881185254248239,0.010080360884471673
6825.0,0.8836786084125694,0.010080360884471673
6826.0,0.882041941520058,0.010080360884471673
6827.0,0.8783698699848415,0.010080360884471673
6828.0,0.8770607806969607,0.010080360884471673
6829.0,0.8821760493939986,0.010080360884471673
6830.0,0.8872913180910365,0.010080360884471673
6831.0,0.889843014935857,0.010080360884471673
6832.0,0.8920046801019182,0.010080360884471673
6833.0,0.8936755866228471,0.010080360884471673
6834.0,0.8947863470295369,0.010080360884471673
6835.0,0.89505409298762,0.010080360884471673
6836.0,0.8833970163818319,0.010080360884471673
6837.0,0.8717399397760438,0.010080360884471673
6838.0,0.8675667163104334,0.010080360884471673
6839.0,0.8671624369352607,0.010080360884471673
6840.0,0.8666957965107569,0.010080360884471673
6841.0,0.8660553955260709,0.010080360884471673
6842.0,0.8654149945413849,0.010080360884471673
6843.0,0.8704871533430778,0.010080360884471673
6844.0,0.8764650587590244,0.010080360884471673
6845.0,0.8769589742609276,0.010080360884471673
6846.0,0.8710715196810411,0.010080360884471673
6847.0,0.8654367940809538,0.010080360884471673
6848.0,0.8636772461710746,0.010080360884471673
6849.0,0.8619176982611952,0.010080360884471673
6850.0,0.8657485150900469,0.010080360884471673
6851.0,0.8724558286844611,0.010080360884471673
6852.0,0.8765989726101178,0.010080360884471673
6853.0,0.8734176133615816,0.010080360884471673
6854.0,0.8702362541130454,0.010080360884471673
6855.0,0.8644213988029976,0.010080360884471673
6856.0,0.8581719245625192,0.010080360884471673
6857.0,0.8547782725435378,0.010080360884471673
6858.0,0.8547726300891587,0.010080360884471673
6859.0,0.8550834613976216,0.010080360884471673
6860.0,0.8606868113782769,0.010080360884471673
6861.0,0.8662901613589322,0.010080360884471673
6862.0,0.8656109489341872,0.010080360884471673
6863.0,0.861629363963009,0.010080360884471673
6864.0,0.8607026186979355,0.010080360884471673
6865.0,0.8687242482323427,0.010080360884471673
6866.0,0.8767458777667498,0.010080360884471673
6867.0,0.8785693618572372,0.010080360884471673
6868.0,0.8793293104425839,0.010080360884471673
6869.0,0.8759992663624028,0.010080360884471673
6870.0,0.8677221754507093,0.010080360884471673
6871.0,0.8600783295808572,0.010080360884471673
6872.0,0.864068520526325,0.010080360884471673
6873.0,0.8680587114717929,0.010080360884471673
6874.0,0.8651593825578381,0.010080360884471673
6875.0,0.8585610678891016,0.010080360884471673
6876.0,0.8546186120634555,0.010080360884471673
6877.0,0.8586565013191904,0.010080360884471673
6878.0,0.8626943905749253,0.010080360884471673
6879.0,0.8650551008323083,0.010080360884471673
6880.0,0.8671169079018662,0.010080360884471673
6881.0,0.8655647603933984,0.010080360884471673
6882.0,0.8595557252015825,0.010080360884471673
6883.0,0.8539238208605533,0.010080360884471673
6884.0,0.8559699138406744,0.010080360884471673
6885.0,0.8580160068207957,0.010080360884471673
6886.0,0.8531572460938793,0.010080360884471673
6887.0,0.8445123666986127,0.010080360884471673
6888.0,0.8406331685826864,0.010080360884471673
6889.0,0.8514481544113252,0.010080360884471673
6890.0,0.862263140239964,0.010080360884471673
6891.0,0.8631528897481009,0.010080360884471673
6892.0,0.8622072470490377,0.010080360884471673
6893.0,0.8596487847089065,0.010080360884471673
6894.0,0.8550622781588674,0.010080360884471673
6895.0,0.8506819150373247,0.010080360884471673
6896.0,0.8510016220854598,0.010080360884471673
6897.0,0.8513213291335949,0.010080360884471673
6898.0,0.8491766207030153,0.010080360884471673
6899.0,0.8456520242047705,0.010080360884471673
6900.0,0.8434908832834339,0.010080360884471673
6901.0,0.845645079263004,0.010080360884471673
6902.0,0.8477992752425741,0.010080360884471673
6903.0,0.8494105718830062,0.010080360884471673
6904.0,0.8509177933997691,0.010080360884471673
6905.0,0.8541126401032862,0.010080360884471673
6906.0,0.8594713459503648,0.010080360884471673
6907.0,0.8642238339630216,0.010080360884471673
6908.0,0.8532928799370852,0.010080360884471673
6909.0,0.8423619259111489,0.010080360884471673
6910.0,0.8358977393761724,0.010080360884471673
6911.0,0.8319871953879118,0.010080360884471673
6912.0,0.8310722199921512,0.010080360884471673
6913.0,0.8398928425220279,0.010080360884471673
6914.0,0.8487134650519047,0.010080360884471673
6915.0,0.8495813269430773,0.010080360884471673
6916.0,0.8488700795275747,0.010080360884471673
6917.0,0.8520502010496349,0.010080360884471673
6918.0,0.8603182066119301,0.010080360884471673
6919.0,0.8680911988597675,0.010080360884471673
6920.0,0.8610871269798092,0.010080360884471673
6921.0,0.8540830550998508,0.010080360884471673
6922.0,0.8509006755439755,0.010080360884471673
6923.0,0.8499488274396113,0.010080360884471673
6924.0,0.8483524311210564,0.010080360884471673
6925.0,0.8446041837332523,0.010080360884471673
6926.0,0.8408559363454482,0.010080360884471673
6927.0,0.8425586650140614,0.010080360884471673
6928.0,0.8453815653179974,0.010080360884471673
6929.0,0.8434043572095193,0.010080360884471673
6930.0,0.8350270045511594,0.010080360884471673
6931.0,0.826808324882917,0.010080360884471673
6932.0,0.8241776939971484,0.010080360884471673
6933.0,0.8215470631113796,0.010080360884471673
6934.0,0.8265165596877808,0.010080360884471673
6935.0,0.8360141015529443,0.010080360884471673
6936.0,0.8415316723954123,0.010080360884471673
6937.0,0.833394555420695,0.010080360884471673
6938.0,0.8252574384459777,0.010080360884471673
6939.0,0.8328987206243634,0.010080360884471673
6940.0,0.8438931997115584,0.010080360884471673
6941.0,0.8476396915851998,0.010080360884471673
6942.0,0.8415305634517264,0.010080360884471673
6943.0,0.8354213951730377,0.010080360884471673
6944.0,0.8293105069888141,0.010080360884471673
6945.0,0.8231996188045904,0.010080360884471673
6946.0,0.8250977937952867,0.010080360884471673
6947.0,0.8318663450409921,0.010080360884471673
6948.0,0.83528346901605,0.010080360884471673
6949.0,0.8268795261506173,0.010080360884471673
6950.0,0.8184755832851847,0.010080360884471673
6951.0,0.8179010194594969,0.010080360884471673
6952.0,0.8190459385854315,0.010080360884471673
6953.0,0.8234949145403025,0.010080360884471673
6954.0,0.8325260208825813,0.010080360884471673
6955.0,0.8414174718894272,0.010080360884471673
6956.0,0.8426930519374969,0.010080360884471673
6957.0,0.8439686319855667,0.010080360884471673
6958.0,0.8386737038923425,0.010080360884471673
6959.0,0.8293009701628045,0.010080360884471673
6960.0,0.8218042979209419,0.010080360884471673
6961.0,0.821113559853798,0.010080360884471673
6962.0,0.8204228217866539,0.010080360884471673
6963.0,0.8128487909295619,0.010080360884471673
6964.0,0.8037136008829961,0.010080360884471673
6965.0,0.7989017492125758,0.010080360884471673
6966.0,0.8002052283466651,0.010080360884471673
6967.0,0.8015872484225935,0.010080360884471673
6968.0,0.8088384188792315,0.010080360884471673
6969.0,0.8160895893358695,0.010080360884471673
6970.0,0.8186094024951864,0.010080360884471673
6971.0,0.8181326893662041,0.010080360884471673
6972.0,0.8170507942741101,0.010080360884471673
6973.0,0.813709782421989,0.010080360884471673
6974.0,0.8103687705698679,0.010080360884471673
6975.0,0.8181039158006743,0.010080360884471673
6976.0,0.8284317022449612,0.010080360884471673
6977.0,0.8314626354162402,0.010080360884471673
6978.0,0.8239655574135923,0.010080360884471673
6979.0,0.8165356065809288,0.010080360884471673
6980.0,0.8170266618061794,0.010080360884471673
6981.0,0.8175177170314301,0.010080360884471673
6982.0,0.817279488884241,0.010080360884471673
6983.0,0.816569964960791,0.010080360884471673
6984.0,0.8154632672697805,0.010080360884471673
6985.0,0.8128302215534368,0.010080360884471673
6986.0,0.8101971758370932,0.010080360884471673
6987.0,0.8136675633684854,0.010080360884471673
6988.0,0.8186115070640045,0.010080360884471673
6989.0,0.8238412774330566,0.010080360884471673
6990.0,0.829491730383925,0.010080360884471673
6991.0,0.8350841464218582,0.010080360884471673
6992.0,0.8246196832131171,0.010080360884471673
6993.0,0.814155220004376,0.010080360884471673
6994.0,0.8137290278652484,0.010080360884471673
6995.0,0.8199216957341681,0.010080360884471673
6996.0,0.8225325301769354,0.010080360884471673
6997.0,0.810965273974568,0.010080360884471673
6998.0,0.7993980177722008,0.010080360884471673
6999.0,0.800061758448759,0.010080360884471673
7000.0,0.8037694953500553,0.010080360884471673
7001.0,0.804974983153049,0.010080360884471673
7002.0,0.8024233401778057,0.010080360884471673
7003.0,0.7998716972025622,0.010080360884471673
7004.0,0.7994786541809237,0.010080360884471673
7005.0,0.7990882056303829,0.010080360884471673
7006.0,0.8010294263387979,0.010080360884471673
7007.0,0.8045391394202017,0.010080360884471673
7008.0,0.8067128717710277,0.010080360884471673
7009.0,0.8034367802879737,0.010080360884471673
7010.0,0.8001606888049196,0.010080360884471673
7011.0,0.8034917821758815,0.010080360884471673
7012.0,0.8085170255094155,0.010080360884471673
7013.0,0.8102009162421401,0.010080360884471673
7014.0,0.8067661391608587,0.010080360884471673
7015.0,0.8033313620795773,0.010080360884471673
7016.0,0.8116597373240937,0.010080360884471673
7017.0,0.8200591460971419,0.010080360884471673
7018.0,0.8208121191692186,0.010080360884471673
7019.0,0.8163178418311341,0.010080360884471673
7020.0,0.8117564970870793,0.010080360884471673
7021.0,0.8069130500666629,0.010080360884471673
7022.0,0.8020696030462464,0.010080360884471673
7023.0,0.7955304413985298,0.010080360884471673
7024.0,0.7885435493332862,0.010080360884471673
7025.0,0.7864121238350291,0.010080360884471673
7026.0,0.7918701660783874,0.010080360884471673
7027.0,0.7973282083217456,0.010080360884471673
7028.0,0.8001305103219882,0.010080360884471673
7029.0,0.8029038054506457,0.010080360884471673
7030.0,0.8013657959432451,0.010080360884471673
7031.0,0.7968098731906084,0.010080360884471673
7032.0,0.7934260188149936,0.010080360884471673
7033.0,0.7951286406653043,0.010080360884471673
7034.0,0.796831262515615,0.010080360884471673
7035.0,0.8020140458848236,0.010080360884471673
7036.0,0.8081425830713796,0.010080360884471673
7037.0,0.8067200956477406,0.010080360884471673
7038.0,0.7932536063536747,0.010080360884471673
7039.0,0.7797871170596088,0.010080360884471673
7040.0,0.782313053469694,0.010080360884471673
7041.0,0.7850925283360594,0.010080360884471673
7042.0,0.7903227702015752,0.010080360884471673
7043.0,0.7973028395335636,0.010080360884471673
7044.0,0.8006848703280277,0.010080360884471673
7045.0,0.787946741622165,0.010080360884471673
7046.0,0.7752086129163023,0.010080360884471673
7047.0,0.7729100269538551,0.010080360884471673
7048.0,0.773530022833641,0.010080360884471673
7049.0,0.7774325112665723,0.010080360884471673
7050.0,0.7866781106061953,0.010080360884471673
7051.0,0.7959237099458183,0.010080360884471673
7052.0,0.7923845498117189,0.010080360884471673
7053.0,0.7885790405219139,0.010080360884471673
7054.0,0.7840424902886253,0.010080360884471673
7055.0,0.7789735845135057,0.010080360884471673
7056.0,0.7757935962332536,0.010080360884471673
7057.0,0.7813562328447473,0.010080360884471673
7058.0,0.7869188694562409,0.010080360884471673
7059.0,0.7811697916443513,0.010080360884471673
7060.0,0.7721688144773655,0.010080360884471673
7061.0,0.7665492793067584,0.010080360884471673
7062.0,0.7665474752483524,0.010080360884471673
7063.0,0.7665456711899465,0.010080360884471673
7064.0,0.7713881541742782,0.010080360884471673
7065.0,0.776355920444197,0.010080360884471673
7066.0,0.7799123395720006,0.010080360884471673
7067.0,0.782420582475014,0.010080360884471673
7068.0,0.7855002235659824,0.010080360884471673
7069.0,0.7913138462645933,0.010080360884471673
7070.0,0.7971274689632043,0.010080360884471673
7071.0,0.791327112691412,0.010080360884471673
7072.0,0.7820949430380006,0.010080360884471673
7073.0,0.7765240036603299,0.010080360884471673
7074.0,0.777161752517246,0.010080360884471673
7075.0,0.7777995013741619,0.010080360884471673
7076.0,0.7784824160409255,0.010080360884471673
7077.0,0.7791667281646769,0.010080360884471673
7078.0,0.7756523325618255,0.010080360884471673
7079.0,0.768957903047898,0.010080360884471673
7080.0,0.7629985788465269,0.010080360884471673
7081.0,0.7606780259423208,0.010080360884471673
7082.0,0.7583574730381148,0.010080360884471673
7083.0,0.7646086191306365,0.010080360884471673
7084.0,0.7734621276728685,0.010080360884471673
7085.0,0.7788750484780221,0.010080360884471673
7086.0,0.7783318042826063,0.010080360884471673
7087.0,0.7777885600871904,0.010080360884471673
7088.0,0.7731346687292205,0.010080360884471673
7089.0,0.76833250775967,0.010080360884471673
7090.0,0.7652850515797907,0.010080360884471673
7091.0,0.7635928248438464,0.010080360884471673
7092.0,0.7640387058345799,0.010080360884471673
7093.0,0.7754423889245399,0.010080360884471673
7094.0,0.7868460720144999,0.010080360884471673
7095.0,0.7806573452273778,0.010080360884471673
7096.0,0.7689831111085164,0.010080360884471673
7097.0,0.7602703312815742,0.010080360884471673
7098.0,0.7567917497380053,0.010080360884471673
7099.0,0.7533131681944364,0.010080360884471673
7100.0,0.7421231017760489,0.010080360884471673
7101.0,0.7306149366065783,0.010080360884471673
7102.0,0.7335242866889249,0.010080360884471673
7103.0,0.7477882035039305,0.010080360884471673
7104.0,0.7588495887356848,0.010080360884471673
7105.0,0.7529035903321847,0.010080360884471673
7106.0,0.7469575919286848,0.010080360884471673
7107.0,0.7518638375458604,0.010080360884471673
7108.0,0.7602441771284357,0.010080360884471673
7109.0,0.764863354578953,0.010080360884471673
7110.0,0.7626947108079871,0.010080360884471673
7111.0,0.7605260670370214,0.010080360884471673
7112.0,0.7492983444522144,0.010080360884471673
7113.0,0.737649534033094,0.010080360884471673
7114.0,0.7351220336731297,0.010080360884471673
7115.0,0.7399192216939949,0.010080360884471673
7116.0,0.744127139134364,0.010080360884471673
7117.0,0.7450894647056127,0.010080360884471673
7118.0,0.7460517902768612,0.010080360884471673
7119.0,0.7540316723149278,0.010080360884471673
7120.0,0.7643171630167308,0.010080360884471673
7121.0,0.7654368539907256,0.010080360884471673
7122.0,0.7496639447837605,0.010080360884471673
7123.0,0.7338910355767955,0.010080360884471673
7124.0,0.7393646595026573,0.010080360884471673
7125.0,0.7459381670881681,0.010080360884471673
7126.0,0.7483902251628822,0.010080360884471673
7127.0,0.7474677339656648,0.010080360884471673
7128.0,0.7469096015171475,0.010080360884471673
7129.0,0.7484347783656286,0.010080360884471673
7130.0,0.7499599552141097,0.010080360884471673
7131.0,0.7451325961652615,0.010080360884471673
7132.0,0.7381639328813551,0.010080360884471673
7133.0,0.7352968296686333,0.010080360884471673
7134.0,0.7401503101193129,0.010080360884471673
7135.0,0.7450037905699924,0.010080360884471673
7136.0,0.7408875845774155,0.010080360884471673
7137.0,0.7362591502981104,0.010080360884471673
7138.0,0.7351183310424404,0.010080360884471673
7139.0,0.7368889789540769,0.010080360884471673
7140.0,0.7389269649197139,0.010080360884471673
7141.0,0.7425533844895416,0.010080360884471673
7142.0,0.7461798040593692,0.010080360884471673
7143.0,0.7475952530327183,0.010080360884471673
7144.0,0.7482463276803062,0.010080360884471673
7145.0,0.747510616286522,0.010080360884471673
7146.0,0.7441083829605618,0.010080360884471673
7147.0,0.7407061496346017,0.010080360884471673
7148.0,0.7400929531441467,0.010080360884471673
7149.0,0.7396540714559107,0.010080360884471673
7150.0,0.7405868102713618,0.010080360884471673
7151.0,0.7426869505377306,0.010080360884471673
7152.0,0.7440784290567238,0.010080360884471673
7153.0,0.7410896448785768,0.010080360884471673
7154.0,0.7381008607004298,0.010080360884471673
7155.0,0.7374675985038371,0.010080360884471673
7156.0,0.7376693018226552,0.010080360884471673
7157.0,0.737139819856059,0.010080360884471673
7158.0,0.7351739881473027,0.010080360884471673
7159.0,0.7332081564385463,0.010080360884471673
7160.0,0.7271009644383658,0.010080360884471673
7161.0,0.7207123723158215,0.010080360884471673
7162.0,0.7185136102308979,0.010080360884471673
7163.0,0.7199504181561978,0.010080360884471673
7164.0,0.721884900627358,0.010080360884471673
7165.0,0.7270231629874843,0.010080360884471673
7166.0,0.7321614253476105,0.010080360884471673
7167.0,0.7335624529347061,0.010080360884471673
7168.0,0.7336055981656489,0.010080360884471673
7169.0,0.7342575795741232,0.010080360884471673
7170.0,0.7361316292667378,0.010080360884471673
7171.0,0.7380056789593525,0.010080360884471673
7172.0,0.7339070310317748,0.010080360884471673
7173.0,0.7293696669130224,0.010080360884471673
7174.0,0.725392759649674,0.010080360884471673
7175.0,0.7219116411430285,0.010080360884471673
7176.0,0.7195681768978031,0.010080360884471673
7177.0,0.724861743574094,0.010080360884471673
7178.0,0.7301553102503852,0.010080360884471673
7179.0,0.730005963186994,0.010080360884471673
7180.0,0.7278300946982879,0.010080360884471673
7181.0,0.7241543985194882,0.010080360884471673
7182.0,0.7174021327199815,0.010080360884471673
7183.0,0.7106498669204748,0.010080360884471673
7184.0,0.7141478024200897,0.010080360884471673
7185.0,0.7184556631518858,0.010080360884471673
7186.0,0.72097151205144,0.010080360884471673
7187.0,0.7218712772210091,0.010080360884471673
7188.0,0.7219845308615654,0.010080360884471673
7189.0,0.71658464118819,0.010080360884471673
7190.0,0.7111847515148145,0.010080360884471673
7191.0,0.7158412603904649,0.010080360884471673
7192.0,0.7243335431737081,0.010080360884471673
7193.0,0.7282567598493753,0.010080360884471673
7194.0,0.7226002245374195,0.010080360884471673
7195.0,0.7169436892254636,0.010080360884471673
7196.0,0.7190563025190152,0.010080360884471673
7197.0,0.7218264609419333,0.010080360884471673
7198.0,0.7241887099502793,0.010080360884471673
7199.0,0.7261759454645833,0.010080360884471673
7200.0,0.7262970851780396,0.010080360884471673
7201.0,0.7127397426712431,0.010080360884471673
7202.0,0.6991824001644467,0.010080360884471673
7203.0,0.6960055555469885,0.010080360884471673
7204.0,0.6968838636943108,0.010080360884471673
7205.0,0.6995998824201807,0.010080360884471673
7206.0,0.7062548430653427,0.010080360884471673
7207.0,0.7129098037105047,0.010080360884471673
7208.0,0.7103719315457603,0.010080360884471673
7209.0,0.7070038166272427,0.010080360884471673
7210.0,0.7036498931411954,0.010080360884471673
7211.0,0.7003092699976725,0.010080360884471673
7212.0,0.698295698656998,0.010080360884471673
7213.0,0.706470014594435,0.010080360884471673
7214.0,0.7146443305318719,0.010080360884471673
7215.0,0.7145753972527079,0.010080360884471673
7216.0,0.711209164286912,0.010080360884471673
7217.0,0.7089537202067846,0.010080360884471673
7218.0,0.7091326487036771,0.010080360884471673
7219.0,0.7093115772005697,0.010080360884471673
7220.0,0.706799315337798,0.010080360884471673
7221.0,0.7040285575588997,0.010080360884471673
7222.0,0.703386466061265,0.010080360884471673
7223.0,0.7047781003300019,0.010080360884471673
7224.0,0.7060760609211184,0.010080360884471673
7225.0,0.706619541130535,0.010080360884471673
7226.0,0.7071630213399516,0.010080360884471673
7227.0,0.7025578027579383,0.010080360884471673
7228.0,0.695844318342557,0.010080360884471673
7229.0,0.6930627903808602,0.010080360884471673
7230.0,0.6990937406966641,0.010080360884471673
7231.0,0.7051246910124681,0.010080360884471673
7232.0,0.6993826494462981,0.010080360884471673
7233.0,0.6924415068551116,0.010080360884471673
7234.0,0.689876017981742,0.010080360884471673
7235.0,0.6915721255017847,0.010080360884471673
7236.0,0.6929157880864977,0.010080360884471673
7237.0,0.6912756838891846,0.010080360884471673
7238.0,0.6896355796918715,0.010080360884471673
7239.0,0.6918075748274153,0.010080360884471673
7240.0,0.6955771448111382,0.010080360884471673
7241.0,0.6977791626779232,0.010080360884471673
7242.0,0.6963875828062714,0.010080360884471673
7243.0,0.6949960029346197,0.010080360884471673
7244.0,0.6881539403628777,0.010080360884471673
7245.0,0.6807247912237079,0.010080360884471673
7246.0,0.679840623030496,0.010080360884471673
7247.0,0.685454462235763,0.010080360884471673
7248.0,0.6904596752926409,0.010080360884471673
7249.0,0.690037971859733,0.010080360884471673
7250.0,0.6896162684268251,0.010080360884471673
7251.0,0.6890034740747122,0.010080360884471673
7252.0,0.6883087367898353,0.010080360884471673
7253.0,0.6890537128874991,0.010080360884471673
7254.0,0.6931753661554549,0.010080360884471673
7255.0,0.6972970194234108,0.010080360884471673
7256.0,0.6942522168983712,0.010080360884471673
7257.0,0.690393044396861,0.010080360884471673
7258.0,0.6835818711182021,0.010080360884471673
7259.0,0.6737830448790981,0.010080360884471673
7260.0,0.6658084358363409,0.010080360884471673
7261.0,0.6750042711542417,0.010080360884471673
7262.0,0.6842001064721425,0.010080360884471673
7263.0,0.6830589347655766,0.010080360884471673
7264.0,0.6773830484057947,0.010080360884471673
7265.0,0.6752263821356643,0.010080360884471673
7266.0,0.6815158440806711,0.010080360884471673
7267.0,0.6878053060256779,0.010080360884471673
7268.0,0.6847073147142759,0.010080360884471673
7269.0,0.6804863619246225,0.010080360884471673
7270.0,0.6793643050912873,0.010080360884471673
7271.0,0.6814394018909377,0.010080360884471673
7272.0,0.6834735417353835,0.010080360884471673
7273.0,0.685099728749701,0.010080360884471673
7274.0,0.6867259157640184,0.010080360884471673
7275.0,0.6828339858408727,0.010080360884471673
7276.0,0.6764661008397067,0.010080360884471673
7277.0,0.6716525439533825,0.010080360884471673
7278.0,0.6706570876645098,0.010080360884471673
7279.0,0.6696616313756371,0.010080360884471673
7280.0,0.6733318808887466,0.010080360884471673
7281.0,0.6775884961310263,0.010080360884471673
7282.0,0.6782655808545379,0.010080360884471673
7283.0,0.6751779869290012,0.010080360884471673
7284.0,0.6721377951776243,0.010080360884471673
7285.0,0.6695986180725692,0.010080360884471673
7286.0,0.6670594409675141,0.010080360884471673
7287.0,0.662930535104207,0.010080360884471673
7288.0,0.6580721915269562,0.010080360884471673
7289.0,0.6550275894727255,0.010080360884471673
7290.0,0.6565441264384206,0.010080360884471673
7291.0,0.6580606634041157,0.010080360884471673
7292.0,0.6608911469393162,0.010080360884471673
7293.0,0.6638948000631605,0.010080360884471673
7294.0,0.6672904962506248,0.010080360884471673
7295.0,0.6711065172152529,0.010080360884471673
7296.0,0.6743223126368917,0.010080360884471673
7297.0,0.6707855706999797,0.010080360884471673
7298.0,0.6672488287630678,0.010080360884471673
7299.0,0.6643026159375106,0.010080360884471673
7300.0,0.6616334414604896,0.010080360884471673
7301.0,0.6594540143188068,0.010080360884471673
7302.0,0.658535739113617,0.010080360884471673
7303.0,0.6576174639084272,0.010080360884471673
7304.0,0.6518038345127437,0.010080360884471673
7305.0,0.6453147532410519,0.010080360884471673
7306.0,0.6451671707095076,0.010080360884471673
7307.0,0.6519506232331268,0.010080360884471673
7308.0,0.6575279919797048,0.010080360884471673
7309.0,0.648613510342848,0.010080360884471673
7310.0,0.6396990287059912,0.010080360884471673
7311.0,0.6400932099569987,0.010080360884471673
7312.0,0.6449515812252793,0.010080360884471673
7313.0,0.6487418044861273,0.010080360884471673
7314.0,0.6497147290723541,0.010080360884471673
7315.0,0.6506876536585811,0.010080360884471673
7316.0,0.6535895406785474,0.010080360884471673
7317.0,0.6567696434341473,0.010080360884471673
7318.0,0.6549072148972097,0.010080360884471673
7319.0,0.6474263314429592,0.010080360884471673
7320.0,0.6403883738837303,0.010080360884471673
7321.0,0.6390567782720445,0.010080360884471673
7322.0,0.6377251826603587,0.010080360884471673
7323.0,0.6430081262356313,0.010080360884471673
7324.0,0.6515332589651518,0.010080360884471673
7325.0,0.6571705582373508,0.010080360884471673
7326.0,0.6550042897671275,0.010080360884471673
7327.0,0.6528380212969043,0.010080360884471673
7328.0,0.6488183547576007,0.010080360884471673
7329.0,0.6445196545311019,0.010080360884471673
7330.0,0.6434616910680339,0.010080360884471673
7331.0,0.6460848721849688,0.010080360884471673
7332.0,0.6483918278723309,0.010080360884471673
7333.0,0.6463111557243832,0.010080360884471673
7334.0,0.6442304835764358,0.010080360884471673
7335.0,0.6437540171226975,0.010080360884471673
7336.0,0.6440810987464165,0.010080360884471673
7337.0,0.6442857612082217,0.010080360884471673
7338.0,0.6441514167601116,0.010080360884471673
7339.0,0.6440170723120013,0.010080360884471673
7340.0,0.6450299752661082,0.010080360884471673
7341.0,0.6462229323263968,0.010080360884471673
7342.0,0.6428093530457856,0.010080360884471673
7343.0,0.6340612614740316,0.010080360884471673
7344.0,0.6262968610176769,0.010080360884471673
7345.0,0.6333067444290024,0.010080360884471673
7346.0,0.6403166278403277,0.010080360884471673
7347.0,0.6389264384594123,0.010080360884471673
7348.0,0.6332371192646842,0.010080360884471673
7349.0,0.6307783713892159,0.010080360884471673
7350.0,0.6374902775813412,0.010080360884471673
7351.0,0.6442021837734666,0.010080360884471673
7352.0,0.639062068190255,0.010080360884471673
7353.0,0.6319852395515775,0.010080360884471673
7354.0,0.6290869910876685,0.010080360884471673
7355.0,0.6311220925159496,0.010080360884471673
7356.0,0.6326992003465689,0.010080360884471673
7357.0,0.6267862045487637,0.010080360884471673
7358.0,0.6208732087509583,0.010080360884471673
7359.0,0.6252117027320735,0.010080360884471673
7360.0,0.63491020782247,0.010080360884471673
7361.0,0.6410254453788553,0.010080360884471673
7362.0,0.6367105145263834,0.010080360884471673
7363.0,0.6323955836739114,0.010080360884471673
7364.0,0.6333514079474158,0.010080360884471673
7365.0,0.6352029644824945,0.010080360884471673
7366.0,0.6292691722193232,0.010080360884471673
7367.0,0.6139641267731066,0.010080360884471673
7368.0,0.5995597676255887,0.010080360884471673
7369.0,0.6013063514250573,0.010080360884471673
7370.0,0.6030529352245259,0.010080360884471673
7371.0,0.6082138612384723,0.010080360884471673
7372.0,0.6151982849360261,0.010080360884471673
7373.0,0.6224004544106175,0.010080360884471673
7374.0,0.6302527356788512,0.010080360884471673
7375.0,0.6381050169470848,0.010080360884471673
7376.0,0.6393385943810695,0.010080360884471673
7377.0,0.6394036153471508,0.010080360884471673
7378.0,0.6392293147555247,0.010080360884471673
7379.0,0.6387613013430764,0.010080360884471673
7380.0,0.6380917516276584,0.010080360884471673
7381.0,0.6334267447058576,0.010080360884471673
7382.0,0.6287617377840565,0.010080360884471673
7383.0,0.6247054868231768,0.010080360884471673
7384.0,0.6209812845682536,0.010080360884471673
7385.0,0.6190468066298633,0.010080360884471673
7386.0,0.6225949963538053,0.010080360884471673
7387.0,0.6261431860777472,0.010080360884471673
7388.0,0.6252152056024423,0.010080360884471673
7389.0,0.6234670178036973,0.010080360884471673
7390.0,0.6195657619466126,0.010080360884471673
7391.0,0.6129702614651708,0.010080360884471673
7392.0,0.606584705039866,0.010080360884471673
7393.0,0.6048470767462357,0.010080360884471673
7394.0,0.6031094484526055,0.010080360884471673
7395.0,0.6037754249953726,0.010080360884471673
7396.0,0.6057802318956055,0.010080360884471673
7397.0,0.6064250326176378,0.010080360884471673
7398.0,0.6027935950082186,0.010080360884471673
7399.0,0.5991621573987994,0.010080360884471673
7400.0,0.6041855243473493,0.010080360884471673
7401.0,0.6108533041619163,0.010080360884471673
7402.0,0.6117841525537953,0.010080360884471673
7403.0,0.6053949272451464,0.010080360884471673
7404.0,0.5990913988998653,0.010080360884471673
7405.0,0.59493297266884,0.010080360884471673
7406.0,0.5907745464378148,0.010080360884471673
7407.0,0.5961003014400456,0.010080360884471673
7408.0,0.6068200728875518,0.010080360884471673
7409.0,0.612019006058212,0.010080360884471673
7410.0,0.5993943192081604,0.010080360884471673
7411.0,0.5867696323581089,0.010080360884471673
7412.0,0.5919025475852313,0.010080360884471673
7413.0,0.6005308528763919,0.010080360884471673
7414.0,0.6045331195127915,0.010080360884471673
7415.0,0.602516424253094,0.010080360884471673
7416.0,0.6006638565242074,0.010080360884471673
7417.0,0.603529955306124,0.010080360884471673
7418.0,0.6063960540880405,0.010080360884471673
7419.0,0.6069036881450482,0.010080360884471673
7420.0,0.6060418910714617,0.010080360884471673
7421.0,0.6042768717842516,0.010080360884471673
7422.0,0.5995167114777735,0.010080360884471673
7423.0,0.5947565511712952,0.010080360884471673
7424.0,0.5975352897830444,0.010080360884471673
7425.0,0.6018501335211898,0.010080360884471673
7426.0,0.6029039821065552,0.010080360884471673
7427.0,0.5996310913132327,0.010080360884471673
7428.0,0.5966827895432624,0.010080360884471673
7429.0,0.6046758427686079,0.010080360884471673
7430.0,0.6126688959939532,0.010080360884471673
7431.0,0.6117249387828266,0.010080360884471673
7432.0,0.6054837096112675,0.010080360884471673
7433.0,0.5990504774573722,0.010080360884471673
7434.0,0.5919630129192217,0.010080360884471673
7435.0,0.5848755483810713,0.010080360884471673
7436.0,0.583417803860233,0.010080360884471673
7437.0,0.5831465555639661,0.010080360884471673
7438.0,0.5835673811251751,0.010080360884471673
7439.0,0.5849246569059614,0.010080360884471673
7440.0,0.5863294671712326,0.010080360884471673
7441.0,0.5896665542308243,0.010080360884471673
7442.0,0.5930036412904158,0.010080360884471673
7443.0,0.5946100394993641,0.010080360884471673
7444.0,0.595169354280372,0.010080360884471673
7445.0,0.5954913646839953,0.010080360884471673
7446.0,0.5949821684035944,0.010080360884471673
7447.0,0.5944729721231933,0.010080360884471673
7448.0,0.59174049381928,0.010080360884471673
7449.0,0.5885237040804212,0.010080360884471673
7450.0,0.583911965315731,0.010080360884471673
7451.0,0.5773751968953927,0.010080360884471673
7452.0,0.5711605465087385,0.010080360884471673
7453.0,0.5813940482168062,0.010080360884471673
7454.0,0.5916275499248739,0.010080360884471673
7455.0,0.5917288711611478,0.010080360884471673
7456.0,0.5855738168828196,0.010080360884471673
7457.0,0.58072718926566,0.010080360884471673
7458.0,0.5805937891793324,0.010080360884471673
7459.0,0.5804603890930046,0.010080360884471673
7460.0,0.5760097237686719,0.010080360884471673
7461.0,0.570587673765787,0.010080360884471673
7462.0,0.5666687829151676,0.010080360884471673
7463.0,0.564865610293313,0.010080360884471673
7464.0,0.5632780139436191,0.010080360884471673
7465.0,0.576439427546881,0.010080360884471673
7466.0,0.5896008411501429,0.010080360884471673
7467.0,0.5915633007153409,0.010080360884471673
7468.0,0.5864688851332722,0.010080360884471673
7469.0,0.5814720410107557,0.010080360884471673
7470.0,0.5768368176648845,0.010080360884471673
7471.0,0.5722015943190135,0.010080360884471673
7472.0,0.5806264152467094,0.010080360884471673
7473.0,0.5920844121373456,0.010080360884471673
7474.0,0.5958117969673454,0.010080360884471673
7475.0,0.5884405545407292,0.010080360884471673
7476.0,0.5810787777404773,0.010080360884471673
7477.0,0.574693143659051,0.010080360884471673
7478.0,0.5683075095776247,0.010080360884471673
7479.0,0.564925856173446,0.010080360884471673
7480.0,0.5634757564197289,0.010080360884471673
7481.0,0.5635040729502635,0.010080360884471673
7482.0,0.5691725903340089,0.010080360884471673
7483.0,0.5748411077177543,0.010080360884471673
7484.0,0.5722405129119952,0.010080360884471673
7485.0,0.5676587766441743,0.010080360884471673
7486.0,0.5667089231070533,0.010080360884471673
7487.0,0.5710779510838252,0.010080360884471673
7488.0,0.5753923435412842,0.010080360884471673
7489.0,0.5683835246202823,0.010080360884471673
7490.0,0.5613747056992803,0.010080360884471673
7491.0,0.5623593223722299,0.010080360884471673
7492.0,0.5685881413235158,0.010080360884471673
7493.0,0.5733357884034523,0.010080360884471673
7494.0,0.5722639199652068,0.010080360884471673
7495.0,0.5711920515269611,0.010080360884471673
7496.0,0.568110542254149,0.010080360884471673
7497.0,0.5645326396614216,0.010080360884471673
7498.0,0.5639436040396592,0.010080360884471673
7499.0,0.5678199714673234,0.010080360884471673
7500.0,0.5716963388949875,0.010080360884471673
7501.0,0.5672748867276367,0.010080360884471673
7502.0,0.5628534345602858,0.010080360884471673
7503.0,0.5584058887457121,0.010080360884471673
7504.0,0.5539408774438185,0.010080360884471673
7505.0,0.5499628926209906,0.010080360884471673
7506.0,0.5479566271194595,0.010080360884471673
7507.0,0.5459503616179284,0.010080360884471673
7508.0,0.5478246605890046,0.010080360884471673
7509.0,0.55068663334904,0.010080360884471673
7510.0,0.5533881126422716,0.010080360884471673
7511.0,0.5558449609845868,0.010080360884471673
7512.0,0.558301809326902,0.010080360884471673
7513.0,0.5603279650158909,0.010080360884471673
7514.0,0.5623520425738626,0.010080360884471673
7515.0,0.559686134072048,0.010080360884471673
7516.0,0.5538177704425516,0.010080360884471673
7517.0,0.5497631965024944,0.010080360884471673
7518.0,0.5532792230052962,0.010080360884471673
7519.0,0.556795249508098,0.010080360884471673
7520.0,0.557358696965767,0.010080360884471673
7521.0,0.5571482108252416,0.010080360884471673
7522.0,0.5562976284646486,0.010080360884471673
7523.0,0.5544515590378783,0.010080360884471673
7524.0,0.552605489611108,0.010080360884471673
7525.0,0.5530978811717596,0.010080360884471673
7526.0,0.553612948717742,0.010080360884471673
7527.0,0.5506036582230901,0.010080360884471673
7528.0,0.5451395195616447,0.010080360884471673
7529.0,0.5396118690217273,0.010080360884471673
7530.0,0.533810753323548,0.010080360884471673
7531.0,0.5280096376253686,0.010080360884471673
7532.0,0.5352286180729008,0.010080360884471673
7533.0,0.5459606427548656,0.010080360884471673
7534.0,0.5501504367852141,0.010080360884471673
7535.0,0.5439579952162893,0.010080360884471673
7536.0,0.5377655536473644,0.010080360884471673
7537.0,0.53828723731565,0.010080360884471673
7538.0,0.5389070567973888,0.010080360884471673
7539.0,0.5347687307843262,0.010080360884471673
7540.0,0.5272498742965137,0.010080360884471673
7541.0,0.522689373432184,0.010080360884471673
7542.0,0.5312771197833168,0.010080360884471673
7543.0,0.5398648661344497,0.010080360884471673
7544.0,0.5372667771132444,0.010080360884471673
7545.0,0.5315634178429811,0.010080360884471673
7546.0,0.5291888055227457,0.010080360884471673
7547.0,0.5322050884203193,0.010080360884471673
7548.0,0.5352213713178928,0.010080360884471673
7549.0,0.5329472030250003,0.010080360884471673
7550.0,0.5305694273648509,0.010080360884471673
7551.0,0.530249695544048,0.010080360884471673
7552.0,0.5314212998387127,0.010080360884471673
7553.0,0.5304002634435456,0.010080360884471673
7554.0,0.5193136818682499,0.010080360884471673
7555.0,0.5082271002929544,0.010080360884471673
7556.0,0.5146746434856714,0.010080360884471673
7557.0,0.5261280710643154,0.010080360884471673
7558.0,0.5318966336361697,0.010080360884471673
7559.0,0.5282688747477415,0.010080360884471673
7560.0,0.5246411158593134,0.010080360884471673
7561.0,0.5233834740149229,0.010080360884471673
7562.0,0.5221841376328703,0.010080360884471673
7563.0,0.519294685389343,0.010080360884471673
7564.0,0.515156170484102,0.010080360884471673
7565.0,0.5115717808057276,0.010080360884471673
7566.0,0.5106166197899863,0.010080360884471673
7567.0,0.509661458774245,0.010080360884471673
7568.0,0.5067406749404226,0.010080360884471673
7569.0,0.5032430235404257,0.010080360884471673
7570.0,0.49963656885901336,0.010080360884471673
7571.0,0.49584655251250304,0.010080360884471673
7572.0,0.49205653616599265,0.010080360884471673
7573.0,0.4965203623370048,0.010080360884471673
7574.0,0.501229049101858,0.010080360884471673
7575.0,0.50489157420855,0.010080360884471673
7576.0,0.5077656237918308,0.010080360884471673
7577.0,0.5093347995016964,0.010080360884471673
7578.0,0.5044999133647493,0.010080360884471673
7579.0,0.4996650272278023,0.010080360884471673
7580.0,0.49590884570749,0.010080360884471673
7581.0,0.49247796104813163,0.010080360884471673
7582.0,0.49026719057460727,0.010080360884471673
7583.0,0.4901577278655713,0.010080360884471673
7584.0,0.49004826515653543,0.010080360884471673
7585.0,0.47878259207650137,0.010080360884471673
7586.0,0.46712887689661614,0.010080360884471673
7587.0,0.46629786495388953,0.010080360884471673
7588.0,0.47378493915096337,0.010080360884471673
7589.0,0.48013024465225884,0.010080360884471673
7590.0,0.48067503181587146,0.010080360884471673
7591.0,0.4812198189794841,0.010080360884471673
7592.0,0.4788541764868208,0.010080360884471673
7593.0,0.4755870329842748,0.010080360884471673
7594.0,0.47267163221121405,0.010080360884471673
7595.0,0.47037469299231255,0.010080360884471673
7596.0,0.46807775377341104,0.010080360884471673
7597.0,0.46946838225342896,0.010080360884471673
7598.0,0.4710063292932028,0.010080360884471673
7599.0,0.46847064211677597,0.010080360884471673
7600.0,0.46274234225699756,0.010080360884471673
7601.0,0.45814432609032496,0.010080360884471673
7602.0,0.45949517146630364,0.010080360884471673
7603.0,0.46084601684228227,0.010080360884471673
7604.0,0.47176264958135444,0.010080360884471673
7605.0,0.48572156595962696,0.010080360884471673
7606.0,0.4897614057724321,0.010080360884471673
7607.0,0.47599350745597485,0.010080360884471673
7608.0,0.4622256091395176,0.010080360884471673
7609.0,0.46326188025025694,0.010080360884471673
7610.0,0.4649668465923271,0.010080360884471673
7611.0,0.46890891152388087,0.010080360884471673
7612.0,0.47463872262845486,0.010080360884471673
7613.0,0.4800351185594773,0.010080360884471673
7614.0,0.48361194641159155,0.010080360884471673
7615.0,0.4871887742637058,0.010080360884471673
7616.0,0.4912427686009288,0.010080360884471673
7617.0,0.49545252588313143,0.010080360884471673
7618.0,0.4958933147209971,0.010080360884471673
7619.0,0.4894243280775961,0.010080360884471673
7620.0,0.4829553414341952,0.010080360884471673
7621.0,0.4805376628300488,0.010080360884471673
7622.0,0.47832433772094624,0.010080360884471673
7623.0,0.4798634463582829,0.010080360884471673
7624.0,0.4844600936038223,0.010080360884471673
7625.0,0.4876590742037704,0.010080360884471673
7626.0,0.48294167092309476,0.010080360884471673
7627.0,0.4782242676424191,0.010080360884471673
7628.0,0.484862877401841,0.010080360884471673
7629.0,0.495305023580131,0.010080360884471673
7630.0,0.5034500231456618,0.010080360884471673
7631.0,0.507293813708682,0.010080360884471673
7632.0,0.5111376042717023,0.010080360884471673
7633.0,0.5017089520551249,0.010080360884471673
7634.0,0.49154013826402726,0.010080360884471673
7635.0,0.4877471750791634,0.010080360884471673
7636.0,0.48925107239793947,0.010080360884471673
7637.0,0.4906001300493467,0.010080360884471673
7638.0,0.4910380650299593,0.010080360884471673
7639.0,0.49147600001057173,0.010080360884471673
7640.0,0.485780609992072,0.010080360884471673
7641.0,0.4779781260625867,0.010080360884471673
7642.0,0.4745134771029661,0.010080360884471673
7643.0,0.4793453167045742,0.010080360884471673
7644.0,0.4841771563061823,0.010080360884471673
7645.0,0.4807083090840816,0.010080360884471673
7646.0,0.4767319039415499,0.010080360884471673
7647.0,0.47715394216992824,0.010080360884471673
7648.0,0.4813014911913994,0.010080360884471673
7649.0,0.48588705941517146,0.010080360884471673
7650.0,0.4931531554068722,0.010080360884471673
7651.0,0.500419251398573,0.010080360884471673
7652.0,0.4974857878044898,0.010080360884471673
7653.0,0.49095929753814876,0.010080360884471673
7654.0,0.4875290297594009,0.010080360884471673
7655.0,0.4901484732950665,0.010080360884471673
7656.0,0.4927679168307322,0.010080360884471673
7657.0,0.4920887338742141,0.010080360884471673
7658.0,0.4911899240577824,0.010080360884471673
7659.0,0.4908051469086636,0.010080360884471673
7660.0,0.49086425479216883,0.010080360884471673
7661.0,0.4915692944581748,0.010080360884471673
7662.0,0.4963900056586878,0.010080360884471673
7663.0,0.5012107168592008,0.010080360884471673
7664.0,0.49546818753004457,0.010080360884471673
7665.0,0.4859111546762823,0.010080360884471673
7666.0,0.480101116628245,0.010080360884471673
7667.0,0.48177158979306656,0.010080360884471673
7668.0,0.4834420629578881,0.010080360884471673
7669.0,0.4803965867896656,0.010080360884471673
7670.0,0.4770112223812276,0.010080360884471673
7671.0,0.4793044256199898,0.010080360884471673
7672.0,0.4865968193382238,0.010080360884471673
7673.0,0.4922425238859439,0.010080360884471673
7674.0,0.486950586603894,0.010080360884471673
7675.0,0.48165864932184416,0.010080360884471673
7676.0,0.4800105004181851,0.010080360884471673
7677.0,0.47971079293744884,0.010080360884471673
7678.0,0.4795697178020452,0.010080360884471673
7679.0,0.47975227580912594,0.010080360884471673
7680.0,0.47993483381620666,0.010080360884471673
7681.0,0.47567309903912847,0.010080360884471673
7682.0,0.471066399750991,0.010080360884471673
7683.0,0.46912959894615186,0.010080360884471673
7684.0,0.4695890168256336,0.010080360884471673
7685.0,0.46947260943189745,0.010080360884471673
7686.0,0.4653638134771892,0.010080360884471673
7687.0,0.4612550175224808,0.010080360884471673
7688.0,0.46292198327202305,0.010080360884471673
7689.0,0.4667787659590976,0.010080360884471673
7690.0,0.4692329027629193,0.010080360884471673
7691.0,0.46876226315092273,0.010080360884471673
7692.0,0.46829162353892617,0.010080360884471673
7693.0,0.4666113902475161,0.010080360884471673
7694.0,0.4648304885614611,0.010080360884471673
7695.0,0.46492026118959634,0.010080360884471673
7696.0,0.4667215933051971,0.010080360884471673
7697.0,0.4676506886296008,0.010080360884471673
7698.0,0.46225822621981616,0.010080360884471673
7699.0,0.4568657638100315,0.010080360884471673
7700.0,0.4574488529000314,0.010080360884471673
7701.0,0.4603524478224471,0.010080360884471673
7702.0,0.46188023438065906,0.010080360884471673
7703.0,0.4604753767941273,0.010080360884471673
7704.0,0.4590705192075957,0.010080360884471673
7705.0,0.455565254615046,0.010080360884471673
7706.0,0.4518732871775169,0.010080360884471673
7707.0,0.45039962529404315,0.010080360884471673
7708.0,0.450995009426181,0.010080360884471673
7709.0,0.4519577398656767,0.010080360884471673
7710.0,0.45570775775069233,0.010080360884471673
7711.0,0.4594577756357079,0.010080360884471673
7712.0,0.45302657898955595,0.010080360884471673
7713.0,0.44254681213554875,0.010080360884471673
7714.0,0.43634163850800606,0.010080360884471673
7715.0,0.43945246767554613,0.010080360884471673
7716.0,0.44256329684308626,0.010080360884471673
7717.0,0.4430559755635853,0.010080360884471673
7718.0,0.4433009449119608,0.010080360884471673
7719.0,0.4461257626534723,0.010080360884471673
7720.0,0.45140355099829427,0.010080360884471673
7721.0,0.4559724727400083,0.010080360884471673
7722.0,0.4549009505430353,0.010080360884471673
7723.0,0.4538294283460623,0.010080360884471673
7724.0,0.45055642320388056,0.010080360884471673
7725.0,0.44638720625461165,0.010080360884471673
7726.0,0.44527183656248936,0.010080360884471673
7727.0,0.4509625218039197,0.010080360884471673
7728.0,0.45665320704535006,0.010080360884471673
7729.0,0.44953600244441394,0.010080360884471673
7730.0,0.44113293307726703,0.010080360884471673
7731.0,0.4372904281969744,0.010080360884471673
7732.0,0.4378683286112631,0.010080360884471673
7733.0,0.4387535516871142,0.010080360884471673
7734.0,0.44220785409108637,0.010080360884471673
7735.0,0.4456621564950585,0.010080360884471673
7736.0,0.44381468751599557,0.010080360884471673
7737.0,0.4397581471273376,0.010080360884471673
7738.0,0.43810982534054155,0.010080360884471673
7739.0,0.44195110422490086,0.010080360884471673
7740.0,0.4457923831092602,0.010080360884471673
7741.0,0.4383854522335442,0.010080360884471673
7742.0,0.42978349243245817,0.010080360884471673
7743.0,0.43190967598256713,0.010080360884471673
7744.0,0.44463598208012883,0.010080360884471673
7745.0,0.4558305972324345,0.010080360884471673
7746.0,0.45354633206651784,0.010080360884471673
7747.0,0.45126206690060117,0.010080360884471673
7748.0,0.4438625659130486,0.010080360884471673
7749.0,0.43428208252894923,0.010080360884471673
7750.0,0.4269515647410824,0.010080360884471673
7751.0,0.42486796672362576,0.010080360884471673
7752.0,0.42278436870616903,0.010080360884471673
7753.0,0.4315216617496603,0.010080360884471673
7754.0,0.44147251266913745,0.010080360884471673
7755.0,0.443881419139762,0.010080360884471673
7756.0,0.43869386108118497,0.010080360884471673
7757.0,0.4341506193709342,0.010080360884471673
7758.0,0.43558917882041254,0.010080360884471673
7759.0,0.43702773826989094,0.010080360884471673
7760.0,0.4339915276196508,0.010080360884471673
7761.0,0.42900339139143107,0.010080360884471673
7762.0,0.4265862580925359,0.010080360884471673
7763.0,0.4303039976371756,0.010080360884471673
7764.0,0.4340217371818152,0.010080360884471673
7765.0,0.43834350821622653,0.010080360884471673
7766.0,0.442736627936678,0.010080360884471673
7767.0,0.4402523431869157,0.010080360884471673
7768.0,0.43070658718064686,0.010080360884471673
7769.0,0.4222049107761487,0.010080360884471673
7770.0,0.42395419773448395,0.010080360884471673
7771.0,0.42570348469281916,0.010080360884471673
7772.0,0.4248318958246979,0.010080360884471673
7773.0,0.4227909231242887,0.010080360884471673
7774.0,0.4213811268725473,0.010080360884471673
7775.0,0.42151275740246974,0.010080360884471673
7776.0,0.42164438793239223,0.010080360884471673
7777.0,0.4257956991901623,0.010080360884471673
7778.0,0.4304460801199436,0.010080360884471673
7779.0,0.4312854056939415,0.010080360884471673
7780.0,0.42813576423707006,0.010080360884471673
7781.0,0.4254874851073553,0.010080360884471673
7782.0,0.4280588685617104,0.010080360884471673
7783.0,0.4306302520160654,0.010080360884471673
7784.0,0.4267112534283738,0.010080360884471673
7785.0,0.4198307343634539,0.010080360884471673
7786.0,0.414671251025116,0.010080360884471673
7787.0,0.4138143570032246,0.010080360884471673
7788.0,0.41295746298133323,0.010080360884471673
7789.0,0.4195488296529709,0.010080360884471673
7790.0,0.42711039039052356,0.010080360884471673
7791.0,0.4291856898358522,0.010080360884471673
7792.0,0.42540716209593776,0.010080360884471673
7793.0,0.4216912915498267,0.010080360884471673
7794.0,0.4186691905119161,0.010080360884471673
7795.0,0.4156470894740056,0.010080360884471673
7796.0,0.41247312083615256,0.010080360884471673
7797.0,0.4092282984764956,0.010080360884471673
7798.0,0.40774443356925316,0.010080360884471673
7799.0,0.4107683187218273,0.010080360884471673
7800.0,0.41379220387440135,0.010080360884471673
7801.0,0.41822019533602356,0.010080360884471673
7802.0,0.42283974291074855,0.010080360884471673
7803.0,0.42277596086335106,0.010080360884471673
7804.0,0.41761803080594045,0.010080360884471673
7805.0,0.412729324132847,0.010080360884471673
7806.0,0.4110215952929043,0.010080360884471673
7807.0,0.4093138664529616,0.010080360884471673
7808.0,0.4074684953198298,0.010080360884471673
7809.0,0.4055574756461525,0.010080360884471673
7810.0,0.40622610486724353,0.010080360884471673
7811.0,0.4136579005385236,0.010080360884471673
7812.0,0.42108969620980374,0.010080360884471673
7813.0,0.4166830575937656,0.010080360884471673
7814.0,0.4105875339765292,0.010080360884471673
7815.0,0.40736981181735343,0.010080360884471673
7816.0,0.40734317076863197,0.010080360884471673
7817.0,0.40640089820326103,0.010080360884471673
7818.0,0.3938706333289257,0.010080360884471673
7819.0,0.3813403684545903,0.010080360884471673
7820.0,0.3858393082994203,0.010080360884471673
7821.0,0.39863998544483714,0.010080360884471673
7822.0,0.4074095902923017,0.010080360884471673
7823.0,0.4053523770652113,0.010080360884471673
7824.0,0.4032951638381209,0.010080360884471673
7825.0,0.4048491490385741,0.010080360884471673
7826.0,0.4069410782806469,0.010080360884471673
7827.0,0.40623499986430467,0.010080360884471673
7828.0,0.40236595626889193,0.010080360884471673
7829.0,0.3987626053221008,0.010080360884471673
7830.0,0.39877640341618653,0.010080360884471673
7831.0,0.39879020151027234,0.010080360884471673
7832.0,0.39623629732471544,0.010080360884471673
7833.0,0.3924031601689081,0.010080360884471673
7834.0,0.3901111883127257,0.010080360884471673
7835.0,0.3920608921235276,0.010080360884471673
7836.0,0.39401059593432963,0.010080360884471673
7837.0,0.3994622176666526,0.010080360884471673
7838.0,0.4054578266489181,0.010080360884471673
7839.0,0.4093734129689797,0.010080360884471673
7840.0,0.41089186722872395,0.010080360884471673
7841.0,0.4118051864082569,0.010080360884471673
7842.0,0.4038127440300345,0.010080360884471673
7843.0,0.3958203016518121,0.010080360884471673
7844.0,0.39814953741412756,0.010080360884471673
7845.0,0.4057331057081297,0.010080360884471673
7846.0,0.40852696451485765,0.010080360884471673
7847.0,0.39780856949283877,0.010080360884471673
7848.0,0.38709017447081984,0.010080360884471673
7849.0,0.3885620505703611,0.010080360884471673
7850.0,0.39200613231857906,0.010080360884471673
7851.0,0.3907255193831972,0.010080360884471673
7852.0,0.3838936985950312,0.010080360884471673
7853.0,0.37752713115460346,0.010080360884471673
7854.0,0.37860461727799644,0.010080360884471673
7855.0,0.3796821034013894,0.010080360884471673
7856.0,0.378492041340512,0.010080360884471673
7857.0,0.3761226887093501,0.010080360884471673
7858.0,0.3760364125665907,0.010080360884471673
7859.0,0.38255398850944694,0.010080360884471673
7860.0,0.3890715644523032,0.010080360884471673
7861.0,0.38390213107251203,0.010080360884471673
7862.0,0.3767657396019584,0.010080360884471673
7863.0,0.37283271830973935,0.010080360884471673
7864.0,0.3727369795002764,0.010080360884471673
7865.0,0.3731299832708869,0.010080360884471673
7866.0,0.38208141266584084,0.010080360884471673
7867.0,0.3910328420607947,0.010080360884471673
7868.0,0.39189258180991804,0.010080360884471673
7869.0,0.38845361143469104,0.010080360884471673
7870.0,0.385654831996548,0.010080360884471673
7871.0,0.38475528567175105,0.010080360884471673
7872.0,0.38385573934695405,0.010080360884471673
7873.0,0.3810437262869668,0.010080360884471673
7874.0,0.37789723385439533,0.010080360884471673
7875.0,0.3791147606114926,0.010080360884471673
7876.0,0.38566220947223284,0.010080360884471673
7877.0,0.3917614343645121,0.010080360884471673
7878.0,0.38920228406128504,0.010080360884471673
7879.0,0.3866431337580579,0.010080360884471673
7880.0,0.3824291988489336,0.010080360884471673
7881.0,0.3773173900703141,0.010080360884471673
7882.0,0.3752071465365198,0.010080360884471673
7883.0,0.38223273508281613,0.010080360884471673
7884.0,0.38925832362911256,0.010080360884471673
7885.0,0.3850810738560955,0.010080360884471673
7886.0,0.3788698335797168,0.010080360884471673
7887.0,0.3774141236802067,0.010080360884471673
7888.0,0.38188039500470633,0.010080360884471673
7889.0,0.3863223866867866,0.010080360884471673
7890.0,0.3902420379535767,0.010080360884471673
7891.0,0.39416168922036676,0.010080360884471673
7892.0,0.3907722401107841,0.010080360884471673
7893.0,0.3833327857553487,0.010080360884471673
7894.0,0.3777529868206114,0.010080360884471673
7895.0,0.37798230952181294,0.010080360884471673
7896.0,0.3782116322230145,0.010080360884471673
7897.0,0.37456732548294336,0.010080360884471673
7898.0,0.3701936049251178,0.010080360884471673
7899.0,0.36062067002544373,0.010080360884471673
7900.0,0.34444600792331626,0.010080360884471673
7901.0,0.32960307798327787,0.010080360884471673
7902.0,0.34704456409342604,0.010080360884471673
7903.0,0.3644860502035742,0.010080360884471673
7904.0,0.3666499537735172,0.010080360884471673
7905.0,0.360169961958873,0.010080360884471673
7906.0,0.35629650170096744,0.010080360884471673
7907.0,0.3607823724457102,0.010080360884471673
7908.0,0.365268243190453,0.010080360884471673
7909.0,0.362026397654157,0.010080360884471673
7910.0,0.35727670503863423,0.010080360884471673
7911.0,0.3540813808635956,0.010080360884471673
7912.0,0.3528985998484084,0.010080360884471673
7913.0,0.3518480470712263,0.010080360884471673
7914.0,0.3544634082028734,0.010080360884471673
7915.0,0.3570787693345206,0.010080360884471673
7916.0,0.35700644537079984,0.010080360884471673
7917.0,0.35538157603949266,0.010080360884471673
7918.0,0.3552331876138428,0.010080360884471673
7919.0,0.3599480533052814,0.010080360884471673
7920.0,0.3646629189967201,0.010080360884471673
7921.0,0.3692301278057925,0.010080360884471673
7922.0,0.3737675069416597,0.010080360884471673
7923.0,0.3743168206547099,0.010080360884471673
7924.0,0.3696005549515602,0.010080360884471673
7925.0,0.36505831637920894,0.010080360884471673
7926.0,0.3661406346741899,0.010080360884471673
7927.0,0.3672229529691709,0.010080360884471673
7928.0,0.36010681101554176,0.010080360884471673
7929.0,0.34815608086187155,0.010080360884471673
7930.0,0.34059548836810594,0.010080360884471673
7931.0,0.34789204595493517,0.010080360884471673
7932.0,0.35518860354176435,0.010080360884471673
7933.0,0.3594352645295419,0.010080360884471673
7934.0,0.3630445015546725,0.010080360884471673
7935.0,0.3624272142155395,0.010080360884471673
7936.0,0.35611900111270134,0.010080360884471673
7937.0,0.34996602652966086,0.010080360884471673
7938.0,0.34981560804550266,0.010080360884471673
7939.0,0.34966518956134446,0.010080360884471673
7940.0,0.35066570894777105,0.010080360884471673
7941.0,0.3523590043986064,0.010080360884471673
7942.0,0.35372258773323084,0.010080360884471673
7943.0,0.35393926924426555,0.010080360884471673
7944.0,0.3541559507553004,0.010080360884471673
7945.0,0.351642494337807,0.010080360884471673
7946.0,0.3485391687036399,0.010080360884471673
7947.0,0.3473913271764146,0.010080360884471673
7948.0,0.3489287943088566,0.010080360884471673
7949.0,0.3505068802508387,0.010080360884471673
7950.0,0.3540346690507194,0.010080360884471673
7951.0,0.35756245785060004,0.010080360884471673
7952.0,0.3584063655409949,0.010080360884471673
7953.0,0.35760145479785377,0.010080360884471673
7954.0,0.35526201998899587,0.010080360884471673
7955.0,0.34743371063738815,0.010080360884471673
7956.0,0.33960540128578043,0.010080360884471673
7957.0,0.3368099267726399,0.010080360884471673
7958.0,0.3351377869077282,0.010080360884471673
7959.0,0.335258692670048,0.010080360884471673
7960.0,0.3378908957661831,0.010080360884471673
7961.0,0.34044977199260834,0.010080360884471673
7962.0,0.3383834148990507,0.010080360884471673
7963.0,0.336317057805493,0.010080360884471673
7964.0,0.33720320337241966,0.010080360884471673
7965.0,0.33994042970890676,0.010080360884471673
7966.0,0.3411834006290905,0.010080360884471673
7967.0,0.3369278474050308,0.010080360884471673
7968.0,0.332672294180971,0.010080360884471673
7969.0,0.33813098275958053,0.010080360884471673
7970.0,0.34582810814943893,0.010080360884471673
7971.0,0.34676706113132766,0.010080360884471673
7972.0,0.3380514821018524,0.010080360884471673
7973.0,0.32946410199343795,0.010080360884471673
7974.0,0.3326140453242996,0.010080360884471673
7975.0,0.3357639886551613,0.010080360884471673
7976.0,0.3407682563049414,0.010080360884471673
7977.0,0.34695885348946015,0.010080360884471673
7978.0,0.3508604065907842,0.010080360884471673
7979.0,0.3460925341126546,0.010080360884471673
7980.0,0.341324661634525,0.010080360884471673
7981.0,0.33532411348037844,0.010080360884471673
7982.0,0.32903050721603555,0.010080360884471673
7983.0,0.3269575192601644,0.010080360884471673
7984.0,0.3310349308452521,0.010080360884471673
7985.0,0.335085066072859,0.010080360884471673
7986.0,0.3346182365019771,0.010080360884471673
7987.0,0.3341514069310952,0.010080360884471673
7988.0,0.33453812116137155,0.010080360884471673
7989.0,0.3354820098174041,0.010080360884471673
7990.0,0.33546491370619835,0.010080360884471673
7991.0,0.3316999770027727,0.010080360884471673
7992.0,0.3279350402993471,0.010080360884471673
7993.0,0.32457187634373685,0.010080360884471673
7994.0,0.3213072037642727,0.010080360884471673
7995.0,0.32040405273166783,0.010080360884471673
7996.0,0.3230114620881199,0.010080360884471673
7997.0,0.3256102217427583,0.010080360884471673
7998.0,0.3210124294877568,0.010080360884471673
7999.0,0.31641463723275537,0.010080360884471673
8000.0,0.31443797715513544,0.010080360884471673
8001.0,0.31420699110764905,0.010080360884471673
8002.0,0.3145602472056335,0.010080360884471673
8003.0,0.3172610304784935,0.010080360884471673
8004.0,0.3199618137513535,0.010080360884471673
8005.0,0.3211833755380206,0.010080360884471673
8006.0,0.32203123926501864,0.010080360884471673
8007.0,0.3208143169885219,0.010080360884471673
8008.0,0.31646590657379237,0.010080360884471673
8009.0,0.31211749615906287,0.010080360884471673
8010.0,0.32032401012301415,0.010080360884471673
8011.0,0.32857590333170417,0.010080360884471673
8012.0,0.33200212182288624,0.010080360884471673
8013.0,0.3321496056773843,0.010080360884471673
8014.0,0.3330678015015065,0.010080360884471673
8015.0,0.3371782672738818,0.010080360884471673
8016.0,0.34128873304625706,0.010080360884471673
8017.0,0.33339565124207526,0.010080360884471673
8018.0,0.32237910471299314,0.010080360884471673
8019.0,0.31406346160367954,0.010080360884471673
8020.0,0.30992719809804037,0.010080360884471673
8021.0,0.3057909345924013,0.010080360884471673
8022.0,0.30472562397098296,0.010080360884471673
8023.0,0.3036863383740051,0.010080360884471673
8024.0,0.30868607642300294,0.010080360884471673
8025.0,0.3178713979339442,0.010080360884471673
8026.0,0.3252855220477459,0.010080360884471673
8027.0,0.3251328218383557,0.010080360884471673
8028.0,0.32498012162896556,0.010080360884471673
8029.0,0.3276333955606685,0.010080360884471673
8030.0,0.3310383459746119,0.010080360884471673
8031.0,0.3322506773600841,0.010080360884471673
8032.0,0.33000097870061057,0.010080360884471673
8033.0,0.32775128004113707,0.010080360884471673
8034.0,0.3163936620925167,0.010080360884471673
8035.0,0.30491416201229093,0.010080360884471673
8036.0,0.3016028483168534,0.010080360884471673
8037.0,0.30406617458605817,0.010080360884471673
8038.0,0.3060310706857861,0.010080360884471673
8039.0,0.3057983428564585,0.010080360884471673
8040.0,0.3055656150271309,0.010080360884471673
8041.0,0.30840905924244455,0.010080360884471673
8042.0,0.3121004528728174,0.010080360884471673
8043.0,0.3108258977625955,0.010080360884471673
8044.0,0.3015497826126714,0.010080360884471673
8045.0,0.2922736674627473,0.010080360884471673
8046.0,0.3003280280985624,0.010080360884471673
8047.0,0.3087001847451095,0.010080360884471673
8048.0,0.30611454536450383,0.010080360884471673
8049.0,0.29562752000564224,0.010080360884471673
8050.0,0.2883720295836455,0.010080360884471673
8051.0,0.2958307949074598,0.010080360884471673
8052.0,0.3032895602312742,0.010080360884471673
8053.0,0.3087218669337555,0.010080360884471673
8054.0,0.3135796460764135,0.010080360884471673
8055.0,0.3126901745897333,0.010080360884471673
8056.0,0.30234966873482544,0.010080360884471673
8057.0,0.2920091628799176,0.010080360884471673
8058.0,0.29223175924398725,0.010080360884471673
8059.0,0.29270091450506036,0.010080360884471673
8060.0,0.3019795327862222,0.010080360884471673
8061.0,0.3177367769967303,0.010080360884471673
8062.0,0.3293418261158519,0.010080360884471673
8063.0,0.32140880655152265,0.010080360884471673
8064.0,0.3134757869871935,0.010080360884471673
8065.0,0.30570065062205937,0.010080360884471673
8066.0,0.2979715329258378,0.010080360884471673
8067.0,0.2942257953414242,0.010080360884471673
8068.0,0.29716598836268465,0.010080360884471673
8069.0,0.30010618138394524,0.010080360884471673
8070.0,0.3037852175634216,0.010080360884471673
8071.0,0.3074852332399828,0.010080360884471673
8072.0,0.30629755154093324,0.010080360884471673
8073.0,0.3014440968101736,0.010080360884471673
8074.0,0.2966768914294083,0.010080360884471673
8075.0,0.29232939239262845,0.010080360884471673
8076.0,0.2879818933558487,0.010080360884471673
8077.0,0.28682471192687026,0.010080360884471673
8078.0,0.2866231326518627,0.010080360884471673
8079.0,0.2914501028568979,0.010080360884471673
8080.0,0.304892763701996,0.010080360884471673
8081.0,0.3183354245470941,0.010080360884471673
8082.0,0.31137643837764134,0.010080360884471673
8083.0,0.3037340223454338,0.010080360884471673
8084.0,0.2971328799137714,0.010080360884471673
8085.0,0.2913281352994743,0.010080360884471673
8086.0,0.2865008929866836,0.010080360884471673
8087.0,0.28659657893145507,0.010080360884471673
8088.0,0.28669226487622645,0.010080360884471673
8089.0,0.28893545920954805,0.010080360884471673
8090.0,0.2918394253547305,0.010080360884471673
8091.0,0.2944061783109076,0.010080360884471673
8092.0,0.29638308641503064,0.010080360884471673
8093.0,0.2983599945191538,0.010080360884471673
8094.0,0.2920891035729634,0.010080360884471673
8095.0,0.28549940742657554,0.010080360884471673
8096.0,0.2852402041752472,0.010080360884471673
8097.0,0.28991824431428387,0.010080360884471673
8098.0,0.29385190580020026,0.010080360884471673
8099.0,0.29390257714782964,0.010080360884471673
8100.0,0.293953248495459,0.010080360884471673
8101.0,0.2911763968795275,0.010080360884471673
8102.0,0.2875061730792195,0.010080360884471673
8103.0,0.284630585755958,0.010080360884471673
8104.0,0.28317418197364175,0.010080360884471673
8105.0,0.28171777819132543,0.010080360884471673
8106.0,0.2876884819063254,0.010080360884471673
8107.0,0.2939849359501505,0.010080360884471673
8108.0,0.2924686505480876,0.010080360884471673
8109.0,0.28473921675048236,0.010080360884471673
8110.0,0.2770912873929231,0.010080360884471673
8111.0,0.2698841089688414,0.010080360884471673
8112.0,0.2626769305447597,0.010080360884471673
8113.0,0.2660862381660092,0.010080360884471673
8114.0,0.2729387304506083,0.010080360884471673
8115.0,0.2771845064210062,0.010080360884471673
8116.0,0.2766763387404306,0.010080360884471673
8117.0,0.27616817105985497,0.010080360884471673
8118.0,0.2736582010913093,0.010080360884471673
8119.0,0.27104990582146526,0.010080360884471673
8120.0,0.2705201275089614,0.010080360884471673
8121.0,0.27167575533794963,0.010080360884471673
8122.0,0.2722004349152041,0.010080360884471673
8123.0,0.26918479374661897,0.010080360884471673
8124.0,0.2661691525780338,0.010080360884471673
8125.0,0.2673500489377306,0.010080360884471673
8126.0,0.2699275529868364,0.010080360884471673
8127.0,0.27151294695820405,0.010080360884471673
8128.0,0.2712504932933715,0.010080360884471673
8129.0,0.27098803962853896,0.010080360884471673
8130.0,0.2741386898260585,0.010080360884471673
8131.0,0.27747511656291973,0.010080360884471673
8132.0,0.27294652199909186,0.010080360884471673
8133.0,0.26191548657920993,0.010080360884471673
8134.0,0.2520543422159999,0.010080360884471673
8135.0,0.24901116950271887,0.010080360884471673
8136.0,0.24596799678943781,0.010080360884471673
8137.0,0.24694323482221003,0.010080360884471673
8138.0,0.24929029745750036,0.010080360884471673
8139.0,0.2558652339896,0.010080360884471673
8140.0,0.27048344281317843,0.010080360884471673
8141.0,0.2851016516367568,0.010080360884471673
8142.0,0.2756983351637139,0.010080360884471673
8143.0,0.26485861705079305,0.010080360884471673
8144.0,0.25774855726140283,0.010080360884471673
8145.0,0.25378230238631233,0.010080360884471673
8146.0,0.25128896464531864,0.010080360884471673
8147.0,0.25772050614900965,0.010080360884471673
8148.0,0.2641520476527006,0.010080360884471673
8149.0,0.26443698451186726,0.010080360884471673
8150.0,0.2625701116413494,0.010080360884471673
8151.0,0.26149098499125323,0.010080360884471673
8152.0,0.2619428138932086,0.010080360884471673
8153.0,0.2623946427951639,0.010080360884471673
8154.0,0.2606655099459202,0.010080360884471673
8155.0,0.2587941404607293,0.010080360884471673
8156.0,0.2583040938948613,0.010080360884471673
8157.0,0.2590011217127833,0.010080360884471673
8158.0,0.25953144296577013,0.010080360884471673
8159.0,0.2590103429890364,0.010080360884471673
8160.0,0.2584892430123026,0.010080360884471673
8161.0,0.2582200158165182,0.010080360884471673
8162.0,0.25804118341976917,0.010080360884471673
8163.0,0.25750262718308525,0.010080360884471673
8164.0,0.2562497805975704,0.010080360884471673
8165.0,0.25499693401205553,0.010080360884471673
8166.0,0.252986073603959,0.010080360884471673
8167.0,0.2509216261004364,0.010080360884471673
8168.0,0.2533403375497145,0.010080360884471673
8169.0,0.2596868616851154,0.010080360884471673
8170.0,0.2643493446554163,0.010080360884471673
8171.0,0.25794308433152585,0.010080360884471673
8172.0,0.2515368240076354,0.010080360884471673
8173.0,0.25041130739989603,0.010080360884471673
8174.0,0.25122813330844096,0.010080360884471673
8175.0,0.25416911247907537,0.010080360884471673
8176.0,0.26142019172332076,0.010080360884471673
8177.0,0.2686712709675661,0.010080360884471673
8178.0,0.26384482695022266,0.010080360884471673
8179.0,0.2580977448548006,0.010080360884471673
8180.0,0.25605910647210844,0.010080360884471673
8181.0,0.25733278258737047,0.010080360884471673
8182.0,0.2588659355145292,0.010080360884471673
8183.0,0.26217870770818574,0.010080360884471673
8184.0,0.26549147990184224,0.010080360884471673
8185.0,0.26218194032956,0.010080360884471673
8186.0,0.2563767196289632,0.010080360884471673
8187.0,0.2524969832793728,0.010080360884471673
8188.0,0.252610317797921,0.010080360884471673
8189.0,0.2527236523164691,0.010080360884471673
8190.0,0.2577423926743171,0.010080360884471673
8191.0,0.2631624844190143,0.010080360884471673
8192.0,0.26140352008966017,0.010080360884471673
8193.0,0.2531076629589332,0.010080360884471673
8194.0,0.2457305701605511,0.010080360884471673
8195.0,0.2449379550772248,0.010080360884471673
8196.0,0.24414533999389854,0.010080360884471673
8197.0,0.2429940886778998,0.010080360884471673
8198.0,0.24170439542183442,0.010080360884471673
8199.0,0.24180436251237344,0.010080360884471673
8200.0,0.2448502013488925,0.010080360884471673
8201.0,0.24789604018541156,0.010080360884471673
8202.0,0.24370615688736127,0.010080360884471673
8203.0,0.2388833840553545,0.010080360884471673
8204.0,0.2394633068026695,0.010080360884471673
8205.0,0.24505823169654184,0.010080360884471673
8206.0,0.2502797915256252,0.010080360884471673
8207.0,0.2527011133687877,0.010080360884471673
8208.0,0.2551224352119502,0.010080360884471673
8209.0,0.2540008741088904,0.010080360884471673
8210.0,0.25147877636377497,0.010080360884471673
8211.0,0.24702072333907257,0.010080360884471673
8212.0,0.23836687370079612,0.010080360884471673
8213.0,0.2297130240625197,0.010080360884471673
8214.0,0.2378854542048974,0.010080360884471673
8215.0,0.24762568731893908,0.010080360884471673
8216.0,0.2507595759560379,0.010080360884471673
8217.0,0.24764213395490373,0.010080360884471673
8218.0,0.24542565765197555,0.010080360884471673
8219.0,0.2502923052955622,0.010080360884471673
8220.0,0.25515895293914875,0.010080360884471673
8221.0,0.2559989628386862,0.010080360884471673
8222.0,0.2552093048485634,0.010080360884471673
8223.0,0.2523482005213068,0.010080360884471673
8224.0,0.24489632323065813,0.010080360884471673
8225.0,0.23744444594000946,0.010080360884471673
8226.0,0.24194574377942904,0.010080360884471673
8227.0,0.24762974364356863,0.010080360884471673
8228.0,0.2483044695135602,0.010080360884471673
8229.0,0.24414713627127616,0.010080360884471673
8230.0,0.2400192633474436,0.010080360884471673
8231.0,0.23613460171927023,0.010080360884471673
8232.0,0.23224994009109684,0.010080360884471673
8233.0,0.23017189087994247,0.010080360884471673
8234.0,0.22884225156649668,0.010080360884471673
8235.0,0.22882985882462878,0.010080360884471673
8236.0,0.23180322497834174,0.010080360884471673
8237.0,0.2347765911320547,0.010080360884471673
8238.0,0.23819645807950154,0.010080360884471673
8239.0,0.24166310694035012,0.010080360884471673
8240.0,0.2431747134732085,0.010080360884471673
8241.0,0.242763861716881,0.010080360884471673
8242.0,0.24213543331041204,0.010080360884471673
8243.0,0.23961712400095422,0.010080360884471673
8244.0,0.2370988146914964,0.010080360884471673
8245.0,0.23641616344475055,0.010080360884471673
8246.0,0.23651170570150792,0.010080360884471673
8247.0,0.23712162509620976,0.010080360884471673
8248.0,0.23892424367132414,0.010080360884471673
8249.0,0.24072686224643855,0.010080360884471673
8250.0,0.23536979962867233,0.010080360884471673
8251.0,0.22922039895889856,0.010080360884471673
8252.0,0.23011985591051154,0.010080360884471673
8253.0,0.23808511485276637,0.010080360884471673
8254.0,0.24405349846070182,0.010080360884471673
8255.0,0.23173342626277138,0.010080360884471673
8256.0,0.21941335406484092,0.010080360884471673
8257.0,0.22074959154646748,0.010080360884471673
8258.0,0.228009047684287,0.010080360884471673
8259.0,0.2321060239136261,0.010080360884471673
8260.0,0.22870011258682948,0.010080360884471673
8261.0,0.22529420126003288,0.010080360884471673
8262.0,0.2173980013349157,0.010080360884471673
8263.0,0.2089781350451099,0.010080360884471673
8264.0,0.21109562850139724,0.010080360884471673
8265.0,0.2239806667467176,0.010080360884471673
8266.0,0.23585064960088936,0.010080360884471673
8267.0,0.23789541680996343,0.010080360884471673
8268.0,0.23994018401903747,0.010080360884471673
8269.0,0.2372978845091718,0.010080360884471673
8270.0,0.2325760545312881,0.010080360884471673
8271.0,0.22909038360019535,0.010080360884471673
8272.0,0.22860608648640185,0.010080360884471673
8273.0,0.22812178937260835,0.010080360884471673
8274.0,0.2279714985156268,0.010080360884471673
8275.0,0.22786217069014136,0.010080360884471673
8276.0,0.22542150497751373,0.010080360884471673
8277.0,0.22055236229911196,0.010080360884471673
8278.0,0.2164714386534378,0.010080360884471673
8279.0,0.2204750858974637,0.010080360884471673
8280.0,0.2244787331414896,0.010080360884471673
8281.0,0.22697556350334278,0.010080360884471673
8282.0,0.22878867241778433,0.010080360884471673
8283.0,0.22939757906097524,0.010080360884471673
8284.0,0.22701361478735171,0.010080360884471673
8285.0,0.22462965051372819,0.010080360884471673
8286.0,0.22515117104562185,0.010080360884471673
8287.0,0.22604670384922906,0.010080360884471673
8288.0,0.224342784629542,0.010080360884471673
8289.0,0.2198785562069043,0.010080360884471673
8290.0,0.21520489647426078,0.010080360884471673
8291.0,0.2082484354625747,0.010080360884471673
8292.0,0.20129197445088867,0.010080360884471673
8293.0,0.20765347941035303,0.010080360884471673
8294.0,0.2201941460858011,0.010080360884471673
8295.0,0.2271864856726325,0.010080360884471673
8296.0,0.22006010356173256,0.010080360884471673
8297.0,0.2129337214508326,0.010080360884471673
8298.0,0.21088467856418172,0.010080360884471673
8299.0,0.20952045391077295,0.010080360884471673
8300.0,0.21342265209189556,0.010080360884471673
8301.0,0.22302575299138375,0.010080360884471673
8302.0,0.23081997103006804,0.010080360884471673
8303.0,0.2175927776412357,0.010080360884471673
8304.0,0.20436558425240337,0.010080360884471673
8305.0,0.20280779723773612,0.010080360884471673
8306.0,0.20678523306958316,0.010080360884471673
8307.0,0.20845214018118657,0.010080360884471673
8308.0,0.20409766941579566,0.010080360884471673
8309.0,0.19974319865040474,0.010080360884471673
8310.0,0.2097110781810742,0.010080360884471673
8311.0,0.22169978247953323,0.010080360884471673
8312.0,0.2283683305465365,0.010080360884471673
8313.0,0.229165898125778,0.010080360884471673
8314.0,0.22946374501498615,0.010080360884471673
8315.0,0.2235473233234265,0.010080360884471673
8316.0,0.2176309016318669,0.010080360884471673
8317.0,0.2167339290927444,0.010080360884471673
8318.0,0.2182706288699542,0.010080360884471673
8319.0,0.21888701859310591,0.010080360884471673
8320.0,0.21704654535256707,0.010080360884471673
8321.0,0.21520607211202822,0.010080360884471673
8322.0,0.21390076733156402,0.010080360884471673
8323.0,0.21267433724149581,0.010080360884471673
8324.0,0.2081742274461814,0.010080360884471673
8325.0,0.19999122798245864,0.010080360884471673
8326.0,0.19292512103045595,0.010080360884471673
8327.0,0.20078300884712402,0.010080360884471673
8328.0,0.20864089666379207,0.010080360884471673
8329.0,0.2068504064506674,0.010080360884471673
8330.0,0.2002790323305098,0.010080360884471673
8331.0,0.19963009263802114,0.010080360884471673
8332.0,0.21518153411546612,0.010080360884471673
8333.0,0.23073297559291106,0.010080360884471673
8334.0,0.2255560365429277,0.010080360884471673
8335.0,0.21719232430940125,0.010080360884471673
8336.0,0.214673717443789,0.010080360884471673
8337.0,0.21885890410581174,0.010080360884471673
8338.0,0.22253446885750683,0.010080360884471673
8339.0,0.2188582656806329,0.010080360884471673
8340.0,0.21518206250375904,0.010080360884471673
8341.0,0.20994462359518437,0.010080360884471673
8342.0,0.20391668558195394,0.010080360884471673
8343.0,0.2012781112335877,0.010080360884471673
8344.0,0.20814213638400025,0.010080360884471673
8345.0,0.2150061615344128,0.010080360884471673
8346.0,0.21128347584753837,0.010080360884471673
8347.0,0.20586514705998263,0.010080360884471673
8348.0,0.20423760243972808,0.010080360884471673
8349.0,0.20704251118175473,0.010080360884471673
8350.0,0.20938099204260485,0.010080360884471673
8351.0,0.2044152122843287,0.010080360884471673
8352.0,0.19944943252605254,0.010080360884471673
8353.0,0.19483128686098033,0.010080360884471673
8354.0,0.19039297376871217,0.010080360884471673
8355.0,0.1872866450464874,0.010080360884471673
8356.0,0.1880089969786235,0.010080360884471673
8357.0,0.18873134891075963,0.010080360884471673
8358.0,0.1979989597155304,0.010080360884471673
8359.0,0.2086907803324039,0.010080360884471673
8360.0,0.21212041741219426,0.010080360884471673
8361.0,0.20689276727543354,0.010080360884471673
8362.0,0.20161060763334307,0.010080360884471673
8363.0,0.19539586145440238,0.010080360884471673
8364.0,0.18918111527546175,0.010080360884471673
8365.0,0.1910438843425368,0.010080360884471673
8366.0,0.19717513853041244,0.010080360884471673
8367.0,0.20185318365584695,0.010080360884471673
8368.0,0.2022473613081183,0.010080360884471673
8369.0,0.20264153896038967,0.010080360884471673
8370.0,0.19947972986846557,0.010080360884471673
8371.0,0.195701883636353,0.010080360884471673
8372.0,0.19136738205538026,0.010080360884471673
8373.0,0.1863563073509289,0.010080360884471673
8374.0,0.18209086807862648,0.010080360884471673
8375.0,0.1918682294452196,0.010080360884471673
8376.0,0.20164559081181277,0.010080360884471673
8377.0,0.20563879897258822,0.010080360884471673
8378.0,0.20651006122560434,0.010080360884471673
8379.0,0.20515611411727178,0.010080360884471673
8380.0,0.19707278990652363,0.010080360884471673
8381.0,0.1889894656957755,0.010080360884471673
8382.0,0.18476938721167357,0.010080360884471673
8383.0,0.1812442551968169,0.010080360884471673
8384.0,0.18001447491928638,0.010080360884471673
8385.0,0.1816292031119202,0.010080360884471673
8386.0,0.18335166787653256,0.010080360884471673
8387.0,0.1873280951338497,0.010080360884471673
8388.0,0.19130452239116688,0.010080360884471673
8389.0,0.18891920280320393,0.010080360884471673
8390.0,0.18302722201189137,0.010080360884471673
8391.0,0.17953621910502157,0.010080360884471673
8392.0,0.18349652687397036,0.010080360884471673
8393.0,0.18745683464291912,0.010080360884471673
8394.0,0.1903961099899316,0.010080360884471673
8395.0,0.1931448507966676,0.010080360884471673
8396.0,0.19197309515454503,0.010080360884471673
8397.0,0.18584745133655514,0.010080360884471673
8398.0,0.17986902250323086,0.010080360884471673
8399.0,0.17735014580950997,0.010080360884471673
8400.0,0.1748312691157891,0.010080360884471673
8401.0,0.1756456631092936,0.010080360884471673
8402.0,0.17833619445021215,0.010080360884471673
8403.0,0.18169736126114955,0.010080360884471673
8404.0,0.18719512549916695,0.010080360884471673
8405.0,0.19269288973718432,0.010080360884471673
8406.0,0.18794009043725776,0.010080360884471673
8407.0,0.1812047322868684,0.010080360884471673
8408.0,0.17459010408739709,0.010080360884471673
8409.0,0.16813103178622377,0.010080360884471673
8410.0,0.16216634412847777,0.010080360884471673
8411.0,0.16943468542615683,0.010080360884471673
8412.0,0.17670302672383592,0.010080360884471673
8413.0,0.18198785972155776,0.010080360884471673
8414.0,0.18613283161684396,0.010080360884471673
8415.0,0.1913958481737198,0.010080360884471673
8416.0,0.20031687752082467,0.010080360884471673
8417.0,0.2092379068679296,0.010080360884471673
8418.0,0.19772542966262652,0.010080360884471673
8419.0,0.18212036252824826,0.010080360884471673
8420.0,0.1773537470844166,0.010080360884471673
8421.0,0.18682765288950912,0.010080360884471673
8422.0,0.19578817960147582,0.010080360884471673
8423.0,0.1888142090774368,0.010080360884471673
8424.0,0.18184023855339776,0.010080360884471673
8425.0,0.17889949226203025,0.010080360884471673
8426.0,0.17832490418716526,0.010080360884471673
8427.0,0.1792747784322995,0.010080360884471673
8428.0,0.18534876162737154,0.010080360884471673
8429.0,0.1914227448224436,0.010080360884471673
8430.0,0.1937064114735335,0.010080360884471673
8431.0,0.19520454875391793,0.010080360884471673
8432.0,0.19181769872688778,0.010080360884471673
8433.0,0.18188551458288219,0.010080360884471673
8434.0,0.17242180036278495,0.010080360884471673
8435.0,0.18022759106389152,0.010080360884471673
8436.0,0.1880333817649981,0.010080360884471673
8437.0,0.18898624155608873,0.010080360884471673
8438.0,0.1858352348521252,0.010080360884471673
8439.0,0.18373417855616803,0.010080360884471673
8440.0,0.18526022366967418,0.010080360884471673
8441.0,0.18678626878318036,0.010080360884471673
8442.0,0.18063126993777132,0.010080360884471673
8443.0,0.17283033310117824,0.010080360884471673
8444.0,0.17159717573236735,0.010080360884471673
8445.0,0.179338739738577,0.010080360884471673
8446.0,0.18679165171156387,0.010080360884471673
8447.0,0.1811750410692643,0.010080360884471673
8448.0,0.1755584304269647,0.010080360884471673
8449.0,0.1745370527838837,0.010080360884471673
8450.0,0.1763243668772622,0.010080360884471673
8451.0,0.1776896149007673,0.010080360884471673
8452.0,0.17755572114602663,0.010080360884471673
8453.0,0.17742182739128598,0.010080360884471673
8454.0,0.17415751899531487,0.010080360884471673
8455.0,0.17020011292951792,0.010080360884471673
8456.0,0.16481923920662178,0.010080360884471673
8457.0,0.15745450969725164,0.010080360884471673
8458.0,0.150435158054383,0.010080360884471673
8459.0,0.1636204116012363,0.010080360884471673
8460.0,0.17680566514808962,0.010080360884471673
8461.0,0.1785315066997931,0.010080360884471673
8462.0,0.17310917702648032,0.010080360884471673
8463.0,0.16745281338639895,0.010080360884471673
8464.0,0.16094137592359659,0.010080360884471673
8465.0,0.15442993846079425,0.010080360884471673
8466.0,0.15718323247784113,0.010080360884471673
8467.0,0.1620545698273019,0.010080360884471673
8468.0,0.1629080088649095,0.010080360884471673
8469.0,0.1580499587324804,0.010080360884471673
8470.0,0.15331567879212307,0.010080360884471673
8471.0,0.15876768566007604,0.010080360884471673
8472.0,0.16421969252802907,0.010080360884471673
8473.0,0.16632949531030042,0.010080360884471673
8474.0,0.16631184401839727,0.010080360884471673
8475.0,0.16772208151628468,0.010080360884471673
8476.0,0.1745011808637867,0.010080360884471673
8477.0,0.18128028021128867,0.010080360884471673
8478.0,0.1737968281131652,0.010080360884471673
8479.0,0.162948768181438,0.010080360884471673
8480.0,0.1598280103252454,0.010080360884471673
8481.0,0.16791184047854008,0.010080360884471673
8482.0,0.1759372578287091,0.010080360884471673
8483.0,0.17591144381408622,0.010080360884471673
8484.0,0.17588562979946334,0.010080360884471673
8485.0,0.17492863372297202,0.010080360884471673
8486.0,0.1733668302874846,0.010080360884471673
8487.0,0.17202810016972542,0.010080360884471673
8488.0,0.17155296383170768,0.010080360884471673
8489.0,0.1710778274936899,0.010080360884471673
8490.0,0.17125249016402677,0.010080360884471673
8491.0,0.1715852382647536,0.010080360884471673
8492.0,0.16750215183527778,0.010080360884471673
8493.0,0.15688731016324287,0.010080360884471673
8494.0,0.14630014612822667,0.010080360884471673
8495.0,0.14721304027540263,0.010080360884471673
8496.0,0.14812593442257854,0.010080360884471673
8497.0,0.14962825049863884,0.010080360884471673
8498.0,0.15152116154553627,0.010080360884471673
8499.0,0.15257691597075843,0.010080360884471673
8500.0,0.15029406973709844,0.010080360884471673
8501.0,0.14801122350343843,0.010080360884471673
8502.0,0.14834606603796396,0.010080360884471673
8503.0,0.14933729599634665,0.010080360884471673
8504.0,0.15238070505244095,0.010080360884471673
8505.0,0.15852092654210992,0.010080360884471673
8506.0,0.1646611480317789,0.010080360884471673
8507.0,0.16545337822239983,0.010080360884471673
8508.0,0.1662327371944922,0.010080360884471673
8509.0,0.16840205988364146,0.010080360884471673
8510.0,0.17151107635333382,0.010080360884471673
8511.0,0.17286651970905742,0.010080360884471673
8512.0,0.1670140244982098,0.010080360884471673
8513.0,0.16116152928736213,0.010080360884471673
8514.0,0.15828396940820139,0.010080360884471673
8515.0,0.15617485959206098,0.010080360884471673
8516.0,0.15470144804372316,0.010080360884471673
8517.0,0.1542067792552638,0.010080360884471673
8518.0,0.15371211046680444,0.010080360884471673
8519.0,0.1577654599711101,0.010080360884471673
8520.0,0.1618518059805602,0.010080360884471673
8521.0,0.15862864183346928,0.010080360884471673
8522.0,0.15036443619909162,0.010080360884471673
8523.0,0.14496125368063456,0.010080360884471673
8524.0,0.15168593015659573,0.010080360884471673
8525.0,0.1584106066325569,0.010080360884471673
8526.0,0.15508483675090595,0.010080360884471673
8527.0,0.14908607581669953,0.010080360884471673
8528.0,0.14624335869404007,0.010080360884471673
8529.0,0.14835874743580657,0.010080360884471673
8530.0,0.15047413617757308,0.010080360884471673
8531.0,0.14435774294520728,0.010080360884471673
8532.0,0.1381413280606728,0.010080360884471673
8533.0,0.13671248052301108,0.010080360884471673
8534.0,0.13865157402282832,0.010080360884471673
8535.0,0.1403059507635408,0.010080360884471673
8536.0,0.1407149212934596,0.010080360884471673
8537.0,0.14112389182337842,0.010080360884471673
8538.0,0.14462536484963365,0.010080360884471673
8539.0,0.1489732567548534,0.010080360884471673
8540.0,0.15099683764819077,0.010080360884471673
8541.0,0.14929425745058938,0.010080360884471673
8542.0,0.14759167725298797,0.010080360884471673
8543.0,0.15158303739003576,0.010080360884471673
8544.0,0.1556717298404886,0.010080360884471673
8545.0,0.15759367104170666,0.010080360884471673
8546.0,0.15796091237749393,0.010080360884471673
8547.0,0.15760651053265637,0.010080360884471673
8548.0,0.1539927666402365,0.010080360884471673
8549.0,0.15037902274781664,0.010080360884471673
8550.0,0.14742568767778405,0.010080360884471673
8551.0,0.14465828309159193,0.010080360884471673
8552.0,0.14366577952785153,0.010080360884471673
8553.0,0.1455771488394585,0.010080360884471673
8554.0,0.14748851815106545,0.010080360884471673
8555.0,0.14495930863219325,0.010080360884471673
8556.0,0.14233202497964956,0.010080360884471673
8557.0,0.13855477731715643,0.010080360884471673
8558.0,0.13393597595091764,0.010080360884471673
8559.0,0.1308827205914904,0.010080360884471673
8560.0,0.13513534659714627,0.010080360884471673
8561.0,0.1393879726028021,0.010080360884471673
8562.0,0.1389424789498949,0.010080360884471673
8563.0,0.1371370032905708,0.010080360884471673
8564.0,0.1381892242048756,0.010080360884471673
8565.0,0.144013432025789,0.010080360884471673
8566.0,0.14983763984670243,0.010080360884471673
8567.0,0.1482863717428871,0.010080360884471673
8568.0,0.1465350290763807,0.010080360884471673
8569.0,0.14289820909559506,0.010080360884471673
8570.0,0.13785419849870567,0.010080360884471673
8571.0,0.13592506105087596,0.010080360884471673
8572.0,0.14902573110557552,0.010080360884471673
8573.0,0.16212640116027502,0.010080360884471673
8574.0,0.15849068125871743,0.010080360884471673
8575.0,0.1498757549995012,0.010080360884471673
8576.0,0.1460547855019666,0.010080360884471673
8577.0,0.15040533321183747,0.010080360884471673
8578.0,0.15475588092170833,0.010080360884471673
8579.0,0.15133142571726652,0.010080360884471673
8580.0,0.14765647475598706,0.010080360884471673
8581.0,0.14804713198442895,0.010080360884471673
8582.0,0.1515321210274445,0.010080360884471673
8583.0,0.15388406368050264,0.010080360884471673
8584.0,0.15057892579663798,0.010080360884471673
8585.0,0.14727378791277332,0.010080360884471673
8586.0,0.14906763857143437,0.010080360884471673
8587.0,0.15241995751503565,0.010080360884471673
8588.0,0.15236181954735226,0.010080360884471673
8589.0,0.14636903780971747,0.010080360884471673
8590.0,0.14037625607208268,0.010080360884471673
8591.0,0.1350682240767825,0.010080360884471673
8592.0,0.12978577426363744,0.010080360884471673
8593.0,0.13137942664426777,0.010080360884471673
8594.0,0.13830975535436435,0.010080360884471673
8595.0,0.14397465346117977,0.010080360884471673
8596.0,0.14309680667103342,0.010080360884471673
8597.0,0.14221895988088706,0.010080360884471673
8598.0,0.14421293595363166,0.010080360884471673
8599.0,0.14710832014895311,0.010080360884471673
8600.0,0.1466742575607645,0.010080360884471673
8601.0,0.1403248778538968,0.010080360884471673
8602.0,0.13397549814702914,0.010080360884471673
8603.0,0.1331849336396639,0.010080360884471673
8604.0,0.13263091445993982,0.010080360884471673
8605.0,0.1334592497537745,0.010080360884471673
8606.0,0.13538157740517828,0.010080360884471673
8607.0,0.1368277912248475,0.010080360884471673
8608.0,0.13572261641950448,0.010080360884471673
8609.0,0.13461744161416148,0.010080360884471673
8610.0,0.1399438519556455,0.010080360884471673
8611.0,0.14734266195556225,0.010080360884471673
8612.0,0.14912979331901333,0.010080360884471673
8613.0,0.14073627796704266,0.010080360884471673
8614.0,0.132342762615072,0.010080360884471673
8615.0,0.12981823678474677,0.010080360884471673
8616.0,0.12757424127117992,0.010080360884471673
8617.0,0.12520303623804083,0.010080360884471673
8618.0,0.12272918057305614,0.010080360884471673
8619.0,0.12226915563076929,0.010080360884471673
8620.0,0.13300412667443337,0.010080360884471673
8621.0,0.14373909771809745,0.010080360884471673
8622.0,0.13645189275115155,0.010080360884471673
8623.0,0.12320527814489628,0.010080360884471673
8624.0,0.11551532340432666,0.010080360884471673
8625.0,0.11812041314085875,0.010080360884471673
8626.0,0.12072550287739081,0.010080360884471673
8627.0,0.12241123950667387,0.010080360884471673
8628.0,0.12404816092672277,0.010080360884471673
8629.0,0.12931492755680465,0.010080360884471673
8630.0,0.1375681751474298,0.010080360884471673
8631.0,0.1440817134902513,0.010080360884471673
8632.0,0.14055302771982905,0.010080360884471673
8633.0,0.13702434194940685,0.010080360884471673
8634.0,0.13623772603083967,0.010080360884471673
8635.0,0.13638129779513747,0.010080360884471673
8636.0,0.13520978920330531,0.010080360884471673
8637.0,0.1315496736875493,0.010080360884471673
8638.0,0.1278895581717933,0.010080360884471673
8639.0,0.12841409697524836,0.010080360884471673
8640.0,0.1291832280260747,0.010080360884471673
8641.0,0.12845474542513907,0.010080360884471673
8642.0,0.12646998647172852,0.010080360884471673
8643.0,0.12456230758337863,0.010080360884471673
8644.0,0.12311710908538712,0.010080360884471673
8645.0,0.1216719105873956,0.010080360884471673
8646.0,0.11808775846325348,0.010080360884471673
8647.0,0.11375947198697227,0.010080360884471673
8648.0,0.11476721971032576,0.010080360884471673
8649.0,0.12609004762942358,0.010080360884471673
8650.0,0.13741287554852144,0.010080360884471673
8651.0,0.1291592386841306,0.010080360884471673
8652.0,0.11965550828314195,0.010080360884471673
8653.0,0.1177763864244613,0.010080360884471673
8654.0,0.12241808790709487,0.010080360884471673
8655.0,0.12607852642391526,0.010080360884471673
8656.0,0.12361247094549067,0.010080360884471673
8657.0,0.12114641546706607,0.010080360884471673
8658.0,0.12322566191069545,0.010080360884471673
8659.0,0.12692611539166518,0.010080360884471673
8660.0,0.12837015505448932,0.010080360884471673
8661.0,0.12535777742645948,0.010080360884471673
8662.0,0.12234539979842966,0.010080360884471673
8663.0,0.11750625752640115,0.010080360884471673
8664.0,0.11254048458585712,0.010080360884471673
8665.0,0.11134594080925703,0.010080360884471673
8666.0,0.11343956987672422,0.010080360884471673
8667.0,0.11510099767477096,0.010080360884471673
8668.0,0.1139511703690317,0.010080360884471673
8669.0,0.11280134306329244,0.010080360884471673
8670.0,0.11041289662059718,0.010080360884471673
8671.0,0.10757164350980375,0.010080360884471673
8672.0,0.10846427291633941,0.010080360884471673
8673.0,0.11689231015677548,0.010080360884471673
8674.0,0.12532034739721157,0.010080360884471673
8675.0,0.12829117921192004,0.010080360884471673
8676.0,0.1308536008141224,0.010080360884471673
8677.0,0.1300046277816518,0.010080360884471673
8678.0,0.1261233039628105,0.010080360884471673
8679.0,0.12285113924694245,0.010080360884471673
8680.0,0.12371214751016203,0.010080360884471673
8681.0,0.12457315577338161,0.010080360884471673
8682.0,0.124089199392869,0.010080360884471673
8683.0,0.12310143612436102,0.010080360884471673
8684.0,0.12200181848882338,0.010080360884471673
8685.0,0.12067150122128704,0.010080360884471673
8686.0,0.11934118395375069,0.010080360884471673
8687.0,0.12444082196893338,0.010080360884471673
8688.0,0.1300575251300648,0.010080360884471673
8689.0,0.1362756962042003,0.010080360884471673
8690.0,0.1430389045633446,0.010080360884471673
8691.0,0.14829190090228175,0.010080360884471673
8692.0,0.1428414528261017,0.010080360884471673
8693.0,0.1373910047499216,0.010080360884471673
8694.0,0.12836327546864323,0.010080360884471673
8695.0,0.11796286851565257,0.010080360884471673
8696.0,0.11128747533540685,0.010080360884471673
8697.0,0.11246518954918339,0.010080360884471673
8698.0,0.11364290376295992,0.010080360884471673
8699.0,0.11841013291753931,0.010080360884471673
8700.0,0.12348623819479221,0.010080360884471673
8701.0,0.12542279822555694,0.010080360884471673
8702.0,0.12445908551131167,0.010080360884471673
8703.0,0.12256426149616928,0.010080360884471673
8704.0,0.11376604662385709,0.010080360884471673
8705.0,0.10496783175154491,0.010080360884471673
8706.0,0.10591552589263976,0.010080360884471673
8707.0,0.11069313411090513,0.010080360884471673
8708.0,0.11250252079771152,0.010080360884471673
8709.0,0.10791449062317364,0.010080360884471673
8710.0,0.10332646044863578,0.010080360884471673
8711.0,0.10451433232130425,0.010080360884471673
8712.0,0.10623210346436349,0.010080360884471673
8713.0,0.10797225454675739,0.010080360884471673
8714.0,0.10973348137621695,0.010080360884471673
8715.0,0.11171592208587187,0.010080360884471673
8716.0,0.11541684535956775,0.010080360884471673
8717.0,0.11911776863326362,0.010080360884471673
8718.0,0.11852887762381198,0.010080360884471673
8719.0,0.11621395022771185,0.010080360884471673
8720.0,0.11365129321041531,0.010080360884471673
8721.0,0.11054267822025395,0.010080360884471673
8722.0,0.1074340632300926,0.010080360884471673
8723.0,0.11329702250522793,0.010080360884471673
8724.0,0.12003468072059335,0.010080360884471673
8725.0,0.11927132441608039,0.010080360884471673
8726.0,0.11130699417248736,0.010080360884471673
8727.0,0.10373382464163866,0.010080360884471673
8728.0,0.09935011938391786,0.010080360884471673
8729.0,0.09496641412619705,0.010080360884471673
8730.0,0.09542143926265707,0.010080360884471673
8731.0,0.09786936522249111,0.010080360884471673
8732.0,0.10094328985157268,0.010080360884471673
8733.0,0.10542815679375346,0.010080360884471673
8734.0,0.10991302373593426,0.010080360884471673
8735.0,0.11247917376511234,0.010080360884471673
8736.0,0.11484709873572868,0.010080360884471673
8737.0,0.11466583896659817,0.010080360884471673
8738.0,0.11198989009349222,0.010080360884471673
8739.0,0.10974093682306732,0.010080360884471673
8740.0,0.11115334814571033,0.010080360884471673
8741.0,0.11256575946835336,0.010080360884471673
8742.0,0.11146510736785593,0.010080360884471673
8743.0,0.10930519474599835,0.010080360884471673
8744.0,0.10545775851057973,0.010080360884471673
8745.0,0.09771964283278402,0.010080360884471673
8746.0,0.08998152715498829,0.010080360884471673
8747.0,0.09359938348674195,0.010080360884471673
8748.0,0.09845717284749507,0.010080360884471673
8749.0,0.10372180643855365,0.010080360884471673
8750.0,0.10939230861428306,0.010080360884471673
8751.0,0.11349073267119361,0.010080360884471673
8752.0,0.10338363155826033,0.010080360884471673
8753.0,0.09327653044532708,0.010080360884471673
8754.0,0.09201780239995438,0.010080360884471673
8755.0,0.0945751252823455,0.010080360884471673
8756.0,0.0985673597427575,0.010080360884471673
8757.0,0.10594436546583386,0.010080360884471673
8758.0,0.1133213711889102,0.010080360884471673
8759.0,0.10960741324933373,0.010080360884471673
8760.0,0.10461658399117638,0.010080360884471673
8761.0,0.10196422081124468,0.010080360884471673
8762.0,0.10168995872781918,0.010080360884471673
8763.0,0.10123039695582403,0.010080360884471673
8764.0,0.09900227866257848,0.010080360884471673
8765.0,0.09677416036933292,0.010080360884471673
8766.0,0.09642289301447338,0.010080360884471673
8767.0,0.09689964813243003,0.010080360884471673
8768.0,0.09756036196515352,0.010080360884471673
8769.0,0.09866514007245608,0.010080360884471673
8770.0,0.09976991817975862,0.010080360884471673
8771.0,0.09977800277599701,0.010080360884471673
8772.0,0.0996532442820677,0.010080360884471673
8773.0,0.10108061124810594,0.010080360884471673
8774.0,0.10411702759073774,0.010080360884471673
8775.0,0.10687919601368236,0.010080360884471673
8776.0,0.10686963212832987,0.010080360884471673
8777.0,0.10686006824297738,0.010080360884471673
8778.0,0.10899283813773343,0.010080360884471673
8779.0,0.11209227083570616,0.010080360884471673
8780.0,0.11295077427497138,0.010080360884471673
8781.0,0.10827231500416101,0.010080360884471673
8782.0,0.10359385573335066,0.010080360884471673
8783.0,0.10160699990306515,0.010080360884471673
8784.0,0.09996251311663001,0.010080360884471673
8785.0,0.09945765522565404,0.010080360884471673
8786.0,0.10015714589580448,0.010080360884471673
8787.0,0.10083869249126536,0.010080360884471673
8788.0,0.10132765620062298,0.010080360884471673
8789.0,0.10181661990998062,0.010080360884471673
8790.0,0.09769328819403451,0.010080360884471673
8791.0,0.0914418271853709,0.010080360884471673
8792.0,0.08827016888996551,0.010080360884471673
8793.0,0.09288936745819643,0.010080360884471673
8794.0,0.09750856602642732,0.010080360884471673
8795.0,0.09703090326733793,0.010080360884471673
8796.0,0.09587365899793983,0.010080360884471673
8797.0,0.09452603378457962,0.010080360884471673
8798.0,0.09297330989842276,0.010080360884471673
8799.0,0.09158837261713228,0.010080360884471673
8800.0,0.09212171204224638,0.010080360884471673
8801.0,0.09265505146736049,0.010080360884471673
8802.0,0.0898283822304088,0.010080360884471673
8803.0,0.0854166912394541,0.010080360884471673
8804.0,0.08476262243375987,0.010080360884471673
8805.0,0.0938427386855701,0.010080360884471673
8806.0,0.10292285493738032,0.010080360884471673
8807.0,0.09929925951292376,0.010080360884471673
8808.0,0.09390305315690305,0.010080360884471673
8809.0,0.09147559958338339,0.010080360884471673
8810.0,0.09230853949390823,0.010080360884471673
8811.0,0.09346111607047843,0.010080360884471673
8812.0,0.09852036300985063,0.010080360884471673
8813.0,0.10357960994922287,0.010080360884471673
8814.0,0.1037536652606802,0.010080360884471673
8815.0,0.10157204987611426,0.010080360884471673
8816.0,0.0972128539060492,0.010080360884471673
8817.0,0.08707542875079034,0.010080360884471673
8818.0,0.07693800359553148,0.010080360884471673
8819.0,0.08076862885955621,0.010080360884471673
8820.0,0.08663586119986275,0.010080360884471673
8821.0,0.0887460572036894,0.010080360884471673
8822.0,0.086649902092904,0.010080360884471673
8823.0,0.08535343084404495,0.010080360884471673
8824.0,0.0945477275465718,0.010080360884471673
8825.0,0.10374202424909867,0.010080360884471673
8826.0,0.10434587987713595,0.010080360884471673
8827.0,0.10071609519069143,0.010080360884471673
8828.0,0.09596437605744033,0.010080360884471673
8829.0,0.08816239764694618,0.010080360884471673
8830.0,0.08036041923645203,0.010080360884471673
8831.0,0.0820735480210984,0.010080360884471673
8832.0,0.08523434180086344,0.010080360884471673
8833.0,0.08923116832028902,0.010080360884471673
8834.0,0.09418223272250838,0.010080360884471673
8835.0,0.09877303494295404,0.010080360884471673
8836.0,0.09826776484669791,0.010080360884471673
8837.0,0.09776249475044178,0.010080360884471673
8838.0,0.0982064569392673,0.010080360884471673
8839.0,0.09912846210198616,0.010080360884471673
8840.0,0.09979057221042398,0.010080360884471673
8841.0,0.09972852019034674,0.010080360884471673
8842.0,0.09966646817026949,0.010080360884471673
8843.0,0.09845763971291431,0.010080360884471673
8844.0,0.09706698578427968,0.010080360884471673
8845.0,0.09606361849727009,0.010080360884471673
8846.0,0.09551091202960557,0.010080360884471673
8847.0,0.09432865297745316,0.010080360884471673
8848.0,0.08349325429659836,0.010080360884471673
8849.0,0.07265785561574355,0.010080360884471673
8850.0,0.07376718358975422,0.010080360884471673
8851.0,0.08102261636983336,0.010080360884471673
8852.0,0.08704019825260673,0.010080360884471673
8853.0,0.08952188197041937,0.010080360884471673
8854.0,0.09200356568823201,0.010080360884471673
8855.0,0.08768444106789311,0.010080360884471673
8856.0,0.08224294528125939,0.010080360884471673
8857.0,0.07885824511976104,0.010080360884471673
8858.0,0.07791362795710496,0.010080360884471673
8859.0,0.07748970959738741,0.010080360884471673
8860.0,0.08577364781430044,0.010080360884471673
8861.0,0.0940575860312135,0.010080360884471673
8862.0,0.09679809845807563,0.010080360884471673
8863.0,0.09662475886708619,0.010080360884471673
8864.0,0.09590704548686572,0.010080360884471673
8865.0,0.09359472775234216,0.010080360884471673
8866.0,0.09128241001781859,0.010080360884471673
8867.0,0.08474192197028234,0.010080360884471673
8868.0,0.07747592509266828,0.010080360884471673
8869.0,0.07434974457324532,0.010080360884471673
8870.0,0.0762308750865585,0.010080360884471673
8871.0,0.07816105369516256,0.010080360884471673
8872.0,0.08099234847303817,0.010080360884471673
8873.0,0.08382364325091379,0.010080360884471673
8874.0,0.08509931676422555,0.010080360884471673
8875.0,0.08553977664656315,0.010080360884471673
8876.0,0.0845783918388658,0.010080360884471673
8877.0,0.0794047333231415,0.010080360884471673
8878.0,0.07423107480741722,0.010080360884471673
8879.0,0.0860538205660487,0.010080360884471673
8880.0,0.10090562847256349,0.010080360884471673
8881.0,0.10439829910888528,0.010080360884471673
8882.0,0.0938823822269803,0.010080360884471673
8883.0,0.08395273652335043,0.010080360884471673
8884.0,0.08595897070563573,0.010080360884471673
8885.0,0.08796520488792103,0.010080360884471673
8886.0,0.0845417604929267,0.010080360884471673
8887.0,0.07814107598586069,0.010080360884471673
8888.0,0.07481301386583601,0.010080360884471673
8889.0,0.08095887077257165,0.010080360884471673
8890.0,0.0871047276793073,0.010080360884471673
8891.0,0.07885875622625632,0.010080360884471673
8892.0,0.06795142248763793,0.010080360884471673
8893.0,0.06679883671603422,0.010080360884471673
8894.0,0.07791238388940727,0.010080360884471673
8895.0,0.0883560538073978,0.010080360884471673
8896.0,0.08352652230280037,0.010080360884471673
8897.0,0.07869699079820294,0.010080360884471673
8898.0,0.07887405312572042,0.010080360884471673
8899.0,0.08185443297345736,0.010080360884471673
8900.0,0.08445465795091374,0.010080360884471673
8901.0,0.08585169276392819,0.010080360884471673
8902.0,0.08724872757694263,0.010080360884471673
8903.0,0.08971755229462228,0.010080360884471673
8904.0,0.0923918417436658,0.010080360884471673
8905.0,0.09190949676818029,0.010080360884471673
8906.0,0.08737974107850885,0.010080360884471673
8907.0,0.0827523978812042,0.010080360884471673
8908.0,0.07560037142195562,0.010080360884471673
8909.0,0.06844834496270706,0.010080360884471673
8910.0,0.0663890622583482,0.010080360884471673
8911.0,0.06724129154969462,0.010080360884471673
8912.0,0.06789204138904194,0.010080360884471673
8913.0,0.06788798300939139,0.010080360884471673
8914.0,0.06788392462974085,0.010080360884471673
8915.0,0.07783765005710395,0.010080360884471673
8916.0,0.08976860449938166,0.010080360884471673
8917.0,0.08870323744399176,0.010080360884471673
8918.0,0.07064545003712672,0.010080360884471673
8919.0,0.05331601883007679,0.010080360884471673
8920.0,0.05772936899578288,0.010080360884471673
8921.0,0.06214271916148898,0.010080360884471673
8922.0,0.06291789230495919,0.010080360884471673
8923.0,0.061569642737746864,0.010080360884471673
8924.0,0.06161010424377954,0.010080360884471673
8925.0,0.06628683553079782,0.010080360884471673
8926.0,0.07096356681781611,0.010080360884471673
8927.0,0.07597704529508972,0.010080360884471673
8928.0,0.08105972507629393,0.010080360884471673
8929.0,0.08165750357883846,0.010080360884471673
8930.0,0.07627541370986206,0.010080360884471673
8931.0,0.07103473197075685,0.010080360884471673
8932.0,0.0707740756750038,0.010080360884471673
8933.0,0.07051341937925075,0.010080360884471673
8934.0,0.07199896120038891,0.010080360884471673
8935.0,0.0745248624359963,0.010080360884471673
8936.0,0.07709296289925294,0.010080360884471673
8937.0,0.07980584262758234,0.010080360884471673
8938.0,0.08251872235591172,0.010080360884471673
8939.0,0.08203864648904616,0.010080360884471673
8940.0,0.080880009462208,0.010080360884471673
8941.0,0.0795404912457931,0.010080360884471673
8942.0,0.07795501560445943,0.010080360884471673
8943.0,0.07636900014222431,0.010080360884471673
8944.0,0.0747598576161056,0.010080360884471673
8945.0,0.0731507150899869,0.010080360884471673
8946.0,0.07716527243652656,0.010080360884471673
8947.0,0.08459964727318939,0.010080360884471673
8948.0,0.08941071297270099,0.010080360884471673
8949.0,0.08496891111785329,0.010080360884471673
8950.0,0.08052710926300558,0.010080360884471673
8951.0,0.0800965229509062,0.010080360884471673
8952.0,0.08054687709475729,0.010080360884471673
8953.0,0.0774077793786599,0.010080360884471673
8954.0,0.06929075988544146,0.010080360884471673
8955.0,0.06154603885042102,0.010080360884471673
8956.0,0.07410399373532749,0.010080360884471673
8957.0,0.08666194862023395,0.010080360884471673
8958.0,0.08351515884219553,0.010080360884471673
8959.0,0.07062165010014938,0.010080360884471673
8960.0,0.061536658967125485,0.010080360884471673
8961.0,0.06626812338228279,0.010080360884471673
8962.0,0.07099958779744008,0.010080360884471673
8963.0,0.0695790451688487,0.010080360884471673
8964.0,0.0667632019736331,0.010080360884471673
8965.0,0.0652011551114713,0.010080360884471673
8966.0,0.06541259407693094,0.010080360884471673
8967.0,0.06567015743666006,0.010080360884471673
8968.0,0.06937447098613757,0.010080360884471673
8969.0,0.07307878453561509,0.010080360884471673
8970.0,0.07347137469606815,0.010080360884471673
8971.0,0.07176654004346716,0.010080360884471673
8972.0,0.06991583037523089,0.010080360884471673
8973.0,0.0675205759043161,0.010080360884471673
8974.0,0.0651253214334013,0.010080360884471673
8975.0,0.06685786434965249,0.010080360884471673
8976.0,0.06955661761726813,0.010080360884471673
8977.0,0.07114986569257978,0.010080360884471673
8978.0,0.07114807401829623,0.010080360884471673
8979.0,0.07115639035371904,0.010080360884471673
8980.0,0.07235745183432511,0.010080360884471673
8981.0,0.07355851331493118,0.010080360884471673
8982.0,0.07338196267357756,0.010080360884471673
8983.0,0.0723151370047907,0.010080360884471673
8984.0,0.07082068476603451,0.010080360884471673
8985.0,0.06768285367408448,0.010080360884471673
8986.0,0.06454502258213445,0.010080360884471673
8987.0,0.06169406905660077,0.010080360884471673
8988.0,0.058912376582869255,0.010080360884471673
8989.0,0.061224460835287244,0.010080360884471673
8990.0,0.07103361706449367,0.010080360884471673
8991.0,0.0807998188782649,0.010080360884471673
8992.0,0.07868196576005743,0.010080360884471673
8993.0,0.07656411264184995,0.010080360884471673
8994.0,0.07433359297074126,0.010080360884471673
8995.0,0.0720287851940344,0.010080360884471673
8996.0,0.06736713601239405,0.010080360884471673
8997.0,0.053376322936259886,0.010080360884471673
8998.0,0.0393855098601257,0.010080360884471673
8999.0,0.04681230509268478,0.010080360884471673
9000.0,0.05956941963441931,0.010080360884471673
9001.0,0.0686424557962661,0.010080360884471673
9002.0,0.07218384273905429,0.010080360884471673
9003.0,0.07572522968184246,0.010080360884471673
9004.0,0.07453388220950602,0.010080360884471673
9005.0,0.07333684635445954,0.010080360884471673
9006.0,0.06900714430134626,0.010080360884471673
9007.0,0.06257012663307222,0.010080360884471673
9008.0,0.058736558131007074,0.010080360884471673
9009.0,0.06552315726432653,0.010080360884471673
9010.0,0.072309756397646,0.010080360884471673
9011.0,0.06703368975150699,0.010080360884471673
9012.0,0.058664631879892674,0.010080360884471673
9013.0,0.05382926027244107,0.010080360884471673
9014.0,0.05440719528242954,0.010080360884471673
9015.0,0.054985130292418,0.010080360884471673
9016.0,0.06141171174992424,0.010080360884471673
9017.0,0.06787361112075813,0.010080360884471673
9018.0,0.06894152982564652,0.010080360884471673
9019.0,0.0663079111909628,0.010080360884471673
9020.0,0.06392225238918639,0.010080360884471673
9021.0,0.06257957463457958,0.010080360884471673
9022.0,0.06123689687997277,0.010080360884471673
9023.0,0.06255505788506154,0.010080360884471673
9024.0,0.06457577722730831,0.010080360884471673
9025.0,0.0633411213964877,0.010080360884471673
9026.0,0.057018063756696644,0.010080360884471673
9027.0,0.050695006116905576,0.010080360884471673
9028.0,0.05391272868798299,0.010080360884471673
9029.0,0.05723465880991676,0.010080360884471673
9030.0,0.05679941660015871,0.010080360884471673
9031.0,0.05373415375823035,0.010080360884471673
9032.0,0.05321559714953495,0.010080360884471673
9033.0,0.06374909259147934,0.010080360884471673
9034.0,0.07428258803342373,0.010080360884471673
9035.0,0.07129978693116575,0.010080360884471673
9036.0,0.0646438548596511,0.010080360884471673
9037.0,0.06310858602257059,0.010080360884471673
9038.0,0.06974085480549515,0.010080360884471673
9039.0,0.07637312358841972,0.010080360884471673
9040.0,0.07135591435991957,0.010080360884471673
9041.0,0.06615401828488963,0.010080360884471673
9042.0,0.062429695255426146,0.010080360884471673
9043.0,0.05976034721939485,0.010080360884471673
9044.0,0.057844053690559866,0.010080360884471673
9045.0,0.05930164252619676,0.010080360884471673
9046.0,0.06075923136183367,0.010080360884471673
9047.0,0.05829999243501812,0.010080360884471673
9048.0,0.05474572639182261,0.010080360884471673
9049.0,0.05411867103527408,0.010080360884471673
9050.0,0.05825641288472692,0.010080360884471673
9051.0,0.06239415473417975,0.010080360884471673
9052.0,0.06240660115318918,0.010080360884471673
9053.0,0.06233310391739674,0.010080360884471673
9054.0,0.0604127567625042,0.010080360884471673
9055.0,0.05714750437606898,0.010080360884471673
9056.0,0.05402504860309689,0.010080360884471673
9057.0,0.051563509588380206,0.010080360884471673
9058.0,0.04910197057366352,0.010080360884471673
9059.0,0.053946306318469986,0.010080360884471673
9060.0,0.06089093990759946,0.010080360884471673
9061.0,0.06367760591570609,0.010080360884471673
9062.0,0.059556466357941346,0.010080360884471673
9063.0,0.05543532680017659,0.010080360884471673
9064.0,0.05293727443746991,0.010080360884471673
9065.0,0.0504811984677386,0.010080360884471673
9066.0,0.053124779460586906,0.010080360884471673
9067.0,0.05955576259090671,0.010080360884471673
9068.0,0.06431946852552319,0.010080360884471673
9069.0,0.061105716211311036,0.010080360884471673
9070.0,0.0578919638970989,0.010080360884471673
9071.0,0.057516442413304295,0.010080360884471673
9072.0,0.0579795894486083,0.010080360884471673
9073.0,0.059560347027038545,0.010080360884471673
9074.0,0.06303634060740383,0.010080360884471673
9075.0,0.06651233418776914,0.010080360884471673
9076.0,0.06457792547074798,0.010080360884471673
9077.0,0.06247611569254834,0.010080360884471673
9078.0,0.06363931833834395,0.010080360884471673
9079.0,0.06727538904367196,0.010080360884471673
9080.0,0.06865112882598533,0.010080360884471673
9081.0,0.05883823053948865,0.010080360884471673
9082.0,0.04902533225299197,0.010080360884471673
9083.0,0.05290774853634681,0.010080360884471673
9084.0,0.06094805375014109,0.010080360884471673
9085.0,0.06659444677321798,0.010080360884471673
9086.0,0.06809662459401207,0.010080360884471673
9087.0,0.06959880241480616,0.010080360884471673
9088.0,0.06473463835351341,0.010080360884471673
9089.0,0.059640842557673934,0.010080360884471673
9090.0,0.053295092274062546,0.010080360884471673
9091.0,0.04598240692861691,0.010080360884471673
9092.0,0.0401462700989417,0.010080360884471673
9093.0,0.04187744441259201,0.010080360884471673
9094.0,0.04360861872624232,0.010080360884471673
9095.0,0.040857928833964025,0.010080360884471673
9096.0,0.0367097442759032,0.010080360884471673
9097.0,0.03815713460809025,0.010080360884471673
9098.0,0.049494378234710784,0.010080360884471673
9099.0,0.06083162186133133,0.010080360884471673
9100.0,0.0594180827591422,0.010080360884471673
9101.0,0.05747857386940735,0.010080360884471673
9102.0,0.05317832342326874,0.010080360884471673
9103.0,0.04701886235223625,0.010080360884471673
9104.0,0.04218537969697788,0.010080360884471673
9105.0,0.04439364605274457,0.010080360884471673
9106.0,0.046601912408511255,0.010080360884471673
9107.0,0.0442408462665702,0.010080360884471673
9108.0,0.040417014412215416,0.010080360884471673
9109.0,0.04437604330364096,0.010080360884471673
9110.0,0.062380908423178325,0.010080360884471673
9111.0,0.08038577354271569,0.010080360884471673
9112.0,0.06893141175741102,0.010080360884471673
9113.0,0.05610771404819096,0.010080360884471673
9114.0,0.054302324360421865,0.010080360884471673
9115.0,0.0613449699019899,0.010080360884471673
9116.0,0.06638958569237449,0.010080360884471673
9117.0,0.060429428243879486,0.010080360884471673
9118.0,0.05446927079538449,0.010080360884471673
9119.0,0.0583813325587347,0.010080360884471673
9120.0,0.0655368985607253,0.010080360884471673
9121.0,0.06909360463614327,0.010080360884471673
9122.0,0.06601759958408292,0.010080360884471673
9123.0,0.06294159453202255,0.010080360884471673
9124.0,0.055074419229639605,0.010080360884471673
9125.0,0.04695921617440016,0.010080360884471673
9126.0,0.04423225867658719,0.010080360884471673
9127.0,0.04591707428800918,0.010080360884471673
9128.0,0.04726276621684923,0.010080360884471673
9129.0,0.04666943644446362,0.010080360884471673
9130.0,0.04607610667207801,0.010080360884471673
9131.0,0.043525911826001504,0.010080360884471673
9132.0,0.040316099539360384,0.010080360884471673
9133.0,0.041455223634923904,0.010080360884471673
9134.0,0.050780580920514316,0.010080360884471673
9135.0,0.060105938206104735,0.010080360884471673
9136.0,0.058154570856843626,0.010080360884471673
9137.0,0.055559228116005756,0.010080360884471673
9138.0,0.053231036479733776,0.010080360884471673
9139.0,0.05112586305630332,0.010080360884471673
9140.0,0.04952248019094366,0.010080360884471673
9141.0,0.05090056955812992,0.010080360884471673
9142.0,0.05227865892531618,0.010080360884471673
9143.0,0.056247635395605546,0.010080360884471673
9144.0,0.06111233050897055,0.010080360884471673
9145.0,0.0607841777368116,0.010080360884471673
9146.0,0.05047118060935267,0.010080360884471673
9147.0,0.040158183481893726,0.010080360884471673
9148.0,0.04780587676815468,0.010080360884471673
9149.0,0.0565761132052905,0.010080360884471673
9150.0,0.05685489196068394,0.010080360884471673
9151.0,0.04990649673365744,0.010080360884471673
9152.0,0.04361437080508637,0.010080360884471673
9153.0,0.041378668040243385,0.010080360884471673
9154.0,0.039142965275400385,0.010080360884471673
9155.0,0.04110158914764653,0.010080360884471673
9156.0,0.04454698246197926,0.010080360884471673
9157.0,0.046268124068613144,0.010080360884471673
9158.0,0.04460212353059957,0.010080360884471673
9159.0,0.04293612299258601,0.010080360884471673
9160.0,0.03852198117755466,0.010080360884471673
9161.0,0.03392110668600651,0.010080360884471673
9162.0,0.03835135916260839,0.010080360884471673
9163.0,0.050618037954624266,0.010080360884471673
9164.0,0.061544215085464114,0.010080360884471673
9165.0,0.06384091277251276,0.010080360884471673
9166.0,0.06613761045956142,0.010080360884471673
9167.0,0.059144010534074816,0.010080360884471673
9168.0,0.0487748851257843,0.010080360884471673
9169.0,0.04358914721988125,0.010080360884471673
9170.0,0.04880760949921598,0.010080360884471673
9171.0,0.05402607177855072,0.010080360884471673
9172.0,0.056005476075015895,0.010080360884471673
9173.0,0.0577469598753163,0.010080360884471673
9174.0,0.05592555236012634,0.010080360884471673
9175.0,0.05095235637354528,0.010080360884471673
9176.0,0.0470333117118218,0.010080360884471673
9177.0,0.05019074585117696,0.010080360884471673
9178.0,0.05334817999053212,0.010080360884471673
9179.0,0.050575976883057074,0.010080360884471673
9180.0,0.04559603404281803,0.010080360884471673
9181.0,0.042037420067417314,0.010080360884471673
9182.0,0.04139435248140672,0.010080360884471673
9183.0,0.04075128489539613,0.010080360884471673
9184.0,0.03945944951108885,0.010080360884471673
9185.0,0.038116351386242794,0.010080360884471673
9186.0,0.04095357952977829,0.010080360884471673
9187.0,0.04756073661396678,0.010080360884471673
9188.0,0.05286257710193666,0.010080360884471673
9189.0,0.04901465029535494,0.010080360884471673
9190.0,0.04516672348877323,0.010080360884471673
9191.0,0.04042923743137445,0.010080360884471673
9192.0,0.035352450167195966,0.010080360884471673
9193.0,0.032956616236129686,0.010080360884471673
9194.0,0.03618181457225243,0.010080360884471673
9195.0,0.03940701290837518,0.010080360884471673
9196.0,0.04049166049251021,0.010080360884471673
9197.0,0.041395141671856255,0.010080360884471673
9198.0,0.04531307329239303,0.010080360884471673
9199.0,0.05200235451209716,0.010080360884471673
9200.0,0.05734293198484449,0.010080360884471673
9201.0,0.052797510992541034,0.010080360884471673
9202.0,0.04825209000023759,0.010080360884471673
9203.0,0.04603005211116738,0.010080360884471673
9204.0,0.04471564635257495,0.010080360884471673
9205.0,0.046457967772242564,0.010080360884471673
9206.0,0.05475206669095557,0.010080360884471673
9207.0,0.0630461656096686,0.010080360884471673
9208.0,0.058517990841910505,0.010080360884471673
9209.0,0.052831783503007636,0.010080360884471673
9210.0,0.05042134416844325,0.010080360884471673
9211.0,0.0510809850798098,0.010080360884471673
9212.0,0.051489380985984816,0.010080360884471673
9213.0,0.049968948050222235,0.010080360884471673
9214.0,0.04844851511445965,0.010080360884471673
9215.0,0.04220733987573327,0.010080360884471673
9216.0,0.03407786771582615,0.010080360884471673
9217.0,0.03128799119035384,0.010080360884471673
9218.0,0.04020021697487734,0.010080360884471673
9219.0,0.04911244275940085,0.010080360884471673
9220.0,0.04693788362063297,0.010080360884471673
9221.0,0.04369840961425177,0.010080360884471673
9222.0,0.04361750986742591,0.010080360884471673
9223.0,0.04655430900238157,0.010080360884471673
9224.0,0.04905799564152472,0.010080360884471673
9225.0,0.0480732435915854,0.010080360884471673
9226.0,0.047088491541646085,0.010080360884471673
9227.0,0.04860374380386399,0.010080360884471673
9228.0,0.0511426864950826,0.010080360884471673
9229.0,0.05157718901132945,0.010080360884471673
9230.0,0.04729512522101407,0.010080360884471673
9231.0,0.04301306143069869,0.010080360884471673
9232.0,0.04836595061549599,0.010080360884471673
9233.0,0.05470017760331457,0.010080360884471673
9234.0,0.055485758522138634,0.010080360884471673
9235.0,0.05086732632638177,0.010080360884471673
9236.0,0.04679830465889453,0.010080360884471673
9237.0,0.047380542577374854,0.010080360884471673
9238.0,0.04796278049585517,0.010080360884471673
9239.0,0.04617155848206126,0.010080360884471673
9240.0,0.04338566671812101,0.010080360884471673
9241.0,0.039231958176933965,0.010080360884471673
9242.0,0.0319425431898831,0.010080360884471673
9243.0,0.02465312820283223,0.010080360884471673
9244.0,0.01654233728933517,0.010080360884471673
9245.0,0.008343073702910063,0.010080360884471673
9246.0,0.011991423574423822,0.010080360884471673
9247.0,0.02740235618524264,0.010080360884471673
9248.0,0.041390722205296736,0.010080360884471673
9249.0,0.0426945361242799,0.010080360884471673
9250.0,0.04399835004326305,0.010080360884471673
9251.0,0.039538399221419544,0.010080360884471673
9252.0,0.03260685116939531,0.010080360884471673
9253.0,0.027496652066063876,0.010080360884471673
9254.0,0.026658211139580803,0.010080360884471673
9255.0,0.025819770213097726,0.010080360884471673
9256.0,0.029097752799925224,0.010080360884471673
9257.0,0.032843510785988954,0.010080360884471673
9258.0,0.032843235916144964,0.010080360884471673
9259.0,0.029051686247706408,0.010080360884471673
9260.0,0.02646505765722369,0.010080360884471673
9261.0,0.035219748713031136,0.010080360884471673
9262.0,0.04397443976883859,0.010080360884471673
9263.0,0.03857666150435311,0.010080360884471673
9264.0,0.026970373382612094,0.010080360884471673
9265.0,0.01959036771045067,0.010080360884471673
9266.0,0.0223534399172489,0.010080360884471673
9267.0,0.025116512124047134,0.010080360884471673
9268.0,0.024391214573758407,0.010080360884471673
9269.0,0.023248625479943955,0.010080360884471673
9270.0,0.022177635982232036,0.010080360884471673
9271.0,0.021180516311718137,0.010080360884471673
9272.0,0.021008832036709377,0.010080360884471673
9273.0,0.0290589187405998,0.010080360884471673
9274.0,0.03710900544449022,0.010080360884471673
9275.0,0.03769904459031703,0.010080360884471673
9276.0,0.03494179283183913,0.010080360884471673
9277.0,0.033004024941774186,0.010080360884471673
9278.0,0.033079263068713685,0.010080360884471673
9279.0,0.03315450119565318,0.010080360884471673
9280.0,0.030297734193597475,0.010080360884471673
9281.0,0.027072485465869406,0.010080360884471673
9282.0,0.026240627611906372,0.010080360884471673
9283.0,0.02792595671138511,0.010080360884471673
9284.0,0.029264879387900327,0.010080360884471673
9285.0,0.026942478621727772,0.010080360884471673
9286.0,0.024620077855555225,0.010080360884471673
9287.0,0.02963671267967002,0.010080360884471673
9288.0,0.038020820927012484,0.010080360884471673
9289.0,0.043209601599596054,0.010080360884471673
9290.0,0.040362874953431646,0.010080360884471673
9291.0,0.03751614830726724,0.010080360884471673
9292.0,0.043357314957731374,0.010080360884471673
9293.0,0.050343489284517325,0.010080360884471673
9294.0,0.048519967376815375,0.010080360884471673
9295.0,0.03725122388439347,0.010080360884471673
9296.0,0.027900647710181296,0.010080360884471673
9297.0,0.040129453865572165,0.010080360884471673
9298.0,0.052358260020963034,0.010080360884471673
9299.0,0.046677855502898796,0.010080360884471673
9300.0,0.032595599063935485,0.010080360884471673
9301.0,0.02353812567091879,0.010080360884471673
9302.0,0.02742000776102964,0.010080360884471673
9303.0,0.03130188985114049,0.010080360884471673
9304.0,0.03094061975012924,0.010080360884471673
9305.0,0.029993887393241252,0.010080360884471673
9306.0,0.03074897365951821,0.010080360884471673
9307.0,0.033364087817941625,0.010080360884471673
9308.0,0.0359809181729763,0.010080360884471673
9309.0,0.038618369702917744,0.010080360884471673
9310.0,0.04125582123285918,0.010080360884471673
9311.0,0.03743454851120875,0.010080360884471673
9312.0,0.0305158414237844,0.010080360884471673
9313.0,0.026955383528337293,0.010080360884471673
9314.0,0.032252491187261124,0.010080360884471673
9315.0,0.037549598846184945,0.010080360884471673
9316.0,0.03682879965983852,0.010080360884471673
9317.0,0.03524003314004566,0.010080360884471673
9318.0,0.03864603513614949,0.010080360884471673
9319.0,0.047617274133481886,0.010080360884471673
9320.0,0.05534898472821866,0.010080360884471673
9321.0,0.04711143773657426,0.010080360884471673
9322.0,0.038873890744929855,0.010080360884471673
9323.0,0.03764794797371425,0.010080360884471673
9324.0,0.03985882015132729,0.010080360884471673
9325.0,0.040916181073845787,0.010080360884471673
9326.0,0.038856498249275465,0.010080360884471673
9327.0,0.03679681542470515,0.010080360884471673
9328.0,0.037706989999274236,0.010080360884471673
9329.0,0.03906428398890266,0.010080360884471673
9330.0,0.040555413431724814,0.010080360884471673
9331.0,0.04219856622266205,0.010080360884471673
9332.0,0.043350015030447865,0.010080360884471673
9333.0,0.037679071072029405,0.010080360884471673
9334.0,0.03200812711361094,0.010080360884471673
9335.0,0.037350799117204264,0.010080360884471673
9336.0,0.04821020127833002,0.010080360884471673
9337.0,0.05254980120766147,0.010080360884471673
9338.0,0.03883456418733989,0.010080360884471673
9339.0,0.025119327167018323,0.010080360884471673
9340.0,0.024875510747536033,0.010080360884471673
9341.0,0.026745958950102587,0.010080360884471673
9342.0,0.030146836389069766,0.010080360884471673
9343.0,0.03531999846189889,0.010080360884471673
9344.0,0.03953832490145465,0.010080360884471673
9345.0,0.029415754618333637,0.010080360884471673
9346.0,0.01929318433521263,0.010080360884471673
9347.0,0.023860332092885666,0.010080360884471673
9348.0,0.03594562955561346,0.010080360884471673
9349.0,0.043817979352414674,0.010080360884471673
9350.0,0.03973099383946606,0.010080360884471673
9351.0,0.03564400832651743,0.010080360884471673
9352.0,0.0384372995202748,0.010080360884471673
9353.0,0.042354881740127304,0.010080360884471673
9354.0,0.040693054294508015,0.010080360884471673
9355.0,0.032444018055374065,0.010080360884471673
9356.0,0.02469141424269082,0.010080360884471673
9357.0,0.02505754907105017,0.010080360884471673
9358.0,0.02542368389940953,0.010080360884471673
9359.0,0.03070152237630946,0.010080360884471673
9360.0,0.038547454534148984,0.010080360884471673
9361.0,0.042822859608849066,0.010080360884471673
9362.0,0.03670518115516253,0.010080360884471673
9363.0,0.030587502701475987,0.010080360884471673
9364.0,0.03471204257239341,0.010080360884471673
9365.0,0.040577184152963366,0.010080360884471673
9366.0,0.04029823511914462,0.010080360884471673
9367.0,0.03262362145692148,0.010080360884471673
9368.0,0.025944111448910758,0.010080360884471673
9369.0,0.037108619240475905,0.010080360884471673
9370.0,0.04827312703204106,0.010080360884471673
9371.0,0.046113572946639994,0.010080360884471673
9372.0,0.03683803737998453,0.010080360884471673
9373.0,0.029035250991060337,0.010080360884471673
9374.0,0.025629572194970786,0.010080360884471673
9375.0,0.02222389339888123,0.010080360884471673
9376.0,0.0214938288343562,0.010080360884471673
9377.0,0.021236153788112815,0.010080360884471673
9378.0,0.01892761764607601,0.010080360884471673
9379.0,0.01410211561376011,0.010080360884471673
9380.0,0.010037170415053453,0.010080360884471673
9381.0,0.02105026444268887,0.010080360884471673
9382.0,0.03206335847032428,0.010080360884471673
9383.0,0.03260371877791621,0.010080360884471673
9384.0,0.027431678874583327,0.010080360884471673
9385.0,0.022076952142014626,0.010080360884471673
9386.0,0.01616257990330139,0.010080360884471673
9387.0,0.010248207664588152,0.010080360884471673
9388.0,0.016162267800542002,0.010080360884471673
9389.0,0.0242437537551596,0.010080360884471673
9390.0,0.025628222729622212,0.010080360884471673
9391.0,0.018632370456000524,0.010080360884471673
9392.0,0.012122313104018132,0.010080360884471673
9393.0,0.016367215544927496,0.010080360884471673
9394.0,0.020612117985836863,0.010080360884471673
9395.0,0.021929464935674336,0.010080360884471673
9396.0,0.021616136116658014,0.010080360884471673
9397.0,0.02289872956658698,0.010080360884471673
9398.0,0.029199347265108814,0.010080360884471673
9399.0,0.03549996496363064,0.010080360884471673
9400.0,0.03294970057147472,0.010080360884471673
9401.0,0.028717768582086946,0.010080360884471673
9402.0,0.02550078404994988,0.010080360884471673
9403.0,0.023578828103975928,0.010080360884471673
9404.0,0.021825645044705615,0.010080360884471673
9405.0,0.02429705830566332,0.010080360884471673
9406.0,0.026768471566621026,0.010080360884471673
9407.0,0.031099362741706098,0.010080360884471673
9408.0,0.03648781009394423,0.010080360884471673
9409.0,0.03789615833335584,0.010080360884471673
9410.0,0.02645504953857208,0.010080360884471673
9411.0,0.01501394074378832,0.010080360884471673
9412.0,0.021236725575204698,0.010080360884471673
9413.0,0.030936454985338185,0.010080360884471673
9414.0,0.03393377563119155,0.010080360884471673
9415.0,0.028210558906965853,0.010080360884471673
9416.0,0.02276993515908528,0.010080360884471673
9417.0,0.02545385948087469,0.010080360884471673
9418.0,0.028137783802664094,0.010080360884471673
9419.0,0.0257060708423999,0.010080360884471673
9420.0,0.020303987847390164,0.010080360884471673
9421.0,0.016709807742543905,0.010080360884471673
9422.0,0.019110746029947303,0.010080360884471673
9423.0,0.021511684317350704,0.010080360884471673
9424.0,0.018253213751292623,0.010080360884471673
9425.0,0.01384159773966345,0.010080360884471673
9426.0,0.015108880024677878,0.010080360884471673
9427.0,0.023911013401634554,0.010080360884471673
9428.0,0.03236166551063437,0.010080360884471673
9429.0,0.02896446987950784,0.010080360884471673
9430.0,0.025567274248381316,0.010080360884471673
9431.0,0.02597026498163216,0.010080360884471673
9432.0,0.028625756236789243,0.010080360884471673
9433.0,0.030435748768761012,0.010080360884471673
9434.0,0.029364782688404933,0.010080360884471673
9435.0,0.028293816608048854,0.010080360884471673
9436.0,0.032756095632605405,0.010080360884471673
9437.0,0.03838453823304482,0.010080360884471673
9438.0,0.03813843866474485,0.010080360884471673
9439.0,0.0299434529415525,0.010080360884471673
9440.0,0.021942645120567348,0.010080360884471673
9441.0,0.021835169024324343,0.010080360884471673
9442.0,0.021727692928081344,0.010080360884471673
9443.0,0.021647300166858813,0.010080360884471673
9444.0,0.0215832930842421,0.010080360884471673
9445.0,0.020918865819473546,0.010080360884471673
9446.0,0.018151345159934478,0.010080360884471673
9447.0,0.015383824500395408,0.010080360884471673
9448.0,0.01169767877539057,0.010080360884471673
9449.0,0.007811423204255286,0.010080360884471673
9450.0,0.008728192134983449,0.010080360884471673
9451.0,0.0162731348782865,0.010080360884471673
9452.0,0.02374880727754259,0.010080360884471673
9453.0,0.027687362733960313,0.010080360884471673
9454.0,0.03162591819037803,0.010080360884471673
9455.0,0.02963122282237509,0.010080360884471673
9456.0,0.023972889081246455,0.010080360884471673
9457.0,0.019192794294728744,0.010080360884471673
9458.0,0.017576300604390162,0.010080360884471673
9459.0,0.01595980691405158,0.010080360884471673
9460.0,0.02852220573630811,0.010080360884471673
9461.0,0.04427485537386378,0.010080360884471673
9462.0,0.04800446738723754,0.010080360884471673
9463.0,0.034811480201274635,0.010080360884471673
9464.0,0.02180615475374315,0.010080360884471673
9465.0,0.021640019909934863,0.010080360884471673
9466.0,0.021473885066126578,0.010080360884471673
9467.0,0.018268532192613412,0.010080360884471673
9468.0,0.013148055629158361,0.010080360884471673
9469.0,0.010748567499915623,0.010080360884471673
9470.0,0.018433646674887203,0.010080360884471673
9471.0,0.026118725849858786,0.010080360884471673
9472.0,0.02390803038094929,0.010080360884471673
9473.0,0.019399055889721153,0.010080360884471673
9474.0,0.013878541860867752,0.010080360884471673
9475.0,0.006905788320398224,0.010080360884471673
9476.0,5.805513071920845e-05,0.010080360884471673
9477.0,0.006103045617329607,0.010080360884471673
9478.0,0.012148036103940005,0.010080360884471673
9479.0,0.015548010756685117,0.010080360884471673
9480.0,0.017247245445259362,0.010080360884471673
9481.0,0.019567552487622906,0.010080360884471673
9482.0,0.02425726850975882,0.010080360884471673
9483.0,0.02894698453189474,0.010080360884471673
9484.0,0.022494834693258036,0.010080360884471673
9485.0,0.013373279492154238,0.010080360884471673
9486.0,0.008180455407708849,0.010080360884471673
9487.0,0.008741246420120889,0.010080360884471673
9488.0,0.009288107023306326,0.010080360884471673
9489.0,0.006947890314051547,0.010080360884471673
9490.0,0.004607673604796767,0.010080360884471673
9491.0,0.006356254956572112,0.010080360884471673
9492.0,0.010787347958724363,0.010080360884471673
9493.0,0.01568914349325073,0.010080360884471673
9494.0,0.02244032649224719,0.010080360884471673
9495.0,0.02919150949124365,0.010080360884471673
9496.0,0.029418589236499888,0.010080360884471673
9497.0,0.028034176411586828,0.010080360884471673
9498.0,0.027718974528197188,0.010080360884471673
9499.0,0.02900118659635581,0.010080360884471673
9500.0,0.030283398664514433,0.010080360884471673
