wavelength,intensity,uncertainty
3500.0,0.07993818182990424,0.01
3502.4009603841537,0.06469009419792984,0.01
3504.8019207683074,0.09137874225711741,0.01
3507.202881152461,0.08113701989370219,0.01
3509.6038415366147,0.07601203325583937,0.01
3512.0048019207684,0.08314965300862903,0.01
3514.405762304922,0.07909440607530623,0.01
3516.8067226890757,0.0806512368092594,0.01
3519.2076830732294,0.08166783188010353,0.01
3521.608643457383,0.08041723335029456,0.01
3524.009603841537,0.08201828860790833,0.01
3526.4105642256905,0.0881321736786928,0.01
3528.811524609844,0.09986891919455318,0.01
3531.212484993998,0.08164793801433201,0.01
3533.6134453781515,0.10134541984073711,0.01
3536.0144057623047,0.08605266146759079,0.01
3538.4153661464584,0.10038370131104249,0.01
3540.816326530612,0.06570693125766204,0.01
3543.2172869147657,0.09406584416006702,0.01
3545.6182472989194,0.09300332469959724,0.01
3548.019207683073,0.08124969852110141,0.01
3550.4201680672268,0.07454821573314088,0.01
3552.8211284513804,0.07123533480289852,0.01
3555.222088835534,0.08432192620672381,0.01
3557.623049219688,0.09011460815233804,0.01
3560.0240096038415,0.08052303638062151,0.01
3562.424969987995,0.10885074644318332,0.01
3564.825930372149,0.08272268323001902,0.01
3567.2268907563025,0.08309941769755233,0.01
3569.627851140456,0.09190236715780312,0.01
3572.02881152461,0.09267671015965583,0.01
3574.4297719087635,0.08183706221799239,0.01
3576.830732292917,0.09961842808755034,0.01
3579.231692677071,0.1014147010952486,0.01
3581.6326530612246,0.10786781211107943,0.01
3584.0336134453783,0.10952610443290187,0.01
3586.434573829532,0.09369225489045675,0.01
3588.8355342136856,0.09736742491789738,0.01
3591.2364945978393,0.08716252602732925,0.01
3593.637454981993,0.10262708532775443,0.01
3596.0384153661466,0.09941679284222188,0.01
3598.4393757503003,0.08854795227578811,0.01
3600.840336134454,0.10133159174617554,0.01
3603.2412965186077,0.10317591437140824,0.01
3605.642256902761,0.08506658887296445,0.01
3608.0432172869146,0.08586426769326948,0.01
3610.4441776710682,0.09500682774221626,0.01
3612.845138055222,0.10489185737690089,0.01
3615.2460984393756,0.1053956995598781,0.01
3617.6470588235293,0.08377616369079026,0.01
3620.048019207683,0.11430388826591326,0.01
3622.4489795918366,0.11892519712919754,0.01
3624.8499399759903,0.10367088444647088,0.01
3627.250900360144,0.09194292437307852,0.01
3629.6518607442977,0.09881997126309434,0.01
3632.0528211284513,0.08875407530850847,0.01
3634.453781512605,0.09735612115999044,0.01
3636.8547418967587,0.09901868457032287,0.01
3639.2557022809124,0.08957274818544199,0.01
3641.656662665066,0.10767931898457618,0.01
3644.0576230492197,0.08960863582777007,0.01
3646.4585834333734,0.10395122666535762,0.01
3648.859543817527,0.11460021671926915,0.01
3651.2605042016808,0.09760255281760122,0.01
3653.6614645858344,0.09880263485885545,0.01
3656.062424969988,0.09355324224591029,0.01
3658.463385354142,0.11164794482261971,0.01
3660.8643457382955,0.10127904837872201,0.01
3663.265306122449,0.10480582033528396,0.01
3665.666266506603,0.09625522642735412,0.01
3668.0672268907565,0.10255524322100301,0.01
3670.4681872749097,0.09611135808923624,0.01
3672.869147659064,0.10194626493476214,0.01
3675.270108043217,0.09649162216840514,0.01
3677.6710684273708,0.10772050402848843,0.01
3680.0720288115244,0.11398402082460023,0.01
3682.472989195678,0.11394036481295498,0.01
3684.873949579832,0.11312682388306722,0.01
3687.2749099639855,0.12349192179084553,0.01
3689.675870348139,0.1147308994548786,0.01
3692.076830732293,0.10264107168401888,0.01
3694.4777911164465,0.1328386562754981,0.01
3696.8787515006,0.10532688395504607,0.01
3699.279711884754,0.10843573734776019,0.01
3701.6806722689075,0.1246757174050067,0.01
3704.081632653061,0.10709983540338965,0.01
3706.482593037215,0.12322319220946784,0.01
3708.8835534213686,0.13062454826933723,0.01
3711.2845138055222,0.12151904146306462,0.01
3713.685474189676,0.10628341202371877,0.01
3716.0864345738296,0.1231550411680578,0.01
3718.4873949579833,0.11697066093816451,0.01
3720.888355342137,0.10352917841698218,0.01
3723.2893157262906,0.11933247536229795,0.01
3725.6902761104443,0.10306483353844004,0.01
3728.091236494598,0.1195760267035045,0.01
3730.4921968787517,0.12361713858013651,0.01
3732.8931572629053,0.13117615625114995,0.01
3735.294117647059,0.12867745182380524,0.01
3737.6950780312127,0.1247745867558178,0.01
3740.096038415366,0.1260460201607158,0.01
3742.4969987995196,0.13213614328539888,0.01
3744.8979591836733,0.12796027101989854,0.01
3747.298919567827,0.1374621719926004,0.01
3749.6998799519806,0.11620035120691162,0.01
3752.1008403361343,0.13578372693910623,0.01
3754.501800720288,0.1339674831479402,0.01
3756.9027611044417,0.11686581904430725,0.01
3759.3037214885953,0.12732248769298465,0.01
3761.704681872749,0.1423931176163527,0.01
3764.1056422569027,0.12149939561146283,0.01
3766.5066026410564,0.11762591985214885,0.01
3768.90756302521,0.11051471484077974,0.01
3771.3085234093637,0.14711364951760209,0.01
3773.7094837935174,0.13025973009817335,0.01
3776.110444177671,0.11106083077811206,0.01
3778.5114045618247,0.14440341575056104,0.01
3780.9123649459784,0.13238134443561025,0.01
3783.313325330132,0.11972978842644687,0.01
3785.714285714286,0.13694490628413758,0.01
3788.1152460984395,0.11697417758108541,0.01
3790.516206482593,0.1484308679479751,0.01
3792.917166866747,0.12604220563825325,0.01
3795.3181272509005,0.12789021673036038,0.01
3797.719087635054,0.1504898011135425,0.01
3800.120048019208,0.13389498983982928,0.01
3802.5210084033615,0.1324787650717751,0.01
3804.9219687875147,0.13273199762498208,0.01
3807.322929171669,0.1380998117973839,0.01
3809.723889555822,0.13485495231746503,0.01
3812.124849939976,0.1349563714665403,0.01
3814.5258103241295,0.1382423998713214,0.01
3816.926770708283,0.13822448095994933,0.01
3819.327731092437,0.1497999518123949,0.01
3821.7286914765905,0.15181795119921557,0.01
3824.129651860744,0.13762442669220176,0.01
3826.530612244898,0.14851078275711865,0.01
3828.9315726290515,0.13972311638481286,0.01
3831.332533013205,0.13351088712805043,0.01
3833.733493397359,0.14400227094169307,0.01
3836.1344537815125,0.16148742165250973,0.01
3838.535414165666,0.14996913331823092,0.01
3840.93637454982,0.1344508331240656,0.01
3843.3373349339736,0.15792097751065018,0.01
3845.7382953181273,0.15644719010453484,0.01
3848.139255702281,0.16442480665494225,0.01
3850.5402160864346,0.14465587434157443,0.01
3852.9411764705883,0.15861136173645948,0.01
3855.342136854742,0.15946464780386377,0.01
3857.7430972388956,0.14126574819128984,0.01
3860.1440576230493,0.14496883634029056,0.01
3862.545018007203,0.1454335442085502,0.01
3864.9459783913567,0.15019855707680052,0.01
3867.3469387755104,0.14599695601423732,0.01
3869.747899159664,0.1491184916296436,0.01
3872.1488595438177,0.13843442398686867,0.01
3874.549819927971,0.1392178866217528,0.01
3876.950780312125,0.1515721554231693,0.01
3879.3517406962783,0.15602853189629076,0.01
3881.752701080432,0.15600684393586672,0.01
3884.1536614645856,0.16845149367472656,0.01
3886.5546218487393,0.15490954759825762,0.01
3888.955582232893,0.14175709937788927,0.01
3891.3565426170467,0.1525138886705764,0.01
3893.7575030012003,0.16173678538053743,0.01
3896.158463385354,0.14697453691893936,0.01
3898.5594237695077,0.1652247021407481,0.01
3900.9603841536614,0.1491940860606511,0.01
3903.361344537815,0.15802061360902983,0.01
3905.7623049219687,0.1595806638362379,0.01
3908.1632653061224,0.16945189267312785,0.01
3910.564225690276,0.16485265950686964,0.01
3912.9651860744298,0.15550059529980498,0.01
3915.3661464585834,0.1610041893566059,0.01
3917.767106842737,0.16726519237113083,0.01
3920.168067226891,0.16489723296575484,0.01
3922.5690276110445,0.16586342543598862,0.01
3924.969987995198,0.16429679457965965,0.01
3927.370948379352,0.16721709958300945,0.01
3929.7719087635055,0.18337433293296124,0.01
3932.172869147659,0.17084627418339995,0.01
3934.573829531813,0.1540870654735803,0.01
3936.9747899159665,0.16909250471930154,0.01
3939.37575030012,0.18453388556207242,0.01
3941.776710684274,0.16876842886824545,0.01
3944.177671068427,0.17857174936419395,0.01
3946.5786314525812,0.16414701673898743,0.01
3948.9795918367345,0.1965450917872327,0.01
3951.380552220888,0.18806810446375416,0.01
3953.781512605042,0.17043144078853018,0.01
3956.1824729891955,0.17718613786904638,0.01
3958.583433373349,0.1685187317321353,0.01
3960.984393757503,0.17171296322605295,0.01
3963.3853541416565,0.18026054994007204,0.01
3965.78631452581,0.17921399617653258,0.01
3968.187274909964,0.19742028161058628,0.01
3970.5882352941176,0.18551129210639422,0.01
3972.9891956782712,0.19225253259897007,0.01
3975.390156062425,0.186896550649668,0.01
3977.7911164465786,0.16863026360930672,0.01
3980.1920768307323,0.16044075262898752,0.01
3982.593037214886,0.18835816270532252,0.01
3984.9939975990396,0.17578929441462565,0.01
3987.3949579831933,0.1849512875655714,0.01
3989.795918367347,0.18591001003215554,0.01
3992.1968787515007,0.19041857813893606,0.01
3994.5978391356543,0.17557889719669528,0.01
3996.998799519808,0.1870499708002236,0.01
3999.3997599039617,0.18578938865912362,0.01
4001.8007202881154,0.19070873817695383,0.01
4004.201680672269,0.18935243046834466,0.01
4006.6026410564227,0.18367201897199592,0.01
4009.003601440576,0.17638826770935523,0.01
4011.40456182473,0.16876636460581723,0.01
4013.8055222088833,0.19649503070978055,0.01
4016.2064825930374,0.18562231796551326,0.01
4018.6074429771907,0.19379225463059302,0.01
4021.0084033613443,0.1964152535442646,0.01
4023.409363745498,0.19344023522367926,0.01
4025.8103241296517,0.2008541922782475,0.01
4028.2112845138054,0.184995274091415,0.01
4030.612244897959,0.20365235967112003,0.01
4033.0132052821127,0.20420447760859284,0.01
4035.4141656662664,0.1945278698023966,0.01
4037.81512605042,0.19333478276672394,0.01
4040.2160864345738,0.19465830683892926,0.01
4042.6170468187274,0.1866221944584466,0.01
4045.018007202881,0.18904468487770343,0.01
4047.418967587035,0.1895982957781348,0.01
4049.8199279711885,0.205857886528589,0.01
4052.220888355342,0.18910740445856972,0.01
4054.621848739496,0.18890207797043118,0.01
4057.0228091236495,0.2221127663518048,0.01
4059.423769507803,0.2034352151137724,0.01
4061.824729891957,0.18024736670684122,0.01
4064.2256902761105,0.20712649483819984,0.01
4066.626650660264,0.19268512515290598,0.01
4069.027611044418,0.19145044873434164,0.01
4071.4285714285716,0.18554204956005482,0.01
4073.829531812725,0.2150616113977749,0.01
4076.230492196879,0.2213815527236654,0.01
4078.631452581032,0.2086009352809773,0.01
4081.0324129651863,0.20888794439664604,0.01
4083.4333733493395,0.21844760781550623,0.01
4085.8343337334936,0.20096600225965872,0.01
4088.235294117647,0.22655514473140542,0.01
4090.6362545018005,0.21958457785875654,0.01
4093.037214885954,0.2128870306116917,0.01
4095.438175270108,0.22123184757735348,0.01
4097.839135654262,0.23159776069392723,0.01
4100.240096038416,0.20817902230316038,0.01
4102.641056422569,0.19644649096756517,0.01
4105.042016806723,0.2138426053078364,0.01
4107.442977190876,0.20192501133031973,0.01
4109.8439375750295,0.2182146263648545,0.01
4112.244897959184,0.19670581101391432,0.01
4114.645858343338,0.21950765880092238,0.01
4117.046818727491,0.2209133826414374,0.01
4119.447779111644,0.2338543318299689,0.01
4121.848739495798,0.21428735475734548,0.01
4124.249699879952,0.22550175777554746,0.01
4126.650660264106,0.21176608656902932,0.01
4129.051620648259,0.2234168546992403,0.01
4131.452581032413,0.23222255366837577,0.01
4133.853541416566,0.2290239573213541,0.01
4136.25450180072,0.20834156452203856,0.01
4138.655462184874,0.2261043809522796,0.01
4141.056422569028,0.23153218168038747,0.01
4143.457382953181,0.23573364821039813,0.01
4145.858343337335,0.23610048714850743,0.01
4148.259303721488,0.2274388124334256,0.01
4150.660264105642,0.22991310158061432,0.01
4153.061224489796,0.24714059062423108,0.01
4155.46218487395,0.2229364545921622,0.01
4157.863145258103,0.24278263211692458,0.01
4160.264105642257,0.22950418366083106,0.01
4162.66506602641,0.23075388772717198,0.01
4165.0660264105645,0.23762518221037146,0.01
4167.466986794718,0.24062683905545013,0.01
4169.867947178872,0.2501471855439703,0.01
4172.268907563025,0.2548561635892163,0.01
4174.669867947179,0.24410423876719878,0.01
4177.070828331332,0.258478045928769,0.01
4179.471788715486,0.22781017669520456,0.01
4181.87274909964,0.22216261310628063,0.01
4184.273709483794,0.24656769253639316,0.01
4186.674669867947,0.24883016710948178,0.01
4189.0756302521,0.2424619322733315,0.01
4191.4765906362545,0.24238905341101696,0.01
4193.877551020408,0.26257429053641146,0.01
4196.278511404562,0.24451566072130201,0.01
4198.679471788715,0.25114728774844103,0.01
4201.080432172869,0.24558927986273335,0.01
4203.481392557022,0.2455198688473167,0.01
4205.882352941177,0.2531633367333988,0.01
4208.28331332533,0.2539151464752852,0.01
4210.684273709484,0.25258929842485567,0.01
4213.085234093637,0.25764309891908577,0.01
4215.486194477791,0.268231909492498,0.01
4217.8871548619445,0.265538692332885,0.01
4220.288115246099,0.24743617221610523,0.01
4222.689075630252,0.256794626724101,0.01
4225.090036014406,0.25607117218679215,0.01
4227.490996398559,0.2608629654406219,0.01
4229.891956782713,0.25043355352457397,0.01
4232.292917166867,0.27390142181946076,0.01
4234.693877551021,0.27503009194884553,0.01
4237.094837935174,0.2504949317827269,0.01
4239.495798319328,0.2635628839234968,0.01
4241.896758703481,0.24829219179385822,0.01
4244.297719087635,0.25274915792169916,0.01
4246.698679471789,0.25682273986242293,0.01
4249.099639855942,0.2739481033692503,0.01
4251.500600240096,0.260744947885628,0.01
4253.90156062425,0.25673808947531174,0.01
4256.302521008403,0.25441887636013455,0.01
4258.703481392557,0.26570981424987944,0.01
4261.104441776711,0.25023413297391905,0.01
4263.505402160864,0.2593790915359608,0.01
4265.906362545018,0.23027259938170305,0.01
4268.307322929171,0.2372307797424068,0.01
4270.708283313325,0.2558762928241349,0.01
4273.109243697479,0.2687347939742105,0.01
4275.510204081633,0.24851484667818174,0.01
4277.911164465786,0.26125112037686055,0.01
4280.31212484994,0.25431169808651627,0.01
4282.713085234093,0.2512402550710859,0.01
4285.1140456182475,0.2500124791636721,0.01
4287.515006002401,0.24808141743064574,0.01
4289.915966386555,0.27215803022101787,0.01
4292.316926770708,0.26402208280377526,0.01
4294.717887154862,0.27122312050237496,0.01
4297.118847539015,0.24802448476944902,0.01
4299.5198079231695,0.27058737251160386,0.01
4301.920768307323,0.27221373577927643,0.01
4304.321728691477,0.2808493498170085,0.01
4306.72268907563,0.2810962033777808,0.01
4309.123649459784,0.29117169561704265,0.01
4311.5246098439375,0.2788144180744341,0.01
4313.925570228092,0.2966157052478753,0.01
4316.326530612245,0.2929171173976651,0.01
4318.727490996398,0.2996079019484019,0.01
4321.128451380552,0.28459684431179705,0.01
4323.529411764706,0.26440704601744813,0.01
4325.9303721488595,0.29452739570913306,0.01
4328.331332533013,0.290162464602446,0.01
4330.732292917167,0.2935815021453799,0.01
4333.13325330132,0.2868551072095267,0.01
4335.534213685474,0.29325354539603077,0.01
4337.9351740696275,0.2988870854019743,0.01
4340.336134453782,0.2977932296707718,0.01
4342.737094837935,0.28849656102854804,0.01
4345.138055222089,0.3142165730074364,0.01
4347.539015606242,0.2942832607243302,0.01
4349.939975990396,0.320529653187444,0.01
4352.3409363745495,0.2999755290303677,0.01
4354.741896758704,0.31662455391994454,0.01
4357.142857142857,0.30318530712179514,0.01
4359.543817527011,0.2963745884757371,0.01
4361.944777911164,0.32114509957377213,0.01
4364.345738295318,0.3212645215609831,0.01
4366.746698679472,0.33067396853521225,0.01
4369.147659063626,0.3115996014914863,0.01
4371.548619447779,0.3158785234906181,0.01
4373.949579831933,0.31061969537882644,0.01
4376.350540216086,0.3092957741563999,0.01
4378.75150060024,0.32005223757100565,0.01
4381.152460984394,0.3162519614815029,0.01
4383.553421368548,0.31473235833868923,0.01
4385.954381752701,0.31972347683328745,0.01
4388.355342136854,0.31857765862862475,0.01
4390.756302521008,0.322298900760748,0.01
4393.1572629051625,0.309894127446367,0.01
4395.558223289316,0.3340081091883546,0.01
4397.959183673469,0.32108157622911937,0.01
4400.360144057623,0.32307964487595664,0.01
4402.761104441776,0.32807164005253625,0.01
4405.16206482593,0.31667416754628036,0.01
4407.563025210084,0.32912991576452644,0.01
4409.963985594238,0.3218499152881128,0.01
4412.364945978391,0.3295649246138955,0.01
4414.765906362545,0.34426341122045434,0.01
4417.166866746698,0.3200109992084348,0.01
4419.5678271308525,0.3169106239530063,0.01
4421.968787515006,0.3334234567746607,0.01
4424.36974789916,0.3231712746302103,0.01
4426.770708283313,0.3465568536449842,0.01
4429.171668667467,0.32560245075444644,0.01
4431.57262905162,0.33001391054383833,0.01
4433.973589435775,0.3477097238261455,0.01
4436.374549819928,0.34062508008632986,0.01
4438.775510204082,0.34436099493137534,0.01
4441.176470588235,0.3540535680596902,0.01
4443.577430972389,0.355834165712029,0.01
4445.9783913565425,0.3520291478507052,0.01
4448.379351740696,0.35421300900893365,0.01
4450.78031212485,0.35379683391788047,0.01
4453.181272509004,0.35288357398452563,0.01
4455.582232893157,0.349931983831688,0.01
4457.98319327731,0.34417567198622656,0.01
4460.384153661465,0.36930973974950154,0.01
4462.785114045619,0.35458553244688273,0.01
4465.186074429772,0.3624755287860697,0.01
4467.587034813925,0.3549908001428808,0.01
4469.987995198079,0.36661322232933236,0.01
4472.3889555822325,0.33003813491983885,0.01
4474.789915966387,0.3655092596006958,0.01
4477.19087635054,0.36058588645525264,0.01
4479.591836734694,0.3669239193709452,0.01
4481.992797118847,0.3716598618370988,0.01
4484.393757503001,0.36290134166861576,0.01
4486.794717887155,0.3595416635582797,0.01
4489.195678271309,0.34231526497263987,0.01
4491.596638655462,0.3540818844269073,0.01
4493.997599039616,0.3628857532573815,0.01
4496.398559423769,0.37681429742441697,0.01
4498.799519807923,0.3397346029708712,0.01
4501.200480192077,0.3597198278693274,0.01
4503.601440576231,0.3699597636985099,0.01
4506.002400960384,0.3418374155634182,0.01
4508.403361344538,0.37543702032563664,0.01
4510.804321728691,0.3614951010778496,0.01
4513.205282112845,0.36343626428122705,0.01
4515.606242496999,0.361092248510679,0.01
4518.007202881152,0.3808767769984722,0.01
4520.408163265306,0.3606671889073947,0.01
4522.80912364946,0.37233894753464875,0.01
4525.210084033613,0.3778384135099863,0.01
4527.611044417767,0.37104731521172657,0.01
4530.012004801921,0.3852868601302292,0.01
4532.412965186075,0.3853478329312298,0.01
4534.813925570228,0.3813435290746576,0.01
4537.214885954381,0.3631732617749871,0.01
4539.615846338535,0.3701848181106004,0.01
4542.016806722689,0.38120916133355026,0.01
4544.417767106843,0.3873153920498624,0.01
4546.818727490996,0.39260548023323444,0.01
4549.21968787515,0.39257011350687016,0.01
4551.620648259303,0.40264638313365775,0.01
4554.0216086434575,0.41096832637202124,0.01
4556.422569027611,0.367743893130609,0.01
4558.823529411765,0.39181224064885767,0.01
4561.224489795918,0.38631956956538477,0.01
4563.625450180072,0.38867324991021046,0.01
4566.026410564225,0.3974485880965107,0.01
4568.42737094838,0.38731130880125814,0.01
4570.828331332533,0.3961434247625075,0.01
4573.229291716687,0.39914573348054366,0.01
4575.63025210084,0.39504266956326733,0.01
4578.031212484993,0.38547768913484554,0.01
4580.4321728691475,0.3695469412620685,0.01
4582.833133253302,0.3832880913670961,0.01
4585.234093637455,0.4001137947955955,0.01
4587.635054021608,0.4012501880300673,0.01
4590.036014405762,0.4110093672610959,0.01
4592.436974789916,0.41250420155232875,0.01
4594.83793517407,0.4042956148297706,0.01
4597.238895558223,0.4254071820652612,0.01
4599.639855942377,0.4043795391484641,0.01
4602.040816326531,0.4151165553864593,0.01
4604.441776710684,0.41257551271768556,0.01
4606.8427370948375,0.42092960474429686,0.01
4609.243697478992,0.4051519266837275,0.01
4611.644657863145,0.4256699280783524,0.01
4614.045618247299,0.4211350766415294,0.01
4616.446578631452,0.41352203946557703,0.01
4618.847539015606,0.41791281081537507,0.01
4621.24849939976,0.40804663982876505,0.01
4623.649459783914,0.43459715978896546,0.01
4626.050420168067,0.42359779517296586,0.01
4628.451380552221,0.4236331689590059,0.01
4630.852340936374,0.4271240863252958,0.01
4633.253301320528,0.4232233595274914,0.01
4635.654261704682,0.43421527535266524,0.01
4638.055222088836,0.4492246383524382,0.01
4640.456182472989,0.4526287946052783,0.01
4642.857142857143,0.42211530429669497,0.01
4645.258103241296,0.44484049426842814,0.01
4647.65906362545,0.43035933376523733,0.01
4650.060024009604,0.4435728471553731,0.01
4652.460984393758,0.41924102346647124,0.01
4654.861944777911,0.44220588228891805,0.01
4657.262905162064,0.4308110890801998,0.01
4659.663865546218,0.43694995305905643,0.01
4662.0648259303725,0.4289581841962691,0.01
4664.465786314526,0.44047449460646976,0.01
4666.866746698679,0.4358177198746444,0.01
4669.267707082833,0.4285696042922733,0.01
4671.668667466987,0.4515147680496815,0.01
4674.0696278511405,0.45172995566980445,0.01
4676.470588235294,0.45147079863251205,0.01
4678.871548619448,0.440772877684903,0.01
4681.272509003601,0.46934495496734613,0.01
4683.673469387755,0.45966908759216973,0.01
4686.074429771908,0.47274593094259487,0.01
4688.4753901560625,0.4458493814025094,0.01
4690.876350540216,0.45689669481512124,0.01
4693.27731092437,0.45432640531419444,0.01
4695.678271308523,0.45700619410232723,0.01
4698.079231692677,0.4525680969945043,0.01
4700.4801920768305,0.4604893531224361,0.01
4702.881152460985,0.46160183399566973,0.01
4705.282112845138,0.4536762942460418,0.01
4707.683073229292,0.47038362138673334,0.01
4710.084033613445,0.47070024819601614,0.01
4712.484993997599,0.46530516290819973,0.01
4714.8859543817525,0.4689054313781655,0.01
4717.286914765906,0.4584129488206158,0.01
4719.68787515006,0.45062308826037417,0.01
4722.088835534214,0.4744474048816892,0.01
4724.489795918367,0.4639798436407718,0.01
4726.8907563025205,0.4699105969917665,0.01
4729.291716686675,0.47447496187943106,0.01
4731.692677070829,0.48189761809171283,0.01
4734.093637454982,0.4640646203336385,0.01
4736.494597839135,0.4617295392421717,0.01
4738.895558223289,0.4937797440048363,0.01
4741.296518607443,0.49036486837465026,0.01
4743.697478991597,0.47599883430378404,0.01
4746.09843937575,0.48004110626702134,0.01
4748.499399759904,0.49118318227814395,0.01
4750.900360144057,0.4808536658009304,0.01
4753.301320528211,0.4802457440273194,0.01
4755.702280912365,0.4794278386674406,0.01
4758.103241296519,0.4945147837781583,0.01
4760.504201680672,0.4932681367475518,0.01
4762.905162064826,0.46664418123199386,0.01
4765.306122448979,0.4924898051770019,0.01
4767.707082833133,0.4835588900399097,0.01
4770.108043217287,0.5045248761923375,0.01
4772.509003601441,0.4893716807318796,0.01
4774.909963985594,0.5051321504658685,0.01
4777.310924369748,0.481108548694515,0.01
4779.711884753901,0.5020108796332832,0.01
4782.1128451380555,0.49041912477636357,0.01
4784.513805522209,0.4988459228148397,0.01
4786.914765906362,0.5027642374151231,0.01
4789.315726290516,0.5122448094928734,0.01
4791.71668667467,0.4919259968522483,0.01
4794.117647058823,0.5147357049713867,0.01
4796.518607442977,0.5000890282411687,0.01
4798.919567827131,0.5007414571154978,0.01
4801.320528211285,0.5079411187428713,0.01
4803.721488595438,0.5120296707540075,0.01
4806.122448979591,0.5013732818018969,0.01
4808.5234093637455,0.4915705411655843,0.01
4810.9243697479,0.5058030231913376,0.01
4813.325330132053,0.5033374681096742,0.01
4815.726290516206,0.5193448800671466,0.01
4818.12725090036,0.5082318967326676,0.01
4820.528211284513,0.5290248267507448,0.01
4822.929171668668,0.5029205208881677,0.01
4825.330132052821,0.5409802661032559,0.01
4827.731092436975,0.5058460517750621,0.01
4830.132052821128,0.5200649919819362,0.01
4832.533013205282,0.5266692440167893,0.01
4834.9339735894355,0.5308636198891166,0.01
4837.33493397359,0.5325156806149529,0.01
4839.735894357743,0.5392431051664437,0.01
4842.136854741897,0.5247231276265842,0.01
4844.53781512605,0.5192049312467442,0.01
4846.938775510204,0.5496586760335281,0.01
4849.339735894358,0.5444385257686437,0.01
4851.740696278512,0.5481016629858189,0.01
4854.141656662665,0.545013790363815,0.01
4856.542617046818,0.5421840517322079,0.01
4858.943577430972,0.5170865704236141,0.01
4861.344537815126,0.5468804886554727,0.01
4863.74549819928,0.559207575082233,0.01
4866.146458583433,0.5416609947209744,0.01
4868.547418967587,0.5334272497062054,0.01
4870.948379351741,0.557671080428992,0.01
4873.349339735894,0.5255885107221012,0.01
4875.7503001200475,0.5358713041538995,0.01
4878.151260504202,0.5178313453255088,0.01
4880.552220888356,0.5342483424403442,0.01
4882.953181272509,0.5516890230884918,0.01
4885.354141656662,0.5501569179953177,0.01
4887.755102040816,0.539531953136829,0.01
4890.15606242497,0.5694178599586869,0.01
4892.557022809124,0.558217098987337,0.01
4894.957983193277,0.5693993110194782,0.01
4897.358943577431,0.554676964436884,0.01
4899.759903961584,0.5587159826951738,0.01
4902.160864345738,0.5277820410270193,0.01
4904.561824729892,0.5573441024299761,0.01
4906.962785114046,0.5643183958687615,0.01
4909.363745498199,0.5690655330088493,0.01
4911.764705882353,0.566894118018807,0.01
4914.165666266506,0.57092691749849,0.01
4916.5666266506605,0.5600735375544477,0.01
4918.967587034814,0.5763593383573016,0.01
4921.368547418968,0.5685741823197921,0.01
4923.769507803121,0.569447422505346,0.01
4926.170468187274,0.5702134281855892,0.01
4928.571428571428,0.5618977034570164,0.01
4930.972388955583,0.5639012563123543,0.01
4933.373349339736,0.5647179343118093,0.01
4935.774309723889,0.5459290339906508,0.01
4938.175270108043,0.5660208936995049,0.01
4940.576230492197,0.5951179622097077,0.01
4942.9771908763505,0.5827806135384691,0.01
4945.378151260504,0.5763444572251102,0.01
4947.779111644658,0.5749097318986757,0.01
4950.180072028812,0.58982741160047,0.01
4952.581032412965,0.5814067641535303,0.01
4954.981992797118,0.5748436152233887,0.01
4957.382953181273,0.5871420047497014,0.01
4959.783913565426,0.5843428199859685,0.01
4962.18487394958,0.5711338102837742,0.01
4964.585834333733,0.5940504090898984,0.01
4966.986794717887,0.5808487420523967,0.01
4969.3877551020405,0.5779606730480764,0.01
4971.788715486195,0.5882867013299579,0.01
4974.189675870348,0.6078578850133899,0.01
4976.590636254502,0.5971414419590477,0.01
4978.991596638655,0.6063703677601633,0.01
4981.392557022809,0.5896928895928061,0.01
4983.793517406963,0.5940306942000354,0.01
4986.194477791116,0.6054466759614237,0.01
4988.59543817527,0.5977315982169087,0.01
4990.996398559424,0.6058823825308252,0.01
4993.397358943577,0.6140997617769911,0.01
4995.7983193277305,0.5968154380571483,0.01
4998.199279711885,0.6065184244548544,0.01
5000.600240096039,0.5915274859500066,0.01
5003.001200480192,0.6062074769582684,0.01
5005.402160864345,0.6104804417740899,0.01
5007.803121248499,0.6263575378407339,0.01
5010.2040816326535,0.6155879790553526,0.01
5012.605042016807,0.6114187629332251,0.01
5015.00600240096,0.6151241363874089,0.01
5017.406962785114,0.6039285430333516,0.01
5019.807923169267,0.6229153509659587,0.01
5022.208883553421,0.6183611987710906,0.01
5024.609843937575,0.610112604295101,0.01
5027.010804321729,0.6175666531255964,0.01
5029.411764705882,0.6045962780025897,0.01
5031.812725090036,0.623071476096364,0.01
5034.213685474189,0.635357163076849,0.01
5036.6146458583435,0.6029970086974883,0.01
5039.015606242497,0.6258561469370097,0.01
5041.416566626651,0.6332557846623128,0.01
5043.817527010804,0.6167062201875984,0.01
5046.218487394958,0.6279129119542418,0.01
5048.619447779111,0.6339706711099713,0.01
5051.0204081632655,0.648313739076713,0.01
5053.421368547419,0.6604391894498367,0.01
5055.822328931572,0.6212946136018419,0.01
5058.223289315726,0.6247958323726955,0.01
5060.62424969988,0.628196696590449,0.01
5063.0252100840335,0.6060067261815845,0.01
5065.426170468187,0.6582479691077119,0.01
5067.827130852341,0.6400654907164016,0.01
5070.228091236495,0.6516918063644165,0.01
5072.629051620648,0.6276142227164464,0.01
5075.030012004801,0.6518826022612545,0.01
5077.4309723889555,0.6422368866322664,0.01
5079.83193277311,0.6430590813912914,0.01
5082.232893157263,0.644767547759181,0.01
5084.633853541416,0.6352982197057361,0.01
5087.03481392557,0.6521736803113536,0.01
5089.4357743097235,0.6519563792235856,0.01
5091.836734693878,0.6396914384619811,0.01
5094.237695078031,0.6470397059037277,0.01
5096.638655462185,0.6646892950251557,0.01
5099.039615846338,0.6549378129836098,0.01
5101.440576230492,0.6667482178636485,0.01
5103.8415366146455,0.653520304914391,0.01
5106.2424969988,0.6558645498987841,0.01
5108.643457382953,0.6529012448341013,0.01
5111.044417767107,0.6636463942188456,0.01
5113.44537815126,0.6623841786162835,0.01
5115.846338535414,0.6692601342179177,0.01
5118.247298919568,0.6827804707699866,0.01
5120.648259303722,0.6646675192374508,0.01
5123.049219687875,0.6484717877403915,0.01
5125.450180072028,0.6688878566324953,0.01
5127.851140456182,0.667694179782666,0.01
5130.252100840336,0.6675772214256936,0.01
5132.65306122449,0.6622653447244415,0.01
5135.054021608643,0.6729753663400395,0.01
5137.454981992797,0.6746585239026128,0.01
5139.855942376951,0.6689548893343275,0.01
5142.256902761104,0.6694152924685414,0.01
5144.657863145258,0.6851629869933047,0.01
5147.058823529412,0.6800112088759327,0.01
5149.459783913566,0.6730359775317974,0.01
5151.860744297719,0.6651454153309396,0.01
5154.261704681872,0.6736390125639196,0.01
5156.662665066026,0.6674746461753075,0.01
5159.06362545018,0.6494891369295106,0.01
5161.464585834334,0.6552662751242131,0.01
5163.865546218487,0.6510195556006045,0.01
5166.266506602641,0.6529652166264669,0.01
5168.667466986794,0.6563221698110944,0.01
5171.0684273709485,0.642509258443801,0.01
5173.469387755102,0.6596250465397923,0.01
5175.870348139256,0.6556387439670188,0.01
5178.271308523409,0.6332365766396737,0.01
5180.672268907563,0.63135948225893,0.01
5183.073229291716,0.6405116916432169,0.01
5185.474189675871,0.6377738279377005,0.01
5187.875150060024,0.642227811060517,0.01
5190.276110444178,0.6468929466709276,0.01
5192.677070828331,0.6606503680791065,0.01
5195.078031212484,0.6611420489424651,0.01
5197.4789915966385,0.6825986764563733,0.01
5199.879951980793,0.6543592417591032,0.01
5202.280912364946,0.6887303179461759,0.01
5204.681872749099,0.6784725066425554,0.01
5207.082833133253,0.6819543051753462,0.01
5209.483793517407,0.7072742847049449,0.01
5211.8847539015605,0.7057511060965219,0.01
5214.285714285714,0.7104111129074002,0.01
5216.686674669868,0.7099540216504674,0.01
5219.087635054022,0.7166707164026467,0.01
5221.488595438175,0.7142575251288704,0.01
5223.8895558223285,0.7399905037251325,0.01
5226.290516206483,0.709339814613229,0.01
5228.691476590636,0.7168424806535934,0.01
5231.09243697479,0.7350652499926476,0.01
5233.493397358943,0.7070338064274582,0.01
5235.894357743097,0.7155962158510155,0.01
5238.2953181272505,0.732614337999186,0.01
5240.696278511405,0.7318246381484101,0.01
5243.097238895558,0.7411942128579467,0.01
5245.498199279712,0.7133490843264483,0.01
5247.899159663865,0.7298680972530696,0.01
5250.300120048019,0.7149934191941687,0.01
5252.701080432173,0.7181300415694969,0.01
5255.102040816327,0.7320142536248233,0.01
5257.50300120048,0.7312899777083351,0.01
5259.903961584634,0.7490925514677023,0.01
5262.304921968787,0.7397750158859447,0.01
5264.7058823529405,0.7457813329562226,0.01
5267.106842737095,0.7224032874349118,0.01
5269.507803121249,0.7374426414706515,0.01
5271.908763505402,0.7342055025831672,0.01
5274.309723889555,0.7371231654427834,0.01
5276.710684273709,0.7353567293544456,0.01
5279.1116446578635,0.7392571670765992,0.01
5281.512605042017,0.7509040908725307,0.01
5283.91356542617,0.7439067079437067,0.01
5286.314525810324,0.7475260607772771,0.01
5288.715486194478,0.7456884696020151,0.01
5291.116446578631,0.7624959064644266,0.01
5293.517406962785,0.7485654755999174,0.01
5295.918367346939,0.7550643796055021,0.01
5298.319327731092,0.757204263832434,0.01
5300.720288115246,0.7496274791241588,0.01
5303.121248499399,0.7548353038336724,0.01
5305.5222088835535,0.7710255909724718,0.01
5307.923169267707,0.7577978289337434,0.01
5310.324129651861,0.7561459703855437,0.01
5312.725090036014,0.7510641063188859,0.01
5315.126050420168,0.7615034423012722,0.01
5317.527010804321,0.7641730458892804,0.01
5319.927971188476,0.7723877136493925,0.01
5322.328931572629,0.7609217538152502,0.01
5324.729891956783,0.7506925475531943,0.01
5327.130852340936,0.7619113837107713,0.01
5329.53181272509,0.7545816227780416,0.01
5331.9327731092435,0.7497943378882396,0.01
5334.333733493397,0.7677841344404711,0.01
5336.734693877551,0.7608535106739653,0.01
5339.135654261705,0.7653617745473336,0.01
5341.536614645858,0.7895070173087194,0.01
5343.937575030011,0.7905237291094609,0.01
5346.338535414166,0.7634824637175933,0.01
5348.73949579832,0.770272127853478,0.01
5351.140456182473,0.7799907640628801,0.01
5353.541416566626,0.8034599429787103,0.01
5355.94237695078,0.7786950057298332,0.01
5358.343337334934,0.782302396170534,0.01
5360.744297719088,0.7928455752414619,0.01
5363.145258103241,0.7774531163439318,0.01
5365.546218487395,0.7825919247664457,0.01
5367.947178871548,0.7834441696142308,0.01
5370.348139255702,0.7690803081725734,0.01
5372.749099639856,0.7794515370607044,0.01
5375.15006002401,0.7962051001109413,0.01
5377.551020408163,0.7922551680904197,0.01
5379.951980792317,0.7943764583139737,0.01
5382.35294117647,0.7983405004510927,0.01
5384.753901560624,0.7922520321688753,0.01
5387.154861944778,0.7780901177258706,0.01
5389.555822328932,0.8186653225374402,0.01
5391.956782713085,0.7945901985058,0.01
5394.357743097239,0.8081275764469963,0.01
5396.758703481392,0.8067198530787211,0.01
5399.1596638655465,0.7837352575034306,0.01
5401.5606242497,0.7842417716966547,0.01
5403.961584633853,0.8099645418927245,0.01
5406.362545018007,0.7978495285371568,0.01
5408.763505402161,0.8059902497482624,0.01
5411.164465786314,0.8011785981586218,0.01
5413.565426170468,0.8032466541044183,0.01
5415.966386554622,0.7919839410838914,0.01
5418.367346938776,0.8159986615572722,0.01
5420.768307322929,0.8091236480304355,0.01
5423.169267707082,0.8226659934106464,0.01
5425.5702280912365,0.8275378302299546,0.01
5427.971188475391,0.8255324447587992,0.01
5430.372148859544,0.8131409327597715,0.01
5432.773109243697,0.8216886280257543,0.01
5435.174069627851,0.8043046739758647,0.01
5437.575030012004,0.8234320525341408,0.01
5439.9759903961585,0.8031892096964829,0.01
5442.376950780312,0.7922709009829095,0.01
5444.777911164466,0.8361178203493597,0.01
5447.178871548619,0.8124677325362717,0.01
5449.579831932773,0.8309988646396012,0.01
5451.980792316926,0.8140922546544148,0.01
5454.381752701081,0.8122538706491166,0.01
5456.782713085234,0.8297463844018332,0.01
5459.183673469388,0.8337860962153645,0.01
5461.584633853541,0.8426275592601857,0.01
5463.985594237694,0.812045456688469,0.01
5466.3865546218485,0.8482410995247639,0.01
5468.787515006003,0.8237652867124945,0.01
5471.188475390156,0.8357242566377281,0.01
5473.589435774309,0.8170445708141469,0.01
5475.990396158463,0.830191427515151,0.01
5478.391356542617,0.8265874796801171,0.01
5480.792316926771,0.8335340984773556,0.01
5483.193277310924,0.8465767361127807,0.01
5485.594237695078,0.8296831251154893,0.01
5487.995198079232,0.8305931391289881,0.01
5490.396158463385,0.83085938051271,0.01
5492.7971188475385,0.8375074030000594,0.01
5495.198079231693,0.8376881854025334,0.01
5497.599039615847,0.8469430274069237,0.01
5500.0,0.8466997337450012,0.01
5502.400960384153,0.8432076243987563,0.01
5504.801920768307,0.8396295266242244,0.01
5507.202881152461,0.8468154587463713,0.01
5509.603841536615,0.8433962737672581,0.01
5512.004801920768,0.8496834020652639,0.01
5514.405762304922,0.8640328699424256,0.01
5516.806722689075,0.8495802756194087,0.01
5519.207683073229,0.8682262977722375,0.01
5521.608643457383,0.8460225281909968,0.01
5524.009603841537,0.8551042380660339,0.01
5526.41056422569,0.8626640199357792,0.01
5528.811524609844,0.8593311627089836,0.01
5531.212484993997,0.8452270033644795,0.01
5533.613445378151,0.8614947884974351,0.01
5536.014405762305,0.8513751760669269,0.01
5538.415366146459,0.8488592170509094,0.01
5540.816326530612,0.8731389453431242,0.01
5543.217286914765,0.8555829614672479,0.01
5545.618247298919,0.8573832948415578,0.01
5548.019207683074,0.859494298595401,0.01
5550.420168067227,0.8583579947983808,0.01
5552.82112845138,0.8548063372394996,0.01
5555.222088835534,0.8732840068221811,0.01
5557.623049219688,0.8547158536847934,0.01
5560.0240096038415,0.8831966022910914,0.01
5562.424969987995,0.8729509643971528,0.01
5564.825930372149,0.8734563120812585,0.01
5567.226890756303,0.8521033524389712,0.01
5569.627851140456,0.8779445369073484,0.01
5572.028811524609,0.8783573148304932,0.01
5574.4297719087635,0.8602048695758961,0.01
5576.830732292918,0.8807675267185475,0.01
5579.231692677071,0.8868011395462727,0.01
5581.632653061224,0.8959921020990347,0.01
5584.033613445377,0.8686879615400033,0.01
5586.4345738295315,0.8750263642668594,0.01
5588.835534213686,0.8823403236787403,0.01
5591.236494597839,0.8843287454342849,0.01
5593.637454981992,0.8621291918955231,0.01
5596.038415366146,0.8751578901980104,0.01
5598.4393757503,0.8999417443563488,0.01
5600.8403361344535,0.8626170517616785,0.01
5603.241296518607,0.8714495178979995,0.01
5605.642256902761,0.8779161299583661,0.01
5608.043217286915,0.889763410420937,0.01
5610.444177671068,0.8697873408117671,0.01
5612.8451380552215,0.8920072662041235,0.01
5615.246098439376,0.8797584274522323,0.01
5617.64705882353,0.8860953328974811,0.01
5620.048019207683,0.8876519014881369,0.01
5622.448979591836,0.8914731363534972,0.01
5624.84993997599,0.8926564426799006,0.01
5627.250900360144,0.9031236629198532,0.01
5629.651860744298,0.8841169296721397,0.01
5632.052821128451,0.8970920709478705,0.01
5634.453781512605,0.892029183862686,0.01
5636.854741896759,0.8780138706845053,0.01
5639.255702280912,0.9165821837286213,0.01
5641.656662665066,0.8888014927829622,0.01
5644.05762304922,0.8809949111428638,0.01
5646.458583433374,0.8923384223081973,0.01
5648.859543817527,0.896613697127075,0.01
5651.26050420168,0.9007584939344476,0.01
5653.6614645858335,0.9078941046943587,0.01
5656.062424969988,0.9093846837626303,0.01
5658.463385354142,0.8986288673039154,0.01
5660.864345738295,0.8992005145815939,0.01
5663.265306122448,0.8988477640901272,0.01
5665.666266506602,0.9106507156675085,0.01
5668.0672268907565,0.9099592443869704,0.01
5670.46818727491,0.8903957620045093,0.01
5672.869147659063,0.8939803048306924,0.01
5675.270108043217,0.9086289641130213,0.01
5677.671068427371,0.9173304884386786,0.01
5680.072028811524,0.9131613328509135,0.01
5682.472989195678,0.9197109873540052,0.01
5684.873949579832,0.9238921629199291,0.01
5687.274909963986,0.9263836113782342,0.01
5689.675870348139,0.9252347596217374,0.01
5692.076830732292,0.9087351873105566,0.01
5694.4777911164465,0.9176808279536683,0.01
5696.878751500601,0.9045010336378876,0.01
5699.279711884754,0.9203652300016949,0.01
5701.680672268907,0.9279402120333152,0.01
5704.081632653061,0.9238363981481084,0.01
5706.482593037215,0.9151667533668174,0.01
5708.883553421369,0.9179544353520575,0.01
5711.284513805522,0.9125902554174372,0.01
5713.685474189676,0.9261168774390396,0.01
5716.08643457383,0.91494308865139,0.01
5718.487394957983,0.9282067943565707,0.01
5720.8883553421365,0.9088432371979155,0.01
5723.28931572629,0.9167206631504459,0.01
5725.690276110444,0.8965824514092471,0.01
5728.091236494598,0.9387642517954513,0.01
5730.492196878751,0.9221401685354849,0.01
5732.893157262904,0.9165221623616975,0.01
5735.294117647059,0.9280893662657421,0.01
5737.695078031213,0.9468615930533018,0.01
5740.096038415366,0.9140690739311355,0.01
5742.496998799519,0.9336531935275001,0.01
5744.897959183673,0.9213012332044448,0.01
5747.298919567827,0.9070005099059504,0.01
5749.699879951981,0.9553600633328762,0.01
5752.100840336134,0.928597598624684,0.01
5754.501800720288,0.9440429214087978,0.01
5756.902761104442,0.9411188459027431,0.01
5759.303721488595,0.9330061693367466,0.01
5761.704681872749,0.9336200685691464,0.01
5764.105642256903,0.9424049204256855,0.01
5766.506602641057,0.9377108606061302,0.01
5768.90756302521,0.930801108283736,0.01
5771.308523409363,0.9477307542762962,0.01
5773.709483793517,0.9317732129108994,0.01
5776.1104441776715,0.9427215147687811,0.01
5778.511404561825,0.9380181206551692,0.01
5780.912364945978,0.9462021471045071,0.01
5783.313325330132,0.9532905816708604,0.01
5785.714285714286,0.9411535971322855,0.01
5788.1152460984395,0.941315065947829,0.01
5790.516206482593,0.9518124433378266,0.01
5792.917166866746,0.940667467488174,0.01
5795.3181272509,0.9552493932867272,0.01
5797.719087635054,0.9425245348315027,0.01
5800.120048019207,0.9451199554478565,0.01
5802.521008403361,0.9569494486563687,0.01
5804.921968787515,0.938389935238961,0.01
5807.322929171669,0.9519958860548265,0.01
5809.723889555822,0.9571797373376646,0.01
5812.124849939975,0.9580307247226959,0.01
5814.525810324129,0.9455788838934858,0.01
5816.926770708284,0.9734399905564782,0.01
5819.327731092437,0.9616051874387668,0.01
5821.72869147659,0.9454325680240535,0.01
5824.129651860744,0.9649973921661033,0.01
5826.530612244898,0.95640558330844,0.01
5828.9315726290515,0.9558813005253171,0.01
5831.332533013205,0.9454160197899666,0.01
5833.733493397359,0.9552702130183403,0.01
5836.134453781513,0.9677234646782076,0.01
5838.535414165666,0.9631890647309338,0.01
5840.936374549819,0.9563669575611499,0.01
5843.337334933974,0.9450216760443785,0.01
5845.738295318128,0.9592458520924473,0.01
5848.139255702281,0.946790076966003,0.01
5850.540216086434,0.9609017370384109,0.01
5852.941176470588,0.9579167324545036,0.01
5855.342136854742,0.9677139624241842,0.01
5857.743097238896,0.9547950165647031,0.01
5860.144057623049,0.9538596487324182,0.01
5862.545018007202,0.969853165889127,0.01
5864.945978391356,0.9588287771216574,0.01
5867.34693877551,0.9610886174174322,0.01
5869.747899159664,0.9699873924470519,0.01
5872.148859543817,0.9607164142288656,0.01
5874.549819927971,0.9608150266359103,0.01
5876.950780312125,0.9709719731141284,0.01
5879.351740696278,0.966215860725942,0.01
5881.7527010804315,0.9618515991944797,0.01
5884.153661464586,0.9474864080124089,0.01
5886.55462184874,0.9881467842856148,0.01
5888.955582232893,0.9722222632495169,0.01
5891.356542617046,0.9755634262602443,0.01
5893.7575030012,0.9638399194995141,0.01
5896.1584633853545,0.9635930970282078,0.01
5898.559423769508,0.9734719391746841,0.01
5900.960384153661,0.9602499395385089,0.01
5903.361344537815,0.9504405343523236,0.01
5905.762304921969,0.9817946107554921,0.01
5908.163265306122,0.957555989043191,0.01
5910.564225690276,0.9852463248224431,0.01
5912.96518607443,0.9938758530305839,0.01
5915.366146458584,0.9811958476435653,0.01
5917.767106842737,0.968284794251876,0.01
5920.16806722689,0.9867217289045862,0.01
5922.5690276110445,0.9718604707651213,0.01
5924.969987995198,0.9709312522706587,0.01
5927.370948379352,0.9944535088141305,0.01
5929.771908763505,0.9798607800867943,0.01
5932.172869147658,0.9810462591955662,0.01
5934.573829531812,0.9870751353789041,0.01
5936.9747899159665,0.9788206286614918,0.01
5939.37575030012,0.989380788463264,0.01
5941.776710684273,0.9761740617057265,0.01
5944.177671068427,0.965928296882395,0.01
5946.578631452581,0.9936156065117157,0.01
5948.9795918367345,0.9492015585337369,0.01
5951.380552220888,0.9788889896787502,0.01
5953.781512605042,0.9793845744631634,0.01
5956.182472989196,0.9730036129989807,0.01
5958.583433373349,0.9756242636557353,0.01
5960.984393757502,0.9791991596322132,0.01
5963.3853541416565,0.9796869689751523,0.01
5965.786314525811,0.9806581228703368,0.01
5968.187274909964,0.9854658960285201,0.01
5970.588235294117,0.9804424931868491,0.01
5972.989195678271,0.9679861206736387,0.01
5975.390156062425,0.9839466591798322,0.01
5977.791116446579,0.9867385116861912,0.01
5980.192076830732,0.9865169365371458,0.01
5982.593037214886,0.9866907749978003,0.01
5984.99399759904,0.9869032746218825,0.01
5987.394957983193,0.9825657792516239,0.01
5989.7959183673465,0.9642186705836041,0.01
5992.196878751501,0.9647274687064838,0.01
5994.597839135654,0.9802834927596871,0.01
5996.998799519808,0.9700147198908114,0.01
5999.399759903961,0.9943644614004874,0.01
6001.8007202881145,0.984493513858855,0.01
6004.201680672269,1.0050547631685178,0.01
6006.602641056423,0.9886392039777209,0.01
6009.003601440576,0.9932758395191974,0.01
6011.404561824729,1.0064804833225955,0.01
6013.805522208883,0.972177087676482,0.01
6016.206482593037,0.982164504183379,0.01
6018.607442977191,0.9893211678606687,0.01
6021.008403361344,0.9973058665311147,0.01
6023.409363745498,0.9916695095738228,0.01
6025.810324129652,0.9833728768868125,0.01
6028.211284513805,0.989784697952197,0.01
6030.612244897959,0.9895553828680231,0.01
6033.013205282113,0.9941172938953327,0.01
6035.414165666267,0.9792265858556045,0.01
6037.81512605042,0.9868296305695983,0.01
6040.216086434573,0.993455477943407,0.01
6042.617046818727,1.0232671564711942,0.01
6045.018007202882,0.9773978617633303,0.01
6047.418967587035,1.0127128062083943,0.01
6049.819927971188,0.973977777538478,0.01
6052.220888355342,0.9862082800204267,0.01
6054.621848739496,0.9893286213493742,0.01
6057.0228091236495,0.9786234113461472,0.01
6059.423769507803,0.9840937151653699,0.01
6061.824729891956,0.9944342831076031,0.01
6064.22569027611,0.9973607180000711,0.01
6066.626650660264,0.9760684078570696,0.01
6069.027611044417,0.9940517663555974,0.01
6071.428571428571,0.9926624542168316,0.01
6073.829531812725,0.9965466628799962,0.01
6076.230492196879,0.9905808603321447,0.01
6078.631452581032,0.9850088666585821,0.01
6081.032412965185,1.0091759943853096,0.01
6083.4333733493395,1.0013001984369743,0.01
6085.834333733494,1.0071354699860933,0.01
6088.235294117647,0.9907306120618006,0.01
6090.6362545018,0.9952720016525555,0.01
6093.037214885954,0.9961598503731071,0.01
6095.438175270108,0.9839084220555688,0.01
6097.839135654262,0.9989836228610441,0.01
6100.240096038415,0.9994947379482526,0.01
6102.641056422569,1.0004985679869425,0.01
6105.042016806723,1.007028671826885,0.01
6107.442977190876,0.9935903039078909,0.01
6109.8439375750295,0.9984097010726493,0.01
6112.244897959184,0.9964931662309428,0.01
6114.645858343338,1.0093833250367699,0.01
6117.046818727491,0.9998543539869684,0.01
6119.447779111644,0.9994634369938181,0.01
6121.848739495798,1.0140959406458854,0.01
6124.2496998799525,0.9919852123581872,0.01
6126.650660264106,0.990231505633972,0.01
6129.051620648259,1.0076700668405723,0.01
6131.452581032412,1.0013244898197051,0.01
6133.853541416566,0.9977146179961927,0.01
6136.25450180072,1.0002725032385624,0.01
6138.655462184874,0.9945800798574812,0.01
6141.056422569027,0.9937383564311607,0.01
6143.457382953181,0.9848909255738894,0.01
6145.858343337335,0.9908168233996225,0.01
6148.259303721488,0.9962446836922384,0.01
6150.6602641056415,1.0244692784552782,0.01
6153.061224489796,0.9859802612821342,0.01
6155.46218487395,0.9935335107358926,0.01
6157.863145258103,1.029034356558961,0.01
6160.264105642256,0.9963433214715556,0.01
6162.66506602641,1.012013120835928,0.01
6165.0660264105645,0.9860720249746014,0.01
6167.466986794718,0.9935000083575887,0.01
6169.867947178871,1.0050082939034588,0.01
6172.268907563025,1.0006814144635072,0.01
6174.669867947179,1.0209006076083167,0.01
6177.070828331332,0.9855445799660678,0.01
6179.471788715486,1.0127121607199874,0.01
6181.87274909964,1.0005690940194638,0.01
6184.273709483794,1.033496174180173,0.01
6186.674669867947,0.9918525760526539,0.01
6189.0756302521,0.9958806018795119,0.01
6191.4765906362545,1.012501978993764,0.01
6193.877551020409,0.9869783813484969,0.01
6196.278511404562,1.0140646921130343,0.01
6198.679471788715,1.000329898783333,0.01
6201.080432172868,1.0301391556007256,0.01
6203.481392557022,0.9884827849104364,0.01
6205.882352941177,1.0021051905078697,0.01
6208.28331332533,1.0142254529938086,0.01
6210.684273709483,0.9985372098009196,0.01
6213.085234093637,1.010345274993287,0.01
6215.486194477791,0.9912666247221884,0.01
6217.8871548619445,0.9937117617807824,0.01
6220.288115246098,1.0134951444892277,0.01
6222.689075630252,1.0050003762054993,0.01
6225.090036014406,0.9952807140361611,0.01
6227.490996398559,1.0188827766197053,0.01
6229.891956782712,0.9988532384702512,0.01
6232.292917166867,0.9930459355713388,0.01
6234.693877551021,1.0143673583094508,0.01
6237.094837935174,1.0055917965487942,0.01
6239.495798319327,0.9849651681627156,0.01
6241.896758703481,1.0020995123415581,0.01
6244.297719087635,0.9864800337626066,0.01
6246.698679471789,1.0055467502711757,0.01
6249.099639855942,1.00937221163174,0.01
6251.500600240096,1.010566697456669,0.01
6253.90156062425,0.9982603037450553,0.01
6256.302521008403,0.9974945750620038,0.01
6258.703481392557,0.9987947323950336,0.01
6261.104441776711,1.000978926207829,0.01
6263.505402160865,1.0037502642624425,0.01
6265.906362545018,1.0028885149980613,0.01
6268.307322929171,0.9933415894746372,0.01
6270.7082833133245,0.9984270034896091,0.01
6273.109243697479,0.9833180504457358,0.01
6275.510204081633,1.008756640176778,0.01
6277.911164465786,0.9877467200734806,0.01
6280.312124849939,1.0008507761878327,0.01
6282.713085234093,1.004118607850424,0.01
6285.1140456182475,0.9956097807048074,0.01
6287.515006002401,0.9802963295550632,0.01
6289.915966386554,1.0035888784145317,0.01
6292.316926770708,0.9944276237030265,0.01
6294.717887154862,0.9952276168405941,0.01
6297.118847539015,1.0110844397378456,0.01
6299.519807923169,1.0040002044948069,0.01
6301.920768307323,1.0033747304874026,0.01
6304.321728691477,0.9936076632847926,0.01
6306.72268907563,0.9916702912082279,0.01
6309.123649459783,0.9971879588655858,0.01
6311.5246098439375,0.993455934750458,0.01
6313.925570228092,0.999235315793032,0.01
6316.326530612245,0.9843616141738142,0.01
6318.727490996398,0.9918169915374272,0.01
6321.128451380552,1.0116734686125575,0.01
6323.529411764706,1.0006293946836666,0.01
6325.9303721488595,0.9886141120403423,0.01
6328.331332533013,0.9770650721791456,0.01
6330.732292917167,1.0004026079975383,0.01
6333.133253301321,0.993307090420502,0.01
6335.534213685474,0.987792801890187,0.01
6337.9351740696275,0.9904944671857879,0.01
6340.336134453781,0.9939331328682842,0.01
6342.737094837935,0.9851438541281805,0.01
6345.138055222089,0.9823134491762295,0.01
6347.539015606242,0.994514335381691,0.01
6349.939975990395,0.9907606653700232,0.01
6352.3409363745495,1.0103820954304181,0.01
6354.741896758704,0.9925757838973859,0.01
6357.142857142857,0.9943264513672978,0.01
6359.54381752701,0.9902186288845031,0.01
6361.944777911164,0.9834314337649827,0.01
6364.345738295318,0.9895515450574435,0.01
6366.746698679472,0.9786981714038608,0.01
6369.147659063625,0.9809115981086235,0.01
6371.548619447779,0.9990662816207881,0.01
6373.949579831933,0.9857363954844819,0.01
6376.350540216086,0.9862968119874689,0.01
6378.7515006002395,0.9684037707528085,0.01
6381.152460984394,0.9814515884826053,0.01
6383.553421368548,0.975830764926699,0.01
6385.954381752701,0.9850530842280283,0.01
6388.355342136854,0.9837825055907155,0.01
6390.756302521008,0.9884137155146491,0.01
6393.1572629051625,0.9774049527347706,0.01
6395.558223289316,0.9708172306456945,0.01
6397.959183673469,1.0054035865272972,0.01
6400.360144057623,1.001344539350139,0.01
6402.761104441776,1.0007718252325968,0.01
6405.16206482593,0.9828201761503923,0.01
6407.563025210084,0.9820825148799064,0.01
6409.963985594237,0.9831513225230903,0.01
6412.364945978391,0.9829337768770559,0.01
6414.765906362545,0.989256544648898,0.01
6417.166866746698,0.9786557196306803,0.01
6419.567827130852,0.9852695489913728,0.01
6421.968787515006,0.97588347569724,0.01
6424.36974789916,0.9969174335779839,0.01
6426.770708283313,0.9847291133291052,0.01
6429.171668667466,0.9898994982688619,0.01
6431.57262905162,1.0043485330132333,0.01
6433.973589435775,0.9746546146364118,0.01
6436.374549819928,0.9944982470581404,0.01
6438.775510204081,0.9945352880320654,0.01
6441.176470588235,0.9856605207187304,0.01
6443.577430972389,0.9747571183477209,0.01
6445.9783913565425,0.9792024841125178,0.01
6448.379351740696,0.9888360392437384,0.01
6450.78031212485,0.9643683115045046,0.01
6453.181272509004,0.9739589866891217,0.01
6455.582232893157,0.9803455218259362,0.01
6457.98319327731,0.984476562148107,0.01
6460.384153661465,0.9805947405215388,0.01
6462.785114045619,0.9863130114793836,0.01
6465.186074429772,0.9720271755203791,0.01
6467.587034813925,0.977522967467597,0.01
6469.987995198079,0.9924546356239505,0.01
6472.3889555822325,0.976337461974903,0.01
6474.789915966387,0.9757505517063695,0.01
6477.19087635054,0.9597671667513503,0.01
6479.591836734693,0.9796802586138653,0.01
6481.992797118847,0.9860497349914755,0.01
6484.393757503001,0.9626847904675051,0.01
6486.794717887155,0.9719017647593232,0.01
6489.195678271308,0.9626777336027577,0.01
6491.596638655462,1.0010566733454884,0.01
6493.997599039616,0.9811650563387652,0.01
6496.398559423769,0.9733695250406225,0.01
6498.7995198079225,0.9616274569473253,0.01
6501.200480192077,0.9657555643877054,0.01
6503.601440576231,0.9696356850461852,0.01
6506.002400960384,0.9670309307032144,0.01
6508.403361344537,0.977480891216069,0.01
6510.804321728691,0.969301132340191,0.01
6513.205282112845,0.979981972937418,0.01
6515.606242496999,0.9630714699315613,0.01
6518.007202881152,0.9889822499085457,0.01
6520.408163265306,0.979068671539493,0.01
6522.80912364946,0.9564598870584905,0.01
6525.210084033613,0.9590610370757506,0.01
6527.611044417767,0.9645098520826106,0.01
6530.012004801921,0.9744203630791378,0.01
6532.412965186075,0.953407301463202,0.01
6534.813925570228,0.9705402811196807,0.01
6537.214885954381,0.9635064900494844,0.01
6539.6158463385345,0.9575531885928779,0.01
6542.016806722689,0.9600193647161734,0.01
6544.417767106843,0.9625454311388588,0.01
6546.818727490996,0.9687571841888125,0.01
6549.219687875149,0.9599466380650175,0.01
6551.620648259303,0.9455418629077635,0.01
6554.0216086434575,0.9636068245915422,0.01
6556.422569027611,0.9609670729105441,0.01
6558.823529411764,0.9420456893906763,0.01
6561.224489795918,0.966261404757058,0.01
6563.625450180072,0.9508476355635926,0.01
6566.026410564225,0.969429287380414,0.01
6568.427370948379,0.9482630979283052,0.01
6570.828331332533,0.9443204677522259,0.01
6573.229291716687,0.9535287873240136,0.01
6575.63025210084,0.9524547425636328,0.01
6578.031212484993,0.9506734098169983,0.01
6580.4321728691475,0.9500751261268915,0.01
6582.833133253302,0.9352269984308091,0.01
6585.234093637455,0.9474432541329572,0.01
6587.635054021608,0.9457624573557836,0.01
6590.036014405762,0.9613435464843453,0.01
6592.436974789916,0.9445240989713598,0.01
6594.83793517407,0.9545016485716498,0.01
6597.238895558223,0.9290002455148864,0.01
6599.639855942377,0.9494227293835749,0.01
6602.040816326531,0.9339306602698955,0.01
6604.441776710684,0.9449283511233442,0.01
6606.8427370948375,0.9685991118057359,0.01
6609.243697478991,0.9416385329566609,0.01
6611.644657863145,0.9484252132065097,0.01
6614.045618247299,0.934984013826996,0.01
6616.446578631452,0.9400456884236513,0.01
6618.847539015605,0.9307879903028333,0.01
6621.24849939976,0.91868612701558,0.01
6623.649459783914,0.9511419209292058,0.01
6626.050420168067,0.9384675750597093,0.01
6628.45138055222,0.9446509896283934,0.01
6630.852340936374,0.9315756785601566,0.01
6633.253301320528,0.931158451215517,0.01
6635.654261704682,0.9309832559958364,0.01
6638.055222088835,0.9412966632134596,0.01
6640.456182472989,0.9454601242121713,0.01
6642.857142857143,0.943849504320449,0.01
6645.258103241296,0.922988572917437,0.01
6647.65906362545,0.9374687887811913,0.01
6650.060024009604,0.9447486490094846,0.01
6652.460984393758,0.9457508492528361,0.01
6654.861944777911,0.9362563684402128,0.01
6657.262905162064,0.9398890792477466,0.01
6659.663865546218,0.9338943122880837,0.01
6662.0648259303725,0.9216638940198683,0.01
6664.465786314526,0.9303363051215858,0.01
6666.866746698679,0.9440023043068926,0.01
6669.267707082833,0.9273418374625338,0.01
6671.668667466987,0.9301252174540997,0.01
6674.0696278511405,0.9264296912655429,0.01
6676.470588235294,0.9276948643273158,0.01
6678.871548619447,0.9244062340415214,0.01
6681.272509003601,0.9130504706935084,0.01
6683.673469387755,0.9337385809949951,0.01
6686.074429771908,0.9037681954876794,0.01
6688.475390156062,0.9201495316660497,0.01
6690.876350540216,0.9235924685068855,0.01
6693.27731092437,0.9168108454968437,0.01
6695.678271308523,0.8949685053832813,0.01
6698.079231692676,0.9280717514577522,0.01
6700.4801920768305,0.91245190392109,0.01
6702.881152460985,0.9194699168896721,0.01
6705.282112845138,0.9238419768419637,0.01
6707.683073229291,0.9075508722084338,0.01
6710.084033613445,0.9103820866519402,0.01
6712.484993997599,0.8986836559650507,0.01
6714.8859543817525,0.91395374221413,0.01
6717.286914765906,0.8999508105750172,0.01
6719.68787515006,0.9244240206147227,0.01
6722.088835534214,0.8966070078776123,0.01
6724.489795918367,0.9066584931931677,0.01
6726.8907563025205,0.9019840988504936,0.01
6729.291716686675,0.912733066106345,0.01
6731.692677070829,0.9204362321836912,0.01
6734.093637454982,0.8894840470458405,0.01
6736.494597839135,0.8934877192924859,0.01
6738.895558223289,0.9044102608730519,0.01
6741.296518607443,0.8908928042290085,0.01
6743.697478991597,0.9016412791624967,0.01
6746.09843937575,0.9116528772943435,0.01
6748.499399759903,0.8926013689631237,0.01
6750.900360144057,0.9009319353855623,0.01
6753.301320528211,0.8776183277514106,0.01
6755.702280912365,0.902129626277992,0.01
6758.103241296518,0.89419388858469,0.01
6760.504201680672,0.884056217036095,0.01
6762.905162064826,0.9057850526698938,0.01
6765.306122448979,0.9066591321473219,0.01
6767.7070828331325,0.8912802238100103,0.01
6770.108043217287,0.8866621919519175,0.01
6772.509003601441,0.9042276215207927,0.01
6774.909963985594,0.8821014824407892,0.01
6777.310924369747,0.8978613980127179,0.01
6779.711884753901,0.8949655481710697,0.01
6782.1128451380555,0.8825426338549393,0.01
6784.513805522209,0.8897046344462218,0.01
6786.914765906362,0.8971758681691742,0.01
6789.315726290516,0.89336825907641,0.01
6791.71668667467,0.8877481161943019,0.01
6794.117647058823,0.8761681601644987,0.01
6796.518607442977,0.8845991193850623,0.01
6798.919567827131,0.8881723814285324,0.01
6801.320528211285,0.8758684928243523,0.01
6803.721488595438,0.8810907792502355,0.01
6806.122448979591,0.8831463606880023,0.01
6808.5234093637455,0.848157168029872,0.01
6810.9243697479,0.8786079286692338,0.01
6813.325330132053,0.8817463616338213,0.01
6815.726290516206,0.8772493771768772,0.01
6818.127250900359,0.8750512603517786,0.01
6820.528211284513,0.8589413416170233,0.01
6822.929171668668,0.8606487999785474,0.01
6825.330132052821,0.8687971457255945,0.01
6827.731092436974,0.8567366163079939,0.01
6830.132052821128,0.8695008387615462,0.01
6832.533013205282,0.8715796944138554,0.01
6834.9339735894355,0.8554984901632985,0.01
6837.334933973589,0.8711656195453984,0.01
6839.735894357743,0.8590394943401406,0.01
6842.136854741897,0.869462126965951,0.01
6844.53781512605,0.8637077891707652,0.01
6846.938775510203,0.8592956602028023,0.01
6849.339735894358,0.8566733249379525,0.01
6851.740696278512,0.8512929715320658,0.01
6854.141656662665,0.8619094310221768,0.01
6856.542617046818,0.8530029909145437,0.01
6858.943577430972,0.8477999557589843,0.01
6861.344537815126,0.8635887067804067,0.01
6863.74549819928,0.879218938506277,0.01
6866.146458583433,0.8756452749045752,0.01
6868.547418967587,0.8491299372523938,0.01
6870.948379351741,0.8466069938383888,0.01
6873.349339735894,0.8607398829805982,0.01
6875.7503001200475,0.8597684234921363,0.01
6878.151260504202,0.8543831489329187,0.01
6880.552220888355,0.8481834578526994,0.01
6882.953181272509,0.8706838320723245,0.01
6885.354141656662,0.8330049368942226,0.01
6887.7551020408155,0.8521728589323363,0.01
6890.15606242497,0.8613340624572291,0.01
6892.557022809124,0.8476176816894136,0.01
6894.957983193277,0.8507185778973043,0.01
6897.35894357743,0.8429409111241103,0.01
6899.759903961584,0.8423801962098196,0.01
6902.160864345738,0.8356947150672943,0.01
6904.561824729892,0.826732010534958,0.01
6906.962785114045,0.8374904982127216,0.01
6909.363745498199,0.8411172481348738,0.01
6911.764705882353,0.8398005151640902,0.01
6914.165666266506,0.8306678317228277,0.01
6916.56662665066,0.828959059104159,0.01
6918.967587034814,0.815965374541026,0.01
6921.368547418968,0.8335659277435924,0.01
6923.769507803121,0.8428584392149732,0.01
6926.170468187274,0.822755297786872,0.01
6928.571428571428,0.8363042194277654,0.01
6930.972388955583,0.8461974766821009,0.01
6933.373349339736,0.830969784961455,0.01
6935.774309723889,0.8251058656936235,0.01
6938.175270108043,0.8387202193140744,0.01
6940.576230492197,0.8332695809332786,0.01
6942.9771908763505,0.810794038943575,0.01
6945.378151260504,0.8399146777569604,0.01
6947.779111644658,0.8226271873517017,0.01
6950.180072028811,0.8229858723942264,0.01
6952.581032412965,0.8275500719547328,0.01
6954.981992797118,0.8143618223566917,0.01
6957.382953181272,0.8002676692657247,0.01
6959.783913565426,0.8346576949599493,0.01
6962.18487394958,0.8082387890688637,0.01
6964.585834333733,0.8181744762296839,0.01
6966.986794717886,0.8098057693404734,0.01
6969.3877551020405,0.8155624191951302,0.01
6971.788715486195,0.8143962189948253,0.01
6974.189675870348,0.8271414218709054,0.01
6976.590636254501,0.8218877349262649,0.01
6978.991596638655,0.8084804617835073,0.01
6981.392557022809,0.8053719873320099,0.01
6983.793517406963,0.8040781336341085,0.01
6986.194477791116,0.8094251630440458,0.01
6988.59543817527,0.8088787235159586,0.01
6990.996398559424,0.7920727723301196,0.01
6993.397358943577,0.8053412372043834,0.01
6995.7983193277305,0.8046433554753983,0.01
6998.199279711885,0.7915151084554489,0.01
7000.600240096039,0.8157721798815056,0.01
7003.001200480192,0.7824615516765522,0.01
7005.402160864345,0.7966103835465552,0.01
7007.803121248499,0.7896797993737259,0.01
7010.2040816326535,0.7943040618458885,0.01
7012.605042016807,0.8009906033186326,0.01
7015.00600240096,0.8041944941515801,0.01
7017.406962785113,0.8032432996621743,0.01
7019.807923169267,0.807473046693399,0.01
7022.208883553421,0.8111326685440802,0.01
7024.609843937575,0.7908976251582411,0.01
7027.010804321728,0.787227912163871,0.01
7029.411764705882,0.7687857838418432,0.01
7031.812725090036,0.7919428327955782,0.01
7034.213685474189,0.7695567324955611,0.01
7036.614645858343,0.7803623841329359,0.01
7039.015606242497,0.7722433336481779,0.01
7041.416566626651,0.7827872963531699,0.01
7043.817527010804,0.7695154759529291,0.01
7046.218487394957,0.7868573215042017,0.01
7048.619447779111,0.778129154534527,0.01
7051.0204081632655,0.7794182857423386,0.01
7053.421368547419,0.7718075400683561,0.01
7055.822328931572,0.7748982508291428,0.01
7058.223289315726,0.7760960460067649,0.01
7060.62424969988,0.7803573673481223,0.01
7063.0252100840335,0.7746462250159687,0.01
7065.426170468187,0.7785629183918652,0.01
7067.827130852341,0.7659946178490487,0.01
7070.228091236495,0.780977820467981,0.01
7072.629051620648,0.763286079000991,0.01
7075.030012004801,0.7710101680655309,0.01
7077.4309723889555,0.765606792757589,0.01
7079.83193277311,0.7707272891103283,0.01
7082.232893157263,0.7694098968130809,0.01
7084.633853541416,0.7721260523731439,0.01
7087.034813925569,0.7679369839097436,0.01
7089.4357743097235,0.7730339736657129,0.01
7091.836734693878,0.7595756127180763,0.01
7094.237695078031,0.7569925185288212,0.01
7096.638655462184,0.7487331046848988,0.01
7099.039615846338,0.7344615477592684,0.01
7101.440576230492,0.7393102856877609,0.01
7103.8415366146455,0.7468154289339101,0.01
7106.242496998799,0.7549047671634705,0.01
7108.643457382953,0.7452130459727713,0.01
7111.044417767107,0.751347152663899,0.01
7113.44537815126,0.7659853821572498,0.01
7115.846338535413,0.7626497423438365,0.01
7118.247298919568,0.7401062203561153,0.01
7120.648259303722,0.7366553403778046,0.01
7123.049219687875,0.7616905662958421,0.01
7125.450180072028,0.7450075547937394,0.01
7127.851140456182,0.7506501293261145,0.01
7130.252100840336,0.7308928769494292,0.01
7132.65306122449,0.741292549470635,0.01
7135.054021608643,0.7373095284303688,0.01
7137.454981992797,0.723194210575034,0.01
7139.855942376951,0.7175802112680033,0.01
7142.256902761104,0.7423243134677373,0.01
7144.657863145258,0.755706731653911,0.01
7147.058823529412,0.7407681916803247,0.01
7149.459783913566,0.7299415073985999,0.01
7151.860744297719,0.705519134902702,0.01
7154.261704681872,0.7410147006366926,0.01
7156.6626650660255,0.7201830143093438,0.01
7159.06362545018,0.7383209637449393,0.01
7161.464585834334,0.7210342577889411,0.01
7163.865546218487,0.7341143211144087,0.01
7166.26650660264,0.7333565000355733,0.01
7168.667466986794,0.7280483635665155,0.01
7171.0684273709485,0.7261579173737933,0.01
7173.469387755102,0.7193169758410981,0.01
7175.870348139255,0.7196336295632719,0.01
7178.271308523409,0.728404344380633,0.01
7180.672268907563,0.7235011479173822,0.01
7183.073229291716,0.7240872554555936,0.01
7185.47418967587,0.7235457668112094,0.01
7187.875150060024,0.6998636638852198,0.01
7190.276110444178,0.6965781218705749,0.01
7192.677070828331,0.6990632269489875,0.01
7195.078031212484,0.7193172932381334,0.01
7197.4789915966385,0.7125695422932823,0.01
7199.879951980793,0.7055095943551307,0.01
7202.280912364946,0.7025629975322942,0.01
7204.681872749099,0.7123758057743204,0.01
7207.082833133253,0.7065052633601783,0.01
7209.483793517407,0.7031102784468667,0.01
7211.8847539015605,0.7049439930551177,0.01
7214.285714285714,0.7093689283222708,0.01
7216.686674669868,0.7075759638875074,0.01
7219.087635054022,0.6844363038409654,0.01
7221.488595438175,0.6802532742676753,0.01
7223.8895558223285,0.7036272495090152,0.01
7226.290516206482,0.6886343324336042,0.01
7228.691476590636,0.6966263518921858,0.01
7231.09243697479,0.6922286886921708,0.01
7233.493397358943,0.682812041179816,0.01
7235.894357743096,0.6887390538945928,0.01
7238.2953181272505,0.6802026287513762,0.01
7240.696278511405,0.6968833754062039,0.01
7243.097238895558,0.6695421297359059,0.01
7245.498199279711,0.6903851916750049,0.01
7247.899159663865,0.6814871013403077,0.01
7250.300120048019,0.6918433702939342,0.01
7252.701080432173,0.6957558346261374,0.01
7255.102040816326,0.6658017089141905,0.01
7257.50300120048,0.6736073906901653,0.01
7259.903961584634,0.6723003943738086,0.01
7262.304921968787,0.6798704763718294,0.01
7264.7058823529405,0.6785397587936243,0.01
7267.106842737095,0.6737811352584645,0.01
7269.507803121249,0.6758082244627722,0.01
7271.908763505402,0.6826147098194632,0.01
7274.309723889555,0.683715562869314,0.01
7276.710684273709,0.6714196751867751,0.01
7279.1116446578635,0.6683768477756358,0.01
7281.512605042017,0.657138245459633,0.01
7283.91356542617,0.6514770147713531,0.01
7286.314525810324,0.680948706284794,0.01
7288.715486194478,0.649371525687033,0.01
7291.116446578631,0.6510205264800084,0.01
7293.517406962785,0.6580837854608892,0.01
7295.918367346938,0.6648443150320129,0.01
7298.319327731092,0.6570261418486264,0.01
7300.720288115246,0.6685772163792302,0.01
7303.121248499399,0.652115795659052,0.01
7305.522208883553,0.654925457722286,0.01
7307.923169267707,0.65731614247194,0.01
7310.324129651861,0.6618089450661534,0.01
7312.725090036014,0.6511937138616755,0.01
7315.126050420167,0.6549342051496196,0.01
7317.527010804321,0.6531867585442104,0.01
7319.927971188476,0.6441740059121095,0.01
7322.328931572629,0.6348793212728974,0.01
7324.729891956782,0.6294115890620243,0.01
7327.130852340936,0.6466703385280259,0.01
7329.53181272509,0.6497412599864897,0.01
7331.9327731092435,0.6341636729456458,0.01
7334.333733493397,0.6331051932452662,0.01
7336.734693877551,0.6384645782138519,0.01
7339.135654261705,0.6595846918813665,0.01
7341.536614645858,0.6350786645990069,0.01
7343.937575030011,0.6258346162766701,0.01
7346.338535414166,0.6238685253512459,0.01
7348.73949579832,0.6458873427506744,0.01
7351.140456182473,0.633570388105514,0.01
7353.541416566626,0.6460946734271041,0.01
7355.94237695078,0.6260450518534529,0.01
7358.343337334934,0.6483395300972831,0.01
7360.744297719088,0.6159862876447683,0.01
7363.145258103241,0.6137331376668729,0.01
7365.546218487394,0.6122508730375091,0.01
7367.947178871548,0.6132558565322971,0.01
7370.348139255702,0.6311064356715647,0.01
7372.749099639856,0.6204306967593335,0.01
7375.150060024009,0.6032690072315943,0.01
7377.551020408163,0.6252246540203675,0.01
7379.951980792317,0.6138325277576937,0.01
7382.35294117647,0.6140346298141423,0.01
7384.7539015606235,0.6106731524138395,0.01
7387.154861944778,0.6142719394541268,0.01
7389.555822328932,0.62636721135179,0.01
7391.956782713085,0.6023451891063956,0.01
7394.357743097238,0.6141937672221696,0.01
7396.758703481392,0.5997003077408236,0.01
7399.1596638655465,0.5979330519958911,0.01
7401.5606242497,0.6158459978102491,0.01
7403.961584633853,0.6150477978766241,0.01
7406.362545018007,0.6151961484951434,0.01
7408.763505402161,0.6058674369276034,0.01
7411.164465786314,0.5976363520310678,0.01
7413.565426170468,0.5981112181548522,0.01
7415.966386554622,0.5981085324583282,0.01
7418.367346938776,0.5857485623809372,0.01
7420.768307322929,0.5915658989410973,0.01
7423.169267707082,0.6066952573213147,0.01
7425.5702280912365,0.6035123869538965,0.01
7427.97118847539,0.6067313787048756,0.01
7430.372148859544,0.5865574355247104,0.01
7432.773109243697,0.6012983120738843,0.01
7435.17406962785,0.5859486899524771,0.01
7437.575030012004,0.583616001137132,0.01
7439.9759903961585,0.5800803884777421,0.01
7442.376950780312,0.5978213496125708,0.01
7444.777911164465,0.5836536725282594,0.01
7447.178871548619,0.5889291287257903,0.01
7449.579831932773,0.601977517076112,0.01
7451.980792316926,0.5854087160825068,0.01
7454.38175270108,0.5937832350188229,0.01
7456.782713085234,0.5665511724377189,0.01
7459.183673469388,0.5808807776840723,0.01
7461.584633853541,0.5704066006503196,0.01
7463.985594237694,0.5775009458990452,0.01
7466.3865546218485,0.5694813467325661,0.01
7468.787515006003,0.5797465180414397,0.01
7471.188475390156,0.5672269117661297,0.01
7473.589435774309,0.5755140672764955,0.01
7475.990396158463,0.570681885363799,0.01
7478.391356542617,0.5831982854539409,0.01
7480.792316926771,0.5670687672236969,0.01
7483.193277310924,0.5566954829215299,0.01
7485.594237695078,0.5643382763553896,0.01
7487.995198079232,0.5704842556052655,0.01
7490.396158463385,0.561639464130259,0.01
7492.7971188475385,0.5599541405020433,0.01
7495.198079231693,0.5461679605318477,0.01
7497.599039615846,0.5500898721687211,0.01
7500.0,0.5497775971111922,0.01
7502.400960384153,0.5505451135165512,0.01
7504.801920768306,0.5448776317253342,0.01
7507.202881152461,0.5608769675182367,0.01
7509.603841536615,0.5670461706219859,0.01
7512.004801920768,0.5437498847416825,0.01
7514.405762304921,0.5442652081999917,0.01
7516.806722689075,0.5383009331673145,0.01
7519.207683073229,0.5561007733348106,0.01
7521.608643457383,0.5259188642391657,0.01
7524.009603841536,0.536713688335922,0.01
7526.41056422569,0.5382444451542988,0.01
7528.811524609844,0.5489445256264818,0.01
7531.212484993997,0.5293692040775366,0.01
7533.613445378151,0.538543327716329,0.01
7536.014405762305,0.5315427358687519,0.01
7538.415366146459,0.5400806451696387,0.01
7540.816326530612,0.5510375003680711,0.01
7543.217286914765,0.5352913525125227,0.01
7545.618247298919,0.5367131728142237,0.01
7548.019207683074,0.5385820653452817,0.01
7550.420168067227,0.5286164599741693,0.01
7552.82112845138,0.5260688331198151,0.01
7555.222088835534,0.5183857905740767,0.01
7557.623049219688,0.5202520113374621,0.01
7560.0240096038415,0.510457874117735,0.01
7562.424969987995,0.5279802528725399,0.01
7564.825930372148,0.5208800576517881,0.01
7567.226890756302,0.47846940513437003,0.01
7569.627851140456,0.5088179844182334,0.01
7572.028811524609,0.5089030157405658,0.01
7574.429771908763,0.480042929199381,0.01
7576.830732292917,0.4764605687275196,0.01
7579.231692677071,0.49471467409662395,0.01
7581.632653061224,0.4867997925370592,0.01
7584.033613445377,0.48963791538717705,0.01
7586.4345738295315,0.4688336859469628,0.01
7588.835534213686,0.46072409443096574,0.01
7591.236494597839,0.4676641130858854,0.01
7593.637454981992,0.49008388814803266,0.01
7596.038415366146,0.4631769349799228,0.01
7598.439375750299,0.47383061470735216,0.01
7600.8403361344535,0.46855865865519014,0.01
7603.241296518607,0.4640695353629213,0.01
7605.642256902761,0.4813889116192997,0.01
7608.043217286914,0.47613019949443425,0.01
7610.444177671068,0.4723168850542059,0.01
7612.8451380552215,0.47019295575706826,0.01
7615.246098439376,0.4678156217379414,0.01
7617.647058823529,0.48209942537333744,0.01
7620.048019207683,0.4915840384715082,0.01
7622.448979591836,0.4971992535969493,0.01
7624.84993997599,0.49531463328520725,0.01
7627.2509003601435,0.497579241799531,0.01
7629.651860744298,0.48811801887891204,0.01
7632.052821128451,0.4949963735892245,0.01
7634.453781512605,0.4957182265180563,0.01
7636.854741896758,0.49728063635615055,0.01
7639.255702280912,0.49765535258531324,0.01
7641.656662665066,0.4695925387383649,0.01
7644.05762304922,0.48945794803734116,0.01
7646.458583433373,0.4882012228414744,0.01
7648.859543817527,0.47449156735350695,0.01
7651.26050420168,0.46906531322062883,0.01
7653.661464585834,0.4790881119931348,0.01
7656.062424969988,0.4773693325011447,0.01
7658.463385354142,0.4766995801651249,0.01
7660.864345738295,0.4757388121255008,0.01
7663.265306122449,0.473162816606073,0.01
7665.666266506602,0.4750305189468354,0.01
7668.067226890756,0.4751261636262154,0.01
7670.46818727491,0.4720025027387373,0.01
7672.869147659063,0.4727924338648784,0.01
7675.270108043217,0.455560020483262,0.01
7677.67106842737,0.46066354418090705,0.01
7680.072028811524,0.45355870026877404,0.01
7682.472989195678,0.48405387843785086,0.01
7684.873949579832,0.46368919354415855,0.01
7687.274909963985,0.4703631229593599,0.01
7689.675870348139,0.4588050307120803,0.01
7692.076830732292,0.4505453057265707,0.01
7694.4777911164465,0.4684003983740802,0.01
7696.8787515006,0.45824246950867087,0.01
7699.279711884754,0.46240414609863323,0.01
7701.680672268907,0.4527860207365714,0.01
7704.081632653061,0.4681204847761172,0.01
7706.482593037214,0.4431546598419763,0.01
7708.883553421369,0.45049937816137914,0.01
7711.284513805522,0.47269982311241526,0.01
7713.685474189676,0.4527173710942002,0.01
7716.086434573829,0.44839625530127347,0.01
7718.487394957983,0.4632228357831897,0.01
7720.8883553421365,0.4564014413614708,0.01
7723.289315726291,0.43258976270991073,0.01
7725.690276110444,0.45773079638205355,0.01
7728.091236494598,0.4283509500074362,0.01
7730.492196878751,0.43416270498134313,0.01
7732.893157262905,0.4563253657037427,0.01
7735.294117647059,0.4467422726064856,0.01
7737.695078031212,0.4294804079323668,0.01
7740.096038415366,0.44028181162582447,0.01
7742.496998799519,0.443387602329897,0.01
7744.897959183673,0.4382470500669514,0.01
7747.2989195678265,0.4559343933851799,0.01
7749.699879951981,0.428838495072948,0.01
7752.100840336134,0.4384774347115738,0.01
7754.501800720288,0.4365999171965252,0.01
7756.902761104441,0.4346955989799778,0.01
7759.303721488595,0.4287579436081205,0.01
7761.704681872749,0.417543487954234,0.01
7764.105642256903,0.4344553607592205,0.01
7766.506602641056,0.4370554844440972,0.01
7768.90756302521,0.4429226851692989,0.01
7771.308523409363,0.43076518429195587,0.01
7773.709483793517,0.433121990944066,0.01
7776.110444177671,0.4331611586476152,0.01
7778.511404561825,0.4003304304001825,0.01
7780.912364945978,0.4104265201976527,0.01
7783.313325330132,0.417611854780365,0.01
7785.714285714285,0.43590039572894,0.01
7788.1152460984395,0.4365491094473966,0.01
7790.516206482593,0.41359613862903155,0.01
7792.917166866747,0.42387562312519517,0.01
7795.3181272509,0.4021649858962479,0.01
7797.719087635054,0.414569123797156,0.01
7800.120048019207,0.40208653926077,0.01
7802.521008403361,0.3957211279579939,0.01
7804.921968787515,0.40061701564207425,0.01
7807.322929171668,0.39811058751407113,0.01
7809.723889555822,0.4382262853197529,0.01
7812.124849939975,0.3952321506727521,0.01
7814.525810324129,0.4064669647552469,0.01
7816.926770708283,0.40192974923386804,0.01
7819.327731092437,0.39669444705593354,0.01
7821.72869147659,0.40166233482628644,0.01
7824.129651860744,0.3975123944119603,0.01
7826.530612244897,0.40507039525791927,0.01
7828.9315726290515,0.408871507560145,0.01
7831.332533013205,0.42053125100352795,0.01
7833.733493397359,0.38907779945573834,0.01
7836.134453781512,0.38989002294911573,0.01
7838.535414165666,0.39885660901113784,0.01
7840.936374549819,0.40768987939063484,0.01
7843.337334933974,0.39609021153992574,0.01
7845.738295318127,0.3725176941179087,0.01
7848.139255702281,0.3867640547650734,0.01
7850.540216086434,0.3754787035488818,0.01
7852.941176470588,0.4020159064750462,0.01
7855.3421368547415,0.38861930176700304,0.01
7857.743097238896,0.3822977121111929,0.01
7860.144057623049,0.36628626841390494,0.01
7862.545018007203,0.4014865963358168,0.01
7864.945978391356,0.39312359980135625,0.01
7867.34693877551,0.3855749416163016,0.01
7869.747899159664,0.3886142393840623,0.01
7872.148859543817,0.3779148924495757,0.01
7874.549819927971,0.368391725079111,0.01
7876.950780312124,0.3818675802270659,0.01
7879.351740696278,0.3723576946090881,0.01
7881.7527010804315,0.3604322675995616,0.01
7884.153661464586,0.38261355492305404,0.01
7886.554621848739,0.39250708234878456,0.01
7888.955582232893,0.3758950829789643,0.01
7891.356542617046,0.35565328894258685,0.01
7893.7575030012,0.3555893238708517,0.01
7896.158463385354,0.35960653540451853,0.01
7898.559423769508,0.3850736068823422,0.01
7900.960384153661,0.36841384755293555,0.01
7903.361344537815,0.3637904095437279,0.01
7905.762304921968,0.35881089862576104,0.01
7908.163265306122,0.3640315147366192,0.01
7910.564225690276,0.35941443658340844,0.01
7912.96518607443,0.361475671438144,0.01
7915.366146458583,0.36795804425272527,0.01
7917.767106842737,0.3681588471746234,0.01
7920.16806722689,0.36028651908876613,0.01
7922.5690276110445,0.36180489655213033,0.01
7924.969987995198,0.3554205085186687,0.01
7927.370948379352,0.3379082619566033,0.01
7929.771908763505,0.3686518490659191,0.01
7932.172869147659,0.3560062607965483,0.01
7934.573829531812,0.3563869845162923,0.01
7936.9747899159665,0.33420717986728177,0.01
7939.37575030012,0.36092311048440495,0.01
7941.776710684273,0.37386448755524965,0.01
7944.177671068427,0.3438806069300459,0.01
7946.57863145258,0.33812975367634324,0.01
7948.9795918367345,0.34028792106719286,0.01
7951.380552220888,0.37217183117767727,0.01
7953.781512605042,0.34514678632590373,0.01
7956.182472989195,0.34850908369553085,0.01
7958.583433373349,0.32684811093092664,0.01
7960.984393757502,0.349526082406107,0.01
7963.3853541416565,0.33761685796295393,0.01
7965.78631452581,0.33293554789273516,0.01
7968.187274909964,0.34563874446972515,0.01
7970.588235294117,0.34202246110094525,0.01
7972.989195678271,0.3346851946180716,0.01
7975.3901560624245,0.3366156960446885,0.01
7977.791116446579,0.31617228344866705,0.01
7980.192076830732,0.32309685260112375,0.01
7982.593037214886,0.3374386596146143,0.01
7984.993997599039,0.31328296748075235,0.01
7987.394957983193,0.34924122399060825,0.01
7989.7959183673465,0.34790687504273865,0.01
7992.196878751501,0.32176962610271287,0.01
7994.597839135654,0.3368923388564191,0.01
7996.998799519808,0.32777244944234624,0.01
7999.399759903961,0.3187391538068032,0.01
8001.800720288115,0.31540812986288375,0.01
8004.201680672269,0.31642828307800624,0.01
8006.602641056423,0.3130527208318037,0.01
8009.003601440576,0.32359262181108334,0.01
8011.404561824729,0.31669844138019104,0.01
8013.805522208883,0.3297349995177818,0.01
8016.2064825930365,0.3166884395959175,0.01
8018.607442977191,0.317453407807164,0.01
8021.008403361344,0.3165076023903034,0.01
8023.409363745498,0.3050005325562342,0.01
8025.810324129651,0.3112496287741392,0.01
8028.211284513805,0.32409735055345557,0.01
8030.612244897959,0.3184656781873679,0.01
8033.013205282113,0.30575152373108466,0.01
8035.414165666266,0.3094527634302056,0.01
8037.81512605042,0.31623240759192783,0.01
8040.216086434573,0.30946226415547357,0.01
8042.617046818727,0.3044671586869442,0.01
8045.018007202881,0.29507811822626184,0.01
8047.418967587035,0.3049294159981893,0.01
8049.819927971188,0.28814250652980616,0.01
8052.220888355342,0.2909642860919338,0.01
8054.621848739495,0.2926719086474057,0.01
8057.0228091236495,0.32027934087004184,0.01
8059.423769507803,0.30821908831216893,0.01
8061.824729891957,0.30341736643175404,0.01
8064.22569027611,0.2880063980029505,0.01
8066.626650660264,0.30991023233861525,0.01
8069.027611044417,0.3047656933361663,0.01
8071.428571428572,0.3070409620368866,0.01
8073.829531812725,0.3032621701978512,0.01
8076.230492196878,0.28020448846234874,0.01
8078.631452581032,0.30458233142421764,0.01
8081.032412965185,0.3050512934457482,0.01
8083.4333733493395,0.28884817380637945,0.01
8085.834333733493,0.2885553509920619,0.01
8088.235294117647,0.29565986367068187,0.01
8090.6362545018,0.28635416824368665,0.01
8093.037214885954,0.2881938909988526,0.01
8095.438175270107,0.2915116221825491,0.01
8097.839135654262,0.28128763399167817,0.01
8100.240096038415,0.2875186403727163,0.01
8102.641056422569,0.2710900138288443,0.01
8105.042016806722,0.2759017729002376,0.01
8107.442977190876,0.29117858329448687,0.01
8109.8439375750295,0.2742023724341582,0.01
8112.244897959184,0.2696717477096976,0.01
8114.645858343337,0.2947789854656147,0.01
8117.046818727491,0.27514801730659577,0.01
8119.447779111644,0.28437072991352497,0.01
8121.848739495798,0.2701743236241051,0.01
8124.249699879952,0.273026082130702,0.01
8126.650660264106,0.2737226001234595,0.01
8129.051620648259,0.2885477128871013,0.01
8131.452581032413,0.24533990465626748,0.01
8133.853541416566,0.269605968238668,0.01
8136.25450180072,0.2676521318318645,0.01
8138.655462184874,0.2604746269262895,0.01
8141.056422569028,0.27445088661237915,0.01
8143.457382953181,0.25093004573346833,0.01
8145.858343337334,0.2734974741517568,0.01
8148.259303721488,0.2507705330034022,0.01
8150.6602641056415,0.2658995698768487,0.01
8153.061224489796,0.26572410298033705,0.01
8155.462184873949,0.280651468462224,0.01
8157.863145258103,0.2920395668759734,0.01
8160.264105642256,0.25327353631150085,0.01
8162.66506602641,0.2604695289698842,0.01
8165.066026410564,0.2657155249133599,0.01
8167.466986794718,0.24104257813766428,0.01
8169.867947178871,0.26006678049130777,0.01
8172.268907563025,0.2410904577719008,0.01
8174.669867947178,0.25075715976524743,0.01
8177.070828331332,0.2811699877881479,0.01
8179.471788715486,0.24547412150006953,0.01
8181.87274909964,0.25742926967687657,0.01
8184.273709483793,0.25819665506181017,0.01
8186.674669867947,0.2451400421125786,0.01
8189.0756302521,0.2571282826669333,0.01
8191.4765906362545,0.251584813352948,0.01
8193.877551020407,0.2638139090981988,0.01
8196.278511404562,0.2531838044872307,0.01
8198.679471788715,0.24484295982087548,0.01
8201.080432172868,0.2540719052514333,0.01
8203.481392557023,0.2498823590120373,0.01
8205.882352941177,0.2675812262018199,0.01
8208.28331332533,0.23628343960654646,0.01
8210.684273709485,0.24407569591627717,0.01
8213.085234093636,0.24115198516124814,0.01
8215.486194477791,0.2476708187461688,0.01
8217.887154861945,0.23034386948440186,0.01
8220.288115246098,0.23582995294484932,0.01
8222.689075630253,0.22912572375934412,0.01
8225.090036014404,0.22457686596144422,0.01
8227.49099639856,0.24385798871201242,0.01
8229.891956782712,0.2552637998577434,0.01
8232.292917166866,0.23228939582882618,0.01
8234.69387755102,0.2233029006411401,0.01
8237.094837935174,0.22841129859156886,0.01
8239.495798319327,0.24052156735466027,0.01
8241.896758703482,0.2347629236989835,0.01
8244.297719087634,0.22966416350231922,0.01
8246.698679471789,0.21092517114265882,0.01
8249.099639855942,0.2566478010629124,0.01
8251.500600240095,0.23777270379212745,0.01
8253.90156062425,0.24536464029885438,0.01
8256.302521008403,0.2305028635993197,0.01
8258.703481392557,0.21396622331202136,0.01
8261.104441776712,0.22532215062184066,0.01
8263.505402160863,0.22781310341191777,0.01
8265.906362545018,0.22219723974106056,0.01
8268.307322929171,0.24558446475694684,0.01
8270.708283313325,0.22495989903661945,0.01
8273.10924369748,0.2139457066754164,0.01
8275.510204081633,0.21696154865093092,0.01
8277.911164465786,0.20058295793572967,0.01
8280.312124849941,0.21665308914541198,0.01
8282.713085234092,0.2213569725887182,0.01
8285.114045618247,0.2079598508845798,0.01
8287.5150060024,0.2240225940840155,0.01
8289.915966386554,0.23276920483573815,0.01
8292.316926770709,0.21922201025001925,0.01
8294.71788715486,0.2046257531169801,0.01
8297.118847539015,0.21953501637388412,0.01
8299.519807923169,0.19736900361496287,0.01
8301.920768307322,0.20001805937725417,0.01
8304.321728691477,0.2042223448435896,0.01
8306.72268907563,0.21490258353384376,0.01
8309.123649459783,0.21262700981053712,0.01
8311.524609843938,0.21479704785530182,0.01
8313.92557022809,0.1968287119943952,0.01
8316.326530612245,0.19299294670887246,0.01
8318.727490996398,0.2114078732083419,0.01
8321.128451380551,0.19870721262159208,0.01
8323.529411764706,0.20741822631042223,0.01
8325.93037214886,0.21127463415625444,0.01
8328.331332533013,0.21345553280834398,0.01
8330.732292917168,0.20120479793086088,0.01
8333.13325330132,0.2189839182510901,0.01
8335.534213685474,0.1962530698190971,0.01
8337.935174069627,0.20239864746986228,0.01
8340.33613445378,0.19207779720143642,0.01
8342.737094837936,0.19481422211524868,0.01
8345.138055222089,0.19162573300471436,0.01
8347.539015606242,0.20954275343146683,0.01
8349.939975990395,0.1796385339041705,0.01
8352.340936374549,0.20251390202216293,0.01
8354.741896758704,0.20807562389054796,0.01
8357.142857142857,0.19906278260334936,0.01
8359.54381752701,0.19615728348933031,0.01
8361.944777911165,0.20362856096522902,0.01
8364.345738295317,0.19572708521834714,0.01
8366.746698679472,0.19263752226477582,0.01
8369.147659063625,0.19428441300231905,0.01
8371.548619447778,0.1924079401674632,0.01
8373.949579831933,0.19896473138256843,0.01
8376.350540216086,0.21272488487872468,0.01
8378.75150060024,0.19431391050007385,0.01
8381.152460984395,0.18996893923968147,0.01
8383.553421368546,0.17354572114940775,0.01
8385.954381752701,0.18899011087262046,0.01
8388.355342136854,0.18740409844213865,0.01
8390.756302521007,0.18388644364849804,0.01
8393.157262905162,0.19061725312631028,0.01
8395.558223289316,0.19831212763757858,0.01
8397.959183673469,0.1901738725203502,0.01
8400.360144057624,0.18983546080104846,0.01
8402.761104441775,0.17229613688930145,0.01
8405.16206482593,0.2171430721962637,0.01
8407.563025210084,0.1703081971112871,0.01
8409.963985594237,0.1770522104274432,0.01
8412.364945978392,0.18267635091605844,0.01
8414.765906362545,0.16287833715512623,0.01
8417.166866746698,0.1844900940766626,0.01
8419.567827130852,0.15083265764812567,0.01
8421.968787515005,0.20261061095849836,0.01
8424.36974789916,0.1596925388099203,0.01
8426.770708283313,0.1702071014173364,0.01
8429.171668667466,0.1623823018099333,0.01
8431.572629051621,0.16221024024473849,0.01
8433.973589435773,0.1614922567858815,0.01
8436.374549819928,0.1752861304784352,0.01
8438.775510204081,0.171218872201883,0.01
8441.176470588234,0.16776917019043708,0.01
8443.57743097239,0.17090569731614008,0.01
8445.978391356542,0.15488347302911512,0.01
8448.379351740696,0.16855735288523604,0.01
8450.78031212485,0.1762061506856069,0.01
8453.181272509002,0.17048140312891402,0.01
8455.582232893157,0.17110390396005618,0.01
8457.98319327731,0.1700193384836768,0.01
8460.384153661464,0.14580807002173274,0.01
8462.785114045619,0.16318303359030562,0.01
8465.186074429772,0.16536404700750218,0.01
8467.587034813925,0.160965743521605,0.01
8469.98799519808,0.15944754045509582,0.01
8472.388955582232,0.1636190829012537,0.01
8474.789915966387,0.15507117548200763,0.01
8477.19087635054,0.17253811910023506,0.01
8479.591836734693,0.16668002581561073,0.01
8481.992797118848,0.17586707705713692,0.01
8484.393757503001,0.1653317007278077,0.01
8486.794717887155,0.1665165703140631,0.01
8489.195678271308,0.15722917102480582,0.01
8491.596638655461,0.17529158266007588,0.01
8493.997599039616,0.16800112125656805,0.01
8496.39855942377,0.14643496433004374,0.01
8498.799519807922,0.14737581612863698,0.01
8501.200480192078,0.16977498108793188,0.01
8503.601440576229,0.14810423546045934,0.01
8506.002400960384,0.1614588422346063,0.01
8508.403361344537,0.15766675997383053,0.01
8510.80432172869,0.17640732801958353,0.01
8513.205282112845,0.1462987816941256,0.01
8515.606242496999,0.14673644323080257,0.01
8518.007202881152,0.14946086272274117,0.01
8520.408163265307,0.15105223450847002,0.01
8522.809123649458,0.14775378468616476,0.01
8525.210084033613,0.16374405211471582,0.01
8527.611044417767,0.16074179405950015,0.01
8530.01200480192,0.16684943278872566,0.01
8532.412965186075,0.13690272715531762,0.01
8534.813925570228,0.1402868305177857,0.01
8537.214885954381,0.1523584097142937,0.01
8539.615846338536,0.13737584805442205,0.01
8542.016806722688,0.16005806483113558,0.01
8544.417767106843,0.1509725682916934,0.01
8546.818727490996,0.13003522132482595,0.01
8549.21968787515,0.1211680980276375,0.01
8551.620648259304,0.12755058756490975,0.01
8554.021608643456,0.12875130667589804,0.01
8556.42256902761,0.14395186996896567,0.01
8558.823529411764,0.15843285513411062,0.01
8561.224489795917,0.13876385633349678,0.01
8563.625450180072,0.1595901218625845,0.01
8566.026410564225,0.14745437115674964,0.01
8568.427370948379,0.13997392146443466,0.01
8570.828331332534,0.1576251998542052,0.01
8573.229291716685,0.13835076872639807,0.01
8575.63025210084,0.1367719471162531,0.01
8578.031212484993,0.14534589740441184,0.01
8580.432172869147,0.13898902272457891,0.01
8582.833133253302,0.13173601773466204,0.01
8585.234093637455,0.11183424298748575,0.01
8587.635054021608,0.1441499522165623,0.01
8590.036014405763,0.14210952610449634,0.01
8592.436974789915,0.12151960912626197,0.01
8594.83793517407,0.14982595655836023,0.01
8597.238895558223,0.1230820684205369,0.01
8599.639855942376,0.14273793572737314,0.01
8602.040816326531,0.1395483346054491,0.01
8604.441776710684,0.1375301518917485,0.01
8606.842737094838,0.14678679077208548,0.01
8609.243697478993,0.10696137574722848,0.01
8611.644657863144,0.13600398349008047,0.01
8614.045618247299,0.1491222509999069,0.01
8616.446578631452,0.1448575356455224,0.01
8618.847539015605,0.1109659178697649,0.01
8621.24849939976,0.13021080227894596,0.01
8623.649459783912,0.12525776340576739,0.01
8626.050420168067,0.13177646344358201,0.01
8628.45138055222,0.13011158216705307,0.01
8630.852340936373,0.13501760936957505,0.01
8633.253301320528,0.11125082318111018,0.01
8635.654261704682,0.12057991105431812,0.01
8638.055222088835,0.13412923896953438,0.01
8640.45618247299,0.12495696090515473,0.01
8642.857142857141,0.12899578036197035,0.01
8645.258103241296,0.1366049338748269,0.01
8647.65906362545,0.13028574288442069,0.01
8650.060024009603,0.11835982113435442,0.01
8652.460984393758,0.12644576186827738,0.01
8654.861944777911,0.12073457534146884,0.01
8657.262905162064,0.11596122040937791,0.01
8659.66386554622,0.12431174600916366,0.01
8662.06482593037,0.12628065257941903,0.01
8664.465786314526,0.12582566178485297,0.01
8666.866746698679,0.11116117505305534,0.01
8669.267707082832,0.12393746162084968,0.01
8671.668667466987,0.11838449742203833,0.01
8674.06962785114,0.12466378501375744,0.01
8676.470588235294,0.1273213213785617,0.01
8678.871548619449,0.11363046071561896,0.01
8681.2725090036,0.13806146760791949,0.01
8683.673469387755,0.1260896986373294,0.01
8686.074429771908,0.11302060212012174,0.01
8688.475390156062,0.1168832177850967,0.01
8690.876350540217,0.1120845547735334,0.01
8693.277310924368,0.09964901699017198,0.01
8695.678271308523,0.11450232520768647,0.01
8698.079231692676,0.10841948431126507,0.01
8700.48019207683,0.10594352219299354,0.01
8702.881152460985,0.11272024239137166,0.01
8705.282112845138,0.1071161070654353,0.01
8707.683073229291,0.10972244693895893,0.01
8710.084033613446,0.1026626637346849,0.01
8712.484993997597,0.10687480077008962,0.01
8714.885954381753,0.11100935177576395,0.01
8717.286914765906,0.10449581421670578,0.01
8719.687875150059,0.12037851397643579,0.01
8722.088835534214,0.12026966854170437,0.01
8724.489795918367,0.10557652502085307,0.01
8726.89075630252,0.1046266890030989,0.01
8729.291716686675,0.09474711501639356,0.01
8731.692677070827,0.1168713452863263,0.01
8734.093637454982,0.09917265087433343,0.01
8736.494597839135,0.09783594784506797,0.01
8738.895558223288,0.09029744498751185,0.01
8741.296518607443,0.11571417155280395,0.01
8743.697478991597,0.10270316121957378,0.01
8746.09843937575,0.08679663532924246,0.01
8748.499399759905,0.09755667106016598,0.01
8750.900360144056,0.11780977314958407,0.01
8753.301320528211,0.08251091959576967,0.01
8755.702280912365,0.1068660251446497,0.01
8758.103241296518,0.08891072706108476,0.01
8760.504201680673,0.10246896869511801,0.01
8762.905162064824,0.0895161475134375,0.01
8765.30612244898,0.10545042506301461,0.01
8767.707082833133,0.08919189072140378,0.01
8770.108043217286,0.08923060129952778,0.01
8772.50900360144,0.10820526907888872,0.01
8774.909963985594,0.08671336223840523,0.01
8777.310924369747,0.1032817686909913,0.01
8779.711884753902,0.11149871428634178,0.01
8782.112845138054,0.09950806321791188,0.01
8784.513805522209,0.08200263255982702,0.01
8786.914765906362,0.09545833411586256,0.01
8789.315726290515,0.09659180490437713,0.01
8791.71668667467,0.10125848251200324,0.01
8794.117647058823,0.13041718141199463,0.01
8796.518607442977,0.09126230469117838,0.01
8798.919567827132,0.07506662723429688,0.01
8801.320528211283,0.07965421223545262,0.01
8803.721488595438,0.0997900026383618,0.01
8806.122448979591,0.08058490261915266,0.01
8808.523409363745,0.07532761984742074,0.01
8810.9243697479,0.08930593518207683,0.01
8813.325330132053,0.096564811148462,0.01
8815.726290516206,0.07878583998426796,0.01
8818.127250900361,0.09835103559110593,0.01
8820.528211284513,0.06430796332641371,0.01
8822.929171668668,0.09965734743016871,0.01
8825.33013205282,0.09501194830192464,0.01
8827.731092436974,0.08339450646821135,0.01
8830.132052821129,0.09460784919412407,0.01
8832.53301320528,0.09830819343648756,0.01
8834.933973589435,0.10304599259351534,0.01
8837.334933973589,0.09677032786825582,0.01
8839.735894357742,0.08295659029324856,0.01
8842.136854741897,0.08820555596609676,0.01
8844.53781512605,0.07048243620872713,0.01
8846.938775510203,0.07736681799130314,0.01
8849.339735894358,0.08951606243780379,0.01
8851.74069627851,0.1030152192389886,0.01
8854.141656662665,0.0916963558474231,0.01
8856.542617046818,0.10888280322611556,0.01
8858.943577430971,0.07777610849812776,0.01
8861.344537815126,0.08986514680476411,0.01
8863.74549819928,0.08499245834139794,0.01
8866.146458583433,0.070935839868416,0.01
8868.547418967588,0.08213657768209881,0.01
8870.94837935174,0.0880828202558921,0.01
8873.349339735894,0.0875369365768469,0.01
8875.750300120048,0.09631722672120334,0.01
8878.1512605042,0.07427298727238296,0.01
8880.552220888356,0.08024823787873275,0.01
8882.953181272509,0.06953708002198182,0.01
8885.354141656662,0.07630212529676829,0.01
8887.755102040817,0.08264033418247647,0.01
8890.156062424969,0.07234850653151075,0.01
8892.557022809124,0.08755545880577155,0.01
8894.957983193277,0.08308031419884769,0.01
8897.35894357743,0.08784892693328883,0.01
8899.759903961585,0.08806236861083933,0.01
8902.160864345737,0.07593968579664404,0.01
8904.561824729892,0.06011572264948798,0.01
8906.962785114045,0.08583020293702544,0.01
8909.363745498198,0.05989649226321386,0.01
8911.764705882353,0.07045339990197723,0.01
8914.165666266506,0.06417631260985288,0.01
8916.56662665066,0.07668718419734145,0.01
8918.967587034815,0.09057401700260485,0.01
8921.368547418966,0.10642171663213636,0.01
8923.769507803121,0.0740091694552943,0.01
8926.170468187274,0.06098653410729306,0.01
8928.571428571428,0.07992718344070453,0.01
8930.972388955583,0.06513499333340517,0.01
8933.373349339736,0.06947427652032805,0.01
8935.774309723889,0.07560438827239707,0.01
8938.175270108044,0.06898699999775076,0.01
8940.576230492195,0.07878557716281193,0.01
8942.97719087635,0.07406584150662819,0.01
8945.378151260504,0.07309161816560396,0.01
8947.779111644657,0.08107207345474232,0.01
8950.180072028812,0.07439132603348586,0.01
8952.581032412965,0.05303463342033013,0.01
8954.981992797118,0.07389010336720385,0.01
8957.382953181273,0.0700888592666731,0.01
8959.783913565425,0.08320938125484356,0.01
8962.18487394958,0.06090082735504369,0.01
8964.585834333733,0.08173379873717176,0.01
8966.986794717886,0.06899780122160266,0.01
8969.387755102041,0.06979463206204924,0.01
8971.788715486193,0.07183051998668918,0.01
8974.189675870348,0.06285921257980415,0.01
8976.590636254501,0.06121183173929398,0.01
8978.991596638654,0.08060413516228747,0.01
8981.39255702281,0.06337432331696716,0.01
8983.793517406963,0.06201155324392214,0.01
8986.194477791116,0.07888599762651545,0.01
8988.59543817527,0.06867987619379286,0.01
8990.996398559422,0.0553794277412222,0.01
8993.397358943577,0.08054111091241581,0.01
8995.79831932773,0.07375735563854031,0.01
8998.199279711884,0.08075254487976345,0.01
9000.600240096039,0.06376821595597279,0.01
9003.001200480192,0.05524799008396219,0.01
9005.402160864345,0.06838137708863301,0.01
9007.8031212485,0.04500346312879605,0.01
9010.204081632652,0.06749411762444674,0.01
9012.605042016807,0.07678924252081998,0.01
9015.00600240096,0.06380341435441005,0.01
9017.406962785113,0.07484287672412934,0.01
9019.807923169268,0.05750702921335456,0.01
9022.208883553421,0.06708533991784639,0.01
9024.609843937575,0.05851280186864373,0.01
9027.01080432173,0.05571550974672078,0.01
9029.411764705881,0.04580500538585901,0.01
9031.812725090036,0.06523804163151026,0.01
9034.21368547419,0.05568519263840319,0.01
9036.614645858343,0.06780285035524025,0.01
9039.015606242498,0.03347860150043321,0.01
9041.416566626649,0.07824368728158146,0.01
9043.817527010804,0.05033628325885082,0.01
9046.218487394957,0.06023797613904558,0.01
9048.61944777911,0.03711232784109833,0.01
9051.020408163266,0.047327414983055795,0.01
9053.421368547419,0.059758230318999885,0.01
9055.822328931572,0.06603983279928026,0.01
9058.223289315727,0.06572984562414949,0.01
9060.624249699878,0.05440601392214645,0.01
9063.025210084033,0.039349861614897785,0.01
9065.426170468187,0.06451807849145909,0.01
9067.82713085234,0.046775444430623425,0.01
9070.228091236495,0.06256495075241625,0.01
9072.629051620648,0.05143581417309952,0.01
9075.030012004801,0.04642799098965229,0.01
9077.430972388956,0.04903249515311403,0.01
9079.831932773108,0.07533471309043824,0.01
9082.232893157263,0.06446331260545422,0.01
9084.633853541416,0.05351629619398571,0.01
9087.03481392557,0.03375356478645715,0.01
9089.435774309724,0.05433492282050988,0.01
9091.836734693878,0.039953426349968416,0.01
9094.23769507803,0.046114862144892986,0.01
9096.638655462186,0.03660143621742347,0.01
9099.039615846337,0.05764206019965104,0.01
9101.440576230492,0.050750142852243864,0.01
9103.841536614646,0.05592463880019561,0.01
9106.242496998799,0.0674687771696588,0.01
9108.643457382954,0.06600509676876395,0.01
9111.044417767105,0.048061616501680324,0.01
9113.44537815126,0.046243445470676374,0.01
9115.846338535413,0.05528112327710051,0.01
9118.247298919567,0.054357219831654875,0.01
9120.648259303722,0.04908039117761857,0.01
9123.049219687875,0.028017432269455564,0.01
9125.450180072028,0.0534264218250495,0.01
9127.851140456183,0.05924009952021382,0.01
9130.252100840335,0.061214213833384615,0.01
9132.65306122449,0.05896816163739098,0.01
9135.054021608643,0.051941644549942746,0.01
9137.454981992796,0.052026390014717976,0.01
9139.855942376951,0.04457604558667571,0.01
9142.256902761104,0.03889033748529597,0.01
9144.657863145258,0.05668069049624283,0.01
9147.058823529413,0.05848451682157352,0.01
9149.459783913564,0.045762692662053156,0.01
9151.860744297719,0.057979202057300866,0.01
9154.261704681872,0.039728667804441536,0.01
9156.662665066026,0.04245641640844169,0.01
9159.06362545018,0.012319002276250893,0.01
9161.464585834334,0.050987633585860004,0.01
9163.865546218487,0.04202531788734345,0.01
9166.266506602642,0.06336794570601482,0.01
9168.667466986793,0.05209117643147514,0.01
9171.068427370948,0.04421050220241998,0.01
9173.469387755102,0.05813134692766805,0.01
9175.870348139255,0.051367018739538514,0.01
9178.27130852341,0.05280263250423686,0.01
9180.672268907561,0.04304886873699218,0.01
9183.073229291716,0.053487311968497486,0.01
9185.47418967587,0.039536514801209496,0.01
9187.875150060023,0.0361042597558969,0.01
9190.276110444178,0.059088096442341184,0.01
9192.677070828331,0.04290380486202149,0.01
9195.078031212484,0.05020647797833519,0.01
9197.47899159664,0.04513163397271441,0.01
9199.87995198079,0.039167555699169604,0.01
9202.280912364946,0.0570629279601515,0.01
9204.681872749099,0.054102769125465425,0.01
9207.082833133252,0.05761539486693914,0.01
9209.483793517407,0.037318775338272145,0.01
9211.88475390156,0.043297118841442286,0.01
9214.285714285714,0.0511746111461475,0.01
9216.686674669869,0.031338847466155034,0.01
9219.08763505402,0.04147728636184895,0.01
9221.488595438175,0.05233381788967574,0.01
9223.889555822328,0.03823923592683327,0.01
9226.290516206482,0.04045586299331728,0.01
9228.691476590637,0.04920462177171423,0.01
9231.09243697479,0.056671883408598925,0.01
9233.493397358943,0.027855397002763606,0.01
9235.894357743098,0.035823408757889696,0.01
9238.29531812725,0.057294541527719685,0.01
9240.696278511405,0.05193493410596047,0.01
9243.097238895558,0.03808441973867603,0.01
9245.498199279711,0.040628517771488376,0.01
9247.899159663866,0.026839409753845113,0.01
9250.300120048018,0.01976059527968069,0.01
9252.701080432173,0.036732029467237366,0.01
9255.102040816326,0.040922119952114686,0.01
9257.503001200479,0.0371782478678514,0.01
9259.903961584634,0.037540615355039705,0.01
9262.304921968787,0.04126803959666441,0.01
9264.70588235294,0.03329329344662586,0.01
9267.106842737096,0.043358096928843175,0.01
9269.507803121247,0.027292082224274948,0.01
9271.908763505402,0.043501143651515084,0.01
9274.309723889555,0.030011122966605224,0.01
9276.710684273708,0.03875270462749978,0.01
9279.111644657864,0.03863719881803625,0.01
9281.512605042017,0.04167323490793622,0.01
9283.91356542617,0.041038350357321,0.01
9286.314525810325,0.04501068490528737,0.01
9288.715486194476,0.05188503544335647,0.01
9291.116446578631,0.040160261982775836,0.01
9293.517406962785,0.057995611040248224,0.01
9295.918367346938,0.050669197654156485,0.01
9298.319327731093,0.028300390455421848,0.01
9300.720288115246,0.04447151368229583,0.01
9303.1212484994,0.03182283272351957,0.01
9305.522208883553,0.04418311691461665,0.01
9307.923169267706,0.0183695309220587,0.01
9310.32412965186,0.03411624963459558,0.01
9312.725090036014,0.038542651270480094,0.01
9315.126050420167,0.035175989011640506,0.01
9317.527010804322,0.039250147333255825,0.01
9319.927971188474,0.0333925541270346,0.01
9322.328931572629,0.039489439275239874,0.01
9324.729891956782,0.05454089210018971,0.01
9327.130852340935,0.029167041620648985,0.01
9329.53181272509,0.026966940627862694,0.01
9331.932773109243,0.04139301443346717,0.01
9334.333733493397,0.02093701829089441,0.01
9336.734693877552,0.02357893507392437,0.01
9339.135654261703,0.04721795409028383,0.01
9341.536614645858,0.043212137277132655,0.01
9343.937575030011,0.01681245778191303,0.01
9346.338535414165,0.011517451537979648,0.01
9348.73949579832,0.022799369103405347,0.01
9351.140456182473,0.03241975608723131,0.01
9353.541416566626,0.03903080784392977,0.01
9355.942376950781,0.03672539181105699,0.01
9358.343337334933,0.030303752574636245,0.01
9360.744297719088,0.017551031821308252,0.01
9363.14525810324,0.048941965400151465,0.01
9365.546218487394,0.03024661546080089,0.01
9367.94717887155,0.03102226828557086,0.01
9370.348139255702,0.025229156660252224,0.01
9372.749099639856,0.03339656389819315,0.01
9375.150060024009,0.03645041476341213,0.01
9377.551020408162,0.04942845705353342,0.01
9379.951980792317,0.014634090563970577,0.01
9382.35294117647,0.03918785027122019,0.01
9384.753901560623,0.016092602781599935,0.01
9387.154861944779,0.03998118277696486,0.01
9389.55582232893,0.03640246703895964,0.01
9391.956782713085,0.005275449224741352,0.01
9394.357743097238,0.017255429538791105,0.01
9396.758703481391,0.04289435666765072,0.01
9399.159663865546,0.015856063998709924,0.01
9401.5606242497,0.028725648555001735,0.01
9403.961584633853,0.03569518652760276,0.01
9406.362545018008,0.024442201226549772,0.01
9408.76350540216,0.025417975316791276,0.01
9411.164465786314,0.02783016491953289,0.01
9413.565426170468,0.029498419892897927,0.01
9415.96638655462,0.034127151608207014,0.01
9418.367346938776,0.038114116340770374,0.01
9420.76830732293,0.030613073963738514,0.01
9423.169267707082,0.004864134799941657,0.01
9425.570228091237,0.016903557635435787,0.01
9427.971188475389,0.03782935365016306,0.01
9430.372148859544,0.04906067762016783,0.01
9432.773109243697,0.026968496434853353,0.01
9435.17406962785,0.026300181552477035,0.01
9437.575030012005,0.03705747517563113,0.01
9439.975990396159,0.01846525243960609,0.01
9442.376950780312,0.04909819917500907,0.01
9444.777911164465,0.026685307648604172,0.01
9447.178871548618,0.022796783783463583,0.01
9449.579831932773,0.020041882079065043,0.01
9451.980792316926,0.006969413545276391,0.01
9454.38175270108,0.015265066762746391,0.01
9456.782713085235,0.03157311476101169,0.01
9459.183673469386,0.017807340658931768,0.01
9461.584633853541,0.047281391335069756,0.01
9463.985594237694,0.018724831460474413,0.01
9466.386554621848,0.039020906874126224,0.01
9468.787515006003,0.04118149266809511,0.01
9471.188475390156,0.03114298451725693,0.01
9473.58943577431,0.037749044926617105,0.01
9475.990396158464,0.02049707792309239,0.01
9478.391356542616,0.0188867943237123,0.01
9480.79231692677,0.033364923491780815,0.01
9483.193277310924,0.059290619647234366,0.01
9485.594237695077,0.024128413508240985,0.01
9487.995198079232,0.014169064177129435,0.01
9490.396158463385,0.019520439996052012,0.01
9492.797118847539,0.01889864819707285,0.01
9495.198079231694,0.0203623064512021,0.01
9497.599039615845,0.011829693478656794,0.01
9500.0,0.004387508130074835,0.01
