wavelength,intensity,uncertainty
3500.0,0.06385965109254706,0.01
3502.4009603841537,0.07068759848057074,0.01
3504.8019207683074,0.07084375682244862,0.01
3507.202881152461,0.0819129590826395,0.01
3509.6038415366147,0.0689746901234081,0.01
3512.0048019207684,0.07608124205462799,0.01
3514.405762304922,0.07299384791625683,0.01
3516.8067226890757,0.07550692142039919,0.01
3519.2076830732294,0.08016555673807539,0.01
3521.608643457383,0.09567179376200612,0.01
3524.009603841537,0.08434781143353152,0.01
3526.4105642256905,0.08215587597059786,0.01
3528.811524609844,0.09983475045998608,0.01
3531.212484993998,0.08789697333025424,0.01
3533.6134453781515,0.06516056413187277,0.01
3536.0144057623047,0.07847390806842822,0.01
3538.4153661464584,0.09698569390978956,0.01
3540.816326530612,0.08227257032962244,0.01
3543.2172869147657,0.08893672783180857,0.01
3545.6182472989194,0.07538730064658375,0.01
3548.019207683073,0.07457283608842673,0.01
3550.4201680672268,0.0735374185522096,0.01
3552.8211284513804,0.09490727229578261,0.01
3555.222088835534,0.0816600790300983,0.01
3557.623049219688,0.08925243579648763,0.01
3560.0240096038415,0.09187809465964826,0.01
3562.424969987995,0.09043254566280047,0.01
3564.825930372149,0.07889893177694438,0.01
3567.2268907563025,0.11233178711578967,0.01
3569.627851140456,0.07145829280870031,0.01
3572.02881152461,0.0830826339232882,0.01
3574.4297719087635,0.08888989058005133,0.01
3576.830732292917,0.07538829271431485,0.01
3579.231692677071,0.08377500667706635,0.01
3581.6326530612246,0.09235176558155761,0.01
3584.0336134453783,0.1096170709652371,0.01
3586.434573829532,0.10429962596832176,0.01
3588.8355342136856,0.09662600056689705,0.01
3591.2364945978393,0.11443760737424333,0.01
3593.637454981993,0.1209815882020822,0.01
3596.0384153661466,0.09446812265533998,0.01
3598.4393757503003,0.10507349298860463,0.01
3600.840336134454,0.09842123429620588,0.01
3603.2412965186077,0.10017614411093546,0.01
3605.642256902761,0.11683406402082787,0.01
3608.0432172869146,0.09839094413760775,0.01
3610.4441776710682,0.11413345277157587,0.01
3612.845138055222,0.0947397859078125,0.01
3615.2460984393756,0.11577656781564474,0.01
3617.6470588235293,0.09317817761584911,0.01
3620.048019207683,0.0939930156188246,0.01
3622.4489795918366,0.08131035541497107,0.01
3624.8499399759903,0.10089558683208151,0.01
3627.250900360144,0.10539483650145427,0.01
3629.6518607442977,0.08993199415085963,0.01
3632.0528211284513,0.10078317335535973,0.01
3634.453781512605,0.09601006251078908,0.01
3636.8547418967587,0.1036843938471935,0.01
3639.2557022809124,0.10983206813753937,0.01
3641.656662665066,0.10803055729565855,0.01
3644.0576230492197,0.09330532900461153,0.01
3646.4585834333734,0.10899515780692406,0.01
3648.859543817527,0.104343727147679,0.01
3651.2605042016808,0.10338186818794218,0.01
3653.6614645858344,0.10570828845636951,0.01
3656.062424969988,0.10227707253828044,0.01
3658.463385354142,0.09201538855749392,0.01
3660.8643457382955,0.09133083722025917,0.01
3663.265306122449,0.12409930995044532,0.01
3665.666266506603,0.10996572099881913,0.01
3668.0672268907565,0.10586956259683802,0.01
3670.4681872749097,0.10196974019781996,0.01
3672.869147659064,0.09527020497041898,0.01
3675.270108043217,0.11290137435791091,0.01
3677.6710684273708,0.10073564669794424,0.01
3680.0720288115244,0.11224484430961336,0.01
3682.472989195678,0.11524400581886822,0.01
3684.873949579832,0.1216039146157899,0.01
3687.2749099639855,0.11114099690605932,0.01
3689.675870348139,0.12561315082944904,0.01
3692.076830732293,0.1140930345962785,0.01
3694.4777911164465,0.10643438655435647,0.01
3696.8787515006,0.11489798299781491,0.01
3699.279711884754,0.10060688396718853,0.01
3701.6806722689075,0.13708503993245186,0.01
3704.081632653061,0.1117731761579817,0.01
3706.482593037215,0.11607845561247203,0.01
3708.8835534213686,0.11789867416488108,0.01
3711.2845138055222,0.1117383360348516,0.01
3713.685474189676,0.1279500872484895,0.01
3716.0864345738296,0.1153703736546631,0.01
3718.4873949579833,0.13124918631968602,0.01
3720.888355342137,0.13398365983947866,0.01
3723.2893157262906,0.10818528742580466,0.01
3725.6902761104443,0.12982381421602773,0.01
3728.091236494598,0.12386158683237249,0.01
3730.4921968787517,0.12396555545681397,0.01
3732.8931572629053,0.12195394960259487,0.01
3735.294117647059,0.13564783832939303,0.01
3737.6950780312127,0.11941776457017939,0.01
3740.096038415366,0.1202783808798123,0.01
3742.4969987995196,0.14699701515006064,0.01
3744.8979591836733,0.1251226971830595,0.01
3747.298919567827,0.14788154673145554,0.01
3749.6998799519806,0.12761820800055088,0.01
3752.1008403361343,0.1201607249560505,0.01
3754.501800720288,0.14176408495234036,0.01
3756.9027611044417,0.12601861595072547,0.01
3759.3037214885953,0.1252327321211321,0.01
3761.704681872749,0.10435957335725848,0.01
3764.1056422569027,0.13761590043015415,0.01
3766.5066026410564,0.11852173668517513,0.01
3768.90756302521,0.1276178921987392,0.01
3771.3085234093637,0.1387363142844881,0.01
3773.7094837935174,0.13672818592205985,0.01
3776.110444177671,0.1413476502628826,0.01
3778.5114045618247,0.15446517464110854,0.01
3780.9123649459784,0.14245534105164398,0.01
3783.313325330132,0.13547166352204276,0.01
3785.714285714286,0.1352722903734839,0.01
3788.1152460984395,0.13300409050449022,0.01
3790.516206482593,0.147749755944073,0.01
3792.917166866747,0.13454048316246398,0.01
3795.3181272509005,0.12819654559477672,0.01
3797.719087635054,0.1260797948034165,0.01
3800.120048019208,0.13543558829826344,0.01
3802.5210084033615,0.1596853373620458,0.01
3804.9219687875147,0.15863229193957268,0.01
3807.322929171669,0.1262131808535063,0.01
3809.723889555822,0.1268757465982786,0.01
3812.124849939976,0.11865059363155198,0.01
3814.5258103241295,0.15543605731791676,0.01
3816.926770708283,0.12699018242959717,0.01
3819.327731092437,0.1354776978564567,0.01
3821.7286914765905,0.13625886293305423,0.01
3824.129651860744,0.148054538827823,0.01
3826.530612244898,0.14923622701524433,0.01
3828.9315726290515,0.1458282443268256,0.01
3831.332533013205,0.13655822983706273,0.01
3833.733493397359,0.14524604582195674,0.01
3836.1344537815125,0.14020445553573468,0.01
3838.535414165666,0.1188904829104606,0.01
3840.93637454982,0.158131827194767,0.01
3843.3373349339736,0.154479419465145,0.01
3845.7382953181273,0.15037407192198543,0.01
3848.139255702281,0.144182632793348,0.01
3850.5402160864346,0.16596984661103176,0.01
3852.9411764705883,0.13108269227788155,0.01
3855.342136854742,0.1573879943225091,0.01
3857.7430972388956,0.1633693129775371,0.01
3860.1440576230493,0.15550792556649112,0.01
3862.545018007203,0.16779102023859258,0.01
3864.9459783913567,0.15177855217339992,0.01
3867.3469387755104,0.1570506131867059,0.01
3869.747899159664,0.16915476155451104,0.01
3872.1488595438177,0.15316351712590465,0.01
3874.549819927971,0.1617519813727691,0.01
3876.950780312125,0.1535950116034835,0.01
3879.3517406962783,0.13740700416656557,0.01
3881.752701080432,0.145791605005878,0.01
3884.1536614645856,0.15442655918805218,0.01
3886.5546218487393,0.15076606464504544,0.01
3888.955582232893,0.15564832999981906,0.01
3891.3565426170467,0.1633335860438062,0.01
3893.7575030012003,0.16918801120003646,0.01
3896.158463385354,0.17404530379719468,0.01
3898.5594237695077,0.1546658047949375,0.01
3900.9603841536614,0.1627610802580776,0.01
3903.361344537815,0.1630519190274353,0.01
3905.7623049219687,0.16195360313987597,0.01
3908.1632653061224,0.17458835880594922,0.01
3910.564225690276,0.1695310809179753,0.01
3912.9651860744298,0.15918635766492076,0.01
3915.3661464585834,0.15264614892550898,0.01
3917.767106842737,0.1725699334221718,0.01
3920.168067226891,0.17059218206935925,0.01
3922.5690276110445,0.16137819733380646,0.01
3924.969987995198,0.16595214971754932,0.01
3927.370948379352,0.16460917996226726,0.01
3929.7719087635055,0.1625421522770759,0.01
3932.172869147659,0.16492173060105345,0.01
3934.573829531813,0.1595066235640399,0.01
3936.9747899159665,0.16961319957777726,0.01
3939.37575030012,0.16122250822391923,0.01
3941.776710684274,0.15992132191326347,0.01
3944.177671068427,0.17158947697112312,0.01
3946.5786314525812,0.16029783895478053,0.01
3948.9795918367345,0.16824963095729353,0.01
3951.380552220888,0.17290747892935057,0.01
3953.781512605042,0.17246505197495424,0.01
3956.1824729891955,0.17843898706639283,0.01
3958.583433373349,0.18065019297520712,0.01
3960.984393757503,0.1852411917015538,0.01
3963.3853541416565,0.17893086044991882,0.01
3965.78631452581,0.1710695437979076,0.01
3968.187274909964,0.15331845002857694,0.01
3970.5882352941176,0.17968249321794194,0.01
3972.9891956782712,0.1690332388242169,0.01
3975.390156062425,0.16686151203723062,0.01
3977.7911164465786,0.1591556709582026,0.01
3980.1920768307323,0.1856212646673596,0.01
3982.593037214886,0.19292101504902406,0.01
3984.9939975990396,0.18743682169879844,0.01
3987.3949579831933,0.18481851017541717,0.01
3989.795918367347,0.19145072362016907,0.01
3992.1968787515007,0.1763766461097666,0.01
3994.5978391356543,0.18319337985195502,0.01
3996.998799519808,0.18377578615482973,0.01
3999.3997599039617,0.17459604787109514,0.01
4001.8007202881154,0.17393649115838636,0.01
4004.201680672269,0.19262916664963203,0.01
4006.6026410564227,0.18004382632615465,0.01
4009.003601440576,0.19880569441119278,0.01
4011.40456182473,0.1888533921367536,0.01
4013.8055222088833,0.19462325094751726,0.01
4016.2064825930374,0.19930559343689633,0.01
4018.6074429771907,0.20129839474753178,0.01
4021.0084033613443,0.18670412498046185,0.01
4023.409363745498,0.195833276109867,0.01
4025.8103241296517,0.18504427103914708,0.01
4028.2112845138054,0.1881351011410416,0.01
4030.612244897959,0.20169946707331773,0.01
4033.0132052821127,0.19412951763371006,0.01
4035.4141656662664,0.19535479219903232,0.01
4037.81512605042,0.19626511947882797,0.01
4040.2160864345738,0.18640403783750292,0.01
4042.6170468187274,0.20722003843853734,0.01
4045.018007202881,0.20152953001639268,0.01
4047.418967587035,0.20520141131932917,0.01
4049.8199279711885,0.21963820789698998,0.01
4052.220888355342,0.19731139716115365,0.01
4054.621848739496,0.19991126046382734,0.01
4057.0228091236495,0.20221933440272802,0.01
4059.423769507803,0.21196872897424576,0.01
4061.824729891957,0.1876762652231498,0.01
4064.2256902761105,0.19372753871323994,0.01
4066.626650660264,0.1951239609545587,0.01
4069.027611044418,0.20026171761046943,0.01
4071.4285714285716,0.20433122354609776,0.01
4073.829531812725,0.21771405092082458,0.01
4076.230492196879,0.21244640276406168,0.01
4078.631452581032,0.20714785331136726,0.01
4081.0324129651863,0.19671815258146133,0.01
4083.4333733493395,0.2188342969298106,0.01
4085.8343337334936,0.21361130097291867,0.01
4088.235294117647,0.20805682082242,0.01
4090.6362545018005,0.21744081925849992,0.01
4093.037214885954,0.22487025858276186,0.01
4095.438175270108,0.19989410470960114,0.01
4097.839135654262,0.21323349943146155,0.01
4100.240096038416,0.21499828357841547,0.01
4102.641056422569,0.23156817416479028,0.01
4105.042016806723,0.21333297124076941,0.01
4107.442977190876,0.19373279752355924,0.01
4109.8439375750295,0.21227736439979775,0.01
4112.244897959184,0.22499525038572527,0.01
4114.645858343338,0.22225118433507418,0.01
4117.046818727491,0.22872277852162967,0.01
4119.447779111644,0.229505860090985,0.01
4121.848739495798,0.23316874122018694,0.01
4124.249699879952,0.21682627414210479,0.01
4126.650660264106,0.20418948619167868,0.01
4129.051620648259,0.23197094285945663,0.01
4131.452581032413,0.23310002939685226,0.01
4133.853541416566,0.2390965317456392,0.01
4136.25450180072,0.23246171508776586,0.01
4138.655462184874,0.2258352911344896,0.01
4141.056422569028,0.24443198399561586,0.01
4143.457382953181,0.22082433271484042,0.01
4145.858343337335,0.24860489207524053,0.01
4148.259303721488,0.22994299692913253,0.01
4150.660264105642,0.24489645342014194,0.01
4153.061224489796,0.24071015629663423,0.01
4155.46218487395,0.2416770520211168,0.01
4157.863145258103,0.2222564223679172,0.01
4160.264105642257,0.23730724967462158,0.01
4162.66506602641,0.23231275908251797,0.01
4165.0660264105645,0.24545716019472788,0.01
4167.466986794718,0.23543248761464944,0.01
4169.867947178872,0.23779578896808598,0.01
4172.268907563025,0.24062309674501864,0.01
4174.669867947179,0.256657188702455,0.01
4177.070828331332,0.22476455940184925,0.01
4179.471788715486,0.23475897339107463,0.01
4181.87274909964,0.23896330385389117,0.01
4184.273709483794,0.25526110803419205,0.01
4186.674669867947,0.2472018308641867,0.01
4189.0756302521,0.23417596269804647,0.01
4191.4765906362545,0.24935017629631512,0.01
4193.877551020408,0.24666561119425162,0.01
4196.278511404562,0.24177054230294118,0.01
4198.679471788715,0.25125594899435355,0.01
4201.080432172869,0.2400334847892035,0.01
4203.481392557022,0.2423269737049804,0.01
4205.882352941177,0.26203061885738504,0.01
4208.28331332533,0.2558586831431775,0.01
4210.684273709484,0.2498871440516387,0.01
4213.085234093637,0.25970027258256717,0.01
4215.486194477791,0.24984412431824876,0.01
4217.8871548619445,0.24411610683735138,0.01
4220.288115246099,0.2670230565626926,0.01
4222.689075630252,0.2599973561984964,0.01
4225.090036014406,0.2510384089813261,0.01
4227.490996398559,0.2394074655983515,0.01
4229.891956782713,0.2521606225147847,0.01
4232.292917166867,0.25870541681436887,0.01
4234.693877551021,0.26148223371626145,0.01
4237.094837935174,0.260155112397135,0.01
4239.495798319328,0.2769668730738821,0.01
4241.896758703481,0.2613637630397581,0.01
4244.297719087635,0.2673335516725506,0.01
4246.698679471789,0.2780547434641144,0.01
4249.099639855942,0.2682593615370575,0.01
4251.500600240096,0.2673877284951974,0.01
4253.90156062425,0.271108750210891,0.01
4256.302521008403,0.26317280588047753,0.01
4258.703481392557,0.29318236258677205,0.01
4261.104441776711,0.2663841290483067,0.01
4263.505402160864,0.25087163738848667,0.01
4265.906362545018,0.261280452347114,0.01
4268.307322929171,0.2655820532286803,0.01
4270.708283313325,0.2568327222657443,0.01
4273.109243697479,0.26517351633569447,0.01
4275.510204081633,0.2766543899199182,0.01
4277.911164465786,0.25275738719499424,0.01
4280.31212484994,0.25665588931710204,0.01
4282.713085234093,0.26901400486572236,0.01
4285.1140456182475,0.26647577600685335,0.01
4287.515006002401,0.27005860354673944,0.01
4289.915966386555,0.262051713849808,0.01
4292.316926770708,0.25415516730363436,0.01
4294.717887154862,0.26571853279244334,0.01
4297.118847539015,0.26048042195240273,0.01
4299.5198079231695,0.24902397832757117,0.01
4301.920768307323,0.27551254963264,0.01
4304.321728691477,0.2630805139345616,0.01
4306.72268907563,0.2553136947928247,0.01
4309.123649459784,0.2626032888352475,0.01
4311.5246098439375,0.2690973485412917,0.01
4313.925570228092,0.2778997723607186,0.01
4316.326530612245,0.2912004005342335,0.01
4318.727490996398,0.28188679100055214,0.01
4321.128451380552,0.27080168607542915,0.01
4323.529411764706,0.28145486655824625,0.01
4325.9303721488595,0.280085321436648,0.01
4328.331332533013,0.2974577624328912,0.01
4330.732292917167,0.2987354096153801,0.01
4333.13325330132,0.2866092687599174,0.01
4335.534213685474,0.3059764043738368,0.01
4337.9351740696275,0.27622015247164877,0.01
4340.336134453782,0.3111349630106308,0.01
4342.737094837935,0.2923840555247354,0.01
4345.138055222089,0.3221927567551171,0.01
4347.539015606242,0.30591557465977726,0.01
4349.939975990396,0.29761378497457225,0.01
4352.3409363745495,0.30620731435274956,0.01
4354.741896758704,0.3076695367469946,0.01
4357.142857142857,0.30442780712502326,0.01
4359.543817527011,0.30085080418345084,0.01
4361.944777911164,0.3067899177027855,0.01
4364.345738295318,0.29308059754473936,0.01
4366.746698679472,0.3067100034858341,0.01
4369.147659063626,0.3138749883561656,0.01
4371.548619447779,0.3121462173585654,0.01
4373.949579831933,0.31709482790676047,0.01
4376.350540216086,0.32475650545684015,0.01
4378.75150060024,0.32528971825651815,0.01
4381.152460984394,0.32189580012826724,0.01
4383.553421368548,0.3164444363400436,0.01
4385.954381752701,0.321943599198116,0.01
4388.355342136854,0.30386082921477264,0.01
4390.756302521008,0.31407699540218853,0.01
4393.1572629051625,0.32584693338397847,0.01
4395.558223289316,0.3158565386136491,0.01
4397.959183673469,0.33196242854983304,0.01
4400.360144057623,0.30675703867765014,0.01
4402.761104441776,0.3493353802317378,0.01
4405.16206482593,0.33068728133870207,0.01
4407.563025210084,0.31848238187197625,0.01
4409.963985594238,0.32166605769756634,0.01
4412.364945978391,0.33187750684747,0.01
4414.765906362545,0.33067242712134376,0.01
4417.166866746698,0.3202656199465283,0.01
4419.5678271308525,0.35205379860347846,0.01
4421.968787515006,0.3467515840810015,0.01
4424.36974789916,0.3374816324389866,0.01
4426.770708283313,0.33211477864715677,0.01
4429.171668667467,0.33056920208610263,0.01
4431.57262905162,0.3418321447506438,0.01
4433.973589435775,0.32851999766367973,0.01
4436.374549819928,0.33928427327843497,0.01
4438.775510204082,0.3403958168635862,0.01
4441.176470588235,0.3327916810338001,0.01
4443.577430972389,0.33837178873869717,0.01
4445.9783913565425,0.32430741227982957,0.01
4448.379351740696,0.35895546278002083,0.01
4450.78031212485,0.34245413325157326,0.01
4453.181272509004,0.34475688908039853,0.01
4455.582232893157,0.3428137564159103,0.01
4457.98319327731,0.34932560785018635,0.01
4460.384153661465,0.34772828697883473,0.01
4462.785114045619,0.3496490580808186,0.01
4465.186074429772,0.3429972187259194,0.01
4467.587034813925,0.34901897727460457,0.01
4469.987995198079,0.35587563255893145,0.01
4472.3889555822325,0.35346729830946566,0.01
4474.789915966387,0.36471675770975853,0.01
4477.19087635054,0.3592081097758735,0.01
4479.591836734694,0.36454867038078426,0.01
4481.992797118847,0.373567922971783,0.01
4484.393757503001,0.35156815566205846,0.01
4486.794717887155,0.3415220857781387,0.01
4489.195678271309,0.36594432033273927,0.01
4491.596638655462,0.3732782155392369,0.01
4493.997599039616,0.3458116667579558,0.01
4496.398559423769,0.3853797923793208,0.01
4498.799519807923,0.3622847755061454,0.01
4501.200480192077,0.3837325583600279,0.01
4503.601440576231,0.3720074037804101,0.01
4506.002400960384,0.36050691948894703,0.01
4508.403361344538,0.38169955297020375,0.01
4510.804321728691,0.3906420884597541,0.01
4513.205282112845,0.36639693304922333,0.01
4515.606242496999,0.36851806293634864,0.01
4518.007202881152,0.37464519273765334,0.01
4520.408163265306,0.36877996669869934,0.01
4522.80912364946,0.39047416469179774,0.01
4525.210084033613,0.37510401916071534,0.01
4527.611044417767,0.3888200526506648,0.01
4530.012004801921,0.3833139398232742,0.01
4532.412965186075,0.37902954775680264,0.01
4534.813925570228,0.3786059199258156,0.01
4537.214885954381,0.39307205235911025,0.01
4539.615846338535,0.37019889694056507,0.01
4542.016806722689,0.3917260114539103,0.01
4544.417767106843,0.36857368150199277,0.01
4546.818727490996,0.383637059763548,0.01
4549.21968787515,0.39575861547726066,0.01
4551.620648259303,0.3949816998553038,0.01
4554.0216086434575,0.3891953251458332,0.01
4556.422569027611,0.41149371021134173,0.01
4558.823529411765,0.3957229033964092,0.01
4561.224489795918,0.39243828053853597,0.01
4563.625450180072,0.38907469962497454,0.01
4566.026410564225,0.4057685159063648,0.01
4568.42737094838,0.38240697343411945,0.01
4570.828331332533,0.412701817016336,0.01
4573.229291716687,0.3938958610927878,0.01
4575.63025210084,0.4094464517325851,0.01
4578.031212484993,0.4041518050766809,0.01
4580.4321728691475,0.4074728191211785,0.01
4582.833133253302,0.3984974503043544,0.01
4585.234093637455,0.41373421133545035,0.01
4587.635054021608,0.3919187077833293,0.01
4590.036014405762,0.3941362511379285,0.01
4592.436974789916,0.39484877471703395,0.01
4594.83793517407,0.4096552559313141,0.01
4597.238895558223,0.4162072729167403,0.01
4599.639855942377,0.3965483027805018,0.01
4602.040816326531,0.40317232741472137,0.01
4604.441776710684,0.40657465912355717,0.01
4606.8427370948375,0.406575800651908,0.01
4609.243697478992,0.4131811156471132,0.01
4611.644657863145,0.4316811508762915,0.01
4614.045618247299,0.41087022232665754,0.01
4616.446578631452,0.4074180842693851,0.01
4618.847539015606,0.4041687266279677,0.01
4621.24849939976,0.40799071554479616,0.01
4623.649459783914,0.4277788840751744,0.01
4626.050420168067,0.4091815938615229,0.01
4628.451380552221,0.42189876468262205,0.01
4630.852340936374,0.4173930971726266,0.01
4633.253301320528,0.43702607430728835,0.01
4635.654261704682,0.4250317969350356,0.01
4638.055222088836,0.4399757501775635,0.01
4640.456182472989,0.4203680691109028,0.01
4642.857142857143,0.4387667929637973,0.01
4645.258103241296,0.43748481122925453,0.01
4647.65906362545,0.4294775218061773,0.01
4650.060024009604,0.434208279111015,0.01
4652.460984393758,0.42799922371589305,0.01
4654.861944777911,0.43471987478524643,0.01
4657.262905162064,0.45123421038829536,0.01
4659.663865546218,0.44421878893401917,0.01
4662.0648259303725,0.44253312487352586,0.01
4664.465786314526,0.4440195825075911,0.01
4666.866746698679,0.44295432771304305,0.01
4669.267707082833,0.44105027627380655,0.01
4671.668667466987,0.43322935329480605,0.01
4674.0696278511405,0.4364046544406192,0.01
4676.470588235294,0.4418995842499,0.01
4678.871548619448,0.43606825125453946,0.01
4681.272509003601,0.46277921943657147,0.01
4683.673469387755,0.4606306545695235,0.01
4686.074429771908,0.45171890823264144,0.01
4688.4753901560625,0.4474636917940169,0.01
4690.876350540216,0.45114775361390735,0.01
4693.27731092437,0.4698096499818811,0.01
4695.678271308523,0.4500931012795203,0.01
4698.079231692677,0.4621473886412818,0.01
4700.4801920768305,0.4564078955399155,0.01
4702.881152460985,0.45654619228178184,0.01
4705.282112845138,0.4704243820529249,0.01
4707.683073229292,0.46390610624821726,0.01
4710.084033613445,0.4673161246208483,0.01
4712.484993997599,0.47192592779792913,0.01
4714.8859543817525,0.4750618594191459,0.01
4717.286914765906,0.46646933543722385,0.01
4719.68787515006,0.4739981194651202,0.01
4722.088835534214,0.47814166691596754,0.01
4724.489795918367,0.4640237830678718,0.01
4726.8907563025205,0.46604299228753665,0.01
4729.291716686675,0.4736894114907734,0.01
4731.692677070829,0.501710208304265,0.01
4734.093637454982,0.46468501934219913,0.01
4736.494597839135,0.47432261634627826,0.01
4738.895558223289,0.4624067726315504,0.01
4741.296518607443,0.49691673308866713,0.01
4743.697478991597,0.4758595308583919,0.01
4746.09843937575,0.4907049182837472,0.01
4748.499399759904,0.4683835345672799,0.01
4750.900360144057,0.47280632230288316,0.01
4753.301320528211,0.4901120174534156,0.01
4755.702280912365,0.488754714867692,0.01
4758.103241296519,0.4821194030404892,0.01
4760.504201680672,0.4700650013903396,0.01
4762.905162064826,0.48644245910034284,0.01
4765.306122448979,0.5048677103372604,0.01
4767.707082833133,0.48268024334040766,0.01
4770.108043217287,0.46846765668901175,0.01
4772.509003601441,0.4946826534165821,0.01
4774.909963985594,0.4930266714695654,0.01
4777.310924369748,0.4971440788101553,0.01
4779.711884753901,0.5080629319671238,0.01
4782.1128451380555,0.49380600463813906,0.01
4784.513805522209,0.48340367610392604,0.01
4786.914765906362,0.4798172358213343,0.01
4789.315726290516,0.4833100652287763,0.01
4791.71668667467,0.5000766859606723,0.01
4794.117647058823,0.523411908080139,0.01
4796.518607442977,0.4946690654116608,0.01
4798.919567827131,0.4881991401521305,0.01
4801.320528211285,0.5071549952065161,0.01
4803.721488595438,0.5005728032121414,0.01
4806.122448979591,0.5148355909588908,0.01
4808.5234093637455,0.5036133118787104,0.01
4810.9243697479,0.5231072865473205,0.01
4813.325330132053,0.5084573991619157,0.01
4815.726290516206,0.5098477080770079,0.01
4818.12725090036,0.5175626957453742,0.01
4820.528211284513,0.5185356218428337,0.01
4822.929171668668,0.519031447878996,0.01
4825.330132052821,0.51462093433913,0.01
4827.731092436975,0.4993857345558269,0.01
4830.132052821128,0.5089840912013278,0.01
4832.533013205282,0.5184765763625728,0.01
4834.9339735894355,0.5324408441608636,0.01
4837.33493397359,0.5125254750180478,0.01
4839.735894357743,0.5325618406033209,0.01
4842.136854741897,0.5241198151433668,0.01
4844.53781512605,0.5394241018036909,0.01
4846.938775510204,0.5418138202156931,0.01
4849.339735894358,0.5410793222377506,0.01
4851.740696278512,0.5139323072826005,0.01
4854.141656662665,0.5361716967953727,0.01
4856.542617046818,0.5415578384235068,0.01
4858.943577430972,0.5437860912453972,0.01
4861.344537815126,0.5409648059223094,0.01
4863.74549819928,0.5453484307628808,0.01
4866.146458583433,0.5412806797316402,0.01
4868.547418967587,0.5336596470597131,0.01
4870.948379351741,0.5457215725943323,0.01
4873.349339735894,0.5427255713834648,0.01
4875.7503001200475,0.5598675556521423,0.01
4878.151260504202,0.5390187297961486,0.01
4880.552220888356,0.5655797505249411,0.01
4882.953181272509,0.5576163995302698,0.01
4885.354141656662,0.5359508163260078,0.01
4887.755102040816,0.5437541731393442,0.01
4890.15606242497,0.546733686836784,0.01
4892.557022809124,0.5547708401586732,0.01
4894.957983193277,0.566334148192174,0.01
4897.358943577431,0.5525913465421998,0.01
4899.759903961584,0.550353295184259,0.01
4902.160864345738,0.5470376280968917,0.01
4904.561824729892,0.5582826239412159,0.01
4906.962785114046,0.5840975542704738,0.01
4909.363745498199,0.5746697395197016,0.01
4911.764705882353,0.5625132428745644,0.01
4914.165666266506,0.534969845020166,0.01
4916.5666266506605,0.5693133271309252,0.01
4918.967587034814,0.564025922921835,0.01
4921.368547418968,0.5500382424980962,0.01
4923.769507803121,0.5722693495202105,0.01
4926.170468187274,0.5651648621836777,0.01
4928.571428571428,0.5521854635294587,0.01
4930.972388955583,0.5648936733607101,0.01
4933.373349339736,0.5846521539201788,0.01
4935.774309723889,0.5762210767478732,0.01
4938.175270108043,0.581737110460065,0.01
4940.576230492197,0.6026428915414095,0.01
4942.9771908763505,0.5834947899815124,0.01
4945.378151260504,0.5821660653245196,0.01
4947.779111644658,0.5740945850988146,0.01
4950.180072028812,0.5974266237856267,0.01
4952.581032412965,0.5781083339533345,0.01
4954.981992797118,0.5755850781053593,0.01
4957.382953181273,0.5819649614829241,0.01
4959.783913565426,0.5821971379077735,0.01
4962.18487394958,0.5718786909258525,0.01
4964.585834333733,0.5702392742977904,0.01
4966.986794717887,0.5902970652993724,0.01
4969.3877551020405,0.5983397269514625,0.01
4971.788715486195,0.58796979780138,0.01
4974.189675870348,0.5879800235612418,0.01
4976.590636254502,0.6030634549477062,0.01
4978.991596638655,0.6034279439371367,0.01
4981.392557022809,0.5907203068669711,0.01
4983.793517406963,0.6094017310499773,0.01
4986.194477791116,0.6065785533351253,0.01
4988.59543817527,0.5911345435099965,0.01
4990.996398559424,0.6073443868667272,0.01
4993.397358943577,0.6042408482024175,0.01
4995.7983193277305,0.608051235844482,0.01
4998.199279711885,0.614951250666275,0.01
5000.600240096039,0.6069330847280293,0.01
5003.001200480192,0.5955084201396489,0.01
5005.402160864345,0.6054293699155257,0.01
5007.803121248499,0.6171071360728185,0.01
5010.2040816326535,0.6166921303018462,0.01
5012.605042016807,0.6080218441888723,0.01
5015.00600240096,0.6045272703442512,0.01
5017.406962785114,0.6148530864601773,0.01
5019.807923169267,0.5838943805295054,0.01
5022.208883553421,0.6160277890097162,0.01
5024.609843937575,0.6165582992767792,0.01
5027.010804321729,0.6024518026304383,0.01
5029.411764705882,0.6271961622625585,0.01
5031.812725090036,0.633614260863857,0.01
5034.213685474189,0.6053458795402646,0.01
5036.6146458583435,0.6343549580084514,0.01
5039.015606242497,0.6241156216217214,0.01
5041.416566626651,0.6315401778508397,0.01
5043.817527010804,0.6105531426012617,0.01
5046.218487394958,0.6229788576883298,0.01
5048.619447779111,0.6123508697716208,0.01
5051.0204081632655,0.6299786271218754,0.01
5053.421368547419,0.6322053266798083,0.01
5055.822328931572,0.623559165468599,0.01
5058.223289315726,0.6427457073643527,0.01
5060.62424969988,0.6428377930164505,0.01
5063.0252100840335,0.6272852672301497,0.01
5065.426170468187,0.6437573694506706,0.01
5067.827130852341,0.6407316202306275,0.01
5070.228091236495,0.6497947491074872,0.01
5072.629051620648,0.6502322533951291,0.01
5075.030012004801,0.6253325976358509,0.01
5077.4309723889555,0.6293926521578218,0.01
5079.83193277311,0.6632214887683402,0.01
5082.232893157263,0.6344372360546937,0.01
5084.633853541416,0.6454715342960108,0.01
5087.03481392557,0.6548477876593969,0.01
5089.4357743097235,0.6712210927155581,0.01
5091.836734693878,0.6619525119418936,0.01
5094.237695078031,0.6528838878367352,0.01
5096.638655462185,0.6605956357225308,0.01
5099.039615846338,0.6334294192988066,0.01
5101.440576230492,0.66390266310293,0.01
5103.8415366146455,0.6688063868099484,0.01
5106.2424969988,0.6638264311174532,0.01
5108.643457382953,0.6724896956435963,0.01
5111.044417767107,0.6577009192109604,0.01
5113.44537815126,0.6761104115081957,0.01
5115.846338535414,0.6600358632396194,0.01
5118.247298919568,0.6809840181997889,0.01
5120.648259303722,0.6593607591268535,0.01
5123.049219687875,0.6531118926210835,0.01
5125.450180072028,0.6825333479178947,0.01
5127.851140456182,0.6828144488889522,0.01
5130.252100840336,0.6790763618933254,0.01
5132.65306122449,0.6809762339327438,0.01
5135.054021608643,0.6607538803941343,0.01
5137.454981992797,0.67348238597426,0.01
5139.855942376951,0.6563639609268649,0.01
5142.256902761104,0.6943645359774643,0.01
5144.657863145258,0.6813041588716695,0.01
5147.058823529412,0.6570173123427919,0.01
5149.459783913566,0.652905787938346,0.01
5151.860744297719,0.6562131502463295,0.01
5154.261704681872,0.6728318146615261,0.01
5156.662665066026,0.6460368252606293,0.01
5159.06362545018,0.6324841578060363,0.01
5161.464585834334,0.6656587085028722,0.01
5163.865546218487,0.6427890572560103,0.01
5166.266506602641,0.6342088094594188,0.01
5168.667466986794,0.6532662880732434,0.01
5171.0684273709485,0.6325956780911008,0.01
5173.469387755102,0.6234305801489082,0.01
5175.870348139256,0.6453675412375782,0.01
5178.271308523409,0.6346949420320489,0.01
5180.672268907563,0.6412523482984245,0.01
5183.073229291716,0.645379458881057,0.01
5185.474189675871,0.6458138614755665,0.01
5187.875150060024,0.6727873958426067,0.01
5190.276110444178,0.6676629532952427,0.01
5192.677070828331,0.6662068512964912,0.01
5195.078031212484,0.6861725569291043,0.01
5197.4789915966385,0.6864986743327629,0.01
5199.879951980793,0.7034440967774465,0.01
5202.280912364946,0.690701631373813,0.01
5204.681872749099,0.7069981707445259,0.01
5207.082833133253,0.7004483289277258,0.01
5209.483793517407,0.7064593918965001,0.01
5211.8847539015605,0.7165905349180182,0.01
5214.285714285714,0.6945759572514723,0.01
5216.686674669868,0.7379330600317385,0.01
5219.087635054022,0.7280790785429699,0.01
5221.488595438175,0.7215126085387714,0.01
5223.8895558223285,0.7217732446301989,0.01
5226.290516206483,0.7135854578159425,0.01
5228.691476590636,0.7227617561500085,0.01
5231.09243697479,0.7453776059778285,0.01
5233.493397358943,0.700068169900043,0.01
5235.894357743097,0.7184515924416888,0.01
5238.2953181272505,0.7206050101260415,0.01
5240.696278511405,0.7140948772539316,0.01
5243.097238895558,0.7155005244089645,0.01
5245.498199279712,0.7260107506800249,0.01
5247.899159663865,0.7307502755716097,0.01
5250.300120048019,0.726291358798739,0.01
5252.701080432173,0.7253743828838211,0.01
5255.102040816327,0.727485437364834,0.01
5257.50300120048,0.7353490067509211,0.01
5259.903961584634,0.7203700591843463,0.01
5262.304921968787,0.7404433829092285,0.01
5264.7058823529405,0.7396116290530714,0.01
5267.106842737095,0.739016229415773,0.01
5269.507803121249,0.7416129211303468,0.01
5271.908763505402,0.7489321131411575,0.01
5274.309723889555,0.728310311791653,0.01
5276.710684273709,0.7536557960849974,0.01
5279.1116446578635,0.7481579605086972,0.01
5281.512605042017,0.7360456683047871,0.01
5283.91356542617,0.7507755197365942,0.01
5286.314525810324,0.7410720042125869,0.01
5288.715486194478,0.7593651157182046,0.01
5291.116446578631,0.7847759838610673,0.01
5293.517406962785,0.7590218570888253,0.01
5295.918367346939,0.7519995200239715,0.01
5298.319327731092,0.7627182566801558,0.01
5300.720288115246,0.7347556243819852,0.01
5303.121248499399,0.7478981888643613,0.01
5305.5222088835535,0.7477904249138109,0.01
5307.923169267707,0.7668572285611304,0.01
5310.324129651861,0.766406195522616,0.01
5312.725090036014,0.7630551739034452,0.01
5315.126050420168,0.75678276983909,0.01
5317.527010804321,0.7619943838180483,0.01
5319.927971188476,0.7771443482298337,0.01
5322.328931572629,0.7534783666756928,0.01
5324.729891956783,0.7558920147733353,0.01
5327.130852340936,0.7810377387990483,0.01
5329.53181272509,0.7632081453724214,0.01
5331.9327731092435,0.7817081732673247,0.01
5334.333733493397,0.769106176507102,0.01
5336.734693877551,0.7934837520245008,0.01
5339.135654261705,0.7913826490599749,0.01
5341.536614645858,0.7688489502164785,0.01
5343.937575030011,0.780076309190888,0.01
5346.338535414166,0.7734745368723571,0.01
5348.73949579832,0.7789250507760401,0.01
5351.140456182473,0.7829039937752111,0.01
5353.541416566626,0.7764781310224583,0.01
5355.94237695078,0.78315522337265,0.01
5358.343337334934,0.785579111017858,0.01
5360.744297719088,0.777912242877613,0.01
5363.145258103241,0.7790734182676806,0.01
5365.546218487395,0.782322762888765,0.01
5367.947178871548,0.7841261569975769,0.01
5370.348139255702,0.8004264753718453,0.01
5372.749099639856,0.7938366035140939,0.01
5375.15006002401,0.7895531837819433,0.01
5377.551020408163,0.7805705949668057,0.01
5379.951980792317,0.7903830468439009,0.01
5382.35294117647,0.7819381629430947,0.01
5384.753901560624,0.8016355243638463,0.01
5387.154861944778,0.7880983359695806,0.01
5389.555822328932,0.7876687919853784,0.01
5391.956782713085,0.8002981231227153,0.01
5394.357743097239,0.8019626964157296,0.01
5396.758703481392,0.7976758219453252,0.01
5399.1596638655465,0.7962068524060513,0.01
5401.5606242497,0.8116965082026977,0.01
5403.961584633853,0.7981534244314774,0.01
5406.362545018007,0.8008225638395494,0.01
5408.763505402161,0.7977837323010788,0.01
5411.164465786314,0.8060558740524634,0.01
5413.565426170468,0.8033223540711715,0.01
5415.966386554622,0.8144026262786364,0.01
5418.367346938776,0.8101352939618918,0.01
5420.768307322929,0.8329266632287279,0.01
5423.169267707082,0.8087293141943837,0.01
5425.5702280912365,0.8170723076687699,0.01
5427.971188475391,0.7991195576315093,0.01
5430.372148859544,0.8156866898584608,0.01
5432.773109243697,0.8257804722087349,0.01
5435.174069627851,0.8170185261049394,0.01
5437.575030012004,0.8130069217878167,0.01
5439.9759903961585,0.8135813204821015,0.01
5442.376950780312,0.805105917237288,0.01
5444.777911164466,0.8351304880457762,0.01
5447.178871548619,0.8445705525214103,0.01
5449.579831932773,0.8374992696389967,0.01
5451.980792316926,0.8297884211333183,0.01
5454.381752701081,0.8230172560118474,0.01
5456.782713085234,0.8333228755726992,0.01
5459.183673469388,0.8294372372992789,0.01
5461.584633853541,0.8343591755899569,0.01
5463.985594237694,0.8337484510577865,0.01
5466.3865546218485,0.8262745033469202,0.01
5468.787515006003,0.8267456833074339,0.01
5471.188475390156,0.8334314165826,0.01
5473.589435774309,0.8495044957337864,0.01
5475.990396158463,0.8421836221208585,0.01
5478.391356542617,0.8427923167503274,0.01
5480.792316926771,0.837300164963609,0.01
5483.193277310924,0.855619724683568,0.01
5485.594237695078,0.8358765681137799,0.01
5487.995198079232,0.810172417090545,0.01
5490.396158463385,0.8411684283511088,0.01
5492.7971188475385,0.8242172984934125,0.01
5495.198079231693,0.8521457887749592,0.01
5497.599039615847,0.8381342992352621,0.01
5500.0,0.842213335881952,0.01
5502.400960384153,0.8486075354369825,0.01
5504.801920768307,0.8426804831697071,0.01
5507.202881152461,0.8302626564925825,0.01
5509.603841536615,0.8259944264094153,0.01
5512.004801920768,0.8362429382408925,0.01
5514.405762304922,0.8366916698442864,0.01
5516.806722689075,0.8429240893982685,0.01
5519.207683073229,0.8661447617618007,0.01
5521.608643457383,0.8531317626596407,0.01
5524.009603841537,0.8463285599201504,0.01
5526.41056422569,0.8581235144208557,0.01
5528.811524609844,0.8659450968448325,0.01
5531.212484993997,0.852902249479782,0.01
5533.613445378151,0.8471154333660212,0.01
5536.014405762305,0.8677912724100011,0.01
5538.415366146459,0.8462115297527555,0.01
5540.816326530612,0.8605298323503916,0.01
5543.217286914765,0.8696215816476941,0.01
5545.618247298919,0.863302383656909,0.01
5548.019207683074,0.8722543411083716,0.01
5550.420168067227,0.8584463093527834,0.01
5552.82112845138,0.8514243549311478,0.01
5555.222088835534,0.8539784696201653,0.01
5557.623049219688,0.8804364357660395,0.01
5560.0240096038415,0.8658937118652974,0.01
5562.424969987995,0.880129616631374,0.01
5564.825930372149,0.856917581215297,0.01
5567.226890756303,0.8830422393190029,0.01
5569.627851140456,0.8850424206706613,0.01
5572.028811524609,0.8823876129506539,0.01
5574.4297719087635,0.8764223810409695,0.01
5576.830732292918,0.8747628526531506,0.01
5579.231692677071,0.8670833260358669,0.01
5581.632653061224,0.8707665838220682,0.01
5584.033613445377,0.8851516397710423,0.01
5586.4345738295315,0.8826159032166668,0.01
5588.835534213686,0.8918171453790125,0.01
5591.236494597839,0.8831025402830032,0.01
5593.637454981992,0.8721139629042793,0.01
5596.038415366146,0.8907023856987936,0.01
5598.4393757503,0.8976919354148942,0.01
5600.8403361344535,0.8807603768147695,0.01
5603.241296518607,0.8866028299135302,0.01
5605.642256902761,0.8825281043314246,0.01
5608.043217286915,0.8788130619188962,0.01
5610.444177671068,0.8911786529624974,0.01
5612.8451380552215,0.8783447775589044,0.01
5615.246098439376,0.8823665670434532,0.01
5617.64705882353,0.8767893193049895,0.01
5620.048019207683,0.89560971070563,0.01
5622.448979591836,0.880585336109377,0.01
5624.84993997599,0.8827935408458939,0.01
5627.250900360144,0.8886982557661305,0.01
5629.651860744298,0.9060731061131846,0.01
5632.052821128451,0.9085141830831828,0.01
5634.453781512605,0.8916459444789347,0.01
5636.854741896759,0.9061909727383946,0.01
5639.255702280912,0.886535824847125,0.01
5641.656662665066,0.8814380650108201,0.01
5644.05762304922,0.8853922143812399,0.01
5646.458583433374,0.8939215015002094,0.01
5648.859543817527,0.9015707153065646,0.01
5651.26050420168,0.8868797366567089,0.01
5653.6614645858335,0.8950012234893502,0.01
5656.062424969988,0.9136561904447885,0.01
5658.463385354142,0.9160576945124657,0.01
5660.864345738295,0.9119435326458173,0.01
5663.265306122448,0.8951762617414828,0.01
5665.666266506602,0.8943275018773725,0.01
5668.0672268907565,0.9132690774566494,0.01
5670.46818727491,0.9101437609140935,0.01
5672.869147659063,0.9107756472584356,0.01
5675.270108043217,0.9001292423956452,0.01
5677.671068427371,0.9470164148503774,0.01
5680.072028811524,0.9035665633411618,0.01
5682.472989195678,0.9176165842604582,0.01
5684.873949579832,0.8967943753093144,0.01
5687.274909963986,0.927055907750557,0.01
5689.675870348139,0.9058410492901027,0.01
5692.076830732292,0.912409438800535,0.01
5694.4777911164465,0.9334758312294736,0.01
5696.878751500601,0.9196068722560404,0.01
5699.279711884754,0.9084525877654369,0.01
5701.680672268907,0.9108786397057863,0.01
5704.081632653061,0.935978585860348,0.01
5706.482593037215,0.9322486742922741,0.01
5708.883553421369,0.9288772724211979,0.01
5711.284513805522,0.9341321782979124,0.01
5713.685474189676,0.9306879274100309,0.01
5716.08643457383,0.9328259028879984,0.01
5718.487394957983,0.9282662815734185,0.01
5720.8883553421365,0.9195366275027005,0.01
5723.28931572629,0.914306917429534,0.01
5725.690276110444,0.9220223210784252,0.01
5728.091236494598,0.9412207410197494,0.01
5730.492196878751,0.9365607003050027,0.01
5732.893157262904,0.9195902328713225,0.01
5735.294117647059,0.9336748734471731,0.01
5737.695078031213,0.933562597714192,0.01
5740.096038415366,0.9273500342357351,0.01
5742.496998799519,0.9241530885670943,0.01
5744.897959183673,0.9387016454898675,0.01
5747.298919567827,0.9251827639943558,0.01
5749.699879951981,0.9355614653244668,0.01
5752.100840336134,0.9347938711307093,0.01
5754.501800720288,0.9328118641828528,0.01
5756.902761104442,0.9374001411375276,0.01
5759.303721488595,0.9402050117405959,0.01
5761.704681872749,0.940907062090987,0.01
5764.105642256903,0.9171495055666679,0.01
5766.506602641057,0.9425135500445828,0.01
5768.90756302521,0.9384324815065025,0.01
5771.308523409363,0.9494183449577346,0.01
5773.709483793517,0.9388698928017569,0.01
5776.1104441776715,0.9345808782502071,0.01
5778.511404561825,0.9460428545256255,0.01
5780.912364945978,0.9396587832447042,0.01
5783.313325330132,0.9503334891379628,0.01
5785.714285714286,0.9450989066637819,0.01
5788.1152460984395,0.9420847399226594,0.01
5790.516206482593,0.9325781896941284,0.01
5792.917166866746,0.9385048810163347,0.01
5795.3181272509,0.9366025389311545,0.01
5797.719087635054,0.9396545358778167,0.01
5800.120048019207,0.9169375770586079,0.01
5802.521008403361,0.9350636672250509,0.01
5804.921968787515,0.952472907913138,0.01
5807.322929171669,0.9512258217406744,0.01
5809.723889555822,0.9499618004255901,0.01
5812.124849939975,0.9553726254487465,0.01
5814.525810324129,0.9421097048780741,0.01
5816.926770708284,0.9498812584916515,0.01
5819.327731092437,0.9498092994290452,0.01
5821.72869147659,0.9657827547324348,0.01
5824.129651860744,0.9414829654413396,0.01
5826.530612244898,0.9366635408525199,0.01
5828.9315726290515,0.948397639131482,0.01
5831.332533013205,0.9342093894152065,0.01
5833.733493397359,0.94787173358788,0.01
5836.134453781513,0.9609254509029489,0.01
5838.535414165666,0.9689438147067403,0.01
5840.936374549819,0.961401811748849,0.01
5843.337334933974,0.9497911074259763,0.01
5845.738295318128,0.951725289818534,0.01
5848.139255702281,0.9606065571799692,0.01
5850.540216086434,0.9508918832061662,0.01
5852.941176470588,0.9554511205398416,0.01
5855.342136854742,0.9509155550353194,0.01
5857.743097238896,0.9626281986411492,0.01
5860.144057623049,0.9538766506212767,0.01
5862.545018007202,0.9666162508075594,0.01
5864.945978391356,0.9763910814671579,0.01
5867.34693877551,0.9587801729877269,0.01
5869.747899159664,0.9530618746176108,0.01
5872.148859543817,0.9670782169455615,0.01
5874.549819927971,0.9465305324702905,0.01
5876.950780312125,0.9693639793794595,0.01
5879.351740696278,0.95914624130416,0.01
5881.7527010804315,0.9689762884376957,0.01
5884.153661464586,0.9698032653787199,0.01
5886.55462184874,0.9760156476740883,0.01
5888.955582232893,0.9696633822370924,0.01
5891.356542617046,0.9598749278522591,0.01
5893.7575030012,0.960504764467943,0.01
5896.1584633853545,0.9564603732200373,0.01
5898.559423769508,0.9716574480106852,0.01
5900.960384153661,0.9520838293169799,0.01
5903.361344537815,0.9836721536114728,0.01
5905.762304921969,0.9828573104378929,0.01
5908.163265306122,0.9687396205885369,0.01
5910.564225690276,0.989069959612082,0.01
5912.96518607443,0.9722870394731111,0.01
5915.366146458584,0.9781503572345293,0.01
5917.767106842737,0.9815510863200496,0.01
5920.16806722689,0.9815542187411415,0.01
5922.5690276110445,0.9597693349928511,0.01
5924.969987995198,0.9684412335803637,0.01
5927.370948379352,0.9907313029911452,0.01
5929.771908763505,0.9741597861830871,0.01
5932.172869147658,0.96521007567562,0.01
5934.573829531812,0.974236573966477,0.01
5936.9747899159665,0.970274138658277,0.01
5939.37575030012,0.9632321285825619,0.01
5941.776710684273,0.9833959406357278,0.01
5944.177671068427,0.9690306688314435,0.01
5946.578631452581,0.9596449173159236,0.01
5948.9795918367345,0.9688808864889972,0.01
5951.380552220888,0.9820841681620017,0.01
5953.781512605042,0.965776697488212,0.01
5956.182472989196,0.9799162230775867,0.01
5958.583433373349,0.9887166796841328,0.01
5960.984393757502,0.977114257959063,0.01
5963.3853541416565,0.9957362216473221,0.01
5965.786314525811,0.990178249862546,0.01
5968.187274909964,0.9724279130818978,0.01
5970.588235294117,0.9958889190270623,0.01
5972.989195678271,0.981252370083291,0.01
5975.390156062425,0.9934668740787146,0.01
5977.791116446579,0.9867531048542972,0.01
5980.192076830732,1.000121121031142,0.01
5982.593037214886,0.9818703598797845,0.01
5984.99399759904,0.9942408656562615,0.01
5987.394957983193,0.9803936000737343,0.01
5989.7959183673465,0.9796422737847876,0.01
5992.196878751501,0.977276634367737,0.01
5994.597839135654,0.996351338711364,0.01
5996.998799519808,0.9827461786038784,0.01
5999.399759903961,0.9813066355191692,0.01
6001.8007202881145,0.9798555209683028,0.01
6004.201680672269,1.0037372825640423,0.01
6006.602641056423,1.0007692807687723,0.01
6009.003601440576,0.9906219196696977,0.01
6011.404561824729,0.9853858392077044,0.01
6013.805522208883,0.9899987734546379,0.01
6016.206482593037,0.9561499346628011,0.01
6018.607442977191,0.9863811546865185,0.01
6021.008403361344,0.9903386547154376,0.01
6023.409363745498,0.9979927347055833,0.01
6025.810324129652,0.9793618873647406,0.01
6028.211284513805,0.9939746000542152,0.01
6030.612244897959,1.0005651331438867,0.01
6033.013205282113,1.0080336253330113,0.01
6035.414165666267,0.9940547439836079,0.01
6037.81512605042,0.9804972792714309,0.01
6040.216086434573,0.9853303875627674,0.01
6042.617046818727,0.9904750402238862,0.01
6045.018007202882,0.9954392939058186,0.01
6047.418967587035,0.9810450009455927,0.01
6049.819927971188,0.9906249125684036,0.01
6052.220888355342,0.9988356896088936,0.01
6054.621848739496,0.9773177511058878,0.01
6057.0228091236495,0.9834535197834746,0.01
6059.423769507803,1.000366610169871,0.01
6061.824729891956,0.9923264646441333,0.01
6064.22569027611,0.9850882121037441,0.01
6066.626650660264,0.9978282040020143,0.01
6069.027611044417,0.9761178520514238,0.01
6071.428571428571,0.995177049656566,0.01
6073.829531812725,1.0114118753149892,0.01
6076.230492196879,0.9833259078641113,0.01
6078.631452581032,0.9927720473837336,0.01
6081.032412965185,0.9898536190772901,0.01
6083.4333733493395,0.9769198013708011,0.01
6085.834333733494,0.9929404472298844,0.01
6088.235294117647,1.0012184994932687,0.01
6090.6362545018,0.9908728553371705,0.01
6093.037214885954,1.0080251842481605,0.01
6095.438175270108,0.9910030637003675,0.01
6097.839135654262,0.9907013786371779,0.01
6100.240096038415,0.9957908432036879,0.01
6102.641056422569,0.9683120913312229,0.01
6105.042016806723,0.9986601451921228,0.01
6107.442977190876,0.9951677667427518,0.01
6109.8439375750295,1.0079347025111063,0.01
6112.244897959184,1.0071509147383653,0.01
6114.645858343338,1.0051460738167113,0.01
6117.046818727491,0.9959576754645106,0.01
6119.447779111644,1.0065954188987434,0.01
6121.848739495798,0.9950028117969203,0.01
6124.2496998799525,0.9825673476345542,0.01
6126.650660264106,0.9952942451194047,0.01
6129.051620648259,1.0038078584548293,0.01
6131.452581032412,1.0022451410758373,0.01
6133.853541416566,0.993373510811989,0.01
6136.25450180072,1.0125821305405236,0.01
6138.655462184874,0.9917991956981518,0.01
6141.056422569027,0.980644714205251,0.01
6143.457382953181,1.008976036799197,0.01
6145.858343337335,1.0008484973392668,0.01
6148.259303721488,1.0093876554495889,0.01
6150.6602641056415,0.997955595272789,0.01
6153.061224489796,0.9969768728828301,0.01
6155.46218487395,1.014164200698138,0.01
6157.863145258103,1.0077159775614928,0.01
6160.264105642256,1.0007946875215765,0.01
6162.66506602641,1.0059561765636837,0.01
6165.0660264105645,0.999476443388467,0.01
6167.466986794718,0.9967153290294384,0.01
6169.867947178871,1.011619766933896,0.01
6172.268907563025,1.002733190488965,0.01
6174.669867947179,1.0035280472897168,0.01
6177.070828331332,0.9720373793984439,0.01
6179.471788715486,1.0026489158191645,0.01
6181.87274909964,0.9936204846388674,0.01
6184.273709483794,1.010548284546225,0.01
6186.674669867947,0.9939318454273539,0.01
6189.0756302521,0.99541641999886,0.01
6191.4765906362545,0.9814831001255526,0.01
6193.877551020409,0.999629062845286,0.01
6196.278511404562,0.9997982591761582,0.01
6198.679471788715,0.9867697750855282,0.01
6201.080432172868,1.011221610017209,0.01
6203.481392557022,0.9901300199162776,0.01
6205.882352941177,1.0131797360270953,0.01
6208.28331332533,0.9876294211018031,0.01
6210.684273709483,1.005910792982821,0.01
6213.085234093637,1.0052119108105244,0.01
6215.486194477791,0.991104938545686,0.01
6217.8871548619445,1.0026505981027436,0.01
6220.288115246098,1.013239417789446,0.01
6222.689075630252,1.0011775093546567,0.01
6225.090036014406,1.01145443461598,0.01
6227.490996398559,0.9962467761278878,0.01
6229.891956782712,0.9999625264559393,0.01
6232.292917166867,1.0327054899910226,0.01
6234.693877551021,0.993647734919116,0.01
6237.094837935174,1.00837081959903,0.01
6239.495798319327,0.9950558279122188,0.01
6241.896758703481,0.9848853062493631,0.01
6244.297719087635,1.0096957960526094,0.01
6246.698679471789,1.006049325466831,0.01
6249.099639855942,1.0029446967269016,0.01
6251.500600240096,1.005555007474693,0.01
6253.90156062425,1.0094165013199754,0.01
6256.302521008403,0.991726408565051,0.01
6258.703481392557,1.0003873912361294,0.01
6261.104441776711,0.9950032318771962,0.01
6263.505402160865,1.0067998615787286,0.01
6265.906362545018,0.9752778772063289,0.01
6268.307322929171,0.9968213010132244,0.01
6270.7082833133245,1.0123972392974168,0.01
6273.109243697479,0.9834911703594815,0.01
6275.510204081633,1.0048333002027583,0.01
6277.911164465786,1.0030139621605187,0.01
6280.312124849939,1.0028323601963305,0.01
6282.713085234093,0.9843604845203606,0.01
6285.1140456182475,0.9883224551561278,0.01
6287.515006002401,1.008130296870758,0.01
6289.915966386554,1.011601118613164,0.01
6292.316926770708,1.0058575940288033,0.01
6294.717887154862,0.9952060710661039,0.01
6297.118847539015,0.9880198827595285,0.01
6299.519807923169,1.0059937277880566,0.01
6301.920768307323,1.0032118756142967,0.01
6304.321728691477,0.991783565193165,0.01
6306.72268907563,0.9862872732416622,0.01
6309.123649459783,0.9808816295264269,0.01
6311.5246098439375,0.9885358836640395,0.01
6313.925570228092,1.0128105362000208,0.01
6316.326530612245,0.9888411835001234,0.01
6318.727490996398,0.9842103813905378,0.01
6321.128451380552,0.9957426772879252,0.01
6323.529411764706,0.980351147172973,0.01
6325.9303721488595,1.0159607520930236,0.01
6328.331332533013,0.9869251566745344,0.01
6330.732292917167,0.9868673870510232,0.01
6333.133253301321,0.9828501943985838,0.01
6335.534213685474,1.0000945900547527,0.01
6337.9351740696275,0.9914240751081987,0.01
6340.336134453781,0.9788608128764009,0.01
6342.737094837935,0.9909105990969673,0.01
6345.138055222089,1.00208036794797,0.01
6347.539015606242,0.9806218186584034,0.01
6349.939975990395,1.0097287862871718,0.01
6352.3409363745495,0.9862966685989333,0.01
6354.741896758704,1.0051525768897538,0.01
6357.142857142857,0.9988284291377217,0.01
6359.54381752701,0.9933536314742805,0.01
6361.944777911164,1.0057674201758398,0.01
6364.345738295318,0.9991748385919246,0.01
6366.746698679472,0.9878116998615925,0.01
6369.147659063625,0.9756336632597828,0.01
6371.548619447779,0.9911536249317607,0.01
6373.949579831933,0.9755669069713327,0.01
6376.350540216086,1.0179904651006464,0.01
6378.7515006002395,0.9938757740406754,0.01
6381.152460984394,0.994897828878879,0.01
6383.553421368548,0.9882810494158388,0.01
6385.954381752701,0.9801772266576612,0.01
6388.355342136854,1.0105856493458902,0.01
6390.756302521008,0.9983356123157475,0.01
6393.1572629051625,0.9871417892234488,0.01
6395.558223289316,0.9934361949929221,0.01
6397.959183673469,0.9764033508054176,0.01
6400.360144057623,0.9950719598633113,0.01
6402.761104441776,0.9775122947068221,0.01
6405.16206482593,0.9799605913230156,0.01
6407.563025210084,0.9716346520732445,0.01
6409.963985594237,0.9753385537569175,0.01
6412.364945978391,0.9915715747839345,0.01
6414.765906362545,0.9791940820569887,0.01
6417.166866746698,0.9763636880769229,0.01
6419.567827130852,0.9788404891012303,0.01
6421.968787515006,0.9722379049024088,0.01
6424.36974789916,0.9867080549609143,0.01
6426.770708283313,0.9655526042817376,0.01
6429.171668667466,0.9945109770225885,0.01
6431.57262905162,0.9769269793616695,0.01
6433.973589435775,0.9646876343496801,0.01
6436.374549819928,0.986669522802857,0.01
6438.775510204081,0.9684484468379638,0.01
6441.176470588235,0.9881136809782906,0.01
6443.577430972389,0.9753690599100562,0.01
6445.9783913565425,0.9637582631022098,0.01
6448.379351740696,0.965867545571586,0.01
6450.78031212485,0.9650373470980438,0.01
6453.181272509004,0.9935480656588312,0.01
6455.582232893157,0.9738754303523275,0.01
6457.98319327731,0.9689686924701073,0.01
6460.384153661465,0.9784177918436091,0.01
6462.785114045619,0.979854068385463,0.01
6465.186074429772,0.9878128050728702,0.01
6467.587034813925,0.9975085537060417,0.01
6469.987995198079,0.9670859300105435,0.01
6472.3889555822325,0.9701025192992284,0.01
6474.789915966387,0.9717915390752286,0.01
6477.19087635054,0.9736383037282809,0.01
6479.591836734693,0.9562523039253377,0.01
6481.992797118847,0.9642323281900617,0.01
6484.393757503001,0.9784233477112715,0.01
6486.794717887155,0.9651612642547717,0.01
6489.195678271308,0.9747451013527387,0.01
6491.596638655462,0.9614682447045353,0.01
6493.997599039616,0.9516843014683319,0.01
6496.398559423769,0.9657007452643971,0.01
6498.7995198079225,0.9628932097218594,0.01
6501.200480192077,0.9727907841624638,0.01
6503.601440576231,0.9730793783911412,0.01
6506.002400960384,0.9730727056460141,0.01
6508.403361344537,0.9596379113104129,0.01
6510.804321728691,0.9524775293718849,0.01
6513.205282112845,0.9641778241021562,0.01
6515.606242496999,0.9576197265847338,0.01
6518.007202881152,0.9465488852523529,0.01
6520.408163265306,0.9830843495201069,0.01
6522.80912364946,0.9640856268737181,0.01
6525.210084033613,0.9782100101229333,0.01
6527.611044417767,0.9651416518855651,0.01
6530.012004801921,0.9755306249365526,0.01
6532.412965186075,0.9601768234496175,0.01
6534.813925570228,0.9658456583019996,0.01
6537.214885954381,0.9804812978754938,0.01
6539.6158463385345,0.9622596989858596,0.01
6542.016806722689,0.9620331041259768,0.01
6544.417767106843,0.9598483954530235,0.01
6546.818727490996,0.9717854863516596,0.01
6549.219687875149,0.9625651339894195,0.01
6551.620648259303,0.9676651827943369,0.01
6554.0216086434575,0.9521675144702553,0.01
6556.422569027611,0.9620939536040132,0.01
6558.823529411764,0.9552495314962131,0.01
6561.224489795918,0.9573551145869565,0.01
6563.625450180072,0.9540084099912068,0.01
6566.026410564225,0.9404869936240853,0.01
6568.427370948379,0.9585249850598961,0.01
6570.828331332533,0.9486231713791735,0.01
6573.229291716687,0.9541717854912448,0.01
6575.63025210084,0.939555625822509,0.01
6578.031212484993,0.9460846186495286,0.01
6580.4321728691475,0.9388660514879369,0.01
6582.833133253302,0.936135351893384,0.01
6585.234093637455,0.9647811143715999,0.01
6587.635054021608,0.9530760587083446,0.01
6590.036014405762,0.9473155126002225,0.01
6592.436974789916,0.9532512226373674,0.01
6594.83793517407,0.9405951083405258,0.01
6597.238895558223,0.9357437723280642,0.01
6599.639855942377,0.9453634235386955,0.01
6602.040816326531,0.9522772905504646,0.01
6604.441776710684,0.9576175242240205,0.01
6606.8427370948375,0.9437654602317452,0.01
6609.243697478991,0.9392830917819089,0.01
6611.644657863145,0.951145223672352,0.01
6614.045618247299,0.9513302437519006,0.01
6616.446578631452,0.9359161830361464,0.01
6618.847539015605,0.9373956964314637,0.01
6621.24849939976,0.9362269085579186,0.01
6623.649459783914,0.9306037669991712,0.01
6626.050420168067,0.9353878338408258,0.01
6628.45138055222,0.9350298321840143,0.01
6630.852340936374,0.9519257156127967,0.01
6633.253301320528,0.9351475172168179,0.01
6635.654261704682,0.9426419351786808,0.01
6638.055222088835,0.9106197497131657,0.01
6640.456182472989,0.9403932543435571,0.01
6642.857142857143,0.935829286153038,0.01
6645.258103241296,0.9223226848858483,0.01
6647.65906362545,0.939367815516537,0.01
6650.060024009604,0.9030239571674418,0.01
6652.460984393758,0.9304114912105518,0.01
6654.861944777911,0.9323968883922017,0.01
6657.262905162064,0.936852726675747,0.01
6659.663865546218,0.9338915945610767,0.01
6662.0648259303725,0.925706567460411,0.01
6664.465786314526,0.9277637187973273,0.01
6666.866746698679,0.9319815688821594,0.01
6669.267707082833,0.9192473567272172,0.01
6671.668667466987,0.9353722397746291,0.01
6674.0696278511405,0.9322819344350971,0.01
6676.470588235294,0.9143031447219669,0.01
6678.871548619447,0.9126197978484086,0.01
6681.272509003601,0.9145911440692551,0.01
6683.673469387755,0.9190489332409246,0.01
6686.074429771908,0.9182266086707065,0.01
6688.475390156062,0.9211151574704047,0.01
6690.876350540216,0.9007905180057971,0.01
6693.27731092437,0.9319140244184283,0.01
6695.678271308523,0.9135929317505157,0.01
6698.079231692676,0.9186781790519536,0.01
6700.4801920768305,0.9253273726214404,0.01
6702.881152460985,0.9174971300488627,0.01
6705.282112845138,0.9069079212191866,0.01
6707.683073229291,0.9104919745969944,0.01
6710.084033613445,0.918569871736774,0.01
6712.484993997599,0.9181735343217823,0.01
6714.8859543817525,0.9325967978282741,0.01
6717.286914765906,0.8970711645598989,0.01
6719.68787515006,0.9036320168210289,0.01
6722.088835534214,0.9139216097460103,0.01
6724.489795918367,0.9242999586092927,0.01
6726.8907563025205,0.9141612536593117,0.01
6729.291716686675,0.9231249487197126,0.01
6731.692677070829,0.9009776260736905,0.01
6734.093637454982,0.9025525130664888,0.01
6736.494597839135,0.8920408857915968,0.01
6738.895558223289,0.9129410077874626,0.01
6741.296518607443,0.8994923488273494,0.01
6743.697478991597,0.9012181881254969,0.01
6746.09843937575,0.9045480772280888,0.01
6748.499399759903,0.9078280885236713,0.01
6750.900360144057,0.9036036720347893,0.01
6753.301320528211,0.8971467942472104,0.01
6755.702280912365,0.9109388387537501,0.01
6758.103241296518,0.9058542903024868,0.01
6760.504201680672,0.9078016001884153,0.01
6762.905162064826,0.9110184127395792,0.01
6765.306122448979,0.8984655279315998,0.01
6767.7070828331325,0.8769985436099722,0.01
6770.108043217287,0.8940485894793981,0.01
6772.509003601441,0.8937948342605692,0.01
6774.909963985594,0.905412795804948,0.01
6777.310924369747,0.8832487365982336,0.01
6779.711884753901,0.890496307268889,0.01
6782.1128451380555,0.8918221255950748,0.01
6784.513805522209,0.8823123479026802,0.01
6786.914765906362,0.8933459409444082,0.01
6789.315726290516,0.8931856679805432,0.01
6791.71668667467,0.8993623855847125,0.01
6794.117647058823,0.8772580494896324,0.01
6796.518607442977,0.8930896195283865,0.01
6798.919567827131,0.8846119696248336,0.01
6801.320528211285,0.8799443600143251,0.01
6803.721488595438,0.8870053680955464,0.01
6806.122448979591,0.8740771228847795,0.01
6808.5234093637455,0.8769730420711146,0.01
6810.9243697479,0.8666036467106504,0.01
6813.325330132053,0.8836662199762286,0.01
6815.726290516206,0.8777292449202005,0.01
6818.127250900359,0.8710891982135235,0.01
6820.528211284513,0.8784373521570754,0.01
6822.929171668668,0.8780210868311941,0.01
6825.330132052821,0.8618714641863922,0.01
6827.731092436974,0.870443571860169,0.01
6830.132052821128,0.8496145489908815,0.01
6832.533013205282,0.8698623424978376,0.01
6834.9339735894355,0.8794687770827437,0.01
6837.334933973589,0.859997893970728,0.01
6839.735894357743,0.8595273346599654,0.01
6842.136854741897,0.8647747032725118,0.01
6844.53781512605,0.8630436202023859,0.01
6846.938775510203,0.8753346653434813,0.01
6849.339735894358,0.8735592081564025,0.01
6851.740696278512,0.8588438828596693,0.01
6854.141656662665,0.8572705505707257,0.01
6856.542617046818,0.8660744181071296,0.01
6858.943577430972,0.8577686693615443,0.01
6861.344537815126,0.8456012880559932,0.01
6863.74549819928,0.8520155812004814,0.01
6866.146458583433,0.865465576938114,0.01
6868.547418967587,0.8573816179804215,0.01
6870.948379351741,0.8454608259526498,0.01
6873.349339735894,0.8568462133348369,0.01
6875.7503001200475,0.8569071965008584,0.01
6878.151260504202,0.8439501441860419,0.01
6880.552220888355,0.853095229600647,0.01
6882.953181272509,0.8476556037551938,0.01
6885.354141656662,0.8457833228363713,0.01
6887.7551020408155,0.8467092342517653,0.01
6890.15606242497,0.8443791778126665,0.01
6892.557022809124,0.8410349649141606,0.01
6894.957983193277,0.851033287400176,0.01
6897.35894357743,0.8510351722146808,0.01
6899.759903961584,0.8316760700503412,0.01
6902.160864345738,0.84192593251208,0.01
6904.561824729892,0.8489558502461768,0.01
6906.962785114045,0.8446537453206155,0.01
6909.363745498199,0.837890925085795,0.01
6911.764705882353,0.8351737302531161,0.01
6914.165666266506,0.8256916481761696,0.01
6916.56662665066,0.8467437653027751,0.01
6918.967587034814,0.8556591259976938,0.01
6921.368547418968,0.8311797951931165,0.01
6923.769507803121,0.8159252696718583,0.01
6926.170468187274,0.8302396454191903,0.01
6928.571428571428,0.8328819923036874,0.01
6930.972388955583,0.8260882335732799,0.01
6933.373349339736,0.843733932429502,0.01
6935.774309723889,0.833470909371725,0.01
6938.175270108043,0.8229146532089349,0.01
6940.576230492197,0.8067581817168132,0.01
6942.9771908763505,0.831345876773157,0.01
6945.378151260504,0.8281588231624257,0.01
6947.779111644658,0.830946827278456,0.01
6950.180072028811,0.8102975375188562,0.01
6952.581032412965,0.8233191691720931,0.01
6954.981992797118,0.8242333271756428,0.01
6957.382953181272,0.8231928837062439,0.01
6959.783913565426,0.8166998945670271,0.01
6962.18487394958,0.8148076733187658,0.01
6964.585834333733,0.8200088245720303,0.01
6966.986794717886,0.8018780968772733,0.01
6969.3877551020405,0.8250816199951151,0.01
6971.788715486195,0.8108642295619253,0.01
6974.189675870348,0.8245496806128261,0.01
6976.590636254501,0.8277743165297458,0.01
6978.991596638655,0.8094236237105741,0.01
6981.392557022809,0.8093169482144174,0.01
6983.793517406963,0.8007617817359507,0.01
6986.194477791116,0.8006941133331762,0.01
6988.59543817527,0.8058878380435208,0.01
6990.996398559424,0.8038774200675559,0.01
6993.397358943577,0.8187171635469495,0.01
6995.7983193277305,0.802296847645605,0.01
6998.199279711885,0.8243182202836188,0.01
7000.600240096039,0.7981814795577976,0.01
7003.001200480192,0.8043903671440121,0.01
7005.402160864345,0.796865584646064,0.01
7007.803121248499,0.7976809944813378,0.01
7010.2040816326535,0.797715015061121,0.01
7012.605042016807,0.7878848307098788,0.01
7015.00600240096,0.7823638867318828,0.01
7017.406962785113,0.7823675429530298,0.01
7019.807923169267,0.8002377508199789,0.01
7022.208883553421,0.7951164089990368,0.01
7024.609843937575,0.7858367300606505,0.01
7027.010804321728,0.7884182096031128,0.01
7029.411764705882,0.8030592258971863,0.01
7031.812725090036,0.7787875678974544,0.01
7034.213685474189,0.7767321355853943,0.01
7036.614645858343,0.7871495871715455,0.01
7039.015606242497,0.7982433198999049,0.01
7041.416566626651,0.7808495129213101,0.01
7043.817527010804,0.7805128693865154,0.01
7046.218487394957,0.7860597466322147,0.01
7048.619447779111,0.7799629315789794,0.01
7051.0204081632655,0.7586307170450647,0.01
7053.421368547419,0.7792617397106749,0.01
7055.822328931572,0.7797566799615151,0.01
7058.223289315726,0.7797211801833028,0.01
7060.62424969988,0.7728006928386262,0.01
7063.0252100840335,0.766251612292173,0.01
7065.426170468187,0.7671706968487085,0.01
7067.827130852341,0.7770622845893712,0.01
7070.228091236495,0.7756559682710547,0.01
7072.629051620648,0.7745012428396835,0.01
7075.030012004801,0.7549965277660255,0.01
7077.4309723889555,0.7683535530442145,0.01
7079.83193277311,0.7528878469222489,0.01
7082.232893157263,0.7530042517094996,0.01
7084.633853541416,0.7597514544624782,0.01
7087.034813925569,0.7730228900665911,0.01
7089.4357743097235,0.7639775105716958,0.01
7091.836734693878,0.757333951993337,0.01
7094.237695078031,0.7613359743895182,0.01
7096.638655462184,0.7498899984268284,0.01
7099.039615846338,0.7444374900620369,0.01
7101.440576230492,0.7597054859491753,0.01
7103.8415366146455,0.7494011644881846,0.01
7106.242496998799,0.7535811461449605,0.01
7108.643457382953,0.7569405612543589,0.01
7111.044417767107,0.7571109078202825,0.01
7113.44537815126,0.7420701321423288,0.01
7115.846338535413,0.7545071403861054,0.01
7118.247298919568,0.7501101970021278,0.01
7120.648259303722,0.7427094684036419,0.01
7123.049219687875,0.7345688874868149,0.01
7125.450180072028,0.7468000804456593,0.01
7127.851140456182,0.7144498112759529,0.01
7130.252100840336,0.7350388298052518,0.01
7132.65306122449,0.7307634388586131,0.01
7135.054021608643,0.7293924500779694,0.01
7137.454981992797,0.7413957766918234,0.01
7139.855942376951,0.7346015025560046,0.01
7142.256902761104,0.7445538780077658,0.01
7144.657863145258,0.7243279183798199,0.01
7147.058823529412,0.7455132272404588,0.01
7149.459783913566,0.7219506950109317,0.01
7151.860744297719,0.7476292339777666,0.01
7154.261704681872,0.7221275114046047,0.01
7156.6626650660255,0.7202892008719025,0.01
7159.06362545018,0.7138148157818652,0.01
7161.464585834334,0.7156512349750402,0.01
7163.865546218487,0.7209783739408396,0.01
7166.26650660264,0.7222967334819599,0.01
7168.667466986794,0.7059991952502572,0.01
7171.0684273709485,0.7162612431284479,0.01
7173.469387755102,0.7311470002648601,0.01
7175.870348139255,0.7201406426493562,0.01
7178.271308523409,0.7298033123460658,0.01
7180.672268907563,0.7119878790339682,0.01
7183.073229291716,0.7188633185309922,0.01
7185.47418967587,0.7091190844787766,0.01
7187.875150060024,0.7104269422570718,0.01
7190.276110444178,0.7123642930166192,0.01
7192.677070828331,0.7110634282930145,0.01
7195.078031212484,0.6963662244219281,0.01
7197.4789915966385,0.72230533300971,0.01
7199.879951980793,0.6981407125599968,0.01
7202.280912364946,0.7042335665553481,0.01
7204.681872749099,0.7108957063240042,0.01
7207.082833133253,0.7053460388153568,0.01
7209.483793517407,0.6994968670328894,0.01
7211.8847539015605,0.7103904519631355,0.01
7214.285714285714,0.7033764541047323,0.01
7216.686674669868,0.7065195216524661,0.01
7219.087635054022,0.6877675954820519,0.01
7221.488595438175,0.7190053410405685,0.01
7223.8895558223285,0.7038670445396972,0.01
7226.290516206482,0.6843819055917542,0.01
7228.691476590636,0.6864981114717564,0.01
7231.09243697479,0.6806201525732901,0.01
7233.493397358943,0.6900353064060334,0.01
7235.894357743096,0.6830269950283799,0.01
7238.2953181272505,0.6902392580949178,0.01
7240.696278511405,0.6862600855734404,0.01
7243.097238895558,0.6943535807940574,0.01
7245.498199279711,0.6754675460362602,0.01
7247.899159663865,0.7000505205395212,0.01
7250.300120048019,0.6633903815828393,0.01
7252.701080432173,0.6890773651319007,0.01
7255.102040816326,0.6773384620461401,0.01
7257.50300120048,0.6840841128473731,0.01
7259.903961584634,0.6738666553326152,0.01
7262.304921968787,0.6902870744407928,0.01
7264.7058823529405,0.6718760911310847,0.01
7267.106842737095,0.6631747142424766,0.01
7269.507803121249,0.6778607621422993,0.01
7271.908763505402,0.6752778093383084,0.01
7274.309723889555,0.6750237755023607,0.01
7276.710684273709,0.6616496247634266,0.01
7279.1116446578635,0.6691506120781806,0.01
7281.512605042017,0.6450892126379354,0.01
7283.91356542617,0.6673677392565408,0.01
7286.314525810324,0.6539842074349939,0.01
7288.715486194478,0.6671976637399423,0.01
7291.116446578631,0.6535659746322852,0.01
7293.517406962785,0.6532310007210239,0.01
7295.918367346938,0.6524299190427334,0.01
7298.319327731092,0.6652009288542781,0.01
7300.720288115246,0.656159928222332,0.01
7303.121248499399,0.652452514828083,0.01
7305.522208883553,0.6421263301426566,0.01
7307.923169267707,0.6487075752835814,0.01
7310.324129651861,0.6451984664578551,0.01
7312.725090036014,0.6641265104012507,0.01
7315.126050420167,0.6455041396732928,0.01
7317.527010804321,0.6483445433391402,0.01
7319.927971188476,0.6621118141781969,0.01
7322.328931572629,0.6430050300510274,0.01
7324.729891956782,0.6426416074369553,0.01
7327.130852340936,0.6362199834093845,0.01
7329.53181272509,0.6446341761209541,0.01
7331.9327731092435,0.6312308776596315,0.01
7334.333733493397,0.6533550879565387,0.01
7336.734693877551,0.628682082350779,0.01
7339.135654261705,0.6583901050451133,0.01
7341.536614645858,0.6504400427704847,0.01
7343.937575030011,0.6403484005074119,0.01
7346.338535414166,0.6430368665479147,0.01
7348.73949579832,0.6141474464757808,0.01
7351.140456182473,0.6282540869428387,0.01
7353.541416566626,0.610002172452334,0.01
7355.94237695078,0.616222897804879,0.01
7358.343337334934,0.6383882749695166,0.01
7360.744297719088,0.6229320535594544,0.01
7363.145258103241,0.6311820734291923,0.01
7365.546218487394,0.6175246927413133,0.01
7367.947178871548,0.6179667108008903,0.01
7370.348139255702,0.6096920947771474,0.01
7372.749099639856,0.6169706080054549,0.01
7375.150060024009,0.624825609079137,0.01
7377.551020408163,0.6240242588217229,0.01
7379.951980792317,0.6046217230248718,0.01
7382.35294117647,0.6182275772700623,0.01
7384.7539015606235,0.6334122077900954,0.01
7387.154861944778,0.599348360316486,0.01
7389.555822328932,0.5916985443468971,0.01
7391.956782713085,0.612891479243965,0.01
7394.357743097238,0.617198386207421,0.01
7396.758703481392,0.6059154009030785,0.01
7399.1596638655465,0.5961147532526393,0.01
7401.5606242497,0.6164953557869699,0.01
7403.961584633853,0.6096986526591437,0.01
7406.362545018007,0.5982633130208361,0.01
7408.763505402161,0.6008275046312983,0.01
7411.164465786314,0.6055934505679307,0.01
7413.565426170468,0.6091995036208708,0.01
7415.966386554622,0.5845483639482182,0.01
7418.367346938776,0.6056966208387301,0.01
7420.768307322929,0.6087956548941622,0.01
7423.169267707082,0.5966064849065466,0.01
7425.5702280912365,0.5780649995384193,0.01
7427.97118847539,0.6006195650415738,0.01
7430.372148859544,0.5701259108494829,0.01
7432.773109243697,0.6030704965050223,0.01
7435.17406962785,0.5869501524210514,0.01
7437.575030012004,0.5874163615670203,0.01
7439.9759903961585,0.582857286568844,0.01
7442.376950780312,0.5790230923691453,0.01
7444.777911164465,0.601471444493298,0.01
7447.178871548619,0.589945709717506,0.01
7449.579831932773,0.5563980948242949,0.01
7451.980792316926,0.5681723980193718,0.01
7454.38175270108,0.5770606375936596,0.01
7456.782713085234,0.5796608398071218,0.01
7459.183673469388,0.5936770447739194,0.01
7461.584633853541,0.573799565246285,0.01
7463.985594237694,0.5627517520374778,0.01
7466.3865546218485,0.5808879991733072,0.01
7468.787515006003,0.5770660531869455,0.01
7471.188475390156,0.5632591604819617,0.01
7473.589435774309,0.5573840762689851,0.01
7475.990396158463,0.5685647611739212,0.01
7478.391356542617,0.5669376876420053,0.01
7480.792316926771,0.5733039454199842,0.01
7483.193277310924,0.5693982524453274,0.01
7485.594237695078,0.5590805294523108,0.01
7487.995198079232,0.5568965150243415,0.01
7490.396158463385,0.5598275402131507,0.01
7492.7971188475385,0.5618328027973485,0.01
7495.198079231693,0.5620564234901091,0.01
7497.599039615846,0.565377006787958,0.01
7500.0,0.559049615594714,0.01
7502.400960384153,0.5487365628506085,0.01
7504.801920768306,0.5427068042222807,0.01
7507.202881152461,0.5515124983667784,0.01
7509.603841536615,0.5555010215687542,0.01
7512.004801920768,0.5512162500800026,0.01
7514.405762304921,0.5692527607701711,0.01
7516.806722689075,0.5645761006537738,0.01
7519.207683073229,0.5486931925752915,0.01
7521.608643457383,0.5447475764902061,0.01
7524.009603841536,0.5412171547583797,0.01
7526.41056422569,0.5303542987994795,0.01
7528.811524609844,0.5310555818628142,0.01
7531.212484993997,0.5336657187539916,0.01
7533.613445378151,0.5116528321816027,0.01
7536.014405762305,0.5228312677179339,0.01
7538.415366146459,0.536360559694335,0.01
7540.816326530612,0.5329976994710157,0.01
7543.217286914765,0.5228976736506209,0.01
7545.618247298919,0.5376312409496269,0.01
7548.019207683074,0.5342971723755975,0.01
7550.420168067227,0.5275082140071498,0.01
7552.82112845138,0.5077510992327126,0.01
7555.222088835534,0.524109168737125,0.01
7557.623049219688,0.5136366293838927,0.01
7560.0240096038415,0.529765136720064,0.01
7562.424969987995,0.5228621380963239,0.01
7564.825930372148,0.5269965944774101,0.01
7567.226890756302,0.5208940751961606,0.01
7569.627851140456,0.5043344643982879,0.01
7572.028811524609,0.49659045889971004,0.01
7574.429771908763,0.48169687968918173,0.01
7576.830732292917,0.502385045063583,0.01
7579.231692677071,0.500998230078079,0.01
7581.632653061224,0.48201126729410815,0.01
7584.033613445377,0.4751879965403006,0.01
7586.4345738295315,0.4697589107186581,0.01
7588.835534213686,0.4683956130307458,0.01
7591.236494597839,0.4763264660603302,0.01
7593.637454981992,0.4586540672938176,0.01
7596.038415366146,0.4629654736385256,0.01
7598.439375750299,0.46185997239107734,0.01
7600.8403361344535,0.44308999705979496,0.01
7603.241296518607,0.47356784828864673,0.01
7605.642256902761,0.4759926173829753,0.01
7608.043217286914,0.4787955635438852,0.01
7610.444177671068,0.47523142022873693,0.01
7612.8451380552215,0.45676537665065176,0.01
7615.246098439376,0.48477867392849355,0.01
7617.647058823529,0.4764568545888287,0.01
7620.048019207683,0.4780068369047597,0.01
7622.448979591836,0.49255470862973105,0.01
7624.84993997599,0.48536515122698987,0.01
7627.2509003601435,0.46293820612805897,0.01
7629.651860744298,0.48488408039235487,0.01
7632.052821128451,0.4665634484179383,0.01
7634.453781512605,0.505233831270929,0.01
7636.854741896758,0.47513737143651996,0.01
7639.255702280912,0.4786624363742405,0.01
7641.656662665066,0.4866927025522839,0.01
7644.05762304922,0.4899658528876972,0.01
7646.458583433373,0.47430359279490086,0.01
7648.859543817527,0.48678558301156,0.01
7651.26050420168,0.4806839491447137,0.01
7653.661464585834,0.47687680565333634,0.01
7656.062424969988,0.48091225271255095,0.01
7658.463385354142,0.48107826213254684,0.01
7660.864345738295,0.46191926689352575,0.01
7663.265306122449,0.46147740295551015,0.01
7665.666266506602,0.4581378190503643,0.01
7668.067226890756,0.4869867655103483,0.01
7670.46818727491,0.4546994383848754,0.01
7672.869147659063,0.4837762253657609,0.01
7675.270108043217,0.47275402297433816,0.01
7677.67106842737,0.4678860727454143,0.01
7680.072028811524,0.48437433674362085,0.01
7682.472989195678,0.4430619920865023,0.01
7684.873949579832,0.48421465047778345,0.01
7687.274909963985,0.47748958011800463,0.01
7689.675870348139,0.4524222032445226,0.01
7692.076830732292,0.46786488016533423,0.01
7694.4777911164465,0.4421671300317873,0.01
7696.8787515006,0.46270456305572694,0.01
7699.279711884754,0.463469240623461,0.01
7701.680672268907,0.4472832483702795,0.01
7704.081632653061,0.4487994512784581,0.01
7706.482593037214,0.4545131026299417,0.01
7708.883553421369,0.45242234498708506,0.01
7711.284513805522,0.4625976764840256,0.01
7713.685474189676,0.4477357255430185,0.01
7716.086434573829,0.4654397188641952,0.01
7718.487394957983,0.44178196876198417,0.01
7720.8883553421365,0.44993333820671616,0.01
7723.289315726291,0.44638317950207745,0.01
7725.690276110444,0.433228150357815,0.01
7728.091236494598,0.45231258960780407,0.01
7730.492196878751,0.44110507308157665,0.01
7732.893157262905,0.4268267074781774,0.01
7735.294117647059,0.4406382010148032,0.01
7737.695078031212,0.43595492370648425,0.01
7740.096038415366,0.4539614723885019,0.01
7742.496998799519,0.4235237240087728,0.01
7744.897959183673,0.43682667609890985,0.01
7747.2989195678265,0.42159117477019853,0.01
7749.699879951981,0.4460401875927484,0.01
7752.100840336134,0.43199524643462683,0.01
7754.501800720288,0.41526495268299274,0.01
7756.902761104441,0.45058494795323384,0.01
7759.303721488595,0.43639395000645287,0.01
7761.704681872749,0.4368127622484947,0.01
7764.105642256903,0.4404702699852176,0.01
7766.506602641056,0.4257973828315882,0.01
7768.90756302521,0.42515848003459417,0.01
7771.308523409363,0.42639105423707463,0.01
7773.709483793517,0.42091667811673483,0.01
7776.110444177671,0.41515578581457185,0.01
7778.511404561825,0.41322291280835705,0.01
7780.912364945978,0.4231975181938426,0.01
7783.313325330132,0.44319476467147045,0.01
7785.714285714285,0.4174764423866029,0.01
7788.1152460984395,0.40710073704585925,0.01
7790.516206482593,0.4008028804063565,0.01
7792.917166866747,0.4136680439114032,0.01
7795.3181272509,0.42951204984350505,0.01
7797.719087635054,0.4020499367928941,0.01
7800.120048019207,0.4243414424841793,0.01
7802.521008403361,0.4039951895316479,0.01
7804.921968787515,0.41349438872863786,0.01
7807.322929171668,0.4165740059409452,0.01
7809.723889555822,0.39652263348699746,0.01
7812.124849939975,0.41109716551213304,0.01
7814.525810324129,0.40428706111455615,0.01
7816.926770708283,0.3929451762629521,0.01
7819.327731092437,0.40501003848331985,0.01
7821.72869147659,0.3898262214594078,0.01
7824.129651860744,0.40609961765120123,0.01
7826.530612244897,0.3961930069496949,0.01
7828.9315726290515,0.4188683344598416,0.01
7831.332533013205,0.3862351027023443,0.01
7833.733493397359,0.3801313097219734,0.01
7836.134453781512,0.39205531395238735,0.01
7838.535414165666,0.40002160295271166,0.01
7840.936374549819,0.39809214860541153,0.01
7843.337334933974,0.39863847604707325,0.01
7845.738295318127,0.40813357452031207,0.01
7848.139255702281,0.42653010390208096,0.01
7850.540216086434,0.3854604740475391,0.01
7852.941176470588,0.3851410066352084,0.01
7855.3421368547415,0.39611304799346647,0.01
7857.743097238896,0.38854493384778743,0.01
7860.144057623049,0.39226262646771515,0.01
7862.545018007203,0.3935134060197036,0.01
7864.945978391356,0.4050409091283458,0.01
7867.34693877551,0.3699628864779278,0.01
7869.747899159664,0.3998499275131955,0.01
7872.148859543817,0.3907687108742701,0.01
7874.549819927971,0.37730540854235073,0.01
7876.950780312124,0.37234446702324686,0.01
7879.351740696278,0.36569723239965035,0.01
7881.7527010804315,0.38391452469479814,0.01
7884.153661464586,0.3711101279840063,0.01
7886.554621848739,0.3824885210178076,0.01
7888.955582232893,0.3801343977525308,0.01
7891.356542617046,0.37270081269557437,0.01
7893.7575030012,0.38166077885291183,0.01
7896.158463385354,0.36509410774867707,0.01
7898.559423769508,0.3535291066414572,0.01
7900.960384153661,0.37850672858208084,0.01
7903.361344537815,0.36715675263145114,0.01
7905.762304921968,0.36897799750228205,0.01
7908.163265306122,0.3561068423651065,0.01
7910.564225690276,0.37254140276513004,0.01
7912.96518607443,0.3676253092174777,0.01
7915.366146458583,0.35651445049146935,0.01
7917.767106842737,0.3578804469145413,0.01
7920.16806722689,0.3655760178108073,0.01
7922.5690276110445,0.3474014728982701,0.01
7924.969987995198,0.36755902357220605,0.01
7927.370948379352,0.3506471147013001,0.01
7929.771908763505,0.3593821322809818,0.01
7932.172869147659,0.3642268032637211,0.01
7934.573829531812,0.35272455819281184,0.01
7936.9747899159665,0.33186389517729126,0.01
7939.37575030012,0.3504861125586527,0.01
7941.776710684273,0.3516108144943667,0.01
7944.177671068427,0.3507226620818772,0.01
7946.57863145258,0.344785412995004,0.01
7948.9795918367345,0.33926505254334255,0.01
7951.380552220888,0.34377511299403224,0.01
7953.781512605042,0.34445337608906174,0.01
7956.182472989195,0.33150639192455605,0.01
7958.583433373349,0.3459513287048531,0.01
7960.984393757502,0.3400402315491583,0.01
7963.3853541416565,0.3511285102991261,0.01
7965.78631452581,0.3335105812555342,0.01
7968.187274909964,0.359028909810251,0.01
7970.588235294117,0.3336174815184331,0.01
7972.989195678271,0.3281174642903338,0.01
7975.3901560624245,0.33958523584920247,0.01
7977.791116446579,0.33086775616786523,0.01
7980.192076830732,0.34696309932917996,0.01
7982.593037214886,0.3382915881495889,0.01
7984.993997599039,0.3209175614636599,0.01
7987.394957983193,0.33147374300347804,0.01
7989.7959183673465,0.33455069301429796,0.01
7992.196878751501,0.3358629570290091,0.01
7994.597839135654,0.3151494470218573,0.01
7996.998799519808,0.32419676148658483,0.01
7999.399759903961,0.3105664534072663,0.01
8001.800720288115,0.3222144719293945,0.01
8004.201680672269,0.32160915312619365,0.01
8006.602641056423,0.33096278220330494,0.01
8009.003601440576,0.3340272794937165,0.01
8011.404561824729,0.308552620792555,0.01
8013.805522208883,0.30012457796902886,0.01
8016.2064825930365,0.32258740738614317,0.01
8018.607442977191,0.30871341678784103,0.01
8021.008403361344,0.32187114417233725,0.01
8023.409363745498,0.2983656916331635,0.01
8025.810324129651,0.3156837554303084,0.01
8028.211284513805,0.31784864602138624,0.01
8030.612244897959,0.31576328179723867,0.01
8033.013205282113,0.316120775518884,0.01
8035.414165666266,0.3153762021871144,0.01
8037.81512605042,0.3003545649319455,0.01
8040.216086434573,0.29906121592470836,0.01
8042.617046818727,0.30384345993752276,0.01
8045.018007202881,0.3016130669991321,0.01
8047.418967587035,0.2957957378292768,0.01
8049.819927971188,0.31252270363454177,0.01
8052.220888355342,0.2855593966674919,0.01
8054.621848739495,0.3008858677667037,0.01
8057.0228091236495,0.29831826542902085,0.01
8059.423769507803,0.3055904010306744,0.01
8061.824729891957,0.28420360046317006,0.01
8064.22569027611,0.28856593423416355,0.01
8066.626650660264,0.2932567625488089,0.01
8069.027611044417,0.28411048605133254,0.01
8071.428571428572,0.305164225583764,0.01
8073.829531812725,0.2901455068856858,0.01
8076.230492196878,0.2947452107275949,0.01
8078.631452581032,0.27280114846385567,0.01
8081.032412965185,0.2932868187312225,0.01
8083.4333733493395,0.29285402719537873,0.01
8085.834333733493,0.30393593631140575,0.01
8088.235294117647,0.2973925776292025,0.01
8090.6362545018,0.31399318453052977,0.01
8093.037214885954,0.28459885234240095,0.01
8095.438175270107,0.28738572946502594,0.01
8097.839135654262,0.29938400619905253,0.01
8100.240096038415,0.2988867600338245,0.01
8102.641056422569,0.2836123519946976,0.01
8105.042016806722,0.28854982080698394,0.01
8107.442977190876,0.2681394802527574,0.01
8109.8439375750295,0.2878688231563876,0.01
8112.244897959184,0.274308765984187,0.01
8114.645858343337,0.2836352657326683,0.01
8117.046818727491,0.26929081579849035,0.01
8119.447779111644,0.26393047095766514,0.01
8121.848739495798,0.2824893116745946,0.01
8124.249699879952,0.2620203311139085,0.01
8126.650660264106,0.2627184422410545,0.01
8129.051620648259,0.2840660011096865,0.01
8131.452581032413,0.26272419251870516,0.01
8133.853541416566,0.28107726640775177,0.01
8136.25450180072,0.2883150570522403,0.01
8138.655462184874,0.27952227700969984,0.01
8141.056422569028,0.27788161552689067,0.01
8143.457382953181,0.2756859725259487,0.01
8145.858343337334,0.2850907674942321,0.01
8148.259303721488,0.25242456391951795,0.01
8150.6602641056415,0.2756347366517664,0.01
8153.061224489796,0.25976450188628347,0.01
8155.462184873949,0.26252063187262503,0.01
8157.863145258103,0.2639862592595272,0.01
8160.264105642256,0.252622189004294,0.01
8162.66506602641,0.270214576456072,0.01
8165.066026410564,0.254030837847231,0.01
8167.466986794718,0.2700698492621338,0.01
8169.867947178871,0.2526596280794008,0.01
8172.268907563025,0.24992250478410463,0.01
8174.669867947178,0.25329562695619773,0.01
8177.070828331332,0.2580422951926691,0.01
8179.471788715486,0.25555414835541096,0.01
8181.87274909964,0.2651591115114655,0.01
8184.273709483793,0.2557145503784108,0.01
8186.674669867947,0.2580695009416186,0.01
8189.0756302521,0.25284282836800115,0.01
8191.4765906362545,0.2622906013896836,0.01
8193.877551020407,0.24688525630092473,0.01
8196.278511404562,0.2561179742976594,0.01
8198.679471788715,0.25849479455533636,0.01
8201.080432172868,0.2436633006491012,0.01
8203.481392557023,0.25321066526235303,0.01
8205.882352941177,0.2406517138616896,0.01
8208.28331332533,0.24111361901722583,0.01
8210.684273709485,0.24448676004856135,0.01
8213.085234093636,0.24137480582731363,0.01
8215.486194477791,0.24136459605406574,0.01
8217.887154861945,0.23130253038990095,0.01
8220.288115246098,0.24134109524710465,0.01
8222.689075630253,0.2449180481840342,0.01
8225.090036014404,0.2419259075220778,0.01
8227.49099639856,0.24818812368580434,0.01
8229.891956782712,0.22129669135481997,0.01
8232.292917166866,0.2399608107064141,0.01
8234.69387755102,0.2434124441940652,0.01
8237.094837935174,0.24382582329917327,0.01
8239.495798319327,0.2405347866696826,0.01
8241.896758703482,0.24104039698851837,0.01
8244.297719087634,0.2563440209641573,0.01
8246.698679471789,0.22884819548193028,0.01
8249.099639855942,0.23740963405954157,0.01
8251.500600240095,0.24148797413604428,0.01
8253.90156062425,0.23351739590860057,0.01
8256.302521008403,0.23437638925405077,0.01
8258.703481392557,0.24413456649239437,0.01
8261.104441776712,0.20881344286959866,0.01
8263.505402160863,0.24428818186398743,0.01
8265.906362545018,0.22987949095479832,0.01
8268.307322929171,0.2219968849067129,0.01
8270.708283313325,0.23115324794321127,0.01
8273.10924369748,0.2269254400294802,0.01
8275.510204081633,0.24262652600477497,0.01
8277.911164465786,0.2344990715636886,0.01
8280.312124849941,0.22080659964741609,0.01
8282.713085234092,0.23703632184774698,0.01
8285.114045618247,0.22256776715173493,0.01
8287.5150060024,0.2309722474378858,0.01
8289.915966386554,0.21562149072261358,0.01
8292.316926770709,0.2322830137113198,0.01
8294.71788715486,0.20843649140844922,0.01
8297.118847539015,0.1992898425208219,0.01
8299.519807923169,0.2302785863191534,0.01
8301.920768307322,0.2028287659524703,0.01
8304.321728691477,0.21124994246534023,0.01
8306.72268907563,0.2143308763549685,0.01
8309.123649459783,0.2305489659777717,0.01
8311.524609843938,0.20900093453233115,0.01
8313.92557022809,0.2122998275741148,0.01
8316.326530612245,0.2058599391175384,0.01
8318.727490996398,0.20515740074496627,0.01
8321.128451380551,0.21044275693264367,0.01
8323.529411764706,0.2040924564345542,0.01
8325.93037214886,0.20086790703579857,0.01
8328.331332533013,0.22424114681277063,0.01
8330.732292917168,0.20905215238650005,0.01
8333.13325330132,0.20907498986088086,0.01
8335.534213685474,0.22220577168384154,0.01
8337.935174069627,0.20215920319098601,0.01
8340.33613445378,0.20888079838485368,0.01
8342.737094837936,0.2067534292705199,0.01
8345.138055222089,0.2004330283592606,0.01
8347.539015606242,0.20574540778747902,0.01
8349.939975990395,0.20785882249777723,0.01
8352.340936374549,0.18916125190581795,0.01
8354.741896758704,0.21177573987826512,0.01
8357.142857142857,0.19270552176409658,0.01
8359.54381752701,0.21016069413412397,0.01
8361.944777911165,0.19110263826013552,0.01
8364.345738295317,0.20727283714564462,0.01
8366.746698679472,0.19435164301288443,0.01
8369.147659063625,0.1892390170806938,0.01
8371.548619447778,0.18987593500213584,0.01
8373.949579831933,0.19502903321172776,0.01
8376.350540216086,0.19965712687261594,0.01
8378.75150060024,0.1736390575426039,0.01
8381.152460984395,0.1822782597339809,0.01
8383.553421368546,0.2070508775009373,0.01
8385.954381752701,0.17264716060458674,0.01
8388.355342136854,0.2083611649048595,0.01
8390.756302521007,0.19542653046484676,0.01
8393.157262905162,0.20235041214239513,0.01
8395.558223289316,0.1798383372004586,0.01
8397.959183673469,0.19463679068284134,0.01
8400.360144057624,0.1736484458900016,0.01
8402.761104441775,0.19752913387814927,0.01
8405.16206482593,0.19405076911540847,0.01
8407.563025210084,0.193741554321888,0.01
8409.963985594237,0.16896525863736916,0.01
8412.364945978392,0.18511235877756244,0.01
8414.765906362545,0.18544396067970634,0.01
8417.166866746698,0.16880080095465544,0.01
8419.567827130852,0.1736456702806291,0.01
8421.968787515005,0.17774134350713908,0.01
8424.36974789916,0.17311142926364306,0.01
8426.770708283313,0.18517053462655741,0.01
8429.171668667466,0.19132587663074657,0.01
8431.572629051621,0.1945646252775173,0.01
8433.973589435773,0.18316150925156183,0.01
8436.374549819928,0.1692967684122534,0.01
8438.775510204081,0.18171361184534715,0.01
8441.176470588234,0.18413138035132734,0.01
8443.57743097239,0.16446010639476125,0.01
8445.978391356542,0.18551618876752335,0.01
8448.379351740696,0.16580364869612788,0.01
8450.78031212485,0.17270733849833125,0.01
8453.181272509002,0.1621112853421393,0.01
8455.582232893157,0.177286698124659,0.01
8457.98319327731,0.16298423772121473,0.01
8460.384153661464,0.15006641839942836,0.01
8462.785114045619,0.1879608241982455,0.01
8465.186074429772,0.164888217292519,0.01
8467.587034813925,0.15814558449246682,0.01
8469.98799519808,0.159913783396179,0.01
8472.388955582232,0.17300988054252972,0.01
8474.789915966387,0.16874148303098002,0.01
8477.19087635054,0.16718947691744457,0.01
8479.591836734693,0.17649912882420604,0.01
8481.992797118848,0.15702992857699316,0.01
8484.393757503001,0.16598447396936697,0.01
8486.794717887155,0.17039201506806584,0.01
8489.195678271308,0.15387795582738797,0.01
8491.596638655461,0.1595288949224953,0.01
8493.997599039616,0.15257315521066522,0.01
8496.39855942377,0.15591981496946655,0.01
8498.799519807922,0.1675437410547948,0.01
8501.200480192078,0.1729512709095928,0.01
8503.601440576229,0.16153164389801672,0.01
8506.002400960384,0.14913078247642717,0.01
8508.403361344537,0.17146669269480855,0.01
8510.80432172869,0.15220950245814432,0.01
8513.205282112845,0.15780721290234465,0.01
8515.606242496999,0.14407807935238806,0.01
8518.007202881152,0.15415507072020446,0.01
8520.408163265307,0.15178782351960407,0.01
8522.809123649458,0.1439681360153114,0.01
8525.210084033613,0.15853679960208011,0.01
8527.611044417767,0.14944056126877803,0.01
8530.01200480192,0.14843130722873524,0.01
8532.412965186075,0.15745952250483772,0.01
8534.813925570228,0.1537957406340328,0.01
8537.214885954381,0.14683965430747345,0.01
8539.615846338536,0.13982994195086168,0.01
8542.016806722688,0.13346328224271786,0.01
8544.417767106843,0.1507084571621008,0.01
8546.818727490996,0.13746035876176738,0.01
8549.21968787515,0.14509806751674467,0.01
8551.620648259304,0.1327313150035196,0.01
8554.021608643456,0.15667022967565852,0.01
8556.42256902761,0.14280015239160226,0.01
8558.823529411764,0.13808948851574693,0.01
8561.224489795917,0.1423476191324439,0.01
8563.625450180072,0.15437933276146446,0.01
8566.026410564225,0.13200933440388032,0.01
8568.427370948379,0.15267163091634267,0.01
8570.828331332534,0.15509463834172318,0.01
8573.229291716685,0.15303329905647853,0.01
8575.63025210084,0.13604877325423856,0.01
8578.031212484993,0.14330759858149622,0.01
8580.432172869147,0.14416664265028084,0.01
8582.833133253302,0.13658705592892775,0.01
8585.234093637455,0.14544410836324542,0.01
8587.635054021608,0.11285659684585668,0.01
8590.036014405763,0.1270418701951185,0.01
8592.436974789915,0.13636776727045657,0.01
8594.83793517407,0.15227833342852454,0.01
8597.238895558223,0.1311733944586456,0.01
8599.639855942376,0.13727910421113104,0.01
8602.040816326531,0.14654131983312202,0.01
8604.441776710684,0.13793869999227465,0.01
8606.842737094838,0.1324865945874103,0.01
8609.243697478993,0.12996526003240466,0.01
8611.644657863144,0.14138508098864516,0.01
8614.045618247299,0.13905640670887107,0.01
8616.446578631452,0.14576352399645343,0.01
8618.847539015605,0.13805128071959472,0.01
8621.24849939976,0.14070659790295842,0.01
8623.649459783912,0.13211111776896514,0.01
8626.050420168067,0.11288091122633565,0.01
8628.45138055222,0.1196685231650064,0.01
8630.852340936373,0.12682236966926952,0.01
8633.253301320528,0.12703956671929273,0.01
8635.654261704682,0.11985237931033696,0.01
8638.055222088835,0.12355595009475548,0.01
8640.45618247299,0.1207429911110344,0.01
8642.857142857141,0.11138956862235047,0.01
8645.258103241296,0.12580718937224075,0.01
8647.65906362545,0.11909948087281794,0.01
8650.060024009603,0.11727926323468586,0.01
8652.460984393758,0.1465780683883884,0.01
8654.861944777911,0.11063847660811854,0.01
8657.262905162064,0.12500303284905134,0.01
8659.66386554622,0.15504261310356796,0.01
8662.06482593037,0.120096680134001,0.01
8664.465786314526,0.10716179779001601,0.01
8666.866746698679,0.11621564129572035,0.01
8669.267707082832,0.11601890742966425,0.01
8671.668667466987,0.1155226487088761,0.01
8674.06962785114,0.12309375599879023,0.01
8676.470588235294,0.10358998618381293,0.01
8678.871548619449,0.11581110068538454,0.01
8681.2725090036,0.10513709837551687,0.01
8683.673469387755,0.09891443287598321,0.01
8686.074429771908,0.1088831697296027,0.01
8688.475390156062,0.11829454159172847,0.01
8690.876350540217,0.11629614970168872,0.01
8693.277310924368,0.13414322824163027,0.01
8695.678271308523,0.12290007316882386,0.01
8698.079231692676,0.13063062073407622,0.01
8700.48019207683,0.12448001094329365,0.01
8702.881152460985,0.11797950048599073,0.01
8705.282112845138,0.09112029564722408,0.01
8707.683073229291,0.09890168073460592,0.01
8710.084033613446,0.10100432872952482,0.01
8712.484993997597,0.12089499790070128,0.01
8714.885954381753,0.11400001905719465,0.01
8717.286914765906,0.11293626833271742,0.01
8719.687875150059,0.09967767438899168,0.01
8722.088835534214,0.08539368071771328,0.01
8724.489795918367,0.09173745795284892,0.01
8726.89075630252,0.0954938958049556,0.01
8729.291716686675,0.0948090898856519,0.01
8731.692677070827,0.10480188009299174,0.01
8734.093637454982,0.09000300856912949,0.01
8736.494597839135,0.12291972566515899,0.01
8738.895558223288,0.11191524747847065,0.01
8741.296518607443,0.11423200625559556,0.01
8743.697478991597,0.10782007877802276,0.01
8746.09843937575,0.1107018482864086,0.01
8748.499399759905,0.11621404380469376,0.01
8750.900360144056,0.09630343441980178,0.01
8753.301320528211,0.0995942534161296,0.01
8755.702280912365,0.10264937957900733,0.01
8758.103241296518,0.1160176441632078,0.01
8760.504201680673,0.09087752697276096,0.01
8762.905162064824,0.08636604685394925,0.01
8765.30612244898,0.10187237928682696,0.01
8767.707082833133,0.10005705810846989,0.01
8770.108043217286,0.11072030816584957,0.01
8772.50900360144,0.0905330829223925,0.01
8774.909963985594,0.10986624794571795,0.01
8777.310924369747,0.11024732598313805,0.01
8779.711884753902,0.10162253976234277,0.01
8782.112845138054,0.1037807978346783,0.01
8784.513805522209,0.09771258312028624,0.01
8786.914765906362,0.0924271744492338,0.01
8789.315726290515,0.09698857081608282,0.01
8791.71668667467,0.10191896603407606,0.01
8794.117647058823,0.11178075124450561,0.01
8796.518607442977,0.10879490958529457,0.01
8798.919567827132,0.12056478508414423,0.01
8801.320528211283,0.0900467311366392,0.01
8803.721488595438,0.08503606661038769,0.01
8806.122448979591,0.09810187396095957,0.01
8808.523409363745,0.10633121942589441,0.01
8810.9243697479,0.07628788592079275,0.01
8813.325330132053,0.07297224421261225,0.01
8815.726290516206,0.08934200156181304,0.01
8818.127250900361,0.08923099003074322,0.01
8820.528211284513,0.09250766107694228,0.01
8822.929171668668,0.08132782087536597,0.01
8825.33013205282,0.08141594015275858,0.01
8827.731092436974,0.07330900464728314,0.01
8830.132052821129,0.09201253506745476,0.01
8832.53301320528,0.08812321868750965,0.01
8834.933973589435,0.08755369567788981,0.01
8837.334933973589,0.08690450699336194,0.01
8839.735894357742,0.08094247886714537,0.01
8842.136854741897,0.09416964861685605,0.01
8844.53781512605,0.08811890758872386,0.01
8846.938775510203,0.09487189382640482,0.01
8849.339735894358,0.09028466585021458,0.01
8851.74069627851,0.08711505318449887,0.01
8854.141656662665,0.09593276341530087,0.01
8856.542617046818,0.0995215333950292,0.01
8858.943577430971,0.07286601719804048,0.01
8861.344537815126,0.11071925228996984,0.01
8863.74549819928,0.07666267422228015,0.01
8866.146458583433,0.08108643157787558,0.01
8868.547418967588,0.08213841654048223,0.01
8870.94837935174,0.0960187402415108,0.01
8873.349339735894,0.08644901832994323,0.01
8875.750300120048,0.06879194838569226,0.01
8878.1512605042,0.0831279578270942,0.01
8880.552220888356,0.09080505629723383,0.01
8882.953181272509,0.10023805740143012,0.01
8885.354141656662,0.08230995827061859,0.01
8887.755102040817,0.07020385324964266,0.01
8890.156062424969,0.06677458079833144,0.01
8892.557022809124,0.06370972205129871,0.01
8894.957983193277,0.06067823467606445,0.01
8897.35894357743,0.0774975401355613,0.01
8899.759903961585,0.07869482984959762,0.01
8902.160864345737,0.09329632340086379,0.01
8904.561824729892,0.06459258078090732,0.01
8906.962785114045,0.0878065228789039,0.01
8909.363745498198,0.08461179210013313,0.01
8911.764705882353,0.06624109812375595,0.01
8914.165666266506,0.0761089121103749,0.01
8916.56662665066,0.08619627263230503,0.01
8918.967587034815,0.06877678168823165,0.01
8921.368547418966,0.1037367191814005,0.01
8923.769507803121,0.07882383205678647,0.01
8926.170468187274,0.08670054838191409,0.01
8928.571428571428,0.09639690486826352,0.01
8930.972388955583,0.06377996806786847,0.01
8933.373349339736,0.0824026407309043,0.01
8935.774309723889,0.05641390663029084,0.01
8938.175270108044,0.0764558255184935,0.01
8940.576230492195,0.07692817511196554,0.01
8942.97719087635,0.0711111225025282,0.01
8945.378151260504,0.07935161518879837,0.01
8947.779111644657,0.05349462565462188,0.01
8950.180072028812,0.05952268647231144,0.01
8952.581032412965,0.08917445132211421,0.01
8954.981992797118,0.0753157997012897,0.01
8957.382953181273,0.07612254522820477,0.01
8959.783913565425,0.07580119733040613,0.01
8962.18487394958,0.08073642109637369,0.01
8964.585834333733,0.06515857910652932,0.01
8966.986794717886,0.08414936930605492,0.01
8969.387755102041,0.06734166120863935,0.01
8971.788715486193,0.06397545431863856,0.01
8974.189675870348,0.07142458848295641,0.01
8976.590636254501,0.07049898034982192,0.01
8978.991596638654,0.05753700489484702,0.01
8981.39255702281,0.06494419067529668,0.01
8983.793517406963,0.07445973358587146,0.01
8986.194477791116,0.07539171160700911,0.01
8988.59543817527,0.038784369361896325,0.01
8990.996398559422,0.08032863843587662,0.01
8993.397358943577,0.06369259974176264,0.01
8995.79831932773,0.05836628050783568,0.01
8998.199279711884,0.07037846065744992,0.01
9000.600240096039,0.061322436741261685,0.01
9003.001200480192,0.05896660836987356,0.01
9005.402160864345,0.05206770252178605,0.01
9007.8031212485,0.04685519422572087,0.01
9010.204081632652,0.07326585451202683,0.01
9012.605042016807,0.07418350096667896,0.01
9015.00600240096,0.06135044091745284,0.01
9017.406962785113,0.06073012007787318,0.01
9019.807923169268,0.06950579752174599,0.01
9022.208883553421,0.06601941531402233,0.01
9024.609843937575,0.06211760071512908,0.01
9027.01080432173,0.07235549910366261,0.01
9029.411764705881,0.0677057558376692,0.01
9031.812725090036,0.05837458826026807,0.01
9034.21368547419,0.06910838834860095,0.01
9036.614645858343,0.07855499790972911,0.01
9039.015606242498,0.07222958882244325,0.01
9041.416566626649,0.06434039660949363,0.01
9043.817527010804,0.05837181327824507,0.01
9046.218487394957,0.04837499383023174,0.01
9048.61944777911,0.0836856056018985,0.01
9051.020408163266,0.06635581734061982,0.01
9053.421368547419,0.07109067391639276,0.01
9055.822328931572,0.07167869246121236,0.01
9058.223289315727,0.049178166191855555,0.01
9060.624249699878,0.05820333368918483,0.01
9063.025210084033,0.061186667211005644,0.01
9065.426170468187,0.06009404167848178,0.01
9067.82713085234,0.06548417597505689,0.01
9070.228091236495,0.05898199019558746,0.01
9072.629051620648,0.06499108713926217,0.01
9075.030012004801,0.06127754591473799,0.01
9077.430972388956,0.06184520411956913,0.01
9079.831932773108,0.05403825577699768,0.01
9082.232893157263,0.0633295027926112,0.01
9084.633853541416,0.048013920153202445,0.01
9087.03481392557,0.031797363631728,0.01
9089.435774309724,0.07305341206446972,0.01
9091.836734693878,0.0576807712390259,0.01
9094.23769507803,0.043536928030139185,0.01
9096.638655462186,0.05563013019431645,0.01
9099.039615846337,0.07145599066745846,0.01
9101.440576230492,0.044352155860797444,0.01
9103.841536614646,0.054451070259622585,0.01
9106.242496998799,0.06281183570334152,0.01
9108.643457382954,0.042685984933564826,0.01
9111.044417767105,0.050730643807252514,0.01
9113.44537815126,0.05583865203101888,0.01
9115.846338535413,0.0571096207255051,0.01
9118.247298919567,0.06604950143313741,0.01
9120.648259303722,0.041116162463233075,0.01
9123.049219687875,0.06758741266247412,0.01
9125.450180072028,0.042991035911598446,0.01
9127.851140456183,0.04078219182494195,0.01
9130.252100840335,0.05263658539668443,0.01
9132.65306122449,0.05874658939039675,0.01
9135.054021608643,0.04832465855017554,0.01
9137.454981992796,0.059131741634977905,0.01
9139.855942376951,0.05365753484944875,0.01
9142.256902761104,0.05274563731955208,0.01
9144.657863145258,0.038895085233949814,0.01
9147.058823529413,0.04910824171986669,0.01
9149.459783913564,0.03886073596872414,0.01
9151.860744297719,0.034256979111413614,0.01
9154.261704681872,0.05099945127174404,0.01
9156.662665066026,0.06323630830945931,0.01
9159.06362545018,0.04002881999193059,0.01
9161.464585834334,0.057802533752317364,0.01
9163.865546218487,0.05034916010726848,0.01
9166.266506602642,0.05065231390885988,0.01
9168.667466986793,0.05383062228388865,0.01
9171.068427370948,0.03247467235186574,0.01
9173.469387755102,0.046757512314035486,0.01
9175.870348139255,0.05925048407122824,0.01
9178.27130852341,0.044924065553189715,0.01
9180.672268907561,0.048664192603960675,0.01
9183.073229291716,0.03096713247068774,0.01
9185.47418967587,0.02983061082172246,0.01
9187.875150060023,0.0455962092211278,0.01
9190.276110444178,0.03900209361873264,0.01
9192.677070828331,0.035635574896804384,0.01
9195.078031212484,0.0527037507549821,0.01
9197.47899159664,0.03109082609096512,0.01
9199.87995198079,0.0515935774534237,0.01
9202.280912364946,0.0454143046601323,0.01
9204.681872749099,0.04888931443770555,0.01
9207.082833133252,0.045757494203125394,0.01
9209.483793517407,0.05511085122819324,0.01
9211.88475390156,0.056567535275607365,0.01
9214.285714285714,0.04438800386401923,0.01
9216.686674669869,0.03959528716336858,0.01
9219.08763505402,0.047125365925671195,0.01
9221.488595438175,0.039441994482147975,0.01
9223.889555822328,0.04622578119155924,0.01
9226.290516206482,0.043625412910935676,0.01
9228.691476590637,0.035256206807996,0.01
9231.09243697479,0.04541797482242875,0.01
9233.493397358943,0.055202516470661406,0.01
9235.894357743098,0.03390192536354721,0.01
9238.29531812725,0.039038930019811124,0.01
9240.696278511405,0.032452223123242786,0.01
9243.097238895558,0.025608933069453672,0.01
9245.498199279711,0.02856473313337502,0.01
9247.899159663866,0.02950124233698307,0.01
9250.300120048018,0.050567485135785774,0.01
9252.701080432173,0.03579444185102283,0.01
9255.102040816326,0.04268912944185421,0.01
9257.503001200479,0.04225901103934818,0.01
9259.903961584634,0.022267338756431707,0.01
9262.304921968787,0.04232548796066926,0.01
9264.70588235294,0.051608130442862485,0.01
9267.106842737096,0.031594261406322655,0.01
9269.507803121247,0.0438406303623417,0.01
9271.908763505402,0.053162826356022166,0.01
9274.309723889555,0.03201157103526571,0.01
9276.710684273708,0.02376797114728035,0.01
9279.111644657864,0.038031611368161765,0.01
9281.512605042017,0.04234384636804722,0.01
9283.91356542617,0.03542188204611509,0.01
9286.314525810325,0.041119197492775796,0.01
9288.715486194476,0.03965925263388476,0.01
9291.116446578631,0.005308705433038619,0.01
9293.517406962785,0.03529935113350237,0.01
9295.918367346938,0.013009920201612374,0.01
9298.319327731093,0.046741643305716354,0.01
9300.720288115246,0.03359918391727643,0.01
9303.1212484994,0.038795583845598954,0.01
9305.522208883553,0.024501436980872204,0.01
9307.923169267706,0.024326970034266593,0.01
9310.32412965186,0.016048806969870235,0.01
9312.725090036014,0.04713242459901275,0.01
9315.126050420167,0.027627700974021802,0.01
9317.527010804322,0.03709764022637849,0.01
9319.927971188474,0.045041459133136286,0.01
9322.328931572629,0.017193061991593546,0.01
9324.729891956782,0.04266701687083906,0.01
9327.130852340935,0.030109779896455004,0.01
9329.53181272509,0.04308187676038182,0.01
9331.932773109243,0.030101273136682052,0.01
9334.333733493397,0.020660950780799117,0.01
9336.734693877552,0.027729117567866356,0.01
9339.135654261703,0.03475037189142532,0.01
9341.536614645858,0.025300507073771003,0.01
9343.937575030011,0.015745631207391163,0.01
9346.338535414165,0.018136638279233872,0.01
9348.73949579832,0.03374636710023535,0.01
9351.140456182473,0.04107006186131223,0.01
9353.541416566626,0.03638828400523942,0.01
9355.942376950781,0.023013733473309886,0.01
9358.343337334933,0.03574906903269425,0.01
9360.744297719088,0.04734047598045189,0.01
9363.14525810324,0.020392158638728234,0.01
9365.546218487394,0.02797809617792544,0.01
9367.94717887155,0.025261944476706273,0.01
9370.348139255702,0.034630038414565516,0.01
9372.749099639856,0.037778093196721825,0.01
9375.150060024009,0.03287872560487777,0.01
9377.551020408162,0.03193716584101925,0.01
9379.951980792317,0.028629695065283157,0.01
9382.35294117647,0.03811968606408589,0.01
9384.753901560623,0.021301758096474277,0.01
9387.154861944779,0.030047062212307574,0.01
9389.55582232893,0.029945490881195993,0.01
9391.956782713085,0.02336844458553193,0.01
9394.357743097238,0.03555636451835791,0.01
9396.758703481391,0.01185493960131695,0.01
9399.159663865546,0.036115739570821856,0.01
9401.5606242497,0.0,0.01
9403.961584633853,0.012692416806143265,0.01
9406.362545018008,0.03227202083265464,0.01
9408.76350540216,0.019268660297781817,0.01
9411.164465786314,0.01832786963035705,0.01
9413.565426170468,0.037726305446482616,0.01
9415.96638655462,0.012041783347940769,0.01
9418.367346938776,0.037430941152013314,0.01
9420.76830732293,0.012659573751330257,0.01
9423.169267707082,0.055072765038903376,0.01
9425.570228091237,0.03948458862349197,0.01
9427.971188475389,0.007297065943796886,0.01
9430.372148859544,0.03442711167659214,0.01
9432.773109243697,0.03846042432657715,0.01
9435.17406962785,0.03629174403805023,0.01
9437.575030012005,0.017876856953556505,0.01
9439.975990396159,0.025827121631608316,0.01
9442.376950780312,0.03911426819902377,0.01
9444.777911164465,0.012872874660470565,0.01
9447.178871548618,0.039372412611556835,0.01
9449.579831932773,0.027300801918212575,0.01
9451.980792316926,0.04750376654309217,0.01
9454.38175270108,0.0,0.01
9456.782713085235,0.028525507331821454,0.01
9459.183673469386,0.023041275913287695,0.01
9461.584633853541,0.018306218831126243,0.01
9463.985594237694,0.019765724256215075,0.01
9466.386554621848,0.028553985235915673,0.01
9468.787515006003,0.015664735122700085,0.01
9471.188475390156,0.022731387174238202,0.01
9473.58943577431,0.04078106140103564,0.01
9475.990396158464,0.03609029237251406,0.01
9478.391356542616,0.025761447237630315,0.01
9480.79231692677,0.04153823173947204,0.01
9483.193277310924,0.02043416790958004,0.01
9485.594237695077,0.021419522283794436,0.01
9487.995198079232,0.0233395751952676,0.01
9490.396158463385,0.014483791833522015,0.01
9492.797118847539,0.03178381633683164,0.01
9495.198079231694,0.02316737828162585,0.01
9497.599039615845,0.01857077795033992,0.01
9500.0,0.019685135435474108,0.01
