wavelength,intensity,uncertainty
3500.0,0.09176805311883109,0.01
3502.4009603841537,0.08568941574934369,0.01
3504.8019207683074,0.07965064521979684,0.01
3507.202881152461,0.07669531572122798,0.01
3509.6038415366147,0.07200206577673271,0.01
3512.0048019207684,0.08498727443135434,0.01
3514.405762304922,0.06642728731333186,0.01
3516.8067226890757,0.07474450019291988,0.01
3519.2076830732294,0.06355944594235738,0.01
3521.608643457383,0.08609379646686201,0.01
3524.009603841537,0.08789346568766807,0.01
3526.4105642256905,0.08553617253239938,0.01
3528.811524609844,0.07843800484111563,0.01
3531.212484993998,0.07626265825294654,0.01
3533.6134453781515,0.08873023897327179,0.01
3536.0144057623047,0.0976389297318377,0.01
3538.4153661464584,0.08303488835494649,0.01
3540.816326530612,0.09300732862130512,0.01
3543.2172869147657,0.08923933901570656,0.01
3545.6182472989194,0.0965010872125197,0.01
3548.019207683073,0.08455829172945198,0.01
3550.4201680672268,0.09030355088606537,0.01
3552.8211284513804,0.08960816809816434,0.01
3555.222088835534,0.1039640133010494,0.01
3557.623049219688,0.07176288906808712,0.01
3560.0240096038415,0.09172479780671701,0.01
3562.424969987995,0.10191253960629611,0.01
3564.825930372149,0.0822867268188007,0.01
3567.2268907563025,0.08007650335539272,0.01
3569.627851140456,0.08761844776424674,0.01
3572.02881152461,0.09321710872278823,0.01
3574.4297719087635,0.08532186207252893,0.01
3576.830732292917,0.09545697007086694,0.01
3579.231692677071,0.08106070506020842,0.01
3581.6326530612246,0.10617967844998949,0.01
3584.0336134453783,0.10163291211144172,0.01
3586.434573829532,0.09028138733184148,0.01
3588.8355342136856,0.10346018141496201,0.01
3591.2364945978393,0.10076295659925252,0.01
3593.637454981993,0.09330528778116143,0.01
3596.0384153661466,0.0939636134607301,0.01
3598.4393757503003,0.09472367881329267,0.01
3600.840336134454,0.09764502243809027,0.01
3603.2412965186077,0.10947222871308329,0.01
3605.642256902761,0.10975553351611078,0.01
3608.0432172869146,0.09568982441313699,0.01
3610.4441776710682,0.09732608704295223,0.01
3612.845138055222,0.11466457758066007,0.01
3615.2460984393756,0.10384724491330455,0.01
3617.6470588235293,0.11543435555822368,0.01
3620.048019207683,0.09285884957260931,0.01
3622.4489795918366,0.09695339311401761,0.01
3624.8499399759903,0.10142565904362827,0.01
3627.250900360144,0.09527717457328531,0.01
3629.6518607442977,0.07302252464744508,0.01
3632.0528211284513,0.11011655375281178,0.01
3634.453781512605,0.10333117518185614,0.01
3636.8547418967587,0.09558657722038306,0.01
3639.2557022809124,0.11637391135277264,0.01
3641.656662665066,0.09162760448402106,0.01
3644.0576230492197,0.09515474569577956,0.01
3646.4585834333734,0.10955295175360591,0.01
3648.859543817527,0.11041966182340514,0.01
3651.2605042016808,0.11888734906468436,0.01
3653.6614645858344,0.0843610505488876,0.01
3656.062424969988,0.10052063406451399,0.01
3658.463385354142,0.10523754341780024,0.01
3660.8643457382955,0.1102720362275019,0.01
3663.265306122449,0.09649144839731538,0.01
3665.666266506603,0.10777658241935158,0.01
3668.0672268907565,0.13038069580829725,0.01
3670.4681872749097,0.11175194215279438,0.01
3672.869147659064,0.11578210055031042,0.01
3675.270108043217,0.09873776245479288,0.01
3677.6710684273708,0.1078457945011935,0.01
3680.0720288115244,0.11314691643297624,0.01
3682.472989195678,0.11086576574149049,0.01
3684.873949579832,0.10659623283228724,0.01
3687.2749099639855,0.12007506024109278,0.01
3689.675870348139,0.11072908299718186,0.01
3692.076830732293,0.1273537285442801,0.01
3694.4777911164465,0.12312759244202402,0.01
3696.8787515006,0.10556167222801571,0.01
3699.279711884754,0.11932724150403727,0.01
3701.6806722689075,0.10311458120022962,0.01
3704.081632653061,0.1215503055042284,0.01
3706.482593037215,0.11613935187593784,0.01
3708.8835534213686,0.11873953150180583,0.01
3711.2845138055222,0.11423053713044456,0.01
3713.685474189676,0.1342571024165758,0.01
3716.0864345738296,0.09428488057485965,0.01
3718.4873949579833,0.0941831573870966,0.01
3720.888355342137,0.12183813347978631,0.01
3723.2893157262906,0.09429276791198739,0.01
3725.6902761104443,0.13007276684224237,0.01
3728.091236494598,0.11534629781489587,0.01
3730.4921968787517,0.11934573735142945,0.01
3732.8931572629053,0.12764989275004351,0.01
3735.294117647059,0.11899287104717328,0.01
3737.6950780312127,0.13566271905315752,0.01
3740.096038415366,0.12726614946394368,0.01
3742.4969987995196,0.12343094853572581,0.01
3744.8979591836733,0.1282841668244163,0.01
3747.298919567827,0.12610375844657484,0.01
3749.6998799519806,0.11820006422992364,0.01
3752.1008403361343,0.13470039857449753,0.01
3754.501800720288,0.1356312727409176,0.01
3756.9027611044417,0.119950405833736,0.01
3759.3037214885953,0.1199658013998083,0.01
3761.704681872749,0.1288255766340547,0.01
3764.1056422569027,0.11499842920595724,0.01
3766.5066026410564,0.11370493799418718,0.01
3768.90756302521,0.13507859396903438,0.01
3771.3085234093637,0.1382912884265521,0.01
3773.7094837935174,0.13548811002348207,0.01
3776.110444177671,0.12721715909834866,0.01
3778.5114045618247,0.12919418425450294,0.01
3780.9123649459784,0.14421191977697764,0.01
3783.313325330132,0.12578113352345766,0.01
3785.714285714286,0.12820030296773777,0.01
3788.1152460984395,0.1145914283695488,0.01
3790.516206482593,0.14138817278380675,0.01
3792.917166866747,0.14172849960249126,0.01
3795.3181272509005,0.13120148350806637,0.01
3797.719087635054,0.13483527346786295,0.01
3800.120048019208,0.12965483497901403,0.01
3802.5210084033615,0.14169828751930252,0.01
3804.9219687875147,0.1421515506354266,0.01
3807.322929171669,0.1213445761036737,0.01
3809.723889555822,0.13657716623439795,0.01
3812.124849939976,0.13836748366460086,0.01
3814.5258103241295,0.14069881618619295,0.01
3816.926770708283,0.15096831889244247,0.01
3819.327731092437,0.13083703413351586,0.01
3821.7286914765905,0.14073218339423443,0.01
3824.129651860744,0.14286023504347067,0.01
3826.530612244898,0.1416464768342053,0.01
3828.9315726290515,0.15656961849121956,0.01
3831.332533013205,0.1378390556668573,0.01
3833.733493397359,0.1334544463731923,0.01
3836.1344537815125,0.14835614325168583,0.01
3838.535414165666,0.12711141576349053,0.01
3840.93637454982,0.1631577039242986,0.01
3843.3373349339736,0.14479799206973626,0.01
3845.7382953181273,0.14302161797928153,0.01
3848.139255702281,0.13301829804842463,0.01
3850.5402160864346,0.1467396256945873,0.01
3852.9411764705883,0.13969071200466487,0.01
3855.342136854742,0.1596537380744841,0.01
3857.7430972388956,0.1628333958921127,0.01
3860.1440576230493,0.15997800998238845,0.01
3862.545018007203,0.14454056979740262,0.01
3864.9459783913567,0.14899291651938915,0.01
3867.3469387755104,0.14530058662074147,0.01
3869.747899159664,0.14885724051168978,0.01
3872.1488595438177,0.14135255191358,0.01
3874.549819927971,0.13969605806604113,0.01
3876.950780312125,0.15189978866862136,0.01
3879.3517406962783,0.15542503625638712,0.01
3881.752701080432,0.1431708790874471,0.01
3884.1536614645856,0.15419103317053506,0.01
3886.5546218487393,0.16084542296936338,0.01
3888.955582232893,0.1371785712914509,0.01
3891.3565426170467,0.15579193424636945,0.01
3893.7575030012003,0.17375259731803083,0.01
3896.158463385354,0.14951489276227417,0.01
3898.5594237695077,0.15222056503801518,0.01
3900.9603841536614,0.15961606621270882,0.01
3903.361344537815,0.16870912384871797,0.01
3905.7623049219687,0.16247109896090745,0.01
3908.1632653061224,0.15741435562966358,0.01
3910.564225690276,0.15350417103523653,0.01
3912.9651860744298,0.1661150197055058,0.01
3915.3661464585834,0.15320514928427859,0.01
3917.767106842737,0.1476268984680042,0.01
3920.168067226891,0.16863947525361325,0.01
3922.5690276110445,0.17590365882550518,0.01
3924.969987995198,0.17506159468519236,0.01
3927.370948379352,0.1643514444289239,0.01
3929.7719087635055,0.1545599311183124,0.01
3932.172869147659,0.16112357407694042,0.01
3934.573829531813,0.16352965107138803,0.01
3936.9747899159665,0.1462761910200229,0.01
3939.37575030012,0.16126949492292905,0.01
3941.776710684274,0.1705830841006754,0.01
3944.177671068427,0.16711653469209453,0.01
3946.5786314525812,0.1698235718182604,0.01
3948.9795918367345,0.16613848365333106,0.01
3951.380552220888,0.16027778382904861,0.01
3953.781512605042,0.18626703006065992,0.01
3956.1824729891955,0.17445121213588138,0.01
3958.583433373349,0.16521978701407725,0.01
3960.984393757503,0.18155066171644096,0.01
3963.3853541416565,0.173514290441397,0.01
3965.78631452581,0.17952254592494052,0.01
3968.187274909964,0.18195549151718682,0.01
3970.5882352941176,0.1760865454521734,0.01
3972.9891956782712,0.1833810612477727,0.01
3975.390156062425,0.18927614347072177,0.01
3977.7911164465786,0.17467153547394346,0.01
3980.1920768307323,0.169836554272845,0.01
3982.593037214886,0.1986620299315288,0.01
3984.9939975990396,0.16804987058859266,0.01
3987.3949579831933,0.20464891946601188,0.01
3989.795918367347,0.1916901545736634,0.01
3992.1968787515007,0.1682325605725375,0.01
3994.5978391356543,0.1987665475833423,0.01
3996.998799519808,0.19201664406549096,0.01
3999.3997599039617,0.17891883254841312,0.01
4001.8007202881154,0.19667437756066736,0.01
4004.201680672269,0.1865161420920868,0.01
4006.6026410564227,0.20683400908519625,0.01
4009.003601440576,0.19813344190838536,0.01
4011.40456182473,0.1839432016170756,0.01
4013.8055222088833,0.19812048138703106,0.01
4016.2064825930374,0.18627585841499636,0.01
4018.6074429771907,0.17991248620520375,0.01
4021.0084033613443,0.21774081651680283,0.01
4023.409363745498,0.19257555124705628,0.01
4025.8103241296517,0.19503738612999116,0.01
4028.2112845138054,0.19740542744045603,0.01
4030.612244897959,0.19952834023794058,0.01
4033.0132052821127,0.21450903545698377,0.01
4035.4141656662664,0.1923400151079297,0.01
4037.81512605042,0.19257495630959123,0.01
4040.2160864345738,0.20274963966289447,0.01
4042.6170468187274,0.18548095540831006,0.01
4045.018007202881,0.19884205100950367,0.01
4047.418967587035,0.20567342399465174,0.01
4049.8199279711885,0.21181582759189646,0.01
4052.220888355342,0.20666416206967134,0.01
4054.621848739496,0.19186572679050917,0.01
4057.0228091236495,0.2104820046477129,0.01
4059.423769507803,0.19632863197849298,0.01
4061.824729891957,0.20569949589494696,0.01
4064.2256902761105,0.19452992563143023,0.01
4066.626650660264,0.2126901748157915,0.01
4069.027611044418,0.20228559796491274,0.01
4071.4285714285716,0.19907436330157324,0.01
4073.829531812725,0.2320009555734827,0.01
4076.230492196879,0.1914388465361055,0.01
4078.631452581032,0.20228147443793273,0.01
4081.0324129651863,0.22214506278837048,0.01
4083.4333733493395,0.21897824308729874,0.01
4085.8343337334936,0.2146093093740391,0.01
4088.235294117647,0.19953285111955565,0.01
4090.6362545018005,0.2091983644915785,0.01
4093.037214885954,0.2405618475086729,0.01
4095.438175270108,0.21342675570727554,0.01
4097.839135654262,0.22468195567985594,0.01
4100.240096038416,0.20906040431108927,0.01
4102.641056422569,0.22302816169128445,0.01
4105.042016806723,0.22367633816215343,0.01
4107.442977190876,0.23516719432886274,0.01
4109.8439375750295,0.20496318974332883,0.01
4112.244897959184,0.2182138898475528,0.01
4114.645858343338,0.22219471657748155,0.01
4117.046818727491,0.23010586607357802,0.01
4119.447779111644,0.2240862268264561,0.01
4121.848739495798,0.22013586127250395,0.01
4124.249699879952,0.1997069253165704,0.01
4126.650660264106,0.23391496496405445,0.01
4129.051620648259,0.23023465893547002,0.01
4131.452581032413,0.22271939880770258,0.01
4133.853541416566,0.21749682688264074,0.01
4136.25450180072,0.2311710523576191,0.01
4138.655462184874,0.22350825808139643,0.01
4141.056422569028,0.2060023494099102,0.01
4143.457382953181,0.24756288603727392,0.01
4145.858343337335,0.22638314836756998,0.01
4148.259303721488,0.21273818982736967,0.01
4150.660264105642,0.23541394595275728,0.01
4153.061224489796,0.24211635910046103,0.01
4155.46218487395,0.223723288691858,0.01
4157.863145258103,0.2521296939296244,0.01
4160.264105642257,0.24127152661346749,0.01
4162.66506602641,0.23236683291399113,0.01
4165.0660264105645,0.24438158255732098,0.01
4167.466986794718,0.2529916647230728,0.01
4169.867947178872,0.23218942874448958,0.01
4172.268907563025,0.24322611827080373,0.01
4174.669867947179,0.23237208349872854,0.01
4177.070828331332,0.25273581308296345,0.01
4179.471788715486,0.246305513572855,0.01
4181.87274909964,0.24302014390688653,0.01
4184.273709483794,0.2387955443252059,0.01
4186.674669867947,0.2451792207194184,0.01
4189.0756302521,0.24116150601769248,0.01
4191.4765906362545,0.2433305382023911,0.01
4193.877551020408,0.23892377054931488,0.01
4196.278511404562,0.23232613691663362,0.01
4198.679471788715,0.22757655343941327,0.01
4201.080432172869,0.22606447708228508,0.01
4203.481392557022,0.2440613591378061,0.01
4205.882352941177,0.2573378177894954,0.01
4208.28331332533,0.26023497658031763,0.01
4210.684273709484,0.2449152576991711,0.01
4213.085234093637,0.25830664197140285,0.01
4215.486194477791,0.24540253754716376,0.01
4217.8871548619445,0.23775383140527076,0.01
4220.288115246099,0.24739730045517289,0.01
4222.689075630252,0.24516187087464306,0.01
4225.090036014406,0.25395491717869295,0.01
4227.490996398559,0.27002447737676316,0.01
4229.891956782713,0.2695709451899291,0.01
4232.292917166867,0.2644087658513656,0.01
4234.693877551021,0.25321945731469214,0.01
4237.094837935174,0.27689861774677865,0.01
4239.495798319328,0.27036410609978767,0.01
4241.896758703481,0.25526963931097685,0.01
4244.297719087635,0.2614750133326523,0.01
4246.698679471789,0.261160121252039,0.01
4249.099639855942,0.26694839222526806,0.01
4251.500600240096,0.2765263936300877,0.01
4253.90156062425,0.2751824418239976,0.01
4256.302521008403,0.2868731002434167,0.01
4258.703481392557,0.270732139319064,0.01
4261.104441776711,0.2701586085428979,0.01
4263.505402160864,0.27010296078493773,0.01
4265.906362545018,0.2904287943229599,0.01
4268.307322929171,0.25547697951598863,0.01
4270.708283313325,0.26976227245011997,0.01
4273.109243697479,0.27184176667766663,0.01
4275.510204081633,0.2829070748841995,0.01
4277.911164465786,0.27892821399261064,0.01
4280.31212484994,0.23806955899362248,0.01
4282.713085234093,0.25247042870107606,0.01
4285.1140456182475,0.2584254109335191,0.01
4287.515006002401,0.2734601908898099,0.01
4289.915966386555,0.2796545181870866,0.01
4292.316926770708,0.2502869291780021,0.01
4294.717887154862,0.25455081144145286,0.01
4297.118847539015,0.27921598228124794,0.01
4299.5198079231695,0.26501635982476757,0.01
4301.920768307323,0.25855342947711013,0.01
4304.321728691477,0.2585436122429862,0.01
4306.72268907563,0.26028562453913856,0.01
4309.123649459784,0.26965979984097943,0.01
4311.5246098439375,0.27866313706033036,0.01
4313.925570228092,0.26821258653262203,0.01
4316.326530612245,0.2696683810659633,0.01
4318.727490996398,0.277779391583359,0.01
4321.128451380552,0.2923032926367021,0.01
4323.529411764706,0.28082042538470214,0.01
4325.9303721488595,0.2772696340067829,0.01
4328.331332533013,0.2786417516028464,0.01
4330.732292917167,0.29863847382412384,0.01
4333.13325330132,0.2967660846501243,0.01
4335.534213685474,0.3091781722089292,0.01
4337.9351740696275,0.30345838656941654,0.01
4340.336134453782,0.2981509002474892,0.01
4342.737094837935,0.2853373680039329,0.01
4345.138055222089,0.29653518849338184,0.01
4347.539015606242,0.2955958114714033,0.01
4349.939975990396,0.3119295051238796,0.01
4352.3409363745495,0.3121614222114182,0.01
4354.741896758704,0.3210340753519824,0.01
4357.142857142857,0.298830357472372,0.01
4359.543817527011,0.2937188693599734,0.01
4361.944777911164,0.3212972478914416,0.01
4364.345738295318,0.3074397652934164,0.01
4366.746698679472,0.3114213384468337,0.01
4369.147659063626,0.3318921089453092,0.01
4371.548619447779,0.32266441985448885,0.01
4373.949579831933,0.30622154636822935,0.01
4376.350540216086,0.3018717908106472,0.01
4378.75150060024,0.3392908804114482,0.01
4381.152460984394,0.3231296859044414,0.01
4383.553421368548,0.30992315888997635,0.01
4385.954381752701,0.3420716382513345,0.01
4388.355342136854,0.33951611949400295,0.01
4390.756302521008,0.32234150147194773,0.01
4393.1572629051625,0.32511066310422654,0.01
4395.558223289316,0.3228606985270938,0.01
4397.959183673469,0.32325274521045017,0.01
4400.360144057623,0.33270336377241855,0.01
4402.761104441776,0.3149368537619213,0.01
4405.16206482593,0.3250005104237618,0.01
4407.563025210084,0.3313687784583839,0.01
4409.963985594238,0.34054118405964245,0.01
4412.364945978391,0.3130762883993256,0.01
4414.765906362545,0.32671112993046525,0.01
4417.166866746698,0.3181699462380315,0.01
4419.5678271308525,0.32666669084267264,0.01
4421.968787515006,0.3416571309330842,0.01
4424.36974789916,0.34033926761931904,0.01
4426.770708283313,0.34033918415226155,0.01
4429.171668667467,0.33502544245454374,0.01
4431.57262905162,0.3407397349634253,0.01
4433.973589435775,0.34323240511440833,0.01
4436.374549819928,0.3609215090693742,0.01
4438.775510204082,0.3325859130025402,0.01
4441.176470588235,0.3392789515401853,0.01
4443.577430972389,0.35360279903966985,0.01
4445.9783913565425,0.33761304393748953,0.01
4448.379351740696,0.3395796404414904,0.01
4450.78031212485,0.35582811619040716,0.01
4453.181272509004,0.3568982405729263,0.01
4455.582232893157,0.3519715461160733,0.01
4457.98319327731,0.35374419224202713,0.01
4460.384153661465,0.35056438501269016,0.01
4462.785114045619,0.3647201201772078,0.01
4465.186074429772,0.3421300920850644,0.01
4467.587034813925,0.35612862176358895,0.01
4469.987995198079,0.3386065170155832,0.01
4472.3889555822325,0.3567699455613108,0.01
4474.789915966387,0.35342916363629173,0.01
4477.19087635054,0.33929676946829024,0.01
4479.591836734694,0.35708786684857985,0.01
4481.992797118847,0.372319490281014,0.01
4484.393757503001,0.35251919126919884,0.01
4486.794717887155,0.3848704612143923,0.01
4489.195678271309,0.373111914705116,0.01
4491.596638655462,0.3654956448920742,0.01
4493.997599039616,0.3576956108471336,0.01
4496.398559423769,0.3553416982663117,0.01
4498.799519807923,0.3578024240229245,0.01
4501.200480192077,0.3595979775778971,0.01
4503.601440576231,0.37010535906715136,0.01
4506.002400960384,0.3796953120153095,0.01
4508.403361344538,0.37446543562548507,0.01
4510.804321728691,0.3909236748572846,0.01
4513.205282112845,0.372300811514432,0.01
4515.606242496999,0.3866874831184658,0.01
4518.007202881152,0.37286812819063236,0.01
4520.408163265306,0.3829401204777048,0.01
4522.80912364946,0.3750297597796689,0.01
4525.210084033613,0.36934219641801086,0.01
4527.611044417767,0.3878860183781256,0.01
4530.012004801921,0.3747130502231519,0.01
4532.412965186075,0.36843445366119193,0.01
4534.813925570228,0.38047611551935834,0.01
4537.214885954381,0.38948197028728915,0.01
4539.615846338535,0.37935665664961654,0.01
4542.016806722689,0.386797886867134,0.01
4544.417767106843,0.37373767866420915,0.01
4546.818727490996,0.37331595915861676,0.01
4549.21968787515,0.37909436078073705,0.01
4551.620648259303,0.3742245596438872,0.01
4554.0216086434575,0.38509724438501863,0.01
4556.422569027611,0.3931219806044612,0.01
4558.823529411765,0.38820328757114697,0.01
4561.224489795918,0.3753461667736067,0.01
4563.625450180072,0.395839190338305,0.01
4566.026410564225,0.3950730036529632,0.01
4568.42737094838,0.38727408123349033,0.01
4570.828331332533,0.37689008666365514,0.01
4573.229291716687,0.395753179588447,0.01
4575.63025210084,0.3890740058949775,0.01
4578.031212484993,0.4026203276043949,0.01
4580.4321728691475,0.3874538749945841,0.01
4582.833133253302,0.39894326920260725,0.01
4585.234093637455,0.41902619213142933,0.01
4587.635054021608,0.3922794972571058,0.01
4590.036014405762,0.4111753342029374,0.01
4592.436974789916,0.4172321063167356,0.01
4594.83793517407,0.41476501999339377,0.01
4597.238895558223,0.42377172980308847,0.01
4599.639855942377,0.41100056658304296,0.01
4602.040816326531,0.40882298149230467,0.01
4604.441776710684,0.41677703713138536,0.01
4606.8427370948375,0.40827567552962135,0.01
4609.243697478992,0.4128852711290582,0.01
4611.644657863145,0.4110681389972167,0.01
4614.045618247299,0.4332997915930787,0.01
4616.446578631452,0.4273759544455107,0.01
4618.847539015606,0.4213931322305162,0.01
4621.24849939976,0.40982340195338895,0.01
4623.649459783914,0.4179014797840405,0.01
4626.050420168067,0.4337313629886549,0.01
4628.451380552221,0.4070038072560694,0.01
4630.852340936374,0.4069172155349125,0.01
4633.253301320528,0.4265034802485266,0.01
4635.654261704682,0.41487205608532524,0.01
4638.055222088836,0.4230729734490603,0.01
4640.456182472989,0.4288982642278454,0.01
4642.857142857143,0.4382278130960522,0.01
4645.258103241296,0.4273285588894829,0.01
4647.65906362545,0.437106604914656,0.01
4650.060024009604,0.4283200376537686,0.01
4652.460984393758,0.4230722104497818,0.01
4654.861944777911,0.43948742915126593,0.01
4657.262905162064,0.43781151171765165,0.01
4659.663865546218,0.4394015762792435,0.01
4662.0648259303725,0.4484639112852477,0.01
4664.465786314526,0.4524489233171998,0.01
4666.866746698679,0.43969683897095413,0.01
4669.267707082833,0.4451992830992646,0.01
4671.668667466987,0.4369531761849672,0.01
4674.0696278511405,0.4441142057955453,0.01
4676.470588235294,0.4166858505899931,0.01
4678.871548619448,0.4581841399236712,0.01
4681.272509003601,0.448984187192124,0.01
4683.673469387755,0.4602625486181356,0.01
4686.074429771908,0.45476423275396066,0.01
4688.4753901560625,0.46439870757485385,0.01
4690.876350540216,0.4594849437950465,0.01
4693.27731092437,0.44413716199743697,0.01
4695.678271308523,0.4518768536044301,0.01
4698.079231692677,0.46446878186809,0.01
4700.4801920768305,0.44820259287650516,0.01
4702.881152460985,0.4533097680671051,0.01
4705.282112845138,0.456482900689267,0.01
4707.683073229292,0.46997068144057713,0.01
4710.084033613445,0.44014197507654645,0.01
4712.484993997599,0.471862959416185,0.01
4714.8859543817525,0.4605874793177003,0.01
4717.286914765906,0.47194494335715487,0.01
4719.68787515006,0.46939778404760296,0.01
4722.088835534214,0.4826788955817594,0.01
4724.489795918367,0.4601811879156962,0.01
4726.8907563025205,0.46679268212867564,0.01
4729.291716686675,0.46115223273924727,0.01
4731.692677070829,0.47634322615453617,0.01
4734.093637454982,0.473527843644012,0.01
4736.494597839135,0.4815948342944747,0.01
4738.895558223289,0.46455477502298587,0.01
4741.296518607443,0.48290356139417656,0.01
4743.697478991597,0.4838930183624503,0.01
4746.09843937575,0.49048603028896104,0.01
4748.499399759904,0.45748482852802597,0.01
4750.900360144057,0.4891785721801335,0.01
4753.301320528211,0.484691073440862,0.01
4755.702280912365,0.4772076873723727,0.01
4758.103241296519,0.4721142525053167,0.01
4760.504201680672,0.47344326744362075,0.01
4762.905162064826,0.4939976213242025,0.01
4765.306122448979,0.5038742024252949,0.01
4767.707082833133,0.4995930620893135,0.01
4770.108043217287,0.4846036443001481,0.01
4772.509003601441,0.49904730759132426,0.01
4774.909963985594,0.49693979677776123,0.01
4777.310924369748,0.49899874940978156,0.01
4779.711884753901,0.4908298275822603,0.01
4782.1128451380555,0.48851930263780985,0.01
4784.513805522209,0.4921127792924874,0.01
4786.914765906362,0.4950841997945089,0.01
4789.315726290516,0.4957286894393238,0.01
4791.71668667467,0.5123390763881134,0.01
4794.117647058823,0.48119323375174494,0.01
4796.518607442977,0.5052447181322898,0.01
4798.919567827131,0.5126902674891797,0.01
4801.320528211285,0.4948985430494493,0.01
4803.721488595438,0.5096357655285375,0.01
4806.122448979591,0.5154809718759035,0.01
4808.5234093637455,0.5312300179928878,0.01
4810.9243697479,0.5189293138017018,0.01
4813.325330132053,0.506181337262754,0.01
4815.726290516206,0.506348937133238,0.01
4818.12725090036,0.521601243516067,0.01
4820.528211284513,0.5122003411940426,0.01
4822.929171668668,0.5246568996345342,0.01
4825.330132052821,0.5313907825920656,0.01
4827.731092436975,0.5324069421876261,0.01
4830.132052821128,0.5241550640108401,0.01
4832.533013205282,0.5138043968398267,0.01
4834.9339735894355,0.5176443242084791,0.01
4837.33493397359,0.5283410577117885,0.01
4839.735894357743,0.5208582883411935,0.01
4842.136854741897,0.5288385364484036,0.01
4844.53781512605,0.5185810301860674,0.01
4846.938775510204,0.5475864098975107,0.01
4849.339735894358,0.5303967305197483,0.01
4851.740696278512,0.5326634473281906,0.01
4854.141656662665,0.5314542210724242,0.01
4856.542617046818,0.5380813456532296,0.01
4858.943577430972,0.5424345770911116,0.01
4861.344537815126,0.5426863011956079,0.01
4863.74549819928,0.5320068114747615,0.01
4866.146458583433,0.5395414622913185,0.01
4868.547418967587,0.5376185108675892,0.01
4870.948379351741,0.5437902536840704,0.01
4873.349339735894,0.5443838896133945,0.01
4875.7503001200475,0.54440126401717,0.01
4878.151260504202,0.5369454747089385,0.01
4880.552220888356,0.5416935167260909,0.01
4882.953181272509,0.5599282182576358,0.01
4885.354141656662,0.5720407458339624,0.01
4887.755102040816,0.5332832959639064,0.01
4890.15606242497,0.5383935214589607,0.01
4892.557022809124,0.5257803024814676,0.01
4894.957983193277,0.5564175890308087,0.01
4897.358943577431,0.5546486015919955,0.01
4899.759903961584,0.5497791385046338,0.01
4902.160864345738,0.5618578936299855,0.01
4904.561824729892,0.5593129247181727,0.01
4906.962785114046,0.5357312565322392,0.01
4909.363745498199,0.5549749514962552,0.01
4911.764705882353,0.5675117823236607,0.01
4914.165666266506,0.5801969245533418,0.01
4916.5666266506605,0.5708367484889045,0.01
4918.967587034814,0.5660657856892886,0.01
4921.368547418968,0.5597440907277679,0.01
4923.769507803121,0.5670473438816125,0.01
4926.170468187274,0.5720290247233233,0.01
4928.571428571428,0.573513738077577,0.01
4930.972388955583,0.570672657095523,0.01
4933.373349339736,0.5730262965002733,0.01
4935.774309723889,0.578092904572203,0.01
4938.175270108043,0.5893106526411236,0.01
4940.576230492197,0.5848007263335916,0.01
4942.9771908763505,0.5974582980137596,0.01
4945.378151260504,0.5856706574091168,0.01
4947.779111644658,0.5669939864535034,0.01
4950.180072028812,0.5691048145007247,0.01
4952.581032412965,0.5896051356259204,0.01
4954.981992797118,0.5984164563466167,0.01
4957.382953181273,0.5811950763992783,0.01
4959.783913565426,0.5766168627406285,0.01
4962.18487394958,0.5911030056334227,0.01
4964.585834333733,0.5952739054251783,0.01
4966.986794717887,0.580314891356821,0.01
4969.3877551020405,0.5696793624860317,0.01
4971.788715486195,0.5845169130302941,0.01
4974.189675870348,0.576213130914025,0.01
4976.590636254502,0.6021616366786555,0.01
4978.991596638655,0.5917559855363848,0.01
4981.392557022809,0.606442483625969,0.01
4983.793517406963,0.5832589842083096,0.01
4986.194477791116,0.5944608629791256,0.01
4988.59543817527,0.587110549012217,0.01
4990.996398559424,0.594864315411271,0.01
4993.397358943577,0.6147049392952222,0.01
4995.7983193277305,0.6086276988762804,0.01
4998.199279711885,0.6018268994839918,0.01
5000.600240096039,0.6050388132443013,0.01
5003.001200480192,0.6173891972328667,0.01
5005.402160864345,0.6109713321264838,0.01
5007.803121248499,0.606457050338874,0.01
5010.2040816326535,0.6185850992224204,0.01
5012.605042016807,0.6356134773379792,0.01
5015.00600240096,0.617139359156399,0.01
5017.406962785114,0.6132959496722911,0.01
5019.807923169267,0.6218834294306888,0.01
5022.208883553421,0.6155286956262719,0.01
5024.609843937575,0.6079080361142891,0.01
5027.010804321729,0.6232750718408904,0.01
5029.411764705882,0.6388582905844555,0.01
5031.812725090036,0.604694153108069,0.01
5034.213685474189,0.6262655212072734,0.01
5036.6146458583435,0.6126396469512064,0.01
5039.015606242497,0.6187193964682822,0.01
5041.416566626651,0.6390900843540975,0.01
5043.817527010804,0.6343266570542034,0.01
5046.218487394958,0.6416767228852867,0.01
5048.619447779111,0.6224902910620698,0.01
5051.0204081632655,0.6538674017356626,0.01
5053.421368547419,0.6297562359493407,0.01
5055.822328931572,0.6188381899423231,0.01
5058.223289315726,0.6400000385936205,0.01
5060.62424969988,0.6511600777817798,0.01
5063.0252100840335,0.6447766578505706,0.01
5065.426170468187,0.6323388835491388,0.01
5067.827130852341,0.6247408226656398,0.01
5070.228091236495,0.6461198853041821,0.01
5072.629051620648,0.6516895077985169,0.01
5075.030012004801,0.6573794031857503,0.01
5077.4309723889555,0.6502263200987248,0.01
5079.83193277311,0.6406634352475977,0.01
5082.232893157263,0.6424311817190878,0.01
5084.633853541416,0.6518878050332638,0.01
5087.03481392557,0.6330858675385795,0.01
5089.4357743097235,0.6445997793587606,0.01
5091.836734693878,0.6585092765151386,0.01
5094.237695078031,0.6468006223397985,0.01
5096.638655462185,0.6519468421215452,0.01
5099.039615846338,0.6725377756628746,0.01
5101.440576230492,0.6481850993208572,0.01
5103.8415366146455,0.675035383104278,0.01
5106.2424969988,0.663414418080905,0.01
5108.643457382953,0.6690021434270177,0.01
5111.044417767107,0.6673212710633115,0.01
5113.44537815126,0.6564543757100039,0.01
5115.846338535414,0.6553193289280138,0.01
5118.247298919568,0.6677450731332386,0.01
5120.648259303722,0.6670624292699695,0.01
5123.049219687875,0.6734853870240979,0.01
5125.450180072028,0.6643019847004967,0.01
5127.851140456182,0.6508842545559745,0.01
5130.252100840336,0.6600488779393759,0.01
5132.65306122449,0.6654265256122442,0.01
5135.054021608643,0.656493367806542,0.01
5137.454981992797,0.654429759106121,0.01
5139.855942376951,0.6692299052416649,0.01
5142.256902761104,0.668341295830624,0.01
5144.657863145258,0.6663635336734922,0.01
5147.058823529412,0.6602263998682205,0.01
5149.459783913566,0.634168340771872,0.01
5151.860744297719,0.6512691803032694,0.01
5154.261704681872,0.6446721522614154,0.01
5156.662665066026,0.6326996818843428,0.01
5159.06362545018,0.6359565353085602,0.01
5161.464585834334,0.6389795124143185,0.01
5163.865546218487,0.6392810847672978,0.01
5166.266506602641,0.6310923340329166,0.01
5168.667466986794,0.6309123172754737,0.01
5171.0684273709485,0.6627095565437101,0.01
5173.469387755102,0.63947834356293,0.01
5175.870348139256,0.6350034992122465,0.01
5178.271308523409,0.6448776991128564,0.01
5180.672268907563,0.6479795326866411,0.01
5183.073229291716,0.6633489506176979,0.01
5185.474189675871,0.6445249281258895,0.01
5187.875150060024,0.6787406907397312,0.01
5190.276110444178,0.6609040109701738,0.01
5192.677070828331,0.6914985021536301,0.01
5195.078031212484,0.6862750244579724,0.01
5197.4789915966385,0.6969801080056913,0.01
5199.879951980793,0.6900965006049957,0.01
5202.280912364946,0.6813244950990323,0.01
5204.681872749099,0.6964667595943669,0.01
5207.082833133253,0.707232342376882,0.01
5209.483793517407,0.6970036804237829,0.01
5211.8847539015605,0.7163063673347267,0.01
5214.285714285714,0.7141545323872955,0.01
5216.686674669868,0.7184472493481303,0.01
5219.087635054022,0.7091774884161017,0.01
5221.488595438175,0.7077699702551152,0.01
5223.8895558223285,0.7130569209980888,0.01
5226.290516206483,0.7206682099471956,0.01
5228.691476590636,0.7311558122408719,0.01
5231.09243697479,0.7081710833579863,0.01
5233.493397358943,0.7337601567416742,0.01
5235.894357743097,0.7035241668812913,0.01
5238.2953181272505,0.7181304575365157,0.01
5240.696278511405,0.7119780628610411,0.01
5243.097238895558,0.732276806372328,0.01
5245.498199279712,0.7165663005917544,0.01
5247.899159663865,0.7236225938553953,0.01
5250.300120048019,0.7345757818759918,0.01
5252.701080432173,0.7049893904510377,0.01
5255.102040816327,0.728977475377539,0.01
5257.50300120048,0.7400701929897128,0.01
5259.903961584634,0.7309265351679263,0.01
5262.304921968787,0.7380537645347861,0.01
5264.7058823529405,0.7294586084289487,0.01
5267.106842737095,0.7368167578742254,0.01
5269.507803121249,0.7282308766721106,0.01
5271.908763505402,0.751052189094697,0.01
5274.309723889555,0.731210012234617,0.01
5276.710684273709,0.7204362312952394,0.01
5279.1116446578635,0.7410635083015142,0.01
5281.512605042017,0.7492919473746347,0.01
5283.91356542617,0.7424961169956207,0.01
5286.314525810324,0.7347786725734556,0.01
5288.715486194478,0.7483350162342467,0.01
5291.116446578631,0.7616553737558012,0.01
5293.517406962785,0.7482329041811542,0.01
5295.918367346939,0.7458344070185776,0.01
5298.319327731092,0.7486250565155874,0.01
5300.720288115246,0.7406446531962622,0.01
5303.121248499399,0.7467703734344019,0.01
5305.5222088835535,0.7496350972421154,0.01
5307.923169267707,0.7552397366109816,0.01
5310.324129651861,0.7616728025001113,0.01
5312.725090036014,0.7399347505071746,0.01
5315.126050420168,0.7440237765567227,0.01
5317.527010804321,0.7686412098921906,0.01
5319.927971188476,0.7382833462840075,0.01
5322.328931572629,0.7526372466916288,0.01
5324.729891956783,0.7699803796886872,0.01
5327.130852340936,0.7822960774213358,0.01
5329.53181272509,0.7834878244355058,0.01
5331.9327731092435,0.7729538306407894,0.01
5334.333733493397,0.7484441238920175,0.01
5336.734693877551,0.7644208435639611,0.01
5339.135654261705,0.7757721835000192,0.01
5341.536614645858,0.7728967329142855,0.01
5343.937575030011,0.7874702641541977,0.01
5346.338535414166,0.7756838323394482,0.01
5348.73949579832,0.778467626033996,0.01
5351.140456182473,0.7705465283573185,0.01
5353.541416566626,0.762079418595327,0.01
5355.94237695078,0.764017613695141,0.01
5358.343337334934,0.7884100004653322,0.01
5360.744297719088,0.7858194345951555,0.01
5363.145258103241,0.7811801047905216,0.01
5365.546218487395,0.7802637016365166,0.01
5367.947178871548,0.796895501760569,0.01
5370.348139255702,0.805785127527294,0.01
5372.749099639856,0.7986598818997522,0.01
5375.15006002401,0.7922561771277292,0.01
5377.551020408163,0.7863245194631175,0.01
5379.951980792317,0.7922934848480998,0.01
5382.35294117647,0.7980008410995435,0.01
5384.753901560624,0.7997567348677903,0.01
5387.154861944778,0.7952548311805803,0.01
5389.555822328932,0.7984493055944224,0.01
5391.956782713085,0.7897221637787964,0.01
5394.357743097239,0.8052628387376797,0.01
5396.758703481392,0.7854221810310711,0.01
5399.1596638655465,0.7900363460092708,0.01
5401.5606242497,0.7883665976553622,0.01
5403.961584633853,0.8068687902661232,0.01
5406.362545018007,0.7945398437229947,0.01
5408.763505402161,0.8084217814604213,0.01
5411.164465786314,0.7992632965099471,0.01
5413.565426170468,0.8037372102457072,0.01
5415.966386554622,0.8104550454071502,0.01
5418.367346938776,0.8048309251728842,0.01
5420.768307322929,0.8039703034960284,0.01
5423.169267707082,0.7955515113991434,0.01
5425.5702280912365,0.813933226803189,0.01
5427.971188475391,0.8103700718800829,0.01
5430.372148859544,0.8125179036936085,0.01
5432.773109243697,0.8166372333110742,0.01
5435.174069627851,0.8010315610263761,0.01
5437.575030012004,0.80600103071741,0.01
5439.9759903961585,0.8016388383837022,0.01
5442.376950780312,0.8125278409663036,0.01
5444.777911164466,0.8265852672928738,0.01
5447.178871548619,0.8098617526698871,0.01
5449.579831932773,0.8183330155900733,0.01
5451.980792316926,0.815920464526426,0.01
5454.381752701081,0.8150091737629339,0.01
5456.782713085234,0.8145802872869428,0.01
5459.183673469388,0.8201795930294196,0.01
5461.584633853541,0.8339722317675263,0.01
5463.985594237694,0.8288647292856324,0.01
5466.3865546218485,0.8474647321983962,0.01
5468.787515006003,0.8299489406188648,0.01
5471.188475390156,0.8131778455493229,0.01
5473.589435774309,0.8383070723909222,0.01
5475.990396158463,0.8162752375244835,0.01
5478.391356542617,0.8278352485955007,0.01
5480.792316926771,0.8178438264556781,0.01
5483.193277310924,0.8478319710281956,0.01
5485.594237695078,0.8566706847429482,0.01
5487.995198079232,0.8281223264760083,0.01
5490.396158463385,0.8432505373385021,0.01
5492.7971188475385,0.8288565886311331,0.01
5495.198079231693,0.8372894067881027,0.01
5497.599039615847,0.8407645506706478,0.01
5500.0,0.855692269696358,0.01
5502.400960384153,0.8493256793339597,0.01
5504.801920768307,0.8359996546654889,0.01
5507.202881152461,0.8518700751742165,0.01
5509.603841536615,0.8500364676422779,0.01
5512.004801920768,0.8480744931782873,0.01
5514.405762304922,0.8557747213623428,0.01
5516.806722689075,0.867311417431202,0.01
5519.207683073229,0.8496242391920072,0.01
5521.608643457383,0.8313314950944969,0.01
5524.009603841537,0.8607402532226005,0.01
5526.41056422569,0.8614088375774068,0.01
5528.811524609844,0.8702216723701062,0.01
5531.212484993997,0.8643258683623046,0.01
5533.613445378151,0.8694428684023136,0.01
5536.014405762305,0.8578714874955301,0.01
5538.415366146459,0.8633294332752899,0.01
5540.816326530612,0.8476817461254262,0.01
5543.217286914765,0.8607356435714706,0.01
5545.618247298919,0.8617664802549547,0.01
5548.019207683074,0.8551758745199685,0.01
5550.420168067227,0.8597447379649168,0.01
5552.82112845138,0.8710805101632139,0.01
5555.222088835534,0.8748147576487766,0.01
5557.623049219688,0.8814258854025425,0.01
5560.0240096038415,0.8597915811869098,0.01
5562.424969987995,0.8730605993922149,0.01
5564.825930372149,0.8615822872289439,0.01
5567.226890756303,0.8928878352163142,0.01
5569.627851140456,0.870864319935176,0.01
5572.028811524609,0.8642944623297968,0.01
5574.4297719087635,0.8739170564784998,0.01
5576.830732292918,0.8885950106122463,0.01
5579.231692677071,0.8854023488825594,0.01
5581.632653061224,0.8608238875980694,0.01
5584.033613445377,0.8835496839461086,0.01
5586.4345738295315,0.8712555959048194,0.01
5588.835534213686,0.8688882628630167,0.01
5591.236494597839,0.8837573120049145,0.01
5593.637454981992,0.867273495023927,0.01
5596.038415366146,0.8761576923056843,0.01
5598.4393757503,0.8953438437145057,0.01
5600.8403361344535,0.8618993886206447,0.01
5603.241296518607,0.8762726304412437,0.01
5605.642256902761,0.872733081163632,0.01
5608.043217286915,0.8694905497326834,0.01
5610.444177671068,0.8810641955641929,0.01
5612.8451380552215,0.8950828240150576,0.01
5615.246098439376,0.8819303968509387,0.01
5617.64705882353,0.8935610277953031,0.01
5620.048019207683,0.900156369035387,0.01
5622.448979591836,0.8856463016204604,0.01
5624.84993997599,0.8799312156097033,0.01
5627.250900360144,0.8773416348391945,0.01
5629.651860744298,0.8953862003097337,0.01
5632.052821128451,0.9133367908364664,0.01
5634.453781512605,0.9022140079763459,0.01
5636.854741896759,0.8992386719768126,0.01
5639.255702280912,0.8794890704341723,0.01
5641.656662665066,0.9029593617657747,0.01
5644.05762304922,0.9014295645945618,0.01
5646.458583433374,0.9077926173283936,0.01
5648.859543817527,0.9014910525956153,0.01
5651.26050420168,0.8884079023996334,0.01
5653.6614645858335,0.9072831620110317,0.01
5656.062424969988,0.9222034063874746,0.01
5658.463385354142,0.9167487048192771,0.01
5660.864345738295,0.909080661784784,0.01
5663.265306122448,0.9092580224995804,0.01
5665.666266506602,0.9044286098568229,0.01
5668.0672268907565,0.9132513416648984,0.01
5670.46818727491,0.9100345179355369,0.01
5672.869147659063,0.9021645254124451,0.01
5675.270108043217,0.9136132063749657,0.01
5677.671068427371,0.8977026980560723,0.01
5680.072028811524,0.9125977466581717,0.01
5682.472989195678,0.9108443605192295,0.01
5684.873949579832,0.9028299791259198,0.01
5687.274909963986,0.9145905028843752,0.01
5689.675870348139,0.9151986466287809,0.01
5692.076830732292,0.9097275967056164,0.01
5694.4777911164465,0.9184751716427236,0.01
5696.878751500601,0.9153257548344005,0.01
5699.279711884754,0.9107838401152158,0.01
5701.680672268907,0.9094130153245599,0.01
5704.081632653061,0.9066216182557391,0.01
5706.482593037215,0.9253723144900748,0.01
5708.883553421369,0.9205494375801152,0.01
5711.284513805522,0.9134251635190974,0.01
5713.685474189676,0.9118104537740817,0.01
5716.08643457383,0.9166930744654352,0.01
5718.487394957983,0.9308528170261932,0.01
5720.8883553421365,0.9214524555887541,0.01
5723.28931572629,0.9209964894443156,0.01
5725.690276110444,0.9351645861165665,0.01
5728.091236494598,0.915563476662517,0.01
5730.492196878751,0.9194715446654688,0.01
5732.893157262904,0.9289787492101501,0.01
5735.294117647059,0.911263971388279,0.01
5737.695078031213,0.9260446673139547,0.01
5740.096038415366,0.9202172611356926,0.01
5742.496998799519,0.9476553157842043,0.01
5744.897959183673,0.9282061907432999,0.01
5747.298919567827,0.9102859385484428,0.01
5749.699879951981,0.9261902151929192,0.01
5752.100840336134,0.9320709481335956,0.01
5754.501800720288,0.9324959956129891,0.01
5756.902761104442,0.9486063410774885,0.01
5759.303721488595,0.9448753802051036,0.01
5761.704681872749,0.9468381894669534,0.01
5764.105642256903,0.9497313381885509,0.01
5766.506602641057,0.9457629702624049,0.01
5768.90756302521,0.9414011299850562,0.01
5771.308523409363,0.9325880961303884,0.01
5773.709483793517,0.9403715823834834,0.01
5776.1104441776715,0.9357719786798414,0.01
5778.511404561825,0.9431756944837355,0.01
5780.912364945978,0.9482196415740055,0.01
5783.313325330132,0.9334557153953522,0.01
5785.714285714286,0.9460430536315506,0.01
5788.1152460984395,0.9327248356077932,0.01
5790.516206482593,0.9538182180317836,0.01
5792.917166866746,0.9449985108206039,0.01
5795.3181272509,0.9434375663230505,0.01
5797.719087635054,0.951472796677005,0.01
5800.120048019207,0.9430127378065656,0.01
5802.521008403361,0.950675669258753,0.01
5804.921968787515,0.9366810080535641,0.01
5807.322929171669,0.939675716868845,0.01
5809.723889555822,0.9414483555031197,0.01
5812.124849939975,0.9497003529270344,0.01
5814.525810324129,0.9309688624107365,0.01
5816.926770708284,0.9520164281350261,0.01
5819.327731092437,0.9553160594697508,0.01
5821.72869147659,0.9450580340512222,0.01
5824.129651860744,0.9393387549845599,0.01
5826.530612244898,0.9444986207839098,0.01
5828.9315726290515,0.9692238527010058,0.01
5831.332533013205,0.9469722471139203,0.01
5833.733493397359,0.9438272835218966,0.01
5836.134453781513,0.9450212649113598,0.01
5838.535414165666,0.9520949680702715,0.01
5840.936374549819,0.9649668843349691,0.01
5843.337334933974,0.9501076839290047,0.01
5845.738295318128,0.9702287431230741,0.01
5848.139255702281,0.9536478731756372,0.01
5850.540216086434,0.9551888407112431,0.01
5852.941176470588,0.971304773315674,0.01
5855.342136854742,0.9600547239746052,0.01
5857.743097238896,0.9639253972975929,0.01
5860.144057623049,0.9731260665503958,0.01
5862.545018007202,0.9797052364472748,0.01
5864.945978391356,0.9563626916898531,0.01
5867.34693877551,0.9708635169168516,0.01
5869.747899159664,0.9571122310422223,0.01
5872.148859543817,0.9647522991610356,0.01
5874.549819927971,0.9737906282476477,0.01
5876.950780312125,0.9634737138610512,0.01
5879.351740696278,0.974365231133931,0.01
5881.7527010804315,0.9711464170479421,0.01
5884.153661464586,0.970729422101901,0.01
5886.55462184874,0.9680447695223713,0.01
5888.955582232893,0.9835685076145535,0.01
5891.356542617046,0.9779388132914751,0.01
5893.7575030012,0.982459547208382,0.01
5896.1584633853545,0.954428109143527,0.01
5898.559423769508,0.9827079188077062,0.01
5900.960384153661,0.9826442391975072,0.01
5903.361344537815,0.9658796847856801,0.01
5905.762304921969,0.9776224207980693,0.01
5908.163265306122,0.9713342518384399,0.01
5910.564225690276,0.9655860496370873,0.01
5912.96518607443,0.9976337551916424,0.01
5915.366146458584,0.9904094746634492,0.01
5917.767106842737,0.9671839333967714,0.01
5920.16806722689,0.9641422501125009,0.01
5922.5690276110445,0.9898392133495023,0.01
5924.969987995198,0.9769232370238552,0.01
5927.370948379352,0.9704747961008691,0.01
5929.771908763505,0.9799340093365334,0.01
5932.172869147658,0.9725708390577393,0.01
5934.573829531812,0.974346305682204,0.01
5936.9747899159665,0.9536833766228281,0.01
5939.37575030012,0.9800033928382772,0.01
5941.776710684273,0.9793126515846512,0.01
5944.177671068427,0.9730154344595445,0.01
5946.578631452581,0.9807141690575436,0.01
5948.9795918367345,0.9642752252002241,0.01
5951.380552220888,0.9598813486246833,0.01
5953.781512605042,0.9741245552358077,0.01
5956.182472989196,0.9687470400143197,0.01
5958.583433373349,0.9872897685399247,0.01
5960.984393757502,0.9850898188206756,0.01
5963.3853541416565,0.9904914801853515,0.01
5965.786314525811,0.9812695347502973,0.01
5968.187274909964,0.9722472688040513,0.01
5970.588235294117,0.9802195120989087,0.01
5972.989195678271,0.9873546440057307,0.01
5975.390156062425,0.9964042567964148,0.01
5977.791116446579,0.993616412629054,0.01
5980.192076830732,0.9815026978174666,0.01
5982.593037214886,0.9862034604188928,0.01
5984.99399759904,0.970209350418742,0.01
5987.394957983193,0.9938394150294124,0.01
5989.7959183673465,0.9776739007188558,0.01
5992.196878751501,0.9702326404473998,0.01
5994.597839135654,0.9791525176731298,0.01
5996.998799519808,0.9965061187164218,0.01
5999.399759903961,0.9729643477631017,0.01
6001.8007202881145,0.9825578797502392,0.01
6004.201680672269,0.9729093650966583,0.01
6006.602641056423,0.9910013064161707,0.01
6009.003601440576,0.982358999309185,0.01
6011.404561824729,0.9700145942389891,0.01
6013.805522208883,0.9860862609544296,0.01
6016.206482593037,0.9834454544534051,0.01
6018.607442977191,0.9793606476870967,0.01
6021.008403361344,0.986827719925194,0.01
6023.409363745498,1.0008967837594407,0.01
6025.810324129652,0.9966859726015624,0.01
6028.211284513805,1.0069868020870723,0.01
6030.612244897959,0.9867137004138226,0.01
6033.013205282113,0.9922384376000861,0.01
6035.414165666267,0.9923547724998067,0.01
6037.81512605042,0.9927807844552293,0.01
6040.216086434573,0.9749637112811331,0.01
6042.617046818727,0.987492253996198,0.01
6045.018007202882,0.987790364379667,0.01
6047.418967587035,0.9935168376494933,0.01
6049.819927971188,1.0089960716411002,0.01
6052.220888355342,0.9856529075693304,0.01
6054.621848739496,0.9759423293514512,0.01
6057.0228091236495,0.9744739432789726,0.01
6059.423769507803,0.9690925001034261,0.01
6061.824729891956,0.9897100655102146,0.01
6064.22569027611,0.9992693457403122,0.01
6066.626650660264,0.9981476062672286,0.01
6069.027611044417,0.9962872995735789,0.01
6071.428571428571,0.9911746614602837,0.01
6073.829531812725,0.9811195763573246,0.01
6076.230492196879,1.0017770513861097,0.01
6078.631452581032,1.003276096560369,0.01
6081.032412965185,0.9954092905448909,0.01
6083.4333733493395,0.9869598707296947,0.01
6085.834333733494,0.9882798694080793,0.01
6088.235294117647,0.9937469859805788,0.01
6090.6362545018,0.997748233297393,0.01
6093.037214885954,1.0094539327732046,0.01
6095.438175270108,0.9909480581860319,0.01
6097.839135654262,0.9887263997679059,0.01
6100.240096038415,0.9895972090094355,0.01
6102.641056422569,1.0008796167140508,0.01
6105.042016806723,0.9828570953548738,0.01
6107.442977190876,0.9982181332911924,0.01
6109.8439375750295,0.9810688765022606,0.01
6112.244897959184,1.000784046885486,0.01
6114.645858343338,0.9917272928553168,0.01
6117.046818727491,0.9949892223921641,0.01
6119.447779111644,0.9880202437093459,0.01
6121.848739495798,0.989832696565821,0.01
6124.2496998799525,0.9921824397145995,0.01
6126.650660264106,1.0054619802507445,0.01
6129.051620648259,0.9841072959799232,0.01
6131.452581032412,0.9977317435998995,0.01
6133.853541416566,1.0009790692466594,0.01
6136.25450180072,1.001792827778519,0.01
6138.655462184874,0.9958424350415941,0.01
6141.056422569027,0.9951365908795395,0.01
6143.457382953181,1.0096376066534651,0.01
6145.858343337335,1.0107492762985868,0.01
6148.259303721488,1.009620823428,0.01
6150.6602641056415,1.0154268195167526,0.01
6153.061224489796,0.9989324590897322,0.01
6155.46218487395,0.9925708551209997,0.01
6157.863145258103,1.0033617950997036,0.01
6160.264105642256,0.9987954029333828,0.01
6162.66506602641,0.984855848815228,0.01
6165.0660264105645,1.0137388621570629,0.01
6167.466986794718,1.0033592581669482,0.01
6169.867947178871,1.0115506654920718,0.01
6172.268907563025,1.0076028252644333,0.01
6174.669867947179,1.009908581031262,0.01
6177.070828331332,0.989576664785801,0.01
6179.471788715486,0.9875089012838543,0.01
6181.87274909964,1.012971932877336,0.01
6184.273709483794,0.9953115079144826,0.01
6186.674669867947,0.9908240918202043,0.01
6189.0756302521,0.9922932016594018,0.01
6191.4765906362545,1.0154147780249982,0.01
6193.877551020409,1.0051583032441829,0.01
6196.278511404562,1.0009885259957378,0.01
6198.679471788715,1.0045456616494841,0.01
6201.080432172868,0.9960532270426683,0.01
6203.481392557022,1.0004530318051807,0.01
6205.882352941177,1.0100346110485015,0.01
6208.28331332533,1.0225913173060255,0.01
6210.684273709483,1.012472102692009,0.01
6213.085234093637,1.0088136538166983,0.01
6215.486194477791,0.9978347022505766,0.01
6217.8871548619445,1.0055561544180127,0.01
6220.288115246098,0.9824459246082046,0.01
6222.689075630252,0.9952573566479616,0.01
6225.090036014406,1.0011919437838037,0.01
6227.490996398559,1.0093392547825613,0.01
6229.891956782712,0.9970737706438103,0.01
6232.292917166867,1.001927863948924,0.01
6234.693877551021,0.9988972068036716,0.01
6237.094837935174,1.0066122007052294,0.01
6239.495798319327,1.0040645711894955,0.01
6241.896758703481,0.9891140910004226,0.01
6244.297719087635,1.0150556937824802,0.01
6246.698679471789,1.0117528112964518,0.01
6249.099639855942,0.9851548903857442,0.01
6251.500600240096,1.0120253977390479,0.01
6253.90156062425,1.013844135092442,0.01
6256.302521008403,0.992574451503668,0.01
6258.703481392557,0.9921724148034167,0.01
6261.104441776711,1.0026806489528557,0.01
6263.505402160865,1.0027872433574476,0.01
6265.906362545018,0.9803639022468722,0.01
6268.307322929171,0.9726005085771183,0.01
6270.7082833133245,0.9965938954216446,0.01
6273.109243697479,0.9876026126770886,0.01
6275.510204081633,0.992910098377098,0.01
6277.911164465786,0.9957404134925607,0.01
6280.312124849939,0.9901943528610284,0.01
6282.713085234093,0.9980007604781466,0.01
6285.1140456182475,1.0054215630105892,0.01
6287.515006002401,1.003602660806284,0.01
6289.915966386554,1.0184963224778836,0.01
6292.316926770708,0.9809669176405874,0.01
6294.717887154862,0.9888882236179217,0.01
6297.118847539015,1.0043566891450788,0.01
6299.519807923169,0.9920221770580093,0.01
6301.920768307323,1.002420005205296,0.01
6304.321728691477,0.9916830344937088,0.01
6306.72268907563,0.9863891862346796,0.01
6309.123649459783,1.0064721593558277,0.01
6311.5246098439375,1.0029467770375549,0.01
6313.925570228092,1.0126415837542722,0.01
6316.326530612245,0.9922826086442336,0.01
6318.727490996398,0.993379541867032,0.01
6321.128451380552,0.9993964252106603,0.01
6323.529411764706,0.9917926489139066,0.01
6325.9303721488595,0.9935089994439152,0.01
6328.331332533013,0.9876881540313763,0.01
6330.732292917167,0.9674967129178951,0.01
6333.133253301321,1.0013139315270239,0.01
6335.534213685474,0.9995013772236562,0.01
6337.9351740696275,1.0111428202655601,0.01
6340.336134453781,0.9931853502540348,0.01
6342.737094837935,0.9937117040854815,0.01
6345.138055222089,0.999469558730678,0.01
6347.539015606242,0.9844776735210707,0.01
6349.939975990395,0.9935076709518126,0.01
6352.3409363745495,0.9806403270868621,0.01
6354.741896758704,0.9796843289344398,0.01
6357.142857142857,0.9832418442801667,0.01
6359.54381752701,0.9911899728586797,0.01
6361.944777911164,0.9862244755142484,0.01
6364.345738295318,1.0024808705591584,0.01
6366.746698679472,0.9800614540088173,0.01
6369.147659063625,0.9823872350362194,0.01
6371.548619447779,0.9988555766362819,0.01
6373.949579831933,0.9820422815369667,0.01
6376.350540216086,0.9973173833581888,0.01
6378.7515006002395,1.006177897130562,0.01
6381.152460984394,0.9831040614912941,0.01
6383.553421368548,0.9723632793356447,0.01
6385.954381752701,0.9841835941880464,0.01
6388.355342136854,0.9742600865397404,0.01
6390.756302521008,0.9904813791239805,0.01
6393.1572629051625,0.9936674153245979,0.01
6395.558223289316,0.990271605902586,0.01
6397.959183673469,0.987136757949711,0.01
6400.360144057623,0.9891503012389352,0.01
6402.761104441776,0.9869819040361946,0.01
6405.16206482593,0.9844919038447058,0.01
6407.563025210084,0.9808226979568366,0.01
6409.963985594237,0.9660052992354826,0.01
6412.364945978391,0.9862144054540253,0.01
6414.765906362545,0.9745416961922625,0.01
6417.166866746698,0.954443858408545,0.01
6419.567827130852,0.9841631485727881,0.01
6421.968787515006,0.9620169849205678,0.01
6424.36974789916,0.9744279850584707,0.01
6426.770708283313,0.9896575473852971,0.01
6429.171668667466,0.9711422923692028,0.01
6431.57262905162,0.9837324841914441,0.01
6433.973589435775,0.9759217356961934,0.01
6436.374549819928,0.9703450259118143,0.01
6438.775510204081,0.9814177690609165,0.01
6441.176470588235,0.9858401365349557,0.01
6443.577430972389,0.9750437399988736,0.01
6445.9783913565425,0.9839296000687819,0.01
6448.379351740696,0.9703386624122462,0.01
6450.78031212485,0.9740085082888656,0.01
6453.181272509004,0.977314818283121,0.01
6455.582232893157,0.9919257574400955,0.01
6457.98319327731,0.9643140509631747,0.01
6460.384153661465,0.9897534263573758,0.01
6462.785114045619,0.9758311603929183,0.01
6465.186074429772,0.9858881245332201,0.01
6467.587034813925,0.9707468771097588,0.01
6469.987995198079,0.9630416783167349,0.01
6472.3889555822325,0.9597138822986562,0.01
6474.789915966387,0.9753030771932886,0.01
6477.19087635054,0.9577962462888356,0.01
6479.591836734693,0.9731393103476976,0.01
6481.992797118847,0.9833263861791824,0.01
6484.393757503001,0.986330741747067,0.01
6486.794717887155,0.9666426761249387,0.01
6489.195678271308,0.9764982029083733,0.01
6491.596638655462,0.9678999310078024,0.01
6493.997599039616,0.9690591115030541,0.01
6496.398559423769,0.9647831156335622,0.01
6498.7995198079225,0.9633722225841254,0.01
6501.200480192077,0.9895974574704206,0.01
6503.601440576231,0.9743751728420345,0.01
6506.002400960384,0.9810638837177961,0.01
6508.403361344537,0.9656044808155224,0.01
6510.804321728691,0.961911315715382,0.01
6513.205282112845,0.960217211449342,0.01
6515.606242496999,0.9713449306261375,0.01
6518.007202881152,0.9692069543700372,0.01
6520.408163265306,0.9645587682006502,0.01
6522.80912364946,0.9720887273321073,0.01
6525.210084033613,0.9681216439429244,0.01
6527.611044417767,0.9471196374065262,0.01
6530.012004801921,0.9741031697487041,0.01
6532.412965186075,0.9594006913306252,0.01
6534.813925570228,0.9687681202407192,0.01
6537.214885954381,0.9405173888796672,0.01
6539.6158463385345,0.9660167601532588,0.01
6542.016806722689,0.9475608781333353,0.01
6544.417767106843,0.9526579812946291,0.01
6546.818727490996,0.9577736634997267,0.01
6549.219687875149,0.9753359899143645,0.01
6551.620648259303,0.9641501258703207,0.01
6554.0216086434575,0.953147890569267,0.01
6556.422569027611,0.9630794220397006,0.01
6558.823529411764,0.9444419839519984,0.01
6561.224489795918,0.9611552595127696,0.01
6563.625450180072,0.948606332211601,0.01
6566.026410564225,0.9395721868003779,0.01
6568.427370948379,0.9577910338146008,0.01
6570.828331332533,0.9679896320772031,0.01
6573.229291716687,0.9438182546691501,0.01
6575.63025210084,0.9401705237713189,0.01
6578.031212484993,0.9593321122676195,0.01
6580.4321728691475,0.9553089584900218,0.01
6582.833133253302,0.9578591401419658,0.01
6585.234093637455,0.9431222052598376,0.01
6587.635054021608,0.9358873040533208,0.01
6590.036014405762,0.9545281425556896,0.01
6592.436974789916,0.9494114977118329,0.01
6594.83793517407,0.9450178432001685,0.01
6597.238895558223,0.9505206696903514,0.01
6599.639855942377,0.952456014716094,0.01
6602.040816326531,0.9549878410836478,0.01
6604.441776710684,0.9433589898076286,0.01
6606.8427370948375,0.9344379282210324,0.01
6609.243697478991,0.9407985651532026,0.01
6611.644657863145,0.9531039935860196,0.01
6614.045618247299,0.9418325168394024,0.01
6616.446578631452,0.9349866643176501,0.01
6618.847539015605,0.9466658861771524,0.01
6621.24849939976,0.9351244106116063,0.01
6623.649459783914,0.9312768829802005,0.01
6626.050420168067,0.9274577709400555,0.01
6628.45138055222,0.9249477679780979,0.01
6630.852340936374,0.9345848623457373,0.01
6633.253301320528,0.944892484364885,0.01
6635.654261704682,0.9339360250962235,0.01
6638.055222088835,0.9362825091536956,0.01
6640.456182472989,0.9335525625210874,0.01
6642.857142857143,0.9495193711180149,0.01
6645.258103241296,0.9307187556934822,0.01
6647.65906362545,0.919372772087252,0.01
6650.060024009604,0.940668794326238,0.01
6652.460984393758,0.934924543644007,0.01
6654.861944777911,0.915942999846931,0.01
6657.262905162064,0.9192298961168739,0.01
6659.663865546218,0.9331570937302089,0.01
6662.0648259303725,0.9414122180887009,0.01
6664.465786314526,0.9286836614821682,0.01
6666.866746698679,0.9304246993755662,0.01
6669.267707082833,0.9030394373877032,0.01
6671.668667466987,0.9371042358279558,0.01
6674.0696278511405,0.9211479212643354,0.01
6676.470588235294,0.9246603335924329,0.01
6678.871548619447,0.9271198396205693,0.01
6681.272509003601,0.9001240910099958,0.01
6683.673469387755,0.9401666302837653,0.01
6686.074429771908,0.9479199108710317,0.01
6688.475390156062,0.923285234189279,0.01
6690.876350540216,0.9551552596898069,0.01
6693.27731092437,0.9021877923114504,0.01
6695.678271308523,0.9125570572911199,0.01
6698.079231692676,0.9084328653015415,0.01
6700.4801920768305,0.9156211341160313,0.01
6702.881152460985,0.9300517262848664,0.01
6705.282112845138,0.9071930168985509,0.01
6707.683073229291,0.9149250421753519,0.01
6710.084033613445,0.9218553600414404,0.01
6712.484993997599,0.9236854498676559,0.01
6714.8859543817525,0.9056399514238078,0.01
6717.286914765906,0.9277115918862928,0.01
6719.68787515006,0.9146949014923886,0.01
6722.088835534214,0.9096977941401339,0.01
6724.489795918367,0.9030951516039826,0.01
6726.8907563025205,0.9084926905417882,0.01
6729.291716686675,0.9098736708022968,0.01
6731.692677070829,0.9122961382836481,0.01
6734.093637454982,0.9263189889811945,0.01
6736.494597839135,0.912392567284473,0.01
6738.895558223289,0.9016838255082629,0.01
6741.296518607443,0.9130155899277619,0.01
6743.697478991597,0.9034003818571947,0.01
6746.09843937575,0.8969794672417839,0.01
6748.499399759903,0.8934228597243662,0.01
6750.900360144057,0.9107480804462914,0.01
6753.301320528211,0.8992848166562439,0.01
6755.702280912365,0.8968802446712772,0.01
6758.103241296518,0.896859212243704,0.01
6760.504201680672,0.8869043991732911,0.01
6762.905162064826,0.8908826242397091,0.01
6765.306122448979,0.8980127026262585,0.01
6767.7070828331325,0.8908107416310818,0.01
6770.108043217287,0.8960254841689343,0.01
6772.509003601441,0.8883285172515367,0.01
6774.909963985594,0.9035660807994083,0.01
6777.310924369747,0.9000822566350785,0.01
6779.711884753901,0.884851753745334,0.01
6782.1128451380555,0.8897156245051996,0.01
6784.513805522209,0.8929956601025155,0.01
6786.914765906362,0.8906907863822794,0.01
6789.315726290516,0.8918971415031904,0.01
6791.71668667467,0.8748009080891159,0.01
6794.117647058823,0.882927043543134,0.01
6796.518607442977,0.8598620908428594,0.01
6798.919567827131,0.8870324577704265,0.01
6801.320528211285,0.8685301161312873,0.01
6803.721488595438,0.8935874651767916,0.01
6806.122448979591,0.876608945744617,0.01
6808.5234093637455,0.8670782215401576,0.01
6810.9243697479,0.8956466412802547,0.01
6813.325330132053,0.8890192871367092,0.01
6815.726290516206,0.8681120826537485,0.01
6818.127250900359,0.8675327796726009,0.01
6820.528211284513,0.8644527605459016,0.01
6822.929171668668,0.8660583963746681,0.01
6825.330132052821,0.867183741100788,0.01
6827.731092436974,0.8632928894851607,0.01
6830.132052821128,0.8812287290741275,0.01
6832.533013205282,0.8760780606222331,0.01
6834.9339735894355,0.8728122443425506,0.01
6837.334933973589,0.8568200471284896,0.01
6839.735894357743,0.8663555403803299,0.01
6842.136854741897,0.8588384678254692,0.01
6844.53781512605,0.8805024337545727,0.01
6846.938775510203,0.8718223652070485,0.01
6849.339735894358,0.8447669934171225,0.01
6851.740696278512,0.8601027722273047,0.01
6854.141656662665,0.86738114458905,0.01
6856.542617046818,0.8509027261730837,0.01
6858.943577430972,0.8610556925074355,0.01
6861.344537815126,0.8536093218553051,0.01
6863.74549819928,0.8608516709031531,0.01
6866.146458583433,0.8638262552565481,0.01
6868.547418967587,0.8751402130183519,0.01
6870.948379351741,0.873328812193341,0.01
6873.349339735894,0.8505364050535295,0.01
6875.7503001200475,0.8476639747968041,0.01
6878.151260504202,0.864446265342871,0.01
6880.552220888355,0.858888168178042,0.01
6882.953181272509,0.8378375574515797,0.01
6885.354141656662,0.8391225756106108,0.01
6887.7551020408155,0.8549486322323595,0.01
6890.15606242497,0.8575704296498264,0.01
6892.557022809124,0.837255875069454,0.01
6894.957983193277,0.8437634488877273,0.01
6897.35894357743,0.8537755440004033,0.01
6899.759903961584,0.854066720889972,0.01
6902.160864345738,0.8511355412915068,0.01
6904.561824729892,0.8554979170190035,0.01
6906.962785114045,0.839973987953108,0.01
6909.363745498199,0.8475548786776417,0.01
6911.764705882353,0.8213742561034679,0.01
6914.165666266506,0.8481944592309907,0.01
6916.56662665066,0.8442500556259681,0.01
6918.967587034814,0.838734515548891,0.01
6921.368547418968,0.828877599507411,0.01
6923.769507803121,0.8308448468802204,0.01
6926.170468187274,0.8347448643459051,0.01
6928.571428571428,0.8190917792738952,0.01
6930.972388955583,0.8379264602142116,0.01
6933.373349339736,0.8513164863136053,0.01
6935.774309723889,0.824473030443769,0.01
6938.175270108043,0.8213916655501936,0.01
6940.576230492197,0.8308243497886169,0.01
6942.9771908763505,0.844733185328634,0.01
6945.378151260504,0.82060336083296,0.01
6947.779111644658,0.8074114561799828,0.01
6950.180072028811,0.8180240626636168,0.01
6952.581032412965,0.821349499084424,0.01
6954.981992797118,0.8307011717864538,0.01
6957.382953181272,0.8108281442671803,0.01
6959.783913565426,0.8064037974581807,0.01
6962.18487394958,0.825697223981372,0.01
6964.585834333733,0.8311988311105605,0.01
6966.986794717886,0.8170692003702837,0.01
6969.3877551020405,0.8066397439603465,0.01
6971.788715486195,0.8166688216379447,0.01
6974.189675870348,0.806854777996553,0.01
6976.590636254501,0.8154516429489749,0.01
6978.991596638655,0.8151975914885415,0.01
6981.392557022809,0.8049709592125686,0.01
6983.793517406963,0.8156836767286445,0.01
6986.194477791116,0.8081114987188508,0.01
6988.59543817527,0.8100210028076484,0.01
6990.996398559424,0.7914200739154817,0.01
6993.397358943577,0.8142733035634654,0.01
6995.7983193277305,0.8124917316586829,0.01
6998.199279711885,0.80005310697831,0.01
7000.600240096039,0.8087004531903969,0.01
7003.001200480192,0.7865616946746432,0.01
7005.402160864345,0.7833841133067144,0.01
7007.803121248499,0.7981472494045943,0.01
7010.2040816326535,0.7983303773723686,0.01
7012.605042016807,0.797319572454431,0.01
7015.00600240096,0.7779756725776562,0.01
7017.406962785113,0.7832815487151109,0.01
7019.807923169267,0.7856221725042724,0.01
7022.208883553421,0.8121653939512021,0.01
7024.609843937575,0.7849580410258699,0.01
7027.010804321728,0.7854792967576303,0.01
7029.411764705882,0.7919442264639582,0.01
7031.812725090036,0.7801928431560028,0.01
7034.213685474189,0.7793274679168463,0.01
7036.614645858343,0.7885890005310484,0.01
7039.015606242497,0.7794796645700682,0.01
7041.416566626651,0.7735526261299073,0.01
7043.817527010804,0.7763793982624804,0.01
7046.218487394957,0.7778655346755167,0.01
7048.619447779111,0.7867783848787173,0.01
7051.0204081632655,0.7661306575930059,0.01
7053.421368547419,0.7813977565856431,0.01
7055.822328931572,0.7728314878456601,0.01
7058.223289315726,0.7821053584335177,0.01
7060.62424969988,0.7949620088300243,0.01
7063.0252100840335,0.7698727685457102,0.01
7065.426170468187,0.7579946449669136,0.01
7067.827130852341,0.7641696752080229,0.01
7070.228091236495,0.7803898641393001,0.01
7072.629051620648,0.7416761265474124,0.01
7075.030012004801,0.7728551514888268,0.01
7077.4309723889555,0.7392047449183866,0.01
7079.83193277311,0.7648772408765339,0.01
7082.232893157263,0.7542560667237731,0.01
7084.633853541416,0.7643984832294461,0.01
7087.034813925569,0.7617258972038611,0.01
7089.4357743097235,0.7841912243906234,0.01
7091.836734693878,0.7529276154054042,0.01
7094.237695078031,0.7544444826671501,0.01
7096.638655462184,0.7529449121885892,0.01
7099.039615846338,0.7516211324881618,0.01
7101.440576230492,0.75281435128195,0.01
7103.8415366146455,0.7600523389406221,0.01
7106.242496998799,0.7532997553582095,0.01
7108.643457382953,0.741584259861038,0.01
7111.044417767107,0.7279450841512485,0.01
7113.44537815126,0.7607242536690397,0.01
7115.846338535413,0.744534370922462,0.01
7118.247298919568,0.7450041926434617,0.01
7120.648259303722,0.7423688894555484,0.01
7123.049219687875,0.7368041518014279,0.01
7125.450180072028,0.741874059484236,0.01
7127.851140456182,0.7195933269604697,0.01
7130.252100840336,0.7497346338218611,0.01
7132.65306122449,0.7345859307219856,0.01
7135.054021608643,0.7330173247131809,0.01
7137.454981992797,0.7307262581427616,0.01
7139.855942376951,0.7372308984646003,0.01
7142.256902761104,0.7360799355546868,0.01
7144.657863145258,0.729097777398232,0.01
7147.058823529412,0.7395305896871243,0.01
7149.459783913566,0.725596107595828,0.01
7151.860744297719,0.7368429770200047,0.01
7154.261704681872,0.7238139368285282,0.01
7156.6626650660255,0.7308618097731575,0.01
7159.06362545018,0.719036066398629,0.01
7161.464585834334,0.7247185521130272,0.01
7163.865546218487,0.7298671153016885,0.01
7166.26650660264,0.6997421405699966,0.01
7168.667466986794,0.7163926224852432,0.01
7171.0684273709485,0.7321788890005287,0.01
7173.469387755102,0.7267496077254002,0.01
7175.870348139255,0.7152106471860092,0.01
7178.271308523409,0.7118546364329743,0.01
7180.672268907563,0.6976359728315094,0.01
7183.073229291716,0.716998167944578,0.01
7185.47418967587,0.7160557775654096,0.01
7187.875150060024,0.7247776236115185,0.01
7190.276110444178,0.7109975647696556,0.01
7192.677070828331,0.7170117529438705,0.01
7195.078031212484,0.7196391690036773,0.01
7197.4789915966385,0.7192205531198572,0.01
7199.879951980793,0.715221169117488,0.01
7202.280912364946,0.6873300199900702,0.01
7204.681872749099,0.7064353815481549,0.01
7207.082833133253,0.6860190160075021,0.01
7209.483793517407,0.6943169635019185,0.01
7211.8847539015605,0.6910649488755222,0.01
7214.285714285714,0.7001009388621663,0.01
7216.686674669868,0.6817106118651667,0.01
7219.087635054022,0.6986491514483123,0.01
7221.488595438175,0.7082527321439052,0.01
7223.8895558223285,0.6938653341539496,0.01
7226.290516206482,0.6838969997646699,0.01
7228.691476590636,0.7168300979898572,0.01
7231.09243697479,0.6875715959131695,0.01
7233.493397358943,0.6844394311670945,0.01
7235.894357743096,0.6797287401540183,0.01
7238.2953181272505,0.693884100238177,0.01
7240.696278511405,0.6831907027389001,0.01
7243.097238895558,0.676700377349855,0.01
7245.498199279711,0.6827195350214768,0.01
7247.899159663865,0.671566623657658,0.01
7250.300120048019,0.6771628223304696,0.01
7252.701080432173,0.6887782217844546,0.01
7255.102040816326,0.678149542359832,0.01
7257.50300120048,0.6867715431239974,0.01
7259.903961584634,0.6840954288163384,0.01
7262.304921968787,0.6637057092927512,0.01
7264.7058823529405,0.6757408311242403,0.01
7267.106842737095,0.6847196344538277,0.01
7269.507803121249,0.6567878478599667,0.01
7271.908763505402,0.6652876430851313,0.01
7274.309723889555,0.6635735259502773,0.01
7276.710684273709,0.6674613442215722,0.01
7279.1116446578635,0.678425938998159,0.01
7281.512605042017,0.6531478937621696,0.01
7283.91356542617,0.6738755098310624,0.01
7286.314525810324,0.6555765009007433,0.01
7288.715486194478,0.6692453153361452,0.01
7291.116446578631,0.6695594810827693,0.01
7293.517406962785,0.6680942438519755,0.01
7295.918367346938,0.6556685184094724,0.01
7298.319327731092,0.6774372837770096,0.01
7300.720288115246,0.6536854843405091,0.01
7303.121248499399,0.6650389248982429,0.01
7305.522208883553,0.6646431267674253,0.01
7307.923169267707,0.641429147327161,0.01
7310.324129651861,0.6406479290211804,0.01
7312.725090036014,0.6463210951856694,0.01
7315.126050420167,0.645940556422599,0.01
7317.527010804321,0.6403850444664827,0.01
7319.927971188476,0.6576199044253827,0.01
7322.328931572629,0.6466876045199407,0.01
7324.729891956782,0.6705158633628303,0.01
7327.130852340936,0.6436804796077428,0.01
7329.53181272509,0.6416762749445748,0.01
7331.9327731092435,0.6557686551427759,0.01
7334.333733493397,0.6310782616163175,0.01
7336.734693877551,0.6433657868763408,0.01
7339.135654261705,0.6455499752775432,0.01
7341.536614645858,0.6333972843372851,0.01
7343.937575030011,0.636254258675965,0.01
7346.338535414166,0.6237102574887379,0.01
7348.73949579832,0.6434536902184204,0.01
7351.140456182473,0.6291555431413498,0.01
7353.541416566626,0.6190867717398624,0.01
7355.94237695078,0.6106655994170704,0.01
7358.343337334934,0.6182567857223747,0.01
7360.744297719088,0.6234321517439362,0.01
7363.145258103241,0.622879092405276,0.01
7365.546218487394,0.619764418234375,0.01
7367.947178871548,0.6273861405987032,0.01
7370.348139255702,0.6180743225364577,0.01
7372.749099639856,0.6162915078141266,0.01
7375.150060024009,0.6210235179103155,0.01
7377.551020408163,0.6038996631757862,0.01
7379.951980792317,0.6114583738743691,0.01
7382.35294117647,0.6191426757765722,0.01
7384.7539015606235,0.6303860171134118,0.01
7387.154861944778,0.6389046615955437,0.01
7389.555822328932,0.6098617948544083,0.01
7391.956782713085,0.6063229063150134,0.01
7394.357743097238,0.6252677200616257,0.01
7396.758703481392,0.6289348627481345,0.01
7399.1596638655465,0.6007578976208051,0.01
7401.5606242497,0.5966812536759301,0.01
7403.961584633853,0.6035585863018521,0.01
7406.362545018007,0.5833482626575152,0.01
7408.763505402161,0.6228815017319131,0.01
7411.164465786314,0.6046882604154344,0.01
7413.565426170468,0.6051199216496148,0.01
7415.966386554622,0.5897262213589951,0.01
7418.367346938776,0.587068382152508,0.01
7420.768307322929,0.6099835419718642,0.01
7423.169267707082,0.603669703569682,0.01
7425.5702280912365,0.5997025461814791,0.01
7427.97118847539,0.6040742174697529,0.01
7430.372148859544,0.5858210106027408,0.01
7432.773109243697,0.6017924665396441,0.01
7435.17406962785,0.5856728972098049,0.01
7437.575030012004,0.5917125003029837,0.01
7439.9759903961585,0.5898806728838865,0.01
7442.376950780312,0.581405042707148,0.01
7444.777911164465,0.5732352544056208,0.01
7447.178871548619,0.572815789078946,0.01
7449.579831932773,0.5525821560185403,0.01
7451.980792316926,0.5913935426828544,0.01
7454.38175270108,0.576243820719727,0.01
7456.782713085234,0.573021153814195,0.01
7459.183673469388,0.5821246873641682,0.01
7461.584633853541,0.5705455557566207,0.01
7463.985594237694,0.5659616941961539,0.01
7466.3865546218485,0.5783132089217443,0.01
7468.787515006003,0.5550015211354459,0.01
7471.188475390156,0.5758122120295032,0.01
7473.589435774309,0.5583840568146015,0.01
7475.990396158463,0.5688147377806044,0.01
7478.391356542617,0.5517153337520669,0.01
7480.792316926771,0.5638811962043848,0.01
7483.193277310924,0.5411673789418106,0.01
7485.594237695078,0.57116865142769,0.01
7487.995198079232,0.572346844679519,0.01
7490.396158463385,0.5606878514600024,0.01
7492.7971188475385,0.5581551813976742,0.01
7495.198079231693,0.5291891568773056,0.01
7497.599039615846,0.5643943031356823,0.01
7500.0,0.5528503616719067,0.01
7502.400960384153,0.5621633466052539,0.01
7504.801920768306,0.5387728851209218,0.01
7507.202881152461,0.5617450576012861,0.01
7509.603841536615,0.5513046212834696,0.01
7512.004801920768,0.5407657900983541,0.01
7514.405762304921,0.5414934470503177,0.01
7516.806722689075,0.5640320816906028,0.01
7519.207683073229,0.5578984625178973,0.01
7521.608643457383,0.5431138477133791,0.01
7524.009603841536,0.5432460073110477,0.01
7526.41056422569,0.5335642206256274,0.01
7528.811524609844,0.5316129547353323,0.01
7531.212484993997,0.5408060831706295,0.01
7533.613445378151,0.5230483665622226,0.01
7536.014405762305,0.5271370862044358,0.01
7538.415366146459,0.5322983289966936,0.01
7540.816326530612,0.5202394124606028,0.01
7543.217286914765,0.5365774349473007,0.01
7545.618247298919,0.539202552707172,0.01
7548.019207683074,0.5377313707592604,0.01
7550.420168067227,0.5282333057496654,0.01
7552.82112845138,0.5227512196343966,0.01
7555.222088835534,0.5204419214365492,0.01
7557.623049219688,0.5282846688894942,0.01
7560.0240096038415,0.5363238726505475,0.01
7562.424969987995,0.5265323072425374,0.01
7564.825930372148,0.5176398335465165,0.01
7567.226890756302,0.5244450090348909,0.01
7569.627851140456,0.5027283757575447,0.01
7572.028811524609,0.5070288567467731,0.01
7574.429771908763,0.5065761284265028,0.01
7576.830732292917,0.48802512691939387,0.01
7579.231692677071,0.4916342161765073,0.01
7581.632653061224,0.4881393776643277,0.01
7584.033613445377,0.5007910779270638,0.01
7586.4345738295315,0.49120245321630707,0.01
7588.835534213686,0.48495099257663277,0.01
7591.236494597839,0.4758750624432092,0.01
7593.637454981992,0.46866776856355213,0.01
7596.038415366146,0.4659397568316769,0.01
7598.439375750299,0.48229098683180766,0.01
7600.8403361344535,0.4666406189793811,0.01
7603.241296518607,0.44936906624895573,0.01
7605.642256902761,0.4715737004568334,0.01
7608.043217286914,0.478793177104821,0.01
7610.444177671068,0.49436935667112136,0.01
7612.8451380552215,0.4637169038526633,0.01
7615.246098439376,0.4727462552395611,0.01
7617.647058823529,0.5009746180414687,0.01
7620.048019207683,0.470570557140815,0.01
7622.448979591836,0.4807736329707195,0.01
7624.84993997599,0.4864187970852867,0.01
7627.2509003601435,0.4831428289829831,0.01
7629.651860744298,0.4854209897273472,0.01
7632.052821128451,0.4886775674500365,0.01
7634.453781512605,0.4912527652388394,0.01
7636.854741896758,0.48480523202326326,0.01
7639.255702280912,0.49861614539823873,0.01
7641.656662665066,0.5079635033321769,0.01
7644.05762304922,0.4691629644945099,0.01
7646.458583433373,0.48193278727940425,0.01
7648.859543817527,0.47508651352968806,0.01
7651.26050420168,0.47285858426300337,0.01
7653.661464585834,0.4735699573041405,0.01
7656.062424969988,0.473787708779894,0.01
7658.463385354142,0.48470578952707327,0.01
7660.864345738295,0.48283363091315823,0.01
7663.265306122449,0.4739945063642277,0.01
7665.666266506602,0.471846113558396,0.01
7668.067226890756,0.47186458303655565,0.01
7670.46818727491,0.4658523466601754,0.01
7672.869147659063,0.4795896229575918,0.01
7675.270108043217,0.47413893975486815,0.01
7677.67106842737,0.46600141689980207,0.01
7680.072028811524,0.4695631283957169,0.01
7682.472989195678,0.46978573378495936,0.01
7684.873949579832,0.4805490766322341,0.01
7687.274909963985,0.45994360303357024,0.01
7689.675870348139,0.4717547793072774,0.01
7692.076830732292,0.455336115602666,0.01
7694.4777911164465,0.45592860087703346,0.01
7696.8787515006,0.4442495738240978,0.01
7699.279711884754,0.4338707348790282,0.01
7701.680672268907,0.4535164987201558,0.01
7704.081632653061,0.448356525360863,0.01
7706.482593037214,0.45246536697233203,0.01
7708.883553421369,0.44883732227300793,0.01
7711.284513805522,0.46105307318249084,0.01
7713.685474189676,0.4485642623448406,0.01
7716.086434573829,0.44998119836659856,0.01
7718.487394957983,0.4455217585165329,0.01
7720.8883553421365,0.45270437283670306,0.01
7723.289315726291,0.45837098940567095,0.01
7725.690276110444,0.4740312839320248,0.01
7728.091236494598,0.4401957888283827,0.01
7730.492196878751,0.46173337875691794,0.01
7732.893157262905,0.4292987154576173,0.01
7735.294117647059,0.458919405082417,0.01
7737.695078031212,0.4359421065522051,0.01
7740.096038415366,0.4506464095644994,0.01
7742.496998799519,0.42509463960178256,0.01
7744.897959183673,0.4373936927207223,0.01
7747.2989195678265,0.4454327096088092,0.01
7749.699879951981,0.4330397217080499,0.01
7752.100840336134,0.43754736496969665,0.01
7754.501800720288,0.44019824882360487,0.01
7756.902761104441,0.4213632738781885,0.01
7759.303721488595,0.42200623119337494,0.01
7761.704681872749,0.42547160080055996,0.01
7764.105642256903,0.4352123543077502,0.01
7766.506602641056,0.434328542827528,0.01
7768.90756302521,0.4189740855167106,0.01
7771.308523409363,0.4333550175317269,0.01
7773.709483793517,0.43131718244646655,0.01
7776.110444177671,0.42165548084016624,0.01
7778.511404561825,0.4107845409651478,0.01
7780.912364945978,0.4180910484493355,0.01
7783.313325330132,0.4114554910914783,0.01
7785.714285714285,0.42832468615733965,0.01
7788.1152460984395,0.42077157573509977,0.01
7790.516206482593,0.4389844219581463,0.01
7792.917166866747,0.40292348715431314,0.01
7795.3181272509,0.40161336600803665,0.01
7797.719087635054,0.42633620319061716,0.01
7800.120048019207,0.3985691306661748,0.01
7802.521008403361,0.42387628351511714,0.01
7804.921968787515,0.40626955006455134,0.01
7807.322929171668,0.41553527016568076,0.01
7809.723889555822,0.4191522362247436,0.01
7812.124849939975,0.41020696290231234,0.01
7814.525810324129,0.3918799238124924,0.01
7816.926770708283,0.39548304588006533,0.01
7819.327731092437,0.38007329485870955,0.01
7821.72869147659,0.3945837242805626,0.01
7824.129651860744,0.39376704394947426,0.01
7826.530612244897,0.4096622923390006,0.01
7828.9315726290515,0.4100427165241627,0.01
7831.332533013205,0.4054028002115133,0.01
7833.733493397359,0.4055023759890285,0.01
7836.134453781512,0.3851956126744677,0.01
7838.535414165666,0.3828539715108935,0.01
7840.936374549819,0.38376403100656004,0.01
7843.337334933974,0.3807622229218335,0.01
7845.738295318127,0.3939107674868845,0.01
7848.139255702281,0.39235085556636784,0.01
7850.540216086434,0.40406683662754883,0.01
7852.941176470588,0.392417178504128,0.01
7855.3421368547415,0.3847949320922275,0.01
7857.743097238896,0.38377336541747,0.01
7860.144057623049,0.37233156549073365,0.01
7862.545018007203,0.4011759714409911,0.01
7864.945978391356,0.38213116337039965,0.01
7867.34693877551,0.3702384068628431,0.01
7869.747899159664,0.38416128381469017,0.01
7872.148859543817,0.38047515595779763,0.01
7874.549819927971,0.35149156395959685,0.01
7876.950780312124,0.3722091612611877,0.01
7879.351740696278,0.38176703915539745,0.01
7881.7527010804315,0.3730129005242866,0.01
7884.153661464586,0.38327895534637396,0.01
7886.554621848739,0.37821274835894525,0.01
7888.955582232893,0.36831170703274085,0.01
7891.356542617046,0.36743691121346805,0.01
7893.7575030012,0.359705195564979,0.01
7896.158463385354,0.3713762977781463,0.01
7898.559423769508,0.357089788037003,0.01
7900.960384153661,0.377816867277153,0.01
7903.361344537815,0.3664028217652169,0.01
7905.762304921968,0.3684259772409284,0.01
7908.163265306122,0.35364045199920613,0.01
7910.564225690276,0.34073625452822953,0.01
7912.96518607443,0.3654985086015222,0.01
7915.366146458583,0.3630947161983048,0.01
7917.767106842737,0.36052360720479365,0.01
7920.16806722689,0.3545249576999537,0.01
7922.5690276110445,0.35628761300242867,0.01
7924.969987995198,0.3577680745067497,0.01
7927.370948379352,0.35891585675883886,0.01
7929.771908763505,0.345214305580049,0.01
7932.172869147659,0.3358035974072843,0.01
7934.573829531812,0.34829425400948205,0.01
7936.9747899159665,0.33255172221781865,0.01
7939.37575030012,0.3494179955822719,0.01
7941.776710684273,0.3464044309988506,0.01
7944.177671068427,0.3512870638198248,0.01
7946.57863145258,0.3559701523892249,0.01
7948.9795918367345,0.33814749793690685,0.01
7951.380552220888,0.3636450976644845,0.01
7953.781512605042,0.3593274126804841,0.01
7956.182472989195,0.3592309710131024,0.01
7958.583433373349,0.34165915424144516,0.01
7960.984393757502,0.3406646946174018,0.01
7963.3853541416565,0.35457875165036534,0.01
7965.78631452581,0.33600422653028,0.01
7968.187274909964,0.34944410121742253,0.01
7970.588235294117,0.34410284945479447,0.01
7972.989195678271,0.3176842633445989,0.01
7975.3901560624245,0.31526108178992907,0.01
7977.791116446579,0.3417516231742039,0.01
7980.192076830732,0.3386189331021964,0.01
7982.593037214886,0.3498956449444257,0.01
7984.993997599039,0.3410766980134593,0.01
7987.394957983193,0.3312076429061208,0.01
7989.7959183673465,0.3430344342445151,0.01
7992.196878751501,0.31983228602270386,0.01
7994.597839135654,0.31716404246781915,0.01
7996.998799519808,0.31391394646907644,0.01
7999.399759903961,0.3220165244534907,0.01
8001.800720288115,0.33129906931599507,0.01
8004.201680672269,0.32167762096050234,0.01
8006.602641056423,0.3205406160248184,0.01
8009.003601440576,0.30881415410169655,0.01
8011.404561824729,0.32330740614782305,0.01
8013.805522208883,0.3174736119804551,0.01
8016.2064825930365,0.3078980936866414,0.01
8018.607442977191,0.31187744513714377,0.01
8021.008403361344,0.30629391282634894,0.01
8023.409363745498,0.32193187426412817,0.01
8025.810324129651,0.31527469897497434,0.01
8028.211284513805,0.32425257785623807,0.01
8030.612244897959,0.32451431423706933,0.01
8033.013205282113,0.3069757149328829,0.01
8035.414165666266,0.30365616115574195,0.01
8037.81512605042,0.32004458491149906,0.01
8040.216086434573,0.305671477872376,0.01
8042.617046818727,0.3102320992632318,0.01
8045.018007202881,0.292534068382827,0.01
8047.418967587035,0.32522879989799014,0.01
8049.819927971188,0.324839546218375,0.01
8052.220888355342,0.28813746483109115,0.01
8054.621848739495,0.29210696266479075,0.01
8057.0228091236495,0.28497632160617725,0.01
8059.423769507803,0.2968506993587599,0.01
8061.824729891957,0.30928433213613693,0.01
8064.22569027611,0.30422089629451143,0.01
8066.626650660264,0.3168061054172206,0.01
8069.027611044417,0.293520773955397,0.01
8071.428571428572,0.27200553699247937,0.01
8073.829531812725,0.2868054571860461,0.01
8076.230492196878,0.2949702453989439,0.01
8078.631452581032,0.28150615650831373,0.01
8081.032412965185,0.2892597334532655,0.01
8083.4333733493395,0.30109858450501975,0.01
8085.834333733493,0.278986604685336,0.01
8088.235294117647,0.30477401663398584,0.01
8090.6362545018,0.2897024178874548,0.01
8093.037214885954,0.29579326338908185,0.01
8095.438175270107,0.28715720075120366,0.01
8097.839135654262,0.31431854083707317,0.01
8100.240096038415,0.28786346264836843,0.01
8102.641056422569,0.2821378234459137,0.01
8105.042016806722,0.286974644407905,0.01
8107.442977190876,0.26499722588363744,0.01
8109.8439375750295,0.2912312797558766,0.01
8112.244897959184,0.3048720136906224,0.01
8114.645858343337,0.27548949551737234,0.01
8117.046818727491,0.2741436646795289,0.01
8119.447779111644,0.28023172434071003,0.01
8121.848739495798,0.272036534640259,0.01
8124.249699879952,0.28659162210428346,0.01
8126.650660264106,0.2836402694727517,0.01
8129.051620648259,0.26483058573655976,0.01
8131.452581032413,0.2656000514541317,0.01
8133.853541416566,0.26900601253505096,0.01
8136.25450180072,0.2752979842849873,0.01
8138.655462184874,0.272938935772165,0.01
8141.056422569028,0.2958094869393841,0.01
8143.457382953181,0.2746621505487771,0.01
8145.858343337334,0.2565534649118443,0.01
8148.259303721488,0.26504889396498127,0.01
8150.6602641056415,0.27011072583028906,0.01
8153.061224489796,0.24681566060970983,0.01
8155.462184873949,0.270064600796115,0.01
8157.863145258103,0.2673418550891644,0.01
8160.264105642256,0.27151424510332234,0.01
8162.66506602641,0.26271725878403823,0.01
8165.066026410564,0.24483505380922202,0.01
8167.466986794718,0.2616378027830715,0.01
8169.867947178871,0.2577605893200218,0.01
8172.268907563025,0.27548814294200685,0.01
8174.669867947178,0.26246412155649457,0.01
8177.070828331332,0.251154740029022,0.01
8179.471788715486,0.26091401162807776,0.01
8181.87274909964,0.2609888453112877,0.01
8184.273709483793,0.2641036727753313,0.01
8186.674669867947,0.2606593846732459,0.01
8189.0756302521,0.24222512226086976,0.01
8191.4765906362545,0.2696894688661148,0.01
8193.877551020407,0.2582480625486166,0.01
8196.278511404562,0.23337650811539318,0.01
8198.679471788715,0.24080407221606265,0.01
8201.080432172868,0.2410981975557924,0.01
8203.481392557023,0.2518474116869247,0.01
8205.882352941177,0.2459714442149206,0.01
8208.28331332533,0.24427564669923418,0.01
8210.684273709485,0.24511084331077254,0.01
8213.085234093636,0.2465471884782891,0.01
8215.486194477791,0.23637345980657348,0.01
8217.887154861945,0.24996631719104143,0.01
8220.288115246098,0.24887724102528347,0.01
8222.689075630253,0.2363506133536567,0.01
8225.090036014404,0.23142075499854686,0.01
8227.49099639856,0.26227364849904533,0.01
8229.891956782712,0.22187132933885648,0.01
8232.292917166866,0.2296186270602811,0.01
8234.69387755102,0.24040285040604895,0.01
8237.094837935174,0.23165721237005843,0.01
8239.495798319327,0.24351517802992148,0.01
8241.896758703482,0.20447523378483298,0.01
8244.297719087634,0.21494277660513458,0.01
8246.698679471789,0.21842301451107,0.01
8249.099639855942,0.2384809084280774,0.01
8251.500600240095,0.24156827988697643,0.01
8253.90156062425,0.23360850608649342,0.01
8256.302521008403,0.2262359758031926,0.01
8258.703481392557,0.21222085600738066,0.01
8261.104441776712,0.2304700613132153,0.01
8263.505402160863,0.22606474575219085,0.01
8265.906362545018,0.23794487882706522,0.01
8268.307322929171,0.21624962402275316,0.01
8270.708283313325,0.223738932397572,0.01
8273.10924369748,0.22326543381300448,0.01
8275.510204081633,0.23831773090640265,0.01
8277.911164465786,0.21115903128438782,0.01
8280.312124849941,0.21258162483626336,0.01
8282.713085234092,0.22919537695689146,0.01
8285.114045618247,0.2192004149279019,0.01
8287.5150060024,0.22424760280704745,0.01
8289.915966386554,0.2154868810028087,0.01
8292.316926770709,0.20791497636225637,0.01
8294.71788715486,0.23347418518245355,0.01
8297.118847539015,0.20732295880610946,0.01
8299.519807923169,0.21919863732499043,0.01
8301.920768307322,0.21194370991419825,0.01
8304.321728691477,0.21922123549048028,0.01
8306.72268907563,0.20665193944836274,0.01
8309.123649459783,0.22235762089524613,0.01
8311.524609843938,0.21039774647704054,0.01
8313.92557022809,0.20904163844299298,0.01
8316.326530612245,0.21585255715977011,0.01
8318.727490996398,0.22053663266820422,0.01
8321.128451380551,0.21815626131022917,0.01
8323.529411764706,0.19681684761275414,0.01
8325.93037214886,0.20941440364743427,0.01
8328.331332533013,0.2070138145639886,0.01
8330.732292917168,0.217465406721749,0.01
8333.13325330132,0.1936938091591292,0.01
8335.534213685474,0.20808362765268124,0.01
8337.935174069627,0.2221999516452372,0.01
8340.33613445378,0.19551562929843,0.01
8342.737094837936,0.20681992649625744,0.01
8345.138055222089,0.20346576492678684,0.01
8347.539015606242,0.20976795109765306,0.01
8349.939975990395,0.20413440203168315,0.01
8352.340936374549,0.1981803342764781,0.01
8354.741896758704,0.2032397614336372,0.01
8357.142857142857,0.19916239426132498,0.01
8359.54381752701,0.20077149512190906,0.01
8361.944777911165,0.19366230207635,0.01
8364.345738295317,0.19151676074970622,0.01
8366.746698679472,0.20056903947892044,0.01
8369.147659063625,0.19365706130264712,0.01
8371.548619447778,0.1931165825694867,0.01
8373.949579831933,0.2050809520729461,0.01
8376.350540216086,0.20296906979786614,0.01
8378.75150060024,0.20138233221208446,0.01
8381.152460984395,0.1929235469739001,0.01
8383.553421368546,0.18040191810486017,0.01
8385.954381752701,0.1835336794374307,0.01
8388.355342136854,0.17050427953435407,0.01
8390.756302521007,0.19312391552824323,0.01
8393.157262905162,0.1685186241622611,0.01
8395.558223289316,0.19315970999905832,0.01
8397.959183673469,0.18050421277933038,0.01
8400.360144057624,0.17631505617137777,0.01
8402.761104441775,0.17118850490500997,0.01
8405.16206482593,0.19504844939175656,0.01
8407.563025210084,0.18875875627252942,0.01
8409.963985594237,0.18955692136459631,0.01
8412.364945978392,0.19544855359515997,0.01
8414.765906362545,0.1880305361652344,0.01
8417.166866746698,0.1817351608077058,0.01
8419.567827130852,0.17855532616639216,0.01
8421.968787515005,0.18897133496690208,0.01
8424.36974789916,0.18873036380348748,0.01
8426.770708283313,0.18967248339858048,0.01
8429.171668667466,0.1786449781922359,0.01
8431.572629051621,0.16512709168418102,0.01
8433.973589435773,0.16160976899604926,0.01
8436.374549819928,0.1638186466593327,0.01
8438.775510204081,0.15846896751035794,0.01
8441.176470588234,0.17829659825760413,0.01
8443.57743097239,0.18338389194168575,0.01
8445.978391356542,0.1600106448738969,0.01
8448.379351740696,0.173029143584852,0.01
8450.78031212485,0.17677641744277195,0.01
8453.181272509002,0.19029362177786757,0.01
8455.582232893157,0.1646042822932359,0.01
8457.98319327731,0.16295370006698875,0.01
8460.384153661464,0.16574211774392955,0.01
8462.785114045619,0.17846954234242907,0.01
8465.186074429772,0.15288296619982655,0.01
8467.587034813925,0.16049003940577009,0.01
8469.98799519808,0.1628251341458589,0.01
8472.388955582232,0.16270125654289222,0.01
8474.789915966387,0.15900991348731028,0.01
8477.19087635054,0.1630687484177501,0.01
8479.591836734693,0.16563557038326027,0.01
8481.992797118848,0.16553417903778114,0.01
8484.393757503001,0.15483090161117988,0.01
8486.794717887155,0.16788043210062015,0.01
8489.195678271308,0.17328236937231667,0.01
8491.596638655461,0.16002990664918815,0.01
8493.997599039616,0.15892477633446786,0.01
8496.39855942377,0.16715310643064957,0.01
8498.799519807922,0.16824097556434253,0.01
8501.200480192078,0.1686488517912813,0.01
8503.601440576229,0.1521801316203052,0.01
8506.002400960384,0.15622434441168648,0.01
8508.403361344537,0.1461916167906294,0.01
8510.80432172869,0.15788327565349758,0.01
8513.205282112845,0.1589008618328928,0.01
8515.606242496999,0.1454822661537772,0.01
8518.007202881152,0.13822478715232742,0.01
8520.408163265307,0.15704554848781715,0.01
8522.809123649458,0.13125831763759996,0.01
8525.210084033613,0.14781538238045575,0.01
8527.611044417767,0.15386407799720933,0.01
8530.01200480192,0.13911939045793406,0.01
8532.412965186075,0.13782417962024687,0.01
8534.813925570228,0.1639988411922392,0.01
8537.214885954381,0.14837338415330276,0.01
8539.615846338536,0.1509901593201411,0.01
8542.016806722688,0.15595253762734085,0.01
8544.417767106843,0.14762451191494813,0.01
8546.818727490996,0.14365496495866303,0.01
8549.21968787515,0.13651708548092514,0.01
8551.620648259304,0.13546922863030825,0.01
8554.021608643456,0.1325835995771094,0.01
8556.42256902761,0.13619181184062432,0.01
8558.823529411764,0.14440139064422167,0.01
8561.224489795917,0.14224696647938134,0.01
8563.625450180072,0.1363658308249411,0.01
8566.026410564225,0.13572703975665532,0.01
8568.427370948379,0.15144432547983064,0.01
8570.828331332534,0.1531907865194429,0.01
8573.229291716685,0.14781820900089115,0.01
8575.63025210084,0.12575300042328263,0.01
8578.031212484993,0.1352153758404057,0.01
8580.432172869147,0.14638808604533418,0.01
8582.833133253302,0.14648083824494537,0.01
8585.234093637455,0.13915674645432763,0.01
8587.635054021608,0.13839267347140902,0.01
8590.036014405763,0.15319842844733447,0.01
8592.436974789915,0.15629170283655586,0.01
8594.83793517407,0.148949169161759,0.01
8597.238895558223,0.14608341766045665,0.01
8599.639855942376,0.1341303658208573,0.01
8602.040816326531,0.1554327576367299,0.01
8604.441776710684,0.12301553203895658,0.01
8606.842737094838,0.13938693294024568,0.01
8609.243697478993,0.13040705922263837,0.01
8611.644657863144,0.13401446864765484,0.01
8614.045618247299,0.11431382259299773,0.01
8616.446578631452,0.12859702056064623,0.01
8618.847539015605,0.13333205199282458,0.01
8621.24849939976,0.13192451628629714,0.01
8623.649459783912,0.13921194922124225,0.01
8626.050420168067,0.13241162674548657,0.01
8628.45138055222,0.1298088060448834,0.01
8630.852340936373,0.13745398678265838,0.01
8633.253301320528,0.1208834805516283,0.01
8635.654261704682,0.12527024072526302,0.01
8638.055222088835,0.1203123783356718,0.01
8640.45618247299,0.11958934351473195,0.01
8642.857142857141,0.1257843573613892,0.01
8645.258103241296,0.11511471183157491,0.01
8647.65906362545,0.11776454809636873,0.01
8650.060024009603,0.123931119439088,0.01
8652.460984393758,0.13623217723558811,0.01
8654.861944777911,0.11230103420672226,0.01
8657.262905162064,0.12637910559486246,0.01
8659.66386554622,0.13112998789424787,0.01
8662.06482593037,0.13045265772671272,0.01
8664.465786314526,0.12658492612767094,0.01
8666.866746698679,0.11999186984083161,0.01
8669.267707082832,0.12605322294509094,0.01
8671.668667466987,0.12602905373213857,0.01
8674.06962785114,0.11894678557340214,0.01
8676.470588235294,0.11936183067466882,0.01
8678.871548619449,0.12453536594664692,0.01
8681.2725090036,0.10857956724035525,0.01
8683.673469387755,0.11925244907362521,0.01
8686.074429771908,0.12834385667480197,0.01
8688.475390156062,0.10548332252074062,0.01
8690.876350540217,0.10484411781259591,0.01
8693.277310924368,0.10098297242907425,0.01
8695.678271308523,0.1347718438157256,0.01
8698.079231692676,0.11291758355192395,0.01
8700.48019207683,0.10842890485477856,0.01
8702.881152460985,0.11725795197715924,0.01
8705.282112845138,0.11518069164293541,0.01
8707.683073229291,0.11669158982082806,0.01
8710.084033613446,0.1321706769527372,0.01
8712.484993997597,0.11180771635876076,0.01
8714.885954381753,0.11543781712581619,0.01
8717.286914765906,0.11639342565900562,0.01
8719.687875150059,0.11567692703072395,0.01
8722.088835534214,0.11861136416738152,0.01
8724.489795918367,0.10038679529637878,0.01
8726.89075630252,0.10682188772417893,0.01
8729.291716686675,0.1137483593411385,0.01
8731.692677070827,0.10966992351416323,0.01
8734.093637454982,0.11408615850508191,0.01
8736.494597839135,0.11163768392491896,0.01
8738.895558223288,0.09123812982584224,0.01
8741.296518607443,0.10455161577626132,0.01
8743.697478991597,0.10043275807693713,0.01
8746.09843937575,0.09569572898777107,0.01
8748.499399759905,0.09029320903282681,0.01
8750.900360144056,0.10353897940231067,0.01
8753.301320528211,0.11916246707076204,0.01
8755.702280912365,0.10533951116262663,0.01
8758.103241296518,0.11093523108669427,0.01
8760.504201680673,0.1071430253019538,0.01
8762.905162064824,0.12525481221122908,0.01
8765.30612244898,0.10874719356647772,0.01
8767.707082833133,0.10558972723180786,0.01
8770.108043217286,0.09913405937616213,0.01
8772.50900360144,0.0991879418362778,0.01
8774.909963985594,0.10485558077762525,0.01
8777.310924369747,0.10185833569558239,0.01
8779.711884753902,0.09862289728102715,0.01
8782.112845138054,0.10946900503727726,0.01
8784.513805522209,0.09954074595677206,0.01
8786.914765906362,0.09505540023992004,0.01
8789.315726290515,0.0834211079640838,0.01
8791.71668667467,0.08099034107371617,0.01
8794.117647058823,0.09428181732073211,0.01
8796.518607442977,0.08781604603857257,0.01
8798.919567827132,0.1047374921830833,0.01
8801.320528211283,0.08743234543636001,0.01
8803.721488595438,0.0932370480055291,0.01
8806.122448979591,0.09401175335520834,0.01
8808.523409363745,0.0632630389743911,0.01
8810.9243697479,0.0830089046535818,0.01
8813.325330132053,0.09138112201300888,0.01
8815.726290516206,0.0958982526432234,0.01
8818.127250900361,0.09613300405209559,0.01
8820.528211284513,0.10411357657131283,0.01
8822.929171668668,0.09394483643998496,0.01
8825.33013205282,0.10207190052105726,0.01
8827.731092436974,0.10542713969555288,0.01
8830.132052821129,0.10085796237916154,0.01
8832.53301320528,0.1112193477747855,0.01
8834.933973589435,0.08999569539483249,0.01
8837.334933973589,0.0836222613640811,0.01
8839.735894357742,0.08524748345010325,0.01
8842.136854741897,0.10096862164264037,0.01
8844.53781512605,0.09283333727799589,0.01
8846.938775510203,0.09023886329618924,0.01
8849.339735894358,0.09044398367409795,0.01
8851.74069627851,0.09468587550172362,0.01
8854.141656662665,0.0852520380984117,0.01
8856.542617046818,0.07580102820411111,0.01
8858.943577430971,0.07547222091419681,0.01
8861.344537815126,0.09007579524812119,0.01
8863.74549819928,0.0807554130560634,0.01
8866.146458583433,0.07984361126505321,0.01
8868.547418967588,0.08203057542560149,0.01
8870.94837935174,0.10521014765597178,0.01
8873.349339735894,0.09437014276003214,0.01
8875.750300120048,0.08373238383086615,0.01
8878.1512605042,0.0663324960829364,0.01
8880.552220888356,0.07250885099599697,0.01
8882.953181272509,0.07831630276219308,0.01
8885.354141656662,0.09786186433982372,0.01
8887.755102040817,0.0638434481252189,0.01
8890.156062424969,0.09390685750697343,0.01
8892.557022809124,0.07404515771727586,0.01
8894.957983193277,0.07072887177190343,0.01
8897.35894357743,0.07818962108338805,0.01
8899.759903961585,0.07848943177961169,0.01
8902.160864345737,0.07266726900659118,0.01
8904.561824729892,0.07850692323459436,0.01
8906.962785114045,0.08105756158046115,0.01
8909.363745498198,0.08293653516290313,0.01
8911.764705882353,0.075785233975269,0.01
8914.165666266506,0.08847239268637945,0.01
8916.56662665066,0.09529873955613904,0.01
8918.967587034815,0.06021427441821909,0.01
8921.368547418966,0.07287499682002546,0.01
8923.769507803121,0.0881148057241194,0.01
8926.170468187274,0.07418975607876785,0.01
8928.571428571428,0.07557459076089652,0.01
8930.972388955583,0.08813749718551779,0.01
8933.373349339736,0.06735992750005623,0.01
8935.774309723889,0.08348236207029665,0.01
8938.175270108044,0.08763278036792513,0.01
8940.576230492195,0.07610187915947345,0.01
8942.97719087635,0.0805447091558257,0.01
8945.378151260504,0.07974348545419567,0.01
8947.779111644657,0.065964292246867,0.01
8950.180072028812,0.0698966224357626,0.01
8952.581032412965,0.08664796648603196,0.01
8954.981992797118,0.07500757132621547,0.01
8957.382953181273,0.08311990592236795,0.01
8959.783913565425,0.07791644166393288,0.01
8962.18487394958,0.07229601157644806,0.01
8964.585834333733,0.06464288316966264,0.01
8966.986794717886,0.06394479351159126,0.01
8969.387755102041,0.08388294416422602,0.01
8971.788715486193,0.05410998768862928,0.01
8974.189675870348,0.05911749832690095,0.01
8976.590636254501,0.06671375696130495,0.01
8978.991596638654,0.0693910228784133,0.01
8981.39255702281,0.0630388148433404,0.01
8983.793517406963,0.07913925356900316,0.01
8986.194477791116,0.06129983182791514,0.01
8988.59543817527,0.06518605987902298,0.01
8990.996398559422,0.0766974040135061,0.01
8993.397358943577,0.06726312656035628,0.01
8995.79831932773,0.07888822019479375,0.01
8998.199279711884,0.04888014086564431,0.01
9000.600240096039,0.07310699491307678,0.01
9003.001200480192,0.05727848528055259,0.01
9005.402160864345,0.04890365817346004,0.01
9007.8031212485,0.042072730030874084,0.01
9010.204081632652,0.05891044877852034,0.01
9012.605042016807,0.07171789800953111,0.01
9015.00600240096,0.05076730882739098,0.01
9017.406962785113,0.08067952749962115,0.01
9019.807923169268,0.06524477241430715,0.01
9022.208883553421,0.05935019367399659,0.01
9024.609843937575,0.05973683310297562,0.01
9027.01080432173,0.06693767547431338,0.01
9029.411764705881,0.07262854056957377,0.01
9031.812725090036,0.05970917420448568,0.01
9034.21368547419,0.06119093749926087,0.01
9036.614645858343,0.051242891433388976,0.01
9039.015606242498,0.05713121517808199,0.01
9041.416566626649,0.05179310729064982,0.01
9043.817527010804,0.05341372172852413,0.01
9046.218487394957,0.06040381368666832,0.01
9048.61944777911,0.08550504196898705,0.01
9051.020408163266,0.08312596694992982,0.01
9053.421368547419,0.04619371072448615,0.01
9055.822328931572,0.05642818673364293,0.01
9058.223289315727,0.04536510513996977,0.01
9060.624249699878,0.05990091511890311,0.01
9063.025210084033,0.055028794713602475,0.01
9065.426170468187,0.051680393310266026,0.01
9067.82713085234,0.05794617590402461,0.01
9070.228091236495,0.07063815555791918,0.01
9072.629051620648,0.05692776900598257,0.01
9075.030012004801,0.055504080472733364,0.01
9077.430972388956,0.06546314409831064,0.01
9079.831932773108,0.043779003729448485,0.01
9082.232893157263,0.06864679479876003,0.01
9084.633853541416,0.058767527046229485,0.01
9087.03481392557,0.050954030389333146,0.01
9089.435774309724,0.044476853971451895,0.01
9091.836734693878,0.060245579137994026,0.01
9094.23769507803,0.04334691588920361,0.01
9096.638655462186,0.05976555626293089,0.01
9099.039615846337,0.049350190050455656,0.01
9101.440576230492,0.059609667996448866,0.01
9103.841536614646,0.07213921108283264,0.01
9106.242496998799,0.05296694753161605,0.01
9108.643457382954,0.061620448335730216,0.01
9111.044417767105,0.049757225086350956,0.01
9113.44537815126,0.047125824877308264,0.01
9115.846338535413,0.051422924404190815,0.01
9118.247298919567,0.034826474715942746,0.01
9120.648259303722,0.026571802427894406,0.01
9123.049219687875,0.06323372658494851,0.01
9125.450180072028,0.04245974607046606,0.01
9127.851140456183,0.04162052848972458,0.01
9130.252100840335,0.05518503901635641,0.01
9132.65306122449,0.04250689049866476,0.01
9135.054021608643,0.05009562346706469,0.01
9137.454981992796,0.057697847936804936,0.01
9139.855942376951,0.04516726593030427,0.01
9142.256902761104,0.05992747935749673,0.01
9144.657863145258,0.049729136626618195,0.01
9147.058823529413,0.0653994150683361,0.01
9149.459783913564,0.0489132591490976,0.01
9151.860744297719,0.03444489550238057,0.01
9154.261704681872,0.049371054444721556,0.01
9156.662665066026,0.056638107798266404,0.01
9159.06362545018,0.046818046480192055,0.01
9161.464585834334,0.021241744434171417,0.01
9163.865546218487,0.04702428785828755,0.01
9166.266506602642,0.032127994385033956,0.01
9168.667466986793,0.04591089813841795,0.01
9171.068427370948,0.04324644798482957,0.01
9173.469387755102,0.048269842095799986,0.01
9175.870348139255,0.04273253628182422,0.01
9178.27130852341,0.05284544959991939,0.01
9180.672268907561,0.04729657951374582,0.01
9183.073229291716,0.043457282047927495,0.01
9185.47418967587,0.03210196834846799,0.01
9187.875150060023,0.06365429776950336,0.01
9190.276110444178,0.03671932739487365,0.01
9192.677070828331,0.04362726764176507,0.01
9195.078031212484,0.04083244122489363,0.01
9197.47899159664,0.029275923114842655,0.01
9199.87995198079,0.04643838660332401,0.01
9202.280912364946,0.05507561018426656,0.01
9204.681872749099,0.03648979122279726,0.01
9207.082833133252,0.04558148034442548,0.01
9209.483793517407,0.050167091256826384,0.01
9211.88475390156,0.04926292066029001,0.01
9214.285714285714,0.04582374002506229,0.01
9216.686674669869,0.05451914601045875,0.01
9219.08763505402,0.04522934617105083,0.01
9221.488595438175,0.05051295784633836,0.01
9223.889555822328,0.03719811822081389,0.01
9226.290516206482,0.04605184397992291,0.01
9228.691476590637,0.058464596418054446,0.01
9231.09243697479,0.03444668077814515,0.01
9233.493397358943,0.03435382830691748,0.01
9235.894357743098,0.0517033351602435,0.01
9238.29531812725,0.0437161250471718,0.01
9240.696278511405,0.041568420678739594,0.01
9243.097238895558,0.036815819273189325,0.01
9245.498199279711,0.04263770165011751,0.01
9247.899159663866,0.04555993417195109,0.01
9250.300120048018,0.03310763863852645,0.01
9252.701080432173,0.04096906576975397,0.01
9255.102040816326,0.034884238981569685,0.01
9257.503001200479,0.05268775991242003,0.01
9259.903961584634,0.04780866860868506,0.01
9262.304921968787,0.0384949501356313,0.01
9264.70588235294,0.039960851961391285,0.01
9267.106842737096,0.03369144290350087,0.01
9269.507803121247,0.030721113981922277,0.01
9271.908763505402,0.03257202622670771,0.01
9274.309723889555,0.04083763114197913,0.01
9276.710684273708,0.03514061447194339,0.01
9279.111644657864,0.040715070944029,0.01
9281.512605042017,0.015153993939026555,0.01
9283.91356542617,0.029639660365272876,0.01
9286.314525810325,0.037704831939017525,0.01
9288.715486194476,0.02859847312318784,0.01
9291.116446578631,0.03996815385816887,0.01
9293.517406962785,0.032951350071507304,0.01
9295.918367346938,0.04155084960657617,0.01
9298.319327731093,0.05582608861590575,0.01
9300.720288115246,0.022773938144580872,0.01
9303.1212484994,0.03743671273840108,0.01
9305.522208883553,0.028960540056613814,0.01
9307.923169267706,0.022148546892181632,0.01
9310.32412965186,0.01888375041384504,0.01
9312.725090036014,0.045458303621423696,0.01
9315.126050420167,0.05425174245822431,0.01
9317.527010804322,0.035588479628612196,0.01
9319.927971188474,0.015284370754103153,0.01
9322.328931572629,0.022143805826492106,0.01
9324.729891956782,0.03467091295093836,0.01
9327.130852340935,0.01156296063137639,0.01
9329.53181272509,0.03524698688773125,0.01
9331.932773109243,0.06002212600273297,0.01
9334.333733493397,0.039478208071129804,0.01
9336.734693877552,0.0365578203312243,0.01
9339.135654261703,0.01770238288676957,0.01
9341.536614645858,0.02231906074893533,0.01
9343.937575030011,0.043399625205307706,0.01
9346.338535414165,0.04371150082967938,0.01
9348.73949579832,0.03575816585481828,0.01
9351.140456182473,0.03325172074192458,0.01
9353.541416566626,0.03368222865803227,0.01
9355.942376950781,0.030067198668554184,0.01
9358.343337334933,0.04147240121564945,0.01
9360.744297719088,0.031051473501683302,0.01
9363.14525810324,0.05104962674309943,0.01
9365.546218487394,0.02972066751203965,0.01
9367.94717887155,0.025586413130684008,0.01
9370.348139255702,0.009084060906520117,0.01
9372.749099639856,0.027843257189222197,0.01
9375.150060024009,0.01991847602915952,0.01
9377.551020408162,0.0467190573293568,0.01
9379.951980792317,0.043805066230318136,0.01
9382.35294117647,0.030892120829103534,0.01
9384.753901560623,0.03587945715901642,0.01
9387.154861944779,0.03249483175353351,0.01
9389.55582232893,0.0189802283492035,0.01
9391.956782713085,0.009679161592911985,0.01
9394.357743097238,0.028515007713949023,0.01
9396.758703481391,0.022852948412768394,0.01
9399.159663865546,0.03380702230481177,0.01
9401.5606242497,0.03628508126755202,0.01
9403.961584633853,0.032319561566755896,0.01
9406.362545018008,0.02547409566622865,0.01
9408.76350540216,0.028090593384384726,0.01
9411.164465786314,0.033801713403692944,0.01
9413.565426170468,0.021056439299550093,0.01
9415.96638655462,0.02992171668966732,0.01
9418.367346938776,0.030266700565044945,0.01
9420.76830732293,0.012562017488274516,0.01
9423.169267707082,0.023530994826269754,0.01
9425.570228091237,0.011029732831870493,0.01
9427.971188475389,0.03110797764420421,0.01
9430.372148859544,0.034363237546908974,0.01
9432.773109243697,0.023678606243118887,0.01
9435.17406962785,0.02208954984578233,0.01
9437.575030012005,0.04347425619770065,0.01
9439.975990396159,0.0225343168665173,0.01
9442.376950780312,0.02521258817268526,0.01
9444.777911164465,0.03333756866570958,0.01
9447.178871548618,0.033962878497154354,0.01
9449.579831932773,0.025114216676738448,0.01
9451.980792316926,0.03712477627738727,0.01
9454.38175270108,0.027456286297229605,0.01
9456.782713085235,0.025489991761141504,0.01
9459.183673469386,0.03605412570936805,0.01
9461.584633853541,0.025682766592924063,0.01
9463.985594237694,0.020886925400420475,0.01
9466.386554621848,0.04258218118257873,0.01
9468.787515006003,0.026702913042219993,0.01
9471.188475390156,0.017169591840645558,0.01
9473.58943577431,0.04522173790131748,0.01
9475.990396158464,0.015526483433938462,0.01
9478.391356542616,0.027871354921801143,0.01
9480.79231692677,0.0195931338371404,0.01
9483.193277310924,0.023406736738400137,0.01
9485.594237695077,0.034086644236344235,0.01
9487.995198079232,0.01149836554694935,0.01
9490.396158463385,0.035452278559797046,0.01
9492.797118847539,0.013433275677557538,0.01
9495.198079231694,0.006101695693831302,0.01
9497.599039615845,0.0161779797006342,0.01
9500.0,0.0,0.01
