wavelength,intensity,uncertainty
3500.0,0.07879976830053328,0.01
3502.4009603841537,0.07506278970638006,0.01
3504.8019207683074,0.08075436556942461,0.01
3507.202881152461,0.0772646143784839,0.01
3509.6038415366147,0.06725126208986389,0.01
3512.0048019207684,0.07598113671068261,0.01
3514.405762304922,0.08912107673912817,0.01
3516.8067226890757,0.10222801049249161,0.01
3519.2076830732294,0.0758314467814128,0.01
3521.608643457383,0.08314640469005403,0.01
3524.009603841537,0.07567260984780183,0.01
3526.4105642256905,0.07355515251909299,0.01
3528.811524609844,0.10447672159968552,0.01
3531.212484993998,0.07225261443500165,0.01
3533.6134453781515,0.06649098860357658,0.01
3536.0144057623047,0.07876281098835498,0.01
3538.4153661464584,0.09230146277749571,0.01
3540.816326530612,0.10086181497066626,0.01
3543.2172869147657,0.09919173769236454,0.01
3545.6182472989194,0.09097130455036463,0.01
3548.019207683073,0.08628086213068883,0.01
3550.4201680672268,0.09544145338060464,0.01
3552.8211284513804,0.06568962920129735,0.01
3555.222088835534,0.06948958299985822,0.01
3557.623049219688,0.0992910132453413,0.01
3560.0240096038415,0.0887328125027832,0.01
3562.424969987995,0.08024861844037272,0.01
3564.825930372149,0.08592788917829504,0.01
3567.2268907563025,0.08426358709675652,0.01
3569.627851140456,0.08057153270482013,0.01
3572.02881152461,0.09537191315461027,0.01
3574.4297719087635,0.08540848330858195,0.01
3576.830732292917,0.09348293358936156,0.01
3579.231692677071,0.10560083302613507,0.01
3581.6326530612246,0.09366862066031924,0.01
3584.0336134453783,0.08247931060417069,0.01
3586.434573829532,0.09883509233520847,0.01
3588.8355342136856,0.08986251510774328,0.01
3591.2364945978393,0.1090308791857961,0.01
3593.637454981993,0.08176582015268626,0.01
3596.0384153661466,0.1014996594208765,0.01
3598.4393757503003,0.08912580631573096,0.01
3600.840336134454,0.096138102816754,0.01
3603.2412965186077,0.10003757528746035,0.01
3605.642256902761,0.11438699019240163,0.01
3608.0432172869146,0.11272350079211016,0.01
3610.4441776710682,0.09493238578661069,0.01
3612.845138055222,0.09010448097212553,0.01
3615.2460984393756,0.0922330117003533,0.01
3617.6470588235293,0.10162690510134022,0.01
3620.048019207683,0.08610609592611325,0.01
3622.4489795918366,0.1057222693985565,0.01
3624.8499399759903,0.10991192077028666,0.01
3627.250900360144,0.09542458992321898,0.01
3629.6518607442977,0.09030877542556688,0.01
3632.0528211284513,0.1161527027748348,0.01
3634.453781512605,0.1096927193656773,0.01
3636.8547418967587,0.0900879243017596,0.01
3639.2557022809124,0.1019856591733514,0.01
3641.656662665066,0.10794639895985443,0.01
3644.0576230492197,0.11647320245219357,0.01
3646.4585834333734,0.1070439619085076,0.01
3648.859543817527,0.11088439603792101,0.01
3651.2605042016808,0.10450639480591442,0.01
3653.6614645858344,0.11631506923789478,0.01
3656.062424969988,0.10637478666314797,0.01
3658.463385354142,0.1026529337181485,0.01
3660.8643457382955,0.11466051076213789,0.01
3663.265306122449,0.09481553641044208,0.01
3665.666266506603,0.10572126481273923,0.01
3668.0672268907565,0.11480801176654865,0.01
3670.4681872749097,0.10962904739054792,0.01
3672.869147659064,0.11693258879773066,0.01
3675.270108043217,0.09889240594808743,0.01
3677.6710684273708,0.12877252281648807,0.01
3680.0720288115244,0.11619450865452535,0.01
3682.472989195678,0.10170797919430885,0.01
3684.873949579832,0.09895376057691771,0.01
3687.2749099639855,0.10966862341158483,0.01
3689.675870348139,0.11255366757134988,0.01
3692.076830732293,0.12064852862111322,0.01
3694.4777911164465,0.12327550454487698,0.01
3696.8787515006,0.10534998099889241,0.01
3699.279711884754,0.12756603082057805,0.01
3701.6806722689075,0.1176360898853354,0.01
3704.081632653061,0.12277765337221491,0.01
3706.482593037215,0.13107079805280433,0.01
3708.8835534213686,0.12571607612452512,0.01
3711.2845138055222,0.10728289549902977,0.01
3713.685474189676,0.11446254981086076,0.01
3716.0864345738296,0.11325839100242058,0.01
3718.4873949579833,0.13431707505356036,0.01
3720.888355342137,0.11533737632314936,0.01
3723.2893157262906,0.0959938019697599,0.01
3725.6902761104443,0.12279843766394564,0.01
3728.091236494598,0.13430125777242688,0.01
3730.4921968787517,0.12473028262337954,0.01
3732.8931572629053,0.1097683576873538,0.01
3735.294117647059,0.12942924906826872,0.01
3737.6950780312127,0.125454392497195,0.01
3740.096038415366,0.11292217728459332,0.01
3742.4969987995196,0.12085561028913215,0.01
3744.8979591836733,0.1462935803445079,0.01
3747.298919567827,0.12926325503974911,0.01
3749.6998799519806,0.11729070473510447,0.01
3752.1008403361343,0.11947256998505974,0.01
3754.501800720288,0.12772760170695371,0.01
3756.9027611044417,0.13271050145845426,0.01
3759.3037214885953,0.11615606096981687,0.01
3761.704681872749,0.11995394064681351,0.01
3764.1056422569027,0.11687468142646595,0.01
3766.5066026410564,0.135067903749054,0.01
3768.90756302521,0.12730388400927858,0.01
3771.3085234093637,0.14074525307727123,0.01
3773.7094837935174,0.13668351031193562,0.01
3776.110444177671,0.13031041985016634,0.01
3778.5114045618247,0.12351974472235833,0.01
3780.9123649459784,0.11512625231067974,0.01
3783.313325330132,0.12336659305975221,0.01
3785.714285714286,0.1295692594222741,0.01
3788.1152460984395,0.1285563594376387,0.01
3790.516206482593,0.13594509956769124,0.01
3792.917166866747,0.13978870911762767,0.01
3795.3181272509005,0.13925468754020418,0.01
3797.719087635054,0.12479552176355516,0.01
3800.120048019208,0.12821009836902442,0.01
3802.5210084033615,0.1538390508981362,0.01
3804.9219687875147,0.13398436094663943,0.01
3807.322929171669,0.14825102349942962,0.01
3809.723889555822,0.13633055328817592,0.01
3812.124849939976,0.12100217547274861,0.01
3814.5258103241295,0.1454252263367763,0.01
3816.926770708283,0.13661043524000188,0.01
3819.327731092437,0.13235268805549824,0.01
3821.7286914765905,0.14906656123791018,0.01
3824.129651860744,0.1611747771102034,0.01
3826.530612244898,0.1249928956726169,0.01
3828.9315726290515,0.1419528949186435,0.01
3831.332533013205,0.13815476134671856,0.01
3833.733493397359,0.14425396348121597,0.01
3836.1344537815125,0.11536346800138843,0.01
3838.535414165666,0.14292313232258128,0.01
3840.93637454982,0.13250664000248386,0.01
3843.3373349339736,0.123874835979052,0.01
3845.7382953181273,0.1467765283258172,0.01
3848.139255702281,0.14503929105449473,0.01
3850.5402160864346,0.1477482442677177,0.01
3852.9411764705883,0.14527333825006084,0.01
3855.342136854742,0.14382787220069987,0.01
3857.7430972388956,0.1515199986580985,0.01
3860.1440576230493,0.16096576255768555,0.01
3862.545018007203,0.139942889803884,0.01
3864.9459783913567,0.15020694820475097,0.01
3867.3469387755104,0.1536838071069077,0.01
3869.747899159664,0.14316036523192963,0.01
3872.1488595438177,0.15593616382399372,0.01
3874.549819927971,0.1494462644652934,0.01
3876.950780312125,0.13935023094629626,0.01
3879.3517406962783,0.16158591772645772,0.01
3881.752701080432,0.14243876587506415,0.01
3884.1536614645856,0.14783375307752153,0.01
3886.5546218487393,0.1665662365010275,0.01
3888.955582232893,0.1424699764863369,0.01
3891.3565426170467,0.16870300796130075,0.01
3893.7575030012003,0.15671779284517512,0.01
3896.158463385354,0.17310111453338747,0.01
3898.5594237695077,0.1459493724263956,0.01
3900.9603841536614,0.1397352496608477,0.01
3903.361344537815,0.14403658198241062,0.01
3905.7623049219687,0.16340416207106329,0.01
3908.1632653061224,0.1631262153616077,0.01
3910.564225690276,0.16063363791514085,0.01
3912.9651860744298,0.17095397622066422,0.01
3915.3661464585834,0.1605262127345625,0.01
3917.767106842737,0.158538478860174,0.01
3920.168067226891,0.1388588039059485,0.01
3922.5690276110445,0.161375142533691,0.01
3924.969987995198,0.16876257438786701,0.01
3927.370948379352,0.1895512808814804,0.01
3929.7719087635055,0.16742603768201328,0.01
3932.172869147659,0.1535992981523544,0.01
3934.573829531813,0.15649580275841155,0.01
3936.9747899159665,0.16366423860266463,0.01
3939.37575030012,0.15565687865852887,0.01
3941.776710684274,0.1855177509238107,0.01
3944.177671068427,0.16874680961534588,0.01
3946.5786314525812,0.168308399802703,0.01
3948.9795918367345,0.16444885863816927,0.01
3951.380552220888,0.16224428919222478,0.01
3953.781512605042,0.1842386043876718,0.01
3956.1824729891955,0.16935801557025468,0.01
3958.583433373349,0.17695544010314387,0.01
3960.984393757503,0.18984146440940505,0.01
3963.3853541416565,0.19079341723617124,0.01
3965.78631452581,0.17503186996032105,0.01
3968.187274909964,0.18187190526514807,0.01
3970.5882352941176,0.17504680547201282,0.01
3972.9891956782712,0.1763239749043571,0.01
3975.390156062425,0.18314289731613542,0.01
3977.7911164465786,0.17305703080409082,0.01
3980.1920768307323,0.17242042078327588,0.01
3982.593037214886,0.18684696124096573,0.01
3984.9939975990396,0.16729078009733145,0.01
3987.3949579831933,0.18710451250002974,0.01
3989.795918367347,0.18577370989187006,0.01
3992.1968787515007,0.182664807636042,0.01
3994.5978391356543,0.20209582358128506,0.01
3996.998799519808,0.19048164247053478,0.01
3999.3997599039617,0.1799204018202345,0.01
4001.8007202881154,0.19741346697321507,0.01
4004.201680672269,0.18259949829907168,0.01
4006.6026410564227,0.17837484905422407,0.01
4009.003601440576,0.1835733128528206,0.01
4011.40456182473,0.18738163248651227,0.01
4013.8055222088833,0.19497041369295795,0.01
4016.2064825930374,0.19812004338380906,0.01
4018.6074429771907,0.19681673732324398,0.01
4021.0084033613443,0.18710790892948415,0.01
4023.409363745498,0.18422558353089447,0.01
4025.8103241296517,0.20334806886046905,0.01
4028.2112845138054,0.18890319162740238,0.01
4030.612244897959,0.20040837081279347,0.01
4033.0132052821127,0.18354516923008074,0.01
4035.4141656662664,0.18512798640514974,0.01
4037.81512605042,0.1948235925176854,0.01
4040.2160864345738,0.20659807660665835,0.01
4042.6170468187274,0.19605339440480252,0.01
4045.018007202881,0.200129902327001,0.01
4047.418967587035,0.1986847399671062,0.01
4049.8199279711885,0.20701033404725142,0.01
4052.220888355342,0.23319390394413408,0.01
4054.621848739496,0.19367464663596928,0.01
4057.0228091236495,0.2319073290613334,0.01
4059.423769507803,0.19308975101563797,0.01
4061.824729891957,0.187501801800436,0.01
4064.2256902761105,0.19694365596854493,0.01
4066.626650660264,0.2019248078604992,0.01
4069.027611044418,0.2025269956807486,0.01
4071.4285714285716,0.21136637829856073,0.01
4073.829531812725,0.1923000482229413,0.01
4076.230492196879,0.21771179104357635,0.01
4078.631452581032,0.21059919570257546,0.01
4081.0324129651863,0.21200390941744793,0.01
4083.4333733493395,0.1987437822414464,0.01
4085.8343337334936,0.209935629111821,0.01
4088.235294117647,0.21730725850069663,0.01
4090.6362545018005,0.21329221669426507,0.01
4093.037214885954,0.21693909383143212,0.01
4095.438175270108,0.22176118278393175,0.01
4097.839135654262,0.21597404449220084,0.01
4100.240096038416,0.22166142655349116,0.01
4102.641056422569,0.20277506606299245,0.01
4105.042016806723,0.21548791065591708,0.01
4107.442977190876,0.22388661249806535,0.01
4109.8439375750295,0.22656051715955136,0.01
4112.244897959184,0.21807221697376053,0.01
4114.645858343338,0.22846152678546144,0.01
4117.046818727491,0.2219898717949917,0.01
4119.447779111644,0.23008834085089708,0.01
4121.848739495798,0.21428965633813749,0.01
4124.249699879952,0.23638311881155613,0.01
4126.650660264106,0.22926744229616314,0.01
4129.051620648259,0.23870532510175302,0.01
4131.452581032413,0.21044104745255923,0.01
4133.853541416566,0.23937785631640315,0.01
4136.25450180072,0.23258390521206,0.01
4138.655462184874,0.24029385368422918,0.01
4141.056422569028,0.23326288064300296,0.01
4143.457382953181,0.22269275285739007,0.01
4145.858343337335,0.23681972879089358,0.01
4148.259303721488,0.2209948732817472,0.01
4150.660264105642,0.2381598489086808,0.01
4153.061224489796,0.2167166921157267,0.01
4155.46218487395,0.2359876722740958,0.01
4157.863145258103,0.22790806751547255,0.01
4160.264105642257,0.24505273639366024,0.01
4162.66506602641,0.236520547215722,0.01
4165.0660264105645,0.23569248196996556,0.01
4167.466986794718,0.2456268220625748,0.01
4169.867947178872,0.22672769313045432,0.01
4172.268907563025,0.2274585794627048,0.01
4174.669867947179,0.22329657949889453,0.01
4177.070828331332,0.24089491171982136,0.01
4179.471788715486,0.23819664250315511,0.01
4181.87274909964,0.2516137575362225,0.01
4184.273709483794,0.2552985608062548,0.01
4186.674669867947,0.23079004750572124,0.01
4189.0756302521,0.24940603417058602,0.01
4191.4765906362545,0.2539936581117902,0.01
4193.877551020408,0.24410520134148142,0.01
4196.278511404562,0.24805680652440626,0.01
4198.679471788715,0.23242367315748375,0.01
4201.080432172869,0.24505711361562715,0.01
4203.481392557022,0.25516512351684884,0.01
4205.882352941177,0.26473697131604285,0.01
4208.28331332533,0.2528204231880755,0.01
4210.684273709484,0.26792007858959965,0.01
4213.085234093637,0.25994135767366466,0.01
4215.486194477791,0.2480185346409364,0.01
4217.8871548619445,0.25579995860573534,0.01
4220.288115246099,0.24600245548525024,0.01
4222.689075630252,0.27400144981378155,0.01
4225.090036014406,0.26514742856996126,0.01
4227.490996398559,0.2619693663747391,0.01
4229.891956782713,0.2466628767818747,0.01
4232.292917166867,0.26254899353129874,0.01
4234.693877551021,0.2610145357687697,0.01
4237.094837935174,0.2634937500187572,0.01
4239.495798319328,0.25682600634321706,0.01
4241.896758703481,0.26804415345062527,0.01
4244.297719087635,0.2676156327573045,0.01
4246.698679471789,0.27596860440590554,0.01
4249.099639855942,0.26861739832113757,0.01
4251.500600240096,0.2539604042135833,0.01
4253.90156062425,0.2727734465870008,0.01
4256.302521008403,0.26192929122687447,0.01
4258.703481392557,0.281967498159197,0.01
4261.104441776711,0.28145796895451775,0.01
4263.505402160864,0.24990576585187282,0.01
4265.906362545018,0.2714528121916006,0.01
4268.307322929171,0.2716915634439764,0.01
4270.708283313325,0.2638941231542938,0.01
4273.109243697479,0.2790289394452261,0.01
4275.510204081633,0.24467095076445608,0.01
4277.911164465786,0.2502937858294851,0.01
4280.31212484994,0.24874399357320445,0.01
4282.713085234093,0.2528994224862834,0.01
4285.1140456182475,0.25770645181162954,0.01
4287.515006002401,0.2581049975709376,0.01
4289.915966386555,0.25782138513766123,0.01
4292.316926770708,0.2807988623756747,0.01
4294.717887154862,0.24739587725265422,0.01
4297.118847539015,0.267043613598609,0.01
4299.5198079231695,0.27450798618223765,0.01
4301.920768307323,0.2685018473852478,0.01
4304.321728691477,0.2671087548544232,0.01
4306.72268907563,0.2596305009777561,0.01
4309.123649459784,0.2615784302418288,0.01
4311.5246098439375,0.28296403308487034,0.01
4313.925570228092,0.2746970585339692,0.01
4316.326530612245,0.293563789761818,0.01
4318.727490996398,0.27511118554040737,0.01
4321.128451380552,0.28414903508319833,0.01
4323.529411764706,0.28887844402314516,0.01
4325.9303721488595,0.2762684405359418,0.01
4328.331332533013,0.2924471054321765,0.01
4330.732292917167,0.29162088408790043,0.01
4333.13325330132,0.29472224775833794,0.01
4335.534213685474,0.28187146382052264,0.01
4337.9351740696275,0.31130049092186773,0.01
4340.336134453782,0.30486530717235544,0.01
4342.737094837935,0.299001961123597,0.01
4345.138055222089,0.3168343294145659,0.01
4347.539015606242,0.30211628825343917,0.01
4349.939975990396,0.3126538232615354,0.01
4352.3409363745495,0.33099316183183547,0.01
4354.741896758704,0.31223772532191335,0.01
4357.142857142857,0.3073206897111415,0.01
4359.543817527011,0.28873120667283153,0.01
4361.944777911164,0.31133297652725006,0.01
4364.345738295318,0.3182553741012202,0.01
4366.746698679472,0.3069611871994134,0.01
4369.147659063626,0.3271623667944621,0.01
4371.548619447779,0.309707284316437,0.01
4373.949579831933,0.2967344198899332,0.01
4376.350540216086,0.2895906535188187,0.01
4378.75150060024,0.30141578877846675,0.01
4381.152460984394,0.3199992027756203,0.01
4383.553421368548,0.3157965777008777,0.01
4385.954381752701,0.29813356793379886,0.01
4388.355342136854,0.3276548349529003,0.01
4390.756302521008,0.32203442670909627,0.01
4393.1572629051625,0.3085874156436958,0.01
4395.558223289316,0.3338663864810939,0.01
4397.959183673469,0.30480830622877864,0.01
4400.360144057623,0.32721755558160825,0.01
4402.761104441776,0.32400680542145166,0.01
4405.16206482593,0.315685130825951,0.01
4407.563025210084,0.33270436127039077,0.01
4409.963985594238,0.3316303775572197,0.01
4412.364945978391,0.33668601525782677,0.01
4414.765906362545,0.331757838082054,0.01
4417.166866746698,0.3339370929704151,0.01
4419.5678271308525,0.3232503817134441,0.01
4421.968787515006,0.33414315979645576,0.01
4424.36974789916,0.3469575265098693,0.01
4426.770708283313,0.33602427797778417,0.01
4429.171668667467,0.3341541463405154,0.01
4431.57262905162,0.33352706215155936,0.01
4433.973589435775,0.34070783174212593,0.01
4436.374549819928,0.3505661232595615,0.01
4438.775510204082,0.35512772807704507,0.01
4441.176470588235,0.3404993305355659,0.01
4443.577430972389,0.35214326858429723,0.01
4445.9783913565425,0.35366234086047443,0.01
4448.379351740696,0.32906449902544854,0.01
4450.78031212485,0.3437955515771343,0.01
4453.181272509004,0.3433949598844403,0.01
4455.582232893157,0.3476688600781408,0.01
4457.98319327731,0.3292516095154242,0.01
4460.384153661465,0.3455203797699978,0.01
4462.785114045619,0.3504623473333923,0.01
4465.186074429772,0.35193986291310647,0.01
4467.587034813925,0.35541027882957604,0.01
4469.987995198079,0.33253864998998184,0.01
4472.3889555822325,0.36752458793325127,0.01
4474.789915966387,0.3544318939436814,0.01
4477.19087635054,0.36107672561743615,0.01
4479.591836734694,0.35143572079312224,0.01
4481.992797118847,0.34907284078437845,0.01
4484.393757503001,0.3859661029306302,0.01
4486.794717887155,0.3441274860169577,0.01
4489.195678271309,0.3627080486032323,0.01
4491.596638655462,0.3751212863201225,0.01
4493.997599039616,0.37017763371922935,0.01
4496.398559423769,0.35822043339814524,0.01
4498.799519807923,0.3571243169816605,0.01
4501.200480192077,0.37250753573847256,0.01
4503.601440576231,0.379516179801966,0.01
4506.002400960384,0.35177178614181615,0.01
4508.403361344538,0.36415249410484546,0.01
4510.804321728691,0.37089550169264646,0.01
4513.205282112845,0.3703512834491286,0.01
4515.606242496999,0.3847435596866362,0.01
4518.007202881152,0.36113109606393023,0.01
4520.408163265306,0.3671374970826319,0.01
4522.80912364946,0.3755983002386308,0.01
4525.210084033613,0.37242367071896004,0.01
4527.611044417767,0.36008202057633387,0.01
4530.012004801921,0.3654577642913348,0.01
4532.412965186075,0.3796205864584267,0.01
4534.813925570228,0.3635397299779911,0.01
4537.214885954381,0.38817541153131807,0.01
4539.615846338535,0.38569326116144526,0.01
4542.016806722689,0.38692931791740537,0.01
4544.417767106843,0.3939284722570989,0.01
4546.818727490996,0.3955291329688341,0.01
4549.21968787515,0.3832938111339012,0.01
4551.620648259303,0.39597240125058264,0.01
4554.0216086434575,0.3961042810820101,0.01
4556.422569027611,0.3829433746144436,0.01
4558.823529411765,0.4029611135272991,0.01
4561.224489795918,0.39840654354137006,0.01
4563.625450180072,0.3975475233827872,0.01
4566.026410564225,0.40413614125474906,0.01
4568.42737094838,0.3988612168042661,0.01
4570.828331332533,0.3985382720071313,0.01
4573.229291716687,0.3995788507608173,0.01
4575.63025210084,0.4214547497910944,0.01
4578.031212484993,0.39547215270501224,0.01
4580.4321728691475,0.39189468455959386,0.01
4582.833133253302,0.410361645010055,0.01
4585.234093637455,0.4101560565382655,0.01
4587.635054021608,0.38929041124224084,0.01
4590.036014405762,0.4094080812145232,0.01
4592.436974789916,0.41538429439653807,0.01
4594.83793517407,0.40117715542872917,0.01
4597.238895558223,0.42020336231523875,0.01
4599.639855942377,0.40702312089600895,0.01
4602.040816326531,0.4110064139809296,0.01
4604.441776710684,0.4038700915862269,0.01
4606.8427370948375,0.4138882858039635,0.01
4609.243697478992,0.4178419698518919,0.01
4611.644657863145,0.4335639535855872,0.01
4614.045618247299,0.41256079367508897,0.01
4616.446578631452,0.407642306135952,0.01
4618.847539015606,0.414101937059266,0.01
4621.24849939976,0.4198990934368744,0.01
4623.649459783914,0.4224279409861914,0.01
4626.050420168067,0.42499074361449185,0.01
4628.451380552221,0.4145731159881913,0.01
4630.852340936374,0.42036495238731647,0.01
4633.253301320528,0.40812302457762234,0.01
4635.654261704682,0.4273285070643571,0.01
4638.055222088836,0.4238189148537857,0.01
4640.456182472989,0.44685390528320834,0.01
4642.857142857143,0.414372305583495,0.01
4645.258103241296,0.43352139042138393,0.01
4647.65906362545,0.4284192876144971,0.01
4650.060024009604,0.4216666229673827,0.01
4652.460984393758,0.42162027135933544,0.01
4654.861944777911,0.42011780684190575,0.01
4657.262905162064,0.429704550123211,0.01
4659.663865546218,0.41712728544108146,0.01
4662.0648259303725,0.4367683289771705,0.01
4664.465786314526,0.4248977239477172,0.01
4666.866746698679,0.45437633423376833,0.01
4669.267707082833,0.42217439939429346,0.01
4671.668667466987,0.44457500787165594,0.01
4674.0696278511405,0.4282255010212904,0.01
4676.470588235294,0.4642158748626118,0.01
4678.871548619448,0.42146199200600354,0.01
4681.272509003601,0.44570136088258966,0.01
4683.673469387755,0.44601464981919187,0.01
4686.074429771908,0.45950044173777055,0.01
4688.4753901560625,0.45884189409813486,0.01
4690.876350540216,0.437970717402781,0.01
4693.27731092437,0.45232833215607104,0.01
4695.678271308523,0.44468227114040976,0.01
4698.079231692677,0.4641572369147702,0.01
4700.4801920768305,0.4651616183919852,0.01
4702.881152460985,0.4549412250157662,0.01
4705.282112845138,0.4742270816173626,0.01
4707.683073229292,0.4544463379565892,0.01
4710.084033613445,0.44091911271243067,0.01
4712.484993997599,0.4630916297918394,0.01
4714.8859543817525,0.46588910044580967,0.01
4717.286914765906,0.46146391530485154,0.01
4719.68787515006,0.47117695494887996,0.01
4722.088835534214,0.4652159752144841,0.01
4724.489795918367,0.47004180443466953,0.01
4726.8907563025205,0.4573051862391626,0.01
4729.291716686675,0.46685120635774374,0.01
4731.692677070829,0.47946307116082615,0.01
4734.093637454982,0.5024340937725909,0.01
4736.494597839135,0.4688148225224655,0.01
4738.895558223289,0.4783130485616243,0.01
4741.296518607443,0.4767260069221254,0.01
4743.697478991597,0.4838162506575519,0.01
4746.09843937575,0.47687207778400037,0.01
4748.499399759904,0.4906221122447818,0.01
4750.900360144057,0.4719479642867402,0.01
4753.301320528211,0.4950847681223628,0.01
4755.702280912365,0.4751948698694332,0.01
4758.103241296519,0.4956215024417579,0.01
4760.504201680672,0.48697030314297834,0.01
4762.905162064826,0.4953952125053555,0.01
4765.306122448979,0.501724273635238,0.01
4767.707082833133,0.5153174027201933,0.01
4770.108043217287,0.5064170822730463,0.01
4772.509003601441,0.49152322150272876,0.01
4774.909963985594,0.48800381746339,0.01
4777.310924369748,0.48846516624196157,0.01
4779.711884753901,0.49148112582844644,0.01
4782.1128451380555,0.4934115432709796,0.01
4784.513805522209,0.5014286388275924,0.01
4786.914765906362,0.49601471611465225,0.01
4789.315726290516,0.5005801453664701,0.01
4791.71668667467,0.5004070990122618,0.01
4794.117647058823,0.5076098017545639,0.01
4796.518607442977,0.504037776206915,0.01
4798.919567827131,0.49902844733354185,0.01
4801.320528211285,0.5228253320945376,0.01
4803.721488595438,0.4947963748809246,0.01
4806.122448979591,0.5099681294313054,0.01
4808.5234093637455,0.4997261688316437,0.01
4810.9243697479,0.500517403230999,0.01
4813.325330132053,0.5145174565605776,0.01
4815.726290516206,0.5201643575953331,0.01
4818.12725090036,0.5211355359851921,0.01
4820.528211284513,0.508393016328267,0.01
4822.929171668668,0.5151975544951214,0.01
4825.330132052821,0.5334722956685708,0.01
4827.731092436975,0.508308143865013,0.01
4830.132052821128,0.5176864903641685,0.01
4832.533013205282,0.5325488280258819,0.01
4834.9339735894355,0.5406548695039506,0.01
4837.33493397359,0.5274206009593221,0.01
4839.735894357743,0.5318908109543942,0.01
4842.136854741897,0.5254403988151015,0.01
4844.53781512605,0.5227203338358476,0.01
4846.938775510204,0.5232655125405556,0.01
4849.339735894358,0.5533557504286419,0.01
4851.740696278512,0.5344319174622858,0.01
4854.141656662665,0.5454907327542704,0.01
4856.542617046818,0.5378480018024104,0.01
4858.943577430972,0.5307180509287056,0.01
4861.344537815126,0.5281194372705474,0.01
4863.74549819928,0.5273633305948335,0.01
4866.146458583433,0.5470974559174493,0.01
4868.547418967587,0.5446136697572126,0.01
4870.948379351741,0.5553510962509415,0.01
4873.349339735894,0.5311684769823779,0.01
4875.7503001200475,0.5406493750045186,0.01
4878.151260504202,0.5475977592501294,0.01
4880.552220888356,0.5445832586818269,0.01
4882.953181272509,0.5599189930864037,0.01
4885.354141656662,0.5451901387179483,0.01
4887.755102040816,0.5448489153522701,0.01
4890.15606242497,0.5500711049682455,0.01
4892.557022809124,0.5519037217898405,0.01
4894.957983193277,0.5604177842020985,0.01
4897.358943577431,0.5521440499835705,0.01
4899.759903961584,0.5605302260566081,0.01
4902.160864345738,0.5575236436376815,0.01
4904.561824729892,0.5634221121610056,0.01
4906.962785114046,0.5465036136033393,0.01
4909.363745498199,0.5615812186634399,0.01
4911.764705882353,0.5780846917806499,0.01
4914.165666266506,0.5437746046672209,0.01
4916.5666266506605,0.5738380203282549,0.01
4918.967587034814,0.5768575455094319,0.01
4921.368547418968,0.5658441178584697,0.01
4923.769507803121,0.5729373557082582,0.01
4926.170468187274,0.5686099062570876,0.01
4928.571428571428,0.5638243077415261,0.01
4930.972388955583,0.5829895598953906,0.01
4933.373349339736,0.5774095985831875,0.01
4935.774309723889,0.5918680427022902,0.01
4938.175270108043,0.5593350843469194,0.01
4940.576230492197,0.5753910806301836,0.01
4942.9771908763505,0.5769220435997102,0.01
4945.378151260504,0.5682785330204503,0.01
4947.779111644658,0.5951928860206177,0.01
4950.180072028812,0.5760406674055464,0.01
4952.581032412965,0.568270582040375,0.01
4954.981992797118,0.58771041957811,0.01
4957.382953181273,0.5894793561167823,0.01
4959.783913565426,0.5789236832231625,0.01
4962.18487394958,0.5835787239450546,0.01
4964.585834333733,0.6003443502190134,0.01
4966.986794717887,0.5799153587881754,0.01
4969.3877551020405,0.5837572994416725,0.01
4971.788715486195,0.5855750701883344,0.01
4974.189675870348,0.6111021547253647,0.01
4976.590636254502,0.6007726808376971,0.01
4978.991596638655,0.602813859954296,0.01
4981.392557022809,0.6013772115315196,0.01
4983.793517406963,0.6140262683377088,0.01
4986.194477791116,0.5884919544493901,0.01
4988.59543817527,0.592835881478118,0.01
4990.996398559424,0.6061294115358878,0.01
4993.397358943577,0.6098683362847132,0.01
4995.7983193277305,0.5823278031227038,0.01
4998.199279711885,0.6018167072561164,0.01
5000.600240096039,0.5941886314154238,0.01
5003.001200480192,0.6123011740370704,0.01
5005.402160864345,0.6242439941577858,0.01
5007.803121248499,0.6062979111006931,0.01
5010.2040816326535,0.5990891987931244,0.01
5012.605042016807,0.619742758765529,0.01
5015.00600240096,0.6079223804971725,0.01
5017.406962785114,0.6179702915348992,0.01
5019.807923169267,0.6069001194940242,0.01
5022.208883553421,0.6299414581905018,0.01
5024.609843937575,0.6260963885712273,0.01
5027.010804321729,0.6124787788628614,0.01
5029.411764705882,0.6199959497212825,0.01
5031.812725090036,0.6077382763091882,0.01
5034.213685474189,0.6094959822690652,0.01
5036.6146458583435,0.616247284557314,0.01
5039.015606242497,0.6148391165872579,0.01
5041.416566626651,0.6325905786142735,0.01
5043.817527010804,0.6192037731522841,0.01
5046.218487394958,0.6377662335272013,0.01
5048.619447779111,0.6224229060319809,0.01
5051.0204081632655,0.6359511025474431,0.01
5053.421368547419,0.6368684785850959,0.01
5055.822328931572,0.6398648697550482,0.01
5058.223289315726,0.6179115207955183,0.01
5060.62424969988,0.6470482386416949,0.01
5063.0252100840335,0.6397624214773217,0.01
5065.426170468187,0.6358815497907864,0.01
5067.827130852341,0.6526989910157845,0.01
5070.228091236495,0.6492263540041456,0.01
5072.629051620648,0.631766696113095,0.01
5075.030012004801,0.6490453125650981,0.01
5077.4309723889555,0.639341837653148,0.01
5079.83193277311,0.6606597258539333,0.01
5082.232893157263,0.6412640782886404,0.01
5084.633853541416,0.6635241191087773,0.01
5087.03481392557,0.6569832175307934,0.01
5089.4357743097235,0.6509783200622885,0.01
5091.836734693878,0.6483550816758976,0.01
5094.237695078031,0.6498447109435926,0.01
5096.638655462185,0.6579431905435307,0.01
5099.039615846338,0.6638998198677379,0.01
5101.440576230492,0.6617028034883765,0.01
5103.8415366146455,0.6548005171647268,0.01
5106.2424969988,0.6727774879365778,0.01
5108.643457382953,0.6735833584678884,0.01
5111.044417767107,0.6805665977872629,0.01
5113.44537815126,0.6591662999388498,0.01
5115.846338535414,0.663012389578998,0.01
5118.247298919568,0.6741432525089919,0.01
5120.648259303722,0.6723463239290274,0.01
5123.049219687875,0.6698846594720224,0.01
5125.450180072028,0.6785286401059574,0.01
5127.851140456182,0.6789800068050126,0.01
5130.252100840336,0.6735958403684322,0.01
5132.65306122449,0.6634025992299862,0.01
5135.054021608643,0.6724444739103719,0.01
5137.454981992797,0.6581303127762378,0.01
5139.855942376951,0.6777367226330422,0.01
5142.256902761104,0.6663644548501366,0.01
5144.657863145258,0.650671631526946,0.01
5147.058823529412,0.6552898742944896,0.01
5149.459783913566,0.6825208194434388,0.01
5151.860744297719,0.6360004455982482,0.01
5154.261704681872,0.6611127560822406,0.01
5156.662665066026,0.635537423293069,0.01
5159.06362545018,0.6516522492186765,0.01
5161.464585834334,0.6423367425802742,0.01
5163.865546218487,0.6463022222200879,0.01
5166.266506602641,0.6345820939862216,0.01
5168.667466986794,0.6214002899228875,0.01
5171.0684273709485,0.6300647352345993,0.01
5173.469387755102,0.6360153966260019,0.01
5175.870348139256,0.6540758104943363,0.01
5178.271308523409,0.6465162114349742,0.01
5180.672268907563,0.6328028006056293,0.01
5183.073229291716,0.6520408778361676,0.01
5185.474189675871,0.6492190802278187,0.01
5187.875150060024,0.6682480842149391,0.01
5190.276110444178,0.6653492054761435,0.01
5192.677070828331,0.6874218941900124,0.01
5195.078031212484,0.6714433313212365,0.01
5197.4789915966385,0.6789611065660427,0.01
5199.879951980793,0.6938845601808811,0.01
5202.280912364946,0.6912059413070653,0.01
5204.681872749099,0.702476023844685,0.01
5207.082833133253,0.7056191915128989,0.01
5209.483793517407,0.7000695733655818,0.01
5211.8847539015605,0.7091862781756841,0.01
5214.285714285714,0.7088846916225553,0.01
5216.686674669868,0.720059235464058,0.01
5219.087635054022,0.7203227935152036,0.01
5221.488595438175,0.7132490393563369,0.01
5223.8895558223285,0.7185081863138256,0.01
5226.290516206483,0.7298699953975335,0.01
5228.691476590636,0.7321729448783493,0.01
5231.09243697479,0.7207746291377193,0.01
5233.493397358943,0.7087712663637015,0.01
5235.894357743097,0.7249422206553701,0.01
5238.2953181272505,0.7361626790707325,0.01
5240.696278511405,0.7351282133728729,0.01
5243.097238895558,0.7330385541150409,0.01
5245.498199279712,0.7314205325924847,0.01
5247.899159663865,0.7447460603196487,0.01
5250.300120048019,0.7266441226334289,0.01
5252.701080432173,0.7381980942987427,0.01
5255.102040816327,0.7360756658528661,0.01
5257.50300120048,0.7389424955712244,0.01
5259.903961584634,0.7318556003850688,0.01
5262.304921968787,0.7327866005532812,0.01
5264.7058823529405,0.7370307147931394,0.01
5267.106842737095,0.7450135591872,0.01
5269.507803121249,0.7386998624254514,0.01
5271.908763505402,0.7408588937051769,0.01
5274.309723889555,0.7435501388061097,0.01
5276.710684273709,0.7301115056422162,0.01
5279.1116446578635,0.734613505279593,0.01
5281.512605042017,0.7456083293992385,0.01
5283.91356542617,0.7307250200208678,0.01
5286.314525810324,0.7442456971032937,0.01
5288.715486194478,0.7550563448608535,0.01
5291.116446578631,0.7495963465167859,0.01
5293.517406962785,0.7466776623044632,0.01
5295.918367346939,0.7710928603245298,0.01
5298.319327731092,0.756476698936343,0.01
5300.720288115246,0.7619629162556237,0.01
5303.121248499399,0.7531567447353863,0.01
5305.5222088835535,0.7537767931486384,0.01
5307.923169267707,0.7514760428616554,0.01
5310.324129651861,0.7580473335563993,0.01
5312.725090036014,0.7522816770243116,0.01
5315.126050420168,0.7739104171808558,0.01
5317.527010804321,0.7317553388209396,0.01
5319.927971188476,0.7711254787736848,0.01
5322.328931572629,0.765114397070026,0.01
5324.729891956783,0.7657332914665029,0.01
5327.130852340936,0.7637307359058685,0.01
5329.53181272509,0.7680581249116956,0.01
5331.9327731092435,0.7664794238645882,0.01
5334.333733493397,0.7680306147519768,0.01
5336.734693877551,0.7698068643522747,0.01
5339.135654261705,0.7789060955975936,0.01
5341.536614645858,0.7719464564792093,0.01
5343.937575030011,0.7651760497879202,0.01
5346.338535414166,0.7636921939371989,0.01
5348.73949579832,0.7697410889152462,0.01
5351.140456182473,0.7805914226466713,0.01
5353.541416566626,0.7886387665289408,0.01
5355.94237695078,0.7736869432052346,0.01
5358.343337334934,0.7771079295448147,0.01
5360.744297719088,0.7876475952260276,0.01
5363.145258103241,0.7827037278655551,0.01
5365.546218487395,0.7808443790585224,0.01
5367.947178871548,0.7950483821349372,0.01
5370.348139255702,0.7819590803552876,0.01
5372.749099639856,0.7798184889327779,0.01
5375.15006002401,0.7843516627511965,0.01
5377.551020408163,0.7922711636021241,0.01
5379.951980792317,0.7751434095163638,0.01
5382.35294117647,0.7870673227679011,0.01
5384.753901560624,0.7816518124047354,0.01
5387.154861944778,0.8009640454029395,0.01
5389.555822328932,0.8042482215150647,0.01
5391.956782713085,0.7897816965942037,0.01
5394.357743097239,0.8199958068512987,0.01
5396.758703481392,0.7996592310399455,0.01
5399.1596638655465,0.7949831591139367,0.01
5401.5606242497,0.8263838216766646,0.01
5403.961584633853,0.8101633532133624,0.01
5406.362545018007,0.8003947648048297,0.01
5408.763505402161,0.8036926093316585,0.01
5411.164465786314,0.8145940333772878,0.01
5413.565426170468,0.8133599853996797,0.01
5415.966386554622,0.7854883367070528,0.01
5418.367346938776,0.8119209239995904,0.01
5420.768307322929,0.8164564422408614,0.01
5423.169267707082,0.8172338489639877,0.01
5425.5702280912365,0.8103155650307544,0.01
5427.971188475391,0.8017662847184754,0.01
5430.372148859544,0.8179598519971473,0.01
5432.773109243697,0.8203809300218033,0.01
5435.174069627851,0.821198790801208,0.01
5437.575030012004,0.8033429004203926,0.01
5439.9759903961585,0.8013741634710219,0.01
5442.376950780312,0.8254635993157661,0.01
5444.777911164466,0.8068184984247303,0.01
5447.178871548619,0.8339386593818164,0.01
5449.579831932773,0.8215599113613605,0.01
5451.980792316926,0.8280720616038713,0.01
5454.381752701081,0.8467664072019058,0.01
5456.782713085234,0.8311429405682617,0.01
5459.183673469388,0.8259949597481361,0.01
5461.584633853541,0.8331382681244239,0.01
5463.985594237694,0.8459352845278904,0.01
5466.3865546218485,0.8348186904587122,0.01
5468.787515006003,0.8320828347941461,0.01
5471.188475390156,0.8337286406518362,0.01
5473.589435774309,0.8323536174306624,0.01
5475.990396158463,0.8222044655726768,0.01
5478.391356542617,0.8329501559385661,0.01
5480.792316926771,0.8508931346265693,0.01
5483.193277310924,0.8193124420827921,0.01
5485.594237695078,0.8325645559812579,0.01
5487.995198079232,0.8453297326417136,0.01
5490.396158463385,0.8518307795675909,0.01
5492.7971188475385,0.8484544435038615,0.01
5495.198079231693,0.8561612924433194,0.01
5497.599039615847,0.8562999360985126,0.01
5500.0,0.8352037731702248,0.01
5502.400960384153,0.8426241755045802,0.01
5504.801920768307,0.8581470018074342,0.01
5507.202881152461,0.8501703786995194,0.01
5509.603841536615,0.8506253232352659,0.01
5512.004801920768,0.8492780254602029,0.01
5514.405762304922,0.8471040717883761,0.01
5516.806722689075,0.8365153475574069,0.01
5519.207683073229,0.8644240826237986,0.01
5521.608643457383,0.8579977608772218,0.01
5524.009603841537,0.8462983525738909,0.01
5526.41056422569,0.8560541613867351,0.01
5528.811524609844,0.8646120426154082,0.01
5531.212484993997,0.8566873577762988,0.01
5533.613445378151,0.8447996369563329,0.01
5536.014405762305,0.86437582123716,0.01
5538.415366146459,0.8519857092286028,0.01
5540.816326530612,0.8566321397170302,0.01
5543.217286914765,0.8506603762580001,0.01
5545.618247298919,0.8665416063615294,0.01
5548.019207683074,0.8661183927633478,0.01
5550.420168067227,0.8555975366601134,0.01
5552.82112845138,0.8626683209153468,0.01
5555.222088835534,0.8669321209397384,0.01
5557.623049219688,0.862694411505862,0.01
5560.0240096038415,0.8842215225180012,0.01
5562.424969987995,0.8627790482174469,0.01
5564.825930372149,0.8764157527218319,0.01
5567.226890756303,0.8854913483971579,0.01
5569.627851140456,0.8779586245976155,0.01
5572.028811524609,0.8817082464424345,0.01
5574.4297719087635,0.8575811819671404,0.01
5576.830732292918,0.8697789972066897,0.01
5579.231692677071,0.8786273892325548,0.01
5581.632653061224,0.8802814768131916,0.01
5584.033613445377,0.8655604983822373,0.01
5586.4345738295315,0.8695286328200811,0.01
5588.835534213686,0.8784336465363611,0.01
5591.236494597839,0.8593630356946232,0.01
5593.637454981992,0.8847141653639724,0.01
5596.038415366146,0.8718848001400011,0.01
5598.4393757503,0.8807384365433423,0.01
5600.8403361344535,0.8945392009512302,0.01
5603.241296518607,0.8882975146060923,0.01
5605.642256902761,0.8777952628385376,0.01
5608.043217286915,0.8785409459598331,0.01
5610.444177671068,0.8725027540017629,0.01
5612.8451380552215,0.889961155112007,0.01
5615.246098439376,0.8831865733597416,0.01
5617.64705882353,0.9034563260736544,0.01
5620.048019207683,0.8820556155927718,0.01
5622.448979591836,0.888678235352233,0.01
5624.84993997599,0.8962927475998248,0.01
5627.250900360144,0.879622666522939,0.01
5629.651860744298,0.8998293128310437,0.01
5632.052821128451,0.8996609111048206,0.01
5634.453781512605,0.8921585438682508,0.01
5636.854741896759,0.8991840993645677,0.01
5639.255702280912,0.9034057193061086,0.01
5641.656662665066,0.8989827386063723,0.01
5644.05762304922,0.8976348418300445,0.01
5646.458583433374,0.8896875711843065,0.01
5648.859543817527,0.9132817982494432,0.01
5651.26050420168,0.8971657011495876,0.01
5653.6614645858335,0.9182913455759335,0.01
5656.062424969988,0.9061673455481103,0.01
5658.463385354142,0.8949014284582851,0.01
5660.864345738295,0.9159485405977443,0.01
5663.265306122448,0.907555555362865,0.01
5665.666266506602,0.9254829318382388,0.01
5668.0672268907565,0.9163578776869766,0.01
5670.46818727491,0.8997065662095319,0.01
5672.869147659063,0.9030209076007099,0.01
5675.270108043217,0.9209951383667392,0.01
5677.671068427371,0.9260158490158352,0.01
5680.072028811524,0.906334270153897,0.01
5682.472989195678,0.9025701461183465,0.01
5684.873949579832,0.9078405498273606,0.01
5687.274909963986,0.9217828692061532,0.01
5689.675870348139,0.9176184626401788,0.01
5692.076830732292,0.9120773114440622,0.01
5694.4777911164465,0.9150062851359285,0.01
5696.878751500601,0.9205927751757477,0.01
5699.279711884754,0.9148424462429735,0.01
5701.680672268907,0.9141113408253183,0.01
5704.081632653061,0.9295623089598963,0.01
5706.482593037215,0.9175448542126838,0.01
5708.883553421369,0.9227323627570828,0.01
5711.284513805522,0.9284549200647515,0.01
5713.685474189676,0.9360564186985344,0.01
5716.08643457383,0.925739903025485,0.01
5718.487394957983,0.9093394459218932,0.01
5720.8883553421365,0.9050636654037619,0.01
5723.28931572629,0.9218348482286698,0.01
5725.690276110444,0.9379353953633908,0.01
5728.091236494598,0.9268370493065142,0.01
5730.492196878751,0.9419412299378882,0.01
5732.893157262904,0.9267734259985001,0.01
5735.294117647059,0.9118128585053461,0.01
5737.695078031213,0.9310969970845807,0.01
5740.096038415366,0.9258565361455076,0.01
5742.496998799519,0.935227725265424,0.01
5744.897959183673,0.933222635711001,0.01
5747.298919567827,0.9382030196544638,0.01
5749.699879951981,0.9252003221350822,0.01
5752.100840336134,0.9283263864613335,0.01
5754.501800720288,0.9300012868070349,0.01
5756.902761104442,0.9221894434535394,0.01
5759.303721488595,0.9267956844513987,0.01
5761.704681872749,0.9406893520227526,0.01
5764.105642256903,0.9429156661610119,0.01
5766.506602641057,0.9490676539674266,0.01
5768.90756302521,0.93506134496112,0.01
5771.308523409363,0.9464926180490729,0.01
5773.709483793517,0.9241449337527919,0.01
5776.1104441776715,0.9381547297944147,0.01
5778.511404561825,0.9195102025112192,0.01
5780.912364945978,0.9470982272718331,0.01
5783.313325330132,0.9479199900348533,0.01
5785.714285714286,0.9422210071325091,0.01
5788.1152460984395,0.9582242539208081,0.01
5790.516206482593,0.9476037533501613,0.01
5792.917166866746,0.9481138313026197,0.01
5795.3181272509,0.9306911342257291,0.01
5797.719087635054,0.9518126715421643,0.01
5800.120048019207,0.9550236042368325,0.01
5802.521008403361,0.9362833189274171,0.01
5804.921968787515,0.9550275298362025,0.01
5807.322929171669,0.9465234526378035,0.01
5809.723889555822,0.953031847696762,0.01
5812.124849939975,0.9346900385513148,0.01
5814.525810324129,0.9547748239503279,0.01
5816.926770708284,0.9642946465216701,0.01
5819.327731092437,0.9428612122824163,0.01
5821.72869147659,0.9799100965389653,0.01
5824.129651860744,0.9783882148412881,0.01
5826.530612244898,0.9470237308818968,0.01
5828.9315726290515,0.9645379996408475,0.01
5831.332533013205,0.9443792952055965,0.01
5833.733493397359,0.948340704452015,0.01
5836.134453781513,0.9543976774146989,0.01
5838.535414165666,0.9417367950592861,0.01
5840.936374549819,0.9573970857197436,0.01
5843.337334933974,0.9727813070837523,0.01
5845.738295318128,0.9671387353873195,0.01
5848.139255702281,0.9716093207729877,0.01
5850.540216086434,0.9701550727297892,0.01
5852.941176470588,0.9641130589559639,0.01
5855.342136854742,0.9538171654875991,0.01
5857.743097238896,0.9439080323911152,0.01
5860.144057623049,0.9669624673478183,0.01
5862.545018007202,0.9707718146715009,0.01
5864.945978391356,0.9735187906273745,0.01
5867.34693877551,0.9765156318949118,0.01
5869.747899159664,0.9632648802072269,0.01
5872.148859543817,0.9529340451092948,0.01
5874.549819927971,0.9564247363351561,0.01
5876.950780312125,0.9553957934692388,0.01
5879.351740696278,0.9529136660780105,0.01
5881.7527010804315,0.9711037174551264,0.01
5884.153661464586,0.9678799501542046,0.01
5886.55462184874,0.9662167668798934,0.01
5888.955582232893,0.9708865620672819,0.01
5891.356542617046,0.9659184756674896,0.01
5893.7575030012,0.9840302836812338,0.01
5896.1584633853545,0.9760218981014429,0.01
5898.559423769508,0.9674310128061986,0.01
5900.960384153661,0.9809785612240515,0.01
5903.361344537815,0.9802312078642909,0.01
5905.762304921969,0.9716108497715046,0.01
5908.163265306122,0.9761511188321922,0.01
5910.564225690276,0.9720670874336853,0.01
5912.96518607443,0.9657031921384296,0.01
5915.366146458584,0.9697902462569782,0.01
5917.767106842737,0.9728603518281197,0.01
5920.16806722689,0.9615542623581829,0.01
5922.5690276110445,0.981300813119424,0.01
5924.969987995198,0.9582021849356241,0.01
5927.370948379352,0.9792497657658676,0.01
5929.771908763505,0.9714583880574902,0.01
5932.172869147658,0.9786743292094084,0.01
5934.573829531812,0.9803753543724337,0.01
5936.9747899159665,0.9750263028070272,0.01
5939.37575030012,0.9792896156171228,0.01
5941.776710684273,0.9699726447895383,0.01
5944.177671068427,0.9600844297987974,0.01
5946.578631452581,0.9789539295184052,0.01
5948.9795918367345,0.9731764281022012,0.01
5951.380552220888,0.9783013694727702,0.01
5953.781512605042,0.97525068361375,0.01
5956.182472989196,0.9690948489599587,0.01
5958.583433373349,0.9603205108297856,0.01
5960.984393757502,0.9873436164388907,0.01
5963.3853541416565,0.981381638902493,0.01
5965.786314525811,0.9669372269825035,0.01
5968.187274909964,0.9673737787825084,0.01
5970.588235294117,0.9828512485224785,0.01
5972.989195678271,0.9837076567477856,0.01
5975.390156062425,0.9688691144923687,0.01
5977.791116446579,0.9656915337382704,0.01
5980.192076830732,0.9758032395437142,0.01
5982.593037214886,0.9944816952061841,0.01
5984.99399759904,0.9796789514472032,0.01
5987.394957983193,0.9761175461389806,0.01
5989.7959183673465,0.990209135443524,0.01
5992.196878751501,0.9927433474565558,0.01
5994.597839135654,0.9790688979497407,0.01
5996.998799519808,0.9804307345102944,0.01
5999.399759903961,0.9966035207539153,0.01
6001.8007202881145,0.9808680640565287,0.01
6004.201680672269,0.9892577382433384,0.01
6006.602641056423,0.9856994668911325,0.01
6009.003601440576,0.9933105409052629,0.01
6011.404561824729,0.9911950623551671,0.01
6013.805522208883,0.9802017273607647,0.01
6016.206482593037,0.9902811200174126,0.01
6018.607442977191,0.9827761557935106,0.01
6021.008403361344,0.9863312239216278,0.01
6023.409363745498,0.993759840512803,0.01
6025.810324129652,0.9886783576384411,0.01
6028.211284513805,1.0008226530775053,0.01
6030.612244897959,0.978984395769879,0.01
6033.013205282113,0.9956309658803276,0.01
6035.414165666267,1.005835976299072,0.01
6037.81512605042,0.9927256040700763,0.01
6040.216086434573,0.9864250884771649,0.01
6042.617046818727,0.9982061550031011,0.01
6045.018007202882,0.9939340831580274,0.01
6047.418967587035,0.9839670619869012,0.01
6049.819927971188,0.9834556843480121,0.01
6052.220888355342,0.9983633583451338,0.01
6054.621848739496,0.9836495107893065,0.01
6057.0228091236495,0.9937010816665092,0.01
6059.423769507803,0.9832080826597682,0.01
6061.824729891956,0.9976043987346197,0.01
6064.22569027611,0.9954449643040734,0.01
6066.626650660264,1.0010487428182466,0.01
6069.027611044417,0.989482160716965,0.01
6071.428571428571,1.005255135755808,0.01
6073.829531812725,0.9984038203233067,0.01
6076.230492196879,1.012093317096921,0.01
6078.631452581032,0.9942837435910538,0.01
6081.032412965185,1.0007360849170792,0.01
6083.4333733493395,0.992776927810866,0.01
6085.834333733494,0.9769414773732834,0.01
6088.235294117647,1.0008202172093688,0.01
6090.6362545018,1.0079658873523325,0.01
6093.037214885954,0.9813219523326512,0.01
6095.438175270108,1.0045280767238411,0.01
6097.839135654262,1.0037316999530168,0.01
6100.240096038415,0.9814148086828003,0.01
6102.641056422569,1.0015518878833238,0.01
6105.042016806723,1.0092902344129444,0.01
6107.442977190876,0.9991359640059218,0.01
6109.8439375750295,1.000156418685417,0.01
6112.244897959184,0.9743209309102051,0.01
6114.645858343338,0.9931873423985544,0.01
6117.046818727491,0.9927586340526436,0.01
6119.447779111644,1.0021361147290597,0.01
6121.848739495798,1.003203168683127,0.01
6124.2496998799525,1.0054931602749042,0.01
6126.650660264106,0.9888790976015288,0.01
6129.051620648259,0.9878099663358862,0.01
6131.452581032412,0.9837185368022581,0.01
6133.853541416566,1.0019353834912912,0.01
6136.25450180072,1.0043354059247052,0.01
6138.655462184874,0.9925013329207226,0.01
6141.056422569027,1.0004247468980103,0.01
6143.457382953181,1.0121238738938063,0.01
6145.858343337335,1.0127692788288896,0.01
6148.259303721488,0.9965258004617956,0.01
6150.6602641056415,1.0035384547394952,0.01
6153.061224489796,1.0053981699371881,0.01
6155.46218487395,0.9790034289758957,0.01
6157.863145258103,1.006317116668733,0.01
6160.264105642256,1.011461064809713,0.01
6162.66506602641,0.9811206934636247,0.01
6165.0660264105645,0.992645255423421,0.01
6167.466986794718,0.9991269864313289,0.01
6169.867947178871,1.0136506250726078,0.01
6172.268907563025,1.0009709768738653,0.01
6174.669867947179,1.0068841542601341,0.01
6177.070828331332,0.9913947659236301,0.01
6179.471788715486,1.0079608735673693,0.01
6181.87274909964,0.9965633869271482,0.01
6184.273709483794,1.0009120056916774,0.01
6186.674669867947,0.9952781604652869,0.01
6189.0756302521,1.0063940227803583,0.01
6191.4765906362545,0.9989651090804217,0.01
6193.877551020409,0.9908543135098404,0.01
6196.278511404562,1.0023446603794486,0.01
6198.679471788715,1.0086380380712427,0.01
6201.080432172868,1.0120169071719827,0.01
6203.481392557022,0.9962048874718824,0.01
6205.882352941177,0.9900198829249147,0.01
6208.28331332533,0.9784955629529759,0.01
6210.684273709483,0.9824398223512468,0.01
6213.085234093637,0.985230467720886,0.01
6215.486194477791,0.9904280819771797,0.01
6217.8871548619445,1.0050678042814438,0.01
6220.288115246098,1.0001816203122624,0.01
6222.689075630252,1.0134289392848876,0.01
6225.090036014406,1.0041721688694176,0.01
6227.490996398559,1.0105392941160851,0.01
6229.891956782712,0.9949504729886913,0.01
6232.292917166867,0.9973217780144009,0.01
6234.693877551021,1.0046174515251072,0.01
6237.094837935174,0.989314094582096,0.01
6239.495798319327,1.008042753664926,0.01
6241.896758703481,1.0034411742604112,0.01
6244.297719087635,0.9870898205863959,0.01
6246.698679471789,1.0065682449870197,0.01
6249.099639855942,1.0000831745870784,0.01
6251.500600240096,1.0191762637882702,0.01
6253.90156062425,0.9952215061044448,0.01
6256.302521008403,1.0055848650724921,0.01
6258.703481392557,1.0046915702057597,0.01
6261.104441776711,1.0234595950341947,0.01
6263.505402160865,0.9757317180620337,0.01
6265.906362545018,0.9935727055984179,0.01
6268.307322929171,0.9901738299030236,0.01
6270.7082833133245,0.9961780227301398,0.01
6273.109243697479,0.9841784454353029,0.01
6275.510204081633,0.9948557042021153,0.01
6277.911164465786,1.007242655451915,0.01
6280.312124849939,0.997097273597631,0.01
6282.713085234093,0.989148975312921,0.01
6285.1140456182475,0.9985288834228269,0.01
6287.515006002401,1.0063063208601601,0.01
6289.915966386554,0.9927302058524231,0.01
6292.316926770708,1.0091023446722256,0.01
6294.717887154862,0.996197423239512,0.01
6297.118847539015,0.993668441879231,0.01
6299.519807923169,0.9961547288710874,0.01
6301.920768307323,1.0105279677634862,0.01
6304.321728691477,1.0111772180431668,0.01
6306.72268907563,0.9780307819735724,0.01
6309.123649459783,0.9977427442410691,0.01
6311.5246098439375,1.0033143575519308,0.01
6313.925570228092,1.0015634445227288,0.01
6316.326530612245,0.9917060156985158,0.01
6318.727490996398,1.0144867096158952,0.01
6321.128451380552,1.0004721853749337,0.01
6323.529411764706,0.9963466276380059,0.01
6325.9303721488595,0.9941981397296407,0.01
6328.331332533013,1.0126640301313237,0.01
6330.732292917167,0.9955837370952292,0.01
6333.133253301321,0.9854223703223823,0.01
6335.534213685474,0.9877998157991428,0.01
6337.9351740696275,0.994964616692301,0.01
6340.336134453781,0.9851776843490799,0.01
6342.737094837935,0.9743160571530496,0.01
6345.138055222089,0.9953747245250423,0.01
6347.539015606242,1.0024833432110816,0.01
6349.939975990395,0.989295646660398,0.01
6352.3409363745495,0.9785708101556796,0.01
6354.741896758704,1.0014202422153233,0.01
6357.142857142857,0.9879686114208087,0.01
6359.54381752701,0.9972972173325054,0.01
6361.944777911164,0.9890701407657726,0.01
6364.345738295318,0.9931483759517993,0.01
6366.746698679472,0.984747185661467,0.01
6369.147659063625,0.9982172442789563,0.01
6371.548619447779,0.9827333923741374,0.01
6373.949579831933,0.9827146782134331,0.01
6376.350540216086,0.9803677434368819,0.01
6378.7515006002395,0.9885196038714579,0.01
6381.152460984394,1.0026181264488498,0.01
6383.553421368548,0.9705499864234937,0.01
6385.954381752701,0.9929639974855087,0.01
6388.355342136854,0.9851946192881941,0.01
6390.756302521008,1.0027578992474349,0.01
6393.1572629051625,0.9778810226527584,0.01
6395.558223289316,1.0033787385294022,0.01
6397.959183673469,0.988841579314819,0.01
6400.360144057623,0.9844781700861208,0.01
6402.761104441776,0.9843605215528568,0.01
6405.16206482593,0.9884196022020849,0.01
6407.563025210084,0.9781219544068204,0.01
6409.963985594237,0.9868952110267194,0.01
6412.364945978391,0.9729985806524294,0.01
6414.765906362545,0.9815921153071803,0.01
6417.166866746698,0.9781703333477191,0.01
6419.567827130852,0.9881324324072166,0.01
6421.968787515006,0.9913045496310188,0.01
6424.36974789916,0.9578403089844097,0.01
6426.770708283313,0.9763632411792024,0.01
6429.171668667466,0.9689804077705627,0.01
6431.57262905162,0.9954351668904433,0.01
6433.973589435775,0.9771231872005661,0.01
6436.374549819928,0.9772064645699736,0.01
6438.775510204081,0.9885507356696023,0.01
6441.176470588235,0.9743796006515358,0.01
6443.577430972389,0.970997854261874,0.01
6445.9783913565425,0.9734240040175882,0.01
6448.379351740696,0.9652671103777228,0.01
6450.78031212485,0.9733290873663876,0.01
6453.181272509004,0.9816388166615109,0.01
6455.582232893157,0.9753800498152605,0.01
6457.98319327731,0.974374055632914,0.01
6460.384153661465,0.9819816741395696,0.01
6462.785114045619,0.9721652549976244,0.01
6465.186074429772,0.976884220171598,0.01
6467.587034813925,0.9601855206143981,0.01
6469.987995198079,0.9646091033033253,0.01
6472.3889555822325,0.9696220246256473,0.01
6474.789915966387,0.9780815926082707,0.01
6477.19087635054,0.9675958846847392,0.01
6479.591836734693,0.9799269733195597,0.01
6481.992797118847,0.9498884999839683,0.01
6484.393757503001,0.9744810943818891,0.01
6486.794717887155,0.9848886884094386,0.01
6489.195678271308,0.9732659796095925,0.01
6491.596638655462,0.9761906805470528,0.01
6493.997599039616,0.9733067791292375,0.01
6496.398559423769,0.9661966767414008,0.01
6498.7995198079225,0.9651186732989003,0.01
6501.200480192077,0.969235089274654,0.01
6503.601440576231,0.9638889273006988,0.01
6506.002400960384,0.9685156917828426,0.01
6508.403361344537,0.9759291508000352,0.01
6510.804321728691,0.9761436865798913,0.01
6513.205282112845,0.9710232685934516,0.01
6515.606242496999,0.9622868760674018,0.01
6518.007202881152,0.9655923543565301,0.01
6520.408163265306,0.9752765205587214,0.01
6522.80912364946,0.9534795035240425,0.01
6525.210084033613,0.9623667055794373,0.01
6527.611044417767,0.9593915000584745,0.01
6530.012004801921,0.9624750756396794,0.01
6532.412965186075,0.9627978603006042,0.01
6534.813925570228,0.9746024508256368,0.01
6537.214885954381,0.9624418613703514,0.01
6539.6158463385345,0.9549238150026024,0.01
6542.016806722689,0.9537067041864563,0.01
6544.417767106843,0.9403047006638111,0.01
6546.818727490996,0.9615325355153361,0.01
6549.219687875149,0.9732547242161205,0.01
6551.620648259303,0.9595716573638688,0.01
6554.0216086434575,0.9650309565657992,0.01
6556.422569027611,0.9580126783133526,0.01
6558.823529411764,0.9658986455720459,0.01
6561.224489795918,0.9612246402022997,0.01
6563.625450180072,0.9346743451898448,0.01
6566.026410564225,0.9409966109491203,0.01
6568.427370948379,0.9500970700737935,0.01
6570.828331332533,0.9704331850223809,0.01
6573.229291716687,0.9571410192733568,0.01
6575.63025210084,0.9471017425792726,0.01
6578.031212484993,0.9619014445425531,0.01
6580.4321728691475,0.9495407019665338,0.01
6582.833133253302,0.9566858958351222,0.01
6585.234093637455,0.9343446333363343,0.01
6587.635054021608,0.9561907113450704,0.01
6590.036014405762,0.9595213434610305,0.01
6592.436974789916,0.9323473523542309,0.01
6594.83793517407,0.9514498443759596,0.01
6597.238895558223,0.9237235190232705,0.01
6599.639855942377,0.9383423516289869,0.01
6602.040816326531,0.9372492678627902,0.01
6604.441776710684,0.9351739334891292,0.01
6606.8427370948375,0.94665953675645,0.01
6609.243697478991,0.937617933002119,0.01
6611.644657863145,0.9188999064592878,0.01
6614.045618247299,0.9357469378343016,0.01
6616.446578631452,0.9255544852982394,0.01
6618.847539015605,0.9426818915526607,0.01
6621.24849939976,0.9279809270792702,0.01
6623.649459783914,0.9253058629654376,0.01
6626.050420168067,0.9242308143729421,0.01
6628.45138055222,0.9673581075688564,0.01
6630.852340936374,0.9200510658270803,0.01
6633.253301320528,0.9446098271572446,0.01
6635.654261704682,0.9336622727437541,0.01
6638.055222088835,0.9503175451174765,0.01
6640.456182472989,0.9520014172799158,0.01
6642.857142857143,0.9466102858844231,0.01
6645.258103241296,0.9153791226513197,0.01
6647.65906362545,0.9362944478313782,0.01
6650.060024009604,0.9432765027193997,0.01
6652.460984393758,0.9404436110925735,0.01
6654.861944777911,0.9384856802931982,0.01
6657.262905162064,0.9183121096388397,0.01
6659.663865546218,0.9242805061481315,0.01
6662.0648259303725,0.9096973642150349,0.01
6664.465786314526,0.929490694231562,0.01
6666.866746698679,0.9386415799684876,0.01
6669.267707082833,0.9241584488826635,0.01
6671.668667466987,0.9219121743680813,0.01
6674.0696278511405,0.9074843845975413,0.01
6676.470588235294,0.8943815450002041,0.01
6678.871548619447,0.9374233804333715,0.01
6681.272509003601,0.9367834274162529,0.01
6683.673469387755,0.9122560632773556,0.01
6686.074429771908,0.913916135024978,0.01
6688.475390156062,0.9341738981005876,0.01
6690.876350540216,0.9242274916413143,0.01
6693.27731092437,0.9060787351998977,0.01
6695.678271308523,0.9245680629439011,0.01
6698.079231692676,0.9212366636670468,0.01
6700.4801920768305,0.9182080392799031,0.01
6702.881152460985,0.9325756387925195,0.01
6705.282112845138,0.9296229566626453,0.01
6707.683073229291,0.9083659686504872,0.01
6710.084033613445,0.9148205789254599,0.01
6712.484993997599,0.8977220731685798,0.01
6714.8859543817525,0.9016835258096749,0.01
6717.286914765906,0.901659150800921,0.01
6719.68787515006,0.9094374846809731,0.01
6722.088835534214,0.9145620780588897,0.01
6724.489795918367,0.8868140558367508,0.01
6726.8907563025205,0.9133176101062679,0.01
6729.291716686675,0.9014644033959203,0.01
6731.692677070829,0.8921983025177086,0.01
6734.093637454982,0.8986993100942708,0.01
6736.494597839135,0.9034704127534543,0.01
6738.895558223289,0.9031143407119707,0.01
6741.296518607443,0.891014092603279,0.01
6743.697478991597,0.8888884549167935,0.01
6746.09843937575,0.8847087770106214,0.01
6748.499399759903,0.8842854049930974,0.01
6750.900360144057,0.910308023064793,0.01
6753.301320528211,0.8933467730770216,0.01
6755.702280912365,0.9058089336566825,0.01
6758.103241296518,0.8996107301097485,0.01
6760.504201680672,0.8825631748332752,0.01
6762.905162064826,0.8862401304617211,0.01
6765.306122448979,0.9003738866764882,0.01
6767.7070828331325,0.8879368114007219,0.01
6770.108043217287,0.8876642162745723,0.01
6772.509003601441,0.8806694799382925,0.01
6774.909963985594,0.8941513524578936,0.01
6777.310924369747,0.8856486341619647,0.01
6779.711884753901,0.893283612691467,0.01
6782.1128451380555,0.8700426925782785,0.01
6784.513805522209,0.8857934120547485,0.01
6786.914765906362,0.8912562915446206,0.01
6789.315726290516,0.9001341140406015,0.01
6791.71668667467,0.879895987987948,0.01
6794.117647058823,0.865507573787819,0.01
6796.518607442977,0.8949551457160556,0.01
6798.919567827131,0.8702569828553791,0.01
6801.320528211285,0.8676321708615311,0.01
6803.721488595438,0.8765609457042031,0.01
6806.122448979591,0.8701574030340203,0.01
6808.5234093637455,0.890432806988563,0.01
6810.9243697479,0.8859053932455622,0.01
6813.325330132053,0.8836453122529847,0.01
6815.726290516206,0.8919810507570223,0.01
6818.127250900359,0.8737923564898411,0.01
6820.528211284513,0.8609319076292428,0.01
6822.929171668668,0.8741049954251165,0.01
6825.330132052821,0.8656214061655282,0.01
6827.731092436974,0.8756089862112855,0.01
6830.132052821128,0.8691770254351421,0.01
6832.533013205282,0.8502142297448136,0.01
6834.9339735894355,0.8749587839457428,0.01
6837.334933973589,0.8548713541636139,0.01
6839.735894357743,0.8723984744320841,0.01
6842.136854741897,0.864195728063095,0.01
6844.53781512605,0.8773062332770577,0.01
6846.938775510203,0.8695003554602113,0.01
6849.339735894358,0.8581417990841959,0.01
6851.740696278512,0.8597251191936389,0.01
6854.141656662665,0.8463659183185486,0.01
6856.542617046818,0.8670909379724289,0.01
6858.943577430972,0.8548666958342095,0.01
6861.344537815126,0.8542059173152879,0.01
6863.74549819928,0.8510608138693869,0.01
6866.146458583433,0.8505352776300363,0.01
6868.547418967587,0.8578437312625421,0.01
6870.948379351741,0.8569472465728871,0.01
6873.349339735894,0.8513438421623511,0.01
6875.7503001200475,0.8638485508599263,0.01
6878.151260504202,0.8661599665624353,0.01
6880.552220888355,0.853796591200472,0.01
6882.953181272509,0.8479180158850551,0.01
6885.354141656662,0.8621120413157752,0.01
6887.7551020408155,0.8477575315990571,0.01
6890.15606242497,0.8247100794295339,0.01
6892.557022809124,0.8564965182664955,0.01
6894.957983193277,0.8304561552718002,0.01
6897.35894357743,0.8386353751271406,0.01
6899.759903961584,0.8504185002872966,0.01
6902.160864345738,0.8497153452238653,0.01
6904.561824729892,0.8314492170452588,0.01
6906.962785114045,0.8387955281468907,0.01
6909.363745498199,0.856391714595785,0.01
6911.764705882353,0.8474771943662449,0.01
6914.165666266506,0.834445964367509,0.01
6916.56662665066,0.8334604375132345,0.01
6918.967587034814,0.8331552038265438,0.01
6921.368547418968,0.8331328827535743,0.01
6923.769507803121,0.8080269914934664,0.01
6926.170468187274,0.83955248934298,0.01
6928.571428571428,0.8373682152240011,0.01
6930.972388955583,0.827992111393609,0.01
6933.373349339736,0.832826051763097,0.01
6935.774309723889,0.8226228511499183,0.01
6938.175270108043,0.8334431021202714,0.01
6940.576230492197,0.8090662962774544,0.01
6942.9771908763505,0.8338499287786649,0.01
6945.378151260504,0.8226997404065843,0.01
6947.779111644658,0.8327240010405343,0.01
6950.180072028811,0.830491998497705,0.01
6952.581032412965,0.7945961141061434,0.01
6954.981992797118,0.8239497974358909,0.01
6957.382953181272,0.8124959608412164,0.01
6959.783913565426,0.8340795536072247,0.01
6962.18487394958,0.8043988428216993,0.01
6964.585834333733,0.8258695184922134,0.01
6966.986794717886,0.8178405454815105,0.01
6969.3877551020405,0.798889535579619,0.01
6971.788715486195,0.819763395761727,0.01
6974.189675870348,0.8047943105997315,0.01
6976.590636254501,0.8201474916394241,0.01
6978.991596638655,0.8097273172692309,0.01
6981.392557022809,0.8095784878055209,0.01
6983.793517406963,0.7985717833649713,0.01
6986.194477791116,0.807401732452049,0.01
6988.59543817527,0.8174097000358106,0.01
6990.996398559424,0.8082784882349393,0.01
6993.397358943577,0.8064297863565826,0.01
6995.7983193277305,0.8120370187691203,0.01
6998.199279711885,0.8038591474082833,0.01
7000.600240096039,0.8061712480307409,0.01
7003.001200480192,0.7895454326554089,0.01
7005.402160864345,0.795229477819022,0.01
7007.803121248499,0.8127437523219352,0.01
7010.2040816326535,0.783878543932018,0.01
7012.605042016807,0.7788997070536643,0.01
7015.00600240096,0.7964868957671265,0.01
7017.406962785113,0.815240627556017,0.01
7019.807923169267,0.7984167839860947,0.01
7022.208883553421,0.7767446798987323,0.01
7024.609843937575,0.7964512533863413,0.01
7027.010804321728,0.7781944909096715,0.01
7029.411764705882,0.7969406482712986,0.01
7031.812725090036,0.8010606517589087,0.01
7034.213685474189,0.7789479574865572,0.01
7036.614645858343,0.7825885327045548,0.01
7039.015606242497,0.7907567963940502,0.01
7041.416566626651,0.789371805525268,0.01
7043.817527010804,0.7867331946901042,0.01
7046.218487394957,0.7669745417639895,0.01
7048.619447779111,0.7723763442509198,0.01
7051.0204081632655,0.776244929512638,0.01
7053.421368547419,0.7844236303601437,0.01
7055.822328931572,0.7724710484855153,0.01
7058.223289315726,0.7710752276192013,0.01
7060.62424969988,0.7582510918065187,0.01
7063.0252100840335,0.7831986530918453,0.01
7065.426170468187,0.7664640551855356,0.01
7067.827130852341,0.7717595470279791,0.01
7070.228091236495,0.7661329991923487,0.01
7072.629051620648,0.7652010940580837,0.01
7075.030012004801,0.7602315181868136,0.01
7077.4309723889555,0.7508600809857257,0.01
7079.83193277311,0.7620528651483474,0.01
7082.232893157263,0.7670218341191043,0.01
7084.633853541416,0.7652523936909391,0.01
7087.034813925569,0.767092663471194,0.01
7089.4357743097235,0.7731221229180988,0.01
7091.836734693878,0.7560398839277707,0.01
7094.237695078031,0.744449182577634,0.01
7096.638655462184,0.7474054089381742,0.01
7099.039615846338,0.7569128364626668,0.01
7101.440576230492,0.7486658437574071,0.01
7103.8415366146455,0.7335449044603608,0.01
7106.242496998799,0.7609986574399825,0.01
7108.643457382953,0.7471402308175906,0.01
7111.044417767107,0.7591829425834982,0.01
7113.44537815126,0.7486928728095382,0.01
7115.846338535413,0.7445484720012056,0.01
7118.247298919568,0.7554399807294779,0.01
7120.648259303722,0.7674837755057523,0.01
7123.049219687875,0.7390626249919525,0.01
7125.450180072028,0.7266553003961093,0.01
7127.851140456182,0.7397947370605845,0.01
7130.252100840336,0.7425696999668816,0.01
7132.65306122449,0.7350466643442418,0.01
7135.054021608643,0.7446962849958462,0.01
7137.454981992797,0.7320352716761042,0.01
7139.855942376951,0.7301154161737898,0.01
7142.256902761104,0.7476975385464563,0.01
7144.657863145258,0.7188878769805968,0.01
7147.058823529412,0.7159275198815523,0.01
7149.459783913566,0.7284082048505153,0.01
7151.860744297719,0.7194125689699356,0.01
7154.261704681872,0.7387976164678396,0.01
7156.6626650660255,0.7259842727215318,0.01
7159.06362545018,0.7419203080582419,0.01
7161.464585834334,0.7314421990292672,0.01
7163.865546218487,0.7379324126204232,0.01
7166.26650660264,0.7358951132383825,0.01
7168.667466986794,0.7136884484562452,0.01
7171.0684273709485,0.7036831153098038,0.01
7173.469387755102,0.7127766675687142,0.01
7175.870348139255,0.7203060193697953,0.01
7178.271308523409,0.7251144385462731,0.01
7180.672268907563,0.7137764579774841,0.01
7183.073229291716,0.713723880054213,0.01
7185.47418967587,0.7099295267250599,0.01
7187.875150060024,0.7120339623255844,0.01
7190.276110444178,0.719665196060413,0.01
7192.677070828331,0.7074668675304661,0.01
7195.078031212484,0.7075459957999708,0.01
7197.4789915966385,0.7172256306432621,0.01
7199.879951980793,0.6960960532013101,0.01
7202.280912364946,0.7146839677389788,0.01
7204.681872749099,0.6952949812813588,0.01
7207.082833133253,0.7081457382303856,0.01
7209.483793517407,0.6916004533706358,0.01
7211.8847539015605,0.6890815274888855,0.01
7214.285714285714,0.7028606047026299,0.01
7216.686674669868,0.7011457613211315,0.01
7219.087635054022,0.6837295838141718,0.01
7221.488595438175,0.7068197863662754,0.01
7223.8895558223285,0.6844321481758692,0.01
7226.290516206482,0.7101695534655084,0.01
7228.691476590636,0.6812634003751078,0.01
7231.09243697479,0.6978444214673688,0.01
7233.493397358943,0.6734307633072764,0.01
7235.894357743096,0.7053179061344362,0.01
7238.2953181272505,0.6940207000863747,0.01
7240.696278511405,0.6817111646951357,0.01
7243.097238895558,0.6629537806024319,0.01
7245.498199279711,0.6918953808773238,0.01
7247.899159663865,0.6767764987446608,0.01
7250.300120048019,0.6840819846143855,0.01
7252.701080432173,0.6747203864544685,0.01
7255.102040816326,0.6807131641494047,0.01
7257.50300120048,0.6888010584713271,0.01
7259.903961584634,0.671772451547605,0.01
7262.304921968787,0.6668221507411889,0.01
7264.7058823529405,0.6944820752692761,0.01
7267.106842737095,0.683030741799449,0.01
7269.507803121249,0.673274906474131,0.01
7271.908763505402,0.6768427896119504,0.01
7274.309723889555,0.6738109281455246,0.01
7276.710684273709,0.6656134078521402,0.01
7279.1116446578635,0.6544127723643838,0.01
7281.512605042017,0.6624730034450558,0.01
7283.91356542617,0.6609497904462219,0.01
7286.314525810324,0.6739491041654755,0.01
7288.715486194478,0.668875727701438,0.01
7291.116446578631,0.6613394584700315,0.01
7293.517406962785,0.661861731604705,0.01
7295.918367346938,0.648301123351188,0.01
7298.319327731092,0.6730721487448065,0.01
7300.720288115246,0.6651805578681829,0.01
7303.121248499399,0.6440812082897308,0.01
7305.522208883553,0.6577429243757851,0.01
7307.923169267707,0.6682008770854996,0.01
7310.324129651861,0.6534146468602365,0.01
7312.725090036014,0.6379984104956661,0.01
7315.126050420167,0.6644410118765045,0.01
7317.527010804321,0.6393511487622507,0.01
7319.927971188476,0.6503599096735814,0.01
7322.328931572629,0.6419710892931002,0.01
7324.729891956782,0.6536505833990547,0.01
7327.130852340936,0.676004894339117,0.01
7329.53181272509,0.6466462977966712,0.01
7331.9327731092435,0.6405900312493183,0.01
7334.333733493397,0.6579276676064113,0.01
7336.734693877551,0.6435293203039656,0.01
7339.135654261705,0.6328052012606817,0.01
7341.536614645858,0.6477613354014917,0.01
7343.937575030011,0.6563142855765127,0.01
7346.338535414166,0.638297095046319,0.01
7348.73949579832,0.6302152523206568,0.01
7351.140456182473,0.6481192952329629,0.01
7353.541416566626,0.6414944399211896,0.01
7355.94237695078,0.6387720302281212,0.01
7358.343337334934,0.626843073911263,0.01
7360.744297719088,0.6397456025132415,0.01
7363.145258103241,0.6367171917889978,0.01
7365.546218487394,0.6343559425858841,0.01
7367.947178871548,0.6200901200522739,0.01
7370.348139255702,0.6532580734972351,0.01
7372.749099639856,0.6306856630824363,0.01
7375.150060024009,0.6215796053722603,0.01
7377.551020408163,0.6021236462807544,0.01
7379.951980792317,0.6046949053604397,0.01
7382.35294117647,0.6045391104465665,0.01
7384.7539015606235,0.5892287734788628,0.01
7387.154861944778,0.6077654384874852,0.01
7389.555822328932,0.6049293585584242,0.01
7391.956782713085,0.5979408199208038,0.01
7394.357743097238,0.6160386533519902,0.01
7396.758703481392,0.6026835824421152,0.01
7399.1596638655465,0.6004455669376229,0.01
7401.5606242497,0.6174178519428395,0.01
7403.961584633853,0.619587993187238,0.01
7406.362545018007,0.6043073174614668,0.01
7408.763505402161,0.6175168927649659,0.01
7411.164465786314,0.5967874330299159,0.01
7413.565426170468,0.5948481937466881,0.01
7415.966386554622,0.6055152416998765,0.01
7418.367346938776,0.5953278659767468,0.01
7420.768307322929,0.6051966882885832,0.01
7423.169267707082,0.6043576022798696,0.01
7425.5702280912365,0.6108474619644028,0.01
7427.97118847539,0.601262670190108,0.01
7430.372148859544,0.6025681130811691,0.01
7432.773109243697,0.5659196177989011,0.01
7435.17406962785,0.5930617376672399,0.01
7437.575030012004,0.5756322537831468,0.01
7439.9759903961585,0.5732848724932446,0.01
7442.376950780312,0.5844312829281442,0.01
7444.777911164465,0.5708046471578231,0.01
7447.178871548619,0.5878190974789075,0.01
7449.579831932773,0.5845791159198079,0.01
7451.980792316926,0.5810585797065408,0.01
7454.38175270108,0.5960335793893743,0.01
7456.782713085234,0.5762440751276389,0.01
7459.183673469388,0.5644756224622491,0.01
7461.584633853541,0.5714945753594578,0.01
7463.985594237694,0.585436087862965,0.01
7466.3865546218485,0.5830993032707534,0.01
7468.787515006003,0.5826512278242786,0.01
7471.188475390156,0.575560434494386,0.01
7473.589435774309,0.5778538050339694,0.01
7475.990396158463,0.5730599835549405,0.01
7478.391356542617,0.5769971519244501,0.01
7480.792316926771,0.566068739336105,0.01
7483.193277310924,0.5758911527127638,0.01
7485.594237695078,0.5657606814309113,0.01
7487.995198079232,0.5758963168099245,0.01
7490.396158463385,0.5588234399588806,0.01
7492.7971188475385,0.5435720555011436,0.01
7495.198079231693,0.5465450681822597,0.01
7497.599039615846,0.5535014410139872,0.01
7500.0,0.5696871001868412,0.01
7502.400960384153,0.5692030635209834,0.01
7504.801920768306,0.5707048989943101,0.01
7507.202881152461,0.5674161781524982,0.01
7509.603841536615,0.5506816496209708,0.01
7512.004801920768,0.5449778881502954,0.01
7514.405762304921,0.5249747855385605,0.01
7516.806722689075,0.5419073048885258,0.01
7519.207683073229,0.5432552054801024,0.01
7521.608643457383,0.5330497101577175,0.01
7524.009603841536,0.5420759494600368,0.01
7526.41056422569,0.5536734096252209,0.01
7528.811524609844,0.5462565855525776,0.01
7531.212484993997,0.5367355901339612,0.01
7533.613445378151,0.5356828284787911,0.01
7536.014405762305,0.5447272950159386,0.01
7538.415366146459,0.5305767568025234,0.01
7540.816326530612,0.5331440800638324,0.01
7543.217286914765,0.5339889389913731,0.01
7545.618247298919,0.5340436901749657,0.01
7548.019207683074,0.5223877401980496,0.01
7550.420168067227,0.5173685257185517,0.01
7552.82112845138,0.5384095468016263,0.01
7555.222088835534,0.5170506279891625,0.01
7557.623049219688,0.5148740229164847,0.01
7560.0240096038415,0.5144104930057009,0.01
7562.424969987995,0.5231831223521207,0.01
7564.825930372148,0.507564897530257,0.01
7567.226890756302,0.5059150855804235,0.01
7569.627851140456,0.5176448432693059,0.01
7572.028811524609,0.4901068184947651,0.01
7574.429771908763,0.48723890232476486,0.01
7576.830732292917,0.5106537482669914,0.01
7579.231692677071,0.5052775888942209,0.01
7581.632653061224,0.48739464798517607,0.01
7584.033613445377,0.49372721329074315,0.01
7586.4345738295315,0.4756612286129804,0.01
7588.835534213686,0.46378392854553196,0.01
7591.236494597839,0.47289097702975963,0.01
7593.637454981992,0.47735319850741187,0.01
7596.038415366146,0.4758672179484995,0.01
7598.439375750299,0.4656833848415699,0.01
7600.8403361344535,0.4809174846735357,0.01
7603.241296518607,0.4680520830855886,0.01
7605.642256902761,0.465751555167361,0.01
7608.043217286914,0.4717984878044645,0.01
7610.444177671068,0.4692983659374076,0.01
7612.8451380552215,0.4754539735681549,0.01
7615.246098439376,0.484450888560404,0.01
7617.647058823529,0.47599979564493916,0.01
7620.048019207683,0.49405557524748717,0.01
7622.448979591836,0.47382592349597363,0.01
7624.84993997599,0.47960916576196644,0.01
7627.2509003601435,0.4840561861217854,0.01
7629.651860744298,0.48439669766523563,0.01
7632.052821128451,0.4873959936085183,0.01
7634.453781512605,0.49007882657631696,0.01
7636.854741896758,0.4777581273126265,0.01
7639.255702280912,0.49593977218934115,0.01
7641.656662665066,0.4823250478956659,0.01
7644.05762304922,0.481936165313324,0.01
7646.458583433373,0.4685393540050918,0.01
7648.859543817527,0.4995724408563914,0.01
7651.26050420168,0.466895946367218,0.01
7653.661464585834,0.4818881940630948,0.01
7656.062424969988,0.4650988195077528,0.01
7658.463385354142,0.46626279575310015,0.01
7660.864345738295,0.4843922047183365,0.01
7663.265306122449,0.47141126092646857,0.01
7665.666266506602,0.4779746599834598,0.01
7668.067226890756,0.4818718937746116,0.01
7670.46818727491,0.46732761336313183,0.01
7672.869147659063,0.4977897149460571,0.01
7675.270108043217,0.4745811434253673,0.01
7677.67106842737,0.48930034035514447,0.01
7680.072028811524,0.46949483456553454,0.01
7682.472989195678,0.4689142900451989,0.01
7684.873949579832,0.45898558877655904,0.01
7687.274909963985,0.4568155844676082,0.01
7689.675870348139,0.45734792933324875,0.01
7692.076830732292,0.4709721956222875,0.01
7694.4777911164465,0.4760497702189767,0.01
7696.8787515006,0.44553353382094657,0.01
7699.279711884754,0.43996296397125106,0.01
7701.680672268907,0.4714692786432935,0.01
7704.081632653061,0.44637347887658096,0.01
7706.482593037214,0.4276430470654594,0.01
7708.883553421369,0.4427220973070759,0.01
7711.284513805522,0.4432181183302129,0.01
7713.685474189676,0.4482680734068643,0.01
7716.086434573829,0.4577366106130273,0.01
7718.487394957983,0.45124438631043173,0.01
7720.8883553421365,0.4581649982415773,0.01
7723.289315726291,0.4444301157515658,0.01
7725.690276110444,0.43269323253825953,0.01
7728.091236494598,0.41379239005136215,0.01
7730.492196878751,0.45110069477770137,0.01
7732.893157262905,0.4426240467669281,0.01
7735.294117647059,0.44011101047978385,0.01
7737.695078031212,0.44317987964570793,0.01
7740.096038415366,0.4357518287505441,0.01
7742.496998799519,0.42895589598799366,0.01
7744.897959183673,0.4388349471106971,0.01
7747.2989195678265,0.4332488170659912,0.01
7749.699879951981,0.4362991898641368,0.01
7752.100840336134,0.4453161200184877,0.01
7754.501800720288,0.42845986674715136,0.01
7756.902761104441,0.44879637580530796,0.01
7759.303721488595,0.43002180474615337,0.01
7761.704681872749,0.427703819601663,0.01
7764.105642256903,0.44405491852306844,0.01
7766.506602641056,0.41586013458614984,0.01
7768.90756302521,0.45009524079560437,0.01
7771.308523409363,0.4235300942332711,0.01
7773.709483793517,0.42581297348520725,0.01
7776.110444177671,0.41850182550981946,0.01
7778.511404561825,0.4114198554481877,0.01
7780.912364945978,0.4167913414151963,0.01
7783.313325330132,0.4272715717338852,0.01
7785.714285714285,0.4217201022478045,0.01
7788.1152460984395,0.41201123470767953,0.01
7790.516206482593,0.3964293154477659,0.01
7792.917166866747,0.4199886419147768,0.01
7795.3181272509,0.444354817391416,0.01
7797.719087635054,0.41114648761319067,0.01
7800.120048019207,0.4239761951837338,0.01
7802.521008403361,0.4090898638232616,0.01
7804.921968787515,0.4053230080963874,0.01
7807.322929171668,0.402410567413102,0.01
7809.723889555822,0.4053534548652974,0.01
7812.124849939975,0.4093976644586537,0.01
7814.525810324129,0.40094609193964226,0.01
7816.926770708283,0.40079178398867354,0.01
7819.327731092437,0.401569000101667,0.01
7821.72869147659,0.3977638022543945,0.01
7824.129651860744,0.402493716087009,0.01
7826.530612244897,0.39163751310300066,0.01
7828.9315726290515,0.3917080469253641,0.01
7831.332533013205,0.3938463594343351,0.01
7833.733493397359,0.3904916616518185,0.01
7836.134453781512,0.3892187082625629,0.01
7838.535414165666,0.400972119384484,0.01
7840.936374549819,0.39149076265657584,0.01
7843.337334933974,0.4054547746551222,0.01
7845.738295318127,0.39438923450940033,0.01
7848.139255702281,0.3874236139411165,0.01
7850.540216086434,0.3991403540502817,0.01
7852.941176470588,0.3791160855865644,0.01
7855.3421368547415,0.40491504028014186,0.01
7857.743097238896,0.39030832707982294,0.01
7860.144057623049,0.37934974177459907,0.01
7862.545018007203,0.3945463562678159,0.01
7864.945978391356,0.3903320561488319,0.01
7867.34693877551,0.38753343770071924,0.01
7869.747899159664,0.37708603954652103,0.01
7872.148859543817,0.3610582323050072,0.01
7874.549819927971,0.38475777669507283,0.01
7876.950780312124,0.36611785173042105,0.01
7879.351740696278,0.37644071505825066,0.01
7881.7527010804315,0.3795176919918526,0.01
7884.153661464586,0.3822954075561114,0.01
7886.554621848739,0.3727934413805391,0.01
7888.955582232893,0.3866273402636439,0.01
7891.356542617046,0.36277930367848754,0.01
7893.7575030012,0.3902777956697633,0.01
7896.158463385354,0.3655947661555609,0.01
7898.559423769508,0.3569703424929914,0.01
7900.960384153661,0.35687254223702974,0.01
7903.361344537815,0.35427634785754825,0.01
7905.762304921968,0.35346438626747717,0.01
7908.163265306122,0.3518750730614155,0.01
7910.564225690276,0.36151426036084716,0.01
7912.96518607443,0.37090944024602285,0.01
7915.366146458583,0.3680134572737812,0.01
7917.767106842737,0.34851094445069325,0.01
7920.16806722689,0.3563790883156416,0.01
7922.5690276110445,0.3599589136302644,0.01
7924.969987995198,0.3563146106657522,0.01
7927.370948379352,0.35799258759904945,0.01
7929.771908763505,0.3486971008883118,0.01
7932.172869147659,0.3445064234993311,0.01
7934.573829531812,0.33696784535323887,0.01
7936.9747899159665,0.354562694070609,0.01
7939.37575030012,0.34793258524866433,0.01
7941.776710684273,0.35753429881591137,0.01
7944.177671068427,0.3510322682172127,0.01
7946.57863145258,0.34275057419897564,0.01
7948.9795918367345,0.35397476810616957,0.01
7951.380552220888,0.3563129524214297,0.01
7953.781512605042,0.3418931968075456,0.01
7956.182472989195,0.3235277246155199,0.01
7958.583433373349,0.3280905219867861,0.01
7960.984393757502,0.3377503970531704,0.01
7963.3853541416565,0.3332467263572091,0.01
7965.78631452581,0.3210269017672377,0.01
7968.187274909964,0.3303327814523343,0.01
7970.588235294117,0.33240277835884174,0.01
7972.989195678271,0.3363925336760036,0.01
7975.3901560624245,0.3423624106259164,0.01
7977.791116446579,0.3305591055846771,0.01
7980.192076830732,0.31985112030239615,0.01
7982.593037214886,0.33104349281542106,0.01
7984.993997599039,0.3435541822348995,0.01
7987.394957983193,0.3225649174399336,0.01
7989.7959183673465,0.3262014134747472,0.01
7992.196878751501,0.33760137563938203,0.01
7994.597839135654,0.3372912728396438,0.01
7996.998799519808,0.3174605206288038,0.01
7999.399759903961,0.3051136741525882,0.01
8001.800720288115,0.33823715258105386,0.01
8004.201680672269,0.30819128802979606,0.01
8006.602641056423,0.3373193898459584,0.01
8009.003601440576,0.30883266791960007,0.01
8011.404561824729,0.3275489317119371,0.01
8013.805522208883,0.3300526249396832,0.01
8016.2064825930365,0.32428827234181906,0.01
8018.607442977191,0.30469685220216486,0.01
8021.008403361344,0.32069606881995627,0.01
8023.409363745498,0.3206190867861478,0.01
8025.810324129651,0.320841835058877,0.01
8028.211284513805,0.3032583476120601,0.01
8030.612244897959,0.32236094661747433,0.01
8033.013205282113,0.3083758767513224,0.01
8035.414165666266,0.30032213318814255,0.01
8037.81512605042,0.2955867280919288,0.01
8040.216086434573,0.30864557831704137,0.01
8042.617046818727,0.3260435974402747,0.01
8045.018007202881,0.30701065727604854,0.01
8047.418967587035,0.3143705204223805,0.01
8049.819927971188,0.29353950771772463,0.01
8052.220888355342,0.30248173477286705,0.01
8054.621848739495,0.3098152451221203,0.01
8057.0228091236495,0.280420087244427,0.01
8059.423769507803,0.30867700617629457,0.01
8061.824729891957,0.31301712866282466,0.01
8064.22569027611,0.30594716055697185,0.01
8066.626650660264,0.3022240936824581,0.01
8069.027611044417,0.2988732774544606,0.01
8071.428571428572,0.28062918878503096,0.01
8073.829531812725,0.28969184323572633,0.01
8076.230492196878,0.3040388503169853,0.01
8078.631452581032,0.30434381409271555,0.01
8081.032412965185,0.3025879105033174,0.01
8083.4333733493395,0.3049241361589018,0.01
8085.834333733493,0.29496489944131765,0.01
8088.235294117647,0.31367500840229046,0.01
8090.6362545018,0.2817706541199439,0.01
8093.037214885954,0.2845353519550051,0.01
8095.438175270107,0.29693548441946443,0.01
8097.839135654262,0.29175277068178124,0.01
8100.240096038415,0.2941764529687868,0.01
8102.641056422569,0.28527683299417206,0.01
8105.042016806722,0.28063511869345736,0.01
8107.442977190876,0.26748589413251495,0.01
8109.8439375750295,0.27742025906772416,0.01
8112.244897959184,0.2942743016288782,0.01
8114.645858343337,0.2872178583793727,0.01
8117.046818727491,0.2922228045441184,0.01
8119.447779111644,0.30129487122781295,0.01
8121.848739495798,0.27962447158359266,0.01
8124.249699879952,0.26834340260228196,0.01
8126.650660264106,0.27782197656080193,0.01
8129.051620648259,0.2692359276924019,0.01
8131.452581032413,0.26227973397625026,0.01
8133.853541416566,0.2664885048268883,0.01
8136.25450180072,0.2658963287504172,0.01
8138.655462184874,0.27067466651615407,0.01
8141.056422569028,0.2713365509901196,0.01
8143.457382953181,0.27112219244388375,0.01
8145.858343337334,0.2641015434837423,0.01
8148.259303721488,0.24969847696721023,0.01
8150.6602641056415,0.2644602109364256,0.01
8153.061224489796,0.2491761559979564,0.01
8155.462184873949,0.2601172798247594,0.01
8157.863145258103,0.2631653517279158,0.01
8160.264105642256,0.2725547314890776,0.01
8162.66506602641,0.261676600443183,0.01
8165.066026410564,0.26622783824620583,0.01
8167.466986794718,0.2779901453139168,0.01
8169.867947178871,0.27434324904010554,0.01
8172.268907563025,0.25939670667669545,0.01
8174.669867947178,0.24434481011897985,0.01
8177.070828331332,0.24208426982138406,0.01
8179.471788715486,0.25689958256681344,0.01
8181.87274909964,0.24377077475033632,0.01
8184.273709483793,0.26985119063293506,0.01
8186.674669867947,0.24343005122440933,0.01
8189.0756302521,0.24893290445043487,0.01
8191.4765906362545,0.25297690503238424,0.01
8193.877551020407,0.24291947038895595,0.01
8196.278511404562,0.24952225959237068,0.01
8198.679471788715,0.2557323584950972,0.01
8201.080432172868,0.2557394177957204,0.01
8203.481392557023,0.23979143323516505,0.01
8205.882352941177,0.22793306347527917,0.01
8208.28331332533,0.234114150110005,0.01
8210.684273709485,0.2553514494193752,0.01
8213.085234093636,0.24155923239540655,0.01
8215.486194477791,0.2457677482137111,0.01
8217.887154861945,0.24884477043556832,0.01
8220.288115246098,0.24116767459984528,0.01
8222.689075630253,0.24311331550763499,0.01
8225.090036014404,0.24727171546206114,0.01
8227.49099639856,0.20890344947197342,0.01
8229.891956782712,0.23184612555368642,0.01
8232.292917166866,0.23162999559270786,0.01
8234.69387755102,0.23557344517851636,0.01
8237.094837935174,0.2298780752500342,0.01
8239.495798319327,0.2304832440050532,0.01
8241.896758703482,0.23668780104783782,0.01
8244.297719087634,0.22266479252117216,0.01
8246.698679471789,0.22947397326335076,0.01
8249.099639855942,0.24548696862706287,0.01
8251.500600240095,0.22775982605642767,0.01
8253.90156062425,0.2396901626723176,0.01
8256.302521008403,0.23794592037237336,0.01
8258.703481392557,0.21940294962388748,0.01
8261.104441776712,0.22810940831643536,0.01
8263.505402160863,0.22929482023625883,0.01
8265.906362545018,0.24575938799728275,0.01
8268.307322929171,0.23031480089495632,0.01
8270.708283313325,0.22406973265335614,0.01
8273.10924369748,0.20814954621561485,0.01
8275.510204081633,0.21791722542141578,0.01
8277.911164465786,0.20099271001825256,0.01
8280.312124849941,0.2214470626516039,0.01
8282.713085234092,0.22217724173953696,0.01
8285.114045618247,0.20846302407526435,0.01
8287.5150060024,0.223428146718386,0.01
8289.915966386554,0.22421584282111198,0.01
8292.316926770709,0.23333787381766197,0.01
8294.71788715486,0.2028599779945972,0.01
8297.118847539015,0.21675876195571198,0.01
8299.519807923169,0.2226896773470376,0.01
8301.920768307322,0.23145258541902142,0.01
8304.321728691477,0.22255996587817542,0.01
8306.72268907563,0.23217571122031444,0.01
8309.123649459783,0.2169639413514826,0.01
8311.524609843938,0.206916179559908,0.01
8313.92557022809,0.21548226792896535,0.01
8316.326530612245,0.2100290515221831,0.01
8318.727490996398,0.2341034174551038,0.01
8321.128451380551,0.20130089272610857,0.01
8323.529411764706,0.20915938699816633,0.01
8325.93037214886,0.20714831013398252,0.01
8328.331332533013,0.20449236752273947,0.01
8330.732292917168,0.20999416447945887,0.01
8333.13325330132,0.2038931474646417,0.01
8335.534213685474,0.2086654326058958,0.01
8337.935174069627,0.1827426676215993,0.01
8340.33613445378,0.20703158251681253,0.01
8342.737094837936,0.19764720831798405,0.01
8345.138055222089,0.2069515549994304,0.01
8347.539015606242,0.1861263229852784,0.01
8349.939975990395,0.18442619906214222,0.01
8352.340936374549,0.2130788264999695,0.01
8354.741896758704,0.1971249207506312,0.01
8357.142857142857,0.20385472027789642,0.01
8359.54381752701,0.21359037724241758,0.01
8361.944777911165,0.19174265022629908,0.01
8364.345738295317,0.2006226929242849,0.01
8366.746698679472,0.20486194772822375,0.01
8369.147659063625,0.18955077413752563,0.01
8371.548619447778,0.20849490878248758,0.01
8373.949579831933,0.1938256899122989,0.01
8376.350540216086,0.19369829742709185,0.01
8378.75150060024,0.1955560852622654,0.01
8381.152460984395,0.20024375013113158,0.01
8383.553421368546,0.16780320995661285,0.01
8385.954381752701,0.19697398906626506,0.01
8388.355342136854,0.1953363779965672,0.01
8390.756302521007,0.1959595849882072,0.01
8393.157262905162,0.19798628242671823,0.01
8395.558223289316,0.19160403018961453,0.01
8397.959183673469,0.18731242564317893,0.01
8400.360144057624,0.1948811006161712,0.01
8402.761104441775,0.18218862148808462,0.01
8405.16206482593,0.1692531267438858,0.01
8407.563025210084,0.18823665929899946,0.01
8409.963985594237,0.16476138741049137,0.01
8412.364945978392,0.17619174860904277,0.01
8414.765906362545,0.1775294939896484,0.01
8417.166866746698,0.17826189914778023,0.01
8419.567827130852,0.198049082945086,0.01
8421.968787515005,0.1772470026757385,0.01
8424.36974789916,0.15378064371456485,0.01
8426.770708283313,0.1823166204381883,0.01
8429.171668667466,0.1667149631662527,0.01
8431.572629051621,0.15685302560719047,0.01
8433.973589435773,0.17465165945473626,0.01
8436.374549819928,0.16190147258664528,0.01
8438.775510204081,0.16827259387010426,0.01
8441.176470588234,0.17990241910251728,0.01
8443.57743097239,0.19078246076675484,0.01
8445.978391356542,0.173773262541422,0.01
8448.379351740696,0.178481486836106,0.01
8450.78031212485,0.1782279617254514,0.01
8453.181272509002,0.17122483791947385,0.01
8455.582232893157,0.15453922975052312,0.01
8457.98319327731,0.1710170860833052,0.01
8460.384153661464,0.16673656059619646,0.01
8462.785114045619,0.16529222601012072,0.01
8465.186074429772,0.161269008383108,0.01
8467.587034813925,0.17619338210135096,0.01
8469.98799519808,0.1717467349754599,0.01
8472.388955582232,0.17531169742044078,0.01
8474.789915966387,0.15066429136253545,0.01
8477.19087635054,0.1619210342063352,0.01
8479.591836734693,0.18024675525065748,0.01
8481.992797118848,0.18049052175262914,0.01
8484.393757503001,0.15063594084017923,0.01
8486.794717887155,0.15946299971402414,0.01
8489.195678271308,0.1503529085212239,0.01
8491.596638655461,0.171917739210134,0.01
8493.997599039616,0.16099283368776174,0.01
8496.39855942377,0.1606306253266672,0.01
8498.799519807922,0.14724610502028188,0.01
8501.200480192078,0.1623557878564534,0.01
8503.601440576229,0.16547651023063253,0.01
8506.002400960384,0.16216453050864893,0.01
8508.403361344537,0.1622085222651841,0.01
8510.80432172869,0.16991862566721214,0.01
8513.205282112845,0.14839846316721295,0.01
8515.606242496999,0.1574797219878617,0.01
8518.007202881152,0.14782380206627682,0.01
8520.408163265307,0.16046208233980871,0.01
8522.809123649458,0.1490718584791578,0.01
8525.210084033613,0.15122458591522792,0.01
8527.611044417767,0.1294552182669481,0.01
8530.01200480192,0.1572136098010611,0.01
8532.412965186075,0.1374520028117127,0.01
8534.813925570228,0.13354146875507422,0.01
8537.214885954381,0.15477414292190134,0.01
8539.615846338536,0.13488061001146257,0.01
8542.016806722688,0.15510802578206323,0.01
8544.417767106843,0.14773133403269778,0.01
8546.818727490996,0.14262469671266065,0.01
8549.21968787515,0.15715908721862992,0.01
8551.620648259304,0.14102372543515349,0.01
8554.021608643456,0.1443979810349881,0.01
8556.42256902761,0.13924221385196517,0.01
8558.823529411764,0.15107361373553288,0.01
8561.224489795917,0.13216696153293322,0.01
8563.625450180072,0.14516409634630992,0.01
8566.026410564225,0.12822169179414594,0.01
8568.427370948379,0.14819510878198805,0.01
8570.828331332534,0.13541343322106902,0.01
8573.229291716685,0.13746479535228656,0.01
8575.63025210084,0.13913174014405771,0.01
8578.031212484993,0.13034693596836483,0.01
8580.432172869147,0.14980033510188498,0.01
8582.833133253302,0.1371875413585154,0.01
8585.234093637455,0.11887944192097794,0.01
8587.635054021608,0.14252247398711826,0.01
8590.036014405763,0.13340463661530755,0.01
8592.436974789915,0.12374981683903244,0.01
8594.83793517407,0.13137489171536518,0.01
8597.238895558223,0.1425756842713293,0.01
8599.639855942376,0.13213723203887584,0.01
8602.040816326531,0.14304640686300157,0.01
8604.441776710684,0.14694696073900715,0.01
8606.842737094838,0.12548041741178234,0.01
8609.243697478993,0.13728276661883387,0.01
8611.644657863144,0.12540895435059796,0.01
8614.045618247299,0.12020208397148227,0.01
8616.446578631452,0.1320205449819011,0.01
8618.847539015605,0.1178035003725291,0.01
8621.24849939976,0.1261695412670455,0.01
8623.649459783912,0.128972737752615,0.01
8626.050420168067,0.1374017839590166,0.01
8628.45138055222,0.12626578061544103,0.01
8630.852340936373,0.11862359017347111,0.01
8633.253301320528,0.12419080855141779,0.01
8635.654261704682,0.12464288583294314,0.01
8638.055222088835,0.11961328550495984,0.01
8640.45618247299,0.11760221119213675,0.01
8642.857142857141,0.11677212443091838,0.01
8645.258103241296,0.13301696408006716,0.01
8647.65906362545,0.12810774926608545,0.01
8650.060024009603,0.12845602586228605,0.01
8652.460984393758,0.131050438547577,0.01
8654.861944777911,0.1370566888091529,0.01
8657.262905162064,0.12808877770184654,0.01
8659.66386554622,0.10121961462810551,0.01
8662.06482593037,0.1167258528030332,0.01
8664.465786314526,0.13285977888550837,0.01
8666.866746698679,0.09921061899493905,0.01
8669.267707082832,0.11948005569637556,0.01
8671.668667466987,0.1101999652151661,0.01
8674.06962785114,0.10956250665505976,0.01
8676.470588235294,0.1169412195123448,0.01
8678.871548619449,0.11389126846337495,0.01
8681.2725090036,0.11232195842429829,0.01
8683.673469387755,0.11658836554253363,0.01
8686.074429771908,0.12522599427579004,0.01
8688.475390156062,0.11641136909680035,0.01
8690.876350540217,0.11695343101224435,0.01
8693.277310924368,0.10416412683679438,0.01
8695.678271308523,0.11767987682046321,0.01
8698.079231692676,0.11911961575240028,0.01
8700.48019207683,0.11128188685125581,0.01
8702.881152460985,0.11720896140604181,0.01
8705.282112845138,0.10682523630579752,0.01
8707.683073229291,0.12946901719552611,0.01
8710.084033613446,0.11762597629251743,0.01
8712.484993997597,0.11379501698256146,0.01
8714.885954381753,0.11403382324371553,0.01
8717.286914765906,0.11292400142647913,0.01
8719.687875150059,0.10241575742171284,0.01
8722.088835534214,0.09692650749008219,0.01
8724.489795918367,0.10405802817988143,0.01
8726.89075630252,0.10182423224841106,0.01
8729.291716686675,0.09033240007289363,0.01
8731.692677070827,0.11076310887821718,0.01
8734.093637454982,0.09816522408889825,0.01
8736.494597839135,0.09141818257131665,0.01
8738.895558223288,0.10513854881550609,0.01
8741.296518607443,0.10353537203871149,0.01
8743.697478991597,0.1212732795769565,0.01
8746.09843937575,0.09155968466937388,0.01
8748.499399759905,0.10742886660186424,0.01
8750.900360144056,0.09927673756468497,0.01
8753.301320528211,0.11363934814804372,0.01
8755.702280912365,0.10841983743290494,0.01
8758.103241296518,0.09003774249258316,0.01
8760.504201680673,0.10583758201585784,0.01
8762.905162064824,0.11104180307672426,0.01
8765.30612244898,0.11719688381013145,0.01
8767.707082833133,0.10295481724574267,0.01
8770.108043217286,0.11263095065282176,0.01
8772.50900360144,0.09405532684896409,0.01
8774.909963985594,0.10831962127622617,0.01
8777.310924369747,0.11322943362788934,0.01
8779.711884753902,0.11372210534865446,0.01
8782.112845138054,0.10354283964108112,0.01
8784.513805522209,0.09846333714698238,0.01
8786.914765906362,0.10106612657317725,0.01
8789.315726290515,0.10019826301717445,0.01
8791.71668667467,0.10154430448920214,0.01
8794.117647058823,0.08051416784927637,0.01
8796.518607442977,0.0861861850267012,0.01
8798.919567827132,0.08342348807952313,0.01
8801.320528211283,0.10736751327273066,0.01
8803.721488595438,0.0691865615283435,0.01
8806.122448979591,0.10269941267134637,0.01
8808.523409363745,0.09544606307912136,0.01
8810.9243697479,0.10436964934332238,0.01
8813.325330132053,0.08489857180943183,0.01
8815.726290516206,0.09705946211433322,0.01
8818.127250900361,0.07851016224702934,0.01
8820.528211284513,0.09360505620031538,0.01
8822.929171668668,0.09227449536085124,0.01
8825.33013205282,0.10191816791941312,0.01
8827.731092436974,0.07628061926954516,0.01
8830.132052821129,0.08538314696027781,0.01
8832.53301320528,0.081194871736084,0.01
8834.933973589435,0.09509183029986201,0.01
8837.334933973589,0.09544195623461087,0.01
8839.735894357742,0.09534215757633968,0.01
8842.136854741897,0.09075932520417768,0.01
8844.53781512605,0.08985282057212544,0.01
8846.938775510203,0.09861947062307072,0.01
8849.339735894358,0.10433366737978209,0.01
8851.74069627851,0.08406859290472732,0.01
8854.141656662665,0.07493932606590739,0.01
8856.542617046818,0.07652766865680596,0.01
8858.943577430971,0.07137257441283845,0.01
8861.344537815126,0.09322153140483189,0.01
8863.74549819928,0.0984580622566255,0.01
8866.146458583433,0.0802796040775065,0.01
8868.547418967588,0.0858973213913228,0.01
8870.94837935174,0.07953171293222738,0.01
8873.349339735894,0.09565226416455913,0.01
8875.750300120048,0.09908405584615688,0.01
8878.1512605042,0.0720112913310603,0.01
8880.552220888356,0.07757448091126865,0.01
8882.953181272509,0.08779552668924309,0.01
8885.354141656662,0.066994259063375,0.01
8887.755102040817,0.09818994562339498,0.01
8890.156062424969,0.07768298832305068,0.01
8892.557022809124,0.07044478676604515,0.01
8894.957983193277,0.07394877789516892,0.01
8897.35894357743,0.0771896453055114,0.01
8899.759903961585,0.05977309239047542,0.01
8902.160864345737,0.07103980309768321,0.01
8904.561824729892,0.0766805036854333,0.01
8906.962785114045,0.08794880451839329,0.01
8909.363745498198,0.09042874417754834,0.01
8911.764705882353,0.06937945797682823,0.01
8914.165666266506,0.06774869123041574,0.01
8916.56662665066,0.0953802784824133,0.01
8918.967587034815,0.08378726754143334,0.01
8921.368547418966,0.0863345613753068,0.01
8923.769507803121,0.08613365712905488,0.01
8926.170468187274,0.07480675381308671,0.01
8928.571428571428,0.06623410651229483,0.01
8930.972388955583,0.11405011855765534,0.01
8933.373349339736,0.09121259176683838,0.01
8935.774309723889,0.09056984176379514,0.01
8938.175270108044,0.08602656307901725,0.01
8940.576230492195,0.06271713246837926,0.01
8942.97719087635,0.08496388973641575,0.01
8945.378151260504,0.06901663807140387,0.01
8947.779111644657,0.06438069960209446,0.01
8950.180072028812,0.08052717773331679,0.01
8952.581032412965,0.07875687126263398,0.01
8954.981992797118,0.07473549406555607,0.01
8957.382953181273,0.05967744600087048,0.01
8959.783913565425,0.0741869803477491,0.01
8962.18487394958,0.07685492126602939,0.01
8964.585834333733,0.07004837328207937,0.01
8966.986794717886,0.08068273524180997,0.01
8969.387755102041,0.06776285046017362,0.01
8971.788715486193,0.07714859428215272,0.01
8974.189675870348,0.074646769591942,0.01
8976.590636254501,0.08987538067153725,0.01
8978.991596638654,0.057950769320967516,0.01
8981.39255702281,0.07873653336163981,0.01
8983.793517406963,0.07660635090073997,0.01
8986.194477791116,0.07737366484101904,0.01
8988.59543817527,0.06377714006686055,0.01
8990.996398559422,0.06515796192399825,0.01
8993.397358943577,0.06434320088202271,0.01
8995.79831932773,0.07251980141347905,0.01
8998.199279711884,0.06548591920442315,0.01
9000.600240096039,0.07134960654470648,0.01
9003.001200480192,0.06336441711413877,0.01
9005.402160864345,0.06288540653142029,0.01
9007.8031212485,0.04925530374343735,0.01
9010.204081632652,0.07983126271004361,0.01
9012.605042016807,0.06766506510740883,0.01
9015.00600240096,0.054933020553433146,0.01
9017.406962785113,0.05780601194366992,0.01
9019.807923169268,0.06890127591856782,0.01
9022.208883553421,0.06401485727362774,0.01
9024.609843937575,0.06187173840296065,0.01
9027.01080432173,0.06944145039291129,0.01
9029.411764705881,0.05181044465422166,0.01
9031.812725090036,0.071055450697136,0.01
9034.21368547419,0.06606094201101935,0.01
9036.614645858343,0.07435616782137601,0.01
9039.015606242498,0.04294253738746756,0.01
9041.416566626649,0.054172834275807456,0.01
9043.817527010804,0.05839895080644315,0.01
9046.218487394957,0.05688293392388338,0.01
9048.61944777911,0.05863118022041276,0.01
9051.020408163266,0.048151464487380995,0.01
9053.421368547419,0.0675890021197457,0.01
9055.822328931572,0.0633700554643826,0.01
9058.223289315727,0.07532980511717284,0.01
9060.624249699878,0.06931601620519662,0.01
9063.025210084033,0.06054158291036054,0.01
9065.426170468187,0.05635241294503171,0.01
9067.82713085234,0.05984000882025147,0.01
9070.228091236495,0.06972715019757075,0.01
9072.629051620648,0.059375638527598786,0.01
9075.030012004801,0.05158290322583479,0.01
9077.430972388956,0.030682030159088408,0.01
9079.831932773108,0.044581908543733825,0.01
9082.232893157263,0.04727592577864665,0.01
9084.633853541416,0.06034615509290185,0.01
9087.03481392557,0.04167651309038958,0.01
9089.435774309724,0.03518933701308349,0.01
9091.836734693878,0.06066122173888379,0.01
9094.23769507803,0.03834727545475556,0.01
9096.638655462186,0.06240643636118916,0.01
9099.039615846337,0.06746164283495208,0.01
9101.440576230492,0.05178206801738091,0.01
9103.841536614646,0.057001682521800254,0.01
9106.242496998799,0.06712811273801329,0.01
9108.643457382954,0.044083908745051165,0.01
9111.044417767105,0.07516835520228031,0.01
9113.44537815126,0.07043595610868203,0.01
9115.846338535413,0.04822658760261483,0.01
9118.247298919567,0.04733623289842554,0.01
9120.648259303722,0.04390453790732548,0.01
9123.049219687875,0.03799824699999048,0.01
9125.450180072028,0.06474574144936233,0.01
9127.851140456183,0.040913517363703605,0.01
9130.252100840335,0.041528782213606286,0.01
9132.65306122449,0.03928952487037509,0.01
9135.054021608643,0.05680960636029229,0.01
9137.454981992796,0.060115229485673785,0.01
9139.855942376951,0.05940827532326142,0.01
9142.256902761104,0.06999708193523888,0.01
9144.657863145258,0.03681286581593398,0.01
9147.058823529413,0.042046659296740306,0.01
9149.459783913564,0.04675857958987785,0.01
9151.860744297719,0.02779592349334119,0.01
9154.261704681872,0.033052334603508295,0.01
9156.662665066026,0.052740865550449365,0.01
9159.06362545018,0.05241601980514541,0.01
9161.464585834334,0.061446467205243924,0.01
9163.865546218487,0.040697045833032755,0.01
9166.266506602642,0.047144275707546424,0.01
9168.667466986793,0.03925778431799116,0.01
9171.068427370948,0.04074155768703593,0.01
9173.469387755102,0.04837860046152715,0.01
9175.870348139255,0.06317582481815914,0.01
9178.27130852341,0.058940840967792514,0.01
9180.672268907561,0.03596816290566983,0.01
9183.073229291716,0.04369808113270886,0.01
9185.47418967587,0.04169979417700542,0.01
9187.875150060023,0.06498004053479758,0.01
9190.276110444178,0.054433970892462505,0.01
9192.677070828331,0.04144019525252445,0.01
9195.078031212484,0.046484058727390455,0.01
9197.47899159664,0.04652995907096338,0.01
9199.87995198079,0.049067473629412724,0.01
9202.280912364946,0.036577729824960624,0.01
9204.681872749099,0.0513503816969502,0.01
9207.082833133252,0.055361534700558136,0.01
9209.483793517407,0.04279184559661764,0.01
9211.88475390156,0.04082619284373543,0.01
9214.285714285714,0.019799582011443436,0.01
9216.686674669869,0.043947284542730246,0.01
9219.08763505402,0.034627484172305774,0.01
9221.488595438175,0.05182352597254029,0.01
9223.889555822328,0.038527021630449756,0.01
9226.290516206482,0.046730245496607925,0.01
9228.691476590637,0.05377048725582961,0.01
9231.09243697479,0.0632234297572911,0.01
9233.493397358943,0.06492034421759249,0.01
9235.894357743098,0.026475411655066738,0.01
9238.29531812725,0.02582537327041022,0.01
9240.696278511405,0.04404397769319491,0.01
9243.097238895558,0.057447101171276105,0.01
9245.498199279711,0.03993069819811907,0.01
9247.899159663866,0.045280423472288035,0.01
9250.300120048018,0.05339732979936247,0.01
9252.701080432173,0.044109476519442976,0.01
9255.102040816326,0.045151045333203146,0.01
9257.503001200479,0.04136390407325413,0.01
9259.903961584634,0.038584284848013795,0.01
9262.304921968787,0.04848783725026258,0.01
9264.70588235294,0.0570999067744936,0.01
9267.106842737096,0.03878590928334748,0.01
9269.507803121247,0.04423436426227758,0.01
9271.908763505402,0.045212054407265154,0.01
9274.309723889555,0.03520102310456134,0.01
9276.710684273708,0.040175337410279365,0.01
9279.111644657864,0.043488678740489145,0.01
9281.512605042017,0.02813581578039347,0.01
9283.91356542617,0.038419142029345814,0.01
9286.314525810325,0.02867340974832049,0.01
9288.715486194476,0.0449471410188802,0.01
9291.116446578631,0.05079525803923802,0.01
9293.517406962785,0.0580282156326164,0.01
9295.918367346938,0.02356140275973706,0.01
9298.319327731093,0.04692809733813197,0.01
9300.720288115246,0.020038055184672686,0.01
9303.1212484994,0.04361111413755399,0.01
9305.522208883553,0.04179121628165447,0.01
9307.923169267706,0.027592700372660674,0.01
9310.32412965186,0.03295124278340883,0.01
9312.725090036014,0.03279529393028059,0.01
9315.126050420167,0.019053884313163336,0.01
9317.527010804322,0.03699272284692481,0.01
9319.927971188474,0.03830958104882882,0.01
9322.328931572629,0.01371009652362978,0.01
9324.729891956782,0.02431956324809105,0.01
9327.130852340935,0.036894580756700074,0.01
9329.53181272509,0.03894084457090749,0.01
9331.932773109243,0.011686962504760503,0.01
9334.333733493397,0.020076548693922953,0.01
9336.734693877552,0.03625477970405523,0.01
9339.135654261703,0.04311858174438592,0.01
9341.536614645858,0.030237660088097758,0.01
9343.937575030011,0.059968999931078695,0.01
9346.338535414165,0.03378615861484078,0.01
9348.73949579832,0.025812657340191548,0.01
9351.140456182473,0.04364108202768871,0.01
9353.541416566626,0.02610018422275382,0.01
9355.942376950781,0.036543797180752735,0.01
9358.343337334933,0.02235945585059892,0.01
9360.744297719088,0.033612518295417344,0.01
9363.14525810324,0.021235493654072388,0.01
9365.546218487394,0.011657242086096743,0.01
9367.94717887155,0.01582429617556443,0.01
9370.348139255702,0.02664789840527988,0.01
9372.749099639856,0.00921404792385019,0.01
9375.150060024009,0.027550446280207183,0.01
9377.551020408162,0.02169483726868128,0.01
9379.951980792317,0.03976209304855076,0.01
9382.35294117647,0.044659087271967775,0.01
9384.753901560623,0.03145084475703863,0.01
9387.154861944779,0.015352141873227554,0.01
9389.55582232893,0.039987366536156754,0.01
9391.956782713085,0.025464887980201707,0.01
9394.357743097238,0.03883273399795668,0.01
9396.758703481391,0.01584933245541632,0.01
9399.159663865546,0.024425226708611462,0.01
9401.5606242497,0.029017955708124123,0.01
9403.961584633853,0.008138088113163282,0.01
9406.362545018008,0.03322424300837199,0.01
9408.76350540216,0.030901333293816002,0.01
9411.164465786314,0.03843825915391512,0.01
9413.565426170468,0.035604925738920386,0.01
9415.96638655462,0.03613131406831796,0.01
9418.367346938776,0.031470707369382844,0.01
9420.76830732293,0.01372579344976211,0.01
9423.169267707082,0.021027797949306055,0.01
9425.570228091237,0.04751194438755963,0.01
9427.971188475389,0.03480111164412472,0.01
9430.372148859544,0.0197182319190189,0.01
9432.773109243697,0.031056736842601216,0.01
9435.17406962785,0.027388278249631533,0.01
9437.575030012005,0.03554648121040088,0.01
9439.975990396159,0.029696574033611558,0.01
9442.376950780312,0.0252698111588227,0.01
9444.777911164465,0.03752875098075553,0.01
9447.178871548618,0.03541625596500676,0.01
9449.579831932773,0.028527456374089398,0.01
9451.980792316926,0.014870051168923473,0.01
9454.38175270108,0.030244349141587395,0.01
9456.782713085235,0.03513720004756044,0.01
9459.183673469386,0.008477407709659476,0.01
9461.584633853541,0.02368721041423897,0.01
9463.985594237694,0.030431440065027827,0.01
9466.386554621848,0.028873441959244812,0.01
9468.787515006003,0.0343954013193336,0.01
9471.188475390156,0.02656740529510562,0.01
9473.58943577431,0.019610810375238177,0.01
9475.990396158464,0.021852300008508522,0.01
9478.391356542616,0.02158068846231169,0.01
9480.79231692677,0.018669775575077888,0.01
9483.193277310924,0.03940554239610289,0.01
9485.594237695077,0.02389923475206218,0.01
9487.995198079232,0.02915039367191541,0.01
9490.396158463385,0.027397591771834352,0.01
9492.797118847539,0.030182786769981297,0.01
9495.198079231694,0.002929631049261163,0.01
9497.599039615845,0.03646390076984739,0.01
9500.0,0.009339574253337096,0.01
