wavelength,intensity,uncertainty
3500.0,0.06813531054612319,0.01
3502.4009603841537,0.07971448180331217,0.01
3504.8019207683074,0.07681945633472641,0.01
3507.202881152461,0.08114318171000544,0.01
3509.6038415366147,0.07775831671232189,0.01
3512.0048019207684,0.07480846907033194,0.01
3514.405762304922,0.06673800426581786,0.01
3516.8067226890757,0.08843704305954328,0.01
3519.2076830732294,0.06531094914297851,0.01
3521.608643457383,0.07137609623929402,0.01
3524.009603841537,0.0762298262273775,0.01
3526.4105642256905,0.06934800407561874,0.01
3528.811524609844,0.0974340582889061,0.01
3531.212484993998,0.08396231296432821,0.01
3533.6134453781515,0.08169062502215851,0.01
3536.0144057623047,0.08461049141261494,0.01
3538.4153661464584,0.09255696033127805,0.01
3540.816326530612,0.08934894152199156,0.01
3543.2172869147657,0.09478577825704852,0.01
3545.6182472989194,0.08331258990990754,0.01
3548.019207683073,0.08681688161166325,0.01
3550.4201680672268,0.08212428862717146,0.01
3552.8211284513804,0.08590055998977113,0.01
3555.222088835534,0.0882699456520336,0.01
3557.623049219688,0.09028669743896452,0.01
3560.0240096038415,0.10369825946591618,0.01
3562.424969987995,0.096612234937419,0.01
3564.825930372149,0.0888582925319193,0.01
3567.2268907563025,0.09997522082379774,0.01
3569.627851140456,0.10391979836689483,0.01
3572.02881152461,0.0955616709854086,0.01
3574.4297719087635,0.06937948548790902,0.01
3576.830732292917,0.08899545196795428,0.01
3579.231692677071,0.0994543385552455,0.01
3581.6326530612246,0.09580974096362355,0.01
3584.0336134453783,0.08654235953555686,0.01
3586.434573829532,0.10545226969992925,0.01
3588.8355342136856,0.095642959839014,0.01
3591.2364945978393,0.08351496294949903,0.01
3593.637454981993,0.11327042824503365,0.01
3596.0384153661466,0.07472089762888928,0.01
3598.4393757503003,0.09510615631689259,0.01
3600.840336134454,0.1025312709602897,0.01
3603.2412965186077,0.10398388037672915,0.01
3605.642256902761,0.08471583694599606,0.01
3608.0432172869146,0.09535552662266818,0.01
3610.4441776710682,0.09856640030479315,0.01
3612.845138055222,0.09715060823929471,0.01
3615.2460984393756,0.11048379379034791,0.01
3617.6470588235293,0.08653756327845348,0.01
3620.048019207683,0.0945833751792564,0.01
3622.4489795918366,0.11437109288963587,0.01
3624.8499399759903,0.09378923897200528,0.01
3627.250900360144,0.10734868371900169,0.01
3629.6518607442977,0.10005563675847344,0.01
3632.0528211284513,0.07452808011804317,0.01
3634.453781512605,0.12102680399734238,0.01
3636.8547418967587,0.09166095767710032,0.01
3639.2557022809124,0.09456796213756122,0.01
3641.656662665066,0.1070828562998395,0.01
3644.0576230492197,0.10630957473510533,0.01
3646.4585834333734,0.12358711120214842,0.01
3648.859543817527,0.08181185937479593,0.01
3651.2605042016808,0.10917341040084064,0.01
3653.6614645858344,0.0872582348803557,0.01
3656.062424969988,0.1063670556508325,0.01
3658.463385354142,0.1063358641952017,0.01
3660.8643457382955,0.10228490368201335,0.01
3663.265306122449,0.11739259734104258,0.01
3665.666266506603,0.09523748002064919,0.01
3668.0672268907565,0.10874320038546681,0.01
3670.4681872749097,0.10973037126371925,0.01
3672.869147659064,0.07053490172209176,0.01
3675.270108043217,0.08865137763177092,0.01
3677.6710684273708,0.10065483459507303,0.01
3680.0720288115244,0.1103617219991383,0.01
3682.472989195678,0.10243145863272501,0.01
3684.873949579832,0.11703690098500101,0.01
3687.2749099639855,0.11085708167906096,0.01
3689.675870348139,0.12229785613495908,0.01
3692.076830732293,0.1136779635093729,0.01
3694.4777911164465,0.1212720176765721,0.01
3696.8787515006,0.1113671829157726,0.01
3699.279711884754,0.10090122195050784,0.01
3701.6806722689075,0.11136414575821697,0.01
3704.081632653061,0.11266605626837646,0.01
3706.482593037215,0.10645553074561304,0.01
3708.8835534213686,0.11409128921910093,0.01
3711.2845138055222,0.13100534301886158,0.01
3713.685474189676,0.11346541673873557,0.01
3716.0864345738296,0.09826158361388178,0.01
3718.4873949579833,0.13095314000741953,0.01
3720.888355342137,0.11710797861187255,0.01
3723.2893157262906,0.12852970836161984,0.01
3725.6902761104443,0.12828468791537867,0.01
3728.091236494598,0.11735311119777579,0.01
3730.4921968787517,0.12935511066170807,0.01
3732.8931572629053,0.11149317201719414,0.01
3735.294117647059,0.13198817836926435,0.01
3737.6950780312127,0.12235433980782037,0.01
3740.096038415366,0.13178696148970798,0.01
3742.4969987995196,0.12399306966641398,0.01
3744.8979591836733,0.12347949524886563,0.01
3747.298919567827,0.12713457190109712,0.01
3749.6998799519806,0.1223676259718494,0.01
3752.1008403361343,0.13267267571946095,0.01
3754.501800720288,0.11852136329976908,0.01
3756.9027611044417,0.1348555351371503,0.01
3759.3037214885953,0.12143963711357587,0.01
3761.704681872749,0.1120374316687038,0.01
3764.1056422569027,0.13560155491316062,0.01
3766.5066026410564,0.13196124507716414,0.01
3768.90756302521,0.13617837792024853,0.01
3771.3085234093637,0.1337108357048357,0.01
3773.7094837935174,0.13775902477626784,0.01
3776.110444177671,0.12745008069400912,0.01
3778.5114045618247,0.1395679521378763,0.01
3780.9123649459784,0.13600738681595315,0.01
3783.313325330132,0.14044177370111627,0.01
3785.714285714286,0.1437570457145225,0.01
3788.1152460984395,0.13079929642586569,0.01
3790.516206482593,0.13579550693661274,0.01
3792.917166866747,0.12676232268747978,0.01
3795.3181272509005,0.13967253526799486,0.01
3797.719087635054,0.12138696198289299,0.01
3800.120048019208,0.14440371813035957,0.01
3802.5210084033615,0.13501742373476694,0.01
3804.9219687875147,0.1385461185048388,0.01
3807.322929171669,0.1393754675063329,0.01
3809.723889555822,0.1372433696779802,0.01
3812.124849939976,0.14180249793898025,0.01
3814.5258103241295,0.13647785080417915,0.01
3816.926770708283,0.13651759616603118,0.01
3819.327731092437,0.11931794311244182,0.01
3821.7286914765905,0.15433875154968837,0.01
3824.129651860744,0.14761197126481718,0.01
3826.530612244898,0.13669889858861523,0.01
3828.9315726290515,0.14982840397069513,0.01
3831.332533013205,0.14253421142146552,0.01
3833.733493397359,0.14530659377686186,0.01
3836.1344537815125,0.1620390639998377,0.01
3838.535414165666,0.14854530130184582,0.01
3840.93637454982,0.13755819630588495,0.01
3843.3373349339736,0.13559626531021618,0.01
3845.7382953181273,0.14684985206727375,0.01
3848.139255702281,0.1574593631146689,0.01
3850.5402160864346,0.1460738009163991,0.01
3852.9411764705883,0.15486285181089818,0.01
3855.342136854742,0.15014141194851613,0.01
3857.7430972388956,0.16143499150498242,0.01
3860.1440576230493,0.16733077469644353,0.01
3862.545018007203,0.16963441297680262,0.01
3864.9459783913567,0.1728059300442569,0.01
3867.3469387755104,0.15914920877248212,0.01
3869.747899159664,0.1408350846598928,0.01
3872.1488595438177,0.15020766513503542,0.01
3874.549819927971,0.13583173853583208,0.01
3876.950780312125,0.16469983620005374,0.01
3879.3517406962783,0.16628131229735119,0.01
3881.752701080432,0.15121893082463417,0.01
3884.1536614645856,0.15231246073267493,0.01
3886.5546218487393,0.15461127546710263,0.01
3888.955582232893,0.15512587171946524,0.01
3891.3565426170467,0.1568915113200285,0.01
3893.7575030012003,0.16475832641110616,0.01
3896.158463385354,0.16111298941530372,0.01
3898.5594237695077,0.16629915180149496,0.01
3900.9603841536614,0.1678863984886837,0.01
3903.361344537815,0.18014729034856677,0.01
3905.7623049219687,0.15900542821258917,0.01
3908.1632653061224,0.18304712948728108,0.01
3910.564225690276,0.14841512203291635,0.01
3912.9651860744298,0.1415249659865368,0.01
3915.3661464585834,0.1748235043946375,0.01
3917.767106842737,0.14855955040691815,0.01
3920.168067226891,0.16381098524181953,0.01
3922.5690276110445,0.16406195692416964,0.01
3924.969987995198,0.15993528145682245,0.01
3927.370948379352,0.14729085567822256,0.01
3929.7719087635055,0.16338308034755747,0.01
3932.172869147659,0.15047433681864505,0.01
3934.573829531813,0.16777664294386602,0.01
3936.9747899159665,0.15575927958717903,0.01
3939.37575030012,0.1774815626564585,0.01
3941.776710684274,0.17988503415212975,0.01
3944.177671068427,0.18711512387945692,0.01
3946.5786314525812,0.16854164099898594,0.01
3948.9795918367345,0.18434895754089634,0.01
3951.380552220888,0.16723696855815898,0.01
3953.781512605042,0.16190236528870428,0.01
3956.1824729891955,0.1718023304982773,0.01
3958.583433373349,0.17506259299814977,0.01
3960.984393757503,0.1628415680649405,0.01
3963.3853541416565,0.1776334115534588,0.01
3965.78631452581,0.17870805854795382,0.01
3968.187274909964,0.19851876504022004,0.01
3970.5882352941176,0.1732746963454691,0.01
3972.9891956782712,0.17805936799646976,0.01
3975.390156062425,0.17282839222541638,0.01
3977.7911164465786,0.18062293512087305,0.01
3980.1920768307323,0.19357706946638176,0.01
3982.593037214886,0.17151853344416482,0.01
3984.9939975990396,0.18501665630416547,0.01
3987.3949579831933,0.16552787762639942,0.01
3989.795918367347,0.17683098052090684,0.01
3992.1968787515007,0.18691134057600273,0.01
3994.5978391356543,0.18381266179948932,0.01
3996.998799519808,0.18212924134180164,0.01
3999.3997599039617,0.17679678457110157,0.01
4001.8007202881154,0.18274316724085957,0.01
4004.201680672269,0.19296636080020477,0.01
4006.6026410564227,0.18501084321937272,0.01
4009.003601440576,0.19442418475537535,0.01
4011.40456182473,0.17539454280351457,0.01
4013.8055222088833,0.19546460670243965,0.01
4016.2064825930374,0.1983625461390631,0.01
4018.6074429771907,0.18541354451110628,0.01
4021.0084033613443,0.20273976044909117,0.01
4023.409363745498,0.19297801347448298,0.01
4025.8103241296517,0.19581645851115345,0.01
4028.2112845138054,0.20186255594876656,0.01
4030.612244897959,0.19968752252112715,0.01
4033.0132052821127,0.20356003053255584,0.01
4035.4141656662664,0.1999427380739635,0.01
4037.81512605042,0.19471756730658385,0.01
4040.2160864345738,0.21546966330495093,0.01
4042.6170468187274,0.21018080967337358,0.01
4045.018007202881,0.1937330131993889,0.01
4047.418967587035,0.1912673203694417,0.01
4049.8199279711885,0.2078498287091208,0.01
4052.220888355342,0.19699285528067767,0.01
4054.621848739496,0.19931999915400236,0.01
4057.0228091236495,0.18668795969779609,0.01
4059.423769507803,0.20152881630053435,0.01
4061.824729891957,0.19807675353256302,0.01
4064.2256902761105,0.21073515007315755,0.01
4066.626650660264,0.1861471113620823,0.01
4069.027611044418,0.20943520947320107,0.01
4071.4285714285716,0.19666209799912757,0.01
4073.829531812725,0.22522869377428897,0.01
4076.230492196879,0.22529777635985238,0.01
4078.631452581032,0.22137537545183905,0.01
4081.0324129651863,0.20306125858432894,0.01
4083.4333733493395,0.22441883188334635,0.01
4085.8343337334936,0.2114174829248828,0.01
4088.235294117647,0.22335018079111535,0.01
4090.6362545018005,0.21420320903679727,0.01
4093.037214885954,0.21113053193988332,0.01
4095.438175270108,0.22606986041311272,0.01
4097.839135654262,0.20792057503630168,0.01
4100.240096038416,0.21893022916226956,0.01
4102.641056422569,0.2033614793024365,0.01
4105.042016806723,0.20735075317298407,0.01
4107.442977190876,0.2216146344843431,0.01
4109.8439375750295,0.22909118832446457,0.01
4112.244897959184,0.21896341043605325,0.01
4114.645858343338,0.22338262494759736,0.01
4117.046818727491,0.2100123273020451,0.01
4119.447779111644,0.2397936262323124,0.01
4121.848739495798,0.2237386536903283,0.01
4124.249699879952,0.23318500996751232,0.01
4126.650660264106,0.2377570935278788,0.01
4129.051620648259,0.22632102915655414,0.01
4131.452581032413,0.22457084079072281,0.01
4133.853541416566,0.21919442790082105,0.01
4136.25450180072,0.2313237889730068,0.01
4138.655462184874,0.22591786339476766,0.01
4141.056422569028,0.21480872508069548,0.01
4143.457382953181,0.2201969475558423,0.01
4145.858343337335,0.2414602147600783,0.01
4148.259303721488,0.23626857616406213,0.01
4150.660264105642,0.22964015134343924,0.01
4153.061224489796,0.23722167207660955,0.01
4155.46218487395,0.22403853748943509,0.01
4157.863145258103,0.23182762090326264,0.01
4160.264105642257,0.22184294606641364,0.01
4162.66506602641,0.23054166817018748,0.01
4165.0660264105645,0.24588276547495827,0.01
4167.466986794718,0.2570772821017888,0.01
4169.867947178872,0.2341807639054137,0.01
4172.268907563025,0.2434195206629367,0.01
4174.669867947179,0.24116137176670072,0.01
4177.070828331332,0.24479621716319813,0.01
4179.471788715486,0.24662143927367713,0.01
4181.87274909964,0.253811116720879,0.01
4184.273709483794,0.24830661610820823,0.01
4186.674669867947,0.25990785634481595,0.01
4189.0756302521,0.23580118582586948,0.01
4191.4765906362545,0.25567336954685266,0.01
4193.877551020408,0.23741699582817213,0.01
4196.278511404562,0.24667704487881537,0.01
4198.679471788715,0.2559186339472421,0.01
4201.080432172869,0.25432374061774216,0.01
4203.481392557022,0.2651958820136437,0.01
4205.882352941177,0.24764225140200216,0.01
4208.28331332533,0.25898093186079635,0.01
4210.684273709484,0.2687517741642336,0.01
4213.085234093637,0.2594574836243652,0.01
4215.486194477791,0.25270726959755757,0.01
4217.8871548619445,0.2638565541814351,0.01
4220.288115246099,0.24421158531793014,0.01
4222.689075630252,0.26730256439863087,0.01
4225.090036014406,0.2658584117858324,0.01
4227.490996398559,0.251243130831414,0.01
4229.891956782713,0.2683459672115635,0.01
4232.292917166867,0.2662372018886543,0.01
4234.693877551021,0.2634176671368637,0.01
4237.094837935174,0.23634772176390698,0.01
4239.495798319328,0.26214005935488993,0.01
4241.896758703481,0.24461679336295608,0.01
4244.297719087635,0.2681506192110352,0.01
4246.698679471789,0.2844422006188017,0.01
4249.099639855942,0.2587458588099684,0.01
4251.500600240096,0.2642662882823892,0.01
4253.90156062425,0.26558117190849767,0.01
4256.302521008403,0.26942574113595225,0.01
4258.703481392557,0.2711819456634156,0.01
4261.104441776711,0.2688879008536652,0.01
4263.505402160864,0.2510304346179807,0.01
4265.906362545018,0.28499014939398337,0.01
4268.307322929171,0.2780722775800745,0.01
4270.708283313325,0.27714950292295937,0.01
4273.109243697479,0.2697476503330119,0.01
4275.510204081633,0.2659380748897228,0.01
4277.911164465786,0.2639394333662559,0.01
4280.31212484994,0.28430549170580094,0.01
4282.713085234093,0.2848446395914014,0.01
4285.1140456182475,0.27704576748481397,0.01
4287.515006002401,0.2820134771442027,0.01
4289.915966386555,0.27420319763637857,0.01
4292.316926770708,0.27695365761737345,0.01
4294.717887154862,0.288352405737507,0.01
4297.118847539015,0.2727900829763173,0.01
4299.5198079231695,0.2782354413427935,0.01
4301.920768307323,0.2682085374256921,0.01
4304.321728691477,0.28267820164298196,0.01
4306.72268907563,0.24431120279493576,0.01
4309.123649459784,0.28445014530037,0.01
4311.5246098439375,0.27791500624437177,0.01
4313.925570228092,0.2674844175427773,0.01
4316.326530612245,0.2810162088073654,0.01
4318.727490996398,0.29245420393104415,0.01
4321.128451380552,0.2802352374799011,0.01
4323.529411764706,0.28890934879535923,0.01
4325.9303721488595,0.2795028011532806,0.01
4328.331332533013,0.2763797370409622,0.01
4330.732292917167,0.27176279063139147,0.01
4333.13325330132,0.2712764230296748,0.01
4335.534213685474,0.26404129640905794,0.01
4337.9351740696275,0.27790971506901607,0.01
4340.336134453782,0.2860026648367997,0.01
4342.737094837935,0.2758872416968282,0.01
4345.138055222089,0.29562463131969713,0.01
4347.539015606242,0.2826272375646733,0.01
4349.939975990396,0.29590728794485777,0.01
4352.3409363745495,0.29859467648163246,0.01
4354.741896758704,0.28701278372368466,0.01
4357.142857142857,0.2879099866583438,0.01
4359.543817527011,0.3042960593474591,0.01
4361.944777911164,0.29466672728463306,0.01
4364.345738295318,0.31552853278870074,0.01
4366.746698679472,0.3171735866579121,0.01
4369.147659063626,0.3138742157446589,0.01
4371.548619447779,0.3203403778629275,0.01
4373.949579831933,0.32040212901447807,0.01
4376.350540216086,0.3248148546410747,0.01
4378.75150060024,0.3274585194352205,0.01
4381.152460984394,0.32452819052574877,0.01
4383.553421368548,0.32978487928705724,0.01
4385.954381752701,0.32126753212252684,0.01
4388.355342136854,0.33227735719399376,0.01
4390.756302521008,0.32102510837262715,0.01
4393.1572629051625,0.3201803831639943,0.01
4395.558223289316,0.3054134546402716,0.01
4397.959183673469,0.3219936184976201,0.01
4400.360144057623,0.32728834572270676,0.01
4402.761104441776,0.3170530468124788,0.01
4405.16206482593,0.33079242302891365,0.01
4407.563025210084,0.34098124465250435,0.01
4409.963985594238,0.3259337989464122,0.01
4412.364945978391,0.32601501348570106,0.01
4414.765906362545,0.32379523821049383,0.01
4417.166866746698,0.3216288029234337,0.01
4419.5678271308525,0.34417493951651823,0.01
4421.968787515006,0.33496125531059995,0.01
4424.36974789916,0.3167735900409962,0.01
4426.770708283313,0.3484575269926343,0.01
4429.171668667467,0.338319713328366,0.01
4431.57262905162,0.3373014022030027,0.01
4433.973589435775,0.32473339788463806,0.01
4436.374549819928,0.35026622370106925,0.01
4438.775510204082,0.35213075594320914,0.01
4441.176470588235,0.35016293568204,0.01
4443.577430972389,0.3391969037582242,0.01
4445.9783913565425,0.33696956045164356,0.01
4448.379351740696,0.34613882593493644,0.01
4450.78031212485,0.3571624014227741,0.01
4453.181272509004,0.336709783753421,0.01
4455.582232893157,0.32898860716949735,0.01
4457.98319327731,0.35623367095900804,0.01
4460.384153661465,0.3411304271627473,0.01
4462.785114045619,0.356849748991748,0.01
4465.186074429772,0.34041140694654076,0.01
4467.587034813925,0.33808909832338996,0.01
4469.987995198079,0.3505298308341699,0.01
4472.3889555822325,0.35601086065044557,0.01
4474.789915966387,0.3461886033316235,0.01
4477.19087635054,0.35246974395632996,0.01
4479.591836734694,0.35483333864459654,0.01
4481.992797118847,0.3508037048045492,0.01
4484.393757503001,0.35784826670858205,0.01
4486.794717887155,0.3831217558126034,0.01
4489.195678271309,0.37328117692667706,0.01
4491.596638655462,0.37358291739245314,0.01
4493.997599039616,0.3584798496779178,0.01
4496.398559423769,0.3641294481054908,0.01
4498.799519807923,0.3525395506550032,0.01
4501.200480192077,0.3592967329817793,0.01
4503.601440576231,0.36660453398338483,0.01
4506.002400960384,0.3781559109320139,0.01
4508.403361344538,0.3669794041697064,0.01
4510.804321728691,0.37602716040578715,0.01
4513.205282112845,0.382782544388806,0.01
4515.606242496999,0.3757931586874408,0.01
4518.007202881152,0.3874416546158177,0.01
4520.408163265306,0.3655498589105513,0.01
4522.80912364946,0.3874347005534327,0.01
4525.210084033613,0.38493314354468644,0.01
4527.611044417767,0.37809608619140705,0.01
4530.012004801921,0.36677181098309347,0.01
4532.412965186075,0.38523004993431953,0.01
4534.813925570228,0.3813546026920983,0.01
4537.214885954381,0.38961040180791445,0.01
4539.615846338535,0.3949847242521657,0.01
4542.016806722689,0.38584890042330955,0.01
4544.417767106843,0.381129523970968,0.01
4546.818727490996,0.40066341919467025,0.01
4549.21968787515,0.3720062989994217,0.01
4551.620648259303,0.38539653021193454,0.01
4554.0216086434575,0.38643551115432345,0.01
4556.422569027611,0.3900283423506686,0.01
4558.823529411765,0.3884288826431486,0.01
4561.224489795918,0.39773374237055736,0.01
4563.625450180072,0.4026473343001867,0.01
4566.026410564225,0.40363983047473356,0.01
4568.42737094838,0.40169777451792194,0.01
4570.828331332533,0.3815373659615463,0.01
4573.229291716687,0.39116811496871207,0.01
4575.63025210084,0.39152237196444256,0.01
4578.031212484993,0.39114457631284827,0.01
4580.4321728691475,0.43189807000648006,0.01
4582.833133253302,0.41226582003898965,0.01
4585.234093637455,0.40601360661197916,0.01
4587.635054021608,0.40440594288435217,0.01
4590.036014405762,0.4201350003707195,0.01
4592.436974789916,0.4232263420001695,0.01
4594.83793517407,0.41160106690163056,0.01
4597.238895558223,0.39733644281778174,0.01
4599.639855942377,0.40949142724040183,0.01
4602.040816326531,0.40741218532728357,0.01
4604.441776710684,0.41379325285870455,0.01
4606.8427370948375,0.41697964281849104,0.01
4609.243697478992,0.4138922243730928,0.01
4611.644657863145,0.4154205732239691,0.01
4614.045618247299,0.39977958255558155,0.01
4616.446578631452,0.41008279140064396,0.01
4618.847539015606,0.42446255747759487,0.01
4621.24849939976,0.4194108612062652,0.01
4623.649459783914,0.4251677555163719,0.01
4626.050420168067,0.43496028530407926,0.01
4628.451380552221,0.4209311446190746,0.01
4630.852340936374,0.4257652400396179,0.01
4633.253301320528,0.4291709202328606,0.01
4635.654261704682,0.43169569802178315,0.01
4638.055222088836,0.42459350081837344,0.01
4640.456182472989,0.4389073335910911,0.01
4642.857142857143,0.4346167762632186,0.01
4645.258103241296,0.4336379597875614,0.01
4647.65906362545,0.43710847412048404,0.01
4650.060024009604,0.4331425301084229,0.01
4652.460984393758,0.43326107750834725,0.01
4654.861944777911,0.4418233537399665,0.01
4657.262905162064,0.44627735597713497,0.01
4659.663865546218,0.43289811774277814,0.01
4662.0648259303725,0.4439583851281708,0.01
4664.465786314526,0.43907105761535326,0.01
4666.866746698679,0.4342431446123376,0.01
4669.267707082833,0.44268479584676956,0.01
4671.668667466987,0.43904475794515246,0.01
4674.0696278511405,0.44895034505685977,0.01
4676.470588235294,0.44728231690182446,0.01
4678.871548619448,0.43675749320402135,0.01
4681.272509003601,0.4512591850832325,0.01
4683.673469387755,0.45618401860011193,0.01
4686.074429771908,0.4545593229853208,0.01
4688.4753901560625,0.4497290623696243,0.01
4690.876350540216,0.45016890513955077,0.01
4693.27731092437,0.45722038242813257,0.01
4695.678271308523,0.4639907700239701,0.01
4698.079231692677,0.4720260461383728,0.01
4700.4801920768305,0.4772106788286882,0.01
4702.881152460985,0.46178133347621514,0.01
4705.282112845138,0.45119519741507746,0.01
4707.683073229292,0.45019920768280486,0.01
4710.084033613445,0.45860804799172566,0.01
4712.484993997599,0.45191600032114165,0.01
4714.8859543817525,0.45563881798293177,0.01
4717.286914765906,0.46411500482240087,0.01
4719.68787515006,0.46588110302609836,0.01
4722.088835534214,0.4599896527164757,0.01
4724.489795918367,0.4841439091977009,0.01
4726.8907563025205,0.4768300697391559,0.01
4729.291716686675,0.4735501020514219,0.01
4731.692677070829,0.47123170725780317,0.01
4734.093637454982,0.46271256057417964,0.01
4736.494597839135,0.485345734860663,0.01
4738.895558223289,0.4700733393562911,0.01
4741.296518607443,0.4873853873891282,0.01
4743.697478991597,0.4820009189694009,0.01
4746.09843937575,0.4963227691910108,0.01
4748.499399759904,0.4800875253337768,0.01
4750.900360144057,0.4794045936690117,0.01
4753.301320528211,0.46001069583198423,0.01
4755.702280912365,0.4886769054198176,0.01
4758.103241296519,0.4937005842324247,0.01
4760.504201680672,0.4706163329476682,0.01
4762.905162064826,0.5003370882407646,0.01
4765.306122448979,0.48791292019898624,0.01
4767.707082833133,0.4992092481743911,0.01
4770.108043217287,0.4800416797453389,0.01
4772.509003601441,0.49262568346818264,0.01
4774.909963985594,0.5218899736147729,0.01
4777.310924369748,0.49857625617982304,0.01
4779.711884753901,0.49528121613028386,0.01
4782.1128451380555,0.5030615947030214,0.01
4784.513805522209,0.49994842499431985,0.01
4786.914765906362,0.4997038456595676,0.01
4789.315726290516,0.5000794919067315,0.01
4791.71668667467,0.4939444503674605,0.01
4794.117647058823,0.5047870211887546,0.01
4796.518607442977,0.49465993117394697,0.01
4798.919567827131,0.5021324595457555,0.01
4801.320528211285,0.5096803201893289,0.01
4803.721488595438,0.4947793923883822,0.01
4806.122448979591,0.5042490361602523,0.01
4808.5234093637455,0.5166276212587507,0.01
4810.9243697479,0.5030188634164473,0.01
4813.325330132053,0.4950135717493469,0.01
4815.726290516206,0.5111279097907442,0.01
4818.12725090036,0.521338692509285,0.01
4820.528211284513,0.5172889430056914,0.01
4822.929171668668,0.5212339150893779,0.01
4825.330132052821,0.5208635953859615,0.01
4827.731092436975,0.5287692529995043,0.01
4830.132052821128,0.5170878320041191,0.01
4832.533013205282,0.507906954292998,0.01
4834.9339735894355,0.5328734720192706,0.01
4837.33493397359,0.5246588747190071,0.01
4839.735894357743,0.5369187409394032,0.01
4842.136854741897,0.5323809896542889,0.01
4844.53781512605,0.5211613515410025,0.01
4846.938775510204,0.5460476150217415,0.01
4849.339735894358,0.5256128696052456,0.01
4851.740696278512,0.5240710421400974,0.01
4854.141656662665,0.5432057060819961,0.01
4856.542617046818,0.5300954720694828,0.01
4858.943577430972,0.5274139595497486,0.01
4861.344537815126,0.5283315874417355,0.01
4863.74549819928,0.5465504496412448,0.01
4866.146458583433,0.5395107180480577,0.01
4868.547418967587,0.5393041764901388,0.01
4870.948379351741,0.5407824748202917,0.01
4873.349339735894,0.5187436468915968,0.01
4875.7503001200475,0.5474491157605511,0.01
4878.151260504202,0.5487257471021316,0.01
4880.552220888356,0.5482478623742937,0.01
4882.953181272509,0.5539502123960819,0.01
4885.354141656662,0.537628578274347,0.01
4887.755102040816,0.5524106123139262,0.01
4890.15606242497,0.5480212293728128,0.01
4892.557022809124,0.5381009069931754,0.01
4894.957983193277,0.5552413775763904,0.01
4897.358943577431,0.5558254061952091,0.01
4899.759903961584,0.5486278879687725,0.01
4902.160864345738,0.5504311909117813,0.01
4904.561824729892,0.5407698706622375,0.01
4906.962785114046,0.5796500970420466,0.01
4909.363745498199,0.5594324102881414,0.01
4911.764705882353,0.5571045925585935,0.01
4914.165666266506,0.5587044390054878,0.01
4916.5666266506605,0.5625132816597669,0.01
4918.967587034814,0.5719066032642959,0.01
4921.368547418968,0.5875654142930884,0.01
4923.769507803121,0.5666135389118612,0.01
4926.170468187274,0.5790720376092815,0.01
4928.571428571428,0.5762702686691995,0.01
4930.972388955583,0.5819415966509811,0.01
4933.373349339736,0.582917841946886,0.01
4935.774309723889,0.5596389155792204,0.01
4938.175270108043,0.5736059563553111,0.01
4940.576230492197,0.5747823231601071,0.01
4942.9771908763505,0.5828093423873669,0.01
4945.378151260504,0.5726411016990097,0.01
4947.779111644658,0.5873061831863144,0.01
4950.180072028812,0.5883075695148278,0.01
4952.581032412965,0.5944406325927941,0.01
4954.981992797118,0.569505819077313,0.01
4957.382953181273,0.5899197096866255,0.01
4959.783913565426,0.608137623011703,0.01
4962.18487394958,0.5762571378001434,0.01
4964.585834333733,0.593692323672846,0.01
4966.986794717887,0.5929285570436423,0.01
4969.3877551020405,0.5862789845827001,0.01
4971.788715486195,0.5952392718716611,0.01
4974.189675870348,0.6018910928621851,0.01
4976.590636254502,0.5888132513657981,0.01
4978.991596638655,0.6084410349406276,0.01
4981.392557022809,0.5935389442485781,0.01
4983.793517406963,0.5983269736908889,0.01
4986.194477791116,0.5982204359087213,0.01
4988.59543817527,0.60612092280399,0.01
4990.996398559424,0.5801538413122262,0.01
4993.397358943577,0.6029329753725966,0.01
4995.7983193277305,0.602431974674346,0.01
4998.199279711885,0.588454402340801,0.01
5000.600240096039,0.6176524086432106,0.01
5003.001200480192,0.6166843803659808,0.01
5005.402160864345,0.6027568221225663,0.01
5007.803121248499,0.6025333385983501,0.01
5010.2040816326535,0.6168214207826436,0.01
5012.605042016807,0.5980156564014498,0.01
5015.00600240096,0.6132454598858083,0.01
5017.406962785114,0.5972268484514898,0.01
5019.807923169267,0.6139580571233318,0.01
5022.208883553421,0.6144921395080574,0.01
5024.609843937575,0.6294632518652448,0.01
5027.010804321729,0.632578696505184,0.01
5029.411764705882,0.6183493063623728,0.01
5031.812725090036,0.620313068911606,0.01
5034.213685474189,0.6303798676103524,0.01
5036.6146458583435,0.6232267814330206,0.01
5039.015606242497,0.6270626090547474,0.01
5041.416566626651,0.6281171285406212,0.01
5043.817527010804,0.6247538152070791,0.01
5046.218487394958,0.6316605780953963,0.01
5048.619447779111,0.6356109761779895,0.01
5051.0204081632655,0.6369487395958278,0.01
5053.421368547419,0.6470617551906338,0.01
5055.822328931572,0.6268882223834631,0.01
5058.223289315726,0.6318085410482526,0.01
5060.62424969988,0.6289955131170935,0.01
5063.0252100840335,0.6439064530185724,0.01
5065.426170468187,0.6514985189154924,0.01
5067.827130852341,0.6332283696861318,0.01
5070.228091236495,0.6384045575176492,0.01
5072.629051620648,0.6532711260319981,0.01
5075.030012004801,0.6466979418603975,0.01
5077.4309723889555,0.6417759796898431,0.01
5079.83193277311,0.6555956404834989,0.01
5082.232893157263,0.6285822573719584,0.01
5084.633853541416,0.65642178010069,0.01
5087.03481392557,0.668743889732184,0.01
5089.4357743097235,0.6412336649600393,0.01
5091.836734693878,0.6415465258809754,0.01
5094.237695078031,0.6553051003196302,0.01
5096.638655462185,0.6414049980145953,0.01
5099.039615846338,0.6673998504126242,0.01
5101.440576230492,0.6500940677106293,0.01
5103.8415366146455,0.6747613034818607,0.01
5106.2424969988,0.6611614274878558,0.01
5108.643457382953,0.6715191658998686,0.01
5111.044417767107,0.6622475860107478,0.01
5113.44537815126,0.6618100396234229,0.01
5115.846338535414,0.672747235375653,0.01
5118.247298919568,0.6608839267030268,0.01
5120.648259303722,0.6540056579468977,0.01
5123.049219687875,0.6649059547349414,0.01
5125.450180072028,0.6618039795746561,0.01
5127.851140456182,0.6556521062517559,0.01
5130.252100840336,0.6446330428618238,0.01
5132.65306122449,0.6572486889498174,0.01
5135.054021608643,0.6347851084798646,0.01
5137.454981992797,0.649308474957278,0.01
5139.855942376951,0.6339070066121361,0.01
5142.256902761104,0.6518333286372429,0.01
5144.657863145258,0.6292832042200178,0.01
5147.058823529412,0.6369202776096855,0.01
5149.459783913566,0.6299296606896915,0.01
5151.860744297719,0.623442452175433,0.01
5154.261704681872,0.6091316421472437,0.01
5156.662665066026,0.6227888845557011,0.01
5159.06362545018,0.6269997733497061,0.01
5161.464585834334,0.6468070505670466,0.01
5163.865546218487,0.6335429387737117,0.01
5166.266506602641,0.6409273425149687,0.01
5168.667466986794,0.6571826074861392,0.01
5171.0684273709485,0.6584217435984768,0.01
5173.469387755102,0.6753649254238885,0.01
5175.870348139256,0.6712036323787873,0.01
5178.271308523409,0.656083072011305,0.01
5180.672268907563,0.6711245566977966,0.01
5183.073229291716,0.6819622713480735,0.01
5185.474189675871,0.6898181145184419,0.01
5187.875150060024,0.6831498162541186,0.01
5190.276110444178,0.7037542140556887,0.01
5192.677070828331,0.7002744695309123,0.01
5195.078031212484,0.6992057770712012,0.01
5197.4789915966385,0.6970793671381603,0.01
5199.879951980793,0.7034294069026816,0.01
5202.280912364946,0.693258756400652,0.01
5204.681872749099,0.7109040322305697,0.01
5207.082833133253,0.7088521923427132,0.01
5209.483793517407,0.7063957951738628,0.01
5211.8847539015605,0.7127472857548129,0.01
5214.285714285714,0.713996698609644,0.01
5216.686674669868,0.7054539992121673,0.01
5219.087635054022,0.7299170995479317,0.01
5221.488595438175,0.716172174635689,0.01
5223.8895558223285,0.7132771305733455,0.01
5226.290516206483,0.7137039309134005,0.01
5228.691476590636,0.7069036825883999,0.01
5231.09243697479,0.7233773701832639,0.01
5233.493397358943,0.7267245320514604,0.01
5235.894357743097,0.7247523571919113,0.01
5238.2953181272505,0.7302399552620176,0.01
5240.696278511405,0.7208984022703645,0.01
5243.097238895558,0.7327503129799328,0.01
5245.498199279712,0.7425130222024979,0.01
5247.899159663865,0.7304352063602024,0.01
5250.300120048019,0.7298009366035136,0.01
5252.701080432173,0.7558115526153732,0.01
5255.102040816327,0.7464104945243912,0.01
5257.50300120048,0.724003547775078,0.01
5259.903961584634,0.740194102379018,0.01
5262.304921968787,0.7327135961855635,0.01
5264.7058823529405,0.7305142034825347,0.01
5267.106842737095,0.7264935014532242,0.01
5269.507803121249,0.7467595751927911,0.01
5271.908763505402,0.7487284748713084,0.01
5274.309723889555,0.7384109772317545,0.01
5276.710684273709,0.7401941880992224,0.01
5279.1116446578635,0.7560414816211746,0.01
5281.512605042017,0.7562129688661257,0.01
5283.91356542617,0.7546038067373121,0.01
5286.314525810324,0.7567970016249518,0.01
5288.715486194478,0.7324778867373335,0.01
5291.116446578631,0.7487736027360271,0.01
5293.517406962785,0.7529576214501563,0.01
5295.918367346939,0.7411430442426628,0.01
5298.319327731092,0.7625512027559361,0.01
5300.720288115246,0.7476234582802004,0.01
5303.121248499399,0.7547470444803956,0.01
5305.5222088835535,0.7684301608556537,0.01
5307.923169267707,0.7624600040273172,0.01
5310.324129651861,0.7517323676955141,0.01
5312.725090036014,0.774637038028535,0.01
5315.126050420168,0.7527681672978407,0.01
5317.527010804321,0.7380403577204464,0.01
5319.927971188476,0.7603849683505749,0.01
5322.328931572629,0.7627920108947776,0.01
5324.729891956783,0.769513680459568,0.01
5327.130852340936,0.7578520400991167,0.01
5329.53181272509,0.776575949378763,0.01
5331.9327731092435,0.7730095658228606,0.01
5334.333733493397,0.7480976400504324,0.01
5336.734693877551,0.7887708279995269,0.01
5339.135654261705,0.7963500033630564,0.01
5341.536614645858,0.7762585394369735,0.01
5343.937575030011,0.7876524212459272,0.01
5346.338535414166,0.7642277723849955,0.01
5348.73949579832,0.7841053509031842,0.01
5351.140456182473,0.7864135106474376,0.01
5353.541416566626,0.7750909653321847,0.01
5355.94237695078,0.7822650112528146,0.01
5358.343337334934,0.7689393410341324,0.01
5360.744297719088,0.7678170920962203,0.01
5363.145258103241,0.7808169189342377,0.01
5365.546218487395,0.7668036246870895,0.01
5367.947178871548,0.7948628603324313,0.01
5370.348139255702,0.7791198105936259,0.01
5372.749099639856,0.8033038018383414,0.01
5375.15006002401,0.7835178068972621,0.01
5377.551020408163,0.7850931608172577,0.01
5379.951980792317,0.776046197652815,0.01
5382.35294117647,0.7714262925835018,0.01
5384.753901560624,0.7743012780744081,0.01
5387.154861944778,0.7948355071640808,0.01
5389.555822328932,0.7926364817614312,0.01
5391.956782713085,0.7891108558529883,0.01
5394.357743097239,0.7932547385612219,0.01
5396.758703481392,0.8037895701838391,0.01
5399.1596638655465,0.8065224005707771,0.01
5401.5606242497,0.8101692590482092,0.01
5403.961584633853,0.7912199442097715,0.01
5406.362545018007,0.8050402619955306,0.01
5408.763505402161,0.8139359715420695,0.01
5411.164465786314,0.8134272436704035,0.01
5413.565426170468,0.8145179024835246,0.01
5415.966386554622,0.8049045861862048,0.01
5418.367346938776,0.8093979584415484,0.01
5420.768307322929,0.782271596809192,0.01
5423.169267707082,0.8141296163130844,0.01
5425.5702280912365,0.8185706013195906,0.01
5427.971188475391,0.8241757003726158,0.01
5430.372148859544,0.8082837233590459,0.01
5432.773109243697,0.8143316153063437,0.01
5435.174069627851,0.821454886080939,0.01
5437.575030012004,0.7931116058011353,0.01
5439.9759903961585,0.8188534175201708,0.01
5442.376950780312,0.8196262133461121,0.01
5444.777911164466,0.8356054383092393,0.01
5447.178871548619,0.8213618187008591,0.01
5449.579831932773,0.8245140561046141,0.01
5451.980792316926,0.813456305486118,0.01
5454.381752701081,0.8475828508699184,0.01
5456.782713085234,0.8156668119311458,0.01
5459.183673469388,0.8329194368756818,0.01
5461.584633853541,0.8189552578706579,0.01
5463.985594237694,0.8287273229396407,0.01
5466.3865546218485,0.8220020983125454,0.01
5468.787515006003,0.8260829072753836,0.01
5471.188475390156,0.817450792322356,0.01
5473.589435774309,0.8443993414875558,0.01
5475.990396158463,0.8326888212468984,0.01
5478.391356542617,0.8369875699135368,0.01
5480.792316926771,0.847371053872645,0.01
5483.193277310924,0.8329009765903005,0.01
5485.594237695078,0.8423757558875263,0.01
5487.995198079232,0.8514484384764298,0.01
5490.396158463385,0.846624027937389,0.01
5492.7971188475385,0.8461256715459745,0.01
5495.198079231693,0.8249197882994425,0.01
5497.599039615847,0.8548671308043553,0.01
5500.0,0.8491570937067731,0.01
5502.400960384153,0.8369053764334512,0.01
5504.801920768307,0.8501023072179705,0.01
5507.202881152461,0.8584037558550547,0.01
5509.603841536615,0.8520449122477481,0.01
5512.004801920768,0.8464937548441672,0.01
5514.405762304922,0.8478071248163738,0.01
5516.806722689075,0.8617134974249692,0.01
5519.207683073229,0.8542772014976676,0.01
5521.608643457383,0.8594544748301657,0.01
5524.009603841537,0.8652698188672698,0.01
5526.41056422569,0.8566044477201289,0.01
5528.811524609844,0.8564180872446607,0.01
5531.212484993997,0.8598560380875399,0.01
5533.613445378151,0.8454986683705921,0.01
5536.014405762305,0.8529647684790153,0.01
5538.415366146459,0.8556829639435255,0.01
5540.816326530612,0.8607012044237878,0.01
5543.217286914765,0.8612229139949068,0.01
5545.618247298919,0.8586127277968829,0.01
5548.019207683074,0.8513932973311265,0.01
5550.420168067227,0.8654116051727335,0.01
5552.82112845138,0.8644772765823157,0.01
5555.222088835534,0.8681663817125077,0.01
5557.623049219688,0.8693565460076098,0.01
5560.0240096038415,0.8674329261485564,0.01
5562.424969987995,0.8645663994228432,0.01
5564.825930372149,0.8735757074534349,0.01
5567.226890756303,0.8825383751155405,0.01
5569.627851140456,0.878986621076002,0.01
5572.028811524609,0.8631952878237926,0.01
5574.4297719087635,0.8900680085805728,0.01
5576.830732292918,0.8651465898585002,0.01
5579.231692677071,0.8646879574275071,0.01
5581.632653061224,0.8751831414284735,0.01
5584.033613445377,0.8655975088532651,0.01
5586.4345738295315,0.8703980036623765,0.01
5588.835534213686,0.8873011830334896,0.01
5591.236494597839,0.8876883139816938,0.01
5593.637454981992,0.8867431575132722,0.01
5596.038415366146,0.8878218241241794,0.01
5598.4393757503,0.8743054384626705,0.01
5600.8403361344535,0.8615053736560934,0.01
5603.241296518607,0.8874187582231773,0.01
5605.642256902761,0.891301536461319,0.01
5608.043217286915,0.8872069374300879,0.01
5610.444177671068,0.8791884101601036,0.01
5612.8451380552215,0.8672901498717689,0.01
5615.246098439376,0.8917778756898935,0.01
5617.64705882353,0.8839157062998471,0.01
5620.048019207683,0.8920574461774771,0.01
5622.448979591836,0.8991944799472742,0.01
5624.84993997599,0.8907712669785781,0.01
5627.250900360144,0.9060412366555842,0.01
5629.651860744298,0.8923525493866855,0.01
5632.052821128451,0.8883600653081205,0.01
5634.453781512605,0.9056473369009853,0.01
5636.854741896759,0.8938747274574013,0.01
5639.255702280912,0.8927951145589283,0.01
5641.656662665066,0.88444166919488,0.01
5644.05762304922,0.9041425829890478,0.01
5646.458583433374,0.906243579827996,0.01
5648.859543817527,0.891683071977022,0.01
5651.26050420168,0.9044286070039078,0.01
5653.6614645858335,0.8940263563620762,0.01
5656.062424969988,0.9018028877393949,0.01
5658.463385354142,0.8932280143462972,0.01
5660.864345738295,0.89547510355772,0.01
5663.265306122448,0.9098313527756361,0.01
5665.666266506602,0.9062143386404347,0.01
5668.0672268907565,0.9060531388711827,0.01
5670.46818727491,0.9100312220134774,0.01
5672.869147659063,0.9143410358776918,0.01
5675.270108043217,0.8991817720510314,0.01
5677.671068427371,0.9041624581991594,0.01
5680.072028811524,0.9228236320581436,0.01
5682.472989195678,0.9176376025696056,0.01
5684.873949579832,0.9205553694247566,0.01
5687.274909963986,0.9213159512555439,0.01
5689.675870348139,0.9175571470008689,0.01
5692.076830732292,0.9168819552686611,0.01
5694.4777911164465,0.9052140506397915,0.01
5696.878751500601,0.9122132464076068,0.01
5699.279711884754,0.9191917588257285,0.01
5701.680672268907,0.9229402738749714,0.01
5704.081632653061,0.9283661635903581,0.01
5706.482593037215,0.9396151812875435,0.01
5708.883553421369,0.9111544750830454,0.01
5711.284513805522,0.9078998031271751,0.01
5713.685474189676,0.9188059262840277,0.01
5716.08643457383,0.9208900923330684,0.01
5718.487394957983,0.9177290769039586,0.01
5720.8883553421365,0.9215771636014143,0.01
5723.28931572629,0.914356280840347,0.01
5725.690276110444,0.9268425266184928,0.01
5728.091236494598,0.9156743563609159,0.01
5730.492196878751,0.9324971168685724,0.01
5732.893157262904,0.9226410951774513,0.01
5735.294117647059,0.93308078027593,0.01
5737.695078031213,0.9178948050644972,0.01
5740.096038415366,0.9290021355732085,0.01
5742.496998799519,0.912206145384508,0.01
5744.897959183673,0.9340273092849113,0.01
5747.298919567827,0.9369720382662696,0.01
5749.699879951981,0.917480449559003,0.01
5752.100840336134,0.9309183510609894,0.01
5754.501800720288,0.9339474113210176,0.01
5756.902761104442,0.9474374654323241,0.01
5759.303721488595,0.9310225604835298,0.01
5761.704681872749,0.9354355917290086,0.01
5764.105642256903,0.9206149139655166,0.01
5766.506602641057,0.9286490132234897,0.01
5768.90756302521,0.9416482719736112,0.01
5771.308523409363,0.9255093071588522,0.01
5773.709483793517,0.9415446363114698,0.01
5776.1104441776715,0.9503547245323166,0.01
5778.511404561825,0.9320492162161669,0.01
5780.912364945978,0.9466772967831332,0.01
5783.313325330132,0.9374753343312708,0.01
5785.714285714286,0.9296887100546175,0.01
5788.1152460984395,0.9474426613097471,0.01
5790.516206482593,0.9429920877111755,0.01
5792.917166866746,0.9441105297086406,0.01
5795.3181272509,0.9422019583331682,0.01
5797.719087635054,0.9476407478634064,0.01
5800.120048019207,0.9565706336656722,0.01
5802.521008403361,0.9311775544683893,0.01
5804.921968787515,0.9464354388550767,0.01
5807.322929171669,0.9675022371271206,0.01
5809.723889555822,0.9660621145077645,0.01
5812.124849939975,0.9435609419925923,0.01
5814.525810324129,0.9612664995932597,0.01
5816.926770708284,0.9439673248058417,0.01
5819.327731092437,0.9672178575587662,0.01
5821.72869147659,0.9450672383038801,0.01
5824.129651860744,0.9519003694486231,0.01
5826.530612244898,0.9643560164212863,0.01
5828.9315726290515,0.9659902380473409,0.01
5831.332533013205,0.9785992442379484,0.01
5833.733493397359,0.9565954906500083,0.01
5836.134453781513,0.9633977590064663,0.01
5838.535414165666,0.9577551553422646,0.01
5840.936374549819,0.9466426300758771,0.01
5843.337334933974,0.9506550459057165,0.01
5845.738295318128,0.9696573396167376,0.01
5848.139255702281,0.9431867915417588,0.01
5850.540216086434,0.9570877723371438,0.01
5852.941176470588,0.9558307739165302,0.01
5855.342136854742,0.9765334812456918,0.01
5857.743097238896,0.9775659001752159,0.01
5860.144057623049,0.9626659698705199,0.01
5862.545018007202,0.9506626493536925,0.01
5864.945978391356,0.9641933122542454,0.01
5867.34693877551,0.976032980557267,0.01
5869.747899159664,0.9517557537689815,0.01
5872.148859543817,0.9662428332360508,0.01
5874.549819927971,0.9759849511397314,0.01
5876.950780312125,0.9623936830043751,0.01
5879.351740696278,0.9409985905523519,0.01
5881.7527010804315,0.9618213419646284,0.01
5884.153661464586,0.9645982091418338,0.01
5886.55462184874,0.9768108757684733,0.01
5888.955582232893,0.9649652436532062,0.01
5891.356542617046,0.9632290547395486,0.01
5893.7575030012,0.9621282028916842,0.01
5896.1584633853545,0.9662828335415896,0.01
5898.559423769508,0.968046735304005,0.01
5900.960384153661,0.9764247876209332,0.01
5903.361344537815,0.96039350906067,0.01
5905.762304921969,0.9779428974875226,0.01
5908.163265306122,0.9704491696309748,0.01
5910.564225690276,0.955994004451924,0.01
5912.96518607443,0.9765372806850615,0.01
5915.366146458584,0.9631990666407767,0.01
5917.767106842737,0.9726760657396858,0.01
5920.16806722689,0.9668884591830105,0.01
5922.5690276110445,0.9877853274241426,0.01
5924.969987995198,0.9482518699470017,0.01
5927.370948379352,0.970553111991459,0.01
5929.771908763505,0.9778028021990526,0.01
5932.172869147658,0.9824675565022549,0.01
5934.573829531812,0.9666622730203029,0.01
5936.9747899159665,0.9766932974412674,0.01
5939.37575030012,0.9800874659460392,0.01
5941.776710684273,0.976539118586974,0.01
5944.177671068427,0.9657017509552253,0.01
5946.578631452581,0.9932349793033445,0.01
5948.9795918367345,0.9777397404311768,0.01
5951.380552220888,0.9803506156804002,0.01
5953.781512605042,0.9926293841240238,0.01
5956.182472989196,0.9739389157575382,0.01
5958.583433373349,0.977755257726448,0.01
5960.984393757502,0.977780869244479,0.01
5963.3853541416565,0.990723583199305,0.01
5965.786314525811,0.9803034638712932,0.01
5968.187274909964,0.9924885086753661,0.01
5970.588235294117,0.9791859099581837,0.01
5972.989195678271,0.980275018128758,0.01
5975.390156062425,0.9917745267928617,0.01
5977.791116446579,0.9767204431171771,0.01
5980.192076830732,0.9910559318172473,0.01
5982.593037214886,0.9772748722521022,0.01
5984.99399759904,0.9782171758939318,0.01
5987.394957983193,0.9710552322585049,0.01
5989.7959183673465,0.9733150791286126,0.01
5992.196878751501,0.9806835072662445,0.01
5994.597839135654,0.9688403717360016,0.01
5996.998799519808,1.0045960876635551,0.01
5999.399759903961,0.9877780532542774,0.01
6001.8007202881145,1.0033079410107713,0.01
6004.201680672269,0.9889592810393742,0.01
6006.602641056423,0.9873345884412417,0.01
6009.003601440576,0.9873258803544948,0.01
6011.404561824729,0.9775160705108321,0.01
6013.805522208883,1.003771580263121,0.01
6016.206482593037,0.981179249031492,0.01
6018.607442977191,0.9828941117162031,0.01
6021.008403361344,0.9827818103152984,0.01
6023.409363745498,0.9953419753656838,0.01
6025.810324129652,0.9903006765371427,0.01
6028.211284513805,0.9974636628339527,0.01
6030.612244897959,1.0007979626503463,0.01
6033.013205282113,0.9794734352618043,0.01
6035.414165666267,0.9836874932794255,0.01
6037.81512605042,0.9966486237121631,0.01
6040.216086434573,0.9940497895449082,0.01
6042.617046818727,0.979383721174945,0.01
6045.018007202882,0.9845169227881893,0.01
6047.418967587035,0.9781197177324144,0.01
6049.819927971188,0.9842290944876289,0.01
6052.220888355342,0.9985244436172572,0.01
6054.621848739496,1.0012158521857784,0.01
6057.0228091236495,0.983730610224406,0.01
6059.423769507803,0.9826679130012477,0.01
6061.824729891956,1.0033082254903143,0.01
6064.22569027611,0.9941540274587229,0.01
6066.626650660264,0.998913093619833,0.01
6069.027611044417,0.9940744710146627,0.01
6071.428571428571,1.0027313862006269,0.01
6073.829531812725,0.9993428162423716,0.01
6076.230492196879,0.9921766341202346,0.01
6078.631452581032,0.985633175797792,0.01
6081.032412965185,1.0038296280454582,0.01
6083.4333733493395,0.9943246226547069,0.01
6085.834333733494,0.9933053032045822,0.01
6088.235294117647,1.0007960693009046,0.01
6090.6362545018,0.9802776983708946,0.01
6093.037214885954,0.9876485003664113,0.01
6095.438175270108,1.0012306381937788,0.01
6097.839135654262,0.9872054631530781,0.01
6100.240096038415,0.9877312148372147,0.01
6102.641056422569,1.0031128278174843,0.01
6105.042016806723,1.008804676853951,0.01
6107.442977190876,0.9948792371870162,0.01
6109.8439375750295,0.9983260852562005,0.01
6112.244897959184,0.9896956260284431,0.01
6114.645858343338,1.0031442476687953,0.01
6117.046818727491,0.9767643568230678,0.01
6119.447779111644,0.9899473372769091,0.01
6121.848739495798,0.9750193854585849,0.01
6124.2496998799525,1.015395947943453,0.01
6126.650660264106,0.9933831246876755,0.01
6129.051620648259,1.003670144711625,0.01
6131.452581032412,0.9996642812581836,0.01
6133.853541416566,0.9922205232572291,0.01
6136.25450180072,0.9852625270375621,0.01
6138.655462184874,0.9926117730978964,0.01
6141.056422569027,1.0081858567542177,0.01
6143.457382953181,0.9890598442680528,0.01
6145.858343337335,1.0029859528280527,0.01
6148.259303721488,1.0014496034356302,0.01
6150.6602641056415,1.010598356912944,0.01
6153.061224489796,1.0095953615627502,0.01
6155.46218487395,1.009336046244463,0.01
6157.863145258103,1.0038029902078804,0.01
6160.264105642256,0.9919653333511019,0.01
6162.66506602641,1.0008610714029396,0.01
6165.0660264105645,0.9930159997313528,0.01
6167.466986794718,0.9876032171077443,0.01
6169.867947178871,1.000974679048238,0.01
6172.268907563025,0.9993672037653551,0.01
6174.669867947179,0.9900885407604253,0.01
6177.070828331332,0.9749093155548499,0.01
6179.471788715486,1.0021545495601423,0.01
6181.87274909964,0.9961600411677068,0.01
6184.273709483794,1.001674639590209,0.01
6186.674669867947,0.996922655121278,0.01
6189.0756302521,0.9782077577968518,0.01
6191.4765906362545,1.0035458914080335,0.01
6193.877551020409,1.0107076499023209,0.01
6196.278511404562,0.9807902004068617,0.01
6198.679471788715,0.9996224997378282,0.01
6201.080432172868,1.0074774504681567,0.01
6203.481392557022,1.0034559771614175,0.01
6205.882352941177,0.9838676939804967,0.01
6208.28331332533,1.0050350055864214,0.01
6210.684273709483,1.0064475238655965,0.01
6213.085234093637,1.0104570145772946,0.01
6215.486194477791,0.9986368346271961,0.01
6217.8871548619445,1.01065878895781,0.01
6220.288115246098,0.9944033169092632,0.01
6222.689075630252,0.9872643114320352,0.01
6225.090036014406,0.9864412529922884,0.01
6227.490996398559,0.9918780866329581,0.01
6229.891956782712,1.0130864822278396,0.01
6232.292917166867,0.9883409172893752,0.01
6234.693877551021,0.9929292441828215,0.01
6237.094837935174,0.9962973864747114,0.01
6239.495798319327,1.0063126095425987,0.01
6241.896758703481,1.0132703760938446,0.01
6244.297719087635,1.0030728116373533,0.01
6246.698679471789,0.9962971680381346,0.01
6249.099639855942,1.0045505920001914,0.01
6251.500600240096,1.009004922751049,0.01
6253.90156062425,0.9941494887452798,0.01
6256.302521008403,1.0012111640987535,0.01
6258.703481392557,1.013668819211857,0.01
6261.104441776711,0.9961695657024278,0.01
6263.505402160865,1.00553149340122,0.01
6265.906362545018,0.9899970833948882,0.01
6268.307322929171,0.9896476064932569,0.01
6270.7082833133245,0.9945842793445167,0.01
6273.109243697479,0.9977478898680119,0.01
6275.510204081633,1.0078882442005186,0.01
6277.911164465786,1.0025315296277868,0.01
6280.312124849939,0.9942876181041651,0.01
6282.713085234093,1.0064388871862742,0.01
6285.1140456182475,0.9811454324456786,0.01
6287.515006002401,0.9865404496479881,0.01
6289.915966386554,1.006129541723124,0.01
6292.316926770708,0.9966536319809124,0.01
6294.717887154862,1.0029713522187549,0.01
6297.118847539015,0.9830584388056717,0.01
6299.519807923169,0.9904138487678705,0.01
6301.920768307323,0.9911537190544558,0.01
6304.321728691477,0.9954341627915904,0.01
6306.72268907563,0.9769105248834788,0.01
6309.123649459783,0.9985267050115467,0.01
6311.5246098439375,1.0002431837021442,0.01
6313.925570228092,1.0056930319317263,0.01
6316.326530612245,1.0029737816494866,0.01
6318.727490996398,1.005638563026611,0.01
6321.128451380552,0.996606154431032,0.01
6323.529411764706,1.014090529874945,0.01
6325.9303721488595,0.9888753975810555,0.01
6328.331332533013,0.9960080292801917,0.01
6330.732292917167,0.9881699122099212,0.01
6333.133253301321,0.9946770242423053,0.01
6335.534213685474,0.9831936015191376,0.01
6337.9351740696275,0.9852267772484475,0.01
6340.336134453781,0.9977963774800327,0.01
6342.737094837935,0.9973277634528918,0.01
6345.138055222089,0.9985332588349812,0.01
6347.539015606242,0.9929613342032692,0.01
6349.939975990395,0.9978811825132398,0.01
6352.3409363745495,0.9917367371379999,0.01
6354.741896758704,0.9972956683950943,0.01
6357.142857142857,0.9885109840270038,0.01
6359.54381752701,0.9672760626231403,0.01
6361.944777911164,1.0061234097939393,0.01
6364.345738295318,0.9825981681038994,0.01
6366.746698679472,0.9791939254316882,0.01
6369.147659063625,0.9801544255978448,0.01
6371.548619447779,0.994331872073219,0.01
6373.949579831933,1.0110212166452996,0.01
6376.350540216086,0.9842132178120557,0.01
6378.7515006002395,0.9931901265484586,0.01
6381.152460984394,0.9797897887854101,0.01
6383.553421368548,0.9878753174658027,0.01
6385.954381752701,0.9994416453578802,0.01
6388.355342136854,0.9886446970716473,0.01
6390.756302521008,0.9849334829417398,0.01
6393.1572629051625,0.9878067978860098,0.01
6395.558223289316,0.9821673142554439,0.01
6397.959183673469,0.9797740322299962,0.01
6400.360144057623,0.9887749864504113,0.01
6402.761104441776,0.9903264781078692,0.01
6405.16206482593,0.9879107013623313,0.01
6407.563025210084,0.9872626758570662,0.01
6409.963985594237,0.9834962242713656,0.01
6412.364945978391,0.980143108538962,0.01
6414.765906362545,0.9895899895720639,0.01
6417.166866746698,0.9803584371743249,0.01
6419.567827130852,0.9882462234881279,0.01
6421.968787515006,0.9766672462687735,0.01
6424.36974789916,0.9860930873451231,0.01
6426.770708283313,0.9742812880448701,0.01
6429.171668667466,0.9842120170383448,0.01
6431.57262905162,0.9917718426842113,0.01
6433.973589435775,0.9934887075207441,0.01
6436.374549819928,0.9846617133192462,0.01
6438.775510204081,0.9788251266479051,0.01
6441.176470588235,0.9806262008607597,0.01
6443.577430972389,0.9861629270175474,0.01
6445.9783913565425,0.9821746617599109,0.01
6448.379351740696,0.9988481568627903,0.01
6450.78031212485,0.9740235075029976,0.01
6453.181272509004,0.9808127019634928,0.01
6455.582232893157,0.9599114406247333,0.01
6457.98319327731,0.9813534915624493,0.01
6460.384153661465,0.9662730206566656,0.01
6462.785114045619,0.9743359802027304,0.01
6465.186074429772,0.9894919351101964,0.01
6467.587034813925,0.9686350032404656,0.01
6469.987995198079,0.987797169014541,0.01
6472.3889555822325,0.9852132308285659,0.01
6474.789915966387,0.9669383119001149,0.01
6477.19087635054,0.9672582171854504,0.01
6479.591836734693,0.9833701282188259,0.01
6481.992797118847,0.9740092311387182,0.01
6484.393757503001,0.9887301606745018,0.01
6486.794717887155,0.9658529662726336,0.01
6489.195678271308,0.9701403029122156,0.01
6491.596638655462,0.9758273983397044,0.01
6493.997599039616,0.978377079881735,0.01
6496.398559423769,0.9898154832455611,0.01
6498.7995198079225,0.9822587567720203,0.01
6501.200480192077,0.959351037581148,0.01
6503.601440576231,0.9693841587530242,0.01
6506.002400960384,0.9799772136809309,0.01
6508.403361344537,0.9715006465381419,0.01
6510.804321728691,0.9740573571466848,0.01
6513.205282112845,0.96061376817615,0.01
6515.606242496999,0.9519880034708686,0.01
6518.007202881152,0.9671331574428043,0.01
6520.408163265306,0.9704706777225203,0.01
6522.80912364946,0.9546394964699267,0.01
6525.210084033613,0.9586419521535539,0.01
6527.611044417767,0.9859287530048522,0.01
6530.012004801921,0.9677311873025481,0.01
6532.412965186075,0.9660749903123432,0.01
6534.813925570228,0.9472947955190015,0.01
6537.214885954381,0.959863933695927,0.01
6539.6158463385345,0.9743003378521571,0.01
6542.016806722689,0.9799269338679932,0.01
6544.417767106843,0.956054991942164,0.01
6546.818727490996,0.9715042052645216,0.01
6549.219687875149,0.9496550868329203,0.01
6551.620648259303,0.9623781119805642,0.01
6554.0216086434575,0.9805432204160544,0.01
6556.422569027611,0.9686294732740616,0.01
6558.823529411764,0.9582012979244523,0.01
6561.224489795918,0.9560659127965302,0.01
6563.625450180072,0.9510973311047362,0.01
6566.026410564225,0.9642322480583708,0.01
6568.427370948379,0.9465817805316517,0.01
6570.828331332533,0.955335927832318,0.01
6573.229291716687,0.9570003331096858,0.01
6575.63025210084,0.9365472771939733,0.01
6578.031212484993,0.9642291219286052,0.01
6580.4321728691475,0.9504237785842877,0.01
6582.833133253302,0.945920685684204,0.01
6585.234093637455,0.9588398780794721,0.01
6587.635054021608,0.9673453760136693,0.01
6590.036014405762,0.9442757898315925,0.01
6592.436974789916,0.9556541941042374,0.01
6594.83793517407,0.9295108376305727,0.01
6597.238895558223,0.9462792538472489,0.01
6599.639855942377,0.9514118568156045,0.01
6602.040816326531,0.9351311892615434,0.01
6604.441776710684,0.9386830918340862,0.01
6606.8427370948375,0.9593121911340097,0.01
6609.243697478991,0.9388968238034042,0.01
6611.644657863145,0.9346414377175196,0.01
6614.045618247299,0.9400698708579114,0.01
6616.446578631452,0.9644081493100762,0.01
6618.847539015605,0.9428974200885547,0.01
6621.24849939976,0.9705337154364944,0.01
6623.649459783914,0.9412402489630098,0.01
6626.050420168067,0.940948265810358,0.01
6628.45138055222,0.9374067593435585,0.01
6630.852340936374,0.927483315485551,0.01
6633.253301320528,0.9258547969321731,0.01
6635.654261704682,0.9521978918218669,0.01
6638.055222088835,0.9293122763527618,0.01
6640.456182472989,0.9281160116180959,0.01
6642.857142857143,0.9380457999544782,0.01
6645.258103241296,0.9435361926943767,0.01
6647.65906362545,0.9456258651283744,0.01
6650.060024009604,0.9423140700252962,0.01
6652.460984393758,0.9225290629638855,0.01
6654.861944777911,0.9397215844686002,0.01
6657.262905162064,0.9288750115214386,0.01
6659.663865546218,0.9307278623472094,0.01
6662.0648259303725,0.9274946592588155,0.01
6664.465786314526,0.9105463281818023,0.01
6666.866746698679,0.9352099983946345,0.01
6669.267707082833,0.9437328140121991,0.01
6671.668667466987,0.9222525598368569,0.01
6674.0696278511405,0.9377273208444312,0.01
6676.470588235294,0.9135498579590199,0.01
6678.871548619447,0.9247882805028542,0.01
6681.272509003601,0.9275010755817564,0.01
6683.673469387755,0.93287022630646,0.01
6686.074429771908,0.9314956364270376,0.01
6688.475390156062,0.9122603887334941,0.01
6690.876350540216,0.9176173473269221,0.01
6693.27731092437,0.9142417437035303,0.01
6695.678271308523,0.9113146721980453,0.01
6698.079231692676,0.9279447993932913,0.01
6700.4801920768305,0.9170499227998319,0.01
6702.881152460985,0.9195111577397105,0.01
6705.282112845138,0.9011663456685858,0.01
6707.683073229291,0.9087759618108951,0.01
6710.084033613445,0.9179276450943702,0.01
6712.484993997599,0.9116395282766216,0.01
6714.8859543817525,0.9312630456666605,0.01
6717.286914765906,0.8884788790839173,0.01
6719.68787515006,0.9082003728838883,0.01
6722.088835534214,0.9160793804890976,0.01
6724.489795918367,0.8963803513087405,0.01
6726.8907563025205,0.8952257970841682,0.01
6729.291716686675,0.9148113726691102,0.01
6731.692677070829,0.9138438290075173,0.01
6734.093637454982,0.9176499067204201,0.01
6736.494597839135,0.9058218139254534,0.01
6738.895558223289,0.9124638887959755,0.01
6741.296518607443,0.9118574243266897,0.01
6743.697478991597,0.903932657775711,0.01
6746.09843937575,0.9056759604902408,0.01
6748.499399759903,0.9089940614666704,0.01
6750.900360144057,0.9077370216820921,0.01
6753.301320528211,0.9036005887600366,0.01
6755.702280912365,0.9063105185761547,0.01
6758.103241296518,0.9114781525375889,0.01
6760.504201680672,0.9009060897689325,0.01
6762.905162064826,0.8994763879940246,0.01
6765.306122448979,0.9024375892386954,0.01
6767.7070828331325,0.9094617488099266,0.01
6770.108043217287,0.9092366372379255,0.01
6772.509003601441,0.8962904197613377,0.01
6774.909963985594,0.8813339412061435,0.01
6777.310924369747,0.8980640908712186,0.01
6779.711884753901,0.8935907656202499,0.01
6782.1128451380555,0.8984588747778035,0.01
6784.513805522209,0.8728858606312223,0.01
6786.914765906362,0.8858905568734871,0.01
6789.315726290516,0.8731070209465781,0.01
6791.71668667467,0.8747200601803073,0.01
6794.117647058823,0.8833726779911797,0.01
6796.518607442977,0.8925699464849762,0.01
6798.919567827131,0.8767200332194112,0.01
6801.320528211285,0.8776915931393418,0.01
6803.721488595438,0.8797183298918274,0.01
6806.122448979591,0.8758959535944038,0.01
6808.5234093637455,0.8661112239887486,0.01
6810.9243697479,0.873702150098713,0.01
6813.325330132053,0.8786630660229415,0.01
6815.726290516206,0.8626276872433082,0.01
6818.127250900359,0.8776601210241558,0.01
6820.528211284513,0.8587990890849009,0.01
6822.929171668668,0.8872280548451242,0.01
6825.330132052821,0.8683331414464395,0.01
6827.731092436974,0.883886909385024,0.01
6830.132052821128,0.8803266103479953,0.01
6832.533013205282,0.8532432687586288,0.01
6834.9339735894355,0.8651679814552014,0.01
6837.334933973589,0.8822136155559827,0.01
6839.735894357743,0.8554806238849157,0.01
6842.136854741897,0.8755311473211094,0.01
6844.53781512605,0.8530909525377559,0.01
6846.938775510203,0.8637231750205284,0.01
6849.339735894358,0.8488302165863261,0.01
6851.740696278512,0.8762161007021825,0.01
6854.141656662665,0.862654499926861,0.01
6856.542617046818,0.8694382759815411,0.01
6858.943577430972,0.8621347094532147,0.01
6861.344537815126,0.8448786448129667,0.01
6863.74549819928,0.8440199687897312,0.01
6866.146458583433,0.8430320182180742,0.01
6868.547418967587,0.8393617850700084,0.01
6870.948379351741,0.8516951809835791,0.01
6873.349339735894,0.8778301337285469,0.01
6875.7503001200475,0.8627104058304172,0.01
6878.151260504202,0.8521204688937273,0.01
6880.552220888355,0.8604028581699079,0.01
6882.953181272509,0.8653013341132875,0.01
6885.354141656662,0.8615136425850426,0.01
6887.7551020408155,0.8607451309559356,0.01
6890.15606242497,0.8385095766860411,0.01
6892.557022809124,0.8441251561349997,0.01
6894.957983193277,0.8372188316591053,0.01
6897.35894357743,0.8537524590155732,0.01
6899.759903961584,0.8574406452753874,0.01
6902.160864345738,0.8245956294659008,0.01
6904.561824729892,0.8419197396628716,0.01
6906.962785114045,0.8450463545762245,0.01
6909.363745498199,0.8341105554625711,0.01
6911.764705882353,0.839798961341283,0.01
6914.165666266506,0.8374462445199319,0.01
6916.56662665066,0.826322421530974,0.01
6918.967587034814,0.8121693408558054,0.01
6921.368547418968,0.8406214089057317,0.01
6923.769507803121,0.8405290091863796,0.01
6926.170468187274,0.8518915610088835,0.01
6928.571428571428,0.8193072380083999,0.01
6930.972388955583,0.8299855661293719,0.01
6933.373349339736,0.8277139221487659,0.01
6935.774309723889,0.8153975884212565,0.01
6938.175270108043,0.8225436289330466,0.01
6940.576230492197,0.8212716950995256,0.01
6942.9771908763505,0.8278790251545165,0.01
6945.378151260504,0.8208076302287136,0.01
6947.779111644658,0.8385549541742349,0.01
6950.180072028811,0.8168662606716521,0.01
6952.581032412965,0.814965867528294,0.01
6954.981992797118,0.8126624789639547,0.01
6957.382953181272,0.8137197978711009,0.01
6959.783913565426,0.8149008514196728,0.01
6962.18487394958,0.8353908142770216,0.01
6964.585834333733,0.8110673443166156,0.01
6966.986794717886,0.7890491393058919,0.01
6969.3877551020405,0.8215559289200924,0.01
6971.788715486195,0.812310345616578,0.01
6974.189675870348,0.817908886880336,0.01
6976.590636254501,0.813252455166145,0.01
6978.991596638655,0.7854134428949898,0.01
6981.392557022809,0.8081749228771311,0.01
6983.793517406963,0.8134569128209187,0.01
6986.194477791116,0.8083063003395288,0.01
6988.59543817527,0.8163591982633501,0.01
6990.996398559424,0.7822019381516058,0.01
6993.397358943577,0.7953450322824758,0.01
6995.7983193277305,0.7920305238067135,0.01
6998.199279711885,0.7909239936616699,0.01
7000.600240096039,0.8086830983295668,0.01
7003.001200480192,0.8000721576492357,0.01
7005.402160864345,0.7980526271230749,0.01
7007.803121248499,0.8117624949865029,0.01
7010.2040816326535,0.7944386041883031,0.01
7012.605042016807,0.7980833424903788,0.01
7015.00600240096,0.7964679890938733,0.01
7017.406962785113,0.7978804144490607,0.01
7019.807923169267,0.7830876130110375,0.01
7022.208883553421,0.8087102624319684,0.01
7024.609843937575,0.8030573819932096,0.01
7027.010804321728,0.7789348605588724,0.01
7029.411764705882,0.789733265168069,0.01
7031.812725090036,0.7877420858629279,0.01
7034.213685474189,0.8031513897159684,0.01
7036.614645858343,0.805522051421085,0.01
7039.015606242497,0.772672071599378,0.01
7041.416566626651,0.787375384650618,0.01
7043.817527010804,0.7868239981175356,0.01
7046.218487394957,0.7850482927881473,0.01
7048.619447779111,0.7882512626823698,0.01
7051.0204081632655,0.7644800112482566,0.01
7053.421368547419,0.7814582833856643,0.01
7055.822328931572,0.7908898267073149,0.01
7058.223289315726,0.7661410087696456,0.01
7060.62424969988,0.7798873156547754,0.01
7063.0252100840335,0.7629451841554903,0.01
7065.426170468187,0.768609482517059,0.01
7067.827130852341,0.7709530078775841,0.01
7070.228091236495,0.7687393449324789,0.01
7072.629051620648,0.7727362039564273,0.01
7075.030012004801,0.7795267680502633,0.01
7077.4309723889555,0.7776080004493372,0.01
7079.83193277311,0.7478870085856956,0.01
7082.232893157263,0.7561307697086445,0.01
7084.633853541416,0.7626549650592217,0.01
7087.034813925569,0.7634502627422147,0.01
7089.4357743097235,0.765901797012211,0.01
7091.836734693878,0.7506403539158488,0.01
7094.237695078031,0.7703857844559601,0.01
7096.638655462184,0.7807087638521334,0.01
7099.039615846338,0.7627937527381026,0.01
7101.440576230492,0.7588283694278236,0.01
7103.8415366146455,0.7607110846428764,0.01
7106.242496998799,0.7593961667585934,0.01
7108.643457382953,0.7528766063380817,0.01
7111.044417767107,0.7563518782969233,0.01
7113.44537815126,0.743171150895637,0.01
7115.846338535413,0.7303739103611498,0.01
7118.247298919568,0.7405199527157997,0.01
7120.648259303722,0.7355394002797717,0.01
7123.049219687875,0.7379284284410021,0.01
7125.450180072028,0.7511318979330132,0.01
7127.851140456182,0.753847507183946,0.01
7130.252100840336,0.7303124197580405,0.01
7132.65306122449,0.7175663913338641,0.01
7135.054021608643,0.7520113537992299,0.01
7137.454981992797,0.7469709279893194,0.01
7139.855942376951,0.7409989557060338,0.01
7142.256902761104,0.7283266602344616,0.01
7144.657863145258,0.7273849550858397,0.01
7147.058823529412,0.7299705855123213,0.01
7149.459783913566,0.7304657287973602,0.01
7151.860744297719,0.7330595513959376,0.01
7154.261704681872,0.727058071182901,0.01
7156.6626650660255,0.7263099698222154,0.01
7159.06362545018,0.7088951287212083,0.01
7161.464585834334,0.727759302543527,0.01
7163.865546218487,0.716388593011322,0.01
7166.26650660264,0.7235996902909593,0.01
7168.667466986794,0.7223085022031392,0.01
7171.0684273709485,0.7281511741162482,0.01
7173.469387755102,0.7164513117178521,0.01
7175.870348139255,0.7119058936017992,0.01
7178.271308523409,0.7144771823775372,0.01
7180.672268907563,0.7218471842933402,0.01
7183.073229291716,0.7113788004489824,0.01
7185.47418967587,0.7075373630302382,0.01
7187.875150060024,0.7188757834639085,0.01
7190.276110444178,0.6941572698822478,0.01
7192.677070828331,0.7140565774533715,0.01
7195.078031212484,0.7056072096899034,0.01
7197.4789915966385,0.7129621571242056,0.01
7199.879951980793,0.724285005997038,0.01
7202.280912364946,0.6963261898679091,0.01
7204.681872749099,0.7098998530872148,0.01
7207.082833133253,0.6916404528913493,0.01
7209.483793517407,0.7016296657390086,0.01
7211.8847539015605,0.6979726643041118,0.01
7214.285714285714,0.6882608399268043,0.01
7216.686674669868,0.7068886197082285,0.01
7219.087635054022,0.6860216855605803,0.01
7221.488595438175,0.7006503602895122,0.01
7223.8895558223285,0.7119581673997943,0.01
7226.290516206482,0.7067932465925046,0.01
7228.691476590636,0.6938449863698165,0.01
7231.09243697479,0.6940532937799715,0.01
7233.493397358943,0.6799192349669592,0.01
7235.894357743096,0.687044145462532,0.01
7238.2953181272505,0.6947679591711805,0.01
7240.696278511405,0.6916309990523055,0.01
7243.097238895558,0.67647959517666,0.01
7245.498199279711,0.6732251639058118,0.01
7247.899159663865,0.6948929676255949,0.01
7250.300120048019,0.6780998196222894,0.01
7252.701080432173,0.6660771341814278,0.01
7255.102040816326,0.6906724416696264,0.01
7257.50300120048,0.691303500972277,0.01
7259.903961584634,0.6817796140314824,0.01
7262.304921968787,0.6920398764047705,0.01
7264.7058823529405,0.6756038275512444,0.01
7267.106842737095,0.6605473728048592,0.01
7269.507803121249,0.6867027189046998,0.01
7271.908763505402,0.6591403023900776,0.01
7274.309723889555,0.678401700470934,0.01
7276.710684273709,0.6744329599986996,0.01
7279.1116446578635,0.6630384683868793,0.01
7281.512605042017,0.6642112880049175,0.01
7283.91356542617,0.6826700810323575,0.01
7286.314525810324,0.6758752382623407,0.01
7288.715486194478,0.6612513255332662,0.01
7291.116446578631,0.6697197249001553,0.01
7293.517406962785,0.6620382859758768,0.01
7295.918367346938,0.6564852867545559,0.01
7298.319327731092,0.646438631113064,0.01
7300.720288115246,0.6554887192214489,0.01
7303.121248499399,0.656328419561807,0.01
7305.522208883553,0.6656536943958031,0.01
7307.923169267707,0.6652977866955117,0.01
7310.324129651861,0.6602157996516911,0.01
7312.725090036014,0.670462265926177,0.01
7315.126050420167,0.6468348619279026,0.01
7317.527010804321,0.6390975027547937,0.01
7319.927971188476,0.63400072595155,0.01
7322.328931572629,0.6414110900417227,0.01
7324.729891956782,0.6333201004744339,0.01
7327.130852340936,0.6438410423741068,0.01
7329.53181272509,0.6302246464998159,0.01
7331.9327731092435,0.6420402036398274,0.01
7334.333733493397,0.6193611766320997,0.01
7336.734693877551,0.655870251286108,0.01
7339.135654261705,0.6433942789267503,0.01
7341.536614645858,0.6358113483834869,0.01
7343.937575030011,0.636305134625192,0.01
7346.338535414166,0.6384772472166901,0.01
7348.73949579832,0.6452536556809161,0.01
7351.140456182473,0.6287032005670937,0.01
7353.541416566626,0.6535857847802478,0.01
7355.94237695078,0.6434975525120724,0.01
7358.343337334934,0.6303744511747043,0.01
7360.744297719088,0.622317792508352,0.01
7363.145258103241,0.6433261856019146,0.01
7365.546218487394,0.6084744173337475,0.01
7367.947178871548,0.6330766844657796,0.01
7370.348139255702,0.6266710751913804,0.01
7372.749099639856,0.6215959565962554,0.01
7375.150060024009,0.601834420779612,0.01
7377.551020408163,0.623551763608707,0.01
7379.951980792317,0.6054601499352629,0.01
7382.35294117647,0.6089911896333788,0.01
7384.7539015606235,0.6158616494436167,0.01
7387.154861944778,0.622886012726092,0.01
7389.555822328932,0.6282791690992539,0.01
7391.956782713085,0.6114377021955294,0.01
7394.357743097238,0.6060123942272575,0.01
7396.758703481392,0.6256521180352551,0.01
7399.1596638655465,0.6254760593929451,0.01
7401.5606242497,0.5991574607421735,0.01
7403.961584633853,0.6141247569963055,0.01
7406.362545018007,0.6113097603028256,0.01
7408.763505402161,0.6089390334860799,0.01
7411.164465786314,0.584237428316026,0.01
7413.565426170468,0.5956007042510895,0.01
7415.966386554622,0.5977963668189803,0.01
7418.367346938776,0.5951604082595803,0.01
7420.768307322929,0.6117985535969306,0.01
7423.169267707082,0.6044165891878265,0.01
7425.5702280912365,0.600770477238563,0.01
7427.97118847539,0.5887193023431754,0.01
7430.372148859544,0.5846404648264061,0.01
7432.773109243697,0.6029693423420759,0.01
7435.17406962785,0.5910545938448329,0.01
7437.575030012004,0.5787822923505762,0.01
7439.9759903961585,0.5908602062234656,0.01
7442.376950780312,0.5760106752059039,0.01
7444.777911164465,0.591554481266206,0.01
7447.178871548619,0.5836418883936259,0.01
7449.579831932773,0.5838961614562665,0.01
7451.980792316926,0.5815827387573471,0.01
7454.38175270108,0.5860163800215134,0.01
7456.782713085234,0.5804913312492088,0.01
7459.183673469388,0.5746835275851435,0.01
7461.584633853541,0.5877381507814303,0.01
7463.985594237694,0.5919800381709128,0.01
7466.3865546218485,0.5650414548679554,0.01
7468.787515006003,0.5662491774374535,0.01
7471.188475390156,0.5813175234768557,0.01
7473.589435774309,0.5692503142179226,0.01
7475.990396158463,0.5589107835997309,0.01
7478.391356542617,0.5582148007047238,0.01
7480.792316926771,0.5591230697229361,0.01
7483.193277310924,0.5689894787924393,0.01
7485.594237695078,0.5561503761517115,0.01
7487.995198079232,0.5596633705287922,0.01
7490.396158463385,0.5600426011942212,0.01
7492.7971188475385,0.5818264989694748,0.01
7495.198079231693,0.5709219371268247,0.01
7497.599039615846,0.5652103694996385,0.01
7500.0,0.5635823228191621,0.01
7502.400960384153,0.5643752367383491,0.01
7504.801920768306,0.5647637470575793,0.01
7507.202881152461,0.5432865414080341,0.01
7509.603841536615,0.5426766165244389,0.01
7512.004801920768,0.564114216923566,0.01
7514.405762304921,0.5525878243924545,0.01
7516.806722689075,0.5499812150537828,0.01
7519.207683073229,0.5561691266789205,0.01
7521.608643457383,0.5580074570374243,0.01
7524.009603841536,0.5487948287549518,0.01
7526.41056422569,0.5402113966630672,0.01
7528.811524609844,0.526210082429008,0.01
7531.212484993997,0.5414899331720516,0.01
7533.613445378151,0.536958486218869,0.01
7536.014405762305,0.5448415967579283,0.01
7538.415366146459,0.5338086289567447,0.01
7540.816326530612,0.5456430810378187,0.01
7543.217286914765,0.528387665527245,0.01
7545.618247298919,0.5343201459786565,0.01
7548.019207683074,0.5169820097843958,0.01
7550.420168067227,0.5289184095931616,0.01
7552.82112845138,0.5297801918037566,0.01
7555.222088835534,0.5244836735939552,0.01
7557.623049219688,0.5291397057126555,0.01
7560.0240096038415,0.523661861298911,0.01
7562.424969987995,0.5203361804407581,0.01
7564.825930372148,0.5278606210100784,0.01
7567.226890756302,0.5151404550879127,0.01
7569.627851140456,0.5200593778120189,0.01
7572.028811524609,0.5242534383300517,0.01
7574.429771908763,0.5119437698974588,0.01
7576.830732292917,0.48581181358349157,0.01
7579.231692677071,0.4985193739242246,0.01
7581.632653061224,0.4975815586488387,0.01
7584.033613445377,0.49871768429930713,0.01
7586.4345738295315,0.5105833552262901,0.01
7588.835534213686,0.49694516490601554,0.01
7591.236494597839,0.47446529793295356,0.01
7593.637454981992,0.5003905626796447,0.01
7596.038415366146,0.4917853180488828,0.01
7598.439375750299,0.47377789474728915,0.01
7600.8403361344535,0.4539115322398216,0.01
7603.241296518607,0.47344547646459234,0.01
7605.642256902761,0.4495984791345739,0.01
7608.043217286914,0.461762579003419,0.01
7610.444177671068,0.44802544759203283,0.01
7612.8451380552215,0.48262860001355234,0.01
7615.246098439376,0.4531431141515306,0.01
7617.647058823529,0.45715094750268165,0.01
7620.048019207683,0.4627464353278902,0.01
7622.448979591836,0.4703312229241182,0.01
7624.84993997599,0.4830134388904104,0.01
7627.2509003601435,0.4556960979992883,0.01
7629.651860744298,0.46929196191523415,0.01
7632.052821128451,0.4748104838808964,0.01
7634.453781512605,0.47484822481165584,0.01
7636.854741896758,0.4979000241410327,0.01
7639.255702280912,0.46852983245293706,0.01
7641.656662665066,0.4592358313724972,0.01
7644.05762304922,0.48381080092663215,0.01
7646.458583433373,0.4852444832891753,0.01
7648.859543817527,0.4626938623424975,0.01
7651.26050420168,0.48771022490446847,0.01
7653.661464585834,0.4739855254340668,0.01
7656.062424969988,0.4536585677683114,0.01
7658.463385354142,0.47631174801429305,0.01
7660.864345738295,0.4713961538557856,0.01
7663.265306122449,0.47607346539482787,0.01
7665.666266506602,0.4747094363938197,0.01
7668.067226890756,0.4599052561692389,0.01
7670.46818727491,0.46503103573570864,0.01
7672.869147659063,0.463024823012497,0.01
7675.270108043217,0.4711910386432225,0.01
7677.67106842737,0.474860779912646,0.01
7680.072028811524,0.4722163978216389,0.01
7682.472989195678,0.4603869441924825,0.01
7684.873949579832,0.4550299324386315,0.01
7687.274909963985,0.44503312623994845,0.01
7689.675870348139,0.4683697398668458,0.01
7692.076830732292,0.46296289500598137,0.01
7694.4777911164465,0.4713721719655918,0.01
7696.8787515006,0.4692386275152181,0.01
7699.279711884754,0.4700886806737733,0.01
7701.680672268907,0.4750696225155579,0.01
7704.081632653061,0.43842890174338733,0.01
7706.482593037214,0.44558635594486307,0.01
7708.883553421369,0.45405790555073977,0.01
7711.284513805522,0.4525503753597171,0.01
7713.685474189676,0.4478905756936848,0.01
7716.086434573829,0.4728100701539314,0.01
7718.487394957983,0.46014009116955035,0.01
7720.8883553421365,0.439818459185998,0.01
7723.289315726291,0.4496358259159217,0.01
7725.690276110444,0.4538755910225768,0.01
7728.091236494598,0.44643012962255707,0.01
7730.492196878751,0.44580527588214064,0.01
7732.893157262905,0.44022767655015116,0.01
7735.294117647059,0.429581134042294,0.01
7737.695078031212,0.4523776702230749,0.01
7740.096038415366,0.4290203121539921,0.01
7742.496998799519,0.43762537496190085,0.01
7744.897959183673,0.44543596010710806,0.01
7747.2989195678265,0.4422122798619722,0.01
7749.699879951981,0.44607429673191473,0.01
7752.100840336134,0.4547971935455662,0.01
7754.501800720288,0.4263728796615897,0.01
7756.902761104441,0.4168505898477648,0.01
7759.303721488595,0.43307721388595916,0.01
7761.704681872749,0.4236645353651171,0.01
7764.105642256903,0.43744905006959744,0.01
7766.506602641056,0.4250427415399544,0.01
7768.90756302521,0.4358510197683349,0.01
7771.308523409363,0.4242041405159229,0.01
7773.709483793517,0.4218014116611754,0.01
7776.110444177671,0.4001701634471779,0.01
7778.511404561825,0.4205965064234832,0.01
7780.912364945978,0.4184300076754383,0.01
7783.313325330132,0.41492860222560435,0.01
7785.714285714285,0.4119974775686039,0.01
7788.1152460984395,0.4034708183588603,0.01
7790.516206482593,0.42312862852796285,0.01
7792.917166866747,0.40932889341923084,0.01
7795.3181272509,0.42194646161827415,0.01
7797.719087635054,0.4096649847881916,0.01
7800.120048019207,0.42408073825999115,0.01
7802.521008403361,0.418219025114587,0.01
7804.921968787515,0.3847272013863729,0.01
7807.322929171668,0.41935504604052076,0.01
7809.723889555822,0.4018971122095967,0.01
7812.124849939975,0.40050684340266934,0.01
7814.525810324129,0.41486141306174806,0.01
7816.926770708283,0.3979954712467194,0.01
7819.327731092437,0.4152396508693215,0.01
7821.72869147659,0.39890257076597124,0.01
7824.129651860744,0.4053188558414908,0.01
7826.530612244897,0.39058147905805957,0.01
7828.9315726290515,0.4137704410734243,0.01
7831.332533013205,0.3735856005867257,0.01
7833.733493397359,0.38822039390098695,0.01
7836.134453781512,0.39796899657592805,0.01
7838.535414165666,0.3923413935275942,0.01
7840.936374549819,0.3953090664569687,0.01
7843.337334933974,0.39169355047559423,0.01
7845.738295318127,0.3804649022273704,0.01
7848.139255702281,0.3951738603418314,0.01
7850.540216086434,0.40670821949127844,0.01
7852.941176470588,0.3884980854796815,0.01
7855.3421368547415,0.38953296212800836,0.01
7857.743097238896,0.3873053042941278,0.01
7860.144057623049,0.3896220000744023,0.01
7862.545018007203,0.3848100548004732,0.01
7864.945978391356,0.40025249350682246,0.01
7867.34693877551,0.3902561797405584,0.01
7869.747899159664,0.383185066770409,0.01
7872.148859543817,0.37685811531113145,0.01
7874.549819927971,0.38124049131671583,0.01
7876.950780312124,0.3886841554770442,0.01
7879.351740696278,0.37280666174499616,0.01
7881.7527010804315,0.38149062718882853,0.01
7884.153661464586,0.39158070116109417,0.01
7886.554621848739,0.37255839767848553,0.01
7888.955582232893,0.37195299723781755,0.01
7891.356542617046,0.3714771754974741,0.01
7893.7575030012,0.3805368719610452,0.01
7896.158463385354,0.3649287715567477,0.01
7898.559423769508,0.36827156532394256,0.01
7900.960384153661,0.36560766383399423,0.01
7903.361344537815,0.35307047500161215,0.01
7905.762304921968,0.35567894262289346,0.01
7908.163265306122,0.36474843998575773,0.01
7910.564225690276,0.3632945623712505,0.01
7912.96518607443,0.36823700462012254,0.01
7915.366146458583,0.3665823322628114,0.01
7917.767106842737,0.3585989701912569,0.01
7920.16806722689,0.3677185036571842,0.01
7922.5690276110445,0.36105804255267326,0.01
7924.969987995198,0.33898369622084634,0.01
7927.370948379352,0.36015133386584613,0.01
7929.771908763505,0.35721499697676606,0.01
7932.172869147659,0.34003739922664783,0.01
7934.573829531812,0.3629960727030138,0.01
7936.9747899159665,0.3366304531201686,0.01
7939.37575030012,0.3520704675963152,0.01
7941.776710684273,0.3526884397883951,0.01
7944.177671068427,0.3375038911604018,0.01
7946.57863145258,0.34281334053059953,0.01
7948.9795918367345,0.33657380715912477,0.01
7951.380552220888,0.3495543811343713,0.01
7953.781512605042,0.3259064937115023,0.01
7956.182472989195,0.3451379071593063,0.01
7958.583433373349,0.36379327976896364,0.01
7960.984393757502,0.33196469905851395,0.01
7963.3853541416565,0.3337499077285733,0.01
7965.78631452581,0.328522469738095,0.01
7968.187274909964,0.3336727553054185,0.01
7970.588235294117,0.33605667637738973,0.01
7972.989195678271,0.33197723688265884,0.01
7975.3901560624245,0.3245034149482523,0.01
7977.791116446579,0.3345671708364057,0.01
7980.192076830732,0.336791385957428,0.01
7982.593037214886,0.3359650875471316,0.01
7984.993997599039,0.33703991451670234,0.01
7987.394957983193,0.3175534532369595,0.01
7989.7959183673465,0.35028204569195803,0.01
7992.196878751501,0.35705525881145644,0.01
7994.597839135654,0.332915516338546,0.01
7996.998799519808,0.3392825638620838,0.01
7999.399759903961,0.327399289643154,0.01
8001.800720288115,0.33421667705790814,0.01
8004.201680672269,0.3140498985216417,0.01
8006.602641056423,0.32275617817786667,0.01
8009.003601440576,0.32013312576500474,0.01
8011.404561824729,0.31758269396558597,0.01
8013.805522208883,0.32099433743654016,0.01
8016.2064825930365,0.3117274200599877,0.01
8018.607442977191,0.3288702057265038,0.01
8021.008403361344,0.3143003299282874,0.01
8023.409363745498,0.32357077579839344,0.01
8025.810324129651,0.315302468527609,0.01
8028.211284513805,0.30920872053314885,0.01
8030.612244897959,0.3171129412472874,0.01
8033.013205282113,0.3180966810589713,0.01
8035.414165666266,0.32448718022989353,0.01
8037.81512605042,0.30775440252004954,0.01
8040.216086434573,0.30958133230061813,0.01
8042.617046818727,0.32814587300050424,0.01
8045.018007202881,0.3069868084864601,0.01
8047.418967587035,0.30776737999766746,0.01
8049.819927971188,0.3008628151001506,0.01
8052.220888355342,0.3094023903423247,0.01
8054.621848739495,0.30287933901379543,0.01
8057.0228091236495,0.3007693801786324,0.01
8059.423769507803,0.3058697647228363,0.01
8061.824729891957,0.29430044803086525,0.01
8064.22569027611,0.2873741371580094,0.01
8066.626650660264,0.29267089809562563,0.01
8069.027611044417,0.3073600672594685,0.01
8071.428571428572,0.29229325098477466,0.01
8073.829531812725,0.30998459281826124,0.01
8076.230492196878,0.30027819928383004,0.01
8078.631452581032,0.3028017965529996,0.01
8081.032412965185,0.30325218310704366,0.01
8083.4333733493395,0.2938184275915327,0.01
8085.834333733493,0.28168560409454796,0.01
8088.235294117647,0.2938180896752821,0.01
8090.6362545018,0.28535744049114115,0.01
8093.037214885954,0.2899993704453032,0.01
8095.438175270107,0.2916384351968657,0.01
8097.839135654262,0.28272766847307473,0.01
8100.240096038415,0.27924191259963127,0.01
8102.641056422569,0.29192751997729693,0.01
8105.042016806722,0.2968140762817715,0.01
8107.442977190876,0.2819266009362977,0.01
8109.8439375750295,0.301064511166051,0.01
8112.244897959184,0.2648170748046335,0.01
8114.645858343337,0.27437048784943563,0.01
8117.046818727491,0.27812157080642186,0.01
8119.447779111644,0.2658970276213067,0.01
8121.848739495798,0.26896176700874,0.01
8124.249699879952,0.2666545094960975,0.01
8126.650660264106,0.3012257023688268,0.01
8129.051620648259,0.2676464675847846,0.01
8131.452581032413,0.26858373460368834,0.01
8133.853541416566,0.29455342494258036,0.01
8136.25450180072,0.2750968116546212,0.01
8138.655462184874,0.26558231882307487,0.01
8141.056422569028,0.26743417403058467,0.01
8143.457382953181,0.2586260707682824,0.01
8145.858343337334,0.284900240838601,0.01
8148.259303721488,0.2689447305304864,0.01
8150.6602641056415,0.28104170544257034,0.01
8153.061224489796,0.2571838666604727,0.01
8155.462184873949,0.2643231106974587,0.01
8157.863145258103,0.27208766907336746,0.01
8160.264105642256,0.2564841005767509,0.01
8162.66506602641,0.2596051644748297,0.01
8165.066026410564,0.25399378102216863,0.01
8167.466986794718,0.2655649084916171,0.01
8169.867947178871,0.2620612125061339,0.01
8172.268907563025,0.265601968532303,0.01
8174.669867947178,0.2592671664746258,0.01
8177.070828331332,0.24849687043341254,0.01
8179.471788715486,0.24512327041372886,0.01
8181.87274909964,0.25801335660514463,0.01
8184.273709483793,0.24140660428347044,0.01
8186.674669867947,0.2560190912123089,0.01
8189.0756302521,0.2518078708703573,0.01
8191.4765906362545,0.25893347380070736,0.01
8193.877551020407,0.27214169966816903,0.01
8196.278511404562,0.24211522682874567,0.01
8198.679471788715,0.26225781747984783,0.01
8201.080432172868,0.2527816617341624,0.01
8203.481392557023,0.22769141872189053,0.01
8205.882352941177,0.23860844003681408,0.01
8208.28331332533,0.23943783131635535,0.01
8210.684273709485,0.2603831578414841,0.01
8213.085234093636,0.23625851937107534,0.01
8215.486194477791,0.24691911021618504,0.01
8217.887154861945,0.24741730636831047,0.01
8220.288115246098,0.23980444601158118,0.01
8222.689075630253,0.24080791275188262,0.01
8225.090036014404,0.24274689417913414,0.01
8227.49099639856,0.2286515623913942,0.01
8229.891956782712,0.24340032502388032,0.01
8232.292917166866,0.23511646142434145,0.01
8234.69387755102,0.23272057531225088,0.01
8237.094837935174,0.24169219724518065,0.01
8239.495798319327,0.22297327308213982,0.01
8241.896758703482,0.2302264691584503,0.01
8244.297719087634,0.2631505387742564,0.01
8246.698679471789,0.24318519225682395,0.01
8249.099639855942,0.21760085246913774,0.01
8251.500600240095,0.23645641175861212,0.01
8253.90156062425,0.23934263647402923,0.01
8256.302521008403,0.23711321934175872,0.01
8258.703481392557,0.23569217454486274,0.01
8261.104441776712,0.2171452618708325,0.01
8263.505402160863,0.2373491098188046,0.01
8265.906362545018,0.23553159441507687,0.01
8268.307322929171,0.22306340936945068,0.01
8270.708283313325,0.2164102357398209,0.01
8273.10924369748,0.2336203130788607,0.01
8275.510204081633,0.2122880203327801,0.01
8277.911164465786,0.2128223478821032,0.01
8280.312124849941,0.23239687163851902,0.01
8282.713085234092,0.22527637237438017,0.01
8285.114045618247,0.23184854941128194,0.01
8287.5150060024,0.21965609082303847,0.01
8289.915966386554,0.20818538420148427,0.01
8292.316926770709,0.2107945361405196,0.01
8294.71788715486,0.21690206760736042,0.01
8297.118847539015,0.22206770863174982,0.01
8299.519807923169,0.22481679205402832,0.01
8301.920768307322,0.2259553463563074,0.01
8304.321728691477,0.22394566770343186,0.01
8306.72268907563,0.21211967551528244,0.01
8309.123649459783,0.2275683469189923,0.01
8311.524609843938,0.234357987953554,0.01
8313.92557022809,0.22743557100203807,0.01
8316.326530612245,0.22267658731260961,0.01
8318.727490996398,0.22212718128988007,0.01
8321.128451380551,0.2059196226090952,0.01
8323.529411764706,0.2196589472257334,0.01
8325.93037214886,0.20823483456527075,0.01
8328.331332533013,0.20463870623840846,0.01
8330.732292917168,0.209291433870482,0.01
8333.13325330132,0.20700500703907063,0.01
8335.534213685474,0.20082129713576838,0.01
8337.935174069627,0.21765976983117183,0.01
8340.33613445378,0.21094809040161336,0.01
8342.737094837936,0.19565486916492503,0.01
8345.138055222089,0.195798498696715,0.01
8347.539015606242,0.20906126386521784,0.01
8349.939975990395,0.21691533394100962,0.01
8352.340936374549,0.20073595129787608,0.01
8354.741896758704,0.20086223981403842,0.01
8357.142857142857,0.18690776031463036,0.01
8359.54381752701,0.2029348775982514,0.01
8361.944777911165,0.19566552677607263,0.01
8364.345738295317,0.1987520891145344,0.01
8366.746698679472,0.2068299791579742,0.01
8369.147659063625,0.18730894561893235,0.01
8371.548619447778,0.18915129761770813,0.01
8373.949579831933,0.20560595546822302,0.01
8376.350540216086,0.19086917101897558,0.01
8378.75150060024,0.20360353185226274,0.01
8381.152460984395,0.19170011389669475,0.01
8383.553421368546,0.19622068774951448,0.01
8385.954381752701,0.20616021550215977,0.01
8388.355342136854,0.18944533325964458,0.01
8390.756302521007,0.20215142674989875,0.01
8393.157262905162,0.18458661943833837,0.01
8395.558223289316,0.1878111750292729,0.01
8397.959183673469,0.18965958958458734,0.01
8400.360144057624,0.17533160745318307,0.01
8402.761104441775,0.1876333051387667,0.01
8405.16206482593,0.18400218981919625,0.01
8407.563025210084,0.1661922588491915,0.01
8409.963985594237,0.17180986806558687,0.01
8412.364945978392,0.18155170271120488,0.01
8414.765906362545,0.1648606969360492,0.01
8417.166866746698,0.17116457963982115,0.01
8419.567827130852,0.19516288617032812,0.01
8421.968787515005,0.16103547019858766,0.01
8424.36974789916,0.16350856513392265,0.01
8426.770708283313,0.17222125435152605,0.01
8429.171668667466,0.18538440973631412,0.01
8431.572629051621,0.18287511497076073,0.01
8433.973589435773,0.18290320892233902,0.01
8436.374549819928,0.17967159037892694,0.01
8438.775510204081,0.16861516204036356,0.01
8441.176470588234,0.17678298899601053,0.01
8443.57743097239,0.1728263053035673,0.01
8445.978391356542,0.1872642554865768,0.01
8448.379351740696,0.1745362545601836,0.01
8450.78031212485,0.16829022007073385,0.01
8453.181272509002,0.17317860806072463,0.01
8455.582232893157,0.1756906648690717,0.01
8457.98319327731,0.1751851600678484,0.01
8460.384153661464,0.17166316092354902,0.01
8462.785114045619,0.177190845917178,0.01
8465.186074429772,0.17252944914540094,0.01
8467.587034813925,0.16974709241823224,0.01
8469.98799519808,0.16558731383888528,0.01
8472.388955582232,0.15816383459168346,0.01
8474.789915966387,0.14965096258361643,0.01
8477.19087635054,0.1839148591971652,0.01
8479.591836734693,0.162926329394169,0.01
8481.992797118848,0.15807266074655282,0.01
8484.393757503001,0.1564347934139737,0.01
8486.794717887155,0.16081014439202382,0.01
8489.195678271308,0.1724949746215249,0.01
8491.596638655461,0.15101877137021422,0.01
8493.997599039616,0.1612773449386571,0.01
8496.39855942377,0.15789445059162474,0.01
8498.799519807922,0.1634409749043369,0.01
8501.200480192078,0.14918567235655386,0.01
8503.601440576229,0.151988482044183,0.01
8506.002400960384,0.15647547161461772,0.01
8508.403361344537,0.1656532899145448,0.01
8510.80432172869,0.135915286476685,0.01
8513.205282112845,0.15053212933628876,0.01
8515.606242496999,0.16917103565423114,0.01
8518.007202881152,0.15396653558407164,0.01
8520.408163265307,0.14483349014607638,0.01
8522.809123649458,0.1552693403651514,0.01
8525.210084033613,0.14677591820057914,0.01
8527.611044417767,0.13522184875405854,0.01
8530.01200480192,0.14524994509245698,0.01
8532.412965186075,0.15858312515945683,0.01
8534.813925570228,0.14281204611591064,0.01
8537.214885954381,0.12712579444634625,0.01
8539.615846338536,0.13201141140090125,0.01
8542.016806722688,0.15740453072224136,0.01
8544.417767106843,0.1465503991768924,0.01
8546.818727490996,0.1457136382593286,0.01
8549.21968787515,0.14229829620778464,0.01
8551.620648259304,0.12594779252395705,0.01
8554.021608643456,0.16710456930199036,0.01
8556.42256902761,0.15011809498658987,0.01
8558.823529411764,0.14550898536163745,0.01
8561.224489795917,0.16130530924852754,0.01
8563.625450180072,0.14509982573933045,0.01
8566.026410564225,0.12592901924485134,0.01
8568.427370948379,0.15861990775267948,0.01
8570.828331332534,0.1614958075253484,0.01
8573.229291716685,0.12587090347138863,0.01
8575.63025210084,0.15663427541578254,0.01
8578.031212484993,0.14040486665780888,0.01
8580.432172869147,0.1320546516747163,0.01
8582.833133253302,0.13418042390851026,0.01
8585.234093637455,0.1459054650145929,0.01
8587.635054021608,0.1374200682492386,0.01
8590.036014405763,0.14565327860909008,0.01
8592.436974789915,0.14155948585373684,0.01
8594.83793517407,0.1422029581832564,0.01
8597.238895558223,0.12306352919256769,0.01
8599.639855942376,0.12485993335039482,0.01
8602.040816326531,0.1417532806707099,0.01
8604.441776710684,0.13589029734315095,0.01
8606.842737094838,0.12148163372055035,0.01
8609.243697478993,0.12609105725102188,0.01
8611.644657863144,0.11831768720428715,0.01
8614.045618247299,0.12472695723491081,0.01
8616.446578631452,0.13840508902785545,0.01
8618.847539015605,0.13319171822061307,0.01
8621.24849939976,0.1433534190876425,0.01
8623.649459783912,0.1187065365265112,0.01
8626.050420168067,0.1272703890437664,0.01
8628.45138055222,0.11009958509310559,0.01
8630.852340936373,0.11124372717493705,0.01
8633.253301320528,0.11893968855218519,0.01
8635.654261704682,0.12746989176670961,0.01
8638.055222088835,0.12963408680383998,0.01
8640.45618247299,0.12650444350561146,0.01
8642.857142857141,0.12419359119418599,0.01
8645.258103241296,0.11150079664325047,0.01
8647.65906362545,0.12060043882063355,0.01
8650.060024009603,0.11594725298913737,0.01
8652.460984393758,0.11771748654840088,0.01
8654.861944777911,0.10347958946407627,0.01
8657.262905162064,0.12398901371452209,0.01
8659.66386554622,0.1456771441863326,0.01
8662.06482593037,0.11519720925274964,0.01
8664.465786314526,0.11495624004171931,0.01
8666.866746698679,0.11601013514342232,0.01
8669.267707082832,0.1206572877044203,0.01
8671.668667466987,0.09991015898442246,0.01
8674.06962785114,0.10905973376657072,0.01
8676.470588235294,0.12524039719545216,0.01
8678.871548619449,0.12774925524797553,0.01
8681.2725090036,0.12822497859050191,0.01
8683.673469387755,0.11282183116880569,0.01
8686.074429771908,0.12333795376935323,0.01
8688.475390156062,0.10071976229544538,0.01
8690.876350540217,0.10887770319319309,0.01
8693.277310924368,0.12107772674982255,0.01
8695.678271308523,0.11796480956346564,0.01
8698.079231692676,0.1143489222375231,0.01
8700.48019207683,0.11586440442564121,0.01
8702.881152460985,0.09944213197189121,0.01
8705.282112845138,0.12008665146699016,0.01
8707.683073229291,0.11552087912223194,0.01
8710.084033613446,0.11545551830949591,0.01
8712.484993997597,0.12154693736991726,0.01
8714.885954381753,0.11830760616061269,0.01
8717.286914765906,0.13157508318991815,0.01
8719.687875150059,0.10997588446886705,0.01
8722.088835534214,0.10647253497503827,0.01
8724.489795918367,0.1176770399606884,0.01
8726.89075630252,0.09820900676620109,0.01
8729.291716686675,0.1267487923213465,0.01
8731.692677070827,0.108797615511997,0.01
8734.093637454982,0.08503961182080008,0.01
8736.494597839135,0.09362503708968996,0.01
8738.895558223288,0.12371069335085622,0.01
8741.296518607443,0.11377227663012159,0.01
8743.697478991597,0.11768820152549948,0.01
8746.09843937575,0.08735603352574789,0.01
8748.499399759905,0.10106826329493013,0.01
8750.900360144056,0.10525697216289952,0.01
8753.301320528211,0.10891055776494496,0.01
8755.702280912365,0.10720757959370215,0.01
8758.103241296518,0.11135036909093309,0.01
8760.504201680673,0.08580023039722505,0.01
8762.905162064824,0.10919001977120271,0.01
8765.30612244898,0.09200512956250562,0.01
8767.707082833133,0.08979589129880991,0.01
8770.108043217286,0.10507606411033722,0.01
8772.50900360144,0.10939416467862946,0.01
8774.909963985594,0.09552686406884547,0.01
8777.310924369747,0.10144025659775839,0.01
8779.711884753902,0.11300645486790607,0.01
8782.112845138054,0.10977659517361758,0.01
8784.513805522209,0.09748902905340971,0.01
8786.914765906362,0.09088048783738259,0.01
8789.315726290515,0.08429399000787736,0.01
8791.71668667467,0.08175247891965089,0.01
8794.117647058823,0.1182889289428708,0.01
8796.518607442977,0.08421871447840183,0.01
8798.919567827132,0.1082429194884317,0.01
8801.320528211283,0.09472417640635004,0.01
8803.721488595438,0.09058920971529053,0.01
8806.122448979591,0.11062000601374511,0.01
8808.523409363745,0.09531364664487764,0.01
8810.9243697479,0.10587241081855873,0.01
8813.325330132053,0.09387727990387403,0.01
8815.726290516206,0.09693224354105415,0.01
8818.127250900361,0.09104311471592655,0.01
8820.528211284513,0.08804989063798661,0.01
8822.929171668668,0.10524653343801132,0.01
8825.33013205282,0.08209512420407436,0.01
8827.731092436974,0.08671232370329901,0.01
8830.132052821129,0.09785376239086885,0.01
8832.53301320528,0.10210844382562034,0.01
8834.933973589435,0.09054687974711557,0.01
8837.334933973589,0.08919066392693199,0.01
8839.735894357742,0.08817362922167714,0.01
8842.136854741897,0.08823950044273006,0.01
8844.53781512605,0.09069729582447023,0.01
8846.938775510203,0.09349453641565195,0.01
8849.339735894358,0.09154959184508751,0.01
8851.74069627851,0.08907271245036907,0.01
8854.141656662665,0.09049863279717407,0.01
8856.542617046818,0.08803488157523777,0.01
8858.943577430971,0.07109912315495097,0.01
8861.344537815126,0.07973927237470248,0.01
8863.74549819928,0.06722702045000999,0.01
8866.146458583433,0.09303169278790802,0.01
8868.547418967588,0.08293631923606663,0.01
8870.94837935174,0.0842489362811379,0.01
8873.349339735894,0.09805238444117576,0.01
8875.750300120048,0.08939918305725149,0.01
8878.1512605042,0.07867722040881542,0.01
8880.552220888356,0.07295877038314134,0.01
8882.953181272509,0.08233608412739842,0.01
8885.354141656662,0.09353295955473359,0.01
8887.755102040817,0.08969692480192101,0.01
8890.156062424969,0.0855876681478324,0.01
8892.557022809124,0.09374546339715795,0.01
8894.957983193277,0.0806632551509661,0.01
8897.35894357743,0.06331154438941494,0.01
8899.759903961585,0.08401429018714383,0.01
8902.160864345737,0.09786893726857057,0.01
8904.561824729892,0.09275271986781113,0.01
8906.962785114045,0.08117557203202447,0.01
8909.363745498198,0.07110405840209982,0.01
8911.764705882353,0.08943685352489444,0.01
8914.165666266506,0.06426530722563345,0.01
8916.56662665066,0.08767730582752209,0.01
8918.967587034815,0.06864224765123736,0.01
8921.368547418966,0.08443780848625668,0.01
8923.769507803121,0.08040322287698468,0.01
8926.170468187274,0.04535948929060524,0.01
8928.571428571428,0.07461012646862078,0.01
8930.972388955583,0.08199449898848413,0.01
8933.373349339736,0.07227725875909069,0.01
8935.774309723889,0.0560109750317173,0.01
8938.175270108044,0.07830078967427487,0.01
8940.576230492195,0.08392760816247835,0.01
8942.97719087635,0.08598103908679416,0.01
8945.378151260504,0.0767686557357789,0.01
8947.779111644657,0.08026648654047498,0.01
8950.180072028812,0.07421423642005258,0.01
8952.581032412965,0.07099886292347976,0.01
8954.981992797118,0.08545297787892422,0.01
8957.382953181273,0.07856245511401708,0.01
8959.783913565425,0.07288954962097792,0.01
8962.18487394958,0.07479482636567188,0.01
8964.585834333733,0.08037733218742692,0.01
8966.986794717886,0.046164053240005914,0.01
8969.387755102041,0.06771056572656818,0.01
8971.788715486193,0.06333442756229446,0.01
8974.189675870348,0.05803517672161737,0.01
8976.590636254501,0.07466136860608365,0.01
8978.991596638654,0.0869437509127732,0.01
8981.39255702281,0.06372896500998762,0.01
8983.793517406963,0.04134714113007265,0.01
8986.194477791116,0.076051820464558,0.01
8988.59543817527,0.05072033135562332,0.01
8990.996398559422,0.06427357119949072,0.01
8993.397358943577,0.08086794507974478,0.01
8995.79831932773,0.057717097479201916,0.01
8998.199279711884,0.06800176863447967,0.01
9000.600240096039,0.0762454381410137,0.01
9003.001200480192,0.06951730700641534,0.01
9005.402160864345,0.06696717821012231,0.01
9007.8031212485,0.06807027025633801,0.01
9010.204081632652,0.06302891040264283,0.01
9012.605042016807,0.06627058619089721,0.01
9015.00600240096,0.05984261819569782,0.01
9017.406962785113,0.07042617653002836,0.01
9019.807923169268,0.059531846171295685,0.01
9022.208883553421,0.0750156793424233,0.01
9024.609843937575,0.04753383838388216,0.01
9027.01080432173,0.05995623169236251,0.01
9029.411764705881,0.060608163460564295,0.01
9031.812725090036,0.05675602237872482,0.01
9034.21368547419,0.06380176477711082,0.01
9036.614645858343,0.0630126199889992,0.01
9039.015606242498,0.05917949775225437,0.01
9041.416566626649,0.06301410354168357,0.01
9043.817527010804,0.046937475712615945,0.01
9046.218487394957,0.06252035203802085,0.01
9048.61944777911,0.07225439385576322,0.01
9051.020408163266,0.044669087014724544,0.01
9053.421368547419,0.057689456642315874,0.01
9055.822328931572,0.04394801415944691,0.01
9058.223289315727,0.06934127859695487,0.01
9060.624249699878,0.06279619018176479,0.01
9063.025210084033,0.07331466633752358,0.01
9065.426170468187,0.07577631743075618,0.01
9067.82713085234,0.06594881784191774,0.01
9070.228091236495,0.06214332620067773,0.01
9072.629051620648,0.08141972369491766,0.01
9075.030012004801,0.06446658878989592,0.01
9077.430972388956,0.05241889448802233,0.01
9079.831932773108,0.05083552801765819,0.01
9082.232893157263,0.07108215802072018,0.01
9084.633853541416,0.05335239271209405,0.01
9087.03481392557,0.046302167754014016,0.01
9089.435774309724,0.05626617039964855,0.01
9091.836734693878,0.04214801907508056,0.01
9094.23769507803,0.04227169327472871,0.01
9096.638655462186,0.040283255275582214,0.01
9099.039615846337,0.053880847385965054,0.01
9101.440576230492,0.06692963517039224,0.01
9103.841536614646,0.06740933041583269,0.01
9106.242496998799,0.05005363334853836,0.01
9108.643457382954,0.0569017686625405,0.01
9111.044417767105,0.03580028697467906,0.01
9113.44537815126,0.03586845019435386,0.01
9115.846338535413,0.06163603887008434,0.01
9118.247298919567,0.05478961755152298,0.01
9120.648259303722,0.044869113815264504,0.01
9123.049219687875,0.05311289230624943,0.01
9125.450180072028,0.06255180956997727,0.01
9127.851140456183,0.055702005916058374,0.01
9130.252100840335,0.056540252397032045,0.01
9132.65306122449,0.04002738375955953,0.01
9135.054021608643,0.043357070157315165,0.01
9137.454981992796,0.03880133901214138,0.01
9139.855942376951,0.05110098366473448,0.01
9142.256902761104,0.04620332184452475,0.01
9144.657863145258,0.05384623016897291,0.01
9147.058823529413,0.05027375332048487,0.01
9149.459783913564,0.051826069793721875,0.01
9151.860744297719,0.03711636428509994,0.01
9154.261704681872,0.047608110181544545,0.01
9156.662665066026,0.04409326625999989,0.01
9159.06362545018,0.05018068131922824,0.01
9161.464585834334,0.046437339661255024,0.01
9163.865546218487,0.03395598701701189,0.01
9166.266506602642,0.06086069902547069,0.01
9168.667466986793,0.03701754171723856,0.01
9171.068427370948,0.04105187408493038,0.01
9173.469387755102,0.060317052520261163,0.01
9175.870348139255,0.0391902431496887,0.01
9178.27130852341,0.04501699303971811,0.01
9180.672268907561,0.039192882379581864,0.01
9183.073229291716,0.04223427233032701,0.01
9185.47418967587,0.0178275815346385,0.01
9187.875150060023,0.05017077910751845,0.01
9190.276110444178,0.04734897051717209,0.01
9192.677070828331,0.038766006977248316,0.01
9195.078031212484,0.02900527128472668,0.01
9197.47899159664,0.035172289372287426,0.01
9199.87995198079,0.044075441565534806,0.01
9202.280912364946,0.04381526347745435,0.01
9204.681872749099,0.048080524770561156,0.01
9207.082833133252,0.03939102614173712,0.01
9209.483793517407,0.0428628282022727,0.01
9211.88475390156,0.06286037908521726,0.01
9214.285714285714,0.03340292743320003,0.01
9216.686674669869,0.053179730152751986,0.01
9219.08763505402,0.05094807008239367,0.01
9221.488595438175,0.04588711497366348,0.01
9223.889555822328,0.054610998521435763,0.01
9226.290516206482,0.05989486374289814,0.01
9228.691476590637,0.041227042427016906,0.01
9231.09243697479,0.042463622543902485,0.01
9233.493397358943,0.04204761251367729,0.01
9235.894357743098,0.03253505655945828,0.01
9238.29531812725,0.04046294310257746,0.01
9240.696278511405,0.035293381592367945,0.01
9243.097238895558,0.025443326128975367,0.01
9245.498199279711,0.05393058242733339,0.01
9247.899159663866,0.03552288609276872,0.01
9250.300120048018,0.049422530518325763,0.01
9252.701080432173,0.04524143999554215,0.01
9255.102040816326,0.02226457975986714,0.01
9257.503001200479,0.045955499105691966,0.01
9259.903961584634,0.031186617864630617,0.01
9262.304921968787,0.022791082715683728,0.01
9264.70588235294,0.021446488762149985,0.01
9267.106842737096,0.03316660581850247,0.01
9269.507803121247,0.03202272061633987,0.01
9271.908763505402,0.03343427148036205,0.01
9274.309723889555,0.03122524192521435,0.01
9276.710684273708,0.02670799358735881,0.01
9279.111644657864,0.038870249877900685,0.01
9281.512605042017,0.04005407873324919,0.01
9283.91356542617,0.02709077038450674,0.01
9286.314525810325,0.04567398880202944,0.01
9288.715486194476,0.045382824100197276,0.01
9291.116446578631,0.03521540768652893,0.01
9293.517406962785,0.03720303214531482,0.01
9295.918367346938,0.027702905177003495,0.01
9298.319327731093,0.04822712400096264,0.01
9300.720288115246,0.026719571536850638,0.01
9303.1212484994,0.03064765732906933,0.01
9305.522208883553,0.03461249213110747,0.01
9307.923169267706,0.044281179273545725,0.01
9310.32412965186,0.030497888196842494,0.01
9312.725090036014,0.013423372353831665,0.01
9315.126050420167,0.036141774701148,0.01
9317.527010804322,0.044340852043313464,0.01
9319.927971188474,0.021435822676096495,0.01
9322.328931572629,0.030187955274368218,0.01
9324.729891956782,0.02529971321027922,0.01
9327.130852340935,0.052456765309944905,0.01
9329.53181272509,0.046188296951683715,0.01
9331.932773109243,0.03982574530602342,0.01
9334.333733493397,0.031296624331281525,0.01
9336.734693877552,0.027242324744667014,0.01
9339.135654261703,0.039477075737712454,0.01
9341.536614645858,0.052704826994734055,0.01
9343.937575030011,0.039771218144182975,0.01
9346.338535414165,0.030479332736665494,0.01
9348.73949579832,0.02968893494988626,0.01
9351.140456182473,0.020340428993434,0.01
9353.541416566626,0.012897612717125036,0.01
9355.942376950781,0.036318414312448415,0.01
9358.343337334933,0.03519180694781906,0.01
9360.744297719088,0.024369930126476515,0.01
9363.14525810324,0.035776692733410984,0.01
9365.546218487394,0.03255796117717782,0.01
9367.94717887155,0.02675241896254396,0.01
9370.348139255702,0.023451602898064954,0.01
9372.749099639856,0.029467713113951067,0.01
9375.150060024009,0.02396155072716988,0.01
9377.551020408162,0.03415993564313251,0.01
9379.951980792317,0.04410445144221836,0.01
9382.35294117647,0.008253322967949488,0.01
9384.753901560623,0.046939149458434554,0.01
9387.154861944779,0.022838004915799733,0.01
9389.55582232893,0.028538250279898376,0.01
9391.956782713085,0.02925750411411061,0.01
9394.357743097238,0.030844251457819324,0.01
9396.758703481391,0.04231573227178573,0.01
9399.159663865546,0.020828110225259832,0.01
9401.5606242497,0.024054117666173182,0.01
9403.961584633853,0.025934535337245875,0.01
9406.362545018008,0.030992587272184055,0.01
9408.76350540216,0.023233392545024302,0.01
9411.164465786314,0.03758588733034891,0.01
9413.565426170468,0.028803670729301296,0.01
9415.96638655462,0.01433698822338616,0.01
9418.367346938776,0.02182066539371094,0.01
9420.76830732293,0.01391506136339275,0.01
9423.169267707082,0.02658425150947663,0.01
9425.570228091237,0.03785119776898859,0.01
9427.971188475389,0.031476288799395034,0.01
9430.372148859544,0.033272269944003,0.01
9432.773109243697,0.02608467842355918,0.01
9435.17406962785,0.023779857068648918,0.01
9437.575030012005,0.03419705196196393,0.01
9439.975990396159,0.004851671139045732,0.01
9442.376950780312,0.023862273396975855,0.01
9444.777911164465,0.015968880658116837,0.01
9447.178871548618,0.020436114752174304,0.01
9449.579831932773,0.014381515159572875,0.01
9451.980792316926,0.021953459471563314,0.01
9454.38175270108,0.04849928513214052,0.01
9456.782713085235,0.00933961789410023,0.01
9459.183673469386,0.01589491202354106,0.01
9461.584633853541,0.03059219095677175,0.01
9463.985594237694,0.03322855888623259,0.01
9466.386554621848,0.02924559143798427,0.01
9468.787515006003,0.04236603381950787,0.01
9471.188475390156,0.016448212231693488,0.01
9473.58943577431,0.030513631272403818,0.01
9475.990396158464,0.03907118152316199,0.01
9478.391356542616,0.030512610740626202,0.01
9480.79231692677,0.024431028983229224,0.01
9483.193277310924,0.010896649731116427,0.01
9485.594237695077,0.042286068806144925,0.01
9487.995198079232,0.03442879513684642,0.01
9490.396158463385,0.031458379786565835,0.01
9492.797118847539,0.036977341819155796,0.01
9495.198079231694,0.012767825003575662,0.01
9497.599039615845,0.005170736600424188,0.01
9500.0,0.03173086491325473,0.01
