wavelength,intensity,uncertainty
3500.0,0.0552847956160471,0.01
3502.4009603841537,0.092141889382171,0.01
3504.8019207683074,0.08371929935437879,0.01
3507.202881152461,0.0848225485532279,0.01
3509.6038415366147,0.0867850766672514,0.01
3512.0048019207684,0.08796249739643537,0.01
3514.405762304922,0.0857333825755614,0.01
3516.8067226890757,0.09143118484799165,0.01
3519.2076830732294,0.09132348808580898,0.01
3521.608643457383,0.07327827836548473,0.01
3524.009603841537,0.07360849602683503,0.01
3526.4105642256905,0.08537040308023001,0.01
3528.811524609844,0.08386146329694615,0.01
3531.212484993998,0.09751098147325252,0.01
3533.6134453781515,0.08146146498194212,0.01
3536.0144057623047,0.07786282190378531,0.01
3538.4153661464584,0.0872344164393223,0.01
3540.816326530612,0.08960689611364632,0.01
3543.2172869147657,0.07233008701088502,0.01
3545.6182472989194,0.07677979027402798,0.01
3548.019207683073,0.07432221403834259,0.01
3550.4201680672268,0.06400610479844847,0.01
3552.8211284513804,0.09588158394862967,0.01
3555.222088835534,0.07884972187708425,0.01
3557.623049219688,0.09262641627317306,0.01
3560.0240096038415,0.08174140928808396,0.01
3562.424969987995,0.08399858333247166,0.01
3564.825930372149,0.07904571411647641,0.01
3567.2268907563025,0.09614501007088265,0.01
3569.627851140456,0.0752133444292499,0.01
3572.02881152461,0.08567639827106564,0.01
3574.4297719087635,0.09293055470771502,0.01
3576.830732292917,0.09376324667489065,0.01
3579.231692677071,0.0978397348937436,0.01
3581.6326530612246,0.108131404262613,0.01
3584.0336134453783,0.10539726637600887,0.01
3586.434573829532,0.09403253932225059,0.01
3588.8355342136856,0.08176855963273183,0.01
3591.2364945978393,0.09609099943160704,0.01
3593.637454981993,0.09351353414803074,0.01
3596.0384153661466,0.09814043334727893,0.01
3598.4393757503003,0.09251732400278996,0.01
3600.840336134454,0.07794281975042669,0.01
3603.2412965186077,0.10119016198939688,0.01
3605.642256902761,0.0878590187044407,0.01
3608.0432172869146,0.11353000203643152,0.01
3610.4441776710682,0.09106913848838948,0.01
3612.845138055222,0.10652001252814779,0.01
3615.2460984393756,0.09685611634431668,0.01
3617.6470588235293,0.10015255201286408,0.01
3620.048019207683,0.11172374875043568,0.01
3622.4489795918366,0.10388971190388219,0.01
3624.8499399759903,0.09422093095988161,0.01
3627.250900360144,0.10101333355443552,0.01
3629.6518607442977,0.09818785681225621,0.01
3632.0528211284513,0.09631893412869239,0.01
3634.453781512605,0.1280716461228341,0.01
3636.8547418967587,0.10695965701530731,0.01
3639.2557022809124,0.12148454663084496,0.01
3641.656662665066,0.09994355487319917,0.01
3644.0576230492197,0.10519133659540003,0.01
3646.4585834333734,0.09088918053962368,0.01
3648.859543817527,0.0856402804062523,0.01
3651.2605042016808,0.0944982833810081,0.01
3653.6614645858344,0.10748109302910541,0.01
3656.062424969988,0.10460254570944463,0.01
3658.463385354142,0.11533122819341045,0.01
3660.8643457382955,0.09705193503231674,0.01
3663.265306122449,0.09036339998202929,0.01
3665.666266506603,0.11232282273234177,0.01
3668.0672268907565,0.11096112112233192,0.01
3670.4681872749097,0.1126400473054453,0.01
3672.869147659064,0.10831681543304238,0.01
3675.270108043217,0.12343216917390645,0.01
3677.6710684273708,0.1092130854960942,0.01
3680.0720288115244,0.11838371360155048,0.01
3682.472989195678,0.11046423882829014,0.01
3684.873949579832,0.10051297629629832,0.01
3687.2749099639855,0.0991530054269917,0.01
3689.675870348139,0.11013897478539791,0.01
3692.076830732293,0.11623612649921994,0.01
3694.4777911164465,0.1269220009797013,0.01
3696.8787515006,0.1371749156576574,0.01
3699.279711884754,0.11434321501304576,0.01
3701.6806722689075,0.10516736970598813,0.01
3704.081632653061,0.14410383537423815,0.01
3706.482593037215,0.11486846989723869,0.01
3708.8835534213686,0.11060955878950648,0.01
3711.2845138055222,0.11677289683356931,0.01
3713.685474189676,0.11060297200138866,0.01
3716.0864345738296,0.13251692687259517,0.01
3718.4873949579833,0.10762524762572645,0.01
3720.888355342137,0.12904644299277127,0.01
3723.2893157262906,0.1162941556072254,0.01
3725.6902761104443,0.11760783421913182,0.01
3728.091236494598,0.10611246958860616,0.01
3730.4921968787517,0.11762321132761958,0.01
3732.8931572629053,0.1081828586880755,0.01
3735.294117647059,0.12328263784219705,0.01
3737.6950780312127,0.1150078867051034,0.01
3740.096038415366,0.11899363154206928,0.01
3742.4969987995196,0.10310001465117423,0.01
3744.8979591836733,0.11309781270990366,0.01
3747.298919567827,0.1191808688423785,0.01
3749.6998799519806,0.12368883501528749,0.01
3752.1008403361343,0.12045754711190586,0.01
3754.501800720288,0.11956089173079118,0.01
3756.9027611044417,0.11999343219827908,0.01
3759.3037214885953,0.12540326500958401,0.01
3761.704681872749,0.11705378862948779,0.01
3764.1056422569027,0.11653501933872691,0.01
3766.5066026410564,0.12649924988075653,0.01
3768.90756302521,0.13767128067479087,0.01
3771.3085234093637,0.1328733256758936,0.01
3773.7094837935174,0.14499219175380068,0.01
3776.110444177671,0.13047463016357608,0.01
3778.5114045618247,0.1257192669399351,0.01
3780.9123649459784,0.14176499493190722,0.01
3783.313325330132,0.13873956157256542,0.01
3785.714285714286,0.13384882294147074,0.01
3788.1152460984395,0.12560455111984567,0.01
3790.516206482593,0.13776407112438627,0.01
3792.917166866747,0.13571457977243603,0.01
3795.3181272509005,0.13813522844764045,0.01
3797.719087635054,0.1364987569005948,0.01
3800.120048019208,0.12250800962834871,0.01
3802.5210084033615,0.13162046093571841,0.01
3804.9219687875147,0.13272553489468789,0.01
3807.322929171669,0.14226355930356885,0.01
3809.723889555822,0.13211890181706265,0.01
3812.124849939976,0.14575763384638982,0.01
3814.5258103241295,0.14693590482920726,0.01
3816.926770708283,0.1335043112769206,0.01
3819.327731092437,0.15114063370702846,0.01
3821.7286914765905,0.14495297661455672,0.01
3824.129651860744,0.12720547477962207,0.01
3826.530612244898,0.1510670680945736,0.01
3828.9315726290515,0.1392214099858633,0.01
3831.332533013205,0.14971533984357913,0.01
3833.733493397359,0.14295608707314755,0.01
3836.1344537815125,0.13983480045251692,0.01
3838.535414165666,0.1507168853151828,0.01
3840.93637454982,0.1406276409790272,0.01
3843.3373349339736,0.15842414441244146,0.01
3845.7382953181273,0.14738082193156543,0.01
3848.139255702281,0.14343448777468476,0.01
3850.5402160864346,0.16709275257367456,0.01
3852.9411764705883,0.14196890131682863,0.01
3855.342136854742,0.15462716223920314,0.01
3857.7430972388956,0.1616280672903567,0.01
3860.1440576230493,0.14422462577469036,0.01
3862.545018007203,0.17269030255414589,0.01
3864.9459783913567,0.15817409947688524,0.01
3867.3469387755104,0.15662714376183237,0.01
3869.747899159664,0.1541472255530281,0.01
3872.1488595438177,0.17092195879261568,0.01
3874.549819927971,0.15794337260564262,0.01
3876.950780312125,0.1679532208524069,0.01
3879.3517406962783,0.1461818254825202,0.01
3881.752701080432,0.1632369233931958,0.01
3884.1536614645856,0.16010366045085336,0.01
3886.5546218487393,0.15739656043687336,0.01
3888.955582232893,0.16191678945097954,0.01
3891.3565426170467,0.17676321170550086,0.01
3893.7575030012003,0.16959819004862098,0.01
3896.158463385354,0.14228522433505336,0.01
3898.5594237695077,0.16727694523147416,0.01
3900.9603841536614,0.18258273838715222,0.01
3903.361344537815,0.15563395710051556,0.01
3905.7623049219687,0.15548243335842618,0.01
3908.1632653061224,0.1683865113771302,0.01
3910.564225690276,0.18004833302899756,0.01
3912.9651860744298,0.1464282829308934,0.01
3915.3661464585834,0.15536338268085428,0.01
3917.767106842737,0.17992469479075798,0.01
3920.168067226891,0.1799845172060489,0.01
3922.5690276110445,0.173442197086419,0.01
3924.969987995198,0.17926563741181828,0.01
3927.370948379352,0.152099027699129,0.01
3929.7719087635055,0.16873939343105945,0.01
3932.172869147659,0.1569231373321993,0.01
3934.573829531813,0.1600185183831463,0.01
3936.9747899159665,0.17122435558295318,0.01
3939.37575030012,0.17055161308283348,0.01
3941.776710684274,0.17372850687121555,0.01
3944.177671068427,0.18391774909767586,0.01
3946.5786314525812,0.16431878554624044,0.01
3948.9795918367345,0.17303410027493482,0.01
3951.380552220888,0.1942085654591791,0.01
3953.781512605042,0.18792725262032278,0.01
3956.1824729891955,0.1697662675074776,0.01
3958.583433373349,0.17052897166184322,0.01
3960.984393757503,0.15868573492648355,0.01
3963.3853541416565,0.17919353931540624,0.01
3965.78631452581,0.17587599550833954,0.01
3968.187274909964,0.17044626544694658,0.01
3970.5882352941176,0.19711559531123482,0.01
3972.9891956782712,0.16883766392985816,0.01
3975.390156062425,0.1950632205044478,0.01
3977.7911164465786,0.1866676788375211,0.01
3980.1920768307323,0.1816178253496813,0.01
3982.593037214886,0.1853738250852281,0.01
3984.9939975990396,0.17509249740994157,0.01
3987.3949579831933,0.17948263295288588,0.01
3989.795918367347,0.1851651899256583,0.01
3992.1968787515007,0.1945472565157722,0.01
3994.5978391356543,0.18237411685435007,0.01
3996.998799519808,0.18653019491739392,0.01
3999.3997599039617,0.1624271836509827,0.01
4001.8007202881154,0.2057380154196951,0.01
4004.201680672269,0.1843793283930142,0.01
4006.6026410564227,0.19428824000575712,0.01
4009.003601440576,0.1766911729036313,0.01
4011.40456182473,0.19973103485797955,0.01
4013.8055222088833,0.17561157540161831,0.01
4016.2064825930374,0.18578257266135065,0.01
4018.6074429771907,0.21645278629765716,0.01
4021.0084033613443,0.20379922321248792,0.01
4023.409363745498,0.20532064392543903,0.01
4025.8103241296517,0.20155927013317596,0.01
4028.2112845138054,0.17757297608234934,0.01
4030.612244897959,0.1858086642831696,0.01
4033.0132052821127,0.18959314453703907,0.01
4035.4141656662664,0.19133502051408272,0.01
4037.81512605042,0.18695310818739702,0.01
4040.2160864345738,0.18524742025871935,0.01
4042.6170468187274,0.20310242909487453,0.01
4045.018007202881,0.17411129664855352,0.01
4047.418967587035,0.21155474940892355,0.01
4049.8199279711885,0.1897042324928467,0.01
4052.220888355342,0.2091278952409802,0.01
4054.621848739496,0.1894795409045233,0.01
4057.0228091236495,0.18151741987694484,0.01
4059.423769507803,0.18944706384776866,0.01
4061.824729891957,0.20028112320898814,0.01
4064.2256902761105,0.19657666078794778,0.01
4066.626650660264,0.22515389195945698,0.01
4069.027611044418,0.20948787557759355,0.01
4071.4285714285716,0.20425717424852033,0.01
4073.829531812725,0.2020002367837046,0.01
4076.230492196879,0.20570360781478086,0.01
4078.631452581032,0.21462084584594962,0.01
4081.0324129651863,0.20137820644644977,0.01
4083.4333733493395,0.20938168868945498,0.01
4085.8343337334936,0.22515410447005246,0.01
4088.235294117647,0.22027610796654146,0.01
4090.6362545018005,0.22477360883536066,0.01
4093.037214885954,0.2093453799608384,0.01
4095.438175270108,0.2291514331126765,0.01
4097.839135654262,0.2013577222274965,0.01
4100.240096038416,0.21233611914988984,0.01
4102.641056422569,0.22633372328079565,0.01
4105.042016806723,0.20472356861016414,0.01
4107.442977190876,0.22120708563709351,0.01
4109.8439375750295,0.20963715505232178,0.01
4112.244897959184,0.24015734130181365,0.01
4114.645858343338,0.21086087202812986,0.01
4117.046818727491,0.20994178094445062,0.01
4119.447779111644,0.23302824395880314,0.01
4121.848739495798,0.21175737207389614,0.01
4124.249699879952,0.21869168017771018,0.01
4126.650660264106,0.21235968568106603,0.01
4129.051620648259,0.20642650740015048,0.01
4131.452581032413,0.22481579639445473,0.01
4133.853541416566,0.23528017130324003,0.01
4136.25450180072,0.22012291296839764,0.01
4138.655462184874,0.2327425427527285,0.01
4141.056422569028,0.22656937574122452,0.01
4143.457382953181,0.22911906168243307,0.01
4145.858343337335,0.2215863707243738,0.01
4148.259303721488,0.23160097345074912,0.01
4150.660264105642,0.23139007564858113,0.01
4153.061224489796,0.23240798348969666,0.01
4155.46218487395,0.24259938037245776,0.01
4157.863145258103,0.2511357524337096,0.01
4160.264105642257,0.23971804522222068,0.01
4162.66506602641,0.24077008056793509,0.01
4165.0660264105645,0.2214811954379754,0.01
4167.466986794718,0.24435489326790222,0.01
4169.867947178872,0.237022265529768,0.01
4172.268907563025,0.23332328689558124,0.01
4174.669867947179,0.24623852622343823,0.01
4177.070828331332,0.22020129681088454,0.01
4179.471788715486,0.2564721861606152,0.01
4181.87274909964,0.23998211099197622,0.01
4184.273709483794,0.23751888323104703,0.01
4186.674669867947,0.23774931740643074,0.01
4189.0756302521,0.24215495216877742,0.01
4191.4765906362545,0.22621728059879637,0.01
4193.877551020408,0.2608034884975136,0.01
4196.278511404562,0.24086225550552948,0.01
4198.679471788715,0.249959089390692,0.01
4201.080432172869,0.2456964941133775,0.01
4203.481392557022,0.2651270586572968,0.01
4205.882352941177,0.2534591419285661,0.01
4208.28331332533,0.26044002483210305,0.01
4210.684273709484,0.2502265930203098,0.01
4213.085234093637,0.25214843692292993,0.01
4215.486194477791,0.24506954585356405,0.01
4217.8871548619445,0.24156081374049337,0.01
4220.288115246099,0.2652920064124437,0.01
4222.689075630252,0.2640705959657651,0.01
4225.090036014406,0.2408860763897825,0.01
4227.490996398559,0.2543838055617063,0.01
4229.891956782713,0.2661418566432278,0.01
4232.292917166867,0.2677841302945434,0.01
4234.693877551021,0.261138631331756,0.01
4237.094837935174,0.26583961032008735,0.01
4239.495798319328,0.27391412154737627,0.01
4241.896758703481,0.27400420489662625,0.01
4244.297719087635,0.262767987016317,0.01
4246.698679471789,0.26840988698773915,0.01
4249.099639855942,0.25792745031593817,0.01
4251.500600240096,0.25872201349742047,0.01
4253.90156062425,0.2694038060524974,0.01
4256.302521008403,0.27187095052395377,0.01
4258.703481392557,0.2682510323687377,0.01
4261.104441776711,0.2842139630696172,0.01
4263.505402160864,0.2580936533459611,0.01
4265.906362545018,0.2643070274352442,0.01
4268.307322929171,0.265792109133199,0.01
4270.708283313325,0.2592975375855696,0.01
4273.109243697479,0.2525886390634977,0.01
4275.510204081633,0.2597572777167963,0.01
4277.911164465786,0.26449313801820484,0.01
4280.31212484994,0.2720724804429037,0.01
4282.713085234093,0.28088093269762654,0.01
4285.1140456182475,0.26852343784284616,0.01
4287.515006002401,0.24517422989362103,0.01
4289.915966386555,0.2650848324296654,0.01
4292.316926770708,0.2682367298351848,0.01
4294.717887154862,0.27232362656346476,0.01
4297.118847539015,0.25206822037711496,0.01
4299.5198079231695,0.27029289201630496,0.01
4301.920768307323,0.2733041328148422,0.01
4304.321728691477,0.2720809213561141,0.01
4306.72268907563,0.2683547676062003,0.01
4309.123649459784,0.2600545306582791,0.01
4311.5246098439375,0.25745067740529476,0.01
4313.925570228092,0.26361613489471575,0.01
4316.326530612245,0.2686287741689332,0.01
4318.727490996398,0.2682021090512703,0.01
4321.128451380552,0.27905741572067116,0.01
4323.529411764706,0.2941352319043586,0.01
4325.9303721488595,0.3096230164972589,0.01
4328.331332533013,0.2915261448655957,0.01
4330.732292917167,0.28726277875583883,0.01
4333.13325330132,0.3000687538891363,0.01
4335.534213685474,0.29108261732822455,0.01
4337.9351740696275,0.3092220006430879,0.01
4340.336134453782,0.29017621559567264,0.01
4342.737094837935,0.3083345980213192,0.01
4345.138055222089,0.30224132416600824,0.01
4347.539015606242,0.3094508336989732,0.01
4349.939975990396,0.2981932329730208,0.01
4352.3409363745495,0.2994709985746123,0.01
4354.741896758704,0.30197704208210585,0.01
4357.142857142857,0.3111735400614252,0.01
4359.543817527011,0.29783746587151666,0.01
4361.944777911164,0.2929214559078565,0.01
4364.345738295318,0.3087158590371213,0.01
4366.746698679472,0.29427278363431114,0.01
4369.147659063626,0.3000492884663226,0.01
4371.548619447779,0.3161789612033447,0.01
4373.949579831933,0.31581267380776545,0.01
4376.350540216086,0.3119107593494851,0.01
4378.75150060024,0.3309686751258793,0.01
4381.152460984394,0.3166621412699087,0.01
4383.553421368548,0.31024083425690574,0.01
4385.954381752701,0.32752346305263547,0.01
4388.355342136854,0.33515018103915806,0.01
4390.756302521008,0.32844978310823,0.01
4393.1572629051625,0.3170379896733853,0.01
4395.558223289316,0.31165977313614074,0.01
4397.959183673469,0.33028686085014874,0.01
4400.360144057623,0.3595338675140901,0.01
4402.761104441776,0.33339440522462677,0.01
4405.16206482593,0.2981765714885439,0.01
4407.563025210084,0.3328728624332844,0.01
4409.963985594238,0.33239244274462776,0.01
4412.364945978391,0.32852359885466187,0.01
4414.765906362545,0.3208992026976254,0.01
4417.166866746698,0.3338043838468721,0.01
4419.5678271308525,0.3310747093075303,0.01
4421.968787515006,0.3341134738291122,0.01
4424.36974789916,0.3452829287398371,0.01
4426.770708283313,0.3452942221715374,0.01
4429.171668667467,0.3441798031639975,0.01
4431.57262905162,0.33330867101571054,0.01
4433.973589435775,0.34221121737075194,0.01
4436.374549819928,0.33413251656078424,0.01
4438.775510204082,0.34029267912939964,0.01
4441.176470588235,0.3521838304675654,0.01
4443.577430972389,0.3384149090605431,0.01
4445.9783913565425,0.34482192328073824,0.01
4448.379351740696,0.3416368002733664,0.01
4450.78031212485,0.34496047212021896,0.01
4453.181272509004,0.3490660212673098,0.01
4455.582232893157,0.33577184274105143,0.01
4457.98319327731,0.34405500119033106,0.01
4460.384153661465,0.35007180097491297,0.01
4462.785114045619,0.34542995554967665,0.01
4465.186074429772,0.35004608314524316,0.01
4467.587034813925,0.3435781360032065,0.01
4469.987995198079,0.34922274046773094,0.01
4472.3889555822325,0.35294191934141234,0.01
4474.789915966387,0.33357238382908994,0.01
4477.19087635054,0.3581105493687493,0.01
4479.591836734694,0.3471174934483059,0.01
4481.992797118847,0.3619404658930008,0.01
4484.393757503001,0.3497071377058369,0.01
4486.794717887155,0.3679657224385142,0.01
4489.195678271309,0.37975632594565184,0.01
4491.596638655462,0.38204571454379366,0.01
4493.997599039616,0.3521071377942139,0.01
4496.398559423769,0.3711708532489679,0.01
4498.799519807923,0.3525728311355272,0.01
4501.200480192077,0.35929450669548857,0.01
4503.601440576231,0.36703966284061684,0.01
4506.002400960384,0.37390216589209957,0.01
4508.403361344538,0.38932654441609965,0.01
4510.804321728691,0.3775755673460678,0.01
4513.205282112845,0.38858990361073276,0.01
4515.606242496999,0.35069436799202425,0.01
4518.007202881152,0.3797087141334372,0.01
4520.408163265306,0.3778166704521174,0.01
4522.80912364946,0.3918083454218143,0.01
4525.210084033613,0.3743902518857569,0.01
4527.611044417767,0.39523867193759027,0.01
4530.012004801921,0.37418248005642296,0.01
4532.412965186075,0.39102295355069233,0.01
4534.813925570228,0.39547373643245076,0.01
4537.214885954381,0.37692709773406136,0.01
4539.615846338535,0.3846641381808206,0.01
4542.016806722689,0.39057819891400913,0.01
4544.417767106843,0.41305011846290657,0.01
4546.818727490996,0.40579497736207387,0.01
4549.21968787515,0.376946570419748,0.01
4551.620648259303,0.3891842578442719,0.01
4554.0216086434575,0.396434418373761,0.01
4556.422569027611,0.3920417554037843,0.01
4558.823529411765,0.392546064633391,0.01
4561.224489795918,0.3839989022447975,0.01
4563.625450180072,0.3683819975320295,0.01
4566.026410564225,0.4067948364482607,0.01
4568.42737094838,0.3985733246211121,0.01
4570.828331332533,0.40441394257365837,0.01
4573.229291716687,0.39989270345532746,0.01
4575.63025210084,0.4043839754928616,0.01
4578.031212484993,0.41824099216286115,0.01
4580.4321728691475,0.39543935746561415,0.01
4582.833133253302,0.41419420911311056,0.01
4585.234093637455,0.4041740908614858,0.01
4587.635054021608,0.4085292745517531,0.01
4590.036014405762,0.40789689810110125,0.01
4592.436974789916,0.39930908557843686,0.01
4594.83793517407,0.4059185646913942,0.01
4597.238895558223,0.39479154238503933,0.01
4599.639855942377,0.4261908127776439,0.01
4602.040816326531,0.41394499582988237,0.01
4604.441776710684,0.4252971800091305,0.01
4606.8427370948375,0.4219292114013045,0.01
4609.243697478992,0.40180919959779937,0.01
4611.644657863145,0.4370886974687444,0.01
4614.045618247299,0.43976902236610926,0.01
4616.446578631452,0.41168612789226217,0.01
4618.847539015606,0.41814239700731,0.01
4621.24849939976,0.40885036672550035,0.01
4623.649459783914,0.43737256066120817,0.01
4626.050420168067,0.4104230861183184,0.01
4628.451380552221,0.4206576028563452,0.01
4630.852340936374,0.4213771848110446,0.01
4633.253301320528,0.4273086451150301,0.01
4635.654261704682,0.4307372627135662,0.01
4638.055222088836,0.4201007550405058,0.01
4640.456182472989,0.4389158261018529,0.01
4642.857142857143,0.4201557298046425,0.01
4645.258103241296,0.4540555229641229,0.01
4647.65906362545,0.4294957815006093,0.01
4650.060024009604,0.44326050425262076,0.01
4652.460984393758,0.4418595531686654,0.01
4654.861944777911,0.44777488081569156,0.01
4657.262905162064,0.4157558027133037,0.01
4659.663865546218,0.43837659460362854,0.01
4662.0648259303725,0.44181616057749457,0.01
4664.465786314526,0.4562870476215014,0.01
4666.866746698679,0.4269449872481784,0.01
4669.267707082833,0.4458933202288781,0.01
4671.668667466987,0.4386201913878963,0.01
4674.0696278511405,0.43149819312655535,0.01
4676.470588235294,0.4458881758832829,0.01
4678.871548619448,0.45593695625791114,0.01
4681.272509003601,0.4414750400583773,0.01
4683.673469387755,0.47315981217311964,0.01
4686.074429771908,0.45385765648106596,0.01
4688.4753901560625,0.449597092450443,0.01
4690.876350540216,0.4419917436569885,0.01
4693.27731092437,0.4619330714553824,0.01
4695.678271308523,0.4578876461134924,0.01
4698.079231692677,0.46843911655628084,0.01
4700.4801920768305,0.459830499986475,0.01
4702.881152460985,0.45815428733223557,0.01
4705.282112845138,0.46468366661377436,0.01
4707.683073229292,0.4541389887954836,0.01
4710.084033613445,0.4593803137491644,0.01
4712.484993997599,0.48796609466851415,0.01
4714.8859543817525,0.47369682396869006,0.01
4717.286914765906,0.47764285413905916,0.01
4719.68787515006,0.4756273352111559,0.01
4722.088835534214,0.4598427689514441,0.01
4724.489795918367,0.47553403681885276,0.01
4726.8907563025205,0.4656577824166708,0.01
4729.291716686675,0.47889842909699615,0.01
4731.692677070829,0.47828389341358923,0.01
4734.093637454982,0.47720207482670246,0.01
4736.494597839135,0.47808402926750815,0.01
4738.895558223289,0.47432788212109517,0.01
4741.296518607443,0.4916306928694375,0.01
4743.697478991597,0.4900691056840884,0.01
4746.09843937575,0.48787896597849584,0.01
4748.499399759904,0.4755153054962771,0.01
4750.900360144057,0.4841616432077642,0.01
4753.301320528211,0.48411677004309367,0.01
4755.702280912365,0.48525175736930304,0.01
4758.103241296519,0.5018358221029059,0.01
4760.504201680672,0.46993319505834974,0.01
4762.905162064826,0.49574829654941815,0.01
4765.306122448979,0.502304923242766,0.01
4767.707082833133,0.5018178468652059,0.01
4770.108043217287,0.4937250912843928,0.01
4772.509003601441,0.4895179497175313,0.01
4774.909963985594,0.49833488207999693,0.01
4777.310924369748,0.5050741959215589,0.01
4779.711884753901,0.4838468813645261,0.01
4782.1128451380555,0.5007286791630534,0.01
4784.513805522209,0.5041098861643774,0.01
4786.914765906362,0.5099765830222147,0.01
4789.315726290516,0.5038491915300567,0.01
4791.71668667467,0.4953973994952315,0.01
4794.117647058823,0.493892953862446,0.01
4796.518607442977,0.49853399543479876,0.01
4798.919567827131,0.5124083886339941,0.01
4801.320528211285,0.5010484576753934,0.01
4803.721488595438,0.501780888691072,0.01
4806.122448979591,0.49819375447135966,0.01
4808.5234093637455,0.5053455191347833,0.01
4810.9243697479,0.5038657832033662,0.01
4813.325330132053,0.5262759170468164,0.01
4815.726290516206,0.5137178693432646,0.01
4818.12725090036,0.5139973150706687,0.01
4820.528211284513,0.5199723185719788,0.01
4822.929171668668,0.5130118299572494,0.01
4825.330132052821,0.5059654659664118,0.01
4827.731092436975,0.5145638938685267,0.01
4830.132052821128,0.5289156939520205,0.01
4832.533013205282,0.5058146493267749,0.01
4834.9339735894355,0.5099252519939931,0.01
4837.33493397359,0.5247678305620436,0.01
4839.735894357743,0.5296004945438474,0.01
4842.136854741897,0.5282572941488888,0.01
4844.53781512605,0.5419440684067935,0.01
4846.938775510204,0.523086190259787,0.01
4849.339735894358,0.5474204662513739,0.01
4851.740696278512,0.5398236624455974,0.01
4854.141656662665,0.5412446578318365,0.01
4856.542617046818,0.5403388219857495,0.01
4858.943577430972,0.5319069429241591,0.01
4861.344537815126,0.5419891024755863,0.01
4863.74549819928,0.5306850698874767,0.01
4866.146458583433,0.5381501883382936,0.01
4868.547418967587,0.5258404900094503,0.01
4870.948379351741,0.5503231971051984,0.01
4873.349339735894,0.5496246770670364,0.01
4875.7503001200475,0.5549376558102622,0.01
4878.151260504202,0.544989911244977,0.01
4880.552220888356,0.5575406559677962,0.01
4882.953181272509,0.5459752761297021,0.01
4885.354141656662,0.555123106482698,0.01
4887.755102040816,0.5621124982033135,0.01
4890.15606242497,0.5334606736742704,0.01
4892.557022809124,0.5477415205207053,0.01
4894.957983193277,0.5685878495164239,0.01
4897.358943577431,0.5416447982369708,0.01
4899.759903961584,0.5540477101451439,0.01
4902.160864345738,0.5449435493629825,0.01
4904.561824729892,0.5546328268286065,0.01
4906.962785114046,0.540411888338812,0.01
4909.363745498199,0.5703010328589314,0.01
4911.764705882353,0.5860133099547116,0.01
4914.165666266506,0.568772945949858,0.01
4916.5666266506605,0.5754551118908111,0.01
4918.967587034814,0.549448440801617,0.01
4921.368547418968,0.5687386431979558,0.01
4923.769507803121,0.5529025673585773,0.01
4926.170468187274,0.5471338345907059,0.01
4928.571428571428,0.5715819566578736,0.01
4930.972388955583,0.5746362345559423,0.01
4933.373349339736,0.5773349387640888,0.01
4935.774309723889,0.5804897516888684,0.01
4938.175270108043,0.5676396099534019,0.01
4940.576230492197,0.5806399050399595,0.01
4942.9771908763505,0.5875821150726472,0.01
4945.378151260504,0.569434641939204,0.01
4947.779111644658,0.5820308076931372,0.01
4950.180072028812,0.5884343732961226,0.01
4952.581032412965,0.5855936279896512,0.01
4954.981992797118,0.5966676200358332,0.01
4957.382953181273,0.5755077216555724,0.01
4959.783913565426,0.5829920796491908,0.01
4962.18487394958,0.5778503062464152,0.01
4964.585834333733,0.592487355406877,0.01
4966.986794717887,0.5960525257485922,0.01
4969.3877551020405,0.6015503074091129,0.01
4971.788715486195,0.5957769027418381,0.01
4974.189675870348,0.6046912911282016,0.01
4976.590636254502,0.5993860677442815,0.01
4978.991596638655,0.6014761668225326,0.01
4981.392557022809,0.6151062928852029,0.01
4983.793517406963,0.6018035715221035,0.01
4986.194477791116,0.6194653206984697,0.01
4988.59543817527,0.6082830009741846,0.01
4990.996398559424,0.6040307649314951,0.01
4993.397358943577,0.6007558513146365,0.01
4995.7983193277305,0.6093602496689637,0.01
4998.199279711885,0.6109817894433214,0.01
5000.600240096039,0.6052608581274295,0.01
5003.001200480192,0.6075750615423255,0.01
5005.402160864345,0.6132051383056122,0.01
5007.803121248499,0.6080566180749314,0.01
5010.2040816326535,0.6091204883517368,0.01
5012.605042016807,0.614116291534549,0.01
5015.00600240096,0.6101679185002457,0.01
5017.406962785114,0.6038539662697358,0.01
5019.807923169267,0.613359070705496,0.01
5022.208883553421,0.6068378237904822,0.01
5024.609843937575,0.6192776613978723,0.01
5027.010804321729,0.6381765525687261,0.01
5029.411764705882,0.6286905490383695,0.01
5031.812725090036,0.6093390407921639,0.01
5034.213685474189,0.6329187492556927,0.01
5036.6146458583435,0.6191891754540493,0.01
5039.015606242497,0.6290946502424962,0.01
5041.416566626651,0.6313056279411746,0.01
5043.817527010804,0.6308278152580671,0.01
5046.218487394958,0.612243687318691,0.01
5048.619447779111,0.6454452023185032,0.01
5051.0204081632655,0.6372056273537268,0.01
5053.421368547419,0.6224219021271907,0.01
5055.822328931572,0.6221406920082696,0.01
5058.223289315726,0.6502486914850303,0.01
5060.62424969988,0.634262066355799,0.01
5063.0252100840335,0.6732264174685693,0.01
5065.426170468187,0.6484789714381523,0.01
5067.827130852341,0.6418093483442052,0.01
5070.228091236495,0.6403527354251846,0.01
5072.629051620648,0.634430177161485,0.01
5075.030012004801,0.6507312494669806,0.01
5077.4309723889555,0.6414871883715841,0.01
5079.83193277311,0.6482314227229022,0.01
5082.232893157263,0.6502758803511673,0.01
5084.633853541416,0.6606951956370265,0.01
5087.03481392557,0.6448683363176584,0.01
5089.4357743097235,0.6576207722616553,0.01
5091.836734693878,0.6630842654784169,0.01
5094.237695078031,0.6619431800084365,0.01
5096.638655462185,0.6612718110681004,0.01
5099.039615846338,0.6467919863842693,0.01
5101.440576230492,0.6620632698742794,0.01
5103.8415366146455,0.6788767693088908,0.01
5106.2424969988,0.6508596221616858,0.01
5108.643457382953,0.6410004611726982,0.01
5111.044417767107,0.6619701454991544,0.01
5113.44537815126,0.6574996045885215,0.01
5115.846338535414,0.6802957655505606,0.01
5118.247298919568,0.6765437221186529,0.01
5120.648259303722,0.6822062248515021,0.01
5123.049219687875,0.6663775595758068,0.01
5125.450180072028,0.670707849556844,0.01
5127.851140456182,0.6617344662912507,0.01
5130.252100840336,0.6827504267859317,0.01
5132.65306122449,0.6625646374435095,0.01
5135.054021608643,0.6535228370921751,0.01
5137.454981992797,0.662308698777026,0.01
5139.855942376951,0.6389433856362768,0.01
5142.256902761104,0.6524866729540948,0.01
5144.657863145258,0.6415099056994342,0.01
5147.058823529412,0.6477395047865042,0.01
5149.459783913566,0.6467083292804597,0.01
5151.860744297719,0.6616294702697684,0.01
5154.261704681872,0.64037554140689,0.01
5156.662665066026,0.6412620130377369,0.01
5159.06362545018,0.6492110484756777,0.01
5161.464585834334,0.6244865274355507,0.01
5163.865546218487,0.6216883840676006,0.01
5166.266506602641,0.6297428162446191,0.01
5168.667466986794,0.6326577129341837,0.01
5171.0684273709485,0.6326885605818082,0.01
5173.469387755102,0.6476099200747816,0.01
5175.870348139256,0.636350867716219,0.01
5178.271308523409,0.6378657317964226,0.01
5180.672268907563,0.6588880764434375,0.01
5183.073229291716,0.6721723071838788,0.01
5185.474189675871,0.6569105069586586,0.01
5187.875150060024,0.6746198341953503,0.01
5190.276110444178,0.6953194061385528,0.01
5192.677070828331,0.6744030971795044,0.01
5195.078031212484,0.6902157047896542,0.01
5197.4789915966385,0.6774410441208937,0.01
5199.879951980793,0.702082150738697,0.01
5202.280912364946,0.6968600169278661,0.01
5204.681872749099,0.685715714174013,0.01
5207.082833133253,0.698211464270145,0.01
5209.483793517407,0.7087106234683852,0.01
5211.8847539015605,0.6984372311617683,0.01
5214.285714285714,0.7094718931937863,0.01
5216.686674669868,0.7124073513736148,0.01
5219.087635054022,0.7094360254787613,0.01
5221.488595438175,0.7106572279221457,0.01
5223.8895558223285,0.7307069680289207,0.01
5226.290516206483,0.7167846315981646,0.01
5228.691476590636,0.7102857778369969,0.01
5231.09243697479,0.738387053347836,0.01
5233.493397358943,0.7238996848211489,0.01
5235.894357743097,0.7357750414208554,0.01
5238.2953181272505,0.7400031027888119,0.01
5240.696278511405,0.7230812350947934,0.01
5243.097238895558,0.7156205761800254,0.01
5245.498199279712,0.7245793479783462,0.01
5247.899159663865,0.7231887949142948,0.01
5250.300120048019,0.7310939901917715,0.01
5252.701080432173,0.731513368722923,0.01
5255.102040816327,0.7546407943362371,0.01
5257.50300120048,0.74348506787101,0.01
5259.903961584634,0.738811052964765,0.01
5262.304921968787,0.7486603682672228,0.01
5264.7058823529405,0.7378386969719257,0.01
5267.106842737095,0.7448852088923587,0.01
5269.507803121249,0.7513173806185367,0.01
5271.908763505402,0.7363000709478535,0.01
5274.309723889555,0.7698755473840025,0.01
5276.710684273709,0.7449211447602276,0.01
5279.1116446578635,0.7299560137381652,0.01
5281.512605042017,0.7719951065253865,0.01
5283.91356542617,0.752240983297604,0.01
5286.314525810324,0.7350096815631204,0.01
5288.715486194478,0.7583303422489869,0.01
5291.116446578631,0.7396835849611259,0.01
5293.517406962785,0.746018327003514,0.01
5295.918367346939,0.7661869214099676,0.01
5298.319327731092,0.7525265805984453,0.01
5300.720288115246,0.7262835399886967,0.01
5303.121248499399,0.7624492695407917,0.01
5305.5222088835535,0.7519853814832038,0.01
5307.923169267707,0.7763189059780639,0.01
5310.324129651861,0.7738595150011778,0.01
5312.725090036014,0.7679989135284405,0.01
5315.126050420168,0.7593655853893437,0.01
5317.527010804321,0.7556597744644439,0.01
5319.927971188476,0.766404205052269,0.01
5322.328931572629,0.768009450982575,0.01
5324.729891956783,0.7591424968955189,0.01
5327.130852340936,0.763080479389321,0.01
5329.53181272509,0.7658490722130492,0.01
5331.9327731092435,0.7646650925833359,0.01
5334.333733493397,0.7661712004934217,0.01
5336.734693877551,0.7719662469063892,0.01
5339.135654261705,0.7706747526605617,0.01
5341.536614645858,0.7628236356906523,0.01
5343.937575030011,0.772654758249211,0.01
5346.338535414166,0.7668488459720118,0.01
5348.73949579832,0.7734783306787741,0.01
5351.140456182473,0.7676720971669975,0.01
5353.541416566626,0.7848837893775903,0.01
5355.94237695078,0.7930669477386499,0.01
5358.343337334934,0.772007922866802,0.01
5360.744297719088,0.7915978130244716,0.01
5363.145258103241,0.7768767116368066,0.01
5365.546218487395,0.7734485620919682,0.01
5367.947178871548,0.7756084985107669,0.01
5370.348139255702,0.7887327717898146,0.01
5372.749099639856,0.7883558197833924,0.01
5375.15006002401,0.8000868460614274,0.01
5377.551020408163,0.7927333665045905,0.01
5379.951980792317,0.7925208828325807,0.01
5382.35294117647,0.7906368518557229,0.01
5384.753901560624,0.7844545810954421,0.01
5387.154861944778,0.7840172515557389,0.01
5389.555822328932,0.812461973708711,0.01
5391.956782713085,0.7985223930230829,0.01
5394.357743097239,0.8032614118997059,0.01
5396.758703481392,0.7915629256188966,0.01
5399.1596638655465,0.8047030226127052,0.01
5401.5606242497,0.8161408978688771,0.01
5403.961584633853,0.8155301623440954,0.01
5406.362545018007,0.8012485414719456,0.01
5408.763505402161,0.8134282690206827,0.01
5411.164465786314,0.8064568152904154,0.01
5413.565426170468,0.8168818014207555,0.01
5415.966386554622,0.8080251089581261,0.01
5418.367346938776,0.8137865510271826,0.01
5420.768307322929,0.807856132415788,0.01
5423.169267707082,0.8009924174980829,0.01
5425.5702280912365,0.8259725358947463,0.01
5427.971188475391,0.7960254665175607,0.01
5430.372148859544,0.8178208859204545,0.01
5432.773109243697,0.8127745019319988,0.01
5435.174069627851,0.8108412302018912,0.01
5437.575030012004,0.8271717408984912,0.01
5439.9759903961585,0.8417444577327804,0.01
5442.376950780312,0.8254608610860946,0.01
5444.777911164466,0.8245042160773481,0.01
5447.178871548619,0.8042588767535735,0.01
5449.579831932773,0.8350218808950107,0.01
5451.980792316926,0.8164157360486669,0.01
5454.381752701081,0.8195233541352237,0.01
5456.782713085234,0.8237839631750266,0.01
5459.183673469388,0.8163817782910412,0.01
5461.584633853541,0.8174501408159166,0.01
5463.985594237694,0.8479390336048448,0.01
5466.3865546218485,0.8428791749113312,0.01
5468.787515006003,0.8157032974917272,0.01
5471.188475390156,0.8442962522818874,0.01
5473.589435774309,0.8500243512085033,0.01
5475.990396158463,0.8056560353075523,0.01
5478.391356542617,0.8373220899996608,0.01
5480.792316926771,0.8398117165363157,0.01
5483.193277310924,0.8377371268414721,0.01
5485.594237695078,0.8548119992826374,0.01
5487.995198079232,0.8473650160408709,0.01
5490.396158463385,0.8464636187418363,0.01
5492.7971188475385,0.8520014847029499,0.01
5495.198079231693,0.822588689262837,0.01
5497.599039615847,0.8392454334178663,0.01
5500.0,0.8183351823211434,0.01
5502.400960384153,0.8476137309186581,0.01
5504.801920768307,0.8552571677788369,0.01
5507.202881152461,0.8291024536828281,0.01
5509.603841536615,0.8525669845785532,0.01
5512.004801920768,0.8464774200510677,0.01
5514.405762304922,0.8430828057521285,0.01
5516.806722689075,0.8402316655816807,0.01
5519.207683073229,0.8465393037586229,0.01
5521.608643457383,0.8647530519382405,0.01
5524.009603841537,0.834950450186622,0.01
5526.41056422569,0.8628333579237542,0.01
5528.811524609844,0.869566530738555,0.01
5531.212484993997,0.8560838488444867,0.01
5533.613445378151,0.8575126452418709,0.01
5536.014405762305,0.8671898904893581,0.01
5538.415366146459,0.8571826258063634,0.01
5540.816326530612,0.8573425774420065,0.01
5543.217286914765,0.8606824221130903,0.01
5545.618247298919,0.8608759465424204,0.01
5548.019207683074,0.8653694944894558,0.01
5550.420168067227,0.868634323798654,0.01
5552.82112845138,0.8735722766189489,0.01
5555.222088835534,0.8750557838080978,0.01
5557.623049219688,0.8564969332060235,0.01
5560.0240096038415,0.8783372861619414,0.01
5562.424969987995,0.869387194277911,0.01
5564.825930372149,0.8710818070252823,0.01
5567.226890756303,0.877388980988886,0.01
5569.627851140456,0.8703598800067756,0.01
5572.028811524609,0.884252575787473,0.01
5574.4297719087635,0.8609024950462224,0.01
5576.830732292918,0.8783972045744701,0.01
5579.231692677071,0.8687445862554263,0.01
5581.632653061224,0.8545921126631036,0.01
5584.033613445377,0.8768898754805577,0.01
5586.4345738295315,0.8627370433655787,0.01
5588.835534213686,0.8795521189240085,0.01
5591.236494597839,0.8709305771400528,0.01
5593.637454981992,0.8836049685115678,0.01
5596.038415366146,0.8633584082878647,0.01
5598.4393757503,0.8749435844230625,0.01
5600.8403361344535,0.8888143726900389,0.01
5603.241296518607,0.8831170665775872,0.01
5605.642256902761,0.8616985652594323,0.01
5608.043217286915,0.8656526924915694,0.01
5610.444177671068,0.9067803114670677,0.01
5612.8451380552215,0.8776732307248335,0.01
5615.246098439376,0.9000988475774038,0.01
5617.64705882353,0.8918909607446396,0.01
5620.048019207683,0.8898389014864012,0.01
5622.448979591836,0.8902691006751333,0.01
5624.84993997599,0.8980971762797748,0.01
5627.250900360144,0.8769279494304898,0.01
5629.651860744298,0.8839526120307701,0.01
5632.052821128451,0.8929477473470477,0.01
5634.453781512605,0.8791322703784098,0.01
5636.854741896759,0.9065262162897489,0.01
5639.255702280912,0.9033202959615131,0.01
5641.656662665066,0.9116874530749757,0.01
5644.05762304922,0.9017094846559814,0.01
5646.458583433374,0.898004874274197,0.01
5648.859543817527,0.8993402410683005,0.01
5651.26050420168,0.9016818856951296,0.01
5653.6614645858335,0.9263865504332806,0.01
5656.062424969988,0.8992599551409431,0.01
5658.463385354142,0.8944227536391912,0.01
5660.864345738295,0.8948014040344959,0.01
5663.265306122448,0.8963419605008237,0.01
5665.666266506602,0.9124184446778185,0.01
5668.0672268907565,0.9016314452323535,0.01
5670.46818727491,0.9003658956407047,0.01
5672.869147659063,0.9147422915294426,0.01
5675.270108043217,0.9209648286832844,0.01
5677.671068427371,0.9174917356681391,0.01
5680.072028811524,0.9309565387068879,0.01
5682.472989195678,0.8989798260657352,0.01
5684.873949579832,0.9129552707685263,0.01
5687.274909963986,0.9220799701537643,0.01
5689.675870348139,0.9196252723775692,0.01
5692.076830732292,0.9155234612254629,0.01
5694.4777911164465,0.9173212750553212,0.01
5696.878751500601,0.9153155678056866,0.01
5699.279711884754,0.916522623018357,0.01
5701.680672268907,0.9125690843604853,0.01
5704.081632653061,0.9133078129933763,0.01
5706.482593037215,0.930120184959462,0.01
5708.883553421369,0.9076459640792676,0.01
5711.284513805522,0.9121283749106325,0.01
5713.685474189676,0.940438527861699,0.01
5716.08643457383,0.9119146965350786,0.01
5718.487394957983,0.9190443420069232,0.01
5720.8883553421365,0.925914170962788,0.01
5723.28931572629,0.9266954573617384,0.01
5725.690276110444,0.9188443274699585,0.01
5728.091236494598,0.9272543933095916,0.01
5730.492196878751,0.9162040685326894,0.01
5732.893157262904,0.9167762200191987,0.01
5735.294117647059,0.9101049390950439,0.01
5737.695078031213,0.9326473175328405,0.01
5740.096038415366,0.9101865380635905,0.01
5742.496998799519,0.9314282879447593,0.01
5744.897959183673,0.930236939338544,0.01
5747.298919567827,0.9248824074609632,0.01
5749.699879951981,0.9291252486618633,0.01
5752.100840336134,0.9316292572489439,0.01
5754.501800720288,0.9349403554385437,0.01
5756.902761104442,0.946998667246481,0.01
5759.303721488595,0.9288611264751117,0.01
5761.704681872749,0.9384508688431477,0.01
5764.105642256903,0.9245821261655708,0.01
5766.506602641057,0.9535053028770881,0.01
5768.90756302521,0.9234799765157757,0.01
5771.308523409363,0.9270733878403716,0.01
5773.709483793517,0.9213981524939056,0.01
5776.1104441776715,0.9413680413670711,0.01
5778.511404561825,0.9287238807479121,0.01
5780.912364945978,0.9425412888532888,0.01
5783.313325330132,0.9325519046770787,0.01
5785.714285714286,0.9481532423670834,0.01
5788.1152460984395,0.9344109465212314,0.01
5790.516206482593,0.932393222513873,0.01
5792.917166866746,0.9477324969257696,0.01
5795.3181272509,0.9361130258809319,0.01
5797.719087635054,0.9660415934134294,0.01
5800.120048019207,0.9539401604570441,0.01
5802.521008403361,0.9377948783487684,0.01
5804.921968787515,0.9342545904014633,0.01
5807.322929171669,0.9512129665080156,0.01
5809.723889555822,0.9361966613805305,0.01
5812.124849939975,0.9497295648205231,0.01
5814.525810324129,0.9491524364322632,0.01
5816.926770708284,0.9492968573248519,0.01
5819.327731092437,0.9680052096624463,0.01
5821.72869147659,0.9476118429275595,0.01
5824.129651860744,0.9604668231250963,0.01
5826.530612244898,0.9566457991789021,0.01
5828.9315726290515,0.9641166112721634,0.01
5831.332533013205,0.9448335550570606,0.01
5833.733493397359,0.9443177758639546,0.01
5836.134453781513,0.9575598090258849,0.01
5838.535414165666,0.943566674372511,0.01
5840.936374549819,0.9625047595570514,0.01
5843.337334933974,0.962193579845644,0.01
5845.738295318128,0.9585736704727957,0.01
5848.139255702281,0.9587912055544325,0.01
5850.540216086434,0.9436842328112467,0.01
5852.941176470588,0.9649351885817654,0.01
5855.342136854742,0.969118453840156,0.01
5857.743097238896,0.9533098269152058,0.01
5860.144057623049,0.9484529704515104,0.01
5862.545018007202,0.9751026930148209,0.01
5864.945978391356,0.9760661397155239,0.01
5867.34693877551,0.9399726413428673,0.01
5869.747899159664,0.9669901570695669,0.01
5872.148859543817,0.9836064349762684,0.01
5874.549819927971,0.9569595968381165,0.01
5876.950780312125,0.9687453318981736,0.01
5879.351740696278,0.9525632636013971,0.01
5881.7527010804315,0.9545769213768855,0.01
5884.153661464586,0.9702413929448628,0.01
5886.55462184874,0.9565985996887307,0.01
5888.955582232893,0.9687363538653858,0.01
5891.356542617046,0.9691922276936416,0.01
5893.7575030012,0.9573295094963198,0.01
5896.1584633853545,0.9635453833358733,0.01
5898.559423769508,0.9695740205869883,0.01
5900.960384153661,0.9776964130387632,0.01
5903.361344537815,0.9693654483021278,0.01
5905.762304921969,0.9650147931925233,0.01
5908.163265306122,0.9748876090481043,0.01
5910.564225690276,0.9765770285300912,0.01
5912.96518607443,0.9753081607035147,0.01
5915.366146458584,0.9504324317788111,0.01
5917.767106842737,0.982541875069693,0.01
5920.16806722689,0.9681465577202063,0.01
5922.5690276110445,0.9612882201059174,0.01
5924.969987995198,0.9767715295874869,0.01
5927.370948379352,0.9774872727076046,0.01
5929.771908763505,0.9665493285002441,0.01
5932.172869147658,0.9623178892699786,0.01
5934.573829531812,0.9638957841482111,0.01
5936.9747899159665,0.9697805195958624,0.01
5939.37575030012,0.9800806644868296,0.01
5941.776710684273,0.9853645477038969,0.01
5944.177671068427,0.9640628598463326,0.01
5946.578631452581,0.9871001219337524,0.01
5948.9795918367345,0.9871242029324486,0.01
5951.380552220888,0.9681602466778215,0.01
5953.781512605042,0.9554007732509981,0.01
5956.182472989196,0.9800591364542894,0.01
5958.583433373349,0.9801515780055496,0.01
5960.984393757502,0.9732833772066548,0.01
5963.3853541416565,0.9821480158493419,0.01
5965.786314525811,0.9752774548139894,0.01
5968.187274909964,0.9732036944267571,0.01
5970.588235294117,0.981638412389511,0.01
5972.989195678271,0.9782099535209392,0.01
5975.390156062425,0.9800424520188614,0.01
5977.791116446579,0.9921309302241745,0.01
5980.192076830732,0.9899569174616034,0.01
5982.593037214886,0.9828919828474573,0.01
5984.99399759904,0.9901636233461094,0.01
5987.394957983193,0.978801032463642,0.01
5989.7959183673465,0.9891066132207199,0.01
5992.196878751501,0.9709047589608686,0.01
5994.597839135654,1.0037919468286154,0.01
5996.998799519808,1.0076721077975046,0.01
5999.399759903961,0.9919214494049078,0.01
6001.8007202881145,0.9997613823384904,0.01
6004.201680672269,0.9834478154798985,0.01
6006.602641056423,1.0059939904853779,0.01
6009.003601440576,0.9980845049455419,0.01
6011.404561824729,0.9857869879202309,0.01
6013.805522208883,0.9950088932298498,0.01
6016.206482593037,1.013428829266747,0.01
6018.607442977191,0.9788264848017189,0.01
6021.008403361344,0.9848551721649063,0.01
6023.409363745498,0.9750425269831833,0.01
6025.810324129652,0.993026208982463,0.01
6028.211284513805,0.9798525291073874,0.01
6030.612244897959,0.9986347893347237,0.01
6033.013205282113,0.9970588528922558,0.01
6035.414165666267,0.9899255695238353,0.01
6037.81512605042,0.9845922438895096,0.01
6040.216086434573,0.984765343629256,0.01
6042.617046818727,0.9911794440427384,0.01
6045.018007202882,0.9863935727850518,0.01
6047.418967587035,1.0020530291967469,0.01
6049.819927971188,0.9829350034988328,0.01
6052.220888355342,0.9856494404308477,0.01
6054.621848739496,1.0004057707062044,0.01
6057.0228091236495,0.9765178552798345,0.01
6059.423769507803,0.9906327819699887,0.01
6061.824729891956,0.981405451503368,0.01
6064.22569027611,0.9805358484748291,0.01
6066.626650660264,0.9765710435163434,0.01
6069.027611044417,0.9948059480262058,0.01
6071.428571428571,0.9819434398706447,0.01
6073.829531812725,0.9914357679161341,0.01
6076.230492196879,0.982384861153705,0.01
6078.631452581032,1.0008433161942603,0.01
6081.032412965185,1.0152601314172474,0.01
6083.4333733493395,0.9833280474633771,0.01
6085.834333733494,0.9982338080405269,0.01
6088.235294117647,1.00040398822067,0.01
6090.6362545018,1.0063293343308335,0.01
6093.037214885954,0.9924593073504624,0.01
6095.438175270108,0.9776347983225963,0.01
6097.839135654262,0.9953695186194943,0.01
6100.240096038415,1.0089593377381596,0.01
6102.641056422569,1.006647803415829,0.01
6105.042016806723,0.997038815342568,0.01
6107.442977190876,0.9991404501180827,0.01
6109.8439375750295,0.9968289068661164,0.01
6112.244897959184,0.9913634932940184,0.01
6114.645858343338,1.0032252901288508,0.01
6117.046818727491,1.007211019546783,0.01
6119.447779111644,0.9850177566174854,0.01
6121.848739495798,0.9892041677424208,0.01
6124.2496998799525,0.9981552700161087,0.01
6126.650660264106,1.0005431043424158,0.01
6129.051620648259,0.9810471747356376,0.01
6131.452581032412,0.9939571162441133,0.01
6133.853541416566,0.9913499218985323,0.01
6136.25450180072,0.9848707360911649,0.01
6138.655462184874,0.988358341838916,0.01
6141.056422569027,0.9983963941039756,0.01
6143.457382953181,1.0177165114951912,0.01
6145.858343337335,1.0017095912791296,0.01
6148.259303721488,0.9940669191209559,0.01
6150.6602641056415,1.0041005518359152,0.01
6153.061224489796,1.002859933911553,0.01
6155.46218487395,1.0108615617744403,0.01
6157.863145258103,1.0130297593227486,0.01
6160.264105642256,0.9894678321694803,0.01
6162.66506602641,1.003178269774733,0.01
6165.0660264105645,0.9992827635120344,0.01
6167.466986794718,0.9963621723326066,0.01
6169.867947178871,1.000601492147519,0.01
6172.268907563025,0.9985330163704517,0.01
6174.669867947179,1.0085298805393015,0.01
6177.070828331332,0.9953723811976414,0.01
6179.471788715486,1.0082010203908327,0.01
6181.87274909964,0.9894575292583316,0.01
6184.273709483794,1.016678160191226,0.01
6186.674669867947,1.0005264041128201,0.01
6189.0756302521,1.00559669787905,0.01
6191.4765906362545,0.9975423951551258,0.01
6193.877551020409,1.000766046296285,0.01
6196.278511404562,0.9906031555065269,0.01
6198.679471788715,1.000173226573191,0.01
6201.080432172868,1.0110703208852998,0.01
6203.481392557022,0.9952226188979988,0.01
6205.882352941177,1.012071408752531,0.01
6208.28331332533,1.0165667019290434,0.01
6210.684273709483,0.999841333085994,0.01
6213.085234093637,1.0108312341472776,0.01
6215.486194477791,0.9964572810534915,0.01
6217.8871548619445,0.9821395916519511,0.01
6220.288115246098,0.9930470755906664,0.01
6222.689075630252,0.9943045639624375,0.01
6225.090036014406,0.9996149123135564,0.01
6227.490996398559,0.9969018224184061,0.01
6229.891956782712,0.988971301906338,0.01
6232.292917166867,1.0092903034239291,0.01
6234.693877551021,0.9873346561572897,0.01
6237.094837935174,1.0034676977893828,0.01
6239.495798319327,1.0097987462834048,0.01
6241.896758703481,0.9855100840493611,0.01
6244.297719087635,0.9906910738739885,0.01
6246.698679471789,1.0048415461617224,0.01
6249.099639855942,1.0134636608197134,0.01
6251.500600240096,0.9994133903130283,0.01
6253.90156062425,1.0022043001768637,0.01
6256.302521008403,0.9825784932857761,0.01
6258.703481392557,0.9816231231752662,0.01
6261.104441776711,1.0001642801376167,0.01
6263.505402160865,1.0190538378809253,0.01
6265.906362545018,1.0014833668323107,0.01
6268.307322929171,0.9980271915897295,0.01
6270.7082833133245,1.003931039272598,0.01
6273.109243697479,0.9843158700822976,0.01
6275.510204081633,0.987907879092943,0.01
6277.911164465786,1.0050177185556595,0.01
6280.312124849939,0.9924106990210165,0.01
6282.713085234093,1.0012002637064616,0.01
6285.1140456182475,0.9869945744032885,0.01
6287.515006002401,0.9932503862252899,0.01
6289.915966386554,0.9903118491715412,0.01
6292.316926770708,0.9910455741686843,0.01
6294.717887154862,0.9855068003810269,0.01
6297.118847539015,1.0194180203045342,0.01
6299.519807923169,1.0000281836846379,0.01
6301.920768307323,0.9974005064441539,0.01
6304.321728691477,0.978000856793901,0.01
6306.72268907563,1.0105192946084125,0.01
6309.123649459783,0.9917342252596629,0.01
6311.5246098439375,1.0018763019442187,0.01
6313.925570228092,1.0068312619562803,0.01
6316.326530612245,0.9807085290063295,0.01
6318.727490996398,0.9991698055207967,0.01
6321.128451380552,1.00750882268505,0.01
6323.529411764706,0.9991785887473194,0.01
6325.9303721488595,0.985168067847094,0.01
6328.331332533013,0.9723333390451563,0.01
6330.732292917167,0.9863821135797761,0.01
6333.133253301321,0.9880090556952094,0.01
6335.534213685474,0.9684269024495805,0.01
6337.9351740696275,0.9928998429457888,0.01
6340.336134453781,0.9909220491679963,0.01
6342.737094837935,0.9931295177660173,0.01
6345.138055222089,0.9884040235918301,0.01
6347.539015606242,0.9859275386270836,0.01
6349.939975990395,1.004190305570086,0.01
6352.3409363745495,0.9933922056797503,0.01
6354.741896758704,0.9765133742245836,0.01
6357.142857142857,0.9918944101384992,0.01
6359.54381752701,0.9932622551375853,0.01
6361.944777911164,0.9956488320019068,0.01
6364.345738295318,0.9944643350354314,0.01
6366.746698679472,0.9907023741499048,0.01
6369.147659063625,0.9811901386866599,0.01
6371.548619447779,1.0118410905311446,0.01
6373.949579831933,0.9808388343746719,0.01
6376.350540216086,0.9910878677136737,0.01
6378.7515006002395,0.9819381164300659,0.01
6381.152460984394,0.9764666246488367,0.01
6383.553421368548,1.0174943310289504,0.01
6385.954381752701,0.9987641820015791,0.01
6388.355342136854,0.9823279321618704,0.01
6390.756302521008,0.9978643750457526,0.01
6393.1572629051625,0.9671396720097158,0.01
6395.558223289316,0.9902608703852492,0.01
6397.959183673469,0.9896720643450949,0.01
6400.360144057623,0.9952557075109651,0.01
6402.761104441776,0.988170956605648,0.01
6405.16206482593,0.9878244458183547,0.01
6407.563025210084,0.9852720392936797,0.01
6409.963985594237,0.9895713613061103,0.01
6412.364945978391,0.969812832552884,0.01
6414.765906362545,0.9884422712246189,0.01
6417.166866746698,0.9855217503739474,0.01
6419.567827130852,0.983447197475749,0.01
6421.968787515006,0.9830238316129596,0.01
6424.36974789916,0.9948283200126447,0.01
6426.770708283313,0.970239320118753,0.01
6429.171668667466,0.9816131502152348,0.01
6431.57262905162,0.9717202067953821,0.01
6433.973589435775,0.9644745837971356,0.01
6436.374549819928,0.981784175309447,0.01
6438.775510204081,0.9761717359470128,0.01
6441.176470588235,0.9848894711858408,0.01
6443.577430972389,0.9935401119559649,0.01
6445.9783913565425,0.9891152455307503,0.01
6448.379351740696,0.969543239104797,0.01
6450.78031212485,0.9791290766004451,0.01
6453.181272509004,0.973074248489566,0.01
6455.582232893157,0.9854086250715663,0.01
6457.98319327731,0.9677298565423887,0.01
6460.384153661465,0.994594540122345,0.01
6462.785114045619,0.9601699914301285,0.01
6465.186074429772,0.9873126190447107,0.01
6467.587034813925,0.9819540479675897,0.01
6469.987995198079,0.9417352172259446,0.01
6472.3889555822325,0.9797302303736248,0.01
6474.789915966387,0.972157068786915,0.01
6477.19087635054,0.9595942325513869,0.01
6479.591836734693,0.9780615901180196,0.01
6481.992797118847,0.9604342893020023,0.01
6484.393757503001,0.9861801394693019,0.01
6486.794717887155,0.9710627400954487,0.01
6489.195678271308,0.9622358633931094,0.01
6491.596638655462,0.9784617170940536,0.01
6493.997599039616,0.9695149242955448,0.01
6496.398559423769,0.9700973783749828,0.01
6498.7995198079225,0.9645747143216938,0.01
6501.200480192077,0.9649703500812294,0.01
6503.601440576231,0.9714332324061675,0.01
6506.002400960384,0.9703077571558926,0.01
6508.403361344537,0.9904956711174633,0.01
6510.804321728691,0.9532468674752514,0.01
6513.205282112845,0.9680788519633634,0.01
6515.606242496999,0.9736958142328312,0.01
6518.007202881152,0.9809997412568588,0.01
6520.408163265306,0.9627675213567349,0.01
6522.80912364946,0.9745246665558154,0.01
6525.210084033613,0.9681814924885913,0.01
6527.611044417767,0.9575141520603719,0.01
6530.012004801921,0.9505064506661777,0.01
6532.412965186075,0.9504498694482462,0.01
6534.813925570228,0.9713444547557661,0.01
6537.214885954381,0.9591818402955524,0.01
6539.6158463385345,0.9471533155847731,0.01
6542.016806722689,0.972847678266049,0.01
6544.417767106843,0.9564563453918479,0.01
6546.818727490996,0.9659776244404787,0.01
6549.219687875149,0.9344610181134957,0.01
6551.620648259303,0.9511342052807661,0.01
6554.0216086434575,0.9737420517756199,0.01
6556.422569027611,0.9674747469214704,0.01
6558.823529411764,0.9554145639646262,0.01
6561.224489795918,0.9371579839093113,0.01
6563.625450180072,0.9516259828153305,0.01
6566.026410564225,0.9465418106791432,0.01
6568.427370948379,0.9362609120540708,0.01
6570.828331332533,0.9553606793323772,0.01
6573.229291716687,0.9441937562312863,0.01
6575.63025210084,0.9487335680349488,0.01
6578.031212484993,0.9539171102763265,0.01
6580.4321728691475,0.9589763728056487,0.01
6582.833133253302,0.9341733175527681,0.01
6585.234093637455,0.936685615594344,0.01
6587.635054021608,0.9451344057553961,0.01
6590.036014405762,0.9399534591694443,0.01
6592.436974789916,0.9601901133785529,0.01
6594.83793517407,0.9411022027429116,0.01
6597.238895558223,0.937321211244489,0.01
6599.639855942377,0.9486127939532716,0.01
6602.040816326531,0.960371360867957,0.01
6604.441776710684,0.9518912482507866,0.01
6606.8427370948375,0.9326966407242807,0.01
6609.243697478991,0.9534784389509386,0.01
6611.644657863145,0.9481927435129157,0.01
6614.045618247299,0.9470132513751163,0.01
6616.446578631452,0.9517981004208234,0.01
6618.847539015605,0.9570763505429636,0.01
6621.24849939976,0.9496284486070163,0.01
6623.649459783914,0.9529999818856916,0.01
6626.050420168067,0.9415784926867017,0.01
6628.45138055222,0.9463860852476512,0.01
6630.852340936374,0.9542022321452103,0.01
6633.253301320528,0.9400779618651396,0.01
6635.654261704682,0.9283409848106757,0.01
6638.055222088835,0.9385673153879217,0.01
6640.456182472989,0.9273071755024337,0.01
6642.857142857143,0.924227089394356,0.01
6645.258103241296,0.936718105274345,0.01
6647.65906362545,0.9372377175623972,0.01
6650.060024009604,0.9319792016214852,0.01
6652.460984393758,0.9381111210461557,0.01
6654.861944777911,0.9372154130441875,0.01
6657.262905162064,0.9168114278740692,0.01
6659.663865546218,0.9379623960861749,0.01
6662.0648259303725,0.9280570990840508,0.01
6664.465786314526,0.9368352502717221,0.01
6666.866746698679,0.9301705269270852,0.01
6669.267707082833,0.9227319960851322,0.01
6671.668667466987,0.9355913032971817,0.01
6674.0696278511405,0.9294230838244042,0.01
6676.470588235294,0.9296074208790218,0.01
6678.871548619447,0.9149089935497265,0.01
6681.272509003601,0.9168955394182403,0.01
6683.673469387755,0.9328480931657894,0.01
6686.074429771908,0.9116594071794475,0.01
6688.475390156062,0.9203876436829659,0.01
6690.876350540216,0.928645595243612,0.01
6693.27731092437,0.9058145326648425,0.01
6695.678271308523,0.9157926985511783,0.01
6698.079231692676,0.9180690150500619,0.01
6700.4801920768305,0.9276740695275772,0.01
6702.881152460985,0.9189410127704458,0.01
6705.282112845138,0.9356503783646287,0.01
6707.683073229291,0.9037671558079932,0.01
6710.084033613445,0.9186452805323119,0.01
6712.484993997599,0.9176307753079407,0.01
6714.8859543817525,0.9073465147195884,0.01
6717.286914765906,0.9209319232897676,0.01
6719.68787515006,0.921868443088754,0.01
6722.088835534214,0.9130090320108265,0.01
6724.489795918367,0.9167457251809292,0.01
6726.8907563025205,0.9069395486375724,0.01
6729.291716686675,0.8926254695154204,0.01
6731.692677070829,0.8908248279968712,0.01
6734.093637454982,0.8992080037770339,0.01
6736.494597839135,0.8873646833551485,0.01
6738.895558223289,0.9134435572488896,0.01
6741.296518607443,0.8972703416025695,0.01
6743.697478991597,0.9012574640632438,0.01
6746.09843937575,0.8913886538344168,0.01
6748.499399759903,0.8844045509895131,0.01
6750.900360144057,0.9082178867534613,0.01
6753.301320528211,0.8921835412438089,0.01
6755.702280912365,0.904167415072648,0.01
6758.103241296518,0.8938350316040875,0.01
6760.504201680672,0.8786432030633915,0.01
6762.905162064826,0.8903174532518956,0.01
6765.306122448979,0.9070706873834321,0.01
6767.7070828331325,0.8709968378493682,0.01
6770.108043217287,0.8894849107908239,0.01
6772.509003601441,0.8880784376623946,0.01
6774.909963985594,0.9041528567843806,0.01
6777.310924369747,0.8819245320326794,0.01
6779.711884753901,0.8968273851425048,0.01
6782.1128451380555,0.867065710007027,0.01
6784.513805522209,0.8845237137778869,0.01
6786.914765906362,0.8845419913014788,0.01
6789.315726290516,0.8971734522544879,0.01
6791.71668667467,0.8889876784092783,0.01
6794.117647058823,0.8833159991714697,0.01
6796.518607442977,0.8941557538648071,0.01
6798.919567827131,0.8919973802622934,0.01
6801.320528211285,0.8760969596688865,0.01
6803.721488595438,0.8842953440184854,0.01
6806.122448979591,0.8846312669593897,0.01
6808.5234093637455,0.8839173408607333,0.01
6810.9243697479,0.8741676499986752,0.01
6813.325330132053,0.8786254148854024,0.01
6815.726290516206,0.874663998607471,0.01
6818.127250900359,0.8609358749474875,0.01
6820.528211284513,0.8780419447482647,0.01
6822.929171668668,0.8764562784745241,0.01
6825.330132052821,0.8648645769698051,0.01
6827.731092436974,0.8622197956469213,0.01
6830.132052821128,0.8481377801737295,0.01
6832.533013205282,0.8665234611971412,0.01
6834.9339735894355,0.8609023158740661,0.01
6837.334933973589,0.860495802844713,0.01
6839.735894357743,0.8636010842346378,0.01
6842.136854741897,0.8758633987088118,0.01
6844.53781512605,0.8646959206987207,0.01
6846.938775510203,0.8675268387765225,0.01
6849.339735894358,0.8752163808410056,0.01
6851.740696278512,0.8641601701100258,0.01
6854.141656662665,0.8590211949199534,0.01
6856.542617046818,0.8634375935383803,0.01
6858.943577430972,0.8550181299330333,0.01
6861.344537815126,0.8618576380351602,0.01
6863.74549819928,0.8662009271719768,0.01
6866.146458583433,0.8549169180779462,0.01
6868.547418967587,0.8729076135969387,0.01
6870.948379351741,0.8668034163627628,0.01
6873.349339735894,0.8704780481285311,0.01
6875.7503001200475,0.8654317262277614,0.01
6878.151260504202,0.8646262364887077,0.01
6880.552220888355,0.8438957327335793,0.01
6882.953181272509,0.8615871503472732,0.01
6885.354141656662,0.8391891215221151,0.01
6887.7551020408155,0.8592801289614195,0.01
6890.15606242497,0.8545805114331535,0.01
6892.557022809124,0.8444242109551315,0.01
6894.957983193277,0.8592451603836802,0.01
6897.35894357743,0.836297061773712,0.01
6899.759903961584,0.8381468549964382,0.01
6902.160864345738,0.841866674737784,0.01
6904.561824729892,0.8322972719674108,0.01
6906.962785114045,0.8371432675975553,0.01
6909.363745498199,0.8576841524237581,0.01
6911.764705882353,0.8347116582028736,0.01
6914.165666266506,0.8575246614939449,0.01
6916.56662665066,0.8386455827248179,0.01
6918.967587034814,0.8333415383098337,0.01
6921.368547418968,0.8320069550875178,0.01
6923.769507803121,0.8460691790455231,0.01
6926.170468187274,0.8336555487428754,0.01
6928.571428571428,0.838424404670933,0.01
6930.972388955583,0.83890984364114,0.01
6933.373349339736,0.828968337773088,0.01
6935.774309723889,0.8259564090812268,0.01
6938.175270108043,0.8244295215046354,0.01
6940.576230492197,0.8383676079331656,0.01
6942.9771908763505,0.818729802614703,0.01
6945.378151260504,0.820303820448147,0.01
6947.779111644658,0.8193217135906171,0.01
6950.180072028811,0.8405512570750989,0.01
6952.581032412965,0.811513514809027,0.01
6954.981992797118,0.8217795658887233,0.01
6957.382953181272,0.8197367414703677,0.01
6959.783913565426,0.8110194776084738,0.01
6962.18487394958,0.8137288636953396,0.01
6964.585834333733,0.8282428278743343,0.01
6966.986794717886,0.7961220246995651,0.01
6969.3877551020405,0.8175691625403875,0.01
6971.788715486195,0.7973653049698408,0.01
6974.189675870348,0.8126660102901487,0.01
6976.590636254501,0.8244887962430849,0.01
6978.991596638655,0.8018225621490653,0.01
6981.392557022809,0.8093582403890577,0.01
6983.793517406963,0.8007367761781383,0.01
6986.194477791116,0.7975016883039345,0.01
6988.59543817527,0.8102587348133388,0.01
6990.996398559424,0.8045128264605816,0.01
6993.397358943577,0.7918327979295978,0.01
6995.7983193277305,0.8076887958063579,0.01
6998.199279711885,0.799018515187104,0.01
7000.600240096039,0.8043649517296997,0.01
7003.001200480192,0.807146643266053,0.01
7005.402160864345,0.7991144949145124,0.01
7007.803121248499,0.7878790177382915,0.01
7010.2040816326535,0.7899151958129583,0.01
7012.605042016807,0.8007460492861046,0.01
7015.00600240096,0.7798613343685833,0.01
7017.406962785113,0.8058857265064934,0.01
7019.807923169267,0.7884106520781788,0.01
7022.208883553421,0.800708896937708,0.01
7024.609843937575,0.7753830214429959,0.01
7027.010804321728,0.7735152780600462,0.01
7029.411764705882,0.7874103169714256,0.01
7031.812725090036,0.7884681297891273,0.01
7034.213685474189,0.7821270030883685,0.01
7036.614645858343,0.7977988564375744,0.01
7039.015606242497,0.7859712794694147,0.01
7041.416566626651,0.7900285962751573,0.01
7043.817527010804,0.7914076672977308,0.01
7046.218487394957,0.7657879487868633,0.01
7048.619447779111,0.7754804810928481,0.01
7051.0204081632655,0.7805400299479288,0.01
7053.421368547419,0.7842650610921997,0.01
7055.822328931572,0.7672673195890859,0.01
7058.223289315726,0.7805307465589372,0.01
7060.62424969988,0.769970965078187,0.01
7063.0252100840335,0.7743079538271584,0.01
7065.426170468187,0.7761538695383589,0.01
7067.827130852341,0.7655608858595397,0.01
7070.228091236495,0.7675167062844268,0.01
7072.629051620648,0.7727061623157223,0.01
7075.030012004801,0.7664255536690786,0.01
7077.4309723889555,0.7585975042435308,0.01
7079.83193277311,0.770026021366298,0.01
7082.232893157263,0.765533296097534,0.01
7084.633853541416,0.7581425356717748,0.01
7087.034813925569,0.7658955818395338,0.01
7089.4357743097235,0.764044167567165,0.01
7091.836734693878,0.7559970465569954,0.01
7094.237695078031,0.7521555287504659,0.01
7096.638655462184,0.7405853864798809,0.01
7099.039615846338,0.7557419962584739,0.01
7101.440576230492,0.7610844039944261,0.01
7103.8415366146455,0.7486640135560163,0.01
7106.242496998799,0.7365133540650992,0.01
7108.643457382953,0.746916993692165,0.01
7111.044417767107,0.749731388065498,0.01
7113.44537815126,0.73966045643219,0.01
7115.846338535413,0.7560492309297647,0.01
7118.247298919568,0.7461180111450566,0.01
7120.648259303722,0.7372953723212035,0.01
7123.049219687875,0.7510611489480826,0.01
7125.450180072028,0.7503292695973782,0.01
7127.851140456182,0.7340454270534454,0.01
7130.252100840336,0.7479439606396746,0.01
7132.65306122449,0.7371425522593368,0.01
7135.054021608643,0.7491583172162926,0.01
7137.454981992797,0.7352712829321041,0.01
7139.855942376951,0.743157744727468,0.01
7142.256902761104,0.7497493050350711,0.01
7144.657863145258,0.7368998766012491,0.01
7147.058823529412,0.739703704238075,0.01
7149.459783913566,0.7274153128190143,0.01
7151.860744297719,0.7412814023726347,0.01
7154.261704681872,0.7149141451298062,0.01
7156.6626650660255,0.7291409656444869,0.01
7159.06362545018,0.730624651713929,0.01
7161.464585834334,0.7193364709112714,0.01
7163.865546218487,0.7314507324711887,0.01
7166.26650660264,0.7219052710612918,0.01
7168.667466986794,0.7072796040431729,0.01
7171.0684273709485,0.7288793430296375,0.01
7173.469387755102,0.727135997834622,0.01
7175.870348139255,0.7042810082733075,0.01
7178.271308523409,0.7172913976090385,0.01
7180.672268907563,0.7311259237906707,0.01
7183.073229291716,0.710145912727906,0.01
7185.47418967587,0.7214603593610063,0.01
7187.875150060024,0.6986305474643113,0.01
7190.276110444178,0.6983733896511904,0.01
7192.677070828331,0.7124401966895345,0.01
7195.078031212484,0.7011308729899379,0.01
7197.4789915966385,0.7143085624097154,0.01
7199.879951980793,0.7025462041596325,0.01
7202.280912364946,0.7056567151570003,0.01
7204.681872749099,0.6983839274224483,0.01
7207.082833133253,0.7121542760903486,0.01
7209.483793517407,0.710504365467698,0.01
7211.8847539015605,0.7007854247290876,0.01
7214.285714285714,0.6995888270125673,0.01
7216.686674669868,0.7096497116083653,0.01
7219.087635054022,0.703223501073088,0.01
7221.488595438175,0.6966384643564896,0.01
7223.8895558223285,0.6960387282299126,0.01
7226.290516206482,0.6848981989130142,0.01
7228.691476590636,0.6850733609478813,0.01
7231.09243697479,0.6920374536275871,0.01
7233.493397358943,0.6925984793029367,0.01
7235.894357743096,0.6767767468230819,0.01
7238.2953181272505,0.7065957109650588,0.01
7240.696278511405,0.6841153674850805,0.01
7243.097238895558,0.6732465441410309,0.01
7245.498199279711,0.6713010691950391,0.01
7247.899159663865,0.6785013793809862,0.01
7250.300120048019,0.6720915374041243,0.01
7252.701080432173,0.6764872023968406,0.01
7255.102040816326,0.6747232327001258,0.01
7257.50300120048,0.7010125836808014,0.01
7259.903961584634,0.6619877744867528,0.01
7262.304921968787,0.654573513000593,0.01
7264.7058823529405,0.6711111187284379,0.01
7267.106842737095,0.6667203526595049,0.01
7269.507803121249,0.6830310696090436,0.01
7271.908763505402,0.6616003444029833,0.01
7274.309723889555,0.6685985177912858,0.01
7276.710684273709,0.6544397478892431,0.01
7279.1116446578635,0.6561346506094253,0.01
7281.512605042017,0.6765502324875717,0.01
7283.91356542617,0.6525266645949059,0.01
7286.314525810324,0.6550569250274241,0.01
7288.715486194478,0.6745257929095826,0.01
7291.116446578631,0.6614435504727693,0.01
7293.517406962785,0.6615054805287635,0.01
7295.918367346938,0.6590656702293373,0.01
7298.319327731092,0.6629623611068529,0.01
7300.720288115246,0.6462797403388624,0.01
7303.121248499399,0.658279746528032,0.01
7305.522208883553,0.6581602213372075,0.01
7307.923169267707,0.6496197765199954,0.01
7310.324129651861,0.6422843452314795,0.01
7312.725090036014,0.6476556821853261,0.01
7315.126050420167,0.6512631683467947,0.01
7317.527010804321,0.6435371543003724,0.01
7319.927971188476,0.643248296021322,0.01
7322.328931572629,0.6415853094449041,0.01
7324.729891956782,0.6333433593249016,0.01
7327.130852340936,0.6388283469899948,0.01
7329.53181272509,0.6355406718468689,0.01
7331.9327731092435,0.6250870496499586,0.01
7334.333733493397,0.6405702521704696,0.01
7336.734693877551,0.6401178188714887,0.01
7339.135654261705,0.6345292405246391,0.01
7341.536614645858,0.6237598006742756,0.01
7343.937575030011,0.6240942456483949,0.01
7346.338535414166,0.6229230302961717,0.01
7348.73949579832,0.6262428005957725,0.01
7351.140456182473,0.6431946204328608,0.01
7353.541416566626,0.6324175910171519,0.01
7355.94237695078,0.6215133969889587,0.01
7358.343337334934,0.6196500191553405,0.01
7360.744297719088,0.6367388470691223,0.01
7363.145258103241,0.6206987353157152,0.01
7365.546218487394,0.6239273132320665,0.01
7367.947178871548,0.634549142554034,0.01
7370.348139255702,0.6181989825858835,0.01
7372.749099639856,0.6053168110151731,0.01
7375.150060024009,0.6122680983815609,0.01
7377.551020408163,0.6280552508020301,0.01
7379.951980792317,0.6310676861115705,0.01
7382.35294117647,0.615530540614867,0.01
7384.7539015606235,0.6154063226398582,0.01
7387.154861944778,0.6212043380935642,0.01
7389.555822328932,0.6076333378869231,0.01
7391.956782713085,0.6257902324853696,0.01
7394.357743097238,0.6056718190582585,0.01
7396.758703481392,0.6087036512930949,0.01
7399.1596638655465,0.6203270406958652,0.01
7401.5606242497,0.6215555798881627,0.01
7403.961584633853,0.6014504095820425,0.01
7406.362545018007,0.5992546811344486,0.01
7408.763505402161,0.597617878431621,0.01
7411.164465786314,0.5926090975738115,0.01
7413.565426170468,0.5935001662823031,0.01
7415.966386554622,0.5846740485341232,0.01
7418.367346938776,0.6098278356585307,0.01
7420.768307322929,0.5812132291628876,0.01
7423.169267707082,0.6082653282156011,0.01
7425.5702280912365,0.5831894047741559,0.01
7427.97118847539,0.592771438213476,0.01
7430.372148859544,0.5820738401534113,0.01
7432.773109243697,0.5780863477362714,0.01
7435.17406962785,0.5887932377105335,0.01
7437.575030012004,0.5725763765924384,0.01
7439.9759903961585,0.5918572110327155,0.01
7442.376950780312,0.5858863824958436,0.01
7444.777911164465,0.5797238260402966,0.01
7447.178871548619,0.5751427507813591,0.01
7449.579831932773,0.584175141029144,0.01
7451.980792316926,0.5829832126206054,0.01
7454.38175270108,0.5699551439497612,0.01
7456.782713085234,0.5732083482244638,0.01
7459.183673469388,0.5699618387554916,0.01
7461.584633853541,0.5764092514724046,0.01
7463.985594237694,0.5772883567446563,0.01
7466.3865546218485,0.5718506207043088,0.01
7468.787515006003,0.5650877769586086,0.01
7471.188475390156,0.5714342831118067,0.01
7473.589435774309,0.5506262422125325,0.01
7475.990396158463,0.5817112095802225,0.01
7478.391356542617,0.5705141961456359,0.01
7480.792316926771,0.5485480004335702,0.01
7483.193277310924,0.5649928718125349,0.01
7485.594237695078,0.557818447848503,0.01
7487.995198079232,0.5569187306349425,0.01
7490.396158463385,0.5452451325593423,0.01
7492.7971188475385,0.5786507510327271,0.01
7495.198079231693,0.5471317726184295,0.01
7497.599039615846,0.5579863577632593,0.01
7500.0,0.5491880635516296,0.01
7502.400960384153,0.5566828813760012,0.01
7504.801920768306,0.5562672130366686,0.01
7507.202881152461,0.5764460755794967,0.01
7509.603841536615,0.5553923837524055,0.01
7512.004801920768,0.5579735530792124,0.01
7514.405762304921,0.5721332988870554,0.01
7516.806722689075,0.5471383941413668,0.01
7519.207683073229,0.5450073140409326,0.01
7521.608643457383,0.5454505066043133,0.01
7524.009603841536,0.5569844872061117,0.01
7526.41056422569,0.5320626327231686,0.01
7528.811524609844,0.5437970821895626,0.01
7531.212484993997,0.5438437628398956,0.01
7533.613445378151,0.549060952858401,0.01
7536.014405762305,0.5367018268834595,0.01
7538.415366146459,0.5308825997373208,0.01
7540.816326530612,0.5291109212806538,0.01
7543.217286914765,0.5254402412593009,0.01
7545.618247298919,0.5488815211494629,0.01
7548.019207683074,0.5300020098193374,0.01
7550.420168067227,0.5224387916077761,0.01
7552.82112845138,0.5043204634111531,0.01
7555.222088835534,0.5282823539603688,0.01
7557.623049219688,0.5530655299837677,0.01
7560.0240096038415,0.5235485279709312,0.01
7562.424969987995,0.533923192446029,0.01
7564.825930372148,0.5222479430098729,0.01
7567.226890756302,0.5122205440237934,0.01
7569.627851140456,0.5110318516539705,0.01
7572.028811524609,0.5162216064259941,0.01
7574.429771908763,0.5161939164666555,0.01
7576.830732292917,0.5086260016291129,0.01
7579.231692677071,0.5082871205230364,0.01
7581.632653061224,0.4891987779383206,0.01
7584.033613445377,0.5149717175965596,0.01
7586.4345738295315,0.4955608883284451,0.01
7588.835534213686,0.46925712583170187,0.01
7591.236494597839,0.47833079751844926,0.01
7593.637454981992,0.48168727517340276,0.01
7596.038415366146,0.4669465675319318,0.01
7598.439375750299,0.46953491644487305,0.01
7600.8403361344535,0.4771889720426548,0.01
7603.241296518607,0.4775094129849104,0.01
7605.642256902761,0.46879933081670816,0.01
7608.043217286914,0.46868063018008826,0.01
7610.444177671068,0.46476099210832733,0.01
7612.8451380552215,0.4581800430451943,0.01
7615.246098439376,0.46739099252819444,0.01
7617.647058823529,0.47953018504037365,0.01
7620.048019207683,0.45447875358190987,0.01
7622.448979591836,0.4644793603476261,0.01
7624.84993997599,0.4767282941836305,0.01
7627.2509003601435,0.4810691776193127,0.01
7629.651860744298,0.4909420366636982,0.01
7632.052821128451,0.49075599565770295,0.01
7634.453781512605,0.499679393443454,0.01
7636.854741896758,0.4854300313237353,0.01
7639.255702280912,0.48440471675630997,0.01
7641.656662665066,0.48202054285195006,0.01
7644.05762304922,0.48097242547010804,0.01
7646.458583433373,0.4931434878127869,0.01
7648.859543817527,0.48037752020566893,0.01
7651.26050420168,0.4760220322241981,0.01
7653.661464585834,0.4757109102801297,0.01
7656.062424969988,0.46351811484665684,0.01
7658.463385354142,0.4874208206666665,0.01
7660.864345738295,0.4828884280187907,0.01
7663.265306122449,0.471152057450676,0.01
7665.666266506602,0.47980682925813745,0.01
7668.067226890756,0.469378990209692,0.01
7670.46818727491,0.47101933949974684,0.01
7672.869147659063,0.4723052379888465,0.01
7675.270108043217,0.4734859678960814,0.01
7677.67106842737,0.46410287018407015,0.01
7680.072028811524,0.49125521722339116,0.01
7682.472989195678,0.45082476578049757,0.01
7684.873949579832,0.4584352466279942,0.01
7687.274909963985,0.46229994634679394,0.01
7689.675870348139,0.4669092107205975,0.01
7692.076830732292,0.4697908675733304,0.01
7694.4777911164465,0.4550226950065325,0.01
7696.8787515006,0.4372143561733971,0.01
7699.279711884754,0.4409841450016099,0.01
7701.680672268907,0.46763743247261164,0.01
7704.081632653061,0.4518120569802837,0.01
7706.482593037214,0.4624510729997354,0.01
7708.883553421369,0.4594821373452257,0.01
7711.284513805522,0.4613233245846969,0.01
7713.685474189676,0.46494620041382806,0.01
7716.086434573829,0.45043102693441006,0.01
7718.487394957983,0.4521930650465203,0.01
7720.8883553421365,0.44329778182444546,0.01
7723.289315726291,0.4590110292856642,0.01
7725.690276110444,0.43302990638231464,0.01
7728.091236494598,0.4545417465320581,0.01
7730.492196878751,0.43508907485569254,0.01
7732.893157262905,0.4489749912526031,0.01
7735.294117647059,0.4384648393811163,0.01
7737.695078031212,0.4455546548623926,0.01
7740.096038415366,0.44000238901104877,0.01
7742.496998799519,0.4430297442048383,0.01
7744.897959183673,0.4414613229500321,0.01
7747.2989195678265,0.411275794600669,0.01
7749.699879951981,0.43014452559785626,0.01
7752.100840336134,0.45019008896504953,0.01
7754.501800720288,0.40998697715328986,0.01
7756.902761104441,0.4019791145034413,0.01
7759.303721488595,0.4063454398569222,0.01
7761.704681872749,0.4287779680659147,0.01
7764.105642256903,0.4022824328764098,0.01
7766.506602641056,0.42105391156920685,0.01
7768.90756302521,0.4161132276480191,0.01
7771.308523409363,0.4254083564019601,0.01
7773.709483793517,0.42930301655489417,0.01
7776.110444177671,0.40417985272372414,0.01
7778.511404561825,0.42951707608595585,0.01
7780.912364945978,0.41927439161990526,0.01
7783.313325330132,0.42516298709352746,0.01
7785.714285714285,0.4240811864465154,0.01
7788.1152460984395,0.4003633462674746,0.01
7790.516206482593,0.41718523404686364,0.01
7792.917166866747,0.4209921109566148,0.01
7795.3181272509,0.4152090932726878,0.01
7797.719087635054,0.4119516765151383,0.01
7800.120048019207,0.39439900238851744,0.01
7802.521008403361,0.4130364099289398,0.01
7804.921968787515,0.3893086645589106,0.01
7807.322929171668,0.4105827171949888,0.01
7809.723889555822,0.40911850709433073,0.01
7812.124849939975,0.40160746766765326,0.01
7814.525810324129,0.39253186495448383,0.01
7816.926770708283,0.4082470937926506,0.01
7819.327731092437,0.4029242898167274,0.01
7821.72869147659,0.39336557791688276,0.01
7824.129651860744,0.40276271005085185,0.01
7826.530612244897,0.4036685048404564,0.01
7828.9315726290515,0.41561132368651504,0.01
7831.332533013205,0.4079813914428666,0.01
7833.733493397359,0.3990695140929884,0.01
7836.134453781512,0.3830855060011548,0.01
7838.535414165666,0.38837917098503505,0.01
7840.936374549819,0.3854963242639364,0.01
7843.337334933974,0.3996778089953901,0.01
7845.738295318127,0.3884875695565206,0.01
7848.139255702281,0.40240983489397136,0.01
7850.540216086434,0.38358412885888027,0.01
7852.941176470588,0.39600822834682103,0.01
7855.3421368547415,0.37771079473245806,0.01
7857.743097238896,0.37733420966659537,0.01
7860.144057623049,0.3878467449462921,0.01
7862.545018007203,0.38727711247150576,0.01
7864.945978391356,0.38664907649209884,0.01
7867.34693877551,0.37147320047827653,0.01
7869.747899159664,0.38027891883760095,0.01
7872.148859543817,0.387212981685902,0.01
7874.549819927971,0.3762337293058306,0.01
7876.950780312124,0.36505034096281985,0.01
7879.351740696278,0.3803659655908137,0.01
7881.7527010804315,0.3689491775946445,0.01
7884.153661464586,0.37590641189047014,0.01
7886.554621848739,0.3631007950290941,0.01
7888.955582232893,0.3728131571014568,0.01
7891.356542617046,0.3749795395754369,0.01
7893.7575030012,0.37631372864255497,0.01
7896.158463385354,0.3788707149880697,0.01
7898.559423769508,0.37200420898849473,0.01
7900.960384153661,0.35492726331937224,0.01
7903.361344537815,0.36411684982797066,0.01
7905.762304921968,0.36379639717994794,0.01
7908.163265306122,0.36194918420727223,0.01
7910.564225690276,0.3686759203577376,0.01
7912.96518607443,0.36948661571568736,0.01
7915.366146458583,0.34346035886874166,0.01
7917.767106842737,0.34925520268985494,0.01
7920.16806722689,0.36582739183114377,0.01
7922.5690276110445,0.36960534117100263,0.01
7924.969987995198,0.3575220455238877,0.01
7927.370948379352,0.35321617102318714,0.01
7929.771908763505,0.3580242406886333,0.01
7932.172869147659,0.35893349415802006,0.01
7934.573829531812,0.3339040542407049,0.01
7936.9747899159665,0.355350469788938,0.01
7939.37575030012,0.3416776957391791,0.01
7941.776710684273,0.34387821370443367,0.01
7944.177671068427,0.3500796003417451,0.01
7946.57863145258,0.3686664695122404,0.01
7948.9795918367345,0.3448273509756018,0.01
7951.380552220888,0.35049474828080324,0.01
7953.781512605042,0.3359965900735519,0.01
7956.182472989195,0.3276452099200013,0.01
7958.583433373349,0.33058115144533545,0.01
7960.984393757502,0.3311668647722806,0.01
7963.3853541416565,0.34919741898891565,0.01
7965.78631452581,0.34208057221994953,0.01
7968.187274909964,0.3406836080644876,0.01
7970.588235294117,0.33356264862283663,0.01
7972.989195678271,0.329295096841343,0.01
7975.3901560624245,0.3443075057245316,0.01
7977.791116446579,0.33324109227036436,0.01
7980.192076830732,0.33594844962647613,0.01
7982.593037214886,0.3212989406420782,0.01
7984.993997599039,0.3272590839818449,0.01
7987.394957983193,0.3285164413577331,0.01
7989.7959183673465,0.3373067430879192,0.01
7992.196878751501,0.3263050804899545,0.01
7994.597839135654,0.31769400109871365,0.01
7996.998799519808,0.3303000674921753,0.01
7999.399759903961,0.344393040970676,0.01
8001.800720288115,0.3221873068714446,0.01
8004.201680672269,0.3288954069638134,0.01
8006.602641056423,0.33984986983332754,0.01
8009.003601440576,0.31866453053163124,0.01
8011.404561824729,0.31216776115713973,0.01
8013.805522208883,0.30695455197883614,0.01
8016.2064825930365,0.33269980447361247,0.01
8018.607442977191,0.30673214524397013,0.01
8021.008403361344,0.32197732083534686,0.01
8023.409363745498,0.31009883016311485,0.01
8025.810324129651,0.3247571518509795,0.01
8028.211284513805,0.32806028307690505,0.01
8030.612244897959,0.3168947229133281,0.01
8033.013205282113,0.30320800527839753,0.01
8035.414165666266,0.30713854371184285,0.01
8037.81512605042,0.2937647451059556,0.01
8040.216086434573,0.3060158117459852,0.01
8042.617046818727,0.2909613311736806,0.01
8045.018007202881,0.2969381242293461,0.01
8047.418967587035,0.3084079695535541,0.01
8049.819927971188,0.3354256379487819,0.01
8052.220888355342,0.31002245709730303,0.01
8054.621848739495,0.2954584882383515,0.01
8057.0228091236495,0.3124522229340271,0.01
8059.423769507803,0.3147034505862795,0.01
8061.824729891957,0.2951053695217793,0.01
8064.22569027611,0.29588438654897276,0.01
8066.626650660264,0.30792923787756016,0.01
8069.027611044417,0.3074744006774621,0.01
8071.428571428572,0.29198757290327726,0.01
8073.829531812725,0.28688116653031476,0.01
8076.230492196878,0.2902783311114957,0.01
8078.631452581032,0.27623628985126053,0.01
8081.032412965185,0.29112672329117295,0.01
8083.4333733493395,0.2940142891705786,0.01
8085.834333733493,0.278412693964553,0.01
8088.235294117647,0.29763859974623086,0.01
8090.6362545018,0.29578607921726274,0.01
8093.037214885954,0.2898587498431916,0.01
8095.438175270107,0.2827643581189094,0.01
8097.839135654262,0.2959996661682452,0.01
8100.240096038415,0.2866447940533438,0.01
8102.641056422569,0.2873742949187392,0.01
8105.042016806722,0.27891040999489886,0.01
8107.442977190876,0.27002320424995135,0.01
8109.8439375750295,0.280941473909376,0.01
8112.244897959184,0.27694582991762806,0.01
8114.645858343337,0.2901202647417195,0.01
8117.046818727491,0.27159676441492786,0.01
8119.447779111644,0.26794061957235776,0.01
8121.848739495798,0.2728876950525958,0.01
8124.249699879952,0.28530495964248703,0.01
8126.650660264106,0.2813925026869154,0.01
8129.051620648259,0.275777426857044,0.01
8131.452581032413,0.2773338216562559,0.01
8133.853541416566,0.27703575267780217,0.01
8136.25450180072,0.2584015387357768,0.01
8138.655462184874,0.2618721600233813,0.01
8141.056422569028,0.26968918632723576,0.01
8143.457382953181,0.26663956278886486,0.01
8145.858343337334,0.27229704174358355,0.01
8148.259303721488,0.2734531000600358,0.01
8150.6602641056415,0.2695498088466765,0.01
8153.061224489796,0.2607831434786534,0.01
8155.462184873949,0.2745489137258184,0.01
8157.863145258103,0.24907929233940235,0.01
8160.264105642256,0.24450631919203472,0.01
8162.66506602641,0.2508325640302978,0.01
8165.066026410564,0.260267159347348,0.01
8167.466986794718,0.25174018866828407,0.01
8169.867947178871,0.2526422543081938,0.01
8172.268907563025,0.24870902591206667,0.01
8174.669867947178,0.253033984330523,0.01
8177.070828331332,0.2544566965184252,0.01
8179.471788715486,0.25386663175626734,0.01
8181.87274909964,0.2648527599303054,0.01
8184.273709483793,0.26667004339686995,0.01
8186.674669867947,0.24799736738898093,0.01
8189.0756302521,0.2580680888628007,0.01
8191.4765906362545,0.2625931148425942,0.01
8193.877551020407,0.23808221675354593,0.01
8196.278511404562,0.24002130412580855,0.01
8198.679471788715,0.2484834851935045,0.01
8201.080432172868,0.2377719381777067,0.01
8203.481392557023,0.26511599979506134,0.01
8205.882352941177,0.23660683118324594,0.01
8208.28331332533,0.2420619900879198,0.01
8210.684273709485,0.23848027506880923,0.01
8213.085234093636,0.23726576157868778,0.01
8215.486194477791,0.24505859718900352,0.01
8217.887154861945,0.23935508596114224,0.01
8220.288115246098,0.2411291148689498,0.01
8222.689075630253,0.25414817759005665,0.01
8225.090036014404,0.24251704018915707,0.01
8227.49099639856,0.23461035613736422,0.01
8229.891956782712,0.231438110818298,0.01
8232.292917166866,0.2335913600200235,0.01
8234.69387755102,0.2311999923778276,0.01
8237.094837935174,0.2484691974021656,0.01
8239.495798319327,0.2572123623865445,0.01
8241.896758703482,0.23722628787760613,0.01
8244.297719087634,0.24687100562269773,0.01
8246.698679471789,0.22816328491200843,0.01
8249.099639855942,0.2235286661296399,0.01
8251.500600240095,0.23774029136561908,0.01
8253.90156062425,0.23212715192778047,0.01
8256.302521008403,0.2439000684126586,0.01
8258.703481392557,0.24444299002748227,0.01
8261.104441776712,0.21909304700401686,0.01
8263.505402160863,0.21039336052357446,0.01
8265.906362545018,0.21638159454454775,0.01
8268.307322929171,0.21838888884229637,0.01
8270.708283313325,0.226283722892408,0.01
8273.10924369748,0.21874878690117164,0.01
8275.510204081633,0.22513015186010638,0.01
8277.911164465786,0.22718630647803412,0.01
8280.312124849941,0.2103164861567824,0.01
8282.713085234092,0.22488875808377856,0.01
8285.114045618247,0.24746694235543915,0.01
8287.5150060024,0.2211836193274831,0.01
8289.915966386554,0.21351759739273793,0.01
8292.316926770709,0.24334167583969488,0.01
8294.71788715486,0.20700501816291425,0.01
8297.118847539015,0.2115624992650659,0.01
8299.519807923169,0.19667585714616792,0.01
8301.920768307322,0.22511969479894714,0.01
8304.321728691477,0.22952360786450382,0.01
8306.72268907563,0.22286468609065038,0.01
8309.123649459783,0.22051231656605164,0.01
8311.524609843938,0.22439265249417661,0.01
8313.92557022809,0.21622344713255914,0.01
8316.326530612245,0.21860449280181365,0.01
8318.727490996398,0.20177000774131498,0.01
8321.128451380551,0.22333532132862835,0.01
8323.529411764706,0.20546029635304974,0.01
8325.93037214886,0.2053505797696017,0.01
8328.331332533013,0.21646605207733033,0.01
8330.732292917168,0.2042432640192343,0.01
8333.13325330132,0.2137875245052887,0.01
8335.534213685474,0.22036452294803707,0.01
8337.935174069627,0.19483498773186003,0.01
8340.33613445378,0.2052520436712117,0.01
8342.737094837936,0.20791122269265339,0.01
8345.138055222089,0.19071494242202208,0.01
8347.539015606242,0.19501886238466803,0.01
8349.939975990395,0.2074729094689248,0.01
8352.340936374549,0.2053956643791168,0.01
8354.741896758704,0.18986173812180115,0.01
8357.142857142857,0.18023674682456287,0.01
8359.54381752701,0.19414269198313022,0.01
8361.944777911165,0.19299014403526504,0.01
8364.345738295317,0.19650683758902346,0.01
8366.746698679472,0.19431568135222516,0.01
8369.147659063625,0.20105194072243543,0.01
8371.548619447778,0.17119921096669294,0.01
8373.949579831933,0.1801141782059735,0.01
8376.350540216086,0.1954819953923748,0.01
8378.75150060024,0.1811961357563663,0.01
8381.152460984395,0.20850865775264135,0.01
8383.553421368546,0.19405539567605343,0.01
8385.954381752701,0.2166562430865061,0.01
8388.355342136854,0.1868132888286453,0.01
8390.756302521007,0.18131333374656214,0.01
8393.157262905162,0.19724297331221838,0.01
8395.558223289316,0.18974725422137986,0.01
8397.959183673469,0.1754963262887704,0.01
8400.360144057624,0.18909111593057262,0.01
8402.761104441775,0.19799484550280372,0.01
8405.16206482593,0.18252057754858242,0.01
8407.563025210084,0.1770353194436453,0.01
8409.963985594237,0.18671507010331626,0.01
8412.364945978392,0.18027080413939767,0.01
8414.765906362545,0.18564041174018303,0.01
8417.166866746698,0.16250030273607433,0.01
8419.567827130852,0.17708080154772673,0.01
8421.968787515005,0.16471612078879794,0.01
8424.36974789916,0.18986222851357035,0.01
8426.770708283313,0.1638308267789167,0.01
8429.171668667466,0.16827564184285024,0.01
8431.572629051621,0.19218443956294629,0.01
8433.973589435773,0.1748462077427021,0.01
8436.374549819928,0.1836130056830167,0.01
8438.775510204081,0.16961090065343085,0.01
8441.176470588234,0.15554704258017626,0.01
8443.57743097239,0.1787614854882463,0.01
8445.978391356542,0.18212778196977084,0.01
8448.379351740696,0.18476677324778135,0.01
8450.78031212485,0.1469683006017905,0.01
8453.181272509002,0.18578746685775357,0.01
8455.582232893157,0.1771051588484403,0.01
8457.98319327731,0.17750783915681353,0.01
8460.384153661464,0.17155772763078805,0.01
8462.785114045619,0.1775397811305751,0.01
8465.186074429772,0.16933100385881647,0.01
8467.587034813925,0.1696447006816479,0.01
8469.98799519808,0.15310582241893259,0.01
8472.388955582232,0.16523929759537737,0.01
8474.789915966387,0.1692934150418967,0.01
8477.19087635054,0.15242577495170276,0.01
8479.591836734693,0.1559025109802963,0.01
8481.992797118848,0.1760413490554401,0.01
8484.393757503001,0.14551070876993275,0.01
8486.794717887155,0.16969254873559214,0.01
8489.195678271308,0.16852660688301357,0.01
8491.596638655461,0.14467812470244062,0.01
8493.997599039616,0.1467533554314132,0.01
8496.39855942377,0.1755924508798433,0.01
8498.799519807922,0.13335258268904326,0.01
8501.200480192078,0.1638055181579023,0.01
8503.601440576229,0.16758942050310366,0.01
8506.002400960384,0.1614809107409653,0.01
8508.403361344537,0.1526910637862532,0.01
8510.80432172869,0.1322762282031655,0.01
8513.205282112845,0.15842988986330162,0.01
8515.606242496999,0.15482732789598397,0.01
8518.007202881152,0.1716276395112111,0.01
8520.408163265307,0.15941072908321266,0.01
8522.809123649458,0.15997273160478975,0.01
8525.210084033613,0.1474827258546919,0.01
8527.611044417767,0.1457459505107494,0.01
8530.01200480192,0.14982685784791308,0.01
8532.412965186075,0.12679618351942365,0.01
8534.813925570228,0.1361181274874266,0.01
8537.214885954381,0.14524617628076505,0.01
8539.615846338536,0.1592271287690163,0.01
8542.016806722688,0.14018058841812303,0.01
8544.417767106843,0.14391642990004783,0.01
8546.818727490996,0.15760266300140094,0.01
8549.21968787515,0.14560886799953005,0.01
8551.620648259304,0.12389462531339732,0.01
8554.021608643456,0.13080418735793048,0.01
8556.42256902761,0.15032602112711232,0.01
8558.823529411764,0.13967003948635187,0.01
8561.224489795917,0.13784822107549938,0.01
8563.625450180072,0.14319199361590948,0.01
8566.026410564225,0.14548211295701907,0.01
8568.427370948379,0.15126020806842547,0.01
8570.828331332534,0.15310534222984384,0.01
8573.229291716685,0.1400804498841399,0.01
8575.63025210084,0.15040703642907655,0.01
8578.031212484993,0.1432558616726096,0.01
8580.432172869147,0.14172508148966928,0.01
8582.833133253302,0.13720911410981315,0.01
8585.234093637455,0.14799811945119187,0.01
8587.635054021608,0.11701516580311375,0.01
8590.036014405763,0.13342295327291162,0.01
8592.436974789915,0.13108500017800412,0.01
8594.83793517407,0.1273113514239619,0.01
8597.238895558223,0.11844012399858399,0.01
8599.639855942376,0.13460194183360893,0.01
8602.040816326531,0.12003853394024623,0.01
8604.441776710684,0.14294856613427603,0.01
8606.842737094838,0.1463032197760579,0.01
8609.243697478993,0.13021173212786719,0.01
8611.644657863144,0.1455510903470044,0.01
8614.045618247299,0.13656681990226238,0.01
8616.446578631452,0.1332159285043985,0.01
8618.847539015605,0.13435926750571492,0.01
8621.24849939976,0.1177550175198941,0.01
8623.649459783912,0.12693185955833247,0.01
8626.050420168067,0.11725623229164725,0.01
8628.45138055222,0.11408321187221908,0.01
8630.852340936373,0.14068888281420922,0.01
8633.253301320528,0.10781926269324389,0.01
8635.654261704682,0.12575622712390533,0.01
8638.055222088835,0.10497227114445679,0.01
8640.45618247299,0.13028571298446714,0.01
8642.857142857141,0.12487496281511212,0.01
8645.258103241296,0.12666832835035957,0.01
8647.65906362545,0.13206334994184668,0.01
8650.060024009603,0.11890161799930184,0.01
8652.460984393758,0.13990593354073202,0.01
8654.861944777911,0.11774991314099845,0.01
8657.262905162064,0.11417052352526377,0.01
8659.66386554622,0.12206261062022393,0.01
8662.06482593037,0.13356195036761434,0.01
8664.465786314526,0.13819328832773647,0.01
8666.866746698679,0.09564256128187343,0.01
8669.267707082832,0.12159563585256915,0.01
8671.668667466987,0.12476401955746132,0.01
8674.06962785114,0.11274578463522364,0.01
8676.470588235294,0.12682580425081116,0.01
8678.871548619449,0.11639760993116016,0.01
8681.2725090036,0.11717005560984659,0.01
8683.673469387755,0.11205417825651247,0.01
8686.074429771908,0.13556658179504788,0.01
8688.475390156062,0.11456571432505422,0.01
8690.876350540217,0.11543745696415467,0.01
8693.277310924368,0.1036346381451347,0.01
8695.678271308523,0.11746064808221202,0.01
8698.079231692676,0.1129973230100189,0.01
8700.48019207683,0.10073417831626144,0.01
8702.881152460985,0.10877080737696312,0.01
8705.282112845138,0.11215809069479278,0.01
8707.683073229291,0.10215146487676245,0.01
8710.084033613446,0.11169238357438563,0.01
8712.484993997597,0.09695968998464886,0.01
8714.885954381753,0.10077668844728928,0.01
8717.286914765906,0.12075970142291785,0.01
8719.687875150059,0.11225956312775968,0.01
8722.088835534214,0.1153553935536972,0.01
8724.489795918367,0.12429035845928887,0.01
8726.89075630252,0.10123721351164823,0.01
8729.291716686675,0.09684365391086718,0.01
8731.692677070827,0.10527411525983468,0.01
8734.093637454982,0.11922500373492403,0.01
8736.494597839135,0.11021373523796739,0.01
8738.895558223288,0.1117810073785441,0.01
8741.296518607443,0.09761922212195082,0.01
8743.697478991597,0.1102694569171633,0.01
8746.09843937575,0.10607349171542785,0.01
8748.499399759905,0.11054979637415777,0.01
8750.900360144056,0.09776720043528501,0.01
8753.301320528211,0.09648435871887974,0.01
8755.702280912365,0.11016387374711632,0.01
8758.103241296518,0.100180835611041,0.01
8760.504201680673,0.09291443221698394,0.01
8762.905162064824,0.09062027854639221,0.01
8765.30612244898,0.08693317578381475,0.01
8767.707082833133,0.10442258756799636,0.01
8770.108043217286,0.09734245845060359,0.01
8772.50900360144,0.10408182534667565,0.01
8774.909963985594,0.10703289110536801,0.01
8777.310924369747,0.10980291201742487,0.01
8779.711884753902,0.10000349416340325,0.01
8782.112845138054,0.1252753185047698,0.01
8784.513805522209,0.09740673148332306,0.01
8786.914765906362,0.1042921930223279,0.01
8789.315726290515,0.08290384564257872,0.01
8791.71668667467,0.10721771383127968,0.01
8794.117647058823,0.11811606161169845,0.01
8796.518607442977,0.10051483731392648,0.01
8798.919567827132,0.0897887037132801,0.01
8801.320528211283,0.09472017911478119,0.01
8803.721488595438,0.10405211930714325,0.01
8806.122448979591,0.10472121695472865,0.01
8808.523409363745,0.08517852676560153,0.01
8810.9243697479,0.10625083054188053,0.01
8813.325330132053,0.09365695725901507,0.01
8815.726290516206,0.1106921139706005,0.01
8818.127250900361,0.08353152393031305,0.01
8820.528211284513,0.10259109131602678,0.01
8822.929171668668,0.08943685189068701,0.01
8825.33013205282,0.08227540343001585,0.01
8827.731092436974,0.09166081256400246,0.01
8830.132052821129,0.08406332390130081,0.01
8832.53301320528,0.09955864739412064,0.01
8834.933973589435,0.11131516466463601,0.01
8837.334933973589,0.09791462708161393,0.01
8839.735894357742,0.08800501087240617,0.01
8842.136854741897,0.09459465182609217,0.01
8844.53781512605,0.0739000930915137,0.01
8846.938775510203,0.08933433316528568,0.01
8849.339735894358,0.08100000926684031,0.01
8851.74069627851,0.09953326148134842,0.01
8854.141656662665,0.07423443465281568,0.01
8856.542617046818,0.0765058951342924,0.01
8858.943577430971,0.08915115393458124,0.01
8861.344537815126,0.08639644324824816,0.01
8863.74549819928,0.08801374650730456,0.01
8866.146458583433,0.08497790910708701,0.01
8868.547418967588,0.10911658472119044,0.01
8870.94837935174,0.07536282724152592,0.01
8873.349339735894,0.0784278189939874,0.01
8875.750300120048,0.07932277695966136,0.01
8878.1512605042,0.06393480588430756,0.01
8880.552220888356,0.07293932855028512,0.01
8882.953181272509,0.0793513035082444,0.01
8885.354141656662,0.08782841388801317,0.01
8887.755102040817,0.08828504042027076,0.01
8890.156062424969,0.09163298654258623,0.01
8892.557022809124,0.09994275954309605,0.01
8894.957983193277,0.06322480081535144,0.01
8897.35894357743,0.08974296933684962,0.01
8899.759903961585,0.07852562040238929,0.01
8902.160864345737,0.08774536796372247,0.01
8904.561824729892,0.07167488156083764,0.01
8906.962785114045,0.0695581701321418,0.01
8909.363745498198,0.09016432140161121,0.01
8911.764705882353,0.056314923503175976,0.01
8914.165666266506,0.07454438156789936,0.01
8916.56662665066,0.07846591575164645,0.01
8918.967587034815,0.07692777162095069,0.01
8921.368547418966,0.0737386674638375,0.01
8923.769507803121,0.06506367891179696,0.01
8926.170468187274,0.044883795345366226,0.01
8928.571428571428,0.0905142448490784,0.01
8930.972388955583,0.08909393071501864,0.01
8933.373349339736,0.08174010485525071,0.01
8935.774309723889,0.06535538561061333,0.01
8938.175270108044,0.05687819333097161,0.01
8940.576230492195,0.06790808401297707,0.01
8942.97719087635,0.07753474067781486,0.01
8945.378151260504,0.0722787842778935,0.01
8947.779111644657,0.08432993057692979,0.01
8950.180072028812,0.06534235956906521,0.01
8952.581032412965,0.07299324974740191,0.01
8954.981992797118,0.08179304333816413,0.01
8957.382953181273,0.07383049772817152,0.01
8959.783913565425,0.06613946135594526,0.01
8962.18487394958,0.06035266613650563,0.01
8964.585834333733,0.06956098158080458,0.01
8966.986794717886,0.06637580500783023,0.01
8969.387755102041,0.0695116551557495,0.01
8971.788715486193,0.07198407456712645,0.01
8974.189675870348,0.07715314479430223,0.01
8976.590636254501,0.06794720213060598,0.01
8978.991596638654,0.07254000627130919,0.01
8981.39255702281,0.0542073343416366,0.01
8983.793517406963,0.07271500228776534,0.01
8986.194477791116,0.07631083994102851,0.01
8988.59543817527,0.07186218025742208,0.01
8990.996398559422,0.06311381591533019,0.01
8993.397358943577,0.052102181857341515,0.01
8995.79831932773,0.07998867681928351,0.01
8998.199279711884,0.06928481567426906,0.01
9000.600240096039,0.05871678315791676,0.01
9003.001200480192,0.060345499828052686,0.01
9005.402160864345,0.06933421317802817,0.01
9007.8031212485,0.06407561140916106,0.01
9010.204081632652,0.06464437806090526,0.01
9012.605042016807,0.08757649704873158,0.01
9015.00600240096,0.05889093912924746,0.01
9017.406962785113,0.0650259328271346,0.01
9019.807923169268,0.06001023488258345,0.01
9022.208883553421,0.06258659459409587,0.01
9024.609843937575,0.05451639935214896,0.01
9027.01080432173,0.049495261539043364,0.01
9029.411764705881,0.06455785267110348,0.01
9031.812725090036,0.0512508025695787,0.01
9034.21368547419,0.049288156879494234,0.01
9036.614645858343,0.07671930102084597,0.01
9039.015606242498,0.05690029501551936,0.01
9041.416566626649,0.05438465694256157,0.01
9043.817527010804,0.06453502498047282,0.01
9046.218487394957,0.05735713713076095,0.01
9048.61944777911,0.06325534568562452,0.01
9051.020408163266,0.048071826446584434,0.01
9053.421368547419,0.04581937063890215,0.01
9055.822328931572,0.06229751383046424,0.01
9058.223289315727,0.03407920028777013,0.01
9060.624249699878,0.06033715059716262,0.01
9063.025210084033,0.06816946310462639,0.01
9065.426170468187,0.06772162829400499,0.01
9067.82713085234,0.0643131851824863,0.01
9070.228091236495,0.06524894599551459,0.01
9072.629051620648,0.04360081400419218,0.01
9075.030012004801,0.07034219062287352,0.01
9077.430972388956,0.05682304374465701,0.01
9079.831932773108,0.0578733072648779,0.01
9082.232893157263,0.05588308359290616,0.01
9084.633853541416,0.05410810915069361,0.01
9087.03481392557,0.06143923380984021,0.01
9089.435774309724,0.04402569480677873,0.01
9091.836734693878,0.06287428336204122,0.01
9094.23769507803,0.04474380228362241,0.01
9096.638655462186,0.04233628142204423,0.01
9099.039615846337,0.04567833382760057,0.01
9101.440576230492,0.060410916798261556,0.01
9103.841536614646,0.06376898691009908,0.01
9106.242496998799,0.04130974716191514,0.01
9108.643457382954,0.06257738220190416,0.01
9111.044417767105,0.07041795932676932,0.01
9113.44537815126,0.05901729903771823,0.01
9115.846338535413,0.04641277286414583,0.01
9118.247298919567,0.054386158025409616,0.01
9120.648259303722,0.04211422175829843,0.01
9123.049219687875,0.0635557237527582,0.01
9125.450180072028,0.04755876638074909,0.01
9127.851140456183,0.039923550405237485,0.01
9130.252100840335,0.049132220207417296,0.01
9132.65306122449,0.046361322621772595,0.01
9135.054021608643,0.04545327976517095,0.01
9137.454981992796,0.06018950237129827,0.01
9139.855942376951,0.07009799134274916,0.01
9142.256902761104,0.05175470634094367,0.01
9144.657863145258,0.06031108276530671,0.01
9147.058823529413,0.04567574870071161,0.01
9149.459783913564,0.05901399864194358,0.01
9151.860744297719,0.0747005993916311,0.01
9154.261704681872,0.053747289695431716,0.01
9156.662665066026,0.02089568852810138,0.01
9159.06362545018,0.03301556108276405,0.01
9161.464585834334,0.037437021187100475,0.01
9163.865546218487,0.032332931667210914,0.01
9166.266506602642,0.029908928211566373,0.01
9168.667466986793,0.049903992244952435,0.01
9171.068427370948,0.03876534148434177,0.01
9173.469387755102,0.05064185310017369,0.01
9175.870348139255,0.03286116624166052,0.01
9178.27130852341,0.04175893388741383,0.01
9180.672268907561,0.054021974800210086,0.01
9183.073229291716,0.05583244056451088,0.01
9185.47418967587,0.036678414020193686,0.01
9187.875150060023,0.04219222888636351,0.01
9190.276110444178,0.04340185521849728,0.01
9192.677070828331,0.044677718666378374,0.01
9195.078031212484,0.04530743720040009,0.01
9197.47899159664,0.04127606701166987,0.01
9199.87995198079,0.057065874479482505,0.01
9202.280912364946,0.03306970961699815,0.01
9204.681872749099,0.030574368606700254,0.01
9207.082833133252,0.04549394084059975,0.01
9209.483793517407,0.0417853304873569,0.01
9211.88475390156,0.04364534054138296,0.01
9214.285714285714,0.05128352630954952,0.01
9216.686674669869,0.05030367803448453,0.01
9219.08763505402,0.03994050324489092,0.01
9221.488595438175,0.041763961865458096,0.01
9223.889555822328,0.04642503212349894,0.01
9226.290516206482,0.032740609733853225,0.01
9228.691476590637,0.0584019510119444,0.01
9231.09243697479,0.05008061320087555,0.01
9233.493397358943,0.0385576062541369,0.01
9235.894357743098,0.035619677121464646,0.01
9238.29531812725,0.03868206683223168,0.01
9240.696278511405,0.04827503957320829,0.01
9243.097238895558,0.05555269444743589,0.01
9245.498199279711,0.04180744461666873,0.01
9247.899159663866,0.030709370732701517,0.01
9250.300120048018,0.02231581244796971,0.01
9252.701080432173,0.05896034178105894,0.01
9255.102040816326,0.026696781427858397,0.01
9257.503001200479,0.03096783534251798,0.01
9259.903961584634,0.02753033668116182,0.01
9262.304921968787,0.029643788937888788,0.01
9264.70588235294,0.04840640881844483,0.01
9267.106842737096,0.031538875889970466,0.01
9269.507803121247,0.03373486863517667,0.01
9271.908763505402,0.049236095626421526,0.01
9274.309723889555,0.026700231104295813,0.01
9276.710684273708,0.028568165277746048,0.01
9279.111644657864,0.02443600198395154,0.01
9281.512605042017,0.03606574307168228,0.01
9283.91356542617,0.018964723687446353,0.01
9286.314525810325,0.02333440925016919,0.01
9288.715486194476,0.03673735076704652,0.01
9291.116446578631,0.0385871431581495,0.01
9293.517406962785,0.02329675250348226,0.01
9295.918367346938,0.035047028519909054,0.01
9298.319327731093,0.03257348846801435,0.01
9300.720288115246,0.03500800994801773,0.01
9303.1212484994,0.022996620775975474,0.01
9305.522208883553,0.0378635568778035,0.01
9307.923169267706,0.029585833985621587,0.01
9310.32412965186,0.031843675440081695,0.01
9312.725090036014,0.03674462776049403,0.01
9315.126050420167,0.0246942599351389,0.01
9317.527010804322,0.041011188980688326,0.01
9319.927971188474,0.0281672216914448,0.01
9322.328931572629,0.0446241754966228,0.01
9324.729891956782,0.0262716294165741,0.01
9327.130852340935,0.045478506157407866,0.01
9329.53181272509,0.016799215562443487,0.01
9331.932773109243,0.02319375656886593,0.01
9334.333733493397,0.049018380794325314,0.01
9336.734693877552,0.03754836265634989,0.01
9339.135654261703,0.02092480877343734,0.01
9341.536614645858,0.028305342694253593,0.01
9343.937575030011,0.043030637478642705,0.01
9346.338535414165,0.05054291502794813,0.01
9348.73949579832,0.043353377880087154,0.01
9351.140456182473,0.01882629897967484,0.01
9353.541416566626,0.00021507161026423222,0.01
9355.942376950781,0.027025361456751985,0.01
9358.343337334933,0.02846946132824041,0.01
9360.744297719088,0.03193161134581448,0.01
9363.14525810324,0.029714614184043874,0.01
9365.546218487394,0.020397039627342718,0.01
9367.94717887155,0.029057773987134005,0.01
9370.348139255702,0.03334074171525976,0.01
9372.749099639856,0.030639153649861865,0.01
9375.150060024009,0.03546729427689277,0.01
9377.551020408162,0.030153165325397496,0.01
9379.951980792317,0.01573623314923276,0.01
9382.35294117647,0.03908916697383297,0.01
9384.753901560623,0.036995871746980144,0.01
9387.154861944779,0.03820938994630374,0.01
9389.55582232893,0.013268536317143972,0.01
9391.956782713085,0.031265306369021625,0.01
9394.357743097238,0.03304759009927921,0.01
9396.758703481391,0.02617726885072748,0.01
9399.159663865546,0.03437662821466231,0.01
9401.5606242497,0.03291192914000454,0.01
9403.961584633853,0.030639473897528795,0.01
9406.362545018008,0.04151185657779881,0.01
9408.76350540216,0.0290473338269101,0.01
9411.164465786314,0.017134598099220126,0.01
9413.565426170468,0.02141852074033108,0.01
9415.96638655462,0.016345696930362526,0.01
9418.367346938776,0.03041118302228774,0.01
9420.76830732293,0.030856239887275684,0.01
9423.169267707082,0.030402978863973314,0.01
9425.570228091237,0.02108523209303338,0.01
9427.971188475389,0.03933417940648201,0.01
9430.372148859544,0.026187601792132774,0.01
9432.773109243697,0.02054191068681868,0.01
9435.17406962785,0.02683444817254313,0.01
9437.575030012005,0.028424720808894226,0.01
9439.975990396159,0.03503223486280893,0.01
9442.376950780312,0.008538830976418263,0.01
9444.777911164465,0.017805090930214457,0.01
9447.178871548618,0.004106269721066608,0.01
9449.579831932773,0.022282975565381596,0.01
9451.980792316926,0.001358163129301971,0.01
9454.38175270108,0.02981283850636231,0.01
9456.782713085235,0.01847378404965925,0.01
9459.183673469386,0.02632944640480671,0.01
9461.584633853541,0.03859519110734131,0.01
9463.985594237694,0.03722166970971266,0.01
9466.386554621848,0.032605741248200384,0.01
9468.787515006003,0.012389948142260913,0.01
9471.188475390156,0.017983021359399918,0.01
9473.58943577431,0.019036892855082168,0.01
9475.990396158464,0.032758492171056725,0.01
9478.391356542616,0.042944386003368945,0.01
9480.79231692677,0.01838359254520934,0.01
9483.193277310924,0.028555702816897868,0.01
9485.594237695077,0.027398268547573754,0.01
9487.995198079232,0.008226365998801395,0.01
9490.396158463385,0.017654915734833028,0.01
9492.797118847539,0.02528628405588652,0.01
9495.198079231694,0.031813880772477564,0.01
9497.599039615845,0.0318879599649301,0.01
9500.0,0.0010834411216630487,0.01
