wavelength,intensity,uncertainty
3500.0,0.08122221523705216,0.01
3502.4009603841537,0.0786128648973634,0.01
3504.8019207683074,0.07906342206007905,0.01
3507.202881152461,0.08764656797201767,0.01
3509.6038415366147,0.07067302820439249,0.01
3512.0048019207684,0.07950763473186374,0.01
3514.405762304922,0.07952883561966682,0.01
3516.8067226890757,0.0958247941730065,0.01
3519.2076830732294,0.08188803826220555,0.01
3521.608643457383,0.07349053354018542,0.01
3524.009603841537,0.08702230965886083,0.01
3526.4105642256905,0.08374888491949314,0.01
3528.811524609844,0.09571818842287305,0.01
3531.212484993998,0.08145733943995698,0.01
3533.6134453781515,0.07349557375343056,0.01
3536.0144057623047,0.08837023958851312,0.01
3538.4153661464584,0.07913869919962684,0.01
3540.816326530612,0.07688843279039664,0.01
3543.2172869147657,0.08718655340649772,0.01
3545.6182472989194,0.09017120795715801,0.01
3548.019207683073,0.09679389348167866,0.01
3550.4201680672268,0.082774817655278,0.01
3552.8211284513804,0.08156899513351591,0.01
3555.222088835534,0.09424332277689468,0.01
3557.623049219688,0.08564617523456794,0.01
3560.0240096038415,0.08425549643350852,0.01
3562.424969987995,0.09138864007251253,0.01
3564.825930372149,0.09205175174478449,0.01
3567.2268907563025,0.0752476617653466,0.01
3569.627851140456,0.07125941286618978,0.01
3572.02881152461,0.08318704801731096,0.01
3574.4297719087635,0.08215949133870687,0.01
3576.830732292917,0.10272323595736811,0.01
3579.231692677071,0.09778869051339914,0.01
3581.6326530612246,0.08691644521801964,0.01
3584.0336134453783,0.08465032908667806,0.01
3586.434573829532,0.10229542283941012,0.01
3588.8355342136856,0.0878078660065948,0.01
3591.2364945978393,0.10053006141882552,0.01
3593.637454981993,0.11323268176804945,0.01
3596.0384153661466,0.08111342353582701,0.01
3598.4393757503003,0.09334442262006508,0.01
3600.840336134454,0.1089214922154544,0.01
3603.2412965186077,0.08341361169916883,0.01
3605.642256902761,0.1013620109306406,0.01
3608.0432172869146,0.10107137517242788,0.01
3610.4441776710682,0.08762779366975,0.01
3612.845138055222,0.0991393982922721,0.01
3615.2460984393756,0.11099764846172372,0.01
3617.6470588235293,0.09051024389906524,0.01
3620.048019207683,0.09449069518246377,0.01
3622.4489795918366,0.08178063296327338,0.01
3624.8499399759903,0.10561774478455671,0.01
3627.250900360144,0.100717600622998,0.01
3629.6518607442977,0.11174432561047395,0.01
3632.0528211284513,0.11953305460869736,0.01
3634.453781512605,0.10746207433277702,0.01
3636.8547418967587,0.10996088594615991,0.01
3639.2557022809124,0.10476069460037919,0.01
3641.656662665066,0.10705085625356354,0.01
3644.0576230492197,0.09911385559330013,0.01
3646.4585834333734,0.0824967159568738,0.01
3648.859543817527,0.10181885428120165,0.01
3651.2605042016808,0.10388176539598769,0.01
3653.6614645858344,0.09352887451240308,0.01
3656.062424969988,0.10375767139928134,0.01
3658.463385354142,0.10657397276984605,0.01
3660.8643457382955,0.10850637810123714,0.01
3663.265306122449,0.10642653864594537,0.01
3665.666266506603,0.11625843980039086,0.01
3668.0672268907565,0.10118823300971677,0.01
3670.4681872749097,0.11400679101427759,0.01
3672.869147659064,0.112838772083276,0.01
3675.270108043217,0.1239859112514172,0.01
3677.6710684273708,0.1026026035262681,0.01
3680.0720288115244,0.10348785425030557,0.01
3682.472989195678,0.11663537401429644,0.01
3684.873949579832,0.10850020798034285,0.01
3687.2749099639855,0.11990959903240977,0.01
3689.675870348139,0.11349725690735532,0.01
3692.076830732293,0.09012018451866967,0.01
3694.4777911164465,0.11290057149995752,0.01
3696.8787515006,0.12366125955562147,0.01
3699.279711884754,0.11594157453420796,0.01
3701.6806722689075,0.12346969898623708,0.01
3704.081632653061,0.12043858406607741,0.01
3706.482593037215,0.1191286248219874,0.01
3708.8835534213686,0.12455932364254656,0.01
3711.2845138055222,0.11292232838384435,0.01
3713.685474189676,0.12916713172924402,0.01
3716.0864345738296,0.10365252059635367,0.01
3718.4873949579833,0.11901746062258718,0.01
3720.888355342137,0.13744121326539713,0.01
3723.2893157262906,0.11099128313810969,0.01
3725.6902761104443,0.12489054683354178,0.01
3728.091236494598,0.12463908967843729,0.01
3730.4921968787517,0.11845501990871339,0.01
3732.8931572629053,0.10716646166325536,0.01
3735.294117647059,0.10630764893095149,0.01
3737.6950780312127,0.13146470008577602,0.01
3740.096038415366,0.13204804869898504,0.01
3742.4969987995196,0.10613310470543662,0.01
3744.8979591836733,0.12298477806717428,0.01
3747.298919567827,0.11408458827095203,0.01
3749.6998799519806,0.11641501628166014,0.01
3752.1008403361343,0.13666888471286762,0.01
3754.501800720288,0.12185264610747026,0.01
3756.9027611044417,0.12543705079112613,0.01
3759.3037214885953,0.1016199235742204,0.01
3761.704681872749,0.13089217653570825,0.01
3764.1056422569027,0.12930586537616795,0.01
3766.5066026410564,0.10579379562313018,0.01
3768.90756302521,0.126895073706042,0.01
3771.3085234093637,0.1424133124652714,0.01
3773.7094837935174,0.13382254382414907,0.01
3776.110444177671,0.13720942990110296,0.01
3778.5114045618247,0.13503996952284136,0.01
3780.9123649459784,0.12694337372817083,0.01
3783.313325330132,0.126401567536779,0.01
3785.714285714286,0.13211750375773013,0.01
3788.1152460984395,0.13161028157827465,0.01
3790.516206482593,0.13170153855182562,0.01
3792.917166866747,0.12769368670877934,0.01
3795.3181272509005,0.13191105802767314,0.01
3797.719087635054,0.12396252655380893,0.01
3800.120048019208,0.13395350896104447,0.01
3802.5210084033615,0.1234675785845165,0.01
3804.9219687875147,0.14427509525486662,0.01
3807.322929171669,0.126954052333327,0.01
3809.723889555822,0.14021430308858843,0.01
3812.124849939976,0.1373350896564941,0.01
3814.5258103241295,0.13253192924966964,0.01
3816.926770708283,0.1418526606776057,0.01
3819.327731092437,0.13769717640342768,0.01
3821.7286914765905,0.12780032794622126,0.01
3824.129651860744,0.1383177445602403,0.01
3826.530612244898,0.1522232533897869,0.01
3828.9315726290515,0.13505482559822787,0.01
3831.332533013205,0.1239593767988954,0.01
3833.733493397359,0.1348841848715053,0.01
3836.1344537815125,0.1496520991511871,0.01
3838.535414165666,0.1459573962903818,0.01
3840.93637454982,0.1428811299949752,0.01
3843.3373349339736,0.14063992135035494,0.01
3845.7382953181273,0.15639659808728137,0.01
3848.139255702281,0.14752208995486688,0.01
3850.5402160864346,0.14289163208530622,0.01
3852.9411764705883,0.1560667972916899,0.01
3855.342136854742,0.14937011873205455,0.01
3857.7430972388956,0.14198364451892578,0.01
3860.1440576230493,0.1436934163099156,0.01
3862.545018007203,0.16215901646436107,0.01
3864.9459783913567,0.15867535875534597,0.01
3867.3469387755104,0.1535623699664699,0.01
3869.747899159664,0.15842838492779437,0.01
3872.1488595438177,0.1629176912241055,0.01
3874.549819927971,0.16352644582466783,0.01
3876.950780312125,0.13712842504315267,0.01
3879.3517406962783,0.15609070123493435,0.01
3881.752701080432,0.15427093579556536,0.01
3884.1536614645856,0.1737923354279402,0.01
3886.5546218487393,0.14839084077198475,0.01
3888.955582232893,0.17067153237808308,0.01
3891.3565426170467,0.16291927317434376,0.01
3893.7575030012003,0.1426726193132108,0.01
3896.158463385354,0.16171797846487554,0.01
3898.5594237695077,0.18199363188927034,0.01
3900.9603841536614,0.16166748718970983,0.01
3903.361344537815,0.1478719827459816,0.01
3905.7623049219687,0.1664508166216689,0.01
3908.1632653061224,0.16219568608638557,0.01
3910.564225690276,0.15959127233332882,0.01
3912.9651860744298,0.1545320782175178,0.01
3915.3661464585834,0.1640609387680424,0.01
3917.767106842737,0.16349272482500066,0.01
3920.168067226891,0.15518018535667677,0.01
3922.5690276110445,0.19466851501392465,0.01
3924.969987995198,0.15791279894996169,0.01
3927.370948379352,0.16741510683099867,0.01
3929.7719087635055,0.1710048683150536,0.01
3932.172869147659,0.1802831746162998,0.01
3934.573829531813,0.16771037872139918,0.01
3936.9747899159665,0.16613257296845227,0.01
3939.37575030012,0.17901050112760006,0.01
3941.776710684274,0.15899841097594145,0.01
3944.177671068427,0.1675037638456277,0.01
3946.5786314525812,0.17923322783378098,0.01
3948.9795918367345,0.1657827072237549,0.01
3951.380552220888,0.17036998821345348,0.01
3953.781512605042,0.17072968855913434,0.01
3956.1824729891955,0.1801875730424518,0.01
3958.583433373349,0.17583684929700463,0.01
3960.984393757503,0.18559272981885888,0.01
3963.3853541416565,0.18145261345891942,0.01
3965.78631452581,0.18612861641723671,0.01
3968.187274909964,0.16475951559578617,0.01
3970.5882352941176,0.1865671094525308,0.01
3972.9891956782712,0.1836917501368126,0.01
3975.390156062425,0.18949379807992778,0.01
3977.7911164465786,0.16942858524735627,0.01
3980.1920768307323,0.1700389221713955,0.01
3982.593037214886,0.1769190266458331,0.01
3984.9939975990396,0.19709435144215606,0.01
3987.3949579831933,0.20054297178050415,0.01
3989.795918367347,0.17334933926569368,0.01
3992.1968787515007,0.18668939716714,0.01
3994.5978391356543,0.18364582649234834,0.01
3996.998799519808,0.17813842652626086,0.01
3999.3997599039617,0.19545302163162914,0.01
4001.8007202881154,0.1939469797578183,0.01
4004.201680672269,0.18596501335212198,0.01
4006.6026410564227,0.20248171562448714,0.01
4009.003601440576,0.1778488480903785,0.01
4011.40456182473,0.19004082341688272,0.01
4013.8055222088833,0.19302238668907318,0.01
4016.2064825930374,0.1690480405830825,0.01
4018.6074429771907,0.17776665230440075,0.01
4021.0084033613443,0.1924739079922657,0.01
4023.409363745498,0.19717689346819797,0.01
4025.8103241296517,0.19986778712083575,0.01
4028.2112845138054,0.19747700180908814,0.01
4030.612244897959,0.1935443187903454,0.01
4033.0132052821127,0.19062992181644625,0.01
4035.4141656662664,0.20307340728968182,0.01
4037.81512605042,0.18665983821640045,0.01
4040.2160864345738,0.20124505520202346,0.01
4042.6170468187274,0.18991024870338152,0.01
4045.018007202881,0.20697054336424092,0.01
4047.418967587035,0.18385705635836264,0.01
4049.8199279711885,0.21175933027370164,0.01
4052.220888355342,0.20390058879935993,0.01
4054.621848739496,0.19105861519466039,0.01
4057.0228091236495,0.20737634653030534,0.01
4059.423769507803,0.1987273268929071,0.01
4061.824729891957,0.19284495545111574,0.01
4064.2256902761105,0.2016625089165699,0.01
4066.626650660264,0.23040297905834745,0.01
4069.027611044418,0.20750061659792182,0.01
4071.4285714285716,0.20250068534006715,0.01
4073.829531812725,0.2103631610514169,0.01
4076.230492196879,0.21910348772373292,0.01
4078.631452581032,0.21221756889892673,0.01
4081.0324129651863,0.21199393663690197,0.01
4083.4333733493395,0.22496924391514933,0.01
4085.8343337334936,0.2261145684804258,0.01
4088.235294117647,0.2249669487834248,0.01
4090.6362545018005,0.21922830128930876,0.01
4093.037214885954,0.22138654187177628,0.01
4095.438175270108,0.20278317396775258,0.01
4097.839135654262,0.2086737704832599,0.01
4100.240096038416,0.21560319499619032,0.01
4102.641056422569,0.21737865863068148,0.01
4105.042016806723,0.21566636642854997,0.01
4107.442977190876,0.21582798825425162,0.01
4109.8439375750295,0.20563732617867098,0.01
4112.244897959184,0.2192676620475876,0.01
4114.645858343338,0.2512824193570412,0.01
4117.046818727491,0.2303833856166235,0.01
4119.447779111644,0.21900492030470045,0.01
4121.848739495798,0.22649882849616515,0.01
4124.249699879952,0.24028107528741935,0.01
4126.650660264106,0.21888928440950126,0.01
4129.051620648259,0.21322060525209213,0.01
4131.452581032413,0.24405008053290514,0.01
4133.853541416566,0.2207292621691179,0.01
4136.25450180072,0.21572240004776017,0.01
4138.655462184874,0.23864603231495088,0.01
4141.056422569028,0.22234300133820561,0.01
4143.457382953181,0.2417398417353292,0.01
4145.858343337335,0.21892988238119457,0.01
4148.259303721488,0.2402289471887355,0.01
4150.660264105642,0.23070226712537556,0.01
4153.061224489796,0.21946640996658354,0.01
4155.46218487395,0.26304614107230057,0.01
4157.863145258103,0.23447372220822157,0.01
4160.264105642257,0.24384385022424418,0.01
4162.66506602641,0.23831732132057992,0.01
4165.0660264105645,0.2250507206211548,0.01
4167.466986794718,0.23454862524532388,0.01
4169.867947178872,0.21297074632051227,0.01
4172.268907563025,0.23813483644058198,0.01
4174.669867947179,0.22345573126323298,0.01
4177.070828331332,0.24866552117736895,0.01
4179.471788715486,0.22654898315896796,0.01
4181.87274909964,0.2636024660489237,0.01
4184.273709483794,0.24759719005561337,0.01
4186.674669867947,0.2550261101596514,0.01
4189.0756302521,0.2580085488750355,0.01
4191.4765906362545,0.2411878640592259,0.01
4193.877551020408,0.26292276847269025,0.01
4196.278511404562,0.26522447979267433,0.01
4198.679471788715,0.2646890483932163,0.01
4201.080432172869,0.26567053401946433,0.01
4203.481392557022,0.2524379699351984,0.01
4205.882352941177,0.23174077261105924,0.01
4208.28331332533,0.2554919817338315,0.01
4210.684273709484,0.26768364350916024,0.01
4213.085234093637,0.262998094156172,0.01
4215.486194477791,0.2647317748891683,0.01
4217.8871548619445,0.2560899563170883,0.01
4220.288115246099,0.26233483635546007,0.01
4222.689075630252,0.24303953250192417,0.01
4225.090036014406,0.23798363043598872,0.01
4227.490996398559,0.26283070018066057,0.01
4229.891956782713,0.2699791919225151,0.01
4232.292917166867,0.2522968767042334,0.01
4234.693877551021,0.24150930803540804,0.01
4237.094837935174,0.2631992907858841,0.01
4239.495798319328,0.2607922582378314,0.01
4241.896758703481,0.27007502281960205,0.01
4244.297719087635,0.27780828914328337,0.01
4246.698679471789,0.26664613673208487,0.01
4249.099639855942,0.24909598615266323,0.01
4251.500600240096,0.26311328636535514,0.01
4253.90156062425,0.2580733134306519,0.01
4256.302521008403,0.2649817049580594,0.01
4258.703481392557,0.274374571596717,0.01
4261.104441776711,0.28046564452583916,0.01
4263.505402160864,0.24299814581500825,0.01
4265.906362545018,0.2542948531074722,0.01
4268.307322929171,0.2501987928862114,0.01
4270.708283313325,0.2529989488824883,0.01
4273.109243697479,0.24704150323485416,0.01
4275.510204081633,0.23884602740553557,0.01
4277.911164465786,0.25331807207136564,0.01
4280.31212484994,0.2635775823519159,0.01
4282.713085234093,0.26506811787150236,0.01
4285.1140456182475,0.27298819839934874,0.01
4287.515006002401,0.26149454542670264,0.01
4289.915966386555,0.2739464786646681,0.01
4292.316926770708,0.25550706209461854,0.01
4294.717887154862,0.25379404760123336,0.01
4297.118847539015,0.25697879135541746,0.01
4299.5198079231695,0.2612426927181803,0.01
4301.920768307323,0.2768426082337119,0.01
4304.321728691477,0.28731822600345724,0.01
4306.72268907563,0.28292217344208004,0.01
4309.123649459784,0.2842341642821203,0.01
4311.5246098439375,0.3090021988614436,0.01
4313.925570228092,0.28772141613569846,0.01
4316.326530612245,0.27353963547751337,0.01
4318.727490996398,0.2912765038439474,0.01
4321.128451380552,0.29280608024059124,0.01
4323.529411764706,0.3021767068580623,0.01
4325.9303721488595,0.3114241379027173,0.01
4328.331332533013,0.3034422651723482,0.01
4330.732292917167,0.30702000751329084,0.01
4333.13325330132,0.3051097637077846,0.01
4335.534213685474,0.3105870842393837,0.01
4337.9351740696275,0.27638999173401724,0.01
4340.336134453782,0.30243494430777057,0.01
4342.737094837935,0.29976085513379724,0.01
4345.138055222089,0.27586066943987586,0.01
4347.539015606242,0.2999102242689168,0.01
4349.939975990396,0.300973292333383,0.01
4352.3409363745495,0.29547971056321765,0.01
4354.741896758704,0.30501510349263944,0.01
4357.142857142857,0.31732028462585526,0.01
4359.543817527011,0.3033807197411184,0.01
4361.944777911164,0.31452087462356987,0.01
4364.345738295318,0.3156894347120545,0.01
4366.746698679472,0.31408611743937376,0.01
4369.147659063626,0.32565457672625586,0.01
4371.548619447779,0.3164737522257551,0.01
4373.949579831933,0.32900765082436667,0.01
4376.350540216086,0.3226265294133686,0.01
4378.75150060024,0.3020985068579689,0.01
4381.152460984394,0.3356279567435012,0.01
4383.553421368548,0.31277596286907117,0.01
4385.954381752701,0.29978443798922194,0.01
4388.355342136854,0.3300285818937562,0.01
4390.756302521008,0.28979612913249536,0.01
4393.1572629051625,0.3366088885951135,0.01
4395.558223289316,0.32497451324783605,0.01
4397.959183673469,0.3214414704415775,0.01
4400.360144057623,0.3272552530201613,0.01
4402.761104441776,0.3267120829913138,0.01
4405.16206482593,0.32665246779182855,0.01
4407.563025210084,0.32585327317028845,0.01
4409.963985594238,0.32166309246637564,0.01
4412.364945978391,0.3379570493807643,0.01
4414.765906362545,0.3260674310708573,0.01
4417.166866746698,0.3260057169494289,0.01
4419.5678271308525,0.33370433537135535,0.01
4421.968787515006,0.34060792949806384,0.01
4424.36974789916,0.3408145947202525,0.01
4426.770708283313,0.3150795620766769,0.01
4429.171668667467,0.34024717247977004,0.01
4431.57262905162,0.34054271185751267,0.01
4433.973589435775,0.335979094513817,0.01
4436.374549819928,0.3334067346363851,0.01
4438.775510204082,0.32484247783875714,0.01
4441.176470588235,0.3454150718758131,0.01
4443.577430972389,0.3482135481028234,0.01
4445.9783913565425,0.3314922040755731,0.01
4448.379351740696,0.3604828793359173,0.01
4450.78031212485,0.3584232068617447,0.01
4453.181272509004,0.34716366811058863,0.01
4455.582232893157,0.3546761303760909,0.01
4457.98319327731,0.3431308994926517,0.01
4460.384153661465,0.34482191357069153,0.01
4462.785114045619,0.36602286038240506,0.01
4465.186074429772,0.3629354438500852,0.01
4467.587034813925,0.3186759403268443,0.01
4469.987995198079,0.35746101759845805,0.01
4472.3889555822325,0.34427510143704015,0.01
4474.789915966387,0.3476298804706308,0.01
4477.19087635054,0.37415340575270845,0.01
4479.591836734694,0.35426854965709337,0.01
4481.992797118847,0.3556830164822192,0.01
4484.393757503001,0.37039165031442933,0.01
4486.794717887155,0.3633524149337105,0.01
4489.195678271309,0.3587405028452649,0.01
4491.596638655462,0.3640833898334299,0.01
4493.997599039616,0.366216551398049,0.01
4496.398559423769,0.37101133546316667,0.01
4498.799519807923,0.3637751357998063,0.01
4501.200480192077,0.37947803422408843,0.01
4503.601440576231,0.3675092340363937,0.01
4506.002400960384,0.3591748608363859,0.01
4508.403361344538,0.38432156054760996,0.01
4510.804321728691,0.3575924548560824,0.01
4513.205282112845,0.37250147229532055,0.01
4515.606242496999,0.3758234987009101,0.01
4518.007202881152,0.37390006735939274,0.01
4520.408163265306,0.39179548449850693,0.01
4522.80912364946,0.3740261395669129,0.01
4525.210084033613,0.3576706168029227,0.01
4527.611044417767,0.37257205087007417,0.01
4530.012004801921,0.388676242076381,0.01
4532.412965186075,0.36842032357504145,0.01
4534.813925570228,0.38387510638141925,0.01
4537.214885954381,0.37470003053762374,0.01
4539.615846338535,0.38941348153218763,0.01
4542.016806722689,0.378013920244186,0.01
4544.417767106843,0.3914303116346108,0.01
4546.818727490996,0.3722397049211462,0.01
4549.21968787515,0.37853452713073327,0.01
4551.620648259303,0.3907600129932451,0.01
4554.0216086434575,0.3841270875428081,0.01
4556.422569027611,0.40876195750598465,0.01
4558.823529411765,0.4108441295562518,0.01
4561.224489795918,0.38203350179856344,0.01
4563.625450180072,0.40398826475631605,0.01
4566.026410564225,0.39090435419678754,0.01
4568.42737094838,0.39907995472423957,0.01
4570.828331332533,0.3848023517722636,0.01
4573.229291716687,0.41547536100132276,0.01
4575.63025210084,0.4043166207596943,0.01
4578.031212484993,0.386348931456495,0.01
4580.4321728691475,0.4020637808339648,0.01
4582.833133253302,0.3957254236012491,0.01
4585.234093637455,0.38899734312007955,0.01
4587.635054021608,0.39456266377776306,0.01
4590.036014405762,0.404381224784843,0.01
4592.436974789916,0.40382265352744434,0.01
4594.83793517407,0.419995491250848,0.01
4597.238895558223,0.4106623769645976,0.01
4599.639855942377,0.4175553435406548,0.01
4602.040816326531,0.43139507118917947,0.01
4604.441776710684,0.406364853775785,0.01
4606.8427370948375,0.41756727020041456,0.01
4609.243697478992,0.4178440595426669,0.01
4611.644657863145,0.4056915106892991,0.01
4614.045618247299,0.4325426551031639,0.01
4616.446578631452,0.4161707036476241,0.01
4618.847539015606,0.4252297914416906,0.01
4621.24849939976,0.41811812987628805,0.01
4623.649459783914,0.42696614573354774,0.01
4626.050420168067,0.4335510193278564,0.01
4628.451380552221,0.4343002207427416,0.01
4630.852340936374,0.4246506133748473,0.01
4633.253301320528,0.417007905918,0.01
4635.654261704682,0.4417392353181847,0.01
4638.055222088836,0.4481729605362654,0.01
4640.456182472989,0.4235177970950344,0.01
4642.857142857143,0.446086439910531,0.01
4645.258103241296,0.4230812846516681,0.01
4647.65906362545,0.4438241631580342,0.01
4650.060024009604,0.4512048273895894,0.01
4652.460984393758,0.44699125629708986,0.01
4654.861944777911,0.42443778429960055,0.01
4657.262905162064,0.43452282567192363,0.01
4659.663865546218,0.42565736784127767,0.01
4662.0648259303725,0.42662443699644315,0.01
4664.465786314526,0.43835034201600137,0.01
4666.866746698679,0.43820196761320757,0.01
4669.267707082833,0.4281219976694923,0.01
4671.668667466987,0.4386822375941817,0.01
4674.0696278511405,0.44958210856962516,0.01
4676.470588235294,0.4621898973133656,0.01
4678.871548619448,0.4600413489868152,0.01
4681.272509003601,0.4474621203922606,0.01
4683.673469387755,0.43925235632672044,0.01
4686.074429771908,0.4505312095095722,0.01
4688.4753901560625,0.4558087522102917,0.01
4690.876350540216,0.4571703405677466,0.01
4693.27731092437,0.4390736198277912,0.01
4695.678271308523,0.4595736779252127,0.01
4698.079231692677,0.44446401394055,0.01
4700.4801920768305,0.4387584910274608,0.01
4702.881152460985,0.44202535622238937,0.01
4705.282112845138,0.46591779986336446,0.01
4707.683073229292,0.47377500355723146,0.01
4710.084033613445,0.46903553996671127,0.01
4712.484993997599,0.44446653115865775,0.01
4714.8859543817525,0.4753115880423559,0.01
4717.286914765906,0.445969294161225,0.01
4719.68787515006,0.4846349890766831,0.01
4722.088835534214,0.4687411375669603,0.01
4724.489795918367,0.46957796652840833,0.01
4726.8907563025205,0.46746930938851156,0.01
4729.291716686675,0.47001737684013245,0.01
4731.692677070829,0.4821771042151754,0.01
4734.093637454982,0.4807884911734556,0.01
4736.494597839135,0.4840350066616243,0.01
4738.895558223289,0.4768912036493217,0.01
4741.296518607443,0.4852718921869519,0.01
4743.697478991597,0.4849091643825578,0.01
4746.09843937575,0.495523506026085,0.01
4748.499399759904,0.48450441559411883,0.01
4750.900360144057,0.48405525319188364,0.01
4753.301320528211,0.4720567327005037,0.01
4755.702280912365,0.49324703691211275,0.01
4758.103241296519,0.48830401158198866,0.01
4760.504201680672,0.5136235465822228,0.01
4762.905162064826,0.4848478686684941,0.01
4765.306122448979,0.4908640638818595,0.01
4767.707082833133,0.4998585634584763,0.01
4770.108043217287,0.5006174832913024,0.01
4772.509003601441,0.4934852546664549,0.01
4774.909963985594,0.5035840171354813,0.01
4777.310924369748,0.49972100832400296,0.01
4779.711884753901,0.49340890255171016,0.01
4782.1128451380555,0.4941777476866794,0.01
4784.513805522209,0.5005699949079103,0.01
4786.914765906362,0.4980637768728544,0.01
4789.315726290516,0.49848531424113934,0.01
4791.71668667467,0.4998363645157,0.01
4794.117647058823,0.5004796647550416,0.01
4796.518607442977,0.49798245720457746,0.01
4798.919567827131,0.5158325058349208,0.01
4801.320528211285,0.4884631036239636,0.01
4803.721488595438,0.5121067002685105,0.01
4806.122448979591,0.5238256527169106,0.01
4808.5234093637455,0.4947138844711926,0.01
4810.9243697479,0.5290190378888927,0.01
4813.325330132053,0.5144311310074179,0.01
4815.726290516206,0.5091752436224934,0.01
4818.12725090036,0.5159677957513782,0.01
4820.528211284513,0.5147739736995651,0.01
4822.929171668668,0.5200910088463686,0.01
4825.330132052821,0.5162153464130866,0.01
4827.731092436975,0.5343122386825968,0.01
4830.132052821128,0.531908784838495,0.01
4832.533013205282,0.5253131376155544,0.01
4834.9339735894355,0.5237473080265109,0.01
4837.33493397359,0.5577433911191182,0.01
4839.735894357743,0.5181195055214081,0.01
4842.136854741897,0.5191927931694171,0.01
4844.53781512605,0.5407445459789957,0.01
4846.938775510204,0.5263521033861084,0.01
4849.339735894358,0.5368246764759067,0.01
4851.740696278512,0.530368805826552,0.01
4854.141656662665,0.5297438303152442,0.01
4856.542617046818,0.5524825000468782,0.01
4858.943577430972,0.5299270732860413,0.01
4861.344537815126,0.5367330796763302,0.01
4863.74549819928,0.5369413165865375,0.01
4866.146458583433,0.540365651696615,0.01
4868.547418967587,0.5420501329800202,0.01
4870.948379351741,0.5541847927836122,0.01
4873.349339735894,0.5539062952348273,0.01
4875.7503001200475,0.5444230899476984,0.01
4878.151260504202,0.5275103715262198,0.01
4880.552220888356,0.5462683208856917,0.01
4882.953181272509,0.5355901447670968,0.01
4885.354141656662,0.5573834294547626,0.01
4887.755102040816,0.5275553506818925,0.01
4890.15606242497,0.5602423235070114,0.01
4892.557022809124,0.541513833529523,0.01
4894.957983193277,0.55519579398609,0.01
4897.358943577431,0.5456572063966062,0.01
4899.759903961584,0.5586046752276249,0.01
4902.160864345738,0.5472347393020457,0.01
4904.561824729892,0.538799947742466,0.01
4906.962785114046,0.5563928635487985,0.01
4909.363745498199,0.573570070835266,0.01
4911.764705882353,0.562097065476872,0.01
4914.165666266506,0.5875100256986103,0.01
4916.5666266506605,0.5500624085214413,0.01
4918.967587034814,0.5638677766068245,0.01
4921.368547418968,0.5746220662808738,0.01
4923.769507803121,0.5622227421347632,0.01
4926.170468187274,0.5536672032236737,0.01
4928.571428571428,0.5868000886307215,0.01
4930.972388955583,0.5711533204964266,0.01
4933.373349339736,0.582721331570496,0.01
4935.774309723889,0.5748798674276531,0.01
4938.175270108043,0.5662509720116781,0.01
4940.576230492197,0.5629088244480444,0.01
4942.9771908763505,0.5603542220812308,0.01
4945.378151260504,0.5815476260282679,0.01
4947.779111644658,0.589267106623922,0.01
4950.180072028812,0.5883054889936914,0.01
4952.581032412965,0.5697132239454369,0.01
4954.981992797118,0.5714425842960517,0.01
4957.382953181273,0.6007401564963899,0.01
4959.783913565426,0.590494944237059,0.01
4962.18487394958,0.5995505303329685,0.01
4964.585834333733,0.5778704920367722,0.01
4966.986794717887,0.586634096877987,0.01
4969.3877551020405,0.5847136012323856,0.01
4971.788715486195,0.5759441960015116,0.01
4974.189675870348,0.5910515676442347,0.01
4976.590636254502,0.5800388302331659,0.01
4978.991596638655,0.5831071749275868,0.01
4981.392557022809,0.5995429705852944,0.01
4983.793517406963,0.6011855786974698,0.01
4986.194477791116,0.6028766162938984,0.01
4988.59543817527,0.5989460896185386,0.01
4990.996398559424,0.6103108740712202,0.01
4993.397358943577,0.5797509100757108,0.01
4995.7983193277305,0.6124287631880205,0.01
4998.199279711885,0.5797214865971687,0.01
5000.600240096039,0.6174426850087026,0.01
5003.001200480192,0.6170840430465038,0.01
5005.402160864345,0.5941184372409031,0.01
5007.803121248499,0.6107634459262163,0.01
5010.2040816326535,0.6183539192152354,0.01
5012.605042016807,0.6089005819207784,0.01
5015.00600240096,0.6019328325860742,0.01
5017.406962785114,0.6269230223394106,0.01
5019.807923169267,0.6108270134060609,0.01
5022.208883553421,0.6054866823581849,0.01
5024.609843937575,0.6173849301191217,0.01
5027.010804321729,0.6147927313620949,0.01
5029.411764705882,0.6004407276257817,0.01
5031.812725090036,0.6241804332549084,0.01
5034.213685474189,0.6207242950617351,0.01
5036.6146458583435,0.5934816207973009,0.01
5039.015606242497,0.6269037411508224,0.01
5041.416566626651,0.623688569608233,0.01
5043.817527010804,0.6440008350781081,0.01
5046.218487394958,0.6300677753380105,0.01
5048.619447779111,0.6446312672191039,0.01
5051.0204081632655,0.6393816554075388,0.01
5053.421368547419,0.6376542075217042,0.01
5055.822328931572,0.6343766737970065,0.01
5058.223289315726,0.6328809276044635,0.01
5060.62424969988,0.635764035194151,0.01
5063.0252100840335,0.6349896631796562,0.01
5065.426170468187,0.6513372240041787,0.01
5067.827130852341,0.6495434940906546,0.01
5070.228091236495,0.649730917240981,0.01
5072.629051620648,0.6352347609272675,0.01
5075.030012004801,0.6545534324081193,0.01
5077.4309723889555,0.6479427656144848,0.01
5079.83193277311,0.6580744932489173,0.01
5082.232893157263,0.6397749626645332,0.01
5084.633853541416,0.6500422601125159,0.01
5087.03481392557,0.6357625392432985,0.01
5089.4357743097235,0.6486584416246568,0.01
5091.836734693878,0.655793506843771,0.01
5094.237695078031,0.6618303312419755,0.01
5096.638655462185,0.6562094271687889,0.01
5099.039615846338,0.6574185707758062,0.01
5101.440576230492,0.6439816431833582,0.01
5103.8415366146455,0.6681454885476144,0.01
5106.2424969988,0.6444379296695878,0.01
5108.643457382953,0.6529269380362864,0.01
5111.044417767107,0.6638512683999302,0.01
5113.44537815126,0.6565834718945996,0.01
5115.846338535414,0.6633227030512959,0.01
5118.247298919568,0.6646825388560427,0.01
5120.648259303722,0.657217896450355,0.01
5123.049219687875,0.6741003211604308,0.01
5125.450180072028,0.6615215084887043,0.01
5127.851140456182,0.6795909898260362,0.01
5130.252100840336,0.6631318543746553,0.01
5132.65306122449,0.6780599431857592,0.01
5135.054021608643,0.6723505915405854,0.01
5137.454981992797,0.6694231023930521,0.01
5139.855942376951,0.6666008663020067,0.01
5142.256902761104,0.6730432842827688,0.01
5144.657863145258,0.684986007011968,0.01
5147.058823529412,0.6839711193809224,0.01
5149.459783913566,0.6747883718733785,0.01
5151.860744297719,0.657956790287489,0.01
5154.261704681872,0.6792836816930915,0.01
5156.662665066026,0.653917563615575,0.01
5159.06362545018,0.6713088683011819,0.01
5161.464585834334,0.6714844806238415,0.01
5163.865546218487,0.6581185900838635,0.01
5166.266506602641,0.6627938869970738,0.01
5168.667466986794,0.6565855766487285,0.01
5171.0684273709485,0.641199424841834,0.01
5173.469387755102,0.636496760989934,0.01
5175.870348139256,0.6447491751292213,0.01
5178.271308523409,0.6638074583706532,0.01
5180.672268907563,0.6538192754400357,0.01
5183.073229291716,0.637056272725148,0.01
5185.474189675871,0.6583433390742933,0.01
5187.875150060024,0.6375678724588433,0.01
5190.276110444178,0.6360218611262523,0.01
5192.677070828331,0.628461210857756,0.01
5195.078031212484,0.6517408335625156,0.01
5197.4789915966385,0.6428560618253593,0.01
5199.879951980793,0.6810825027730271,0.01
5202.280912364946,0.6783758539015067,0.01
5204.681872749099,0.6883602096045711,0.01
5207.082833133253,0.683912588988781,0.01
5209.483793517407,0.6933083724184359,0.01
5211.8847539015605,0.6937972598289095,0.01
5214.285714285714,0.6881981250229815,0.01
5216.686674669868,0.7054157197191221,0.01
5219.087635054022,0.7193879013069164,0.01
5221.488595438175,0.6975809642169838,0.01
5223.8895558223285,0.6973905791583321,0.01
5226.290516206483,0.7205199559808834,0.01
5228.691476590636,0.7369304516964537,0.01
5231.09243697479,0.7063136520418487,0.01
5233.493397358943,0.7301626663477296,0.01
5235.894357743097,0.7053130400310546,0.01
5238.2953181272505,0.7210174523577836,0.01
5240.696278511405,0.7064662226321111,0.01
5243.097238895558,0.7196300878646198,0.01
5245.498199279712,0.7221164841093768,0.01
5247.899159663865,0.7238748510208329,0.01
5250.300120048019,0.7329132892172283,0.01
5252.701080432173,0.7282201674173877,0.01
5255.102040816327,0.7284712379221879,0.01
5257.50300120048,0.7190386072314993,0.01
5259.903961584634,0.7408434107423327,0.01
5262.304921968787,0.749635453289089,0.01
5264.7058823529405,0.7491469031965472,0.01
5267.106842737095,0.7349783540045918,0.01
5269.507803121249,0.7218049402647783,0.01
5271.908763505402,0.7279669435026018,0.01
5274.309723889555,0.7364271238185344,0.01
5276.710684273709,0.7273329718777813,0.01
5279.1116446578635,0.765393270765409,0.01
5281.512605042017,0.7384804390475355,0.01
5283.91356542617,0.7446482639742017,0.01
5286.314525810324,0.7517712139910508,0.01
5288.715486194478,0.7647320475415718,0.01
5291.116446578631,0.7451194031076239,0.01
5293.517406962785,0.7420814427606529,0.01
5295.918367346939,0.7472979998387287,0.01
5298.319327731092,0.7254375690917977,0.01
5300.720288115246,0.7489236530012362,0.01
5303.121248499399,0.7583916825281523,0.01
5305.5222088835535,0.7634788863514007,0.01
5307.923169267707,0.7382253257095692,0.01
5310.324129651861,0.776618344968959,0.01
5312.725090036014,0.7608511335215931,0.01
5315.126050420168,0.7551141139493784,0.01
5317.527010804321,0.7658797723668743,0.01
5319.927971188476,0.7736436568165638,0.01
5322.328931572629,0.7610651748846206,0.01
5324.729891956783,0.7842447386148923,0.01
5327.130852340936,0.7607997263318216,0.01
5329.53181272509,0.7823569840385738,0.01
5331.9327731092435,0.7750051692278749,0.01
5334.333733493397,0.7811412219702307,0.01
5336.734693877551,0.7824394803146,0.01
5339.135654261705,0.7861233403149241,0.01
5341.536614645858,0.7583412580633565,0.01
5343.937575030011,0.7727325763498868,0.01
5346.338535414166,0.7691354234426377,0.01
5348.73949579832,0.7740591877710845,0.01
5351.140456182473,0.7777822716647828,0.01
5353.541416566626,0.7933407011536981,0.01
5355.94237695078,0.7860499946519683,0.01
5358.343337334934,0.8021771800261821,0.01
5360.744297719088,0.7936852953738539,0.01
5363.145258103241,0.7931764863856988,0.01
5365.546218487395,0.7890518229059762,0.01
5367.947178871548,0.782702472094973,0.01
5370.348139255702,0.7703245101816322,0.01
5372.749099639856,0.7824058930751869,0.01
5375.15006002401,0.8020329909034221,0.01
5377.551020408163,0.800788023976025,0.01
5379.951980792317,0.7957838867251863,0.01
5382.35294117647,0.7999705895512763,0.01
5384.753901560624,0.7843080822477249,0.01
5387.154861944778,0.8068487075890094,0.01
5389.555822328932,0.793841053119825,0.01
5391.956782713085,0.7788207716124897,0.01
5394.357743097239,0.7989394708023119,0.01
5396.758703481392,0.8128698861209027,0.01
5399.1596638655465,0.7955432689569765,0.01
5401.5606242497,0.7951511126552107,0.01
5403.961584633853,0.7949871006248874,0.01
5406.362545018007,0.8147667645187128,0.01
5408.763505402161,0.7903893156820072,0.01
5411.164465786314,0.8057863528462481,0.01
5413.565426170468,0.7972215869957016,0.01
5415.966386554622,0.8092180879290615,0.01
5418.367346938776,0.8123764707722384,0.01
5420.768307322929,0.8170736550652368,0.01
5423.169267707082,0.7978319467339957,0.01
5425.5702280912365,0.8053032675271004,0.01
5427.971188475391,0.8204567053874309,0.01
5430.372148859544,0.8175767236259845,0.01
5432.773109243697,0.8135913235251631,0.01
5435.174069627851,0.823185773709372,0.01
5437.575030012004,0.8157806887019352,0.01
5439.9759903961585,0.8259573620569381,0.01
5442.376950780312,0.808323430450962,0.01
5444.777911164466,0.825138076569584,0.01
5447.178871548619,0.8212745697652342,0.01
5449.579831932773,0.8075011681246183,0.01
5451.980792316926,0.8258097308895569,0.01
5454.381752701081,0.8136032167506961,0.01
5456.782713085234,0.8290392121035884,0.01
5459.183673469388,0.8288244964054904,0.01
5461.584633853541,0.8369165944733622,0.01
5463.985594237694,0.8190930375330215,0.01
5466.3865546218485,0.8398397860860906,0.01
5468.787515006003,0.8176224965794834,0.01
5471.188475390156,0.8185108026773698,0.01
5473.589435774309,0.8250755809940371,0.01
5475.990396158463,0.8432677822715656,0.01
5478.391356542617,0.8302476018332932,0.01
5480.792316926771,0.8340455266354445,0.01
5483.193277310924,0.8388822070621647,0.01
5485.594237695078,0.8445806837100388,0.01
5487.995198079232,0.8511313604141649,0.01
5490.396158463385,0.8161918763963919,0.01
5492.7971188475385,0.8418493501204539,0.01
5495.198079231693,0.8254669771882535,0.01
5497.599039615847,0.8331630531898395,0.01
5500.0,0.8386791747423846,0.01
5502.400960384153,0.8639146316396867,0.01
5504.801920768307,0.8422625814698443,0.01
5507.202881152461,0.8431260168321592,0.01
5509.603841536615,0.840036042147105,0.01
5512.004801920768,0.847208876654469,0.01
5514.405762304922,0.8533973155916943,0.01
5516.806722689075,0.8586865574681317,0.01
5519.207683073229,0.8633485296386175,0.01
5521.608643457383,0.8544028121396549,0.01
5524.009603841537,0.8457562559493574,0.01
5526.41056422569,0.8529441212415583,0.01
5528.811524609844,0.8496807069213808,0.01
5531.212484993997,0.8517487312947525,0.01
5533.613445378151,0.8657657123128909,0.01
5536.014405762305,0.8593594303851858,0.01
5538.415366146459,0.8770645555548823,0.01
5540.816326530612,0.8514257912657184,0.01
5543.217286914765,0.8340621090352961,0.01
5545.618247298919,0.8599919850228244,0.01
5548.019207683074,0.8664660800123273,0.01
5550.420168067227,0.8476594372307752,0.01
5552.82112845138,0.8749259875578637,0.01
5555.222088835534,0.87057480467194,0.01
5557.623049219688,0.8706416150723835,0.01
5560.0240096038415,0.8814773169233674,0.01
5562.424969987995,0.8544234446042247,0.01
5564.825930372149,0.8500304064641151,0.01
5567.226890756303,0.8670712498793212,0.01
5569.627851140456,0.8671241585511525,0.01
5572.028811524609,0.8648398976589756,0.01
5574.4297719087635,0.8750448775615506,0.01
5576.830732292918,0.8820130700444399,0.01
5579.231692677071,0.884435430888751,0.01
5581.632653061224,0.8595096356833212,0.01
5584.033613445377,0.8740839731350889,0.01
5586.4345738295315,0.864022923883153,0.01
5588.835534213686,0.8980529818134221,0.01
5591.236494597839,0.8743849745028138,0.01
5593.637454981992,0.8688382271307262,0.01
5596.038415366146,0.8774274180461195,0.01
5598.4393757503,0.8926725021401275,0.01
5600.8403361344535,0.8859355852867891,0.01
5603.241296518607,0.8893607826587779,0.01
5605.642256902761,0.8813230109298744,0.01
5608.043217286915,0.88183361283338,0.01
5610.444177671068,0.8858276419228649,0.01
5612.8451380552215,0.9001152287212754,0.01
5615.246098439376,0.8713279015650205,0.01
5617.64705882353,0.8793256766074372,0.01
5620.048019207683,0.8864778246307394,0.01
5622.448979591836,0.8801897607300316,0.01
5624.84993997599,0.890204578401018,0.01
5627.250900360144,0.8893832819803693,0.01
5629.651860744298,0.8960885030382862,0.01
5632.052821128451,0.9069917910250188,0.01
5634.453781512605,0.8935640795154719,0.01
5636.854741896759,0.877482229069308,0.01
5639.255702280912,0.894981952145898,0.01
5641.656662665066,0.8762949162356618,0.01
5644.05762304922,0.9055068836329908,0.01
5646.458583433374,0.9135953937417254,0.01
5648.859543817527,0.8797116710572482,0.01
5651.26050420168,0.9001792622912482,0.01
5653.6614645858335,0.8935694894685825,0.01
5656.062424969988,0.889554133761078,0.01
5658.463385354142,0.8917640517289852,0.01
5660.864345738295,0.8964792342158707,0.01
5663.265306122448,0.907249322860258,0.01
5665.666266506602,0.898774024108046,0.01
5668.0672268907565,0.9107245246471225,0.01
5670.46818727491,0.9186297674256807,0.01
5672.869147659063,0.9191404006375664,0.01
5675.270108043217,0.9064890623695302,0.01
5677.671068427371,0.907728687637932,0.01
5680.072028811524,0.9284856779086688,0.01
5682.472989195678,0.9220239061900618,0.01
5684.873949579832,0.8977445414790939,0.01
5687.274909963986,0.9098396827852462,0.01
5689.675870348139,0.9097123231544243,0.01
5692.076830732292,0.909584961178959,0.01
5694.4777911164465,0.9087414233456591,0.01
5696.878751500601,0.909029174444297,0.01
5699.279711884754,0.9163009849865903,0.01
5701.680672268907,0.9321527705979362,0.01
5704.081632653061,0.9236548197376188,0.01
5706.482593037215,0.9182493926497607,0.01
5708.883553421369,0.919638043920866,0.01
5711.284513805522,0.9155101940381507,0.01
5713.685474189676,0.9476422686213429,0.01
5716.08643457383,0.9297397949254933,0.01
5718.487394957983,0.9138748816822003,0.01
5720.8883553421365,0.9291937210160826,0.01
5723.28931572629,0.9172158562205748,0.01
5725.690276110444,0.9270810865393189,0.01
5728.091236494598,0.9350556027077433,0.01
5730.492196878751,0.929368045176507,0.01
5732.893157262904,0.9277925865883528,0.01
5735.294117647059,0.928468211756822,0.01
5737.695078031213,0.9416109754865019,0.01
5740.096038415366,0.9264304277652606,0.01
5742.496998799519,0.9205033491160441,0.01
5744.897959183673,0.8971906737495028,0.01
5747.298919567827,0.928658447919562,0.01
5749.699879951981,0.925304090049384,0.01
5752.100840336134,0.9187637108517142,0.01
5754.501800720288,0.9367288540763308,0.01
5756.902761104442,0.9453633027688776,0.01
5759.303721488595,0.9460656588178075,0.01
5761.704681872749,0.9391147359600298,0.01
5764.105642256903,0.9307854127972733,0.01
5766.506602641057,0.9287749317190953,0.01
5768.90756302521,0.9389294179871196,0.01
5771.308523409363,0.9260867760094639,0.01
5773.709483793517,0.962788352505146,0.01
5776.1104441776715,0.9251185208430514,0.01
5778.511404561825,0.9432203837501154,0.01
5780.912364945978,0.9305268270136883,0.01
5783.313325330132,0.9513676557001242,0.01
5785.714285714286,0.9359723385162915,0.01
5788.1152460984395,0.9428303729267876,0.01
5790.516206482593,0.9461194583059308,0.01
5792.917166866746,0.9441640557260239,0.01
5795.3181272509,0.9517725802722831,0.01
5797.719087635054,0.9368676375924184,0.01
5800.120048019207,0.9433962767616042,0.01
5802.521008403361,0.9369033701143433,0.01
5804.921968787515,0.9581291307971325,0.01
5807.322929171669,0.9496932986324065,0.01
5809.723889555822,0.9473649839596446,0.01
5812.124849939975,0.9542100801019235,0.01
5814.525810324129,0.9504313953887912,0.01
5816.926770708284,0.9504889771000572,0.01
5819.327731092437,0.943166109657715,0.01
5821.72869147659,0.9324947492890775,0.01
5824.129651860744,0.9590829021858233,0.01
5826.530612244898,0.9656315752629457,0.01
5828.9315726290515,0.9630068709465665,0.01
5831.332533013205,0.9665835342741282,0.01
5833.733493397359,0.9647498250421046,0.01
5836.134453781513,0.9618757117884468,0.01
5838.535414165666,0.9477999591689145,0.01
5840.936374549819,0.9589900729433204,0.01
5843.337334933974,0.9533009991418885,0.01
5845.738295318128,0.9674909812791581,0.01
5848.139255702281,0.9478631491740936,0.01
5850.540216086434,0.9476176281903282,0.01
5852.941176470588,0.9628541269631772,0.01
5855.342136854742,0.9647807674035603,0.01
5857.743097238896,0.9678846797545759,0.01
5860.144057623049,0.9691279984000534,0.01
5862.545018007202,0.9797857773817586,0.01
5864.945978391356,0.9501757762715085,0.01
5867.34693877551,0.9764535676927113,0.01
5869.747899159664,0.9495097570162483,0.01
5872.148859543817,0.9470891500213149,0.01
5874.549819927971,0.961403207477054,0.01
5876.950780312125,0.9603993159488251,0.01
5879.351740696278,0.9703632800492463,0.01
5881.7527010804315,0.9620258027187865,0.01
5884.153661464586,0.9588085266718652,0.01
5886.55462184874,0.9505230436781035,0.01
5888.955582232893,0.9550745440992632,0.01
5891.356542617046,0.9632454339798806,0.01
5893.7575030012,0.9846588413323062,0.01
5896.1584633853545,0.9483411207624118,0.01
5898.559423769508,0.9581078301205832,0.01
5900.960384153661,0.9745185193287937,0.01
5903.361344537815,0.9665207130161776,0.01
5905.762304921969,0.9876247520288005,0.01
5908.163265306122,0.9768321402818076,0.01
5910.564225690276,0.9539012060129356,0.01
5912.96518607443,0.9655997406216756,0.01
5915.366146458584,0.9661664875416258,0.01
5917.767106842737,0.9817073983455981,0.01
5920.16806722689,0.9704002330260402,0.01
5922.5690276110445,0.9916035960467638,0.01
5924.969987995198,0.9886669299098454,0.01
5927.370948379352,0.9885741656329121,0.01
5929.771908763505,0.9671983882860692,0.01
5932.172869147658,0.9887996243370502,0.01
5934.573829531812,0.9685999851181082,0.01
5936.9747899159665,0.9788057169068601,0.01
5939.37575030012,0.9808432329700513,0.01
5941.776710684273,0.9636081305586204,0.01
5944.177671068427,0.9723406272391735,0.01
5946.578631452581,0.9665192731849487,0.01
5948.9795918367345,0.9772472872845046,0.01
5951.380552220888,0.9948982140104234,0.01
5953.781512605042,0.9735870918907046,0.01
5956.182472989196,0.9894046403948549,0.01
5958.583433373349,0.9882990444227288,0.01
5960.984393757502,0.9768541150414021,0.01
5963.3853541416565,0.9835934078458493,0.01
5965.786314525811,0.9832275939623546,0.01
5968.187274909964,0.9827535682745877,0.01
5970.588235294117,0.9720630246408946,0.01
5972.989195678271,0.9643129728648211,0.01
5975.390156062425,0.9707814476769078,0.01
5977.791116446579,0.9774476460671697,0.01
5980.192076830732,0.9877012907504786,0.01
5982.593037214886,0.9850759970855177,0.01
5984.99399759904,0.986641342988946,0.01
5987.394957983193,0.9858338226100979,0.01
5989.7959183673465,0.9910829057968253,0.01
5992.196878751501,0.9831871569215801,0.01
5994.597839135654,0.9872012298401018,0.01
5996.998799519808,0.982621577644497,0.01
5999.399759903961,0.9790718394908424,0.01
6001.8007202881145,0.9875043147401442,0.01
6004.201680672269,0.985621147901836,0.01
6006.602641056423,0.9897967700666126,0.01
6009.003601440576,0.9778440098688561,0.01
6011.404561824729,0.9925978831724761,0.01
6013.805522208883,0.9995920552250851,0.01
6016.206482593037,0.9878745189802233,0.01
6018.607442977191,0.9777459375436802,0.01
6021.008403361344,0.9804015447303998,0.01
6023.409363745498,0.9661247561625995,0.01
6025.810324129652,0.9696212290450777,0.01
6028.211284513805,1.0054045385367507,0.01
6030.612244897959,0.9706516558297713,0.01
6033.013205282113,0.9942536034403967,0.01
6035.414165666267,1.0021412659319873,0.01
6037.81512605042,0.998561481751106,0.01
6040.216086434573,0.9877738781237366,0.01
6042.617046818727,0.9884382188906868,0.01
6045.018007202882,0.9952791807614997,0.01
6047.418967587035,0.9904877631667338,0.01
6049.819927971188,0.9980828029988758,0.01
6052.220888355342,0.9924477028309615,0.01
6054.621848739496,1.0050041871806632,0.01
6057.0228091236495,1.0085015409024134,0.01
6059.423769507803,0.9891692592538854,0.01
6061.824729891956,0.9725086814891882,0.01
6064.22569027611,0.9864919715918365,0.01
6066.626650660264,1.0004393560272051,0.01
6069.027611044417,1.0009225977860674,0.01
6071.428571428571,0.9868077272875845,0.01
6073.829531812725,0.9862107888937397,0.01
6076.230492196879,0.9788708369964445,0.01
6078.631452581032,1.013226287080502,0.01
6081.032412965185,0.9828257937611373,0.01
6083.4333733493395,1.0130218034102016,0.01
6085.834333733494,0.9917377230535396,0.01
6088.235294117647,0.9914184263997977,0.01
6090.6362545018,0.991365109322132,0.01
6093.037214885954,0.9936052528892634,0.01
6095.438175270108,0.994525331209108,0.01
6097.839135654262,0.9815038090612199,0.01
6100.240096038415,0.9929114647499796,0.01
6102.641056422569,1.0117552988590583,0.01
6105.042016806723,0.9916786371887728,0.01
6107.442977190876,0.998902440784242,0.01
6109.8439375750295,1.0032422228673747,0.01
6112.244897959184,1.0186935281002207,0.01
6114.645858343338,0.9986826765851432,0.01
6117.046818727491,1.002337813024999,0.01
6119.447779111644,1.00557851796553,0.01
6121.848739495798,0.997304281672268,0.01
6124.2496998799525,1.0022994329954698,0.01
6126.650660264106,0.9990304870733534,0.01
6129.051620648259,1.0064861627978374,0.01
6131.452581032412,0.9987950464321106,0.01
6133.853541416566,0.985755645520887,0.01
6136.25450180072,1.0049260790232057,0.01
6138.655462184874,0.999430224646583,0.01
6141.056422569027,1.023843818766677,0.01
6143.457382953181,0.9987845801443994,0.01
6145.858343337335,1.004156164781815,0.01
6148.259303721488,0.9886689951292142,0.01
6150.6602641056415,0.998168539587013,0.01
6153.061224489796,1.00775818177274,0.01
6155.46218487395,1.0063911050220087,0.01
6157.863145258103,0.9912629513921714,0.01
6160.264105642256,1.0159798791669092,0.01
6162.66506602641,1.008858256248571,0.01
6165.0660264105645,0.9986926931006315,0.01
6167.466986794718,1.0036018024207867,0.01
6169.867947178871,0.9881754549791283,0.01
6172.268907563025,1.0044453389877692,0.01
6174.669867947179,1.0049424939949247,0.01
6177.070828331332,0.9875887234935724,0.01
6179.471788715486,0.9948760646075153,0.01
6181.87274909964,1.0057207117260842,0.01
6184.273709483794,0.998269048654078,0.01
6186.674669867947,1.01227433126122,0.01
6189.0756302521,1.0022360675958555,0.01
6191.4765906362545,1.0070596069380036,0.01
6193.877551020409,0.9858206587581556,0.01
6196.278511404562,1.0048617061704452,0.01
6198.679471788715,0.9857694479320249,0.01
6201.080432172868,0.9835887207671933,0.01
6203.481392557022,0.9806229251248466,0.01
6205.882352941177,0.9914648455392722,0.01
6208.28331332533,0.9991640239950319,0.01
6210.684273709483,1.00928377460798,0.01
6213.085234093637,1.0079191126055125,0.01
6215.486194477791,0.9982172564030021,0.01
6217.8871548619445,0.9955871280759057,0.01
6220.288115246098,1.0004819092938495,0.01
6222.689075630252,1.0042006581749723,0.01
6225.090036014406,1.000500738680898,0.01
6227.490996398559,1.0124101614771326,0.01
6229.891956782712,0.9965888140199084,0.01
6232.292917166867,1.0039378845830405,0.01
6234.693877551021,0.9829262975335752,0.01
6237.094837935174,0.9909561534885052,0.01
6239.495798319327,1.0071168913504331,0.01
6241.896758703481,1.0277854050746433,0.01
6244.297719087635,1.0191581574558826,0.01
6246.698679471789,0.993064080679581,0.01
6249.099639855942,1.0122898253349768,0.01
6251.500600240096,1.0004146498097708,0.01
6253.90156062425,0.990947038475952,0.01
6256.302521008403,0.9919128656130137,0.01
6258.703481392557,0.9861751696921333,0.01
6261.104441776711,1.0247616112157305,0.01
6263.505402160865,0.9845153124528208,0.01
6265.906362545018,1.0011181498450081,0.01
6268.307322929171,1.0171656991082794,0.01
6270.7082833133245,1.0128004598022204,0.01
6273.109243697479,0.9942801990830653,0.01
6275.510204081633,0.9954662160604985,0.01
6277.911164465786,1.0080864975108574,0.01
6280.312124849939,0.9818347161052658,0.01
6282.713085234093,1.010252600381914,0.01
6285.1140456182475,0.9925232852467062,0.01
6287.515006002401,1.0040090966227027,0.01
6289.915966386554,0.9883635302677599,0.01
6292.316926770708,0.9986747887407676,0.01
6294.717887154862,1.0086572671088934,0.01
6297.118847539015,0.9990315170757972,0.01
6299.519807923169,0.9932615789350652,0.01
6301.920768307323,1.0010249640870825,0.01
6304.321728691477,1.0068808057160827,0.01
6306.72268907563,0.9993508473139892,0.01
6309.123649459783,0.9717798231467639,0.01
6311.5246098439375,0.9910269309512144,0.01
6313.925570228092,0.9779996668196363,0.01
6316.326530612245,0.9926357040069576,0.01
6318.727490996398,1.0077538791743526,0.01
6321.128451380552,0.9983438909770866,0.01
6323.529411764706,0.9996632754471474,0.01
6325.9303721488595,0.9803119944013424,0.01
6328.331332533013,0.9885009472919947,0.01
6330.732292917167,0.9868332501233213,0.01
6333.133253301321,0.9863819566372316,0.01
6335.534213685474,0.9953100938899393,0.01
6337.9351740696275,0.9710590156081279,0.01
6340.336134453781,0.9990401414958536,0.01
6342.737094837935,0.9746404110993523,0.01
6345.138055222089,0.9941825416194169,0.01
6347.539015606242,0.9922022571482534,0.01
6349.939975990395,0.9828426522298087,0.01
6352.3409363745495,0.9913712293317822,0.01
6354.741896758704,1.0111704199959028,0.01
6357.142857142857,1.0077574659982116,0.01
6359.54381752701,0.9839051626870258,0.01
6361.944777911164,0.9945528926214822,0.01
6364.345738295318,1.0005535269569497,0.01
6366.746698679472,1.0094074408448575,0.01
6369.147659063625,1.000987912773481,0.01
6371.548619447779,0.9798554935680833,0.01
6373.949579831933,0.9709721335493713,0.01
6376.350540216086,0.9933402157620256,0.01
6378.7515006002395,1.0102256453099352,0.01
6381.152460984394,0.9885577647885854,0.01
6383.553421368548,0.9890324886389681,0.01
6385.954381752701,0.9888811841220514,0.01
6388.355342136854,0.9834634852215111,0.01
6390.756302521008,0.9965634864958781,0.01
6393.1572629051625,0.9902517007511432,0.01
6395.558223289316,1.0122415907560043,0.01
6397.959183673469,0.971911811873218,0.01
6400.360144057623,0.9894939036378901,0.01
6402.761104441776,0.9773939478088202,0.01
6405.16206482593,0.9748333164853046,0.01
6407.563025210084,0.9958229915500882,0.01
6409.963985594237,1.0021760624782599,0.01
6412.364945978391,0.9770495861402241,0.01
6414.765906362545,0.9677211974432538,0.01
6417.166866746698,0.9839616495863843,0.01
6419.567827130852,0.971494505376165,0.01
6421.968787515006,0.9998496040622191,0.01
6424.36974789916,0.9812400695332002,0.01
6426.770708283313,0.9764891476986296,0.01
6429.171668667466,0.980239391274589,0.01
6431.57262905162,0.9745727140035138,0.01
6433.973589435775,0.9896220491850616,0.01
6436.374549819928,0.9949824777894786,0.01
6438.775510204081,0.9641648233473553,0.01
6441.176470588235,0.9731847149083038,0.01
6443.577430972389,0.9768869844155998,0.01
6445.9783913565425,0.9703251082353684,0.01
6448.379351740696,0.9697356116123369,0.01
6450.78031212485,0.9665013698037022,0.01
6453.181272509004,0.986659909561912,0.01
6455.582232893157,0.96788732990816,0.01
6457.98319327731,0.9773256439095286,0.01
6460.384153661465,0.9818050225059249,0.01
6462.785114045619,0.9733739762495566,0.01
6465.186074429772,0.9738848337268785,0.01
6467.587034813925,0.973787093318469,0.01
6469.987995198079,0.9804989283137164,0.01
6472.3889555822325,0.9795739758476628,0.01
6474.789915966387,0.9847132120419161,0.01
6477.19087635054,0.9615191854413597,0.01
6479.591836734693,0.9766467894267093,0.01
6481.992797118847,0.977425568199727,0.01
6484.393757503001,0.9747983142753395,0.01
6486.794717887155,1.0055875312330425,0.01
6489.195678271308,0.9895626545738427,0.01
6491.596638655462,0.9801445041000295,0.01
6493.997599039616,0.9739519592410484,0.01
6496.398559423769,0.946736866287565,0.01
6498.7995198079225,0.9877086144578958,0.01
6501.200480192077,0.978002501424715,0.01
6503.601440576231,0.9687137419885338,0.01
6506.002400960384,0.965671568215565,0.01
6508.403361344537,0.9698802231567499,0.01
6510.804321728691,0.9593363169948389,0.01
6513.205282112845,0.9507397554745426,0.01
6515.606242496999,0.9524467275491694,0.01
6518.007202881152,0.9613737491629065,0.01
6520.408163265306,0.9685448449802694,0.01
6522.80912364946,0.9679804189194916,0.01
6525.210084033613,0.962469963059588,0.01
6527.611044417767,0.9685993862418437,0.01
6530.012004801921,0.9649925560985072,0.01
6532.412965186075,0.9619364879677254,0.01
6534.813925570228,0.973491264378966,0.01
6537.214885954381,0.9757047315733083,0.01
6539.6158463385345,0.9628518881033789,0.01
6542.016806722689,0.9628090586725425,0.01
6544.417767106843,0.9587595939676966,0.01
6546.818727490996,0.9671778999476659,0.01
6549.219687875149,0.9652595085509224,0.01
6551.620648259303,0.9450993140043664,0.01
6554.0216086434575,0.9567648184554561,0.01
6556.422569027611,0.9643918880896583,0.01
6558.823529411764,0.9463427391665191,0.01
6561.224489795918,0.9425096706998295,0.01
6563.625450180072,0.9558854194045248,0.01
6566.026410564225,0.9513535354681001,0.01
6568.427370948379,0.9460282816793494,0.01
6570.828331332533,0.9456969231837666,0.01
6573.229291716687,0.9487418809057049,0.01
6575.63025210084,0.9621583850460219,0.01
6578.031212484993,0.9550523754484204,0.01
6580.4321728691475,0.939208583108813,0.01
6582.833133253302,0.946160550799644,0.01
6585.234093637455,0.9365783182361798,0.01
6587.635054021608,0.9621327907043725,0.01
6590.036014405762,0.9469267873942536,0.01
6592.436974789916,0.9513642209516665,0.01
6594.83793517407,0.9509809574427927,0.01
6597.238895558223,0.9462802011138769,0.01
6599.639855942377,0.9541850545319953,0.01
6602.040816326531,0.9356048413064691,0.01
6604.441776710684,0.9461494394688612,0.01
6606.8427370948375,0.9273171555597406,0.01
6609.243697478991,0.9477670390929575,0.01
6611.644657863145,0.945252175392621,0.01
6614.045618247299,0.9554837438995304,0.01
6616.446578631452,0.950906200951843,0.01
6618.847539015605,0.9311403239134726,0.01
6621.24849939976,0.949384472027671,0.01
6623.649459783914,0.9509373124220982,0.01
6626.050420168067,0.9411702562969319,0.01
6628.45138055222,0.9464326179053469,0.01
6630.852340936374,0.9362471874833665,0.01
6633.253301320528,0.9513300933217554,0.01
6635.654261704682,0.933135429954093,0.01
6638.055222088835,0.922701833770324,0.01
6640.456182472989,0.9290896196983202,0.01
6642.857142857143,0.9560409194051245,0.01
6645.258103241296,0.9142342384922644,0.01
6647.65906362545,0.9520822385765082,0.01
6650.060024009604,0.917034492172658,0.01
6652.460984393758,0.9567660151806998,0.01
6654.861944777911,0.9139690386851667,0.01
6657.262905162064,0.9430321292383443,0.01
6659.663865546218,0.9219141495542539,0.01
6662.0648259303725,0.9264685931789317,0.01
6664.465786314526,0.9108285495737753,0.01
6666.866746698679,0.906515529105977,0.01
6669.267707082833,0.9061098090232307,0.01
6671.668667466987,0.920467044462869,0.01
6674.0696278511405,0.9178909553559363,0.01
6676.470588235294,0.9086216664305128,0.01
6678.871548619447,0.9181772915642273,0.01
6681.272509003601,0.9200923817566644,0.01
6683.673469387755,0.9174711599248709,0.01
6686.074429771908,0.9213679210037031,0.01
6688.475390156062,0.9337259482731238,0.01
6690.876350540216,0.910606198971717,0.01
6693.27731092437,0.9016824049592472,0.01
6695.678271308523,0.9066649678197781,0.01
6698.079231692676,0.9091709656020279,0.01
6700.4801920768305,0.9081488598739588,0.01
6702.881152460985,0.9029985237749765,0.01
6705.282112845138,0.9114228551454246,0.01
6707.683073229291,0.9193677600270358,0.01
6710.084033613445,0.9252378623660248,0.01
6712.484993997599,0.910414976223151,0.01
6714.8859543817525,0.9124661029533792,0.01
6717.286914765906,0.9251241863590519,0.01
6719.68787515006,0.9130565482654808,0.01
6722.088835534214,0.9160079144660629,0.01
6724.489795918367,0.8839553437005577,0.01
6726.8907563025205,0.9070294476360335,0.01
6729.291716686675,0.9135249872246687,0.01
6731.692677070829,0.9080629862624046,0.01
6734.093637454982,0.9009152334933199,0.01
6736.494597839135,0.8975831565420648,0.01
6738.895558223289,0.898949277551874,0.01
6741.296518607443,0.904823406671753,0.01
6743.697478991597,0.8883382142028342,0.01
6746.09843937575,0.8836385285877221,0.01
6748.499399759903,0.9133863208374078,0.01
6750.900360144057,0.8956185441542243,0.01
6753.301320528211,0.9086798613625472,0.01
6755.702280912365,0.9080961497254573,0.01
6758.103241296518,0.9000427463631546,0.01
6760.504201680672,0.8972477858815477,0.01
6762.905162064826,0.9061216414545813,0.01
6765.306122448979,0.8955067697183287,0.01
6767.7070828331325,0.8927412892650736,0.01
6770.108043217287,0.8853356896061508,0.01
6772.509003601441,0.8866442849867009,0.01
6774.909963985594,0.8955862248661499,0.01
6777.310924369747,0.8931062125772983,0.01
6779.711884753901,0.8837379873679752,0.01
6782.1128451380555,0.8871112047393727,0.01
6784.513805522209,0.8983995318086199,0.01
6786.914765906362,0.9004147996431126,0.01
6789.315726290516,0.896750130409153,0.01
6791.71668667467,0.8788330666748543,0.01
6794.117647058823,0.8812521827314923,0.01
6796.518607442977,0.8951122965534978,0.01
6798.919567827131,0.8831542889326968,0.01
6801.320528211285,0.89363068469536,0.01
6803.721488595438,0.859835305043539,0.01
6806.122448979591,0.8644699766358851,0.01
6808.5234093637455,0.8991161307378644,0.01
6810.9243697479,0.8898838790024116,0.01
6813.325330132053,0.8861110583298397,0.01
6815.726290516206,0.8732894729818722,0.01
6818.127250900359,0.8891655188721106,0.01
6820.528211284513,0.8822120895560541,0.01
6822.929171668668,0.8817340206112985,0.01
6825.330132052821,0.8773432478861766,0.01
6827.731092436974,0.8778381726511579,0.01
6830.132052821128,0.8867521922843573,0.01
6832.533013205282,0.8749626710639636,0.01
6834.9339735894355,0.8789123729804138,0.01
6837.334933973589,0.8748912031116144,0.01
6839.735894357743,0.8748057136705716,0.01
6842.136854741897,0.8704775387772817,0.01
6844.53781512605,0.8704570463100509,0.01
6846.938775510203,0.8782990191702473,0.01
6849.339735894358,0.8599467299473242,0.01
6851.740696278512,0.878047261194494,0.01
6854.141656662665,0.8354576891360747,0.01
6856.542617046818,0.8536240317801793,0.01
6858.943577430972,0.8431468294575913,0.01
6861.344537815126,0.8608101544817338,0.01
6863.74549819928,0.8466474794500936,0.01
6866.146458583433,0.8541684062486976,0.01
6868.547418967587,0.8473914632087595,0.01
6870.948379351741,0.8591790305139535,0.01
6873.349339735894,0.8742290165700126,0.01
6875.7503001200475,0.8558815790323044,0.01
6878.151260504202,0.8626849882756874,0.01
6880.552220888355,0.8582110163414994,0.01
6882.953181272509,0.847722031520527,0.01
6885.354141656662,0.8194333365902959,0.01
6887.7551020408155,0.8466908166106504,0.01
6890.15606242497,0.8450464172207046,0.01
6892.557022809124,0.8389986462213301,0.01
6894.957983193277,0.848038940379529,0.01
6897.35894357743,0.8528757982915603,0.01
6899.759903961584,0.8342977135583927,0.01
6902.160864345738,0.8348990718772287,0.01
6904.561824729892,0.8342522923014966,0.01
6906.962785114045,0.8396034220233483,0.01
6909.363745498199,0.8476416180980586,0.01
6911.764705882353,0.8488846822316465,0.01
6914.165666266506,0.8248247299152747,0.01
6916.56662665066,0.8329704904678568,0.01
6918.967587034814,0.8346939603490852,0.01
6921.368547418968,0.8275960648951298,0.01
6923.769507803121,0.8390310585519908,0.01
6926.170468187274,0.8473898389988551,0.01
6928.571428571428,0.8302284071161133,0.01
6930.972388955583,0.8455859501652023,0.01
6933.373349339736,0.8136129787374985,0.01
6935.774309723889,0.8248429018065783,0.01
6938.175270108043,0.8368770333021093,0.01
6940.576230492197,0.8144021686657646,0.01
6942.9771908763505,0.8137537465866519,0.01
6945.378151260504,0.8320320106422409,0.01
6947.779111644658,0.8188073020432916,0.01
6950.180072028811,0.8108222250314611,0.01
6952.581032412965,0.820087875677642,0.01
6954.981992797118,0.8158384523716488,0.01
6957.382953181272,0.8170245461629984,0.01
6959.783913565426,0.8168849410540033,0.01
6962.18487394958,0.809927217078405,0.01
6964.585834333733,0.8157860731652207,0.01
6966.986794717886,0.8025600890313382,0.01
6969.3877551020405,0.8100067679031299,0.01
6971.788715486195,0.8152102192866133,0.01
6974.189675870348,0.8059552524023467,0.01
6976.590636254501,0.8183020227881663,0.01
6978.991596638655,0.8229267144172636,0.01
6981.392557022809,0.797702292121788,0.01
6983.793517406963,0.8051746072097933,0.01
6986.194477791116,0.8005703339120614,0.01
6988.59543817527,0.8032237129663907,0.01
6990.996398559424,0.8115347786128748,0.01
6993.397358943577,0.802097553458716,0.01
6995.7983193277305,0.8217692264426975,0.01
6998.199279711885,0.819288749294015,0.01
7000.600240096039,0.7935260229169455,0.01
7003.001200480192,0.8043665857886331,0.01
7005.402160864345,0.7688674873069771,0.01
7007.803121248499,0.7980589204414871,0.01
7010.2040816326535,0.7947862210055684,0.01
7012.605042016807,0.7918990119525045,0.01
7015.00600240096,0.8038150783648871,0.01
7017.406962785113,0.8092726964011918,0.01
7019.807923169267,0.7960115606745345,0.01
7022.208883553421,0.802487974887959,0.01
7024.609843937575,0.7869963000427891,0.01
7027.010804321728,0.7936454180841558,0.01
7029.411764705882,0.7865346717232867,0.01
7031.812725090036,0.7792188140020274,0.01
7034.213685474189,0.7848761609496727,0.01
7036.614645858343,0.7825129328648232,0.01
7039.015606242497,0.7900923799320877,0.01
7041.416566626651,0.7815060003581639,0.01
7043.817527010804,0.7793573626540566,0.01
7046.218487394957,0.7811394096767993,0.01
7048.619447779111,0.7843754708601093,0.01
7051.0204081632655,0.7852394385360725,0.01
7053.421368547419,0.759893163961002,0.01
7055.822328931572,0.7734045255964018,0.01
7058.223289315726,0.7811386179055734,0.01
7060.62424969988,0.7643620117755385,0.01
7063.0252100840335,0.7595213915901208,0.01
7065.426170468187,0.7654985117056818,0.01
7067.827130852341,0.7616645689133432,0.01
7070.228091236495,0.767170558284489,0.01
7072.629051620648,0.7658705206194577,0.01
7075.030012004801,0.7625313009647612,0.01
7077.4309723889555,0.7550501058503256,0.01
7079.83193277311,0.7686070521328119,0.01
7082.232893157263,0.7652675130204052,0.01
7084.633853541416,0.7649753165200431,0.01
7087.034813925569,0.7732420098889964,0.01
7089.4357743097235,0.7703989247648868,0.01
7091.836734693878,0.7455637982395009,0.01
7094.237695078031,0.7585952536403644,0.01
7096.638655462184,0.7510753584694245,0.01
7099.039615846338,0.7460365506937179,0.01
7101.440576230492,0.7528944910132797,0.01
7103.8415366146455,0.7525108231674712,0.01
7106.242496998799,0.7634419154980826,0.01
7108.643457382953,0.7675617450813234,0.01
7111.044417767107,0.7418901297390735,0.01
7113.44537815126,0.743138486956593,0.01
7115.846338535413,0.753937455281526,0.01
7118.247298919568,0.7466392217506606,0.01
7120.648259303722,0.7421041416897065,0.01
7123.049219687875,0.7528098129971768,0.01
7125.450180072028,0.7411163111204898,0.01
7127.851140456182,0.7343151197318522,0.01
7130.252100840336,0.7279630299249996,0.01
7132.65306122449,0.7381009164723424,0.01
7135.054021608643,0.7387514563311267,0.01
7137.454981992797,0.7270891105251845,0.01
7139.855942376951,0.715112768956558,0.01
7142.256902761104,0.7299304610491719,0.01
7144.657863145258,0.7429454960895532,0.01
7147.058823529412,0.7333504930435968,0.01
7149.459783913566,0.7246055083644596,0.01
7151.860744297719,0.7369778658022564,0.01
7154.261704681872,0.7246148351154384,0.01
7156.6626650660255,0.7350283418530607,0.01
7159.06362545018,0.713513145172741,0.01
7161.464585834334,0.731684736405258,0.01
7163.865546218487,0.7232231061419118,0.01
7166.26650660264,0.7322613672900145,0.01
7168.667466986794,0.7123793291053082,0.01
7171.0684273709485,0.7205240693995593,0.01
7173.469387755102,0.6965376502386884,0.01
7175.870348139255,0.7150238066168901,0.01
7178.271308523409,0.7088671103845566,0.01
7180.672268907563,0.7142666687488486,0.01
7183.073229291716,0.7069233609846033,0.01
7185.47418967587,0.7243982295591609,0.01
7187.875150060024,0.7163841705781194,0.01
7190.276110444178,0.7207940969855757,0.01
7192.677070828331,0.7159526579775666,0.01
7195.078031212484,0.7051266749139186,0.01
7197.4789915966385,0.6907285894070331,0.01
7199.879951980793,0.7105596653786341,0.01
7202.280912364946,0.7147900395550216,0.01
7204.681872749099,0.686892047407426,0.01
7207.082833133253,0.7130119883203141,0.01
7209.483793517407,0.6888861639100946,0.01
7211.8847539015605,0.7016237371964623,0.01
7214.285714285714,0.6929734746341139,0.01
7216.686674669868,0.69644585413486,0.01
7219.087635054022,0.6615912362363152,0.01
7221.488595438175,0.7045721063836794,0.01
7223.8895558223285,0.7073872656215601,0.01
7226.290516206482,0.6969837078395009,0.01
7228.691476590636,0.696778058927839,0.01
7231.09243697479,0.690939301403874,0.01
7233.493397358943,0.6876512814874056,0.01
7235.894357743096,0.7005913495855852,0.01
7238.2953181272505,0.6814123886774459,0.01
7240.696278511405,0.6770719103636452,0.01
7243.097238895558,0.6866821895377415,0.01
7245.498199279711,0.677556637831328,0.01
7247.899159663865,0.6742422939339185,0.01
7250.300120048019,0.6682626718954616,0.01
7252.701080432173,0.6959097694168253,0.01
7255.102040816326,0.6847858653083362,0.01
7257.50300120048,0.6797398234549029,0.01
7259.903961584634,0.6807622182256844,0.01
7262.304921968787,0.6789573373459867,0.01
7264.7058823529405,0.6843359895489037,0.01
7267.106842737095,0.6890837632275538,0.01
7269.507803121249,0.6831856977747411,0.01
7271.908763505402,0.6797396108428526,0.01
7274.309723889555,0.666138072159938,0.01
7276.710684273709,0.6584107131897499,0.01
7279.1116446578635,0.6576586719514855,0.01
7281.512605042017,0.6621316349713084,0.01
7283.91356542617,0.6661771502178412,0.01
7286.314525810324,0.6631594250892008,0.01
7288.715486194478,0.6825064242084141,0.01
7291.116446578631,0.6471601056856793,0.01
7293.517406962785,0.6612318452625727,0.01
7295.918367346938,0.6602327361225577,0.01
7298.319327731092,0.6554349627527204,0.01
7300.720288115246,0.6592702611349616,0.01
7303.121248499399,0.6582463320004097,0.01
7305.522208883553,0.665397164140239,0.01
7307.923169267707,0.6550739001900158,0.01
7310.324129651861,0.6518681934615574,0.01
7312.725090036014,0.6537834290406365,0.01
7315.126050420167,0.6528054261517279,0.01
7317.527010804321,0.6491711574570651,0.01
7319.927971188476,0.6411360649322643,0.01
7322.328931572629,0.6556123123924227,0.01
7324.729891956782,0.6397640354458878,0.01
7327.130852340936,0.6682988236829732,0.01
7329.53181272509,0.6271840156883549,0.01
7331.9327731092435,0.6284250307624065,0.01
7334.333733493397,0.6362848247710459,0.01
7336.734693877551,0.6249129316703809,0.01
7339.135654261705,0.6334453335309067,0.01
7341.536614645858,0.641225970927939,0.01
7343.937575030011,0.6229824573607069,0.01
7346.338535414166,0.6340064021030143,0.01
7348.73949579832,0.6148934876193737,0.01
7351.140456182473,0.6315389683507109,0.01
7353.541416566626,0.626487860677465,0.01
7355.94237695078,0.6372158438745158,0.01
7358.343337334934,0.6272465657275337,0.01
7360.744297719088,0.6330971710130805,0.01
7363.145258103241,0.6014618299759695,0.01
7365.546218487394,0.6170678036618236,0.01
7367.947178871548,0.6137669650774816,0.01
7370.348139255702,0.6319554643161424,0.01
7372.749099639856,0.6177937957054559,0.01
7375.150060024009,0.5955344736729199,0.01
7377.551020408163,0.6347757892596897,0.01
7379.951980792317,0.6131152141943516,0.01
7382.35294117647,0.6110597147318253,0.01
7384.7539015606235,0.6234391823077416,0.01
7387.154861944778,0.628484927210794,0.01
7389.555822328932,0.635905154714791,0.01
7391.956782713085,0.610348461461472,0.01
7394.357743097238,0.5896656697158276,0.01
7396.758703481392,0.6126205855793732,0.01
7399.1596638655465,0.5975057736481532,0.01
7401.5606242497,0.5940946107815742,0.01
7403.961584633853,0.6110882017442772,0.01
7406.362545018007,0.6144721450413568,0.01
7408.763505402161,0.5872377971390911,0.01
7411.164465786314,0.5960654069423915,0.01
7413.565426170468,0.5909997672357434,0.01
7415.966386554622,0.5991809895699578,0.01
7418.367346938776,0.5923067622983111,0.01
7420.768307322929,0.6040352575930742,0.01
7423.169267707082,0.5862158000729778,0.01
7425.5702280912365,0.5803417675202757,0.01
7427.97118847539,0.5890866154984965,0.01
7430.372148859544,0.58219856340569,0.01
7432.773109243697,0.5743309299139429,0.01
7435.17406962785,0.5939462868933734,0.01
7437.575030012004,0.6015150222317011,0.01
7439.9759903961585,0.5837401622543295,0.01
7442.376950780312,0.5883943503819113,0.01
7444.777911164465,0.585282130751029,0.01
7447.178871548619,0.5931641302726541,0.01
7449.579831932773,0.5727243915198154,0.01
7451.980792316926,0.5618644494824807,0.01
7454.38175270108,0.5900001379774635,0.01
7456.782713085234,0.5860166558863006,0.01
7459.183673469388,0.5538497396086819,0.01
7461.584633853541,0.559048791357308,0.01
7463.985594237694,0.5853122840679862,0.01
7466.3865546218485,0.565162738349958,0.01
7468.787515006003,0.5710764851603656,0.01
7471.188475390156,0.5719404022969948,0.01
7473.589435774309,0.560432626538191,0.01
7475.990396158463,0.5782944963769858,0.01
7478.391356542617,0.559201615862558,0.01
7480.792316926771,0.571912778552974,0.01
7483.193277310924,0.5748516350117325,0.01
7485.594237695078,0.5591988536029868,0.01
7487.995198079232,0.5462527688440744,0.01
7490.396158463385,0.5724813594921131,0.01
7492.7971188475385,0.5595860081909959,0.01
7495.198079231693,0.5534895726618427,0.01
7497.599039615846,0.5617999652274634,0.01
7500.0,0.5481625126034534,0.01
7502.400960384153,0.5501785160977197,0.01
7504.801920768306,0.5644156123050987,0.01
7507.202881152461,0.5532976527718737,0.01
7509.603841536615,0.5642340543009969,0.01
7512.004801920768,0.5573985701898656,0.01
7514.405762304921,0.5433705830386012,0.01
7516.806722689075,0.5479410612603534,0.01
7519.207683073229,0.5329070933245519,0.01
7521.608643457383,0.5428469419083533,0.01
7524.009603841536,0.542319478776818,0.01
7526.41056422569,0.5427799548350701,0.01
7528.811524609844,0.5256032613250172,0.01
7531.212484993997,0.5370136676270152,0.01
7533.613445378151,0.5481147622021411,0.01
7536.014405762305,0.5480023407434973,0.01
7538.415366146459,0.5354705840556643,0.01
7540.816326530612,0.5308102971731938,0.01
7543.217286914765,0.5310849842636612,0.01
7545.618247298919,0.543030079432476,0.01
7548.019207683074,0.52070169559084,0.01
7550.420168067227,0.529308187793892,0.01
7552.82112845138,0.5298318992052097,0.01
7555.222088835534,0.5046313966882964,0.01
7557.623049219688,0.517266885711598,0.01
7560.0240096038415,0.5140701499238259,0.01
7562.424969987995,0.5298842294378466,0.01
7564.825930372148,0.5152635573497595,0.01
7567.226890756302,0.5310829349430942,0.01
7569.627851140456,0.49189217516746825,0.01
7572.028811524609,0.48756762952870075,0.01
7574.429771908763,0.4918445992759611,0.01
7576.830732292917,0.5075047681265948,0.01
7579.231692677071,0.47627248124483335,0.01
7581.632653061224,0.489738285186915,0.01
7584.033613445377,0.4733459255778778,0.01
7586.4345738295315,0.46524062070617245,0.01
7588.835534213686,0.4589487828443904,0.01
7591.236494597839,0.47627031170100625,0.01
7593.637454981992,0.45699956400804387,0.01
7596.038415366146,0.47284407065023903,0.01
7598.439375750299,0.47978227734270745,0.01
7600.8403361344535,0.4681711435394753,0.01
7603.241296518607,0.48386906552541464,0.01
7605.642256902761,0.4702865754094788,0.01
7608.043217286914,0.46764686180279535,0.01
7610.444177671068,0.4765337803306904,0.01
7612.8451380552215,0.47974313060407975,0.01
7615.246098439376,0.4841703132520868,0.01
7617.647058823529,0.49132701331389994,0.01
7620.048019207683,0.503046669756489,0.01
7622.448979591836,0.4861859290550244,0.01
7624.84993997599,0.4835331674402731,0.01
7627.2509003601435,0.4846165245928874,0.01
7629.651860744298,0.4951958222232691,0.01
7632.052821128451,0.4813493094320299,0.01
7634.453781512605,0.4764321218275704,0.01
7636.854741896758,0.4893121311256867,0.01
7639.255702280912,0.4935419095747737,0.01
7641.656662665066,0.48073240401807704,0.01
7644.05762304922,0.48217317483244193,0.01
7646.458583433373,0.48544969240527225,0.01
7648.859543817527,0.47242795612368976,0.01
7651.26050420168,0.4670372191939612,0.01
7653.661464585834,0.47023102127966204,0.01
7656.062424969988,0.46517113738510657,0.01
7658.463385354142,0.47283670048092213,0.01
7660.864345738295,0.4723692836629677,0.01
7663.265306122449,0.48476413767505694,0.01
7665.666266506602,0.4572390390523576,0.01
7668.067226890756,0.4721565481374155,0.01
7670.46818727491,0.466151926812331,0.01
7672.869147659063,0.4693036547763309,0.01
7675.270108043217,0.4675829236512932,0.01
7677.67106842737,0.4786096813011495,0.01
7680.072028811524,0.47035371513642754,0.01
7682.472989195678,0.4717729987801468,0.01
7684.873949579832,0.47550546697533513,0.01
7687.274909963985,0.47531430209889164,0.01
7689.675870348139,0.45579858430381914,0.01
7692.076830732292,0.45582223821443446,0.01
7694.4777911164465,0.4676189335926309,0.01
7696.8787515006,0.4511366068582475,0.01
7699.279711884754,0.47094418072805966,0.01
7701.680672268907,0.47485070912065575,0.01
7704.081632653061,0.4498905128046809,0.01
7706.482593037214,0.445644362445084,0.01
7708.883553421369,0.47738864058000274,0.01
7711.284513805522,0.4572315403126372,0.01
7713.685474189676,0.4460628799737281,0.01
7716.086434573829,0.45183245758807217,0.01
7718.487394957983,0.4695760691698933,0.01
7720.8883553421365,0.4575153705334444,0.01
7723.289315726291,0.4458522233467638,0.01
7725.690276110444,0.44121754423381887,0.01
7728.091236494598,0.4519631520771205,0.01
7730.492196878751,0.43870594205889574,0.01
7732.893157262905,0.4358052083381764,0.01
7735.294117647059,0.44129055462569666,0.01
7737.695078031212,0.42980767400410874,0.01
7740.096038415366,0.4308427717911591,0.01
7742.496998799519,0.43620189679268706,0.01
7744.897959183673,0.434205988303305,0.01
7747.2989195678265,0.4471540861508214,0.01
7749.699879951981,0.44889665391340844,0.01
7752.100840336134,0.4345378929087088,0.01
7754.501800720288,0.4254037244849508,0.01
7756.902761104441,0.4429064715242689,0.01
7759.303721488595,0.42278068796959,0.01
7761.704681872749,0.4282854929671448,0.01
7764.105642256903,0.44354661588749833,0.01
7766.506602641056,0.4329244412868722,0.01
7768.90756302521,0.4315162729609308,0.01
7771.308523409363,0.4222660949607649,0.01
7773.709483793517,0.4165138959724923,0.01
7776.110444177671,0.4268202038832708,0.01
7778.511404561825,0.400747103343988,0.01
7780.912364945978,0.4115615319870063,0.01
7783.313325330132,0.42229934676763126,0.01
7785.714285714285,0.39721737327518947,0.01
7788.1152460984395,0.43727788453663463,0.01
7790.516206482593,0.4297732991199818,0.01
7792.917166866747,0.42173563054038843,0.01
7795.3181272509,0.419260671588294,0.01
7797.719087635054,0.4146408033354037,0.01
7800.120048019207,0.4031693546375399,0.01
7802.521008403361,0.4098959945589687,0.01
7804.921968787515,0.41017507076083864,0.01
7807.322929171668,0.404734050309562,0.01
7809.723889555822,0.41023115704802293,0.01
7812.124849939975,0.3976230665131292,0.01
7814.525810324129,0.4011653745448237,0.01
7816.926770708283,0.3979049660644738,0.01
7819.327731092437,0.3940130718906827,0.01
7821.72869147659,0.39795431821544164,0.01
7824.129651860744,0.3889829694136063,0.01
7826.530612244897,0.39691390085808537,0.01
7828.9315726290515,0.3951200526791206,0.01
7831.332533013205,0.39341807044439653,0.01
7833.733493397359,0.39685324331931227,0.01
7836.134453781512,0.3953396025501391,0.01
7838.535414165666,0.4012153432970769,0.01
7840.936374549819,0.3936678685044447,0.01
7843.337334933974,0.41688403052729744,0.01
7845.738295318127,0.3984440808671874,0.01
7848.139255702281,0.38532153472113656,0.01
7850.540216086434,0.4001792317559291,0.01
7852.941176470588,0.38760249324831897,0.01
7855.3421368547415,0.3714256342164239,0.01
7857.743097238896,0.37915485304264407,0.01
7860.144057623049,0.38522446431916224,0.01
7862.545018007203,0.39111901027746043,0.01
7864.945978391356,0.3830792740462334,0.01
7867.34693877551,0.37094194650175727,0.01
7869.747899159664,0.3940524482849992,0.01
7872.148859543817,0.39939960912178923,0.01
7874.549819927971,0.36051711069958375,0.01
7876.950780312124,0.37431108239136424,0.01
7879.351740696278,0.3820285887208468,0.01
7881.7527010804315,0.35658574353781936,0.01
7884.153661464586,0.37651877322039007,0.01
7886.554621848739,0.3783658827163653,0.01
7888.955582232893,0.35525758753940656,0.01
7891.356542617046,0.3774526701144774,0.01
7893.7575030012,0.3700236919552307,0.01
7896.158463385354,0.37019039160483036,0.01
7898.559423769508,0.3745653606304853,0.01
7900.960384153661,0.3599685331953158,0.01
7903.361344537815,0.3750967290865104,0.01
7905.762304921968,0.37328576729629864,0.01
7908.163265306122,0.35637213884987173,0.01
7910.564225690276,0.3596373268046802,0.01
7912.96518607443,0.3574589593208843,0.01
7915.366146458583,0.36360234355320936,0.01
7917.767106842737,0.35967705195306043,0.01
7920.16806722689,0.36448819403281546,0.01
7922.5690276110445,0.34678520053687434,0.01
7924.969987995198,0.36155295833244994,0.01
7927.370948379352,0.34638372703302395,0.01
7929.771908763505,0.3630978105402272,0.01
7932.172869147659,0.3674410200400313,0.01
7934.573829531812,0.35349350042200267,0.01
7936.9747899159665,0.3616020080401182,0.01
7939.37575030012,0.35351525545262014,0.01
7941.776710684273,0.348367991715951,0.01
7944.177671068427,0.34788922329936606,0.01
7946.57863145258,0.34166328977939064,0.01
7948.9795918367345,0.33913805007175823,0.01
7951.380552220888,0.32651170049908196,0.01
7953.781512605042,0.3516433053009423,0.01
7956.182472989195,0.3383889558247824,0.01
7958.583433373349,0.3433027838116269,0.01
7960.984393757502,0.37495490237520446,0.01
7963.3853541416565,0.33096131514866456,0.01
7965.78631452581,0.32662787842465324,0.01
7968.187274909964,0.3371833820196756,0.01
7970.588235294117,0.3364670971132178,0.01
7972.989195678271,0.3389890128681165,0.01
7975.3901560624245,0.33235607214350943,0.01
7977.791116446579,0.33414471544016644,0.01
7980.192076830732,0.3544364258651757,0.01
7982.593037214886,0.3258685461983978,0.01
7984.993997599039,0.33636059391426637,0.01
7987.394957983193,0.3307924898795963,0.01
7989.7959183673465,0.3356012956683436,0.01
7992.196878751501,0.32343344651695527,0.01
7994.597839135654,0.3303023336670553,0.01
7996.998799519808,0.3222567256829614,0.01
7999.399759903961,0.30322279870187835,0.01
8001.800720288115,0.3261425625128192,0.01
8004.201680672269,0.3117207919606715,0.01
8006.602641056423,0.3376491849944373,0.01
8009.003601440576,0.31401994621780605,0.01
8011.404561824729,0.3229998912584095,0.01
8013.805522208883,0.30753296561031973,0.01
8016.2064825930365,0.31295933683305066,0.01
8018.607442977191,0.3119263093278095,0.01
8021.008403361344,0.3204286195212915,0.01
8023.409363745498,0.30288331871637275,0.01
8025.810324129651,0.30653485437113215,0.01
8028.211284513805,0.3092088376514135,0.01
8030.612244897959,0.30570704912654884,0.01
8033.013205282113,0.3104086131911157,0.01
8035.414165666266,0.30458373055343774,0.01
8037.81512605042,0.309218386616914,0.01
8040.216086434573,0.3035808603494415,0.01
8042.617046818727,0.3079580683958283,0.01
8045.018007202881,0.29833396597504414,0.01
8047.418967587035,0.30085883679084446,0.01
8049.819927971188,0.30573017714837875,0.01
8052.220888355342,0.3103070243899701,0.01
8054.621848739495,0.31460164432794224,0.01
8057.0228091236495,0.30005311825633907,0.01
8059.423769507803,0.3106918194845375,0.01
8061.824729891957,0.29185811891589564,0.01
8064.22569027611,0.2799122164127131,0.01
8066.626650660264,0.2862715305165359,0.01
8069.027611044417,0.3140102355841858,0.01
8071.428571428572,0.28949220659768626,0.01
8073.829531812725,0.3083707010734512,0.01
8076.230492196878,0.29970775588335685,0.01
8078.631452581032,0.2921182220236947,0.01
8081.032412965185,0.2990451375892439,0.01
8083.4333733493395,0.2954278853247147,0.01
8085.834333733493,0.29960692681474926,0.01
8088.235294117647,0.30141566964511113,0.01
8090.6362545018,0.2916084443779951,0.01
8093.037214885954,0.27508902566230026,0.01
8095.438175270107,0.30702793064845196,0.01
8097.839135654262,0.2754532975831961,0.01
8100.240096038415,0.2865908713992387,0.01
8102.641056422569,0.25636951566852706,0.01
8105.042016806722,0.3037791289242385,0.01
8107.442977190876,0.2958641721505985,0.01
8109.8439375750295,0.28254170508357584,0.01
8112.244897959184,0.28430214315161006,0.01
8114.645858343337,0.27895413760535515,0.01
8117.046818727491,0.2891781268259571,0.01
8119.447779111644,0.2802896744331569,0.01
8121.848739495798,0.28068914345742185,0.01
8124.249699879952,0.30423363105685797,0.01
8126.650660264106,0.28975893591266055,0.01
8129.051620648259,0.2929556363296536,0.01
8131.452581032413,0.2647022182759216,0.01
8133.853541416566,0.2719632388042369,0.01
8136.25450180072,0.27859882903019073,0.01
8138.655462184874,0.26689566929617464,0.01
8141.056422569028,0.27263175069237056,0.01
8143.457382953181,0.2832689469926228,0.01
8145.858343337334,0.287625697220773,0.01
8148.259303721488,0.2727943474199692,0.01
8150.6602641056415,0.2750501303844285,0.01
8153.061224489796,0.26488153052038266,0.01
8155.462184873949,0.25611245927415816,0.01
8157.863145258103,0.2705861321016048,0.01
8160.264105642256,0.2322285702277163,0.01
8162.66506602641,0.2574404829479339,0.01
8165.066026410564,0.25500693089501714,0.01
8167.466986794718,0.26131275350155575,0.01
8169.867947178871,0.2650824554909425,0.01
8172.268907563025,0.26996051496460216,0.01
8174.669867947178,0.2616120937851768,0.01
8177.070828331332,0.24970036143179547,0.01
8179.471788715486,0.2455512371788599,0.01
8181.87274909964,0.25027996870691366,0.01
8184.273709483793,0.24159367328990214,0.01
8186.674669867947,0.24984927403034962,0.01
8189.0756302521,0.2531920290701227,0.01
8191.4765906362545,0.2663172435690727,0.01
8193.877551020407,0.24795568584283204,0.01
8196.278511404562,0.26559045187672403,0.01
8198.679471788715,0.24364324221248987,0.01
8201.080432172868,0.2597983512863611,0.01
8203.481392557023,0.25571178050636767,0.01
8205.882352941177,0.24264332450205442,0.01
8208.28331332533,0.2585348305185622,0.01
8210.684273709485,0.25800576287001514,0.01
8213.085234093636,0.2550445232682068,0.01
8215.486194477791,0.24549558971172594,0.01
8217.887154861945,0.24793603427374125,0.01
8220.288115246098,0.24223951161360413,0.01
8222.689075630253,0.23965478086715392,0.01
8225.090036014404,0.2564438855223699,0.01
8227.49099639856,0.23052740920110046,0.01
8229.891956782712,0.2359368825160245,0.01
8232.292917166866,0.22354175813885016,0.01
8234.69387755102,0.22703278910683944,0.01
8237.094837935174,0.2521493743336648,0.01
8239.495798319327,0.23171579769615455,0.01
8241.896758703482,0.2586368924740307,0.01
8244.297719087634,0.21608751305036702,0.01
8246.698679471789,0.22707256648328317,0.01
8249.099639855942,0.23075917987137642,0.01
8251.500600240095,0.23008344164992584,0.01
8253.90156062425,0.2398472257304205,0.01
8256.302521008403,0.23495664062442564,0.01
8258.703481392557,0.237541728570714,0.01
8261.104441776712,0.2149859194911689,0.01
8263.505402160863,0.22774104355031355,0.01
8265.906362545018,0.2298481869518761,0.01
8268.307322929171,0.23810214716244513,0.01
8270.708283313325,0.21154842115339467,0.01
8273.10924369748,0.22322754382014356,0.01
8275.510204081633,0.21932172982576273,0.01
8277.911164465786,0.21764470931734842,0.01
8280.312124849941,0.2322496514544565,0.01
8282.713085234092,0.21889778826555414,0.01
8285.114045618247,0.22645815580100367,0.01
8287.5150060024,0.23354678320548009,0.01
8289.915966386554,0.1908105411914235,0.01
8292.316926770709,0.21379331039757216,0.01
8294.71788715486,0.2191525763579212,0.01
8297.118847539015,0.22846997759205223,0.01
8299.519807923169,0.22903768859471973,0.01
8301.920768307322,0.2058782674458188,0.01
8304.321728691477,0.21884293129411753,0.01
8306.72268907563,0.2126166593981296,0.01
8309.123649459783,0.20683329691756253,0.01
8311.524609843938,0.22730152036288703,0.01
8313.92557022809,0.21157502428203528,0.01
8316.326530612245,0.2123333172574273,0.01
8318.727490996398,0.2102443795698662,0.01
8321.128451380551,0.21427627594858284,0.01
8323.529411764706,0.20175199861079993,0.01
8325.93037214886,0.21885898796606013,0.01
8328.331332533013,0.20485833934959224,0.01
8330.732292917168,0.19749349505591596,0.01
8333.13325330132,0.197187281786441,0.01
8335.534213685474,0.208148049726021,0.01
8337.935174069627,0.22421514968129547,0.01
8340.33613445378,0.21493295870014711,0.01
8342.737094837936,0.22079101017474057,0.01
8345.138055222089,0.2218248080296718,0.01
8347.539015606242,0.20658333302694254,0.01
8349.939975990395,0.18150167826071098,0.01
8352.340936374549,0.1970510123378207,0.01
8354.741896758704,0.1940297877767095,0.01
8357.142857142857,0.2123012104029821,0.01
8359.54381752701,0.18008718186000955,0.01
8361.944777911165,0.2096413142772841,0.01
8364.345738295317,0.18923419892188753,0.01
8366.746698679472,0.19509081857366473,0.01
8369.147659063625,0.19786073846056776,0.01
8371.548619447778,0.1821575765937894,0.01
8373.949579831933,0.19494024234776186,0.01
8376.350540216086,0.19132697668991486,0.01
8378.75150060024,0.1902095363940293,0.01
8381.152460984395,0.20048040946286724,0.01
8383.553421368546,0.17833262862976712,0.01
8385.954381752701,0.17226390864790045,0.01
8388.355342136854,0.1677163578496584,0.01
8390.756302521007,0.19070401258401484,0.01
8393.157262905162,0.1882027189362328,0.01
8395.558223289316,0.17778844875398334,0.01
8397.959183673469,0.18950811958779118,0.01
8400.360144057624,0.19106335418713796,0.01
8402.761104441775,0.1939249408797155,0.01
8405.16206482593,0.19471385398611157,0.01
8407.563025210084,0.1951833491187647,0.01
8409.963985594237,0.19064326812726995,0.01
8412.364945978392,0.1913509676189557,0.01
8414.765906362545,0.1762954647003005,0.01
8417.166866746698,0.1830716036415063,0.01
8419.567827130852,0.17177107922648616,0.01
8421.968787515005,0.17514010505612845,0.01
8424.36974789916,0.19091096524343645,0.01
8426.770708283313,0.16095390583483077,0.01
8429.171668667466,0.1901743289237373,0.01
8431.572629051621,0.17899555614070517,0.01
8433.973589435773,0.16527243119351506,0.01
8436.374549819928,0.18146189414474123,0.01
8438.775510204081,0.17381965972568297,0.01
8441.176470588234,0.1726891276951591,0.01
8443.57743097239,0.1751403078511964,0.01
8445.978391356542,0.1644143467385773,0.01
8448.379351740696,0.18822003475265237,0.01
8450.78031212485,0.16098100398823387,0.01
8453.181272509002,0.17828543606909208,0.01
8455.582232893157,0.17375890008585654,0.01
8457.98319327731,0.15837701791674808,0.01
8460.384153661464,0.18109082288187706,0.01
8462.785114045619,0.17027710012465852,0.01
8465.186074429772,0.1717224027919628,0.01
8467.587034813925,0.16235999629721476,0.01
8469.98799519808,0.17025400257928294,0.01
8472.388955582232,0.17098958844753537,0.01
8474.789915966387,0.17434196541073244,0.01
8477.19087635054,0.1904421197316206,0.01
8479.591836734693,0.14961111622951884,0.01
8481.992797118848,0.17572072624513924,0.01
8484.393757503001,0.18591432551898943,0.01
8486.794717887155,0.17025204081434991,0.01
8489.195678271308,0.1552618252787135,0.01
8491.596638655461,0.16663301152667606,0.01
8493.997599039616,0.15412019233097088,0.01
8496.39855942377,0.15291921611437648,0.01
8498.799519807922,0.15766377933506107,0.01
8501.200480192078,0.15601195837662862,0.01
8503.601440576229,0.15086360536359908,0.01
8506.002400960384,0.1612638446561442,0.01
8508.403361344537,0.15854446739734154,0.01
8510.80432172869,0.14889031029358946,0.01
8513.205282112845,0.15631894845501582,0.01
8515.606242496999,0.16485272280590982,0.01
8518.007202881152,0.16151139569192297,0.01
8520.408163265307,0.1656877869646663,0.01
8522.809123649458,0.1582173920891463,0.01
8525.210084033613,0.16818313022142767,0.01
8527.611044417767,0.14620447577666143,0.01
8530.01200480192,0.17931437357810295,0.01
8532.412965186075,0.14888322353296668,0.01
8534.813925570228,0.12400631376412485,0.01
8537.214885954381,0.15746647034327813,0.01
8539.615846338536,0.1450656563820935,0.01
8542.016806722688,0.14882780099167503,0.01
8544.417767106843,0.1562928538676115,0.01
8546.818727490996,0.13436361729959234,0.01
8549.21968787515,0.16408196754553178,0.01
8551.620648259304,0.16220379346920435,0.01
8554.021608643456,0.15792601938582518,0.01
8556.42256902761,0.14403268419496643,0.01
8558.823529411764,0.1345187089050272,0.01
8561.224489795917,0.14632646418892553,0.01
8563.625450180072,0.13099486126923734,0.01
8566.026410564225,0.1379524099020243,0.01
8568.427370948379,0.15139724223892853,0.01
8570.828331332534,0.13057396896517348,0.01
8573.229291716685,0.1411805302312049,0.01
8575.63025210084,0.1503855259503933,0.01
8578.031212484993,0.15628903443692982,0.01
8580.432172869147,0.1216653771147355,0.01
8582.833133253302,0.1256147701589539,0.01
8585.234093637455,0.14509020901677155,0.01
8587.635054021608,0.14960307310123105,0.01
8590.036014405763,0.12598172001757516,0.01
8592.436974789915,0.14863518614234866,0.01
8594.83793517407,0.12326292341735233,0.01
8597.238895558223,0.14320158872187225,0.01
8599.639855942376,0.14055521513441435,0.01
8602.040816326531,0.13310867187006434,0.01
8604.441776710684,0.141452057587255,0.01
8606.842737094838,0.146358848797192,0.01
8609.243697478993,0.13094746757867812,0.01
8611.644657863144,0.1307420447667496,0.01
8614.045618247299,0.10945211035900704,0.01
8616.446578631452,0.12876479617730746,0.01
8618.847539015605,0.1219755247539607,0.01
8621.24849939976,0.12457548882328238,0.01
8623.649459783912,0.13219004620532765,0.01
8626.050420168067,0.1341617944542345,0.01
8628.45138055222,0.13325067510330804,0.01
8630.852340936373,0.12458071631790059,0.01
8633.253301320528,0.1309991515048666,0.01
8635.654261704682,0.13963232810002746,0.01
8638.055222088835,0.12350966387977588,0.01
8640.45618247299,0.14012436796493158,0.01
8642.857142857141,0.11206045922076183,0.01
8645.258103241296,0.12867436665365647,0.01
8647.65906362545,0.11861442592791856,0.01
8650.060024009603,0.12492969881930226,0.01
8652.460984393758,0.10406419475695022,0.01
8654.861944777911,0.13253487743113937,0.01
8657.262905162064,0.12152038699970974,0.01
8659.66386554622,0.10690872099171052,0.01
8662.06482593037,0.1270421872784783,0.01
8664.465786314526,0.12461727706008453,0.01
8666.866746698679,0.13088261233643533,0.01
8669.267707082832,0.11639322627032321,0.01
8671.668667466987,0.11444580236770309,0.01
8674.06962785114,0.132492248317157,0.01
8676.470588235294,0.11498216379001623,0.01
8678.871548619449,0.1064922805548124,0.01
8681.2725090036,0.12536152572817227,0.01
8683.673469387755,0.12937924227538947,0.01
8686.074429771908,0.12133452700842737,0.01
8688.475390156062,0.11641910769775972,0.01
8690.876350540217,0.11189201193149464,0.01
8693.277310924368,0.1145890763861653,0.01
8695.678271308523,0.12197007978071701,0.01
8698.079231692676,0.11752672758852528,0.01
8700.48019207683,0.11826345907931869,0.01
8702.881152460985,0.11656343722160653,0.01
8705.282112845138,0.12089905944512379,0.01
8707.683073229291,0.12836606233172798,0.01
8710.084033613446,0.13294017011145665,0.01
8712.484993997597,0.11491071799515845,0.01
8714.885954381753,0.12319492179009456,0.01
8717.286914765906,0.11299041358651699,0.01
8719.687875150059,0.11800515519912996,0.01
8722.088835534214,0.10430604317056676,0.01
8724.489795918367,0.09784546087598253,0.01
8726.89075630252,0.10578589459392539,0.01
8729.291716686675,0.0974535087508111,0.01
8731.692677070827,0.09892915573878878,0.01
8734.093637454982,0.11212120342817751,0.01
8736.494597839135,0.09759928023355441,0.01
8738.895558223288,0.10008258081448272,0.01
8741.296518607443,0.1070399440089907,0.01
8743.697478991597,0.12075824120727933,0.01
8746.09843937575,0.09590518634744334,0.01
8748.499399759905,0.10386257033018609,0.01
8750.900360144056,0.09626436190257075,0.01
8753.301320528211,0.09842032304001222,0.01
8755.702280912365,0.11310215517237948,0.01
8758.103241296518,0.09436499604448248,0.01
8760.504201680673,0.11546325647024569,0.01
8762.905162064824,0.11252402384709376,0.01
8765.30612244898,0.1113971236198297,0.01
8767.707082833133,0.08822125982276226,0.01
8770.108043217286,0.09618722432391916,0.01
8772.50900360144,0.10542301965055277,0.01
8774.909963985594,0.10022834375864959,0.01
8777.310924369747,0.0974905602084817,0.01
8779.711884753902,0.09346930263477043,0.01
8782.112845138054,0.10605134971485602,0.01
8784.513805522209,0.08630277178348585,0.01
8786.914765906362,0.11123531438982097,0.01
8789.315726290515,0.10011765037239652,0.01
8791.71668667467,0.0792453058685161,0.01
8794.117647058823,0.10232398212780035,0.01
8796.518607442977,0.0864896089769846,0.01
8798.919567827132,0.11015781413293262,0.01
8801.320528211283,0.09314079369373181,0.01
8803.721488595438,0.10252953277054547,0.01
8806.122448979591,0.09022102365787629,0.01
8808.523409363745,0.09852186198651659,0.01
8810.9243697479,0.08914730001110346,0.01
8813.325330132053,0.0802587500757679,0.01
8815.726290516206,0.0809904006127041,0.01
8818.127250900361,0.11535193325280706,0.01
8820.528211284513,0.09927657549382801,0.01
8822.929171668668,0.1072219358441724,0.01
8825.33013205282,0.10671680843217186,0.01
8827.731092436974,0.07125429500103049,0.01
8830.132052821129,0.0870578276258235,0.01
8832.53301320528,0.09127469718643139,0.01
8834.933973589435,0.08800512517953284,0.01
8837.334933973589,0.09635077565041086,0.01
8839.735894357742,0.08493715467074818,0.01
8842.136854741897,0.09566548480154972,0.01
8844.53781512605,0.08721535027905046,0.01
8846.938775510203,0.10720123013347535,0.01
8849.339735894358,0.07649928314835619,0.01
8851.74069627851,0.08562825391809341,0.01
8854.141656662665,0.09622004667324002,0.01
8856.542617046818,0.10464820522474932,0.01
8858.943577430971,0.0913899141537152,0.01
8861.344537815126,0.08484016705552534,0.01
8863.74549819928,0.09172986586114251,0.01
8866.146458583433,0.0691909006357211,0.01
8868.547418967588,0.09634099544069422,0.01
8870.94837935174,0.08070703426592624,0.01
8873.349339735894,0.09071063184783927,0.01
8875.750300120048,0.09699414344464474,0.01
8878.1512605042,0.08042756068670401,0.01
8880.552220888356,0.08894308864518345,0.01
8882.953181272509,0.09549439860512135,0.01
8885.354141656662,0.08711153130735814,0.01
8887.755102040817,0.0823729642182318,0.01
8890.156062424969,0.0683714431119033,0.01
8892.557022809124,0.08386441680180041,0.01
8894.957983193277,0.07966895358281453,0.01
8897.35894357743,0.07460250033229425,0.01
8899.759903961585,0.09875580279206247,0.01
8902.160864345737,0.06897667248049136,0.01
8904.561824729892,0.08600948684331611,0.01
8906.962785114045,0.0711201569046105,0.01
8909.363745498198,0.07799288456427991,0.01
8911.764705882353,0.08022456904330451,0.01
8914.165666266506,0.08726488315426682,0.01
8916.56662665066,0.08287001252835352,0.01
8918.967587034815,0.07994191398565342,0.01
8921.368547418966,0.062464018040651534,0.01
8923.769507803121,0.07318511760478233,0.01
8926.170468187274,0.07668266418199854,0.01
8928.571428571428,0.07522420651254978,0.01
8930.972388955583,0.06842154681090229,0.01
8933.373349339736,0.06834634894931312,0.01
8935.774309723889,0.06797356721346492,0.01
8938.175270108044,0.08160985426478508,0.01
8940.576230492195,0.07838932825596429,0.01
8942.97719087635,0.08448013618444716,0.01
8945.378151260504,0.06224335866584507,0.01
8947.779111644657,0.05836072512460306,0.01
8950.180072028812,0.05634863439816912,0.01
8952.581032412965,0.08741101541935287,0.01
8954.981992797118,0.06037271040022466,0.01
8957.382953181273,0.061456246550313766,0.01
8959.783913565425,0.06296231035159328,0.01
8962.18487394958,0.07680664817381869,0.01
8964.585834333733,0.07629314996089456,0.01
8966.986794717886,0.07536691713837106,0.01
8969.387755102041,0.0816250196293032,0.01
8971.788715486193,0.07155609914060758,0.01
8974.189675870348,0.07550047044361488,0.01
8976.590636254501,0.08533456286718084,0.01
8978.991596638654,0.051000136295228315,0.01
8981.39255702281,0.06408653190552406,0.01
8983.793517406963,0.07530283195228278,0.01
8986.194477791116,0.06552912662576785,0.01
8988.59543817527,0.07326530760073396,0.01
8990.996398559422,0.0717790469509099,0.01
8993.397358943577,0.07475959641445974,0.01
8995.79831932773,0.07719351613512632,0.01
8998.199279711884,0.07503192897728857,0.01
9000.600240096039,0.0594818812909769,0.01
9003.001200480192,0.05630885493515898,0.01
9005.402160864345,0.07594030464333898,0.01
9007.8031212485,0.0681319827986658,0.01
9010.204081632652,0.06469980971388888,0.01
9012.605042016807,0.06899685588654804,0.01
9015.00600240096,0.0745326487982207,0.01
9017.406962785113,0.08017388662238933,0.01
9019.807923169268,0.06011656597427388,0.01
9022.208883553421,0.05212719152129,0.01
9024.609843937575,0.057262287661608326,0.01
9027.01080432173,0.07610209699361613,0.01
9029.411764705881,0.08231215250009014,0.01
9031.812725090036,0.06555881641734602,0.01
9034.21368547419,0.08021604928800491,0.01
9036.614645858343,0.05571470981957421,0.01
9039.015606242498,0.06425517199077083,0.01
9041.416566626649,0.06296795777962415,0.01
9043.817527010804,0.08463317259867392,0.01
9046.218487394957,0.06218844371809556,0.01
9048.61944777911,0.06415719364588628,0.01
9051.020408163266,0.06676822470033437,0.01
9053.421368547419,0.05988836775226069,0.01
9055.822328931572,0.06442788688108914,0.01
9058.223289315727,0.06805247721296494,0.01
9060.624249699878,0.06695762920108923,0.01
9063.025210084033,0.05670143220556609,0.01
9065.426170468187,0.053092624532931086,0.01
9067.82713085234,0.03861203745120939,0.01
9070.228091236495,0.0562834142911907,0.01
9072.629051620648,0.05856216241092227,0.01
9075.030012004801,0.0600485631429771,0.01
9077.430972388956,0.06893122591779631,0.01
9079.831932773108,0.05742758501934211,0.01
9082.232893157263,0.07265773344095963,0.01
9084.633853541416,0.05872987580209573,0.01
9087.03481392557,0.07248573589538403,0.01
9089.435774309724,0.0384698833511215,0.01
9091.836734693878,0.044322877038619216,0.01
9094.23769507803,0.05621907660304044,0.01
9096.638655462186,0.04192878720144901,0.01
9099.039615846337,0.05163779686114833,0.01
9101.440576230492,0.060560483871461714,0.01
9103.841536614646,0.06456637159401624,0.01
9106.242496998799,0.03797248788892933,0.01
9108.643457382954,0.04187788336288828,0.01
9111.044417767105,0.04590176437585558,0.01
9113.44537815126,0.047840622293573005,0.01
9115.846338535413,0.05074058619219693,0.01
9118.247298919567,0.05696964510716146,0.01
9120.648259303722,0.04387051761013365,0.01
9123.049219687875,0.059450372650032335,0.01
9125.450180072028,0.04893910417827419,0.01
9127.851140456183,0.04919838435579627,0.01
9130.252100840335,0.059783629219256514,0.01
9132.65306122449,0.03406288851719698,0.01
9135.054021608643,0.05195846181252816,0.01
9137.454981992796,0.02524600051055354,0.01
9139.855942376951,0.06720383640559566,0.01
9142.256902761104,0.044795810959752644,0.01
9144.657863145258,0.048150235088211375,0.01
9147.058823529413,0.03721514618180175,0.01
9149.459783913564,0.05247076656966065,0.01
9151.860744297719,0.041034397932411676,0.01
9154.261704681872,0.044924426404194515,0.01
9156.662665066026,0.04155187204502477,0.01
9159.06362545018,0.05460073399147318,0.01
9161.464585834334,0.04109116842486221,0.01
9163.865546218487,0.037738977326355345,0.01
9166.266506602642,0.0332640666955917,0.01
9168.667466986793,0.04542822197634587,0.01
9171.068427370948,0.061201521095863694,0.01
9173.469387755102,0.05257522644453169,0.01
9175.870348139255,0.04804612662450293,0.01
9178.27130852341,0.043805398069565224,0.01
9180.672268907561,0.05301842874947175,0.01
9183.073229291716,0.053896356233319204,0.01
9185.47418967587,0.053413453063890864,0.01
9187.875150060023,0.03413172826061479,0.01
9190.276110444178,0.04534225273107722,0.01
9192.677070828331,0.04231556280327255,0.01
9195.078031212484,0.05157792537633187,0.01
9197.47899159664,0.048621210430421585,0.01
9199.87995198079,0.027145604660076206,0.01
9202.280912364946,0.04226397582362005,0.01
9204.681872749099,0.06390959679734354,0.01
9207.082833133252,0.05159597433257268,0.01
9209.483793517407,0.03675817299002124,0.01
9211.88475390156,0.03290587078604446,0.01
9214.285714285714,0.05196572722454902,0.01
9216.686674669869,0.04321261184244038,0.01
9219.08763505402,0.05088812878507296,0.01
9221.488595438175,0.04315969798110629,0.01
9223.889555822328,0.043333691423492936,0.01
9226.290516206482,0.04995618665010487,0.01
9228.691476590637,0.051028875308933935,0.01
9231.09243697479,0.038169284035056365,0.01
9233.493397358943,0.050557166592613265,0.01
9235.894357743098,0.04484742332440969,0.01
9238.29531812725,0.04397839473831888,0.01
9240.696278511405,0.03063455074218013,0.01
9243.097238895558,0.03663598379928998,0.01
9245.498199279711,0.02876322990775375,0.01
9247.899159663866,0.03501542221691147,0.01
9250.300120048018,0.04193108541423385,0.01
9252.701080432173,0.036909578149948455,0.01
9255.102040816326,0.03749522807962478,0.01
9257.503001200479,0.03846775829842807,0.01
9259.903961584634,0.04543531268651905,0.01
9262.304921968787,0.05568663924684847,0.01
9264.70588235294,0.027268390373652664,0.01
9267.106842737096,0.03287844699365812,0.01
9269.507803121247,0.027939012749622093,0.01
9271.908763505402,0.06262042058521905,0.01
9274.309723889555,0.028633326676837784,0.01
9276.710684273708,0.048249169488998864,0.01
9279.111644657864,0.032165716398025276,0.01
9281.512605042017,0.040314875527749414,0.01
9283.91356542617,0.05199257443787898,0.01
9286.314525810325,0.03830450079457326,0.01
9288.715486194476,0.02318570123213693,0.01
9291.116446578631,0.04211574981370174,0.01
9293.517406962785,0.033322159400057366,0.01
9295.918367346938,0.025106719286425112,0.01
9298.319327731093,0.05435410196496365,0.01
9300.720288115246,0.05200075762920847,0.01
9303.1212484994,0.035639487159685165,0.01
9305.522208883553,0.02905978004588187,0.01
9307.923169267706,0.026302704537568625,0.01
9310.32412965186,0.0450148202123986,0.01
9312.725090036014,0.0314424943905304,0.01
9315.126050420167,0.0328197850162185,0.01
9317.527010804322,0.0344473246775892,0.01
9319.927971188474,0.039825807304055515,0.01
9322.328931572629,0.027906953258115576,0.01
9324.729891956782,0.047807216868959314,0.01
9327.130852340935,0.023611401500532793,0.01
9329.53181272509,0.025136698240753128,0.01
9331.932773109243,0.027000362403273075,0.01
9334.333733493397,0.038324127638924274,0.01
9336.734693877552,0.03851721343019939,0.01
9339.135654261703,0.03359419726474906,0.01
9341.536614645858,0.030550718840921785,0.01
9343.937575030011,0.03320200628777351,0.01
9346.338535414165,0.0226420380594044,0.01
9348.73949579832,0.03572689620413137,0.01
9351.140456182473,0.03242519447186346,0.01
9353.541416566626,0.03592220235809937,0.01
9355.942376950781,0.011444226400516372,0.01
9358.343337334933,0.028946280447800274,0.01
9360.744297719088,0.023287488189925848,0.01
9363.14525810324,0.030220680920559996,0.01
9365.546218487394,0.020795244823087956,0.01
9367.94717887155,0.038035523506844575,0.01
9370.348139255702,0.03868091845022282,0.01
9372.749099639856,0.03812165523278155,0.01
9375.150060024009,0.031072618360390054,0.01
9377.551020408162,0.02991639735372075,0.01
9379.951980792317,0.02081126960249352,0.01
9382.35294117647,0.03376660318427546,0.01
9384.753901560623,0.020033806458360733,0.01
9387.154861944779,0.02110815476324256,0.01
9389.55582232893,0.007767445513964116,0.01
9391.956782713085,0.02190192976301707,0.01
9394.357743097238,0.024718840563909692,0.01
9396.758703481391,0.04850037187748804,0.01
9399.159663865546,0.025197590605433286,0.01
9401.5606242497,0.031036135054562854,0.01
9403.961584633853,0.03706759795721743,0.01
9406.362545018008,0.026503617732866927,0.01
9408.76350540216,0.02499255958234199,0.01
9411.164465786314,0.036816809537233444,0.01
9413.565426170468,0.02989896746344647,0.01
9415.96638655462,0.01787316892845093,0.01
9418.367346938776,0.029032788263559477,0.01
9420.76830732293,0.03468718638982043,0.01
9423.169267707082,0.0226589511456739,0.01
9425.570228091237,0.03991005102871816,0.01
9427.971188475389,0.03345465547614395,0.01
9430.372148859544,0.02562992110149315,0.01
9432.773109243697,0.013073071026015147,0.01
9435.17406962785,0.024380664938652517,0.01
9437.575030012005,0.03969844454319416,0.01
9439.975990396159,0.017496443069057656,0.01
9442.376950780312,0.03398132525809823,0.01
9444.777911164465,0.02561715538738654,0.01
9447.178871548618,0.04022948589174706,0.01
9449.579831932773,0.02230493865631912,0.01
9451.980792316926,0.03449973903300079,0.01
9454.38175270108,0.01737886546833078,0.01
9456.782713085235,0.035694675922147596,0.01
9459.183673469386,0.03030802138071052,0.01
9461.584633853541,0.030403949890820417,0.01
9463.985594237694,0.018073366876934747,0.01
9466.386554621848,0.026710681309696272,0.01
9468.787515006003,0.019047860362088973,0.01
9471.188475390156,0.03746425855253112,0.01
9473.58943577431,0.04655509213685963,0.01
9475.990396158464,0.02447260313865225,0.01
9478.391356542616,0.0024478617985315317,0.01
9480.79231692677,0.03076787453038849,0.01
9483.193277310924,0.012401060158992746,0.01
9485.594237695077,0.019870211239759333,0.01
9487.995198079232,0.020575324995547387,0.01
9490.396158463385,0.00595795505279929,0.01
9492.797118847539,0.028434178515269998,0.01
9495.198079231694,0.011600349532523785,0.01
9497.599039615845,0.03251303952225978,0.01
9500.0,0.022685740916779856,0.01
