wavelength,intensity,uncertainty
3500.0,0.0632908973008621,0.01
3502.4009603841537,0.09805205779916801,0.01
3504.8019207683074,0.07691654591704954,0.01
3507.202881152461,0.08428191075337281,0.01
3509.6038415366147,0.06789661660233745,0.01
3512.0048019207684,0.08554343151037505,0.01
3514.405762304922,0.08371630900530455,0.01
3516.8067226890757,0.07484682535971116,0.01
3519.2076830732294,0.08242889881132118,0.01
3521.608643457383,0.06318091135229127,0.01
3524.009603841537,0.09093086670989345,0.01
3526.4105642256905,0.08943915355859047,0.01
3528.811524609844,0.08288107426598754,0.01
3531.212484993998,0.0880260146256457,0.01
3533.6134453781515,0.07326350453754163,0.01
3536.0144057623047,0.07252572571105884,0.01
3538.4153661464584,0.07673903696678193,0.01
3540.816326530612,0.09123854311496554,0.01
3543.2172869147657,0.08939907408282788,0.01
3545.6182472989194,0.09312051537692562,0.01
3548.019207683073,0.08981386801799124,0.01
3550.4201680672268,0.08973618467163091,0.01
3552.8211284513804,0.09158950819673971,0.01
3555.222088835534,0.09534744434934692,0.01
3557.623049219688,0.08363952471833187,0.01
3560.0240096038415,0.09890331397346772,0.01
3562.424969987995,0.0768480574761449,0.01
3564.825930372149,0.08509510545670237,0.01
3567.2268907563025,0.08371059119705566,0.01
3569.627851140456,0.09507365094267398,0.01
3572.02881152461,0.11065098929634559,0.01
3574.4297719087635,0.09994735276682729,0.01
3576.830732292917,0.08836448349974844,0.01
3579.231692677071,0.07963099347702518,0.01
3581.6326530612246,0.0859887137617077,0.01
3584.0336134453783,0.09046434345859514,0.01
3586.434573829532,0.09657735917591437,0.01
3588.8355342136856,0.09722761316344201,0.01
3591.2364945978393,0.10206447893012428,0.01
3593.637454981993,0.09645277158129133,0.01
3596.0384153661466,0.09429496222890174,0.01
3598.4393757503003,0.08976823639979635,0.01
3600.840336134454,0.0818548314017169,0.01
3603.2412965186077,0.10298568609469605,0.01
3605.642256902761,0.09679072637109136,0.01
3608.0432172869146,0.0904946052763476,0.01
3610.4441776710682,0.11841747145491044,0.01
3612.845138055222,0.1013384888655362,0.01
3615.2460984393756,0.08895044080857589,0.01
3617.6470588235293,0.09804767718536865,0.01
3620.048019207683,0.10121750918855432,0.01
3622.4489795918366,0.09576380344128638,0.01
3624.8499399759903,0.11351971407027509,0.01
3627.250900360144,0.10725388199422671,0.01
3629.6518607442977,0.11683014885511414,0.01
3632.0528211284513,0.10707990721727208,0.01
3634.453781512605,0.10885490825871388,0.01
3636.8547418967587,0.1132749020783352,0.01
3639.2557022809124,0.08973431990476682,0.01
3641.656662665066,0.10144090934899434,0.01
3644.0576230492197,0.11057160664600847,0.01
3646.4585834333734,0.1050499572513089,0.01
3648.859543817527,0.12260082926526226,0.01
3651.2605042016808,0.10588050889771065,0.01
3653.6614645858344,0.09246113095089852,0.01
3656.062424969988,0.10037335776629062,0.01
3658.463385354142,0.12432499308881287,0.01
3660.8643457382955,0.10815587956614618,0.01
3663.265306122449,0.12601178271930902,0.01
3665.666266506603,0.1207429173493421,0.01
3668.0672268907565,0.09295663679593004,0.01
3670.4681872749097,0.12098251867175142,0.01
3672.869147659064,0.11407153057795855,0.01
3675.270108043217,0.1026646189635989,0.01
3677.6710684273708,0.110165316958105,0.01
3680.0720288115244,0.10549626125704023,0.01
3682.472989195678,0.10553723374788708,0.01
3684.873949579832,0.10459763084174105,0.01
3687.2749099639855,0.10517815006456781,0.01
3689.675870348139,0.13167851774352787,0.01
3692.076830732293,0.11128337185748004,0.01
3694.4777911164465,0.11892341561706458,0.01
3696.8787515006,0.11997798423972042,0.01
3699.279711884754,0.09967729987830569,0.01
3701.6806722689075,0.12303140004974951,0.01
3704.081632653061,0.12355631901572194,0.01
3706.482593037215,0.09881213493344995,0.01
3708.8835534213686,0.10805892406247995,0.01
3711.2845138055222,0.09023290226275188,0.01
3713.685474189676,0.1274920096805427,0.01
3716.0864345738296,0.13860000072522285,0.01
3718.4873949579833,0.12392718592107195,0.01
3720.888355342137,0.10228553322992412,0.01
3723.2893157262906,0.14278876094739967,0.01
3725.6902761104443,0.109641392174336,0.01
3728.091236494598,0.09995984520769298,0.01
3730.4921968787517,0.1001449854489797,0.01
3732.8931572629053,0.12884844266858628,0.01
3735.294117647059,0.11528196342679835,0.01
3737.6950780312127,0.12481334611797325,0.01
3740.096038415366,0.11879602637283401,0.01
3742.4969987995196,0.13687044555861072,0.01
3744.8979591836733,0.10791779226196273,0.01
3747.298919567827,0.12184291764809013,0.01
3749.6998799519806,0.12650934278481704,0.01
3752.1008403361343,0.13865096787447448,0.01
3754.501800720288,0.11266025951663285,0.01
3756.9027611044417,0.12196678545660311,0.01
3759.3037214885953,0.12634294262817405,0.01
3761.704681872749,0.13015006398492715,0.01
3764.1056422569027,0.14635801981963745,0.01
3766.5066026410564,0.15325386780127595,0.01
3768.90756302521,0.136655014646301,0.01
3771.3085234093637,0.1365580265346819,0.01
3773.7094837935174,0.12621267408741402,0.01
3776.110444177671,0.12411269636361963,0.01
3778.5114045618247,0.1505757523985595,0.01
3780.9123649459784,0.12489901885276991,0.01
3783.313325330132,0.13080635521729497,0.01
3785.714285714286,0.12659143127785408,0.01
3788.1152460984395,0.13523264231212043,0.01
3790.516206482593,0.13749116681302037,0.01
3792.917166866747,0.14643708117265886,0.01
3795.3181272509005,0.13114783922851228,0.01
3797.719087635054,0.14970394177999077,0.01
3800.120048019208,0.13290584278466283,0.01
3802.5210084033615,0.13119563348427893,0.01
3804.9219687875147,0.12813048229359544,0.01
3807.322929171669,0.1339630502906134,0.01
3809.723889555822,0.12980364541801287,0.01
3812.124849939976,0.14803242314682083,0.01
3814.5258103241295,0.1247713062405239,0.01
3816.926770708283,0.14030566117406376,0.01
3819.327731092437,0.1636789362101005,0.01
3821.7286914765905,0.1301938972120812,0.01
3824.129651860744,0.1457089608497631,0.01
3826.530612244898,0.14036081828956246,0.01
3828.9315726290515,0.13689113162544472,0.01
3831.332533013205,0.14821128957901186,0.01
3833.733493397359,0.12939649673526163,0.01
3836.1344537815125,0.14549447646894836,0.01
3838.535414165666,0.1248458862128865,0.01
3840.93637454982,0.13802009616701394,0.01
3843.3373349339736,0.13600754691297576,0.01
3845.7382953181273,0.15892240048834866,0.01
3848.139255702281,0.1491847423907852,0.01
3850.5402160864346,0.14462524069055402,0.01
3852.9411764705883,0.16065169092139506,0.01
3855.342136854742,0.14920341992689218,0.01
3857.7430972388956,0.14387221762852,0.01
3860.1440576230493,0.14805987871627813,0.01
3862.545018007203,0.15344230633868128,0.01
3864.9459783913567,0.14778940937098198,0.01
3867.3469387755104,0.1436855352553544,0.01
3869.747899159664,0.14977765104648214,0.01
3872.1488595438177,0.1406004989769025,0.01
3874.549819927971,0.14809132225856486,0.01
3876.950780312125,0.13249079955380966,0.01
3879.3517406962783,0.15608383738554135,0.01
3881.752701080432,0.15608305869062908,0.01
3884.1536614645856,0.1657896697000162,0.01
3886.5546218487393,0.1695466691650686,0.01
3888.955582232893,0.14204007647092126,0.01
3891.3565426170467,0.15322755496696933,0.01
3893.7575030012003,0.15882935614915963,0.01
3896.158463385354,0.15809993547842147,0.01
3898.5594237695077,0.14955818058849396,0.01
3900.9603841536614,0.1624776948506011,0.01
3903.361344537815,0.17121740145340625,0.01
3905.7623049219687,0.16259563562212154,0.01
3908.1632653061224,0.16214651308552058,0.01
3910.564225690276,0.17560994249205825,0.01
3912.9651860744298,0.16224143288606777,0.01
3915.3661464585834,0.17802372681758696,0.01
3917.767106842737,0.1564103062956611,0.01
3920.168067226891,0.1559792732071113,0.01
3922.5690276110445,0.17367548772769503,0.01
3924.969987995198,0.16572443139899096,0.01
3927.370948379352,0.18182039746900788,0.01
3929.7719087635055,0.15269522369399774,0.01
3932.172869147659,0.17208840986529672,0.01
3934.573829531813,0.16132918758308454,0.01
3936.9747899159665,0.16402271601415633,0.01
3939.37575030012,0.1751070894443694,0.01
3941.776710684274,0.17667025896621946,0.01
3944.177671068427,0.17571745388033067,0.01
3946.5786314525812,0.15907220627919416,0.01
3948.9795918367345,0.17074246107723262,0.01
3951.380552220888,0.20167389554895016,0.01
3953.781512605042,0.1759695713250639,0.01
3956.1824729891955,0.17824496466483394,0.01
3958.583433373349,0.1684535033568679,0.01
3960.984393757503,0.19688309443502863,0.01
3963.3853541416565,0.17693621507252788,0.01
3965.78631452581,0.17510814546607056,0.01
3968.187274909964,0.16607515464932382,0.01
3970.5882352941176,0.17475803430618414,0.01
3972.9891956782712,0.17223272608953716,0.01
3975.390156062425,0.18792235656902634,0.01
3977.7911164465786,0.16204235360068894,0.01
3980.1920768307323,0.17302349111526902,0.01
3982.593037214886,0.1754336366443738,0.01
3984.9939975990396,0.2022448968129754,0.01
3987.3949579831933,0.17686720469135575,0.01
3989.795918367347,0.17551827488498445,0.01
3992.1968787515007,0.18605573582714405,0.01
3994.5978391356543,0.1940936449007013,0.01
3996.998799519808,0.1918284259777545,0.01
3999.3997599039617,0.17616150780869802,0.01
4001.8007202881154,0.19966286869393177,0.01
4004.201680672269,0.20455033289232818,0.01
4006.6026410564227,0.17578779431920438,0.01
4009.003601440576,0.1720229474438294,0.01
4011.40456182473,0.18905768582455879,0.01
4013.8055222088833,0.19266039070193325,0.01
4016.2064825930374,0.19743392794370207,0.01
4018.6074429771907,0.1913472677361814,0.01
4021.0084033613443,0.19634302734820674,0.01
4023.409363745498,0.18480522166802862,0.01
4025.8103241296517,0.1776938426052377,0.01
4028.2112845138054,0.18210852136051886,0.01
4030.612244897959,0.20173376676889115,0.01
4033.0132052821127,0.19089516277987897,0.01
4035.4141656662664,0.19526509826334634,0.01
4037.81512605042,0.2023976335433574,0.01
4040.2160864345738,0.20815009424618364,0.01
4042.6170468187274,0.1953729150728446,0.01
4045.018007202881,0.17603390527403126,0.01
4047.418967587035,0.20672136702981891,0.01
4049.8199279711885,0.1958915938128521,0.01
4052.220888355342,0.2156141542900148,0.01
4054.621848739496,0.1813436501865404,0.01
4057.0228091236495,0.20014542648016354,0.01
4059.423769507803,0.22049428490717124,0.01
4061.824729891957,0.21052610404824473,0.01
4064.2256902761105,0.2074588720628576,0.01
4066.626650660264,0.2195820834704375,0.01
4069.027611044418,0.21112245829955736,0.01
4071.4285714285716,0.21249480619374092,0.01
4073.829531812725,0.22120115438077445,0.01
4076.230492196879,0.2002541904993386,0.01
4078.631452581032,0.2281992247817686,0.01
4081.0324129651863,0.20795980576424658,0.01
4083.4333733493395,0.20548531471992795,0.01
4085.8343337334936,0.20478194106797828,0.01
4088.235294117647,0.2292418345126798,0.01
4090.6362545018005,0.2317631653734363,0.01
4093.037214885954,0.22494141086031366,0.01
4095.438175270108,0.21075126221452342,0.01
4097.839135654262,0.2146473979175557,0.01
4100.240096038416,0.21805556140719967,0.01
4102.641056422569,0.21805574818353005,0.01
4105.042016806723,0.21360657498310545,0.01
4107.442977190876,0.2156518486594004,0.01
4109.8439375750295,0.20293677644976205,0.01
4112.244897959184,0.2365914302515021,0.01
4114.645858343338,0.22148440969666974,0.01
4117.046818727491,0.22147628728659902,0.01
4119.447779111644,0.22689633912374518,0.01
4121.848739495798,0.21890237519573136,0.01
4124.249699879952,0.21710030186848034,0.01
4126.650660264106,0.2190027725229707,0.01
4129.051620648259,0.22681489875574518,0.01
4131.452581032413,0.23186185620175645,0.01
4133.853541416566,0.23593895308065996,0.01
4136.25450180072,0.22730795869749493,0.01
4138.655462184874,0.22747992035052378,0.01
4141.056422569028,0.22600164037918252,0.01
4143.457382953181,0.21330608866242126,0.01
4145.858343337335,0.22977918588129395,0.01
4148.259303721488,0.21975440083418396,0.01
4150.660264105642,0.22629342572048525,0.01
4153.061224489796,0.22922590087028064,0.01
4155.46218487395,0.2412127586233725,0.01
4157.863145258103,0.23525958412680595,0.01
4160.264105642257,0.23715768390948436,0.01
4162.66506602641,0.23041880273660634,0.01
4165.0660264105645,0.2283650483232872,0.01
4167.466986794718,0.25605272721394223,0.01
4169.867947178872,0.25050279121840685,0.01
4172.268907563025,0.2374167915303246,0.01
4174.669867947179,0.2387210337862943,0.01
4177.070828331332,0.24272165872859972,0.01
4179.471788715486,0.25136002904770954,0.01
4181.87274909964,0.23506171600816594,0.01
4184.273709483794,0.2441185613485775,0.01
4186.674669867947,0.24136940912447394,0.01
4189.0756302521,0.2624150538656529,0.01
4191.4765906362545,0.24054479301671375,0.01
4193.877551020408,0.24577488850093734,0.01
4196.278511404562,0.26514154873487483,0.01
4198.679471788715,0.2595308235711413,0.01
4201.080432172869,0.2448183538824164,0.01
4203.481392557022,0.2621022507044631,0.01
4205.882352941177,0.253514807443422,0.01
4208.28331332533,0.23685287408102834,0.01
4210.684273709484,0.2562654550759668,0.01
4213.085234093637,0.2446392331349782,0.01
4215.486194477791,0.2513073467327758,0.01
4217.8871548619445,0.25134197872274916,0.01
4220.288115246099,0.2538082658097767,0.01
4222.689075630252,0.2600150107675211,0.01
4225.090036014406,0.27035719173486517,0.01
4227.490996398559,0.2519792967511019,0.01
4229.891956782713,0.25468215226093655,0.01
4232.292917166867,0.28675002553579376,0.01
4234.693877551021,0.268278217232697,0.01
4237.094837935174,0.2602989022040443,0.01
4239.495798319328,0.2757047754384863,0.01
4241.896758703481,0.26559512684094666,0.01
4244.297719087635,0.27234261917055025,0.01
4246.698679471789,0.275418233265847,0.01
4249.099639855942,0.2527212989145656,0.01
4251.500600240096,0.267765661832495,0.01
4253.90156062425,0.2734906317965146,0.01
4256.302521008403,0.27433609162191575,0.01
4258.703481392557,0.2675428810454962,0.01
4261.104441776711,0.2953648268010222,0.01
4263.505402160864,0.27376751391400883,0.01
4265.906362545018,0.26917552430513725,0.01
4268.307322929171,0.24312923472744627,0.01
4270.708283313325,0.28939203192587976,0.01
4273.109243697479,0.2454209622593884,0.01
4275.510204081633,0.2740932023931669,0.01
4277.911164465786,0.2699890271711262,0.01
4280.31212484994,0.24999820871068343,0.01
4282.713085234093,0.25589006671799513,0.01
4285.1140456182475,0.25424787501087454,0.01
4287.515006002401,0.274530819718833,0.01
4289.915966386555,0.25067987377828344,0.01
4292.316926770708,0.2489261759455156,0.01
4294.717887154862,0.25723589580265027,0.01
4297.118847539015,0.2677794492431061,0.01
4299.5198079231695,0.26364784460457574,0.01
4301.920768307323,0.2652362329546629,0.01
4304.321728691477,0.27001388394682746,0.01
4306.72268907563,0.2864353148348828,0.01
4309.123649459784,0.27320147672911177,0.01
4311.5246098439375,0.2650434340168993,0.01
4313.925570228092,0.2852698700993182,0.01
4316.326530612245,0.2619899006971301,0.01
4318.727490996398,0.29668197720016143,0.01
4321.128451380552,0.27781154105787603,0.01
4323.529411764706,0.26700952585665344,0.01
4325.9303721488595,0.2918197751441671,0.01
4328.331332533013,0.2913211495918319,0.01
4330.732292917167,0.2992627917446416,0.01
4333.13325330132,0.2897350706746702,0.01
4335.534213685474,0.3149455073276202,0.01
4337.9351740696275,0.2851729907244392,0.01
4340.336134453782,0.2911299512732241,0.01
4342.737094837935,0.3154009469001404,0.01
4345.138055222089,0.3024411798652149,0.01
4347.539015606242,0.29203117295857717,0.01
4349.939975990396,0.30732694633228547,0.01
4352.3409363745495,0.29957214881375177,0.01
4354.741896758704,0.2945946131628477,0.01
4357.142857142857,0.3082860421537764,0.01
4359.543817527011,0.31173672361923976,0.01
4361.944777911164,0.3044258145802232,0.01
4364.345738295318,0.31941910357705605,0.01
4366.746698679472,0.3077963755430366,0.01
4369.147659063626,0.3145330701740948,0.01
4371.548619447779,0.32041091162962154,0.01
4373.949579831933,0.305713752395889,0.01
4376.350540216086,0.3282833727104877,0.01
4378.75150060024,0.32647770270354454,0.01
4381.152460984394,0.3107488751549036,0.01
4383.553421368548,0.33860858768097524,0.01
4385.954381752701,0.30464583314798555,0.01
4388.355342136854,0.3132761523014481,0.01
4390.756302521008,0.3184912874811767,0.01
4393.1572629051625,0.3179388309291082,0.01
4395.558223289316,0.315976002762456,0.01
4397.959183673469,0.3322962818018747,0.01
4400.360144057623,0.32872880125914944,0.01
4402.761104441776,0.3185028253500885,0.01
4405.16206482593,0.33318183122654943,0.01
4407.563025210084,0.3147761653585731,0.01
4409.963985594238,0.3187749195993307,0.01
4412.364945978391,0.33391109889850734,0.01
4414.765906362545,0.3325248645548662,0.01
4417.166866746698,0.3268498792109092,0.01
4419.5678271308525,0.3285888621624982,0.01
4421.968787515006,0.3195903251777149,0.01
4424.36974789916,0.32043240512016374,0.01
4426.770708283313,0.3372922896267526,0.01
4429.171668667467,0.32049973860799325,0.01
4431.57262905162,0.3325013502900984,0.01
4433.973589435775,0.3510551114314263,0.01
4436.374549819928,0.3476041533929485,0.01
4438.775510204082,0.3398884771203194,0.01
4441.176470588235,0.3388131970094393,0.01
4443.577430972389,0.33575521299590433,0.01
4445.9783913565425,0.3481678895289485,0.01
4448.379351740696,0.34564620919004985,0.01
4450.78031212485,0.344214661644502,0.01
4453.181272509004,0.34916289769849845,0.01
4455.582232893157,0.35010970498279226,0.01
4457.98319327731,0.33357704969161606,0.01
4460.384153661465,0.3527431224972709,0.01
4462.785114045619,0.3564852774360675,0.01
4465.186074429772,0.3531071208784225,0.01
4467.587034813925,0.3689925124142167,0.01
4469.987995198079,0.35377841273706406,0.01
4472.3889555822325,0.34561087145030533,0.01
4474.789915966387,0.34575257518001123,0.01
4477.19087635054,0.3415953337671804,0.01
4479.591836734694,0.35289191986468166,0.01
4481.992797118847,0.3583683161244734,0.01
4484.393757503001,0.34954080786927966,0.01
4486.794717887155,0.367833126378564,0.01
4489.195678271309,0.36271833410646365,0.01
4491.596638655462,0.38153147282635397,0.01
4493.997599039616,0.36824904082996535,0.01
4496.398559423769,0.3719684292908447,0.01
4498.799519807923,0.3634214786503858,0.01
4501.200480192077,0.3580487832550852,0.01
4503.601440576231,0.3691694192639771,0.01
4506.002400960384,0.3582968275081904,0.01
4508.403361344538,0.3772816716223039,0.01
4510.804321728691,0.35589571358364464,0.01
4513.205282112845,0.3487280964185985,0.01
4515.606242496999,0.37950652469203744,0.01
4518.007202881152,0.382908413916277,0.01
4520.408163265306,0.37547170894020643,0.01
4522.80912364946,0.3870251480523464,0.01
4525.210084033613,0.38252122932699906,0.01
4527.611044417767,0.3943166864533262,0.01
4530.012004801921,0.3794990540677411,0.01
4532.412965186075,0.37078040985691907,0.01
4534.813925570228,0.3796716709108422,0.01
4537.214885954381,0.37923688669472116,0.01
4539.615846338535,0.38810091097079624,0.01
4542.016806722689,0.39160198283649805,0.01
4544.417767106843,0.39957902358119335,0.01
4546.818727490996,0.37887157098076263,0.01
4549.21968787515,0.3984335556832966,0.01
4551.620648259303,0.3849900678860875,0.01
4554.0216086434575,0.3906526037501598,0.01
4556.422569027611,0.37775961084179727,0.01
4558.823529411765,0.39931242675258977,0.01
4561.224489795918,0.3808059963579043,0.01
4563.625450180072,0.3678243458209226,0.01
4566.026410564225,0.40998661272752857,0.01
4568.42737094838,0.3998490692015493,0.01
4570.828331332533,0.39751555810140393,0.01
4573.229291716687,0.3905691594639589,0.01
4575.63025210084,0.4189771474174534,0.01
4578.031212484993,0.40654276298031244,0.01
4580.4321728691475,0.4023150475111392,0.01
4582.833133253302,0.4058233297117328,0.01
4585.234093637455,0.39258986464591006,0.01
4587.635054021608,0.41958835051783,0.01
4590.036014405762,0.394404222209645,0.01
4592.436974789916,0.4078950083156039,0.01
4594.83793517407,0.4175273555593733,0.01
4597.238895558223,0.40939715812873007,0.01
4599.639855942377,0.4273293702251919,0.01
4602.040816326531,0.41736653896594833,0.01
4604.441776710684,0.41383047680431034,0.01
4606.8427370948375,0.39781598028306153,0.01
4609.243697478992,0.41567652185512133,0.01
4611.644657863145,0.4101760494013852,0.01
4614.045618247299,0.4243948508805773,0.01
4616.446578631452,0.41788494242775054,0.01
4618.847539015606,0.41460025632274444,0.01
4621.24849939976,0.42565670435006764,0.01
4623.649459783914,0.4240357630977002,0.01
4626.050420168067,0.42419407233274137,0.01
4628.451380552221,0.42180921696340806,0.01
4630.852340936374,0.4175227239734483,0.01
4633.253301320528,0.43206726729871114,0.01
4635.654261704682,0.4379895140653924,0.01
4638.055222088836,0.4370219734071361,0.01
4640.456182472989,0.42378061849901666,0.01
4642.857142857143,0.4322399090182508,0.01
4645.258103241296,0.4300388769344764,0.01
4647.65906362545,0.45382773562888495,0.01
4650.060024009604,0.4172591668619459,0.01
4652.460984393758,0.45834929943720154,0.01
4654.861944777911,0.434865477034791,0.01
4657.262905162064,0.42719424434130415,0.01
4659.663865546218,0.4420881034873643,0.01
4662.0648259303725,0.45939504446088547,0.01
4664.465786314526,0.4494142157407422,0.01
4666.866746698679,0.4577090067657487,0.01
4669.267707082833,0.44335520464672606,0.01
4671.668667466987,0.43156174057219865,0.01
4674.0696278511405,0.45155528179359716,0.01
4676.470588235294,0.4401253617022224,0.01
4678.871548619448,0.46526354640931844,0.01
4681.272509003601,0.44662827017109735,0.01
4683.673469387755,0.47395247989710365,0.01
4686.074429771908,0.4642438317591686,0.01
4688.4753901560625,0.4646276813499845,0.01
4690.876350540216,0.43972371668669524,0.01
4693.27731092437,0.44266806425077443,0.01
4695.678271308523,0.47741811519577065,0.01
4698.079231692677,0.46491130354496807,0.01
4700.4801920768305,0.453211107274588,0.01
4702.881152460985,0.44737888853281627,0.01
4705.282112845138,0.460672164124702,0.01
4707.683073229292,0.464024263499531,0.01
4710.084033613445,0.44515984210781195,0.01
4712.484993997599,0.46956195040152077,0.01
4714.8859543817525,0.468606906839991,0.01
4717.286914765906,0.46559420857543055,0.01
4719.68787515006,0.46803757412614416,0.01
4722.088835534214,0.45748091636897736,0.01
4724.489795918367,0.46186162941427006,0.01
4726.8907563025205,0.4653332481323482,0.01
4729.291716686675,0.4584830254051308,0.01
4731.692677070829,0.45655522220117767,0.01
4734.093637454982,0.4659038726462101,0.01
4736.494597839135,0.4633171640173084,0.01
4738.895558223289,0.4732268431442202,0.01
4741.296518607443,0.47352968924699496,0.01
4743.697478991597,0.4870417164532936,0.01
4746.09843937575,0.4810970750861523,0.01
4748.499399759904,0.4891041713974589,0.01
4750.900360144057,0.4917005076101688,0.01
4753.301320528211,0.4670857955845633,0.01
4755.702280912365,0.4793549785693814,0.01
4758.103241296519,0.47440105343703065,0.01
4760.504201680672,0.4917414577908373,0.01
4762.905162064826,0.4888683722334838,0.01
4765.306122448979,0.4896563482662386,0.01
4767.707082833133,0.4897934034932203,0.01
4770.108043217287,0.4942913353667179,0.01
4772.509003601441,0.5188244094795712,0.01
4774.909963985594,0.5062323104092197,0.01
4777.310924369748,0.46104329393445675,0.01
4779.711884753901,0.47778997376168825,0.01
4782.1128451380555,0.5107074982104822,0.01
4784.513805522209,0.5141285094578627,0.01
4786.914765906362,0.5068266406876683,0.01
4789.315726290516,0.49679746756472115,0.01
4791.71668667467,0.5174396675122025,0.01
4794.117647058823,0.5106095549493084,0.01
4796.518607442977,0.5000472067573237,0.01
4798.919567827131,0.515945096324195,0.01
4801.320528211285,0.5126627598723279,0.01
4803.721488595438,0.5025079684752243,0.01
4806.122448979591,0.5061476534815563,0.01
4808.5234093637455,0.4998100744202563,0.01
4810.9243697479,0.5175243234331453,0.01
4813.325330132053,0.5108752166633427,0.01
4815.726290516206,0.5139234323386206,0.01
4818.12725090036,0.526974066898054,0.01
4820.528211284513,0.5025702979767714,0.01
4822.929171668668,0.5353208243257996,0.01
4825.330132052821,0.5229760601130335,0.01
4827.731092436975,0.5319910530310105,0.01
4830.132052821128,0.5349714028714381,0.01
4832.533013205282,0.5112398573412344,0.01
4834.9339735894355,0.5183042833230043,0.01
4837.33493397359,0.5395235281893384,0.01
4839.735894357743,0.5347572475804211,0.01
4842.136854741897,0.5314311706698532,0.01
4844.53781512605,0.5310405771121501,0.01
4846.938775510204,0.5188675627140374,0.01
4849.339735894358,0.5235491216462322,0.01
4851.740696278512,0.5398409084004332,0.01
4854.141656662665,0.5242399045491978,0.01
4856.542617046818,0.5370108412901994,0.01
4858.943577430972,0.5079148515845542,0.01
4861.344537815126,0.5180481954108085,0.01
4863.74549819928,0.549474894806143,0.01
4866.146458583433,0.527327316887687,0.01
4868.547418967587,0.5571034447264642,0.01
4870.948379351741,0.5540498316222786,0.01
4873.349339735894,0.5509043607472098,0.01
4875.7503001200475,0.5452955244091314,0.01
4878.151260504202,0.5308196251360305,0.01
4880.552220888356,0.5473062067014561,0.01
4882.953181272509,0.5413980241048408,0.01
4885.354141656662,0.5507412086378047,0.01
4887.755102040816,0.5339398546514365,0.01
4890.15606242497,0.5559765839202869,0.01
4892.557022809124,0.5549159970506867,0.01
4894.957983193277,0.5481787734684493,0.01
4897.358943577431,0.55060915120029,0.01
4899.759903961584,0.5580790331422789,0.01
4902.160864345738,0.5579775128294278,0.01
4904.561824729892,0.5718614918636888,0.01
4906.962785114046,0.5521594403487003,0.01
4909.363745498199,0.5595247695002933,0.01
4911.764705882353,0.5511987844433734,0.01
4914.165666266506,0.5551504415216291,0.01
4916.5666266506605,0.5647191630281507,0.01
4918.967587034814,0.5580144720461747,0.01
4921.368547418968,0.5615304126061718,0.01
4923.769507803121,0.5713319268517826,0.01
4926.170468187274,0.564607579565522,0.01
4928.571428571428,0.5655989661030857,0.01
4930.972388955583,0.5629038842907085,0.01
4933.373349339736,0.5737704276165593,0.01
4935.774309723889,0.5877392360586283,0.01
4938.175270108043,0.5690027272362517,0.01
4940.576230492197,0.5737298456298252,0.01
4942.9771908763505,0.5841287622940805,0.01
4945.378151260504,0.581902320808454,0.01
4947.779111644658,0.5955732374660039,0.01
4950.180072028812,0.5873910334910708,0.01
4952.581032412965,0.5742094283146736,0.01
4954.981992797118,0.5835429847705449,0.01
4957.382953181273,0.5868283148028741,0.01
4959.783913565426,0.5873228236183372,0.01
4962.18487394958,0.5958401945834054,0.01
4964.585834333733,0.6004768082233908,0.01
4966.986794717887,0.6069511589191912,0.01
4969.3877551020405,0.59296801414909,0.01
4971.788715486195,0.5838104978653684,0.01
4974.189675870348,0.5872027857120733,0.01
4976.590636254502,0.6075997276851002,0.01
4978.991596638655,0.5812016851819902,0.01
4981.392557022809,0.591534139963469,0.01
4983.793517406963,0.6171278531137355,0.01
4986.194477791116,0.6064044578601171,0.01
4988.59543817527,0.5940285504888783,0.01
4990.996398559424,0.5931340993148292,0.01
4993.397358943577,0.6048684493801751,0.01
4995.7983193277305,0.6130005263969149,0.01
4998.199279711885,0.6014069846302104,0.01
5000.600240096039,0.6135957868836698,0.01
5003.001200480192,0.6105651767219912,0.01
5005.402160864345,0.6022762025885185,0.01
5007.803121248499,0.6098193789615335,0.01
5010.2040816326535,0.6070619399374667,0.01
5012.605042016807,0.6047651179893944,0.01
5015.00600240096,0.619670219351377,0.01
5017.406962785114,0.6062762812969379,0.01
5019.807923169267,0.6186379743739022,0.01
5022.208883553421,0.6115144290487837,0.01
5024.609843937575,0.6108625556907982,0.01
5027.010804321729,0.6237057270224735,0.01
5029.411764705882,0.6116886493577515,0.01
5031.812725090036,0.6283796213973482,0.01
5034.213685474189,0.6130784225753712,0.01
5036.6146458583435,0.6109595705124756,0.01
5039.015606242497,0.6385673507901086,0.01
5041.416566626651,0.6206948878957457,0.01
5043.817527010804,0.6289041482548531,0.01
5046.218487394958,0.6327796705276142,0.01
5048.619447779111,0.63055916868951,0.01
5051.0204081632655,0.6430061107111614,0.01
5053.421368547419,0.6388199620550848,0.01
5055.822328931572,0.6512224632870943,0.01
5058.223289315726,0.6540363385382787,0.01
5060.62424969988,0.6276951678616818,0.01
5063.0252100840335,0.6361922290801186,0.01
5065.426170468187,0.6426642172751909,0.01
5067.827130852341,0.654216076896561,0.01
5070.228091236495,0.6416310205577276,0.01
5072.629051620648,0.6459199397849595,0.01
5075.030012004801,0.6368421512613377,0.01
5077.4309723889555,0.6405159107601477,0.01
5079.83193277311,0.6625383800809457,0.01
5082.232893157263,0.6414259461552915,0.01
5084.633853541416,0.6516433270909088,0.01
5087.03481392557,0.6541394814593869,0.01
5089.4357743097235,0.6340634885611462,0.01
5091.836734693878,0.6566668931109445,0.01
5094.237695078031,0.6645530556783945,0.01
5096.638655462185,0.6587196383801334,0.01
5099.039615846338,0.638467898963499,0.01
5101.440576230492,0.6640350222776402,0.01
5103.8415366146455,0.678053915228766,0.01
5106.2424969988,0.6589752961051711,0.01
5108.643457382953,0.6598445701090645,0.01
5111.044417767107,0.6564955077632793,0.01
5113.44537815126,0.6657454607387028,0.01
5115.846338535414,0.6722687111728968,0.01
5118.247298919568,0.6807581794455095,0.01
5120.648259303722,0.6710051973096667,0.01
5123.049219687875,0.6654838146487296,0.01
5125.450180072028,0.6809388676377877,0.01
5127.851140456182,0.6641725142929252,0.01
5130.252100840336,0.6701951822218261,0.01
5132.65306122449,0.6691075405430107,0.01
5135.054021608643,0.6655623049562673,0.01
5137.454981992797,0.6596386048421796,0.01
5139.855942376951,0.674665206785587,0.01
5142.256902761104,0.6725248962637632,0.01
5144.657863145258,0.6679106385574282,0.01
5147.058823529412,0.6514611800386355,0.01
5149.459783913566,0.6730397735418161,0.01
5151.860744297719,0.6593438848974484,0.01
5154.261704681872,0.6473344449241144,0.01
5156.662665066026,0.661796604319731,0.01
5159.06362545018,0.6646187153657693,0.01
5161.464585834334,0.661947556817705,0.01
5163.865546218487,0.6520160031900468,0.01
5166.266506602641,0.6385825021975942,0.01
5168.667466986794,0.6376878913420089,0.01
5171.0684273709485,0.6358186048077462,0.01
5173.469387755102,0.6284623460484974,0.01
5175.870348139256,0.6313292247102709,0.01
5178.271308523409,0.62939433935192,0.01
5180.672268907563,0.653291221092028,0.01
5183.073229291716,0.6338716910712809,0.01
5185.474189675871,0.6517731977694503,0.01
5187.875150060024,0.6520623699667222,0.01
5190.276110444178,0.6577943730711348,0.01
5192.677070828331,0.6826788560114994,0.01
5195.078031212484,0.6788544115884422,0.01
5197.4789915966385,0.6744809621172396,0.01
5199.879951980793,0.6661914369589306,0.01
5202.280912364946,0.7106053531910638,0.01
5204.681872749099,0.7037229695890441,0.01
5207.082833133253,0.7132313615042885,0.01
5209.483793517407,0.6936601861521843,0.01
5211.8847539015605,0.693815913339775,0.01
5214.285714285714,0.6935721701095141,0.01
5216.686674669868,0.7076831231782267,0.01
5219.087635054022,0.7082141328378966,0.01
5221.488595438175,0.7286838049996957,0.01
5223.8895558223285,0.7071111885836681,0.01
5226.290516206483,0.7204676684088427,0.01
5228.691476590636,0.7243710105886474,0.01
5231.09243697479,0.7184218422239057,0.01
5233.493397358943,0.7379507482905631,0.01
5235.894357743097,0.7136268267492848,0.01
5238.2953181272505,0.7273903131076058,0.01
5240.696278511405,0.7317682553522398,0.01
5243.097238895558,0.7237545274249663,0.01
5245.498199279712,0.7200629178597532,0.01
5247.899159663865,0.7390381567819859,0.01
5250.300120048019,0.7237095309664077,0.01
5252.701080432173,0.7342885834163855,0.01
5255.102040816327,0.7325745843062226,0.01
5257.50300120048,0.7417308301055634,0.01
5259.903961584634,0.7346568888980949,0.01
5262.304921968787,0.7545098194060315,0.01
5264.7058823529405,0.7282686401855674,0.01
5267.106842737095,0.7363402323004609,0.01
5269.507803121249,0.7115594733798829,0.01
5271.908763505402,0.7534556438599618,0.01
5274.309723889555,0.7531588305439898,0.01
5276.710684273709,0.7383738928469947,0.01
5279.1116446578635,0.7298809990308517,0.01
5281.512605042017,0.7484255978013983,0.01
5283.91356542617,0.7447335109178079,0.01
5286.314525810324,0.7336342602348949,0.01
5288.715486194478,0.7545462847733604,0.01
5291.116446578631,0.7535798942439099,0.01
5293.517406962785,0.7545173717329464,0.01
5295.918367346939,0.7497146908786079,0.01
5298.319327731092,0.7419120503403506,0.01
5300.720288115246,0.7431410681681233,0.01
5303.121248499399,0.7611291506590233,0.01
5305.5222088835535,0.7675745387269979,0.01
5307.923169267707,0.7461768064275789,0.01
5310.324129651861,0.7656689131837021,0.01
5312.725090036014,0.7667696678571869,0.01
5315.126050420168,0.7789419618908311,0.01
5317.527010804321,0.7734602191881812,0.01
5319.927971188476,0.7659798695835257,0.01
5322.328931572629,0.7753846479157693,0.01
5324.729891956783,0.770840554245865,0.01
5327.130852340936,0.7731873080796586,0.01
5329.53181272509,0.7815881615844391,0.01
5331.9327731092435,0.788680321120221,0.01
5334.333733493397,0.7815352319257466,0.01
5336.734693877551,0.7716439763812553,0.01
5339.135654261705,0.7711753585161288,0.01
5341.536614645858,0.7633625024445932,0.01
5343.937575030011,0.789571992353836,0.01
5346.338535414166,0.7755024496623798,0.01
5348.73949579832,0.7747714749614601,0.01
5351.140456182473,0.7762358423123867,0.01
5353.541416566626,0.7947680793371602,0.01
5355.94237695078,0.7704426178867837,0.01
5358.343337334934,0.7737452141798815,0.01
5360.744297719088,0.7794573564497612,0.01
5363.145258103241,0.7673864458766303,0.01
5365.546218487395,0.786069038728285,0.01
5367.947178871548,0.7899498468433747,0.01
5370.348139255702,0.7727838143889465,0.01
5372.749099639856,0.7899622556587579,0.01
5375.15006002401,0.7790638343712691,0.01
5377.551020408163,0.7977420373260096,0.01
5379.951980792317,0.7988597626070221,0.01
5382.35294117647,0.8039585811182076,0.01
5384.753901560624,0.7987209775674593,0.01
5387.154861944778,0.807490964016663,0.01
5389.555822328932,0.790922664661281,0.01
5391.956782713085,0.8054549279591726,0.01
5394.357743097239,0.7966007684746806,0.01
5396.758703481392,0.7913045215787637,0.01
5399.1596638655465,0.801021137308205,0.01
5401.5606242497,0.7944413713591875,0.01
5403.961584633853,0.7943050845425133,0.01
5406.362545018007,0.8123350166545369,0.01
5408.763505402161,0.8057645460073747,0.01
5411.164465786314,0.8029249946593834,0.01
5413.565426170468,0.7979481980950985,0.01
5415.966386554622,0.8183630663314222,0.01
5418.367346938776,0.8087853809733104,0.01
5420.768307322929,0.8072361133392875,0.01
5423.169267707082,0.8125153758481344,0.01
5425.5702280912365,0.8172144863355879,0.01
5427.971188475391,0.8246284931187873,0.01
5430.372148859544,0.8302627371032926,0.01
5432.773109243697,0.8122541747947146,0.01
5435.174069627851,0.8147021789824276,0.01
5437.575030012004,0.8090300587438539,0.01
5439.9759903961585,0.8142937398385801,0.01
5442.376950780312,0.8333428833116658,0.01
5444.777911164466,0.8232553288800485,0.01
5447.178871548619,0.8265532995009156,0.01
5449.579831932773,0.8189552921515962,0.01
5451.980792316926,0.8279054369164593,0.01
5454.381752701081,0.831758262823593,0.01
5456.782713085234,0.8329627440845669,0.01
5459.183673469388,0.8295731190898655,0.01
5461.584633853541,0.819447603830176,0.01
5463.985594237694,0.8404091411344126,0.01
5466.3865546218485,0.8345140422419085,0.01
5468.787515006003,0.8342244842287893,0.01
5471.188475390156,0.8403363765614786,0.01
5473.589435774309,0.826630479205877,0.01
5475.990396158463,0.8354151205178824,0.01
5478.391356542617,0.8205039781713053,0.01
5480.792316926771,0.8394251833616041,0.01
5483.193277310924,0.8568551945949612,0.01
5485.594237695078,0.8431486458383615,0.01
5487.995198079232,0.8287277390616462,0.01
5490.396158463385,0.8267106126871676,0.01
5492.7971188475385,0.8427873489099932,0.01
5495.198079231693,0.839745286860323,0.01
5497.599039615847,0.8462196897566612,0.01
5500.0,0.8487391726542807,0.01
5502.400960384153,0.8477034223312685,0.01
5504.801920768307,0.8467176056067682,0.01
5507.202881152461,0.8416197677222883,0.01
5509.603841536615,0.8518600676055377,0.01
5512.004801920768,0.8369848093213305,0.01
5514.405762304922,0.8452991949189177,0.01
5516.806722689075,0.8389369121990429,0.01
5519.207683073229,0.8546334576947394,0.01
5521.608643457383,0.8405526370543825,0.01
5524.009603841537,0.8379784831729717,0.01
5526.41056422569,0.8490871193581934,0.01
5528.811524609844,0.8554844831271468,0.01
5531.212484993997,0.8686482865732066,0.01
5533.613445378151,0.8413454177071954,0.01
5536.014405762305,0.8601825715579757,0.01
5538.415366146459,0.8621216852182925,0.01
5540.816326530612,0.8486749757342987,0.01
5543.217286914765,0.8654435469016734,0.01
5545.618247298919,0.8582928144090899,0.01
5548.019207683074,0.8574120416074846,0.01
5550.420168067227,0.849188706424213,0.01
5552.82112845138,0.8709181761799423,0.01
5555.222088835534,0.8781993648970592,0.01
5557.623049219688,0.8561380691312946,0.01
5560.0240096038415,0.8669870295382323,0.01
5562.424969987995,0.8668556077859875,0.01
5564.825930372149,0.8737206322733212,0.01
5567.226890756303,0.8677633888170949,0.01
5569.627851140456,0.8781943301088575,0.01
5572.028811524609,0.8625527346832873,0.01
5574.4297719087635,0.863765054741244,0.01
5576.830732292918,0.8742260796354305,0.01
5579.231692677071,0.8664758207218018,0.01
5581.632653061224,0.8891551982150865,0.01
5584.033613445377,0.8608736755396201,0.01
5586.4345738295315,0.8822384101846068,0.01
5588.835534213686,0.8793606887004806,0.01
5591.236494597839,0.8756241538999484,0.01
5593.637454981992,0.8855935846852844,0.01
5596.038415366146,0.8750603872843595,0.01
5598.4393757503,0.8872808552301805,0.01
5600.8403361344535,0.8827642237162117,0.01
5603.241296518607,0.8705644276903298,0.01
5605.642256902761,0.8912162333597963,0.01
5608.043217286915,0.8992205454636053,0.01
5610.444177671068,0.8967576940551191,0.01
5612.8451380552215,0.8973452036727206,0.01
5615.246098439376,0.8996745759075846,0.01
5617.64705882353,0.8850007521235491,0.01
5620.048019207683,0.8658178335327051,0.01
5622.448979591836,0.8992870966980824,0.01
5624.84993997599,0.9065502562494661,0.01
5627.250900360144,0.8909831420915452,0.01
5629.651860744298,0.8968535759838814,0.01
5632.052821128451,0.8776344092452988,0.01
5634.453781512605,0.8951519857327918,0.01
5636.854741896759,0.8993364094033438,0.01
5639.255702280912,0.8948445400431807,0.01
5641.656662665066,0.8999073521465364,0.01
5644.05762304922,0.8812171370370766,0.01
5646.458583433374,0.9097672781791695,0.01
5648.859543817527,0.9097748374833873,0.01
5651.26050420168,0.8874537804848983,0.01
5653.6614645858335,0.8835892320251381,0.01
5656.062424969988,0.9105151077118817,0.01
5658.463385354142,0.9118946945497496,0.01
5660.864345738295,0.9188824892568708,0.01
5663.265306122448,0.901774168751266,0.01
5665.666266506602,0.9276049506387943,0.01
5668.0672268907565,0.9170634062894695,0.01
5670.46818727491,0.9023243371846893,0.01
5672.869147659063,0.9271029766285023,0.01
5675.270108043217,0.9041409262179878,0.01
5677.671068427371,0.9115395380333916,0.01
5680.072028811524,0.9200550629861601,0.01
5682.472989195678,0.910126357315731,0.01
5684.873949579832,0.9092483482845295,0.01
5687.274909963986,0.8832756746580895,0.01
5689.675870348139,0.9209701810913222,0.01
5692.076830732292,0.9263117400191875,0.01
5694.4777911164465,0.9200850855899038,0.01
5696.878751500601,0.9093499401075733,0.01
5699.279711884754,0.9328287902434739,0.01
5701.680672268907,0.9027566182516387,0.01
5704.081632653061,0.9004951208862538,0.01
5706.482593037215,0.9113537374202466,0.01
5708.883553421369,0.9246874936104594,0.01
5711.284513805522,0.9136980123997663,0.01
5713.685474189676,0.9071603824641816,0.01
5716.08643457383,0.905360807502495,0.01
5718.487394957983,0.9122368557193125,0.01
5720.8883553421365,0.904331332660553,0.01
5723.28931572629,0.9209227340235266,0.01
5725.690276110444,0.906347190349916,0.01
5728.091236494598,0.914268931524997,0.01
5730.492196878751,0.9234612276538067,0.01
5732.893157262904,0.9153050163221939,0.01
5735.294117647059,0.9283354813407367,0.01
5737.695078031213,0.9431657134687632,0.01
5740.096038415366,0.9426898684338477,0.01
5742.496998799519,0.9222490123864835,0.01
5744.897959183673,0.9441655265192228,0.01
5747.298919567827,0.9210154076723415,0.01
5749.699879951981,0.9251531648600154,0.01
5752.100840336134,0.9454536435437848,0.01
5754.501800720288,0.9307003936146685,0.01
5756.902761104442,0.9271397500470806,0.01
5759.303721488595,0.9443849708154542,0.01
5761.704681872749,0.9221406529475821,0.01
5764.105642256903,0.9422878983541574,0.01
5766.506602641057,0.9541257500661885,0.01
5768.90756302521,0.9376495205856549,0.01
5771.308523409363,0.9374675992782451,0.01
5773.709483793517,0.9288441072926193,0.01
5776.1104441776715,0.9505697239776766,0.01
5778.511404561825,0.9394608018995039,0.01
5780.912364945978,0.9248810198237397,0.01
5783.313325330132,0.9536011274854366,0.01
5785.714285714286,0.9403003230970393,0.01
5788.1152460984395,0.9525015348715488,0.01
5790.516206482593,0.9504480808183404,0.01
5792.917166866746,0.9252585939762348,0.01
5795.3181272509,0.9569708624472587,0.01
5797.719087635054,0.932582821425987,0.01
5800.120048019207,0.9508698693053433,0.01
5802.521008403361,0.9644446135390938,0.01
5804.921968787515,0.9495968094015592,0.01
5807.322929171669,0.9464096502056687,0.01
5809.723889555822,0.9768880688317028,0.01
5812.124849939975,0.9599500667731098,0.01
5814.525810324129,0.9501358405393466,0.01
5816.926770708284,0.9436035846915042,0.01
5819.327731092437,0.9540578235698955,0.01
5821.72869147659,0.9801276096947312,0.01
5824.129651860744,0.9704948074084337,0.01
5826.530612244898,0.9511987696277315,0.01
5828.9315726290515,0.9437349275977138,0.01
5831.332533013205,0.9696638712023077,0.01
5833.733493397359,0.9466402635931174,0.01
5836.134453781513,0.9673866238136895,0.01
5838.535414165666,0.9490129992949277,0.01
5840.936374549819,0.9689178855872433,0.01
5843.337334933974,0.9548843507488227,0.01
5845.738295318128,0.969537214897532,0.01
5848.139255702281,0.9500831980970826,0.01
5850.540216086434,0.956972024699179,0.01
5852.941176470588,0.9742539099913842,0.01
5855.342136854742,0.9479644002254737,0.01
5857.743097238896,0.9521032772284899,0.01
5860.144057623049,0.959052082563252,0.01
5862.545018007202,0.9558989285688092,0.01
5864.945978391356,0.9711546384660504,0.01
5867.34693877551,0.9781223249405488,0.01
5869.747899159664,0.9628475163637296,0.01
5872.148859543817,0.9780063751082033,0.01
5874.549819927971,0.9607971821754373,0.01
5876.950780312125,0.9711745941481069,0.01
5879.351740696278,0.9809707849583637,0.01
5881.7527010804315,0.9519104692662427,0.01
5884.153661464586,0.9603725044790733,0.01
5886.55462184874,0.9583871138895345,0.01
5888.955582232893,0.9799122478329801,0.01
5891.356542617046,0.9451685817374605,0.01
5893.7575030012,0.9619858477871692,0.01
5896.1584633853545,0.965085269487665,0.01
5898.559423769508,0.9717489225183115,0.01
5900.960384153661,0.9670137298254872,0.01
5903.361344537815,0.9638075354769557,0.01
5905.762304921969,0.9637692917406727,0.01
5908.163265306122,0.9728381955370116,0.01
5910.564225690276,0.96841941941258,0.01
5912.96518607443,0.983891547167805,0.01
5915.366146458584,0.9584402695230587,0.01
5917.767106842737,0.9765867232356175,0.01
5920.16806722689,0.9736082588036563,0.01
5922.5690276110445,0.9768024051323466,0.01
5924.969987995198,0.9690965105626494,0.01
5927.370948379352,0.9724423340894891,0.01
5929.771908763505,0.9772240333251065,0.01
5932.172869147658,0.9612373984933806,0.01
5934.573829531812,0.9824045879346593,0.01
5936.9747899159665,0.9703555818995181,0.01
5939.37575030012,0.9884020371926974,0.01
5941.776710684273,0.9716734116988576,0.01
5944.177671068427,0.9949215699132994,0.01
5946.578631452581,0.9676748630594352,0.01
5948.9795918367345,0.9698342020628741,0.01
5951.380552220888,0.992446580989895,0.01
5953.781512605042,0.9955618586262981,0.01
5956.182472989196,0.988545273133003,0.01
5958.583433373349,0.9675135417456533,0.01
5960.984393757502,0.9818811255036495,0.01
5963.3853541416565,0.9684588728889734,0.01
5965.786314525811,0.9717966953563865,0.01
5968.187274909964,0.992083407153034,0.01
5970.588235294117,0.9841920070682124,0.01
5972.989195678271,0.982256665012488,0.01
5975.390156062425,0.9926107639788394,0.01
5977.791116446579,0.9848154625155275,0.01
5980.192076830732,0.9794342404354386,0.01
5982.593037214886,0.9885560896555303,0.01
5984.99399759904,0.9788268323169039,0.01
5987.394957983193,1.0091370438854559,0.01
5989.7959183673465,0.9772604161139649,0.01
5992.196878751501,0.9938882027280527,0.01
5994.597839135654,0.9857570566635198,0.01
5996.998799519808,0.9805928365148707,0.01
5999.399759903961,0.9777602082230076,0.01
6001.8007202881145,0.9754968110167741,0.01
6004.201680672269,0.9937871762756282,0.01
6006.602641056423,0.9781031574655324,0.01
6009.003601440576,0.9891717688390954,0.01
6011.404561824729,0.9861534979803198,0.01
6013.805522208883,0.9897257499497947,0.01
6016.206482593037,0.979087322173449,0.01
6018.607442977191,0.9919499104006518,0.01
6021.008403361344,0.9868968295790943,0.01
6023.409363745498,1.0062102139745064,0.01
6025.810324129652,0.98730346888556,0.01
6028.211284513805,0.99461309022591,0.01
6030.612244897959,0.9889846034583768,0.01
6033.013205282113,0.9966853308622124,0.01
6035.414165666267,0.9899910996259018,0.01
6037.81512605042,0.9941745065223135,0.01
6040.216086434573,1.0090429950258095,0.01
6042.617046818727,0.9848170820371235,0.01
6045.018007202882,0.9862406075064877,0.01
6047.418967587035,0.9819282145983931,0.01
6049.819927971188,1.0054012903356242,0.01
6052.220888355342,1.0025082563808785,0.01
6054.621848739496,0.9842654524724296,0.01
6057.0228091236495,0.991021620971406,0.01
6059.423769507803,1.0113128659847623,0.01
6061.824729891956,1.0052340796967034,0.01
6064.22569027611,1.0137831892072489,0.01
6066.626650660264,0.9984289690148123,0.01
6069.027611044417,0.9964055039670611,0.01
6071.428571428571,1.0041690907571579,0.01
6073.829531812725,0.990858665842521,0.01
6076.230492196879,1.0072382509938014,0.01
6078.631452581032,0.9922810506400547,0.01
6081.032412965185,1.011829244022691,0.01
6083.4333733493395,0.9930056083154567,0.01
6085.834333733494,1.0017844873146526,0.01
6088.235294117647,1.0001357037892638,0.01
6090.6362545018,0.9840426257867677,0.01
6093.037214885954,0.9902450384020332,0.01
6095.438175270108,0.987856039351746,0.01
6097.839135654262,0.9847898061081675,0.01
6100.240096038415,1.009395645261288,0.01
6102.641056422569,1.010055458057733,0.01
6105.042016806723,1.0022978843260346,0.01
6107.442977190876,0.9849264740824692,0.01
6109.8439375750295,0.9900805353934595,0.01
6112.244897959184,0.9962983674799997,0.01
6114.645858343338,0.9851585673887266,0.01
6117.046818727491,0.9931897661428803,0.01
6119.447779111644,0.9882628227048532,0.01
6121.848739495798,1.0025637198420636,0.01
6124.2496998799525,0.9885376039963526,0.01
6126.650660264106,1.0029388483555663,0.01
6129.051620648259,1.003672880570581,0.01
6131.452581032412,0.9954727443158369,0.01
6133.853541416566,0.9992149510096202,0.01
6136.25450180072,1.007663361371321,0.01
6138.655462184874,1.0067579469498693,0.01
6141.056422569027,1.0073916816795312,0.01
6143.457382953181,1.0040035841832162,0.01
6145.858343337335,0.9920618134835223,0.01
6148.259303721488,1.0073207910255757,0.01
6150.6602641056415,1.0062784250812329,0.01
6153.061224489796,0.986391878627571,0.01
6155.46218487395,1.0111148861019077,0.01
6157.863145258103,1.0116761565267298,0.01
6160.264105642256,1.0019047063222581,0.01
6162.66506602641,0.9862641525003832,0.01
6165.0660264105645,1.0069838786239258,0.01
6167.466986794718,0.9988978732484474,0.01
6169.867947178871,0.998382024313016,0.01
6172.268907563025,0.9903723531730945,0.01
6174.669867947179,0.9978552400999677,0.01
6177.070828331332,0.9884480953950605,0.01
6179.471788715486,0.9986819148580631,0.01
6181.87274909964,0.9950725876610379,0.01
6184.273709483794,0.9980633848487757,0.01
6186.674669867947,1.0122783571291694,0.01
6189.0756302521,0.9989898351046956,0.01
6191.4765906362545,0.9918705541954591,0.01
6193.877551020409,1.0025808336190452,0.01
6196.278511404562,0.9871688561909882,0.01
6198.679471788715,1.0084746300641152,0.01
6201.080432172868,0.995423505759893,0.01
6203.481392557022,1.0142142532897955,0.01
6205.882352941177,0.9983277636778614,0.01
6208.28331332533,1.0111987549108576,0.01
6210.684273709483,1.0120360113024878,0.01
6213.085234093637,0.9940585767585984,0.01
6215.486194477791,1.005868021417626,0.01
6217.8871548619445,1.015182004004919,0.01
6220.288115246098,0.992019425667435,0.01
6222.689075630252,1.006899671523532,0.01
6225.090036014406,1.0189185893962216,0.01
6227.490996398559,0.9988267817880807,0.01
6229.891956782712,0.9857057038087692,0.01
6232.292917166867,0.9933822311509063,0.01
6234.693877551021,1.0079424224286597,0.01
6237.094837935174,0.9956597908969469,0.01
6239.495798319327,1.0013921935581902,0.01
6241.896758703481,1.0060271098673303,0.01
6244.297719087635,0.9941839233923492,0.01
6246.698679471789,1.0001732265188894,0.01
6249.099639855942,0.9722254457057312,0.01
6251.500600240096,0.9898699495123043,0.01
6253.90156062425,1.0154853449424872,0.01
6256.302521008403,1.008513248675136,0.01
6258.703481392557,1.0070325224419236,0.01
6261.104441776711,1.0187292466485622,0.01
6263.505402160865,0.9857463690907871,0.01
6265.906362545018,1.0083267372858133,0.01
6268.307322929171,0.9980419740300897,0.01
6270.7082833133245,0.9944342500148571,0.01
6273.109243697479,1.003173850883427,0.01
6275.510204081633,1.0062449441046146,0.01
6277.911164465786,1.0042276187756194,0.01
6280.312124849939,1.0079697809552006,0.01
6282.713085234093,1.0036819072284104,0.01
6285.1140456182475,0.994946720578904,0.01
6287.515006002401,0.9920587320969171,0.01
6289.915966386554,1.004501533420409,0.01
6292.316926770708,0.9818438156001675,0.01
6294.717887154862,1.0017881534679065,0.01
6297.118847539015,0.9858224957065483,0.01
6299.519807923169,0.9990151528920013,0.01
6301.920768307323,0.9917350593892842,0.01
6304.321728691477,0.9915688258882188,0.01
6306.72268907563,0.9989785927738709,0.01
6309.123649459783,0.9924330192310924,0.01
6311.5246098439375,1.0058234724010982,0.01
6313.925570228092,0.9834389840808042,0.01
6316.326530612245,0.9883924568826673,0.01
6318.727490996398,0.9937337321797357,0.01
6321.128451380552,1.0034473445681804,0.01
6323.529411764706,0.9794266922721053,0.01
6325.9303721488595,1.0000529968456013,0.01
6328.331332533013,0.9817731442976896,0.01
6330.732292917167,0.9857720850816408,0.01
6333.133253301321,0.9841318700827716,0.01
6335.534213685474,0.9965799691494219,0.01
6337.9351740696275,0.9827317560364256,0.01
6340.336134453781,0.9969773028118212,0.01
6342.737094837935,1.016694110397067,0.01
6345.138055222089,0.9967290815692295,0.01
6347.539015606242,0.9717436539837202,0.01
6349.939975990395,0.9795842503071075,0.01
6352.3409363745495,0.9761971593267307,0.01
6354.741896758704,0.9913687415415392,0.01
6357.142857142857,1.0038444361440118,0.01
6359.54381752701,1.0034321811619158,0.01
6361.944777911164,1.0025572692835336,0.01
6364.345738295318,0.9909637245118266,0.01
6366.746698679472,0.9722572532249254,0.01
6369.147659063625,1.000763171214828,0.01
6371.548619447779,1.0029112564675322,0.01
6373.949579831933,0.9994034151595387,0.01
6376.350540216086,0.9925879727882916,0.01
6378.7515006002395,1.0001656868598288,0.01
6381.152460984394,0.9978736414133574,0.01
6383.553421368548,0.9954648501760718,0.01
6385.954381752701,0.987527938438617,0.01
6388.355342136854,0.9949788765503244,0.01
6390.756302521008,0.9933109719689396,0.01
6393.1572629051625,0.997849398799974,0.01
6395.558223289316,0.9881729899350965,0.01
6397.959183673469,0.96198771181427,0.01
6400.360144057623,0.9925251817198081,0.01
6402.761104441776,0.9971702513120666,0.01
6405.16206482593,0.9923277249864808,0.01
6407.563025210084,0.9914688437852225,0.01
6409.963985594237,0.9814387307936006,0.01
6412.364945978391,0.9773851110340964,0.01
6414.765906362545,0.9857263193651392,0.01
6417.166866746698,0.9936077971729319,0.01
6419.567827130852,0.9958157467849222,0.01
6421.968787515006,0.9707883345572076,0.01
6424.36974789916,0.9763049588037529,0.01
6426.770708283313,0.9617182983709786,0.01
6429.171668667466,0.9856338671557926,0.01
6431.57262905162,0.9796132562463961,0.01
6433.973589435775,0.9996234963887752,0.01
6436.374549819928,0.9799846478146448,0.01
6438.775510204081,0.9769912395249754,0.01
6441.176470588235,0.962150241658846,0.01
6443.577430972389,1.003466437488587,0.01
6445.9783913565425,0.9760270807503205,0.01
6448.379351740696,0.9853247130527512,0.01
6450.78031212485,0.9701694566533977,0.01
6453.181272509004,0.984882550909147,0.01
6455.582232893157,0.9784516999464978,0.01
6457.98319327731,0.9720294103517475,0.01
6460.384153661465,0.9889786875181126,0.01
6462.785114045619,0.974920444155479,0.01
6465.186074429772,0.9767550073414814,0.01
6467.587034813925,0.956339584889791,0.01
6469.987995198079,0.9744095967972962,0.01
6472.3889555822325,0.9887051382305895,0.01
6474.789915966387,0.9823235409979529,0.01
6477.19087635054,0.9733372491482513,0.01
6479.591836734693,0.972507496286551,0.01
6481.992797118847,0.9654909600890506,0.01
6484.393757503001,0.9820541346212425,0.01
6486.794717887155,0.9696800896109179,0.01
6489.195678271308,0.9572017271794618,0.01
6491.596638655462,0.9627417552161973,0.01
6493.997599039616,0.970129448281806,0.01
6496.398559423769,0.9554309446911667,0.01
6498.7995198079225,0.9686222041587489,0.01
6501.200480192077,0.9752133460691764,0.01
6503.601440576231,0.9666945383057763,0.01
6506.002400960384,0.9884773617945584,0.01
6508.403361344537,0.9811517180920117,0.01
6510.804321728691,0.9678393706970554,0.01
6513.205282112845,0.9535812197119383,0.01
6515.606242496999,0.9648154105864963,0.01
6518.007202881152,0.978967677453635,0.01
6520.408163265306,0.9562224449277991,0.01
6522.80912364946,0.9511351165210791,0.01
6525.210084033613,0.9597941779024989,0.01
6527.611044417767,0.9572196865476298,0.01
6530.012004801921,0.9708925103536798,0.01
6532.412965186075,0.961316607943755,0.01
6534.813925570228,0.9639678458901402,0.01
6537.214885954381,0.946670304500165,0.01
6539.6158463385345,0.962786584665982,0.01
6542.016806722689,0.9555412948859888,0.01
6544.417767106843,0.9627059218415577,0.01
6546.818727490996,0.9641576375162633,0.01
6549.219687875149,0.9646203009849831,0.01
6551.620648259303,0.931685964356917,0.01
6554.0216086434575,0.9726136047860395,0.01
6556.422569027611,0.9582355356492172,0.01
6558.823529411764,0.9500910663942974,0.01
6561.224489795918,0.9689357335194151,0.01
6563.625450180072,0.9534649643067226,0.01
6566.026410564225,0.9415287612067965,0.01
6568.427370948379,0.9508134183114301,0.01
6570.828331332533,0.9613478250678592,0.01
6573.229291716687,0.9446475135005686,0.01
6575.63025210084,0.943876643426873,0.01
6578.031212484993,0.959627174519683,0.01
6580.4321728691475,0.9593384716743489,0.01
6582.833133253302,0.937869807054529,0.01
6585.234093637455,0.9371081828805864,0.01
6587.635054021608,0.945273903649535,0.01
6590.036014405762,0.947669616542646,0.01
6592.436974789916,0.9541465067810091,0.01
6594.83793517407,0.9462722312329052,0.01
6597.238895558223,0.9511692008840131,0.01
6599.639855942377,0.9567667270826397,0.01
6602.040816326531,0.9369587938199995,0.01
6604.441776710684,0.9377917047541967,0.01
6606.8427370948375,0.9547589670314003,0.01
6609.243697478991,0.9377300308432892,0.01
6611.644657863145,0.9329458729909563,0.01
6614.045618247299,0.9554810698223604,0.01
6616.446578631452,0.9580697690178601,0.01
6618.847539015605,0.9575088786126451,0.01
6621.24849939976,0.9558412739505054,0.01
6623.649459783914,0.9310915528060812,0.01
6626.050420168067,0.9431545346161663,0.01
6628.45138055222,0.9371589721348046,0.01
6630.852340936374,0.923694616396023,0.01
6633.253301320528,0.9411407435789296,0.01
6635.654261704682,0.9425810005138013,0.01
6638.055222088835,0.9477845883839857,0.01
6640.456182472989,0.9473809252505566,0.01
6642.857142857143,0.9305689075687319,0.01
6645.258103241296,0.9254265399894592,0.01
6647.65906362545,0.9423135658523295,0.01
6650.060024009604,0.9264496988569582,0.01
6652.460984393758,0.9327846054756378,0.01
6654.861944777911,0.9247043247566679,0.01
6657.262905162064,0.9046773137166992,0.01
6659.663865546218,0.932813798070845,0.01
6662.0648259303725,0.9236102678026721,0.01
6664.465786314526,0.9240227659646634,0.01
6666.866746698679,0.9359129986740455,0.01
6669.267707082833,0.9159967138498419,0.01
6671.668667466987,0.9283844333734416,0.01
6674.0696278511405,0.928524398464508,0.01
6676.470588235294,0.92233692441758,0.01
6678.871548619447,0.921233570882497,0.01
6681.272509003601,0.9342976896170582,0.01
6683.673469387755,0.9260910332982203,0.01
6686.074429771908,0.90660095787568,0.01
6688.475390156062,0.9011759031151318,0.01
6690.876350540216,0.9063755459935227,0.01
6693.27731092437,0.9185469336807568,0.01
6695.678271308523,0.9236158228597425,0.01
6698.079231692676,0.9063729000137843,0.01
6700.4801920768305,0.9158220109830263,0.01
6702.881152460985,0.9155643542105524,0.01
6705.282112845138,0.8904062102574328,0.01
6707.683073229291,0.9209616672635303,0.01
6710.084033613445,0.8932378171966558,0.01
6712.484993997599,0.9155532772345362,0.01
6714.8859543817525,0.9134265675992241,0.01
6717.286914765906,0.9090946360370026,0.01
6719.68787515006,0.9205106303398299,0.01
6722.088835534214,0.8980413679797161,0.01
6724.489795918367,0.9243263821925667,0.01
6726.8907563025205,0.8863530176983248,0.01
6729.291716686675,0.9010351011042478,0.01
6731.692677070829,0.9053480166491275,0.01
6734.093637454982,0.8994925439070947,0.01
6736.494597839135,0.9217996644813553,0.01
6738.895558223289,0.9015790086585079,0.01
6741.296518607443,0.9125828212734269,0.01
6743.697478991597,0.9097863103432419,0.01
6746.09843937575,0.8960524240026284,0.01
6748.499399759903,0.8971591233921237,0.01
6750.900360144057,0.9027948423788241,0.01
6753.301320528211,0.8873939956481339,0.01
6755.702280912365,0.9046655495635906,0.01
6758.103241296518,0.8730342723720101,0.01
6760.504201680672,0.8774003651274624,0.01
6762.905162064826,0.8790312438927713,0.01
6765.306122448979,0.8973044639515958,0.01
6767.7070828331325,0.8925849641021009,0.01
6770.108043217287,0.8835941405051825,0.01
6772.509003601441,0.894445792343191,0.01
6774.909963985594,0.8974859431072156,0.01
6777.310924369747,0.8813582072145445,0.01
6779.711884753901,0.8988666154040726,0.01
6782.1128451380555,0.9056681451211882,0.01
6784.513805522209,0.88937818019017,0.01
6786.914765906362,0.888696342969461,0.01
6789.315726290516,0.8968508601273939,0.01
6791.71668667467,0.8665262068647763,0.01
6794.117647058823,0.865190904534718,0.01
6796.518607442977,0.8900835058582637,0.01
6798.919567827131,0.8887825670311567,0.01
6801.320528211285,0.8994178616998897,0.01
6803.721488595438,0.8654192933011183,0.01
6806.122448979591,0.8734033883650028,0.01
6808.5234093637455,0.8921882437884637,0.01
6810.9243697479,0.8795527739971566,0.01
6813.325330132053,0.881292663584392,0.01
6815.726290516206,0.8669676603797323,0.01
6818.127250900359,0.8621863594143386,0.01
6820.528211284513,0.8537598641593419,0.01
6822.929171668668,0.8715117544277015,0.01
6825.330132052821,0.8774504749168085,0.01
6827.731092436974,0.8687042619737647,0.01
6830.132052821128,0.8808879105917529,0.01
6832.533013205282,0.886036607634449,0.01
6834.9339735894355,0.8886822388408242,0.01
6837.334933973589,0.8609171821664636,0.01
6839.735894357743,0.859954261518042,0.01
6842.136854741897,0.8584289417285761,0.01
6844.53781512605,0.8726672356234031,0.01
6846.938775510203,0.8586443793270733,0.01
6849.339735894358,0.8544534531548278,0.01
6851.740696278512,0.8704290659417613,0.01
6854.141656662665,0.8628516412731054,0.01
6856.542617046818,0.8479665193562018,0.01
6858.943577430972,0.8479530800462518,0.01
6861.344537815126,0.8612992503632576,0.01
6863.74549819928,0.8518158321687118,0.01
6866.146458583433,0.870921908775685,0.01
6868.547418967587,0.8727319694156984,0.01
6870.948379351741,0.85301742982453,0.01
6873.349339735894,0.8625213458996313,0.01
6875.7503001200475,0.846805348919585,0.01
6878.151260504202,0.8564228737778026,0.01
6880.552220888355,0.8613337268221628,0.01
6882.953181272509,0.8470212874086464,0.01
6885.354141656662,0.8518947123225625,0.01
6887.7551020408155,0.8313041668136302,0.01
6890.15606242497,0.8570635149434674,0.01
6892.557022809124,0.8548111643738441,0.01
6894.957983193277,0.843886931943568,0.01
6897.35894357743,0.8446484165430821,0.01
6899.759903961584,0.8362534625732794,0.01
6902.160864345738,0.8413843693591856,0.01
6904.561824729892,0.844974299514827,0.01
6906.962785114045,0.8577377715736354,0.01
6909.363745498199,0.8317022080873002,0.01
6911.764705882353,0.8223879967173784,0.01
6914.165666266506,0.8433971307161691,0.01
6916.56662665066,0.8417030674901353,0.01
6918.967587034814,0.8613959674155898,0.01
6921.368547418968,0.8447135298478506,0.01
6923.769507803121,0.8424463991205864,0.01
6926.170468187274,0.8335187490183101,0.01
6928.571428571428,0.8402423890504915,0.01
6930.972388955583,0.82028904403901,0.01
6933.373349339736,0.8140233551272269,0.01
6935.774309723889,0.8366447890485279,0.01
6938.175270108043,0.8172636421615945,0.01
6940.576230492197,0.8434505109010165,0.01
6942.9771908763505,0.8288996681303171,0.01
6945.378151260504,0.8143446332357702,0.01
6947.779111644658,0.8304661030772813,0.01
6950.180072028811,0.8104494249822803,0.01
6952.581032412965,0.8131764161048542,0.01
6954.981992797118,0.8346868846301316,0.01
6957.382953181272,0.8377250865331505,0.01
6959.783913565426,0.8154009231090893,0.01
6962.18487394958,0.8137557094564761,0.01
6964.585834333733,0.7919973322962872,0.01
6966.986794717886,0.7951019847967149,0.01
6969.3877551020405,0.8123729666639966,0.01
6971.788715486195,0.8112375218615632,0.01
6974.189675870348,0.8032798334495479,0.01
6976.590636254501,0.8278787604055515,0.01
6978.991596638655,0.8100220710592411,0.01
6981.392557022809,0.8111916761515299,0.01
6983.793517406963,0.8095017179731113,0.01
6986.194477791116,0.8032302773698846,0.01
6988.59543817527,0.8150058606951954,0.01
6990.996398559424,0.8284642218025448,0.01
6993.397358943577,0.8035397554133307,0.01
6995.7983193277305,0.818289574785769,0.01
6998.199279711885,0.7907384541329089,0.01
7000.600240096039,0.79956961555352,0.01
7003.001200480192,0.7934920616164386,0.01
7005.402160864345,0.7925620835009304,0.01
7007.803121248499,0.8009215878527827,0.01
7010.2040816326535,0.7931185280657127,0.01
7012.605042016807,0.8050877524841874,0.01
7015.00600240096,0.7969067321863351,0.01
7017.406962785113,0.8169126108900069,0.01
7019.807923169267,0.8062080518292644,0.01
7022.208883553421,0.7946718334814837,0.01
7024.609843937575,0.7780303151377844,0.01
7027.010804321728,0.7910303885989686,0.01
7029.411764705882,0.7976358780390654,0.01
7031.812725090036,0.7867844907051085,0.01
7034.213685474189,0.7908398292576069,0.01
7036.614645858343,0.8054369008965774,0.01
7039.015606242497,0.7733621491300064,0.01
7041.416566626651,0.7799823575921613,0.01
7043.817527010804,0.7966076254142326,0.01
7046.218487394957,0.7662676973684678,0.01
7048.619447779111,0.7677444158736532,0.01
7051.0204081632655,0.7897657680817788,0.01
7053.421368547419,0.780701730443579,0.01
7055.822328931572,0.7686285099542062,0.01
7058.223289315726,0.7818777083596081,0.01
7060.62424969988,0.7604390021026731,0.01
7063.0252100840335,0.760434705160517,0.01
7065.426170468187,0.7722670295668599,0.01
7067.827130852341,0.7782412123495893,0.01
7070.228091236495,0.792088214404135,0.01
7072.629051620648,0.7700988492894715,0.01
7075.030012004801,0.7716178521883191,0.01
7077.4309723889555,0.7732477604012826,0.01
7079.83193277311,0.7573028351732464,0.01
7082.232893157263,0.7517756961588951,0.01
7084.633853541416,0.7728631587153265,0.01
7087.034813925569,0.7715692488969549,0.01
7089.4357743097235,0.76013136648544,0.01
7091.836734693878,0.7561007872228788,0.01
7094.237695078031,0.7832623061865591,0.01
7096.638655462184,0.7554563834066572,0.01
7099.039615846338,0.7471710287701735,0.01
7101.440576230492,0.7197606523135476,0.01
7103.8415366146455,0.7537347327935844,0.01
7106.242496998799,0.7395724356549637,0.01
7108.643457382953,0.7595328949818886,0.01
7111.044417767107,0.7543675761593727,0.01
7113.44537815126,0.726622208052658,0.01
7115.846338535413,0.7380482457961821,0.01
7118.247298919568,0.7403403319622494,0.01
7120.648259303722,0.764838518078439,0.01
7123.049219687875,0.7272702895370324,0.01
7125.450180072028,0.7429272005133591,0.01
7127.851140456182,0.7407299926508295,0.01
7130.252100840336,0.7443626891723134,0.01
7132.65306122449,0.7277645885021912,0.01
7135.054021608643,0.7393247046735225,0.01
7137.454981992797,0.7283006079446136,0.01
7139.855942376951,0.7325179723215907,0.01
7142.256902761104,0.7411554505064112,0.01
7144.657863145258,0.7427061930382516,0.01
7147.058823529412,0.7346026861034327,0.01
7149.459783913566,0.7335573489782423,0.01
7151.860744297719,0.73855950479241,0.01
7154.261704681872,0.7314407592526851,0.01
7156.6626650660255,0.7319211802250933,0.01
7159.06362545018,0.7272389232020251,0.01
7161.464585834334,0.7120224475494749,0.01
7163.865546218487,0.71544466521392,0.01
7166.26650660264,0.7276830805955092,0.01
7168.667466986794,0.7277858447638224,0.01
7171.0684273709485,0.7322494935572257,0.01
7173.469387755102,0.7214423095462001,0.01
7175.870348139255,0.713150912320657,0.01
7178.271308523409,0.7257592346082368,0.01
7180.672268907563,0.7205767078094587,0.01
7183.073229291716,0.7044940269672858,0.01
7185.47418967587,0.7147545752512512,0.01
7187.875150060024,0.7168976538095841,0.01
7190.276110444178,0.7040360892950147,0.01
7192.677070828331,0.7242631771614848,0.01
7195.078031212484,0.7107903289656521,0.01
7197.4789915966385,0.7173883473376954,0.01
7199.879951980793,0.72212158437009,0.01
7202.280912364946,0.6898304366162853,0.01
7204.681872749099,0.6919224084126999,0.01
7207.082833133253,0.7077733259049025,0.01
7209.483793517407,0.69975108287083,0.01
7211.8847539015605,0.6917943202926771,0.01
7214.285714285714,0.7112640684081156,0.01
7216.686674669868,0.7032463078464279,0.01
7219.087635054022,0.7036724832954607,0.01
7221.488595438175,0.697073037365437,0.01
7223.8895558223285,0.7003876595171246,0.01
7226.290516206482,0.7016821314783324,0.01
7228.691476590636,0.6856918209074112,0.01
7231.09243697479,0.7000564581986743,0.01
7233.493397358943,0.6835239068612815,0.01
7235.894357743096,0.6875637294525143,0.01
7238.2953181272505,0.6836572966880885,0.01
7240.696278511405,0.6926357333729866,0.01
7243.097238895558,0.6893212407853575,0.01
7245.498199279711,0.6716263457557659,0.01
7247.899159663865,0.6849974995163626,0.01
7250.300120048019,0.683993077901028,0.01
7252.701080432173,0.6823383388321589,0.01
7255.102040816326,0.6921553744789897,0.01
7257.50300120048,0.6829635207369116,0.01
7259.903961584634,0.6596244817075252,0.01
7262.304921968787,0.6815273049799423,0.01
7264.7058823529405,0.6680083660739111,0.01
7267.106842737095,0.6829887314999827,0.01
7269.507803121249,0.672935182279385,0.01
7271.908763505402,0.6778776890669332,0.01
7274.309723889555,0.6817509736083777,0.01
7276.710684273709,0.6665838185889569,0.01
7279.1116446578635,0.6642128210213775,0.01
7281.512605042017,0.6743513117802151,0.01
7283.91356542617,0.6669972192209048,0.01
7286.314525810324,0.6609493567411203,0.01
7288.715486194478,0.6493776574782913,0.01
7291.116446578631,0.652989775355288,0.01
7293.517406962785,0.6601439360453063,0.01
7295.918367346938,0.6692330105994565,0.01
7298.319327731092,0.6608091283825183,0.01
7300.720288115246,0.6544516355792648,0.01
7303.121248499399,0.6522644694503149,0.01
7305.522208883553,0.6368086467457102,0.01
7307.923169267707,0.6529656087470299,0.01
7310.324129651861,0.6317329192623374,0.01
7312.725090036014,0.6433046844802066,0.01
7315.126050420167,0.6456220155907404,0.01
7317.527010804321,0.6531964475195582,0.01
7319.927971188476,0.6353783306703904,0.01
7322.328931572629,0.6322067097849766,0.01
7324.729891956782,0.6525120403061856,0.01
7327.130852340936,0.647352379022173,0.01
7329.53181272509,0.6371136494117312,0.01
7331.9327731092435,0.6433615943160863,0.01
7334.333733493397,0.6384058080531873,0.01
7336.734693877551,0.6391848575633533,0.01
7339.135654261705,0.6388648732875517,0.01
7341.536614645858,0.6417062821166355,0.01
7343.937575030011,0.6208699037950205,0.01
7346.338535414166,0.6375661833836392,0.01
7348.73949579832,0.6240152498844307,0.01
7351.140456182473,0.6400018014118369,0.01
7353.541416566626,0.6231460703505812,0.01
7355.94237695078,0.6279933153679353,0.01
7358.343337334934,0.6139096244912824,0.01
7360.744297719088,0.6370097166153854,0.01
7363.145258103241,0.6267323285775178,0.01
7365.546218487394,0.6311424027213831,0.01
7367.947178871548,0.5946885413813081,0.01
7370.348139255702,0.5988485893777933,0.01
7372.749099639856,0.615484228514285,0.01
7375.150060024009,0.6341869480561017,0.01
7377.551020408163,0.6343418162850168,0.01
7379.951980792317,0.633227092640279,0.01
7382.35294117647,0.6221158864648151,0.01
7384.7539015606235,0.6132455075377877,0.01
7387.154861944778,0.6216966563213304,0.01
7389.555822328932,0.6175327878874992,0.01
7391.956782713085,0.6018234937946663,0.01
7394.357743097238,0.5976847761999255,0.01
7396.758703481392,0.6024598651084516,0.01
7399.1596638655465,0.5938104348572252,0.01
7401.5606242497,0.609691885301815,0.01
7403.961584633853,0.5944739015140265,0.01
7406.362545018007,0.5845692792931105,0.01
7408.763505402161,0.6101018439181499,0.01
7411.164465786314,0.5800321139385347,0.01
7413.565426170468,0.600583182916996,0.01
7415.966386554622,0.5957797780776868,0.01
7418.367346938776,0.6026063091030338,0.01
7420.768307322929,0.6005536637101014,0.01
7423.169267707082,0.5892158193124087,0.01
7425.5702280912365,0.5994929998596462,0.01
7427.97118847539,0.5916975635389762,0.01
7430.372148859544,0.6107355765252499,0.01
7432.773109243697,0.5958700928773196,0.01
7435.17406962785,0.5789890290193743,0.01
7437.575030012004,0.5783429644378879,0.01
7439.9759903961585,0.5815757508603061,0.01
7442.376950780312,0.5895240911234928,0.01
7444.777911164465,0.5908562781819342,0.01
7447.178871548619,0.5896434643640434,0.01
7449.579831932773,0.5819816506495652,0.01
7451.980792316926,0.5664122457468173,0.01
7454.38175270108,0.5907866034447486,0.01
7456.782713085234,0.576126372869721,0.01
7459.183673469388,0.5758086378935764,0.01
7461.584633853541,0.5628942914658821,0.01
7463.985594237694,0.5585994590878747,0.01
7466.3865546218485,0.5899475755125332,0.01
7468.787515006003,0.5778135952581095,0.01
7471.188475390156,0.5667733281955658,0.01
7473.589435774309,0.5940642128488588,0.01
7475.990396158463,0.5765072411777702,0.01
7478.391356542617,0.5612978110463284,0.01
7480.792316926771,0.5578439346408631,0.01
7483.193277310924,0.5713453219733563,0.01
7485.594237695078,0.5604324514960444,0.01
7487.995198079232,0.5708386891394301,0.01
7490.396158463385,0.5541449449750205,0.01
7492.7971188475385,0.5689808697137251,0.01
7495.198079231693,0.5664278721705346,0.01
7497.599039615846,0.5579059526857565,0.01
7500.0,0.5671387616445946,0.01
7502.400960384153,0.5566076590224744,0.01
7504.801920768306,0.5459728063882232,0.01
7507.202881152461,0.5411942433541442,0.01
7509.603841536615,0.5480109469385948,0.01
7512.004801920768,0.5538627171354914,0.01
7514.405762304921,0.5586837052795072,0.01
7516.806722689075,0.5447063201881299,0.01
7519.207683073229,0.5530808619725093,0.01
7521.608643457383,0.5525795219008524,0.01
7524.009603841536,0.5481825170605795,0.01
7526.41056422569,0.5494093151754885,0.01
7528.811524609844,0.5363947211445697,0.01
7531.212484993997,0.5225775085121589,0.01
7533.613445378151,0.5481392581344812,0.01
7536.014405762305,0.5333899777678616,0.01
7538.415366146459,0.534866276124674,0.01
7540.816326530612,0.5169577143496883,0.01
7543.217286914765,0.5374121792389253,0.01
7545.618247298919,0.5238278048088445,0.01
7548.019207683074,0.5310120473448748,0.01
7550.420168067227,0.5253486140334575,0.01
7552.82112845138,0.5281391644211196,0.01
7555.222088835534,0.5017329241455533,0.01
7557.623049219688,0.5290129255207658,0.01
7560.0240096038415,0.5203722573202918,0.01
7562.424969987995,0.5175156540958797,0.01
7564.825930372148,0.5076584570663389,0.01
7567.226890756302,0.5053834355809316,0.01
7569.627851140456,0.4970526599815084,0.01
7572.028811524609,0.4880255237434774,0.01
7574.429771908763,0.49924076743699886,0.01
7576.830732292917,0.5060862358390097,0.01
7579.231692677071,0.4945704079735729,0.01
7581.632653061224,0.48639865872359533,0.01
7584.033613445377,0.4861379382682968,0.01
7586.4345738295315,0.45838088790492926,0.01
7588.835534213686,0.4762137499883576,0.01
7591.236494597839,0.4775113348790376,0.01
7593.637454981992,0.4697295875697321,0.01
7596.038415366146,0.46425869210021786,0.01
7598.439375750299,0.4679218049170526,0.01
7600.8403361344535,0.4542780264953197,0.01
7603.241296518607,0.45749549685180013,0.01
7605.642256902761,0.49074312123157865,0.01
7608.043217286914,0.45795046746678625,0.01
7610.444177671068,0.46201139017634174,0.01
7612.8451380552215,0.47565876811095065,0.01
7615.246098439376,0.48417812775718566,0.01
7617.647058823529,0.4942050112956899,0.01
7620.048019207683,0.47879705037600306,0.01
7622.448979591836,0.47352530865454057,0.01
7624.84993997599,0.4844736943948491,0.01
7627.2509003601435,0.47323768953075307,0.01
7629.651860744298,0.4981090007734308,0.01
7632.052821128451,0.5072642175087861,0.01
7634.453781512605,0.4830439347767703,0.01
7636.854741896758,0.48662594729159786,0.01
7639.255702280912,0.4876690295297603,0.01
7641.656662665066,0.4690849182787988,0.01
7644.05762304922,0.48059348984583367,0.01
7646.458583433373,0.47112240907007624,0.01
7648.859543817527,0.48100112373715675,0.01
7651.26050420168,0.49830765554040024,0.01
7653.661464585834,0.4827627313490539,0.01
7656.062424969988,0.4890017740080798,0.01
7658.463385354142,0.4868609709288312,0.01
7660.864345738295,0.4870017552601797,0.01
7663.265306122449,0.49848382098037586,0.01
7665.666266506602,0.47572069024040275,0.01
7668.067226890756,0.47969945641504036,0.01
7670.46818727491,0.4716361282031446,0.01
7672.869147659063,0.4890052964539549,0.01
7675.270108043217,0.47640085508995317,0.01
7677.67106842737,0.47568700585744145,0.01
7680.072028811524,0.4761218261459552,0.01
7682.472989195678,0.4651494982508666,0.01
7684.873949579832,0.4662437488844,0.01
7687.274909963985,0.4564573370417245,0.01
7689.675870348139,0.4656434986762965,0.01
7692.076830732292,0.464522519897295,0.01
7694.4777911164465,0.4602807328766755,0.01
7696.8787515006,0.46457118150031806,0.01
7699.279711884754,0.45172730738974165,0.01
7701.680672268907,0.45864314746753854,0.01
7704.081632653061,0.45529702975479186,0.01
7706.482593037214,0.44650342835630824,0.01
7708.883553421369,0.44792152611193425,0.01
7711.284513805522,0.45685339321964685,0.01
7713.685474189676,0.43189247630406014,0.01
7716.086434573829,0.43930191102443583,0.01
7718.487394957983,0.43988538388569787,0.01
7720.8883553421365,0.4524561250298798,0.01
7723.289315726291,0.449903952171032,0.01
7725.690276110444,0.439973628403006,0.01
7728.091236494598,0.4535278155793921,0.01
7730.492196878751,0.43351321799996373,0.01
7732.893157262905,0.43488967268903245,0.01
7735.294117647059,0.44311719878841876,0.01
7737.695078031212,0.4334552502912287,0.01
7740.096038415366,0.4426044846604483,0.01
7742.496998799519,0.42211616589370565,0.01
7744.897959183673,0.45242793461612696,0.01
7747.2989195678265,0.44698722645783506,0.01
7749.699879951981,0.42416824077875714,0.01
7752.100840336134,0.419205485621727,0.01
7754.501800720288,0.44290662005540815,0.01
7756.902761104441,0.43055079119979184,0.01
7759.303721488595,0.433977180679328,0.01
7761.704681872749,0.4220963387015729,0.01
7764.105642256903,0.43095132461684243,0.01
7766.506602641056,0.4414149444539997,0.01
7768.90756302521,0.41867867313343765,0.01
7771.308523409363,0.42284515956741914,0.01
7773.709483793517,0.4179839302374541,0.01
7776.110444177671,0.41829745044899314,0.01
7778.511404561825,0.42937382014606473,0.01
7780.912364945978,0.42187194154379737,0.01
7783.313325330132,0.4279965137462533,0.01
7785.714285714285,0.4116083567282524,0.01
7788.1152460984395,0.40956738952126587,0.01
7790.516206482593,0.4275776651267745,0.01
7792.917166866747,0.41857789268019757,0.01
7795.3181272509,0.4113797923819145,0.01
7797.719087635054,0.4036512100142384,0.01
7800.120048019207,0.4108535597522757,0.01
7802.521008403361,0.4218564899516415,0.01
7804.921968787515,0.409571229657878,0.01
7807.322929171668,0.40550372717600297,0.01
7809.723889555822,0.40095202254714746,0.01
7812.124849939975,0.4186532211395033,0.01
7814.525810324129,0.4041347818758802,0.01
7816.926770708283,0.40407132769670406,0.01
7819.327731092437,0.37422649385491047,0.01
7821.72869147659,0.40471540101678144,0.01
7824.129651860744,0.39981548967768377,0.01
7826.530612244897,0.40479808831103786,0.01
7828.9315726290515,0.3955827234013736,0.01
7831.332533013205,0.39561558797602175,0.01
7833.733493397359,0.38648574573763533,0.01
7836.134453781512,0.39112958901290856,0.01
7838.535414165666,0.40541004961375215,0.01
7840.936374549819,0.40902673413980994,0.01
7843.337334933974,0.38999017608135067,0.01
7845.738295318127,0.4080528697220793,0.01
7848.139255702281,0.382523583494614,0.01
7850.540216086434,0.39072676583305066,0.01
7852.941176470588,0.37445459933820296,0.01
7855.3421368547415,0.3770209771954942,0.01
7857.743097238896,0.37137760602187453,0.01
7860.144057623049,0.3869012979004199,0.01
7862.545018007203,0.36990369890274005,0.01
7864.945978391356,0.36967566630412485,0.01
7867.34693877551,0.39099635869316873,0.01
7869.747899159664,0.38280535072448,0.01
7872.148859543817,0.38066279341497417,0.01
7874.549819927971,0.3731684152213498,0.01
7876.950780312124,0.38876325900925696,0.01
7879.351740696278,0.38266782396921833,0.01
7881.7527010804315,0.3704924162536687,0.01
7884.153661464586,0.387226102644807,0.01
7886.554621848739,0.3724320471432675,0.01
7888.955582232893,0.3830699009244015,0.01
7891.356542617046,0.39240580419127374,0.01
7893.7575030012,0.37468636399281957,0.01
7896.158463385354,0.37523256935895893,0.01
7898.559423769508,0.36481515483278243,0.01
7900.960384153661,0.3262900232632414,0.01
7903.361344537815,0.3678325014256541,0.01
7905.762304921968,0.352398328170444,0.01
7908.163265306122,0.3630828642401345,0.01
7910.564225690276,0.3517699519967422,0.01
7912.96518607443,0.34895278067406804,0.01
7915.366146458583,0.3551820997820893,0.01
7917.767106842737,0.35131195372421825,0.01
7920.16806722689,0.36254191450785017,0.01
7922.5690276110445,0.37334913428694205,0.01
7924.969987995198,0.36211583892759996,0.01
7927.370948379352,0.36469372614719103,0.01
7929.771908763505,0.33622923961787643,0.01
7932.172869147659,0.35360832545364546,0.01
7934.573829531812,0.36220487791210604,0.01
7936.9747899159665,0.3471798506057446,0.01
7939.37575030012,0.3468215808715086,0.01
7941.776710684273,0.35085470562043053,0.01
7944.177671068427,0.35137080194866277,0.01
7946.57863145258,0.34397923929316276,0.01
7948.9795918367345,0.34764120905718077,0.01
7951.380552220888,0.3560437665144447,0.01
7953.781512605042,0.35412661411364227,0.01
7956.182472989195,0.33548099135914355,0.01
7958.583433373349,0.33149825540511396,0.01
7960.984393757502,0.337767689038786,0.01
7963.3853541416565,0.332845998656857,0.01
7965.78631452581,0.3393655787311083,0.01
7968.187274909964,0.3292296175083644,0.01
7970.588235294117,0.34756278369627164,0.01
7972.989195678271,0.32680384439384075,0.01
7975.3901560624245,0.3343064420055759,0.01
7977.791116446579,0.3490513293807708,0.01
7980.192076830732,0.3376951159794055,0.01
7982.593037214886,0.3227048795311957,0.01
7984.993997599039,0.3324165394587321,0.01
7987.394957983193,0.3313046355113589,0.01
7989.7959183673465,0.33355280826644024,0.01
7992.196878751501,0.32458540722061296,0.01
7994.597839135654,0.3168095452049987,0.01
7996.998799519808,0.32301992461686874,0.01
7999.399759903961,0.3120688116702775,0.01
8001.800720288115,0.3115186445129078,0.01
8004.201680672269,0.31795142377412405,0.01
8006.602641056423,0.3199708824453105,0.01
8009.003601440576,0.3096137521208519,0.01
8011.404561824729,0.3292682753223454,0.01
8013.805522208883,0.3296195552973487,0.01
8016.2064825930365,0.33940994434492106,0.01
8018.607442977191,0.3131705149339539,0.01
8021.008403361344,0.30331868033271814,0.01
8023.409363745498,0.30084328924824844,0.01
8025.810324129651,0.32272107052635013,0.01
8028.211284513805,0.32235736613362087,0.01
8030.612244897959,0.33046734468258093,0.01
8033.013205282113,0.32510896771613595,0.01
8035.414165666266,0.29776686633863114,0.01
8037.81512605042,0.30363406579050556,0.01
8040.216086434573,0.30307975002253906,0.01
8042.617046818727,0.31187198471574035,0.01
8045.018007202881,0.2897779493443285,0.01
8047.418967587035,0.3097189183916344,0.01
8049.819927971188,0.2847407130249755,0.01
8052.220888355342,0.3025061484716048,0.01
8054.621848739495,0.31407650335290127,0.01
8057.0228091236495,0.28944728105194917,0.01
8059.423769507803,0.29056472437442865,0.01
8061.824729891957,0.32809564171604005,0.01
8064.22569027611,0.30920061809639204,0.01
8066.626650660264,0.29079125199752615,0.01
8069.027611044417,0.29779426215432,0.01
8071.428571428572,0.3066070330084444,0.01
8073.829531812725,0.2950469780973293,0.01
8076.230492196878,0.2846920185109794,0.01
8078.631452581032,0.28421189298858346,0.01
8081.032412965185,0.3162298896819428,0.01
8083.4333733493395,0.2980270313291028,0.01
8085.834333733493,0.28420117527218,0.01
8088.235294117647,0.28442908195662264,0.01
8090.6362545018,0.2913458062201812,0.01
8093.037214885954,0.2960544452218111,0.01
8095.438175270107,0.28035897600953635,0.01
8097.839135654262,0.2915012249607738,0.01
8100.240096038415,0.2916219149833475,0.01
8102.641056422569,0.2828801030120184,0.01
8105.042016806722,0.2794112115459808,0.01
8107.442977190876,0.2944082308919439,0.01
8109.8439375750295,0.2759981118965288,0.01
8112.244897959184,0.25883191112646825,0.01
8114.645858343337,0.2751533134022365,0.01
8117.046818727491,0.27394294952384685,0.01
8119.447779111644,0.2677304600258602,0.01
8121.848739495798,0.27048295735013855,0.01
8124.249699879952,0.26330024329696605,0.01
8126.650660264106,0.2694393936536096,0.01
8129.051620648259,0.26881427630001414,0.01
8131.452581032413,0.2767610437934047,0.01
8133.853541416566,0.25048710445446043,0.01
8136.25450180072,0.24323881522110366,0.01
8138.655462184874,0.24882909563967393,0.01
8141.056422569028,0.2836470358651778,0.01
8143.457382953181,0.2578287798892409,0.01
8145.858343337334,0.24838187522215063,0.01
8148.259303721488,0.263700648564078,0.01
8150.6602641056415,0.25925409366814306,0.01
8153.061224489796,0.26033026872421844,0.01
8155.462184873949,0.25587300370211197,0.01
8157.863145258103,0.2575331984080992,0.01
8160.264105642256,0.25629203212976853,0.01
8162.66506602641,0.255866085573967,0.01
8165.066026410564,0.2528820306837532,0.01
8167.466986794718,0.24796488860131116,0.01
8169.867947178871,0.26308116588622743,0.01
8172.268907563025,0.24782260776066134,0.01
8174.669867947178,0.2497681399391644,0.01
8177.070828331332,0.26703890455495705,0.01
8179.471788715486,0.2533503902311885,0.01
8181.87274909964,0.25638405730921765,0.01
8184.273709483793,0.26427448394160763,0.01
8186.674669867947,0.25044749393287147,0.01
8189.0756302521,0.25071743634099525,0.01
8191.4765906362545,0.26362711855043425,0.01
8193.877551020407,0.24386788120592048,0.01
8196.278511404562,0.24198001485196713,0.01
8198.679471788715,0.23890819782972883,0.01
8201.080432172868,0.24616283728838437,0.01
8203.481392557023,0.2346758611333294,0.01
8205.882352941177,0.2480019644112323,0.01
8208.28331332533,0.2537691168865703,0.01
8210.684273709485,0.247761934365638,0.01
8213.085234093636,0.22715002335369047,0.01
8215.486194477791,0.2503495041136244,0.01
8217.887154861945,0.24292431881480395,0.01
8220.288115246098,0.2545157968678206,0.01
8222.689075630253,0.25263497377721394,0.01
8225.090036014404,0.23488594438485733,0.01
8227.49099639856,0.24842420819678537,0.01
8229.891956782712,0.23852218927817362,0.01
8232.292917166866,0.2292696250277685,0.01
8234.69387755102,0.22610266369237003,0.01
8237.094837935174,0.23318468627515676,0.01
8239.495798319327,0.24144161941084338,0.01
8241.896758703482,0.2404630445343998,0.01
8244.297719087634,0.23446488538479823,0.01
8246.698679471789,0.23469244983027424,0.01
8249.099639855942,0.23898596256874718,0.01
8251.500600240095,0.22433919787091175,0.01
8253.90156062425,0.24331100988148233,0.01
8256.302521008403,0.21396681713268384,0.01
8258.703481392557,0.23125753400002563,0.01
8261.104441776712,0.22314526672973317,0.01
8263.505402160863,0.20309066190619246,0.01
8265.906362545018,0.23378050201200945,0.01
8268.307322929171,0.23865076917810374,0.01
8270.708283313325,0.22740422071864352,0.01
8273.10924369748,0.22625071223049997,0.01
8275.510204081633,0.22599031304352185,0.01
8277.911164465786,0.21439289226700858,0.01
8280.312124849941,0.22392885882138613,0.01
8282.713085234092,0.22824735765849802,0.01
8285.114045618247,0.22256918418454205,0.01
8287.5150060024,0.2247021820095334,0.01
8289.915966386554,0.21406919405264863,0.01
8292.316926770709,0.1975001569969354,0.01
8294.71788715486,0.22736976605525888,0.01
8297.118847539015,0.2103960075492719,0.01
8299.519807923169,0.2071466701639752,0.01
8301.920768307322,0.23001952669058534,0.01
8304.321728691477,0.19851473466566333,0.01
8306.72268907563,0.20798827035771086,0.01
8309.123649459783,0.19761670536963363,0.01
8311.524609843938,0.2261716394715371,0.01
8313.92557022809,0.2280713017786597,0.01
8316.326530612245,0.21397945104018812,0.01
8318.727490996398,0.2176395931022659,0.01
8321.128451380551,0.21325591736954982,0.01
8323.529411764706,0.2103347818130585,0.01
8325.93037214886,0.19084435110217915,0.01
8328.331332533013,0.20956042443245362,0.01
8330.732292917168,0.1939085949862829,0.01
8333.13325330132,0.2309493272891436,0.01
8335.534213685474,0.21102847131254496,0.01
8337.935174069627,0.22099683205971052,0.01
8340.33613445378,0.21224077829047583,0.01
8342.737094837936,0.19788331576132848,0.01
8345.138055222089,0.21423218724603788,0.01
8347.539015606242,0.20132670408295159,0.01
8349.939975990395,0.20800749145550018,0.01
8352.340936374549,0.19617989856205792,0.01
8354.741896758704,0.18560863625395155,0.01
8357.142857142857,0.1873291484383387,0.01
8359.54381752701,0.21279513921961163,0.01
8361.944777911165,0.20034381825557754,0.01
8364.345738295317,0.18554141232566834,0.01
8366.746698679472,0.20014495537237706,0.01
8369.147659063625,0.20108381553648083,0.01
8371.548619447778,0.19208566631873064,0.01
8373.949579831933,0.180150189022513,0.01
8376.350540216086,0.2034381025920585,0.01
8378.75150060024,0.20551329233741997,0.01
8381.152460984395,0.18626027012451055,0.01
8383.553421368546,0.17786404065061084,0.01
8385.954381752701,0.18171003234289668,0.01
8388.355342136854,0.1911811657920896,0.01
8390.756302521007,0.1771475288754539,0.01
8393.157262905162,0.18658026860697968,0.01
8395.558223289316,0.19312727407525107,0.01
8397.959183673469,0.17853709391901978,0.01
8400.360144057624,0.17253758336229807,0.01
8402.761104441775,0.17894594436831543,0.01
8405.16206482593,0.19204062846562578,0.01
8407.563025210084,0.17599821859805892,0.01
8409.963985594237,0.160613871855684,0.01
8412.364945978392,0.17792575157333176,0.01
8414.765906362545,0.1877983279900562,0.01
8417.166866746698,0.2090466129411061,0.01
8419.567827130852,0.17187815398304432,0.01
8421.968787515005,0.19444329106684285,0.01
8424.36974789916,0.17783254950671046,0.01
8426.770708283313,0.17646398421349468,0.01
8429.171668667466,0.19093111807161423,0.01
8431.572629051621,0.19449941121255696,0.01
8433.973589435773,0.1708427376756114,0.01
8436.374549819928,0.18943472506093698,0.01
8438.775510204081,0.18192959468601969,0.01
8441.176470588234,0.1855643592583904,0.01
8443.57743097239,0.16698393290400462,0.01
8445.978391356542,0.1854229438712892,0.01
8448.379351740696,0.17204518904690774,0.01
8450.78031212485,0.1763022492667003,0.01
8453.181272509002,0.17598333846132147,0.01
8455.582232893157,0.16655751006401676,0.01
8457.98319327731,0.14901605098863696,0.01
8460.384153661464,0.18042094986460588,0.01
8462.785114045619,0.16750593731232,0.01
8465.186074429772,0.1519968661875326,0.01
8467.587034813925,0.16359951427518016,0.01
8469.98799519808,0.15202851394505387,0.01
8472.388955582232,0.16501421222917098,0.01
8474.789915966387,0.16497217003140213,0.01
8477.19087635054,0.18111876355134665,0.01
8479.591836734693,0.15528063886563306,0.01
8481.992797118848,0.1745348661425524,0.01
8484.393757503001,0.17447338180962446,0.01
8486.794717887155,0.170753447355476,0.01
8489.195678271308,0.16962175818509168,0.01
8491.596638655461,0.17041430422278173,0.01
8493.997599039616,0.14513166342180245,0.01
8496.39855942377,0.14730601283985864,0.01
8498.799519807922,0.15181458598164743,0.01
8501.200480192078,0.14637725746439317,0.01
8503.601440576229,0.14873818867403568,0.01
8506.002400960384,0.16336309021832732,0.01
8508.403361344537,0.1652193829031563,0.01
8510.80432172869,0.17262450010378172,0.01
8513.205282112845,0.1586849107272266,0.01
8515.606242496999,0.15366139106119706,0.01
8518.007202881152,0.15248317911226023,0.01
8520.408163265307,0.1622161192292687,0.01
8522.809123649458,0.1425322700476513,0.01
8525.210084033613,0.15854923809084287,0.01
8527.611044417767,0.14426127010824574,0.01
8530.01200480192,0.1492997450440876,0.01
8532.412965186075,0.13449336455801708,0.01
8534.813925570228,0.1391119359837704,0.01
8537.214885954381,0.14008603011777487,0.01
8539.615846338536,0.15044192544598872,0.01
8542.016806722688,0.14638668610274383,0.01
8544.417767106843,0.15612521501955415,0.01
8546.818727490996,0.15699991772985797,0.01
8549.21968787515,0.14839263072534067,0.01
8551.620648259304,0.14180117149632468,0.01
8554.021608643456,0.1463537088997428,0.01
8556.42256902761,0.14009599249455665,0.01
8558.823529411764,0.12909483962938975,0.01
8561.224489795917,0.1392238287451744,0.01
8563.625450180072,0.13492351094676,0.01
8566.026410564225,0.14879572485591647,0.01
8568.427370948379,0.14462434209536806,0.01
8570.828331332534,0.13261041743613755,0.01
8573.229291716685,0.16381385366987983,0.01
8575.63025210084,0.14329465113551618,0.01
8578.031212484993,0.15365687211200846,0.01
8580.432172869147,0.14490380089475688,0.01
8582.833133253302,0.1532044170407366,0.01
8585.234093637455,0.14533217395909517,0.01
8587.635054021608,0.15331679382625865,0.01
8590.036014405763,0.1390430672128458,0.01
8592.436974789915,0.12646122329080245,0.01
8594.83793517407,0.14296801791136649,0.01
8597.238895558223,0.14087714498463996,0.01
8599.639855942376,0.14777342858950476,0.01
8602.040816326531,0.13265034984771998,0.01
8604.441776710684,0.13133077595763465,0.01
8606.842737094838,0.1359094141525158,0.01
8609.243697478993,0.1332770868424069,0.01
8611.644657863144,0.15089971950730321,0.01
8614.045618247299,0.13090787787103533,0.01
8616.446578631452,0.12556308477082878,0.01
8618.847539015605,0.11967080619487924,0.01
8621.24849939976,0.145239573520058,0.01
8623.649459783912,0.1136885236536452,0.01
8626.050420168067,0.11989337814870352,0.01
8628.45138055222,0.12379223011100134,0.01
8630.852340936373,0.14344997920629837,0.01
8633.253301320528,0.1350452853267702,0.01
8635.654261704682,0.13538724740760508,0.01
8638.055222088835,0.126669511549267,0.01
8640.45618247299,0.12850144316800724,0.01
8642.857142857141,0.12377410485756107,0.01
8645.258103241296,0.1203319023603636,0.01
8647.65906362545,0.11002270363234407,0.01
8650.060024009603,0.13699164014355195,0.01
8652.460984393758,0.11435546624464535,0.01
8654.861944777911,0.12541116306204414,0.01
8657.262905162064,0.11953746312542544,0.01
8659.66386554622,0.12835127675079208,0.01
8662.06482593037,0.12117633586336306,0.01
8664.465786314526,0.10934875920852169,0.01
8666.866746698679,0.11433540651977403,0.01
8669.267707082832,0.1115967249970219,0.01
8671.668667466987,0.10482937188481253,0.01
8674.06962785114,0.12490343844092834,0.01
8676.470588235294,0.13100666512586137,0.01
8678.871548619449,0.12176205093603538,0.01
8681.2725090036,0.12381281752476109,0.01
8683.673469387755,0.12146014334593831,0.01
8686.074429771908,0.11829156724601911,0.01
8688.475390156062,0.13166954243359247,0.01
8690.876350540217,0.14777828648174046,0.01
8693.277310924368,0.13479630095883974,0.01
8695.678271308523,0.11002440503228836,0.01
8698.079231692676,0.11282950814668924,0.01
8700.48019207683,0.12491987655329026,0.01
8702.881152460985,0.12262448646247143,0.01
8705.282112845138,0.10166872346768614,0.01
8707.683073229291,0.11304812564834647,0.01
8710.084033613446,0.10212026421895806,0.01
8712.484993997597,0.10621168565792356,0.01
8714.885954381753,0.1104066107141856,0.01
8717.286914765906,0.11922154330119503,0.01
8719.687875150059,0.11370780323382375,0.01
8722.088835534214,0.10630364228511668,0.01
8724.489795918367,0.12235153049314362,0.01
8726.89075630252,0.10338193047551247,0.01
8729.291716686675,0.09294073419273528,0.01
8731.692677070827,0.09877125288175477,0.01
8734.093637454982,0.10945339807456252,0.01
8736.494597839135,0.11509336881792642,0.01
8738.895558223288,0.10871974062347951,0.01
8741.296518607443,0.11208384997498282,0.01
8743.697478991597,0.10693932717689415,0.01
8746.09843937575,0.08850852950674087,0.01
8748.499399759905,0.10007890872570806,0.01
8750.900360144056,0.1135850234751744,0.01
8753.301320528211,0.08951172922617195,0.01
8755.702280912365,0.09560281167895203,0.01
8758.103241296518,0.11317351048405364,0.01
8760.504201680673,0.10128625419407634,0.01
8762.905162064824,0.100633011314455,0.01
8765.30612244898,0.09532603489307055,0.01
8767.707082833133,0.09646157970567694,0.01
8770.108043217286,0.09909296215250908,0.01
8772.50900360144,0.098795809892839,0.01
8774.909963985594,0.10602800666833812,0.01
8777.310924369747,0.10600522721618053,0.01
8779.711884753902,0.11338751759890954,0.01
8782.112845138054,0.10224427035129846,0.01
8784.513805522209,0.09832739904902252,0.01
8786.914765906362,0.09999345982538133,0.01
8789.315726290515,0.1011580833035593,0.01
8791.71668667467,0.08626822926270575,0.01
8794.117647058823,0.09727032819146943,0.01
8796.518607442977,0.09451398079730687,0.01
8798.919567827132,0.09081567219415285,0.01
8801.320528211283,0.09208599063382066,0.01
8803.721488595438,0.08157813737557784,0.01
8806.122448979591,0.10320533867715588,0.01
8808.523409363745,0.09035254716105075,0.01
8810.9243697479,0.09233645998964053,0.01
8813.325330132053,0.10438667487211872,0.01
8815.726290516206,0.09919046000259868,0.01
8818.127250900361,0.07504493934707607,0.01
8820.528211284513,0.08901962991136754,0.01
8822.929171668668,0.08402696601994611,0.01
8825.33013205282,0.10592612458769475,0.01
8827.731092436974,0.09728063130125465,0.01
8830.132052821129,0.07869772410545622,0.01
8832.53301320528,0.08622616553197147,0.01
8834.933973589435,0.09801870909798684,0.01
8837.334933973589,0.09681524674350206,0.01
8839.735894357742,0.09901129695940536,0.01
8842.136854741897,0.09886350022507241,0.01
8844.53781512605,0.09555121306691897,0.01
8846.938775510203,0.09423476582049947,0.01
8849.339735894358,0.06842679795366086,0.01
8851.74069627851,0.08570793190758329,0.01
8854.141656662665,0.0916188554952987,0.01
8856.542617046818,0.07865819271350291,0.01
8858.943577430971,0.07640828478687087,0.01
8861.344537815126,0.096139133425668,0.01
8863.74549819928,0.0957262697437614,0.01
8866.146458583433,0.09021874542018457,0.01
8868.547418967588,0.07291244968882903,0.01
8870.94837935174,0.07739296372165579,0.01
8873.349339735894,0.08413659787865917,0.01
8875.750300120048,0.0851856939779173,0.01
8878.1512605042,0.07286297132963782,0.01
8880.552220888356,0.10823730249227811,0.01
8882.953181272509,0.0831902827219882,0.01
8885.354141656662,0.08796877115926352,0.01
8887.755102040817,0.07272349362499007,0.01
8890.156062424969,0.08736181771759913,0.01
8892.557022809124,0.061382513500899925,0.01
8894.957983193277,0.08785298097373705,0.01
8897.35894357743,0.07634990687802617,0.01
8899.759903961585,0.08344863481659988,0.01
8902.160864345737,0.08677612009194859,0.01
8904.561824729892,0.09314579583719731,0.01
8906.962785114045,0.082356733733729,0.01
8909.363745498198,0.06532189500933006,0.01
8911.764705882353,0.0673517516684218,0.01
8914.165666266506,0.0673420853391341,0.01
8916.56662665066,0.0957594696861302,0.01
8918.967587034815,0.052749072849877274,0.01
8921.368547418966,0.06326087796349324,0.01
8923.769507803121,0.06004959035590612,0.01
8926.170468187274,0.07118872185739634,0.01
8928.571428571428,0.08329474954813758,0.01
8930.972388955583,0.0704755809613457,0.01
8933.373349339736,0.06985474461713578,0.01
8935.774309723889,0.07587098636728903,0.01
8938.175270108044,0.08233257720649195,0.01
8940.576230492195,0.079572912514988,0.01
8942.97719087635,0.0757965951306085,0.01
8945.378151260504,0.07196390748981306,0.01
8947.779111644657,0.08967124918952303,0.01
8950.180072028812,0.07909167727738639,0.01
8952.581032412965,0.08016433972530662,0.01
8954.981992797118,0.06083106141913179,0.01
8957.382953181273,0.09074184787828837,0.01
8959.783913565425,0.06003183257511593,0.01
8962.18487394958,0.07130132852870982,0.01
8964.585834333733,0.06459449725829894,0.01
8966.986794717886,0.06509810678731585,0.01
8969.387755102041,0.07392111440055012,0.01
8971.788715486193,0.0698605053515934,0.01
8974.189675870348,0.06415544066140391,0.01
8976.590636254501,0.07058338481579501,0.01
8978.991596638654,0.07057911737038768,0.01
8981.39255702281,0.07343982946881261,0.01
8983.793517406963,0.07089884289411491,0.01
8986.194477791116,0.06342509445367787,0.01
8988.59543817527,0.0567996040502342,0.01
8990.996398559422,0.0801632472552671,0.01
8993.397358943577,0.07511890261864956,0.01
8995.79831932773,0.0696292656618161,0.01
8998.199279711884,0.03630566909332715,0.01
9000.600240096039,0.06669081798022448,0.01
9003.001200480192,0.07512576376444734,0.01
9005.402160864345,0.07227463998096761,0.01
9007.8031212485,0.05694282340142456,0.01
9010.204081632652,0.07310728006023028,0.01
9012.605042016807,0.05317369173662132,0.01
9015.00600240096,0.05455022882641444,0.01
9017.406962785113,0.06994130913947799,0.01
9019.807923169268,0.06366850394796075,0.01
9022.208883553421,0.060470487394346344,0.01
9024.609843937575,0.06528347687342384,0.01
9027.01080432173,0.050223092553995874,0.01
9029.411764705881,0.0581353317219096,0.01
9031.812725090036,0.05083442778122868,0.01
9034.21368547419,0.07592331651508925,0.01
9036.614645858343,0.060070085260304544,0.01
9039.015606242498,0.075866954824171,0.01
9041.416566626649,0.06347697539609408,0.01
9043.817527010804,0.05711906920653892,0.01
9046.218487394957,0.06059078325612144,0.01
9048.61944777911,0.05212516177465331,0.01
9051.020408163266,0.06198051752456539,0.01
9053.421368547419,0.06180546034803688,0.01
9055.822328931572,0.05402821733665871,0.01
9058.223289315727,0.048165274803032794,0.01
9060.624249699878,0.06470614106867635,0.01
9063.025210084033,0.05489032898697825,0.01
9065.426170468187,0.04904039844244831,0.01
9067.82713085234,0.06435784183958002,0.01
9070.228091236495,0.05670326272347296,0.01
9072.629051620648,0.05780639553443799,0.01
9075.030012004801,0.06608558610873995,0.01
9077.430972388956,0.06107945381811857,0.01
9079.831932773108,0.06973991926922588,0.01
9082.232893157263,0.04636736315775264,0.01
9084.633853541416,0.0655179218689574,0.01
9087.03481392557,0.06909583884932677,0.01
9089.435774309724,0.05696333481405378,0.01
9091.836734693878,0.03954583556237594,0.01
9094.23769507803,0.04366918093936627,0.01
9096.638655462186,0.03378895253860528,0.01
9099.039615846337,0.060792224668396254,0.01
9101.440576230492,0.056172663858680326,0.01
9103.841536614646,0.04150193709723653,0.01
9106.242496998799,0.04676162977949123,0.01
9108.643457382954,0.03765395109298841,0.01
9111.044417767105,0.08053829657370512,0.01
9113.44537815126,0.04999455857554831,0.01
9115.846338535413,0.06676887165692405,0.01
9118.247298919567,0.05257285022360782,0.01
9120.648259303722,0.06961611950124988,0.01
9123.049219687875,0.06228962955104493,0.01
9125.450180072028,0.04296067767293933,0.01
9127.851140456183,0.046973604971863286,0.01
9130.252100840335,0.045560400331114866,0.01
9132.65306122449,0.03791520565096096,0.01
9135.054021608643,0.060126526919495785,0.01
9137.454981992796,0.053944888012449885,0.01
9139.855942376951,0.0489307441247854,0.01
9142.256902761104,0.05221310476083559,0.01
9144.657863145258,0.06379993223857555,0.01
9147.058823529413,0.03923623077122335,0.01
9149.459783913564,0.060125354173185624,0.01
9151.860744297719,0.043575528363633806,0.01
9154.261704681872,0.03825048709710657,0.01
9156.662665066026,0.046456793349774844,0.01
9159.06362545018,0.04248868016653219,0.01
9161.464585834334,0.03153022588769296,0.01
9163.865546218487,0.06074724516140942,0.01
9166.266506602642,0.06621756534555959,0.01
9168.667466986793,0.04152017642374609,0.01
9171.068427370948,0.05394961356640927,0.01
9173.469387755102,0.05809751428354218,0.01
9175.870348139255,0.04625225727017016,0.01
9178.27130852341,0.053772696638415794,0.01
9180.672268907561,0.04191136983495678,0.01
9183.073229291716,0.04037969868147251,0.01
9185.47418967587,0.03718068088166992,0.01
9187.875150060023,0.05291773890252997,0.01
9190.276110444178,0.04375267038006989,0.01
9192.677070828331,0.031660677603459086,0.01
9195.078031212484,0.03934251908196827,0.01
9197.47899159664,0.04149444850622242,0.01
9199.87995198079,0.057427111424767696,0.01
9202.280912364946,0.046600737392228024,0.01
9204.681872749099,0.043470059640457547,0.01
9207.082833133252,0.0632251092406701,0.01
9209.483793517407,0.04968158762149051,0.01
9211.88475390156,0.051252733450602175,0.01
9214.285714285714,0.047631336074689605,0.01
9216.686674669869,0.028268397759558764,0.01
9219.08763505402,0.04949571421031805,0.01
9221.488595438175,0.04177987065673785,0.01
9223.889555822328,0.04877479718769763,0.01
9226.290516206482,0.046429295189093445,0.01
9228.691476590637,0.05247659933734703,0.01
9231.09243697479,0.04227749472116041,0.01
9233.493397358943,0.05736448241563289,0.01
9235.894357743098,0.04636420884804664,0.01
9238.29531812725,0.04775099469077919,0.01
9240.696278511405,0.04111550233448056,0.01
9243.097238895558,0.0237534288847866,0.01
9245.498199279711,0.004224259963302564,0.01
9247.899159663866,0.04093032545591541,0.01
9250.300120048018,0.0440357753536527,0.01
9252.701080432173,0.027526076480258153,0.01
9255.102040816326,0.025529061222560767,0.01
9257.503001200479,0.03445078201830978,0.01
9259.903961584634,0.025419993683637683,0.01
9262.304921968787,0.04627209078749639,0.01
9264.70588235294,0.0186280031335564,0.01
9267.106842737096,0.025209143415251878,0.01
9269.507803121247,0.02248770200948049,0.01
9271.908763505402,0.020112742566457457,0.01
9274.309723889555,0.03928659902512184,0.01
9276.710684273708,0.032719322002887324,0.01
9279.111644657864,0.03289852566853984,0.01
9281.512605042017,0.025216564166303863,0.01
9283.91356542617,0.029230714501280838,0.01
9286.314525810325,0.023699174212578306,0.01
9288.715486194476,0.04366860982010255,0.01
9291.116446578631,0.03688821973259278,0.01
9293.517406962785,0.05352802855257286,0.01
9295.918367346938,0.026687911403426315,0.01
9298.319327731093,0.05581472487875919,0.01
9300.720288115246,0.022273326691793757,0.01
9303.1212484994,0.03151927058321481,0.01
9305.522208883553,0.029264324644934354,0.01
9307.923169267706,0.03549305550722421,0.01
9310.32412965186,0.04177498996482215,0.01
9312.725090036014,0.02529587595606152,0.01
9315.126050420167,0.03791263222642724,0.01
9317.527010804322,0.03412847656234712,0.01
9319.927971188474,0.05549635185590926,0.01
9322.328931572629,0.03587599875920527,0.01
9324.729891956782,0.04114189803970873,0.01
9327.130852340935,0.03623610456426677,0.01
9329.53181272509,0.039468934356868365,0.01
9331.932773109243,0.04338262832215925,0.01
9334.333733493397,0.029875461325896087,0.01
9336.734693877552,0.05574060115896974,0.01
9339.135654261703,0.023073377115666323,0.01
9341.536614645858,0.027528447808516487,0.01
9343.937575030011,0.03984998801924445,0.01
9346.338535414165,0.015739848993349837,0.01
9348.73949579832,0.04452485061312038,0.01
9351.140456182473,0.0347903873139802,0.01
9353.541416566626,0.04412136248374654,0.01
9355.942376950781,0.024473644069091832,0.01
9358.343337334933,0.025345711278017907,0.01
9360.744297719088,0.04403330838256154,0.01
9363.14525810324,0.02946210028929201,0.01
9365.546218487394,0.04343181104051215,0.01
9367.94717887155,0.025152263732758636,0.01
9370.348139255702,0.05174411021854329,0.01
9372.749099639856,0.029651455310076492,0.01
9375.150060024009,0.0215397418860484,0.01
9377.551020408162,0.02092600634115512,0.01
9379.951980792317,0.009432529722577347,0.01
9382.35294117647,0.03566373589699097,0.01
9384.753901560623,0.023344868491865588,0.01
9387.154861944779,0.00925789918090416,0.01
9389.55582232893,0.028506542998808313,0.01
9391.956782713085,0.011843683052750943,0.01
9394.357743097238,0.021954276028562716,0.01
9396.758703481391,0.021207983221892896,0.01
9399.159663865546,0.03621491964334611,0.01
9401.5606242497,0.026135219946678653,0.01
9403.961584633853,0.021557467087175704,0.01
9406.362545018008,0.027443928296690106,0.01
9408.76350540216,0.04027823926341236,0.01
9411.164465786314,0.013027579012349966,0.01
9413.565426170468,0.03613058724552892,0.01
9415.96638655462,0.02249891593705744,0.01
9418.367346938776,0.0288915402136478,0.01
9420.76830732293,0.016024751602035554,0.01
9423.169267707082,0.021743354119265153,0.01
9425.570228091237,0.011235679448269621,0.01
9427.971188475389,0.03220077561525812,0.01
9430.372148859544,0.024109267562085018,0.01
9432.773109243697,0.030434169395628482,0.01
9435.17406962785,0.02788332110638931,0.01
9437.575030012005,0.041289257523767775,0.01
9439.975990396159,0.021770277701928478,0.01
9442.376950780312,0.02151428900045213,0.01
9444.777911164465,0.021361835659317596,0.01
9447.178871548618,0.014770099964502573,0.01
9449.579831932773,0.005513739229073722,0.01
9451.980792316926,0.023484433765695364,0.01
9454.38175270108,0.032865363407030404,0.01
9456.782713085235,0.019388231676850616,0.01
9459.183673469386,0.015538034887058743,0.01
9461.584633853541,0.053058008783536684,0.01
9463.985594237694,0.02163468977227669,0.01
9466.386554621848,0.02123898650035749,0.01
9468.787515006003,0.009042933682656927,0.01
9471.188475390156,0.027347407956600317,0.01
9473.58943577431,0.016607842924486305,0.01
9475.990396158464,0.0,0.01
9478.391356542616,0.01439807844903796,0.01
9480.79231692677,0.018445349392416113,0.01
9483.193277310924,0.029615408194003476,0.01
9485.594237695077,0.007889506779646685,0.01
9487.995198079232,0.009225209955378845,0.01
9490.396158463385,0.0036512352994619163,0.01
9492.797118847539,0.014205300653466077,0.01
9495.198079231694,0.030285402459881795,0.01
9497.599039615845,0.026987980486579497,0.01
9500.0,0.030041978666819954,0.01
