wavelength_angstrom,flux_erg_s_cm2_angstrom
3.500000000000000000e+03,3.238594673660716901e-15
3.501587301587301681e+03,3.244667598766691670e-15
3.503174603174603362e+03,3.250743060432901903e-15
3.504761904761904589e+03,3.256821043873334799e-15
3.506349206349206270e+03,3.262901534303824678e-15
3.507936507936507951e+03,3.268984516942159472e-15
3.509523809523809632e+03,3.275069977008167502e-15
3.511111111111111313e+03,3.281157899723793210e-15
3.512698412698412540e+03,3.287248270313212327e-15
3.514285714285714221e+03,3.293341074002937984e-15
3.515873015873015902e+03,3.299436296021868825e-15
3.517460317460317583e+03,3.305533921601433369e-15
3.519047619047619264e+03,3.311633935975633403e-15
3.520634920634920491e+03,3.317736324381174532e-15
3.522222222222222172e+03,3.323841072057530081e-15
3.523809523809523853e+03,3.329948164247066915e-15
3.525396825396825534e+03,3.336057586195075815e-15
3.526984126984126760e+03,3.342169323149937921e-15
3.528571428571428442e+03,3.348283360363167731e-15
3.530158730158730123e+03,3.354399683089506184e-15
3.531746031746031804e+03,3.360518276587014533e-15
3.533333333333333485e+03,3.366639126117195832e-15
3.534920634920634711e+03,3.372762216945013869e-15
3.536507936507936392e+03,3.378887534339072234e-15
3.538095238095238074e+03,3.385015063571618266e-15
3.539682539682539755e+03,3.391144789918690966e-15
3.541269841269841436e+03,3.397276698660180552e-15
3.542857142857142662e+03,3.403410775079924307e-15
3.544444444444444343e+03,3.409547004465788229e-15
3.546031746031746025e+03,3.415685372109788511e-15
3.547619047619047706e+03,3.421825863308112055e-15
3.549206349206349387e+03,3.427968463361264381e-15
3.550793650793650613e+03,3.434113157574141810e-15
3.552380952380952294e+03,3.440259931256089442e-15
3.553968253968253975e+03,3.446408769721024223e-15
3.555555555555555657e+03,3.452559658287504361e-15
3.557142857142857338e+03,3.458712582278811368e-15
3.558730158730158564e+03,3.464867527023034469e-15
3.560317460317460245e+03,3.471024477853183015e-15
3.561904761904761926e+03,3.477183420107234998e-15
3.563492063492063608e+03,3.483344339128226584e-15
3.565079365079365289e+03,3.489507220264361375e-15
3.566666666666666515e+03,3.495672048869079035e-15
3.568253968253968196e+03,3.501838810301131814e-15
3.569841269841269877e+03,3.508007489924697744e-15
3.571428571428571558e+03,3.514178073109401945e-15
3.573015873015872785e+03,3.520350545230470054e-15
3.574603174603174466e+03,3.526524891668781472e-15
3.576190476190476147e+03,3.532701097810927351e-15
3.577777777777777828e+03,3.538879149049340354e-15
3.579365079365079509e+03,3.545059030782344361e-15
3.580952380952380736e+03,3.551240728414239266e-15
3.582539682539682417e+03,3.557424227355388936e-15
3.584126984126984098e+03,3.563609513022315876e-15
3.585714285714285779e+03,3.569796570837734361e-15
3.587301587301587460e+03,3.575985386230694795e-15
3.588888888888888687e+03,3.582175944636612114e-15
3.590476190476190368e+03,3.588368231497379377e-15
3.592063492063492049e+03,3.594562232261428514e-15
3.593650793650793730e+03,3.600757932383821040e-15
3.595238095238095411e+03,3.606955317326300123e-15
3.596825396825396638e+03,3.613154372557422321e-15
3.598412698412698319e+03,3.619355083552577308e-15
3.600000000000000000e+03,3.625557435794109352e-15
3.601587301587301681e+03,3.631761414771382009e-15
3.603174603174603362e+03,3.637967005980852269e-15
3.604761904761904589e+03,3.644174194926126572e-15
3.606349206349206270e+03,3.650382967118089385e-15
3.607936507936507951e+03,3.656593308074949752e-15
3.609523809523809632e+03,3.662805203322302029e-15
3.611111111111111313e+03,3.669018638393229232e-15
3.612698412698412540e+03,3.675233598828377185e-15
3.614285714285714221e+03,3.681450070176024729e-15
3.615873015873015902e+03,3.687668037992131058e-15
3.617460317460317583e+03,3.693887487840480862e-15
3.619047619047619264e+03,3.700108405292674080e-15
3.620634920634920491e+03,3.706330775928272621e-15
3.622222222222222172e+03,3.712554585334838235e-15
3.623809523809523853e+03,3.718779819108008238e-15
3.625396825396825534e+03,3.725006462851585448e-15
3.626984126984126760e+03,3.731234502177584725e-15
3.628571428571428442e+03,3.737463922706340253e-15
3.630158730158730123e+03,3.743694710066559979e-15
3.631746031746031804e+03,3.749926849895391869e-15
3.633333333333333485e+03,3.756160327838510688e-15
3.634920634920634711e+03,3.762395129550186630e-15
3.636507936507936392e+03,3.768631240693355525e-15
3.638095238095238074e+03,3.774868646939692205e-15
3.639682539682539755e+03,3.781107333969658624e-15
3.641269841269841436e+03,3.787347287472641906e-15
3.642857142857142662e+03,3.793588493146936205e-15
3.644444444444444343e+03,3.799830936699891799e-15
3.646031746031746025e+03,3.806074603847914300e-15
3.647619047619047706e+03,3.812319480316617692e-15
3.649206349206349387e+03,3.818565551840811711e-15
3.650793650793650613e+03,3.824812804164630430e-15
3.652380952380952294e+03,3.831061223041566178e-15
3.653968253968253975e+03,3.837310794234572093e-15
3.655555555555555657e+03,3.843561503516089732e-15
3.657142857142857338e+03,3.849813336668142946e-15
3.658730158730158564e+03,3.856066279482404143e-15
3.660317460317460245e+03,3.862320317760281852e-15
3.661904761904761926e+03,3.868575437312938079e-15
3.663492063492063608e+03,3.874831623961392435e-15
3.665079365079364834e+03,3.881088863536606547e-15
3.666666666666666515e+03,3.887347141879484054e-15
3.668253968253968196e+03,3.893606444841012603e-15
3.669841269841269877e+03,3.899866758282285153e-15
3.671428571428571558e+03,3.906128068074584376e-15
3.673015873015872785e+03,3.912390360099437881e-15
3.674603174603174466e+03,3.918653620248688424e-15
3.676190476190476147e+03,3.924917834424569634e-15
3.677777777777777828e+03,3.931182988539757295e-15
3.679365079365079509e+03,3.937449068517425350e-15
3.680952380952380736e+03,3.943716060291334256e-15
3.682539682539682417e+03,3.949983949805882257e-15
3.684126984126984098e+03,3.956252723016183488e-15
3.685714285714285779e+03,3.962522365888107411e-15
3.687301587301587460e+03,3.968792864398358491e-15
3.688888888888888687e+03,3.975064204534525109e-15
3.690476190476190368e+03,3.981336372295164758e-15
3.692063492063492049e+03,3.987609353689860048e-15
3.693650793650793730e+03,3.993883134739273142e-15
3.695238095238095411e+03,4.000157701475199398e-15
3.696825396825396638e+03,4.006433039940656507e-15
3.698412698412698319e+03,4.012709136189929461e-15
3.700000000000000000e+03,4.018985976288625774e-15
3.701587301587301681e+03,4.025263546313741744e-15
3.703174603174603362e+03,4.031541832353750805e-15
3.704761904761904589e+03,4.037820820508605897e-15
3.706349206349206270e+03,4.044100496889853848e-15
3.707936507936507951e+03,4.050380847620684283e-15
3.709523809523809632e+03,4.056661858835946192e-15
3.711111111111111313e+03,4.062943516682276514e-15
3.712698412698412540e+03,4.069225807318110392e-15
3.714285714285714221e+03,4.075508716913752957e-15
3.715873015873015902e+03,4.081792231651432975e-15
3.717460317460317583e+03,4.088076337725399873e-15
3.719047619047619264e+03,4.094361021341915852e-15
3.720634920634920491e+03,4.100646268719353705e-15
3.722222222222222172e+03,4.106932066088271762e-15
3.723809523809523853e+03,4.113218399691428085e-15
3.725396825396825534e+03,4.119505255783864876e-15
3.726984126984126760e+03,4.125792620632964493e-15
3.728571428571428442e+03,4.132080480518493617e-15
3.730158730158730123e+03,4.138368821732669523e-15
3.731746031746031804e+03,4.144657630580226341e-15
3.733333333333333485e+03,4.150946893378426891e-15
3.734920634920634711e+03,4.157236596457194419e-15
3.736507936507936392e+03,4.163526726159093671e-15
3.738095238095238074e+03,4.169817268839416871e-15
3.739682539682539755e+03,4.176108210866262614e-15
3.741269841269841436e+03,4.182399538620535861e-15
3.742857142857142662e+03,4.188691238496046549e-15
3.744444444444444343e+03,4.194983296899562445e-15
3.746031746031746025e+03,4.201275700250827287e-15
3.747619047619047706e+03,4.207568434982661764e-15
3.749206349206349387e+03,4.213861487540982440e-15
3.750793650793650613e+03,4.220154844384855405e-15
3.752380952380952294e+03,4.226448491986571213e-15
3.753968253968253975e+03,4.232742416831696945e-15
3.755555555555555657e+03,4.239036605419094357e-15
3.757142857142856883e+03,4.245331044261010594e-15
3.758730158730158564e+03,4.251625719883118429e-15
3.760317460317460245e+03,4.257920618824557276e-15
3.761904761904761926e+03,4.264215727637975793e-15
3.763492063492063608e+03,4.270511032889624178e-15
3.765079365079364834e+03,4.276806521159376257e-15
3.766666666666666515e+03,4.283102179040784703e-15
3.768253968253968196e+03,4.289397993141118904e-15
3.769841269841269877e+03,4.295693950081429647e-15
3.771428571428571558e+03,4.301990036496616961e-15
3.773015873015872785e+03,4.308286239035431696e-15
3.774603174603174466e+03,4.314582544360564660e-15
3.776190476190476147e+03,4.320878939148694747e-15
3.777777777777777828e+03,4.327175410090508651e-15
3.779365079365079509e+03,4.333471943890782122e-15
3.780952380952380736e+03,4.339768527268398111e-15
3.782539682539682417e+03,4.346065146956443008e-15
3.784126984126984098e+03,4.352361789702182189e-15
3.785714285714285779e+03,4.358658442267160204e-15
3.787301587301587460e+03,4.364955091427266245e-15
3.788888888888888687e+03,4.371251723972722322e-15
3.790476190476190368e+03,4.377548326708167665e-15
3.792063492063492049e+03,4.383844886452692647e-15
3.793650793650793730e+03,4.390141390039890849e-15
3.795238095238095411e+03,4.396437824317919801e-15
3.796825396825396638e+03,4.402734176149505719e-15
3.798412698412698319e+03,4.409030432412048417e-15
3.800000000000000000e+03,4.415326579997596859e-15
3.801587301587301681e+03,4.421622605812958018e-15
3.803174603174603362e+03,4.427918496779705553e-15
3.804761904761904589e+03,4.434214239834231876e-15
3.806349206349206270e+03,4.440509821927804161e-15
3.807936507936507951e+03,4.446805230026595896e-15
3.809523809523809632e+03,4.453100451111731852e-15
3.811111111111111313e+03,4.459395472179334621e-15
3.812698412698412540e+03,4.465690280240566431e-15
3.814285714285714221e+03,4.471984862321693826e-15
3.815873015873015902e+03,4.478279205464082151e-15
3.817460317460317583e+03,4.484573296724293366e-15
3.819047619047619264e+03,4.490867123174092360e-15
3.820634920634920491e+03,4.497160671900487967e-15
3.822222222222222172e+03,4.503453930005823691e-15
3.823809523809523853e+03,4.509746884607748513e-15
3.825396825396825534e+03,4.516039522839300516e-15
3.826984126984127215e+03,4.522331831848954209e-15
3.828571428571428442e+03,4.528623798800641045e-15
3.830158730158730123e+03,4.534915410873814890e-15
3.831746031746031804e+03,4.541206655263433097e-15
3.833333333333333485e+03,4.547497519180090605e-15
3.834920634920634711e+03,4.553787989849981290e-15
3.836507936507936392e+03,4.560078054514977640e-15
3.838095238095238074e+03,4.566367700432643374e-15
3.839682539682539755e+03,4.572656914876325739e-15
3.841269841269841436e+03,4.578945685135121592e-15
3.842857142857142662e+03,4.585233998513976003e-15
3.844444444444444343e+03,4.591521842333689360e-15
3.846031746031746025e+03,4.597809203930967064e-15
3.847619047619047706e+03,4.604096070658455026e-15
3.849206349206348932e+03,4.610382429884787005e-15
3.850793650793650613e+03,4.616668268994605899e-15
3.852380952380952294e+03,4.622953575388622127e-15
3.853968253968253975e+03,4.629238336483624672e-15
3.855555555555555657e+03,4.635522539712492910e-15
3.857142857142856883e+03,4.641806172524245526e-15
3.858730158730158564e+03,4.648089222383870113e-15
3.860317460317460245e+03,4.654371676771913758e-15
3.861904761904761926e+03,4.660653523183165642e-15
3.863492063492063608e+03,4.666934749122766380e-15
3.865079365079364834e+03,4.673215342095096913e-15
3.866666666666666515e+03,4.679495289573412887e-15
3.868253968253968196e+03,4.685774578918909889e-15
3.869841269841269877e+03,4.692053197171267467e-15
3.871428571428571558e+03,4.698331130521822573e-15
3.873015873015872785e+03,4.704608363026839611e-15
3.874603174603174466e+03,4.710884873554538265e-15
3.876190476190476147e+03,4.717160628752301504e-15
3.877777777777777828e+03,4.723435567321826004e-15
3.879365079365079509e+03,4.729709565905915413e-15
3.880952380952380736e+03,4.735982367317603588e-15
3.882539682539682417e+03,4.742253434173375800e-15
3.884126984126984098e+03,4.748521659725974763e-15
3.885714285714285779e+03,4.754784814806052478e-15
3.887301587301587460e+03,4.761038524633697982e-15
3.888888888888888687e+03,4.767274439529098008e-15
3.890476190476190368e+03,4.773477078160897950e-15
3.892063492063492049e+03,4.779618577064696307e-15
3.893650793650793730e+03,4.785650288999353528e-15
3.895238095238095411e+03,4.791489879371005806e-15
3.896825396825396638e+03,4.797002364780493159e-15
3.898412698412698319e+03,4.801973569282543980e-15
3.900000000000000000e+03,4.806074948591011901e-15
3.901587301587301681e+03,4.808819890343682174e-15
3.903174603174603362e+03,4.809513654527878247e-15
3.904761904761904589e+03,4.807202163607020047e-15
3.906349206349206270e+03,4.800628726655633168e-15
3.907936507936507951e+03,4.788211947381008026e-15
3.909523809523809632e+03,4.768061532440760230e-15
3.911111111111111313e+03,4.738050090402269887e-15
3.912698412698412540e+03,4.695956722188488380e-15
3.914285714285714221e+03,4.639690926047818789e-15
3.915873015873015902e+03,4.567592560745292183e-15
3.917460317460317583e+03,4.478786192934452370e-15
3.919047619047619264e+03,4.373548686426049576e-15
3.920634920634920491e+03,4.253631588198767238e-15
3.922222222222222172e+03,4.122469880603089027e-15
3.923809523809523853e+03,3.985210828460371271e-15
3.925396825396825534e+03,3.848513882731945206e-15
3.926984126984127215e+03,3.720104518683998392e-15
3.928571428571428442e+03,3.608107052138839272e-15
3.930158730158730123e+03,3.520225820056198426e-15
3.931746031746031804e+03,3.462880568964487802e-15
3.933333333333333485e+03,3.440420988768965815e-15
3.934920634920634711e+03,3.454540953545204559e-15
3.936507936507936392e+03,3.503984546360408542e-15
3.938095238095238074e+03,3.584588811367091564e-15
3.939682539682539755e+03,3.689652769783791178e-15
3.941269841269841436e+03,3.810571113157411542e-15
3.942857142857142662e+03,3.937635396166906583e-15
3.944444444444444343e+03,4.060892290384143693e-15
3.946031746031746025e+03,4.170958084848529818e-15
3.947619047619047706e+03,4.259715564210523520e-15
3.949206349206348932e+03,4.320853950643617483e-15
3.950793650793650613e+03,4.350244070849868567e-15
3.952380952380952294e+03,4.346160961936832030e-15
3.953968253968253975e+03,4.309371217012281449e-15
3.955555555555555657e+03,4.243094587172463029e-15
3.957142857142856883e+03,4.152835440422576894e-15
3.958730158730158564e+03,4.046068543123221965e-15
3.960317460317460245e+03,3.931763205565595943e-15
3.961904761904761926e+03,3.819744219210140446e-15
3.963492063492063608e+03,3.719915844404568446e-15
3.965079365079364834e+03,3.641409680842244896e-15
3.966666666666666515e+03,3.591748416691991002e-15
3.968253968253968196e+03,3.576134709167404580e-15
3.969841269841269877e+03,3.596970315472644132e-15
3.971428571428571558e+03,3.653683136932724273e-15
3.973015873015872785e+03,3.742893562807930389e-15
3.974603174603174466e+03,3.858896252066726760e-15
3.976190476190476147e+03,3.994381742247260914e-15
3.977777777777777828e+03,4.141285630166484250e-15
3.979365079365079509e+03,4.291639124357198877e-15
3.980952380952380736e+03,4.438305261754146802e-15
3.982539682539682417e+03,4.575515833280525217e-15
3.984126984126984098e+03,4.699166585381637513e-15
3.985714285714285779e+03,4.806872384723730965e-15
3.987301587301587460e+03,4.897820652859592638e-15
3.988888888888888687e+03,4.972484540467500137e-15
3.990476190476190368e+03,5.032265096594474178e-15
3.992063492063492049e+03,5.079125887024263735e-15
3.993650793650793730e+03,5.115268411957904924e-15
3.995238095238095411e+03,5.142877468045726601e-15
3.996825396825396638e+03,5.163946986754306328e-15
3.998412698412698319e+03,5.180182118562559064e-15
4.000000000000000000e+03,5.192963927841039913e-15
4.001587301587301681e+03,5.203358974186371620e-15
4.003174603174603362e+03,5.212156199808948704e-15
4.004761904761904589e+03,5.219916383333148431e-15
4.006349206349206270e+03,5.227023458234850806e-15
4.007936507936507951e+03,5.233731069027449433e-15
4.009523809523809632e+03,5.240201141036082048e-15
4.011111111111111313e+03,5.246533677449712688e-15
4.012698412698412540e+03,5.252788480620264156e-15
4.014285714285714221e+03,5.259000204160033949e-15
4.015873015873015902e+03,5.265188317800035926e-15
4.017460317460317583e+03,5.271363432194390851e-15
4.019047619047619264e+03,5.277531157839805560e-15
4.020634920634920491e+03,5.283694372855642237e-15
4.022222222222222172e+03,5.289854508685553158e-15
4.023809523809523853e+03,5.296012254200813136e-15
4.025396825396825534e+03,5.302167928557296772e-15
4.026984126984127215e+03,5.308321672283851656e-15
4.028571428571428442e+03,5.314473542130687182e-15
4.030158730158730123e+03,5.320623556694083740e-15
4.031746031746031804e+03,5.326771717696680835e-15
4.033333333333333030e+03,5.332918019616088465e-15
4.034920634920635166e+03,5.339062453912944917e-15
4.036507936507936392e+03,5.345205010833362174e-15
4.038095238095238074e+03,5.351345680155144942e-15
4.039682539682539755e+03,5.357484451487876494e-15
4.041269841269840981e+03,5.363621314390212033e-15
4.042857142857142662e+03,5.369756258414458008e-15
4.044444444444444343e+03,5.375889273122974113e-15
4.046031746031746025e+03,5.382020348094141806e-15
4.047619047619047706e+03,5.388149472924413770e-15
4.049206349206348932e+03,5.394276637229014424e-15
4.050793650793650613e+03,5.400401830642218386e-15
4.052380952380952294e+03,5.406525042817403333e-15
4.053968253968253975e+03,5.412646263427106793e-15
4.055555555555555657e+03,5.418765482163026150e-15
4.057142857142856883e+03,5.424882688736050983e-15
4.058730158730158564e+03,5.430997872876276480e-15
4.060317460317460245e+03,5.437111024333004225e-15
4.061904761904761926e+03,5.443222132874759552e-15
4.063492063492063608e+03,5.449331188289304959e-15
4.065079365079364834e+03,5.455438180383634583e-15
4.066666666666666515e+03,5.461543098984012856e-15
4.068253968253968196e+03,5.467645933935965826e-15
4.069841269841269877e+03,5.473746675104310346e-15
4.071428571428571558e+03,5.479845312373137507e-15
4.073015873015872785e+03,5.485941835645849715e-15
4.074603174603174466e+03,5.492036234845161480e-15
4.076190476190476147e+03,5.498128499913095472e-15
4.077777777777777828e+03,5.504218620811010130e-15
4.079365079365079509e+03,5.510306587519615441e-15
4.080952380952380736e+03,5.516392390038961892e-15
4.082539682539682417e+03,5.522476018388468876e-15
4.084126984126984098e+03,5.528557462606912062e-15
4.085714285714285779e+03,5.534636712752465210e-15
4.087301587301587460e+03,5.540713758902674140e-15
4.088888888888888687e+03,5.546788591154487490e-15
4.090476190476190368e+03,5.552861199624266980e-15
4.092063492063492049e+03,5.558931574447779517e-15
4.093650793650793730e+03,5.564999705780219287e-15
4.095238095238095411e+03,5.571065583796211698e-15
4.096825396825396638e+03,5.577129198689827576e-15
4.098412698412698774e+03,5.583190540674581596e-15
4.100000000000000000e+03,5.589249599983434638e-15
4.101587301587301226e+03,5.595306366868833239e-15
4.103174603174603362e+03,5.601360831602677244e-15
4.104761904761904589e+03,5.607412984476352940e-15
4.106349206349206725e+03,5.613462815800737002e-15
4.107936507936507951e+03,5.619510315906179135e-15
4.109523809523809177e+03,5.625555475142558873e-15
4.111111111111111313e+03,5.631598283879239038e-15
4.112698412698412540e+03,5.637638732505111492e-15
4.114285714285713766e+03,5.643676811428574261e-15
4.115873015873015902e+03,5.649712511077573343e-15
4.117460317460317128e+03,5.655745821899550646e-15
4.119047619047619264e+03,5.661776734361527604e-15
4.120634920634920491e+03,5.667805238950049961e-15
4.122222222222222626e+03,5.673831326171212219e-15
4.123809523809523853e+03,5.679854986550684468e-15
4.125396825396825079e+03,5.685876210633671357e-15
4.126984126984127215e+03,5.691894988984968108e-15
4.128571428571428442e+03,5.697911312188919495e-15
4.130158730158729668e+03,5.703925170849471907e-15
4.131746031746031804e+03,5.709936555590136270e-15
4.133333333333333030e+03,5.715945457054023553e-15
4.134920634920635166e+03,5.721951865903831348e-15
4.136507936507936392e+03,5.727955772821848609e-15
4.138095238095238528e+03,5.733957168509969062e-15
4.139682539682539755e+03,5.739956043689688048e-15
4.141269841269840981e+03,5.745952389102105679e-15
4.142857142857143117e+03,5.751946195507963916e-15
4.144444444444444343e+03,5.757937453687579512e-15
4.146031746031745570e+03,5.763926154440912649e-15
4.147619047619047706e+03,5.769912288587562197e-15
4.149206349206348932e+03,5.775895846966703402e-15
4.150793650793651068e+03,5.781876820437197532e-15
4.152380952380952294e+03,5.787855199877498793e-15
4.153968253968254430e+03,5.793830976185730062e-15
4.155555555555555657e+03,5.799804140279622139e-15
4.157142857142856883e+03,5.805774683096565819e-15
4.158730158730159019e+03,5.811742595593608732e-15
4.160317460317460245e+03,5.817707868747405646e-15
4.161904761904761472e+03,5.823670493554301295e-15
4.163492063492063608e+03,5.829630461030258597e-15
4.165079365079364834e+03,5.835587762210913084e-15
4.166666666666666970e+03,5.841542388151551600e-15
4.168253968253968196e+03,5.847494329927120193e-15
4.169841269841269423e+03,5.853443578632198869e-15
4.171428571428571558e+03,5.859390125381067858e-15
4.173015873015872785e+03,5.865333961307646871e-15
4.174603174603174921e+03,5.871275077565510089e-15
4.176190476190476147e+03,5.877213465327890894e-15
4.177777777777777374e+03,5.883149115787707905e-15
4.179365079365079509e+03,5.889082020157543676e-15
4.180952380952380736e+03,5.895012169669615508e-15
4.182539682539682872e+03,5.900939555575853549e-15
4.184126984126984098e+03,5.906864169147814016e-15
4.185714285714285325e+03,5.912786001676716273e-15
4.187301587301587460e+03,5.918705044473484642e-15
4.188888888888888687e+03,5.924621288868686868e-15
4.190476190476190823e+03,5.930534726212549900e-15
4.192063492063492049e+03,5.936445347874987501e-15
4.193650793650793275e+03,5.942353145245559224e-15
4.195238095238095411e+03,5.948258109733506703e-15
4.196825396825396638e+03,5.954160232767705528e-15
4.198412698412697864e+03,5.960059505796748872e-15
4.200000000000000000e+03,5.965955920288840987e-15
4.201587301587301226e+03,5.971849467731865839e-15
4.203174603174603362e+03,5.977740139633392629e-15
4.204761904761904589e+03,5.983627927520606372e-15
4.206349206349206725e+03,5.989512822940388363e-15
4.207936507936507951e+03,5.995394817459253858e-15
4.209523809523809177e+03,6.001273902663366269e-15
4.211111111111111313e+03,6.007150070158576610e-15
4.212698412698412540e+03,6.013023311570364333e-15
4.214285714285713766e+03,6.018893618543851525e-15
4.215873015873015902e+03,6.024760982743829733e-15
4.217460317460317128e+03,6.030625395854707106e-15
4.219047619047619264e+03,6.036486849580575451e-15
4.220634920634920491e+03,6.042345335645102949e-15
4.222222222222222626e+03,6.048200845791671412e-15
4.223809523809523853e+03,6.054053371783249282e-15
4.225396825396825079e+03,6.059902905402434225e-15
4.226984126984127215e+03,6.065749438451499677e-15
4.228571428571428442e+03,6.071592962752278090e-15
4.230158730158729668e+03,6.077433470146283208e-15
4.231746031746031804e+03,6.083270952494622502e-15
4.233333333333333030e+03,6.089105401678007425e-15
4.234920634920635166e+03,6.094936809596791277e-15
4.236507936507936392e+03,6.100765168170924241e-15
4.238095238095238528e+03,6.106590469339960484e-15
4.239682539682539755e+03,6.112412705063044743e-15
4.241269841269840981e+03,6.118231867318933626e-15
4.242857142857143117e+03,6.124047948105982991e-15
4.244444444444444343e+03,6.129860939442115601e-15
4.246031746031745570e+03,6.135670833364860568e-15
4.247619047619047706e+03,6.141477621931331266e-15
4.249206349206348932e+03,6.147281297218185886e-15
4.250793650793651068e+03,6.153081851321676345e-15
4.252380952380952294e+03,6.158879276357619102e-15
4.253968253968254430e+03,6.164673564461399097e-15
4.255555555555555657e+03,6.170464707787940567e-15
4.257142857142856883e+03,6.176252698511734656e-15
4.258730158730159019e+03,6.182037528826802334e-15
4.260317460317460245e+03,6.187819190946717281e-15
4.261904761904761472e+03,6.193597677104608249e-15
4.263492063492063608e+03,6.199372979553092008e-15
4.265079365079364834e+03,6.205145090564330936e-15
4.266666666666666970e+03,6.210914002430024341e-15
4.268253968253968196e+03,6.216679707461357973e-15
4.269841269841269423e+03,6.222442197989020588e-15
4.271428571428571558e+03,6.228201466363224462e-15
4.273015873015872785e+03,6.233957504953678569e-15
4.274603174603174921e+03,6.239710306149548347e-15
4.276190476190476147e+03,6.245459862359506976e-15
4.277777777777777374e+03,6.251206166011705401e-15
4.279365079365079509e+03,6.256949209553758131e-15
4.280952380952380736e+03,6.262688985452720364e-15
4.282539682539682872e+03,6.268425486195146362e-15
4.284126984126984098e+03,6.274158704286986898e-15
4.285714285714285325e+03,6.279888632253691811e-15
4.287301587301587460e+03,6.285615262640093249e-15
4.288888888888888687e+03,6.291338588010490871e-15
4.290476190476190823e+03,6.297058600948566651e-15
4.292063492063492049e+03,6.302775294057455869e-15
4.293650793650793275e+03,6.308488659959674542e-15
4.295238095238095411e+03,6.314198691297128098e-15
4.296825396825396638e+03,6.319905380731141355e-15
4.298412698412697864e+03,6.325608720942390677e-15
4.300000000000000000e+03,6.331308704630961563e-15
4.301587301587301226e+03,6.337005324516265024e-15
4.303174603174603362e+03,6.342698573337091231e-15
4.304761904761904589e+03,6.348388443851581110e-15
4.306349206349206725e+03,6.354074928837224770e-15
4.307936507936507951e+03,6.359758021090816534e-15
4.309523809523809177e+03,6.365437713428521992e-15
4.311111111111111313e+03,6.371113998685783342e-15
4.312698412698412540e+03,6.376786869717365928e-15
4.314285714285713766e+03,6.382456319397318010e-15
4.315873015873015902e+03,6.388122340619010997e-15
4.317460317460317128e+03,6.393784926295073968e-15
4.319047619047619264e+03,6.399444069357412610e-15
4.320634920634920491e+03,6.405099762757183971e-15
4.322222222222222626e+03,6.410751999464826434e-15
4.323809523809523853e+03,6.416400772469998982e-15
4.325396825396825079e+03,6.422046074781613536e-15
4.326984126984127215e+03,6.427687899427782102e-15
4.328571428571428442e+03,6.433326239455854636e-15
4.330158730158729668e+03,6.438961087932389859e-15
4.331746031746031804e+03,6.444592437943136322e-15
4.333333333333333030e+03,6.450220282593011107e-15
4.334920634920635166e+03,6.455844615006129802e-15
4.336507936507936392e+03,6.461465428325785207e-15
4.338095238095238528e+03,6.467082715714400784e-15
4.339682539682539755e+03,6.472696470353544075e-15
4.341269841269840981e+03,6.478306685443959828e-15
4.342857142857143117e+03,6.483913354205481649e-15
4.344444444444444343e+03,6.489516469877047776e-15
4.346031746031745570e+03,6.495116025716735792e-15
4.347619047619047706e+03,6.500712015001715289e-15
4.349206349206348932e+03,6.506304431028214741e-15
4.350793650793651068e+03,6.511893267111541222e-15
4.352380952380952294e+03,6.517478516586082773e-15
4.353968253968254430e+03,6.523060172805251605e-15
4.355555555555555657e+03,6.528638229141523543e-15
4.357142857142856883e+03,6.534212678986393057e-15
4.358730158730159019e+03,6.539783515750363801e-15
4.360317460317460245e+03,6.545350732862966751e-15
4.361904761904761472e+03,6.550914323772699468e-15
4.363492063492063608e+03,6.556474281947072639e-15
4.365079365079364834e+03,6.562030600872528032e-15
4.366666666666666970e+03,6.567583274054526855e-15
4.368253968253968196e+03,6.573132295017418798e-15
4.369841269841269423e+03,6.578677657304524871e-15
4.371428571428571558e+03,6.584219354478100320e-15
4.373015873015872785e+03,6.589757380119256534e-15
4.374603174603174921e+03,6.595291727828066753e-15
4.376190476190476147e+03,6.600822391223464302e-15
4.377777777777777374e+03,6.606349363943256792e-15
4.379365079365079509e+03,6.611872639644139532e-15
4.380952380952380736e+03,6.617392212001632418e-15
4.382539682539682872e+03,6.622908074710115432e-15
4.384126984126984098e+03,6.628420221482756069e-15
4.385714285714285325e+03,6.633928646051593740e-15
4.387301587301587460e+03,6.639433342167434861e-15
4.388888888888888687e+03,6.644934303599867835e-15
4.390476190476190823e+03,6.650431524137278043e-15
4.392063492063492049e+03,6.655924997586808401e-15
4.393650793650793275e+03,6.661414717774339637e-15
4.395238095238095411e+03,6.666900678544519482e-15
4.396825396825396638e+03,6.672382873760661692e-15
4.398412698412697864e+03,6.677861297304850179e-15
4.400000000000000000e+03,6.683335943077851450e-15
4.401587301587301226e+03,6.688806804999082260e-15
4.403174603174603362e+03,6.694273877006690865e-15
4.404761904761904589e+03,6.699737153057418187e-15
4.406349206349206725e+03,6.705196627126697993e-15
4.407936507936507951e+03,6.710652293208553558e-15
4.409523809523809177e+03,6.716104145315667875e-15
4.411111111111111313e+03,6.721552177479303184e-15
4.412698412698412540e+03,6.726996383749290728e-15
4.414285714285713766e+03,6.732436758194080441e-15
4.415873015873015902e+03,6.737873294900657335e-15
4.417460317460317128e+03,6.743305987974551750e-15
4.419047619047619264e+03,6.748734831539830682e-15
4.420634920634920491e+03,6.754159819739078060e-15
4.422222222222222626e+03,6.759580946733384488e-15
4.423809523809523853e+03,6.764998206702344091e-15
4.425396825396825079e+03,6.770411593844000874e-15
4.426984126984127215e+03,6.775821102374879486e-15
4.428571428571428442e+03,6.781226726529927634e-15
4.430158730158729668e+03,6.786628460562567357e-15
4.431746031746031804e+03,6.792026298744596423e-15
4.433333333333333030e+03,6.797420235366228555e-15
4.434920634920635166e+03,6.802810264736079236e-15
4.436507936507936392e+03,6.808196381181125473e-15
4.438095238095238528e+03,6.813578579046686081e-15
4.439682539682539755e+03,6.818956852696454811e-15
4.441269841269840981e+03,6.824331196512437241e-15
4.442857142857143117e+03,6.829701604894945256e-15
4.444444444444444343e+03,6.835068072262605725e-15
4.446031746031745570e+03,6.840430593052317902e-15
4.447619047619047706e+03,6.845789161719232127e-15
4.449206349206348932e+03,6.851143772736782957e-15
4.450793650793651068e+03,6.856494420596621326e-15
4.452380952380952294e+03,6.861841099808625589e-15
4.453968253968253521e+03,6.867183804900877852e-15
4.455555555555555657e+03,6.872522530419646625e-15
4.457142857142856883e+03,6.877857270929385236e-15
4.458730158730159019e+03,6.883188021012681347e-15
4.460317460317460245e+03,6.888514775270305868e-15
4.461904761904761472e+03,6.893837528321108030e-15
4.463492063492063608e+03,6.899156274802078501e-15
4.465079365079364834e+03,6.904471009368316249e-15
4.466666666666666970e+03,6.909781726692960704e-15
4.468253968253968196e+03,6.915088421467224887e-15
4.469841269841269423e+03,6.920391088400390678e-15
4.471428571428571558e+03,6.925689722219746498e-15
4.473015873015872785e+03,6.930984317670611758e-15
4.474603174603174921e+03,6.936274869516301367e-15
4.476190476190476147e+03,6.941561372538098907e-15
4.477777777777777374e+03,6.946843821535247167e-15
4.479365079365079509e+03,6.952122211324967076e-15
4.480952380952380736e+03,6.957396536742393805e-15
4.482539682539682872e+03,6.962666792640573613e-15
4.484126984126984098e+03,6.967932973890457534e-15
4.485714285714285325e+03,6.973195075380888757e-15
4.487301587301587460e+03,6.978453092018555292e-15
4.488888888888888687e+03,6.983707018727986029e-15
4.490476190476190823e+03,6.988956850451597278e-15
4.492063492063492049e+03,6.994202582149543676e-15
4.493650793650793275e+03,6.999444208799831781e-15
4.495238095238095411e+03,7.004681725398233300e-15
4.496825396825396638e+03,7.009915126958266944e-15
4.498412698412697864e+03,7.015144408511237868e-15
4.500000000000000000e+03,7.020369565106136703e-15
4.501587301587301226e+03,7.025590591809675840e-15
4.503174603174603362e+03,7.030807483706289427e-15
4.504761904761904589e+03,7.036020235898067111e-15
4.506349206349206725e+03,7.041228843504750091e-15
4.507936507936507951e+03,7.046433301663727959e-15
4.509523809523809177e+03,7.051633605530043438e-15
4.511111111111111313e+03,7.056829750276307974e-15
4.512698412698412540e+03,7.062021731092738020e-15
4.514285714285713766e+03,7.067209543187117172e-15
4.515873015873015902e+03,7.072393181784787493e-15
4.517460317460317128e+03,7.077572642128642413e-15
4.519047619047619264e+03,7.082747919479067561e-15
4.520634920634920491e+03,7.087919009113969959e-15
4.522222222222222626e+03,7.093085906328708596e-15
4.523809523809523853e+03,7.098248606436163063e-15
4.525396825396825079e+03,7.103407104766594713e-15
4.526984126984127215e+03,7.108561396667746844e-15
4.528571428571428442e+03,7.113711477504749248e-15
4.530158730158729668e+03,7.118857342660131624e-15
4.531746031746031804e+03,7.123998987533782554e-15
4.533333333333333030e+03,7.129136407542959759e-15
4.534920634920635166e+03,7.134269598122274323e-15
4.536507936507936392e+03,7.139398554723632317e-15
4.538095238095238528e+03,7.144523272816247418e-15
4.539682539682539755e+03,7.149643747886628292e-15
4.541269841269840981e+03,7.154759975438518637e-15
4.542857142857143117e+03,7.159871950992949248e-15
4.544444444444444343e+03,7.164979670088151245e-15
4.546031746031745570e+03,7.170083128279565536e-15
4.547619047619047706e+03,7.175182321139841241e-15
4.549206349206348932e+03,7.180277244258782051e-15
4.550793650793651068e+03,7.185367893243352534e-15
4.552380952380952294e+03,7.190454263717635543e-15
4.553968253968254430e+03,7.195536351322855876e-15
4.555555555555555657e+03,7.200614151717318748e-15
4.557142857142856883e+03,7.205687660576397170e-15
4.558730158730159019e+03,7.210756873592571387e-15
4.560317460317460245e+03,7.215821786475282158e-15
4.561904761904761472e+03,7.220882394951049077e-15
4.563492063492063608e+03,7.225938694763394847e-15
4.565079365079364834e+03,7.230990681672786906e-15
4.566666666666666060e+03,7.236038351456691061e-15
4.568253968253968196e+03,7.241081699909506813e-15
4.569841269841270332e+03,7.246120722842543682e-15
4.571428571428571558e+03,7.251155416084049611e-15
4.573015873015872785e+03,7.256185775479121032e-15
4.574603174603174921e+03,7.261211796889751780e-15
4.576190476190476147e+03,7.266233476194757359e-15
4.577777777777777374e+03,7.271250809289819119e-15
4.579365079365079509e+03,7.276263792087391170e-15
4.580952380952380736e+03,7.281272420516736673e-15
4.582539682539681962e+03,7.286276690523883657e-15
4.584126984126984098e+03,7.291276598071590315e-15
4.585714285714285325e+03,7.296272139139400223e-15
4.587301587301587460e+03,7.301263309723509810e-15
4.588888888888888687e+03,7.306250105836856710e-15
4.590476190476190823e+03,7.311232523508999859e-15
4.592063492063492049e+03,7.316210558786195220e-15
4.593650793650793275e+03,7.321184207731297970e-15
4.595238095238095411e+03,7.326153466423800359e-15
4.596825396825396638e+03,7.331118330959784385e-15
4.598412698412697864e+03,7.336078797451877613e-15
4.600000000000000000e+03,7.341034862029308397e-15
4.601587301587301226e+03,7.345986520837782819e-15
4.603174603174603362e+03,7.350933770039580926e-15
4.604761904761904589e+03,7.355876605813432096e-15
4.606349206349206725e+03,7.360815024354549741e-15
4.607936507936507951e+03,7.365749021874610803e-15
4.609523809523809177e+03,7.370678594601694217e-15
4.611111111111111313e+03,7.375603738780344026e-15
4.612698412698412540e+03,7.380524450671438425e-15
4.614285714285713766e+03,7.385440726552287581e-15
4.615873015873015902e+03,7.390352562716515306e-15
4.617460317460317128e+03,7.395259955474065367e-15
4.619047619047619264e+03,7.400162901151255125e-15
4.620634920634920491e+03,7.405061396090613036e-15
4.622222222222222626e+03,7.409955436651001708e-15
4.623809523809523853e+03,7.414845019207510618e-15
4.625396825396825079e+03,7.419730140151440334e-15
4.626984126984127215e+03,7.424610795890354583e-15
4.628571428571428442e+03,7.429486982847935095e-15
4.630158730158729668e+03,7.434358697464099937e-15
4.631746031746031804e+03,7.439225936194875715e-15
4.633333333333333030e+03,7.444088695512440173e-15
4.634920634920635166e+03,7.448946971905062239e-15
4.636507936507936392e+03,7.453800761877079941e-15
4.638095238095238528e+03,7.458650061948947731e-15
4.639682539682539755e+03,7.463494868657115007e-15
4.641269841269840981e+03,7.468335178554093953e-15
4.642857142857143117e+03,7.473170988208386963e-15
4.644444444444444343e+03,7.478002294204447197e-15
4.646031746031745570e+03,7.482829093142755894e-15
4.647619047619047706e+03,7.487651381639664594e-15
4.649206349206348932e+03,7.492469156327522938e-15
4.650793650793651068e+03,7.497282413854509848e-15
4.652380952380952294e+03,7.502091150884725039e-15
4.653968253968254430e+03,7.506895364098108551e-15
4.655555555555555657e+03,7.511695050190432864e-15
4.657142857142856883e+03,7.516490205873320250e-15
4.658730158730159019e+03,7.521280827874124446e-15
4.660317460317460245e+03,7.526066912936061603e-15
4.661904761904761472e+03,7.530848457818019385e-15
4.663492063492063608e+03,7.535625459294665826e-15
4.665079365079364834e+03,7.540397914156360985e-15
4.666666666666666060e+03,7.545165819209164829e-15
4.668253968253968196e+03,7.549929171274794635e-15
4.669841269841270332e+03,7.554687967190615527e-15
4.671428571428571558e+03,7.559442203809631006e-15
4.673015873015872785e+03,7.564191878000440354e-15
4.674603174603174921e+03,7.568936986647237055e-15
4.676190476190476147e+03,7.573677526649763043e-15
4.677777777777777374e+03,7.578413494923308697e-15
4.679365079365079509e+03,7.583144888398692337e-15
4.680952380952380736e+03,7.587871704022216045e-15
4.682539682539681962e+03,7.592593938755676706e-15
4.684126984126984098e+03,7.597311589576310793e-15
4.685714285714285325e+03,7.602024653476803832e-15
4.687301587301587460e+03,7.606733127465236754e-15
4.688888888888888687e+03,7.611437008565092216e-15
4.690476190476190823e+03,7.616136293815254591e-15
4.692063492063492049e+03,7.620830980269880602e-15
4.693650793650793275e+03,7.625521064998542888e-15
4.695238095238095411e+03,7.630206545086040686e-15
4.696825396825396638e+03,7.634887417632538662e-15
4.698412698412697864e+03,7.639563679753393367e-15
4.700000000000000000e+03,7.644235328579241588e-15
4.701587301587301226e+03,7.648902361255927771e-15
4.703174603174603362e+03,7.653564774944496135e-15
4.704761904761904589e+03,7.658222566821168583e-15
4.706349206349206725e+03,7.662875734077309992e-15
4.707936507936507951e+03,7.667524273919464499e-15
4.709523809523809177e+03,7.672168183569221398e-15
4.711111111111111313e+03,7.676807460263311379e-15
4.712698412698412540e+03,7.681442101253511864e-15
4.714285714285713766e+03,7.686072103806632809e-15
4.715873015873015902e+03,7.690697465204548257e-15
4.717460317460317128e+03,7.695318182744117454e-15
4.719047619047619264e+03,7.699934253737142249e-15
4.720634920634920491e+03,7.704545675510460179e-15
4.722222222222222626e+03,7.709152445405759877e-15
4.723809523809523853e+03,7.713754560779745155e-15
4.725396825396825079e+03,7.718352019003917277e-15
4.726984126984127215e+03,7.722944817464721688e-15
4.728571428571428442e+03,7.727532953563412331e-15
4.730158730158729668e+03,7.732116424716075310e-15
4.731746031746031804e+03,7.736695228353632049e-15
4.733333333333333030e+03,7.741269361921743047e-15
4.734920634920635166e+03,7.745838822880886769e-15
4.736507936507936392e+03,7.750403608706228690e-15
4.738095238095238528e+03,7.754963716887715962e-15
4.739682539682539755e+03,7.759519144929916485e-15
4.741269841269840981e+03,7.764069890352110413e-15
4.742857142857143117e+03,7.768615950688263336e-15
4.744444444444444343e+03,7.773157323486909529e-15
4.746031746031745570e+03,7.777694006311240299e-15
4.747619047619047706e+03,7.782225996739010906e-15
4.749206349206348932e+03,7.786753292362556336e-15
4.750793650793650158e+03,7.791275890788729770e-15
4.752380952380952294e+03,7.795793789638913632e-15
4.753968253968254430e+03,7.800306986549022739e-15
4.755555555555555657e+03,7.804815479169390709e-15
4.757142857142856883e+03,7.809319265164867778e-15
4.758730158730159019e+03,7.813818342214694583e-15
4.760317460317460245e+03,7.818312708012502159e-15
4.761904761904761472e+03,7.822802360266373478e-15
4.763492063492063608e+03,7.827287296698701444e-15
4.765079365079364834e+03,7.831767515046259898e-15
4.766666666666666060e+03,7.836243013060118417e-15
4.768253968253968196e+03,7.840713788505664404e-15
4.769841269841270332e+03,7.845179839162543133e-15
4.771428571428571558e+03,7.849641162824657753e-15
4.773015873015872785e+03,7.854097757300180325e-15
4.774603174603174921e+03,7.858549620411425612e-15
4.776190476190476147e+03,7.862996749994974134e-15
4.777777777777777374e+03,7.867439143901498625e-15
4.779365079365079509e+03,7.871876799995882358e-15
4.780952380952380736e+03,7.876309716157050332e-15
4.782539682539681962e+03,7.880737890278101796e-15
4.784126984126984098e+03,7.885161320266098838e-15
4.785714285714285325e+03,7.889580004042022208e-15
4.787301587301587460e+03,7.893993939540509418e-15
4.788888888888888687e+03,7.898403124708792929e-15
4.790476190476190823e+03,7.902807557504224714e-15
4.792063492063492049e+03,7.907207235886638499e-15
4.793650793650793275e+03,7.911602157797795208e-15
4.795238095238095411e+03,7.915992321105750915e-15
4.796825396825396638e+03,7.920377723459435062e-15
4.798412698412697864e+03,7.924758361919037582e-15
4.800000000000000000e+03,7.929134232042902390e-15
4.801587301587301226e+03,7.933505325696317919e-15
4.803174603174603362e+03,7.937871625946085072e-15
4.804761904761904589e+03,7.942233095511273291e-15
4.806349206349206725e+03,7.946589651412443303e-15
4.807936507936507951e+03,7.950941110994475504e-15
4.809523809523809177e+03,7.955287080502144353e-15
4.811111111111111313e+03,7.959626732200706689e-15
4.812698412698412540e+03,7.963958372662874571e-15
4.814285714285713766e+03,7.968278633622336105e-15
4.815873015873015902e+03,7.972581005838522546e-15
4.817460317460317128e+03,7.976853273652581833e-15
4.819047619047619264e+03,7.981073185732744057e-15
4.820634920634920491e+03,7.985201421090584629e-15
4.822222222222222626e+03,7.989170609103100155e-15
4.823809523809523853e+03,7.992868908627529000e-15
4.825396825396825079e+03,7.996116569432200877e-15
4.826984126984127215e+03,7.998634174335486852e-15
4.828571428571428442e+03,8.000002124571985611e-15
4.830158730158729668e+03,7.999612618202414135e-15
4.831746031746031804e+03,7.996618035130977457e-15
4.833333333333333030e+03,7.989883236042025879e-15
4.834920634920635166e+03,7.977953427698449765e-15
4.836507936507936392e+03,7.959053131434699804e-15
4.838095238095238528e+03,7.931134162610212938e-15
4.839682539682539755e+03,7.891989844987328433e-15
4.841269841269840981e+03,7.839447464586077265e-15
4.842857142857143117e+03,7.771640314897127949e-15
4.844444444444444343e+03,7.687344872973880879e-15
4.846031746031745570e+03,7.586349579788885025e-15
4.847619047619047706e+03,7.469803017505181103e-15
4.849206349206348932e+03,7.340475901293141484e-15
4.850793650793650158e+03,7.202868377337507402e-15
4.852380952380952294e+03,7.063105508314634693e-15
4.853968253968254430e+03,6.928590573402760130e-15
4.855555555555555657e+03,6.807425060838630497e-15
4.857142857142856883e+03,6.707649164014338214e-15
4.858730158730159019e+03,6.636397575513137416e-15
4.860317460317460245e+03,6.599092234531145356e-15
4.861904761904761472e+03,6.598798510612801481e-15
4.863492063492063608e+03,6.635850937364670290e-15
4.865079365079364834e+03,6.707811945400123736e-15
4.866666666666666060e+03,6.809770662492301993e-15
4.868253968253968196e+03,6.934930923979776340e-15
4.869841269841270332e+03,7.075390749773235467e-15
4.871428571428571558e+03,7.222989373377860949e-15
4.873015873015872785e+03,7.370096809085663839e-15
4.874603174603174921e+03,7.510243135233648534e-15
4.876190476190476147e+03,7.638523178532848426e-15
4.877777777777777374e+03,7.751757214943497120e-15
4.879365079365079509e+03,7.848429658154716762e-15
4.880952380952380736e+03,7.928457843418458376e-15
4.882539682539681962e+03,7.992858098378744727e-15
4.884126984126984098e+03,8.043376504922925130e-15
4.885714285714285325e+03,8.082140422583880707e-15
4.887301587301587460e+03,8.111368949897975924e-15
4.888888888888888687e+03,8.133161135735146184e-15
4.890476190476190823e+03,8.149363926269462223e-15
4.892063492063492049e+03,8.161509872435277896e-15
4.893650793650793275e+03,8.170808157276987322e-15
4.895238095238095411e+03,8.178170861395673981e-15
4.896825396825396638e+03,8.184258173336385953e-15
4.898412698412697864e+03,8.189529904241893225e-15
4.900000000000000000e+03,8.194294840155303830e-15
4.901587301587301226e+03,8.198753239676593420e-15
4.903174603174603362e+03,8.203030684265199903e-15
4.904761904761904589e+03,8.207203399579758713e-15
4.906349206349206725e+03,8.211316206409241014e-15
4.907936507936507951e+03,8.215394652970729786e-15
4.909523809523809177e+03,8.219452864503749844e-15
4.911111111111111313e+03,8.223498419725981179e-15
4.912698412698412540e+03,8.227535266243451114e-15
4.914285714285713766e+03,8.231565400899469266e-15
4.915873015873015902e+03,8.235589804779727370e-15
4.917460317460317128e+03,8.239608946062508850e-15
4.919047619047619264e+03,8.243623041646228738e-15
4.920634920634920491e+03,8.247632188941695639e-15
4.922222222222222626e+03,8.251636430193132048e-15
4.923809523809523853e+03,8.255635782908952346e-15
4.925396825396825079e+03,8.259630253825627922e-15
4.926984126984127215e+03,8.263619845124655791e-15
4.928571428571428442e+03,8.267604557119551365e-15
4.930158730158729668e+03,8.271584389383420988e-15
4.931746031746031804e+03,8.275559341208410302e-15
4.933333333333333030e+03,8.279529411787842768e-15
4.934920634920635166e+03,8.283494600286085918e-15
4.936507936507936392e+03,8.287454905864875642e-15
4.938095238095238528e+03,8.291410327692679973e-15
4.939682539682539755e+03,8.295360864948157445e-15
4.941269841269840981e+03,8.299306516821228374e-15
4.942857142857143117e+03,8.303247282513475592e-15
4.944444444444444343e+03,8.307183161238218606e-15
4.946031746031745570e+03,8.311114152220559349e-15
4.947619047619047706e+03,8.315040254697342737e-15
4.949206349206348932e+03,8.318961467917191380e-15
4.950793650793650158e+03,8.322877791140388829e-15
4.952380952380952294e+03,8.326789223638967929e-15
4.953968253968254430e+03,8.330695764696598804e-15
4.955555555555555657e+03,8.334597413608639337e-15
4.957142857142856883e+03,8.338494169682064179e-15
4.958730158730159019e+03,8.342386032235417416e-15
4.960317460317460245e+03,8.346273000598911962e-15
4.961904761904761472e+03,8.350155074114227615e-15
4.963492063492063608e+03,8.354032252134689337e-15
4.965079365079364834e+03,8.357904534025024285e-15
4.966666666666666060e+03,8.361771919161576383e-15
4.968253968253968196e+03,8.365634406932064929e-15
4.969841269841269423e+03,8.369491996735721855e-15
4.971428571428571558e+03,8.373344687983192335e-15
4.973015873015872785e+03,8.377192480096492183e-15
4.974603174603174921e+03,8.381035372509104096e-15
4.976190476190476147e+03,8.384873364665782015e-15
4.977777777777777374e+03,8.388706456022712052e-15
4.979365079365079509e+03,8.392534646047315278e-15
4.980952380952380736e+03,8.396357934218359739e-15
4.982539682539681962e+03,8.400176320025879991e-15
4.984126984126984098e+03,8.403989802971155015e-15
4.985714285714285325e+03,8.407798382566686126e-15
4.987301587301587460e+03,8.411602058336214330e-15
4.988888888888888687e+03,8.415400829814636703e-15
4.990476190476190823e+03,8.419194696548028481e-15
4.992063492063492049e+03,8.422983658093575218e-15
4.993650793650793275e+03,8.426767714019650090e-15
4.995238095238095411e+03,8.430546863905637196e-15
4.996825396825396638e+03,8.434321107342083017e-15
4.998412698412697864e+03,8.438090443930514976e-15
5.000000000000000000e+03,8.441854873283536106e-15
5.001587301587301226e+03,8.445614395024749313e-15
5.003174603174603362e+03,8.449369008788694273e-15
5.004761904761904589e+03,8.453118714220984690e-15
5.006349206349206725e+03,8.456863510978055864e-15
5.007936507936507951e+03,8.460603398727372945e-15
5.009523809523809177e+03,8.464338377147192703e-15
5.011111111111111313e+03,8.468068445926751273e-15
5.012698412698412540e+03,8.471793604766066940e-15
5.014285714285713766e+03,8.475513853376028494e-15
5.015873015873015902e+03,8.479229191478306875e-15
5.017460317460317128e+03,8.482939618805389883e-15
5.019047619047619264e+03,8.486645135100526959e-15
5.020634920634920491e+03,8.490345740117677121e-15
5.022222222222222626e+03,8.494041433621595736e-15
5.023809523809523853e+03,8.497732215387657815e-15
5.025396825396825079e+03,8.501418085201970037e-15
5.026984126984127215e+03,8.505099042861285543e-15
5.028571428571428442e+03,8.508775088172975546e-15
5.030158730158729668e+03,8.512446220955057722e-15
5.031746031746031804e+03,8.516112441036112596e-15
5.033333333333333030e+03,8.519773748255274077e-15
5.034920634920635166e+03,8.523430142462302025e-15
5.036507936507936392e+03,8.527081623517383469e-15
5.038095238095238528e+03,8.530728191291298257e-15
5.039682539682539755e+03,8.534369845665223428e-15
5.041269841269840981e+03,8.538006586530886245e-15
5.042857142857143117e+03,8.541638413790387491e-15
5.044444444444444343e+03,8.545265327356242492e-15
5.046031746031745570e+03,8.548887327151434758e-15
5.047619047619047706e+03,8.552504413109223501e-15
5.049206349206348932e+03,8.556116585173307718e-15
5.050793650793650158e+03,8.559723843297647909e-15
5.052380952380952294e+03,8.563326187446573361e-15
5.053968253968254430e+03,8.566923617594651200e-15
5.055555555555555657e+03,8.570516133726738450e-15
5.057142857142856883e+03,8.574103735837922087e-15
5.058730158730159019e+03,8.577686423933539543e-15
5.060317460317460245e+03,8.581264198029082468e-15
5.061904761904761472e+03,8.584837058150286661e-15
5.063492063492063608e+03,8.588405004332955363e-15
5.065079365079364834e+03,8.591968036623132808e-15
5.066666666666666060e+03,8.595526155076875450e-15
5.068253968253968196e+03,8.599079359760417630e-15
5.069841269841269423e+03,8.602627650750004331e-15
5.071428571428571558e+03,8.606171028131957447e-15
5.073015873015872785e+03,8.609709492002630027e-15
5.074603174603174921e+03,8.613243042468351055e-15
5.076190476190476147e+03,8.616771679645493290e-15
5.077777777777777374e+03,8.620295403660309189e-15
5.079365079365079509e+03,8.623814214649088671e-15
5.080952380952380736e+03,8.627328112757958753e-15
5.082539682539681962e+03,8.630837098143006610e-15
5.084126984126984098e+03,8.634341170970156510e-15
5.085714285714285325e+03,8.637840331415199796e-15
5.087301587301587460e+03,8.641334579663771216e-15
5.088888888888888687e+03,8.644823915911318948e-15
5.090476190476190823e+03,8.648308340363084089e-15
5.092063492063492049e+03,8.651787853234047013e-15
5.093650793650793275e+03,8.655262454748996790e-15
5.095238095238095411e+03,8.658732145142401814e-15
5.096825396825396638e+03,8.662196924658449245e-15
5.098412698412697864e+03,8.665656793551021343e-15
5.100000000000000000e+03,8.669111752083660761e-15
5.101587301587301226e+03,8.672561800529548450e-15
5.103174603174603362e+03,8.676006939171505247e-15
5.104761904761904589e+03,8.679447168301909822e-15
5.106349206349206725e+03,8.682882488222775997e-15
5.107936507936507951e+03,8.686312899245620209e-15
5.109523809523809177e+03,8.689738401691553024e-15
5.111111111111111313e+03,8.693158995891146602e-15
5.112698412698412540e+03,8.696574682184518325e-15
5.114285714285713766e+03,8.699985460921221924e-15
5.115873015873015902e+03,8.703391332460253800e-15
5.117460317460317128e+03,8.706792297170111390e-15
5.119047619047619264e+03,8.710188355428603848e-15
5.120634920634920491e+03,8.713579507623024013e-15
5.122222222222222626e+03,8.716965754149948040e-15
5.123809523809523853e+03,8.720347095415386859e-15
5.125396825396825079e+03,8.723723531834588963e-15
5.126984126984127215e+03,8.727095063832188709e-15
5.128571428571428442e+03,8.730461691842039087e-15
5.130158730158729668e+03,8.733823416307287441e-15
5.131746031746031804e+03,8.737180237680331302e-15
5.133333333333333030e+03,8.740532156422774207e-15
5.134920634920635166e+03,8.743879173005420965e-15
5.136507936507936392e+03,8.747221287908276082e-15
5.138095238095238528e+03,8.750558501620458564e-15
5.139682539682539755e+03,8.753890814640266599e-15
5.141269841269840981e+03,8.757218227475104990e-15
5.142857142857143117e+03,8.760540740641464635e-15
5.144444444444444343e+03,8.763858354664922537e-15
5.146031746031745570e+03,8.767171070080110240e-15
5.147619047619047706e+03,8.770478887430704370e-15
5.149206349206348932e+03,8.773781807269335122e-15
5.150793650793650158e+03,8.777079830157715638e-15
5.152380952380952294e+03,8.780372956666452676e-15
5.153968253968254430e+03,8.783661187375169676e-15
5.155555555555555657e+03,8.786944522872342671e-15
5.157142857142856883e+03,8.790222963755451758e-15
5.158730158730159019e+03,8.793496510630780717e-15
5.160317460317460245e+03,8.796765164113527459e-15
5.161904761904761472e+03,8.800028924827731447e-15
5.163492063492063608e+03,8.803287793406237409e-15
5.165079365079364834e+03,8.806541770490741094e-15
5.166666666666666060e+03,8.809790856731664629e-15
5.168253968253968196e+03,8.813035052788270115e-15
5.169841269841269423e+03,8.816274359328482927e-15
5.171428571428571558e+03,8.819508777029008459e-15
5.173015873015872785e+03,8.822738306575246931e-15
5.174603174603174921e+03,8.825962948661264988e-15
5.176190476190476147e+03,8.829182703989808324e-15
5.177777777777777374e+03,8.832397573272263815e-15
5.179365079365079509e+03,8.835607557228624808e-15
5.180952380952380736e+03,8.838812656587516369e-15
5.182539682539681962e+03,8.842012872086091147e-15
5.184126984126984098e+03,8.845208204470150864e-15
5.185714285714285325e+03,8.848398654493941210e-15
5.187301587301587460e+03,8.851584222920293834e-15
5.188888888888888687e+03,8.854764910520519064e-15
5.190476190476190823e+03,8.857940718074386973e-15
5.192063492063492049e+03,8.861111646370177865e-15
5.193650793650793275e+03,8.864277696204554478e-15
5.195238095238095411e+03,8.867438868382656652e-15
5.196825396825396638e+03,8.870595163717951441e-15
5.198412698412697864e+03,8.873746583032370377e-15
5.200000000000000000e+03,8.876893127156126455e-15
5.201587301587301226e+03,8.880034796927807215e-15
5.203174603174603362e+03,8.883171593194330570e-15
5.204761904761904589e+03,8.886303516810883272e-15
5.206349206349206725e+03,8.889430568640950891e-15
5.207936507936507951e+03,8.892552749556254703e-15
5.209523809523809177e+03,8.895670060436800603e-15
5.211111111111111313e+03,8.898782502170749728e-15
5.212698412698412540e+03,8.901890075654502081e-15
5.214285714285713766e+03,8.904992781792634995e-15
5.215873015873015902e+03,8.908090621497863693e-15
5.217460317460317128e+03,8.911183595691058641e-15
5.219047619047619264e+03,8.914271705301212419e-15
5.220634920634920491e+03,8.917354951265379764e-15
5.222222222222222626e+03,8.920433334528753301e-15
5.223809523809523853e+03,8.923506856044527862e-15
5.225396825396825079e+03,8.926575516773974637e-15
5.226984126984127215e+03,8.929639317686346508e-15
5.228571428571428442e+03,8.932698259758950631e-15
5.230158730158729668e+03,8.935752343977014321e-15
5.231746031746031804e+03,8.938801571333776568e-15
5.233333333333333030e+03,8.941845942830374436e-15
5.234920634920634257e+03,8.944885459475860419e-15
5.236507936507936392e+03,8.947920122287259238e-15
5.238095238095238528e+03,8.950949932289372209e-15
5.239682539682539755e+03,8.953974890514966561e-15
5.241269841269840981e+03,8.956994998004552984e-15
5.242857142857143117e+03,8.960010255806530776e-15
5.244444444444444343e+03,8.963020664977078982e-15
5.246031746031745570e+03,8.966026226580164282e-15
5.247619047619047706e+03,8.969026941687507858e-15
5.249206349206348932e+03,8.972022811378572774e-15
5.250793650793650158e+03,8.975013836740567128e-15
5.252380952380952294e+03,8.978000018868388836e-15
5.253968253968254430e+03,8.980981358864594076e-15
5.255555555555555657e+03,8.983957857839469863e-15
5.257142857142856883e+03,8.986929516910877852e-15
5.258730158730159019e+03,8.989896337204349006e-15
5.260317460317460245e+03,8.992858319853028372e-15
5.261904761904761472e+03,8.995815465997599354e-15
5.263492063492063608e+03,8.998767776786383106e-15
5.265079365079364834e+03,9.001715253375166560e-15
5.266666666666666060e+03,9.004657896927361781e-15
5.268253968253968196e+03,9.007595708613800855e-15
5.269841269841269423e+03,9.010528689612893671e-15
5.271428571428571558e+03,9.013456841110440164e-15
5.273015873015872785e+03,9.016380164299747069e-15
5.274603174603174921e+03,9.019298660381530104e-15
5.276190476190476147e+03,9.022212330563931323e-15
5.277777777777777374e+03,9.025121176062487562e-15
5.279365079365079509e+03,9.028025198100102041e-15
5.280952380952380736e+03,9.030924397907052251e-15
5.282539682539681962e+03,9.033818776720912645e-15
5.284126984126984098e+03,9.036708335786658773e-15
5.285714285714285325e+03,9.039593076356463747e-15
5.287301587301587460e+03,9.042472999689849710e-15
5.288888888888888687e+03,9.045348107053582127e-15
5.290476190476190823e+03,9.048218399721680824e-15
5.292063492063492049e+03,9.051083878975360043e-15
5.293650793650793275e+03,9.053944546103069454e-15
5.295238095238095411e+03,9.056800402400408965e-15
5.296825396825396638e+03,9.059651449170202871e-15
5.298412698412697864e+03,9.062497687722354706e-15
5.300000000000000000e+03,9.065339119373971880e-15
5.301587301587301226e+03,9.068175745449177934e-15
5.303174603174603362e+03,9.071007567279301861e-15
5.304761904761904589e+03,9.073834586202649344e-15
5.306349206349206725e+03,9.076656803564608458e-15
5.307936507936507951e+03,9.079474220717646513e-15
5.309523809523809177e+03,9.082286839021160177e-15
5.311111111111111313e+03,9.085094659841655329e-15
5.312698412698412540e+03,9.087897684552499364e-15
5.314285714285713766e+03,9.090695914534124712e-15
5.315873015873015902e+03,9.093489351173836361e-15
5.317460317460317128e+03,9.096277995865881275e-15
5.319047619047619264e+03,9.099061850011419992e-15
5.320634920634920491e+03,9.101840915018498232e-15
5.322222222222222626e+03,9.104615192302018493e-15
5.323809523809523853e+03,9.107384683283754249e-15
5.325396825396825079e+03,9.110149389392260026e-15
5.326984126984127215e+03,9.112909312062972369e-15
5.328571428571428442e+03,9.115664452738064698e-15
5.330158730158729668e+03,9.118414812866502524e-15
5.331746031746031804e+03,9.121160393904027673e-15
5.333333333333333030e+03,9.123901197313099911e-15
5.334920634920634257e+03,9.126637224562893788e-15
5.336507936507936392e+03,9.129368477129303371e-15
5.338095238095238528e+03,9.132094956494904380e-15
5.339682539682539755e+03,9.134816664148900541e-15
5.341269841269840981e+03,9.137533601587210368e-15
5.342857142857143117e+03,9.140245770312315695e-15
5.344444444444444343e+03,9.142953171833353189e-15
5.346031746031745570e+03,9.145655807666022837e-15
5.347619047619047706e+03,9.148353679332613194e-15
5.349206349206348932e+03,9.151046788361960361e-15
5.350793650793650158e+03,9.153735136289449560e-15
5.352380952380952294e+03,9.156418724656980429e-15
5.353968253968254430e+03,9.159097555012929152e-15
5.355555555555555657e+03,9.161771628912211570e-15
5.357142857142856883e+03,9.164440947916145922e-15
5.358730158730159019e+03,9.167105513592533302e-15
5.360317460317460245e+03,9.169765327515599289e-15
5.361904761904761472e+03,9.172420391265979745e-15
5.363492063492063608e+03,9.175070706430701886e-15
5.365079365079364834e+03,9.177716274603166920e-15
5.366666666666666060e+03,9.180357097383124809e-15
5.368253968253968196e+03,9.182993176376699513e-15
5.369841269841269423e+03,9.185624513196265923e-15
5.371428571428571558e+03,9.188251109460596594e-15
5.373015873015872785e+03,9.190872966794675570e-15
5.374603174603174921e+03,9.193490086829782008e-15
5.376190476190476147e+03,9.196102471203453883e-15
5.377777777777777374e+03,9.198710121559431198e-15
5.379365079365079509e+03,9.201313039547711201e-15
5.380952380952380736e+03,9.203911226824442673e-15
5.382539682539681962e+03,9.206504685052012712e-15
5.384126984126984098e+03,9.209093415898890531e-15
5.385714285714285325e+03,9.211677421039769457e-15
5.387301587301587460e+03,9.214256702155413887e-15
5.388888888888888687e+03,9.216831260932716095e-15
5.390476190476190823e+03,9.219401099064666246e-15
5.392063492063492049e+03,9.221966218250317690e-15
5.393650793650793275e+03,9.224526620194783807e-15
5.395238095238095411e+03,9.227082306609219076e-15
5.396825396825396638e+03,9.229633279210792249e-15
5.398412698412697864e+03,9.232179539722692664e-15
5.400000000000000000e+03,9.234721089874065561e-15
5.401587301587301226e+03,9.237257931400051521e-15
5.403174603174603362e+03,9.239790066041724938e-15
5.404761904761904589e+03,9.242317495546111373e-15
5.406349206349206725e+03,9.244840221666146531e-15
5.407936507936507951e+03,9.247358246160663642e-15
5.409523809523809177e+03,9.249871570794385572e-15
5.411111111111111313e+03,9.252380197337866448e-15
5.412698412698412540e+03,9.254884127567568962e-15
5.414285714285713766e+03,9.257383363265717648e-15
5.415873015873015902e+03,9.259877906220423520e-15
5.417460317460317128e+03,9.262367758225510523e-15
5.419047619047619264e+03,9.264852921080665416e-15
5.420634920634920491e+03,9.267333396591281577e-15
5.422222222222222626e+03,9.269809186568488981e-15
5.423809523809523853e+03,9.272280292829218886e-15
5.425396825396825079e+03,9.274746717196003463e-15
5.426984126984127215e+03,9.277208461497185632e-15
5.428571428571428442e+03,9.279665527566687138e-15
5.430158730158729668e+03,9.282117917244133189e-15
5.431746031746031804e+03,9.284565632374806703e-15
5.433333333333333030e+03,9.287008674809578892e-15
5.434920634920634257e+03,9.289447046404950276e-15
5.436507936507936392e+03,9.291880749023014400e-15
5.438095238095238528e+03,9.294309784531432589e-15
5.439682539682539755e+03,9.296734154803444993e-15
5.441269841269840981e+03,9.299153861717768035e-15
5.442857142857143117e+03,9.301568907158747446e-15
5.444444444444444343e+03,9.303979293016142125e-15
5.446031746031745570e+03,9.306385021185237728e-15
5.447619047619047706e+03,9.308786093566819849e-15
5.449206349206348932e+03,9.311182512067077780e-15
5.450793650793650158e+03,9.313574278597702329e-15
5.452380952380952294e+03,9.315961395075729626e-15
5.453968253968253521e+03,9.318343863423700472e-15
5.455555555555555657e+03,9.320721685569461544e-15
5.457142857142856883e+03,9.323094863446290042e-15
5.458730158730159019e+03,9.325463398992778507e-15
5.460317460317460245e+03,9.327827294152901091e-15
5.461904761904761472e+03,9.330186550875922046e-15
5.463492063492063608e+03,9.332541171116430438e-15
5.465079365079364834e+03,9.334891156834318051e-15
5.466666666666666060e+03,9.337236509994721021e-15
5.468253968253968196e+03,9.339577232568065584e-15
5.469841269841269423e+03,9.341913326529982877e-15
5.471428571428571558e+03,9.344244793861402032e-15
5.473015873015872785e+03,9.346571636548371885e-15
5.474603174603174921e+03,9.348893856582184042e-15
5.476190476190476147e+03,9.351211455959314504e-15
5.477777777777777374e+03,9.353524436681376332e-15
5.479365079365079509e+03,9.355832800755132273e-15
5.480952380952380736e+03,9.358136550192486870e-15
5.482539682539681962e+03,9.360435687010424927e-15
5.484126984126984098e+03,9.362730213231093558e-15
5.485714285714285325e+03,9.365020130881619163e-15
5.487301587301587460e+03,9.367305441994306227e-15
5.488888888888888687e+03,9.369586148606397505e-15
5.490476190476190823e+03,9.371862252760250725e-15
5.492063492063492049e+03,9.374133756503204482e-15
5.493650793650793275e+03,9.376400661887573507e-15
5.495238095238095411e+03,9.378662970970713352e-15
5.496825396825396638e+03,9.380920685814881550e-15
5.498412698412697864e+03,9.383173808487352791e-15
5.500000000000000000e+03,9.385422341060281655e-15
5.501587301587301226e+03,9.387666285610778350e-15
5.503174603174603362e+03,9.389905644220836132e-15
5.504761904761904589e+03,9.392140418977332881e-15
5.506349206349206725e+03,9.394370611972046886e-15
5.507936507936507951e+03,9.396596225301588993e-15
5.509523809523809177e+03,9.398817261067413656e-15
5.511111111111111313e+03,9.401033721375790537e-15
5.512698412698412540e+03,9.403245608337825015e-15
5.514285714285713766e+03,9.405452924069399808e-15
5.515873015873015902e+03,9.407655670691151313e-15
5.517460317460317128e+03,9.409853850328524822e-15
5.519047619047619264e+03,9.412047465111671970e-15
5.520634920634920491e+03,9.414236517175496493e-15
5.522222222222222626e+03,9.416421008659619511e-15
5.523809523809523853e+03,9.418600941708322738e-15
5.525396825396825079e+03,9.420776318470632096e-15
5.526984126984127215e+03,9.422947141100183610e-15
5.528571428571428442e+03,9.425113411755318072e-15
5.530158730158729668e+03,9.427275132598951666e-15
5.531746031746031804e+03,9.429432305798705344e-15
5.533333333333333030e+03,9.431584933526717074e-15
5.534920634920634257e+03,9.433733017959772795e-15
5.536507936507936392e+03,9.435876561279210170e-15
5.538095238095238528e+03,9.438015565670937525e-15
5.539682539682539755e+03,9.440150033325416489e-15
5.541269841269840981e+03,9.442279966437600467e-15
5.542857142857143117e+03,9.444405367206997745e-15
5.544444444444444343e+03,9.446526237837594184e-15
5.546031746031745570e+03,9.448642580537867421e-15
5.547619047619047706e+03,9.450754397520753731e-15
5.549206349206348932e+03,9.452861691003655924e-15
5.550793650793650158e+03,9.454964463208399159e-15
5.552380952380952294e+03,9.457062716361240421e-15
5.553968253968254430e+03,9.459156452692848001e-15
5.555555555555555657e+03,9.461245674438271526e-15
5.557142857142856883e+03,9.463330383836937221e-15
5.558730158730159019e+03,9.465410583132655803e-15
5.560317460317460245e+03,9.467486274573540433e-15
5.561904761904761472e+03,9.469557460412102963e-15
5.563492063492063608e+03,9.471624142905110360e-15
5.565079365079364834e+03,9.473686324313650970e-15
5.566666666666666060e+03,9.475744006903123476e-15
5.568253968253968196e+03,9.477797192943153278e-15
5.569841269841270332e+03,9.479845884707687156e-15
5.571428571428570649e+03,9.481890084474833918e-15
5.573015873015872785e+03,9.483929794527017444e-15
5.574603174603174921e+03,9.485965017150793666e-15
5.576190476190476147e+03,9.487995754636970477e-15
5.577777777777777374e+03,9.490022009280516222e-15
5.579365079365079509e+03,9.492043783380583363e-15
5.580952380952380736e+03,9.494061079240457995e-15
5.582539682539681962e+03,9.496073899167578777e-15
5.584126984126984098e+03,9.498082245473510109e-15
5.585714285714286234e+03,9.500086120473918468e-15
5.587301587301586551e+03,9.502085526488558209e-15
5.588888888888888687e+03,9.504080465841284186e-15
5.590476190476190823e+03,9.506070940860009153e-15
5.592063492063492049e+03,9.508056953876686409e-15
5.593650793650793275e+03,9.510038507227317688e-15
5.595238095238095411e+03,9.512015603251935803e-15
5.596825396825396638e+03,9.513988244294565204e-15
5.598412698412697864e+03,9.515956432703207776e-15
5.600000000000000000e+03,9.517920170829891751e-15
5.601587301587302136e+03,9.519879461030562845e-15
5.603174603174602453e+03,9.521834305665166297e-15
5.604761904761904589e+03,9.523784707097511188e-15
5.606349206349206725e+03,9.525730667695414013e-15
5.607936507936507951e+03,9.527672189830528285e-15
5.609523809523809177e+03,9.529609275878423422e-15
5.611111111111111313e+03,9.531541928218573707e-15
5.612698412698412540e+03,9.533470149234257305e-15
5.614285714285713766e+03,9.535393941312682491e-15
5.615873015873015902e+03,9.537313306844812515e-15
5.617460317460317128e+03,9.539228248225502868e-15
5.619047619047618355e+03,9.541138767853367173e-15
5.620634920634920491e+03,9.543044868130826098e-15
5.622222222222222626e+03,9.544946551464075796e-15
5.623809523809523853e+03,9.546843820263105266e-15
5.625396825396825079e+03,9.548736676941617464e-15
5.626984126984127215e+03,9.550625123917079788e-15
5.628571428571428442e+03,9.552509163610645197e-15
5.630158730158729668e+03,9.554388798447232670e-15
5.631746031746031804e+03,9.556264030855389947e-15
5.633333333333333030e+03,9.558134863267427634e-15
5.634920634920634257e+03,9.560001298119231455e-15
5.636507936507936392e+03,9.561863337850407402e-15
5.638095238095238528e+03,9.563720984904176027e-15
5.639682539682539755e+03,9.565574241727372445e-15
5.641269841269840981e+03,9.567423110770479460e-15
5.642857142857143117e+03,9.569267594487529753e-15
5.644444444444444343e+03,9.571107695336192654e-15
5.646031746031745570e+03,9.572943415777654232e-15
5.647619047619047706e+03,9.574774758276715120e-15
5.649206349206348932e+03,9.576601725301643781e-15
5.650793650793650158e+03,9.578424319324329551e-15
5.652380952380952294e+03,9.580242542820096467e-15
5.653968253968254430e+03,9.582056398267802660e-15
5.655555555555555657e+03,9.583865888149815118e-15
5.657142857142856883e+03,9.585671014951930793e-15
5.658730158730159019e+03,9.587471781163460226e-15
5.660317460317460245e+03,9.589268189277117102e-15
5.661904761904761472e+03,9.591060241789052962e-15
5.663492063492063608e+03,9.592847941198871405e-15
5.665079365079364834e+03,9.594631290009557084e-15
5.666666666666666060e+03,9.596410290727493067e-15
5.668253968253968196e+03,9.598184945862454524e-15
5.669841269841270332e+03,9.599955257927561394e-15
5.671428571428570649e+03,9.601721229439314674e-15
5.673015873015872785e+03,9.603482862917514380e-15
5.674603174603174921e+03,9.605240160885347892e-15
5.676190476190476147e+03,9.606993125869238502e-15
5.677777777777777374e+03,9.608741760398990557e-15
5.679365079365079509e+03,9.610486067007642734e-15
5.680952380952380736e+03,9.612226048231494863e-15
5.682539682539681962e+03,9.613961706610178920e-15
5.684126984126984098e+03,9.615693044686482325e-15
5.685714285714286234e+03,9.617420065006521493e-15
5.687301587301586551e+03,9.619142770119535148e-15
5.688888888888888687e+03,9.620861162578065766e-15
5.690476190476190823e+03,9.622575244937768665e-15
5.692063492063492049e+03,9.624285019757520874e-15
5.693650793650793275e+03,9.625990489599384840e-15
5.695238095238095411e+03,9.627691657028534279e-15
5.696825396825396638e+03,9.629388524613314126e-15
5.698412698412697864e+03,9.631081094925196364e-15
5.700000000000000000e+03,9.632769370538759507e-15
5.701587301587302136e+03,9.634453354031696492e-15
5.703174603174602453e+03,9.636133047984787860e-15
5.704761904761904589e+03,9.637808454981878086e-15
5.706349206349206725e+03,9.639479577609891357e-15
5.707936507936507951e+03,9.641146418458801600e-15
5.709523809523809177e+03,9.642808980121626162e-15
5.711111111111111313e+03,9.644467265194398999e-15
5.712698412698412540e+03,9.646121276276180135e-15
5.714285714285713766e+03,9.647771015969000445e-15
5.715873015873015902e+03,9.649416486877934228e-15
5.717460317460317128e+03,9.651057691610961947e-15
5.719047619047618355e+03,9.652694632779090138e-15
5.720634920634920491e+03,9.654327312996222031e-15
5.722222222222222626e+03,9.655955734879256951e-15
5.723809523809523853e+03,9.657579901047962522e-15
5.725396825396825079e+03,9.659199814125039350e-15
5.726984126984127215e+03,9.660815476736117875e-15
5.728571428571428442e+03,9.662426891509640033e-15
5.730158730158729668e+03,9.664034061077029656e-15
5.731746031746031804e+03,9.665636988072457391e-15
5.733333333333333030e+03,9.667235675133034756e-15
5.734920634920634257e+03,9.668830124898661104e-15
5.736507936507936392e+03,9.670420340012070955e-15
5.738095238095238528e+03,9.672006323118822951e-15
5.739682539682539755e+03,9.673588076867265146e-15
5.741269841269840981e+03,9.675165603908535005e-15
5.742857142857143117e+03,9.676738906896548363e-15
5.744444444444444343e+03,9.678307988487956824e-15
5.746031746031745570e+03,9.679872851342218757e-15
5.747619047619047706e+03,9.681433498121471506e-15
5.749206349206348932e+03,9.682989931490635514e-15
5.750793650793650158e+03,9.684542154117272331e-15
5.752380952380952294e+03,9.686090168671736075e-15
5.753968253968254430e+03,9.687633977826984104e-15
5.755555555555555657e+03,9.689173584258695347e-15
5.757142857142856883e+03,9.690708990645210350e-15
5.758730158730159019e+03,9.692240199667517075e-15
5.760317460317460245e+03,9.693767214009260368e-15
5.761904761904761472e+03,9.695290036356666228e-15
5.763492063492063608e+03,9.696808669398649092e-15
5.765079365079364834e+03,9.698323115826658797e-15
5.766666666666666060e+03,9.699833378334794172e-15
5.768253968253968196e+03,9.701339459619683138e-15
5.769841269841270332e+03,9.702841362380567897e-15
5.771428571428570649e+03,9.704339089319218164e-15
5.773015873015872785e+03,9.705832643139972185e-15
5.774603174603174921e+03,9.707322026549670472e-15
5.776190476190476147e+03,9.708807242257690513e-15
5.777777777777777374e+03,9.710288292975934153e-15
5.779365079365079509e+03,9.711765181418780258e-15
5.780952380952380736e+03,9.713237910303098918e-15
5.782539682539681962e+03,9.714706482348229357e-15
5.784126984126984098e+03,9.716170900276005179e-15
5.785714285714286234e+03,9.717631166810640767e-15
5.787301587301586551e+03,9.719087284678871706e-15
5.788888888888888687e+03,9.720539256609782809e-15
5.790476190476190823e+03,9.721987085334950109e-15
5.792063492063492049e+03,9.723430773588283092e-15
5.793650793650793275e+03,9.724870324106152489e-15
5.795238095238095411e+03,9.726305739627245128e-15
5.796825396825396638e+03,9.727737022892641238e-15
5.798412698412697864e+03,9.729164176645795524e-15
5.800000000000000000e+03,9.730587203632492981e-15
5.801587301587302136e+03,9.732006106600859946e-15
5.803174603174602453e+03,9.733420888301308875e-15
5.804761904761904589e+03,9.734831551486633005e-15
5.806349206349206725e+03,9.736238098911862784e-15
5.807936507936507951e+03,9.737640533334351066e-15
5.809523809523809177e+03,9.739038857513713156e-15
5.811111111111111313e+03,9.740433074211834704e-15
5.812698412698412540e+03,9.741823186192859077e-15
5.814285714285713766e+03,9.743209196223165276e-15
5.815873015873015902e+03,9.744591107071375822e-15
5.817460317460317128e+03,9.745968921508325201e-15
5.819047619047618355e+03,9.747342642307039355e-15
5.820634920634920491e+03,9.748712272242775125e-15
5.822222222222222626e+03,9.750077814092963452e-15
5.823809523809523853e+03,9.751439270637199913e-15
5.825396825396825079e+03,9.752796644657260493e-15
5.826984126984127215e+03,9.754149938937047951e-15
5.828571428571428442e+03,9.755499156262648609e-15
5.830158730158729668e+03,9.756844299422232960e-15
5.831746031746031804e+03,9.758185371206147177e-15
5.833333333333333030e+03,9.759522374406771116e-15
5.834920634920634257e+03,9.760855311818655578e-15
5.836507936507936392e+03,9.762184186238394512e-15
5.838095238095238528e+03,9.763509000464686550e-15
5.839682539682539755e+03,9.764829757298252964e-15
5.841269841269840981e+03,9.766146459541903927e-15
5.842857142857143117e+03,9.767459110000478565e-15
5.844444444444444343e+03,9.768767711480863885e-15
5.846031746031745570e+03,9.770072266791953756e-15
5.847619047619047706e+03,9.771372778744633134e-15
5.849206349206348932e+03,9.772669250151823812e-15
5.850793650793650158e+03,9.773961683828408691e-15
5.852380952380952294e+03,9.775250082591260182e-15
5.853968253968254430e+03,9.776534449259218111e-15
5.855555555555554747e+03,9.777814786653075527e-15
5.857142857142856883e+03,9.779091097595564497e-15
5.858730158730159019e+03,9.780363384911373464e-15
5.860317460317460245e+03,9.781631651427063627e-15
5.861904761904761472e+03,9.782895899971182536e-15
5.863492063492063608e+03,9.784156133374104743e-15
5.865079365079364834e+03,9.785412354468172219e-15
5.866666666666666060e+03,9.786664566087525540e-15
5.868253968253968196e+03,9.787912771068266387e-15
5.869841269841270332e+03,9.789156972248276113e-15
5.871428571428570649e+03,9.790397172467318292e-15
5.873015873015872785e+03,9.791633374567016633e-15
5.874603174603174921e+03,9.792865581390769783e-15
5.876190476190476147e+03,9.794093795783863341e-15
5.877777777777777374e+03,9.795318020593318404e-15
5.879365079365079509e+03,9.796538258668027244e-15
5.880952380952380736e+03,9.797754512858595540e-15
5.882539682539681962e+03,9.798966786017444929e-15
5.884126984126984098e+03,9.800175080998773563e-15
5.885714285714286234e+03,9.801379400658496155e-15
5.887301587301586551e+03,9.802579747854307087e-15
5.888888888888888687e+03,9.803776125445639392e-15
5.890476190476190823e+03,9.804968536293579555e-15
5.892063492063492049e+03,9.806156983261048952e-15
5.893650793650793275e+03,9.807341469212557724e-15
5.895238095238095411e+03,9.808521997014379905e-15
5.896825396825396638e+03,9.809698569534444560e-15
5.898412698412697864e+03,9.810871189642361026e-15
5.900000000000000000e+03,9.812039860209404717e-15
5.901587301587302136e+03,9.813204584108487142e-15
5.903174603174602453e+03,9.814365364214190619e-15
5.904761904761904589e+03,9.815522203402703586e-15
5.906349206349206725e+03,9.816675104551864777e-15
5.907936507936507951e+03,9.817824070541082762e-15
5.909523809523809177e+03,9.818969104251432183e-15
5.911111111111111313e+03,9.820110208565508607e-15
5.912698412698412540e+03,9.821247386367535808e-15
5.914285714285713766e+03,9.822380640543296351e-15
5.915873015873015902e+03,9.823509973980145789e-15
5.917460317460317128e+03,9.824635389566977955e-15
5.919047619047618355e+03,9.825756890194220226e-15
5.920634920634920491e+03,9.826874478753877700e-15
5.922222222222222626e+03,9.827988158139410138e-15
5.923809523809523853e+03,9.829097931245856596e-15
5.925396825396825079e+03,9.830203800969724994e-15
5.926984126984127215e+03,9.831305770209003150e-15
5.928571428571428442e+03,9.832403841863202965e-15
5.930158730158729668e+03,9.833498018833284686e-15
5.931746031746031804e+03,9.834588304021656912e-15
5.933333333333333030e+03,9.835674700332236540e-15
5.934920634920634257e+03,9.836757210670295734e-15
5.936507936507936392e+03,9.837835837942655977e-15
5.938095238095238528e+03,9.838910585057459308e-15
5.939682539682539755e+03,9.839981454924311890e-15
5.941269841269840981e+03,9.841048450454246148e-15
5.942857142857143117e+03,9.842111574559629259e-15
5.944444444444444343e+03,9.843170830154295681e-15
5.946031746031745570e+03,9.844226220153360983e-15
5.947619047619047706e+03,9.845277747473396969e-15
5.949206349206348932e+03,9.846325415032261290e-15
5.950793650793650158e+03,9.847369225749234699e-15
5.952380952380952294e+03,9.848409182544866438e-15
5.953968253968254430e+03,9.849445288341075212e-15
5.955555555555554747e+03,9.850477546061095546e-15
5.957142857142856883e+03,9.851505958629449386e-15
5.958730158730159019e+03,9.852530528971983963e-15
5.960317460317460245e+03,9.853551260015840243e-15
5.961904761904761472e+03,9.854568154689415055e-15
5.963492063492063608e+03,9.855581215922421050e-15
5.965079365079364834e+03,9.856590446645785725e-15
5.966666666666666060e+03,9.857595849791714530e-15
5.968253968253968196e+03,9.858597428293662472e-15
5.969841269841270332e+03,9.859595185086318337e-15
5.971428571428570649e+03,9.860589123105585755e-15
5.973015873015872785e+03,9.861579245288611602e-15
5.974603174603174921e+03,9.862565554573719735e-15
5.976190476190476147e+03,9.863548053900436233e-15
5.977777777777777374e+03,9.864526746209516222e-15
5.979365079365079509e+03,9.865501634442836588e-15
5.980952380952380736e+03,9.866472721543498529e-15
5.982539682539681962e+03,9.867440010455713958e-15
5.984126984126984098e+03,9.868403504124912791e-15
5.985714285714286234e+03,9.869363205497623038e-15
5.987301587301586551e+03,9.870319117521486579e-15
5.988888888888888687e+03,9.871271243145331744e-15
5.990476190476190823e+03,9.872219585319059710e-15
5.992063492063492049e+03,9.873164146993713927e-15
5.993650793650793275e+03,9.874104931121390185e-15
5.995238095238095411e+03,9.875041940655328123e-15
5.996825396825396638e+03,9.875975178549802363e-15
5.998412698412697864e+03,9.876904647760191936e-15
6.000000000000000000e+03,9.877830351242914010e-15
6.001587301587301226e+03,9.878752291955461763e-15
6.003174603174602453e+03,9.879670472856364933e-15
6.004761904761904589e+03,9.880584896905191401e-15
6.006349206349206725e+03,9.881495567062518789e-15
6.007936507936507951e+03,9.882402486289991260e-15
6.009523809523809177e+03,9.883305657550202765e-15
6.011111111111111313e+03,9.884205083806790128e-15
6.012698412698412540e+03,9.885100768024382561e-15
6.014285714285713766e+03,9.885992713168566954e-15
6.015873015873015902e+03,9.886880922205930470e-15
6.017460317460317128e+03,9.887765398104005332e-15
6.019047619047618355e+03,9.888646143831324033e-15
6.020634920634920491e+03,9.889523162357297861e-15
6.022222222222222626e+03,9.890396456652360466e-15
6.023809523809523853e+03,9.891266029687800624e-15
6.025396825396825079e+03,9.892131884435901076e-15
6.026984126984127215e+03,9.892994023869810731e-15
6.028571428571428442e+03,9.893852450963585689e-15
6.030158730158729668e+03,9.894707168692217639e-15
6.031746031746031804e+03,9.895558180031556550e-15
6.033333333333333030e+03,9.896405487958350115e-15
6.034920634920634257e+03,9.897249095450177488e-15
6.036507936507936392e+03,9.898089005485566031e-15
6.038095238095238528e+03,9.898925221043800414e-15
6.039682539682539755e+03,9.899757745105085120e-15
6.041269841269840981e+03,9.900586580650434000e-15
6.042857142857143117e+03,9.901411730661682901e-15
6.044444444444444343e+03,9.902233198121513328e-15
6.046031746031745570e+03,9.903050986013416158e-15
6.047619047619047706e+03,9.903865097321647461e-15
6.049206349206348932e+03,9.904675535031338944e-15
6.050793650793650158e+03,9.905482302128327555e-15
6.052380952380952294e+03,9.906285401599297481e-15
6.053968253968254430e+03,9.907084836431657081e-15
6.055555555555554747e+03,9.907880609613617773e-15
6.057142857142856883e+03,9.908672724134110420e-15
6.058730158730159019e+03,9.909461182982829500e-15
6.060317460317460245e+03,9.910245989150226797e-15
6.061904761904761472e+03,9.911027145627437250e-15
6.063492063492063608e+03,9.911804655406394124e-15
6.065079365079364834e+03,9.912578521479672819e-15
6.066666666666666060e+03,9.913348746840606038e-15
6.068253968253968196e+03,9.914115334483185975e-15
6.069841269841270332e+03,9.914878287402122685e-15
6.071428571428570649e+03,9.915637608592795178e-15
6.073015873015872785e+03,9.916393301051275085e-15
6.074603174603174921e+03,9.917145367774279323e-15
6.076190476190476147e+03,9.917893811759193765e-15
6.077777777777777374e+03,9.918638636004065348e-15
6.079365079365079509e+03,9.919379843507570521e-15
6.080952380952380736e+03,9.920117437269007355e-15
6.082539682539681962e+03,9.920851420288331831e-15
6.084126984126984098e+03,9.921581795566107352e-15
6.085714285714286234e+03,9.922308566103493703e-15
6.087301587301586551e+03,9.923031734902292797e-15
6.088888888888888687e+03,9.923751304964830356e-15
6.090476190476190823e+03,9.924467279294118405e-15
6.092063492063492049e+03,9.925179660893650180e-15
6.093650793650793275e+03,9.925888452767572089e-15
6.095238095238095411e+03,9.926593657920532259e-15
6.096825396825396638e+03,9.927295279357779928e-15
6.098412698412697864e+03,9.927993320085089714e-15
6.100000000000000000e+03,9.928687783108804216e-15
6.101587301587301226e+03,9.929378671435751972e-15
6.103174603174602453e+03,9.930065988073324765e-15
6.104761904761904589e+03,9.930749736029438184e-15
6.106349206349206725e+03,9.931429918312479554e-15
6.107936507936507951e+03,9.932106537931391560e-15
6.109523809523809177e+03,9.932779597895547604e-15
6.111111111111111313e+03,9.933449101214879602e-15
6.112698412698412540e+03,9.934115050899745456e-15
6.114285714285713766e+03,9.934777449961004782e-15
6.115873015873015902e+03,9.935436301409979469e-15
6.117460317460317128e+03,9.936091608258430011e-15
6.119047619047618355e+03,9.936743373518576023e-15
6.120634920634920491e+03,9.937391600203113589e-15
6.122222222222222626e+03,9.938036291325101669e-15
6.123809523809523853e+03,9.938677449898110405e-15
6.125396825396825079e+03,9.939315078936055462e-15
6.126984126984127215e+03,9.939949181453338442e-15
6.128571428571428442e+03,9.940579760464704889e-15
6.130158730158729668e+03,9.941206818985301090e-15
6.131746031746031804e+03,9.941830360030726138e-15
6.133333333333333030e+03,9.942450386616885204e-15
6.134920634920634257e+03,9.943066901760128376e-15
6.136507936507936392e+03,9.943679908477110243e-15
6.138095238095238528e+03,9.944289409784901912e-15
6.139682539682539755e+03,9.944895408700897923e-15
6.141269841269840981e+03,9.945497908242847804e-15
6.142857142857143117e+03,9.946096911428841871e-15
6.144444444444444343e+03,9.946692421277306493e-15
6.146031746031745570e+03,9.947284440806982007e-15
6.147619047619047706e+03,9.947872973036930606e-15
6.149206349206348932e+03,9.948458020986537915e-15
6.150793650793650158e+03,9.949039587675484593e-15
6.152380952380952294e+03,9.949617676123744755e-15
6.153968253968254430e+03,9.950192289351587550e-15
6.155555555555554747e+03,9.950763430379559808e-15
6.157142857142856883e+03,9.951331102228495501e-15
6.158730158730159019e+03,9.951895307919487349e-15
6.160317460317460245e+03,9.952456050473867888e-15
6.161904761904761472e+03,9.953013332913291505e-15
6.163492063492063608e+03,9.953567158259567206e-15
6.165079365079364834e+03,9.954117529534843208e-15
6.166666666666666060e+03,9.954664449761406566e-15
6.168253968253968196e+03,9.955207921961851992e-15
6.169841269841270332e+03,9.955747949158922501e-15
6.171428571428570649e+03,9.956284534375648258e-15
6.173015873015872785e+03,9.956817680635195108e-15
6.174603174603174921e+03,9.957347390960962401e-15
6.176190476190476147e+03,9.957873668376556168e-15
6.177777777777777374e+03,9.958396515905721279e-15
6.179365079365079509e+03,9.958915936572443997e-15
6.180952380952380736e+03,9.959431933400803668e-15
6.182539682539681962e+03,9.959944509415125765e-15
6.184126984126984098e+03,9.960453667639835157e-15
6.185714285714286234e+03,9.960959411099522373e-15
6.187301587301586551e+03,9.961461742818948335e-15
6.188888888888888687e+03,9.961960665822989142e-15
6.190476190476190823e+03,9.962456183136634486e-15
6.192063492063492049e+03,9.962948297785042876e-15
6.193650793650793275e+03,9.963437012793440664e-15
6.195238095238095411e+03,9.963922331187223017e-15
6.196825396825396638e+03,9.964404255991810346e-15
6.198412698412697864e+03,9.964882790232815545e-15
6.200000000000000000e+03,9.965357936935864127e-15
6.201587301587301226e+03,9.965829699126692049e-15
6.203174603174602453e+03,9.966298079831150440e-15
6.204761904761904589e+03,9.966763082075077807e-15
6.206349206349206725e+03,9.967224708884475162e-15
6.207936507936507951e+03,9.967682963285315120e-15
6.209523809523809177e+03,9.968137848303698089e-15
6.211111111111111313e+03,9.968589366965699235e-15
6.212698412698412540e+03,9.969037522297489965e-15
6.214285714285713766e+03,9.969482317325232219e-15
6.215873015873015902e+03,9.969923755075144735e-15
6.217460317460317128e+03,9.970361838573443096e-15
6.219047619047618355e+03,9.970796570846357085e-15
6.220634920634920491e+03,9.971227954920148037e-15
6.222222222222222626e+03,9.971655993821047314e-15
6.223809523809523853e+03,9.972080690575313097e-15
6.225396825396825079e+03,9.972502048209132569e-15
6.226984126984127215e+03,9.972920069748740245e-15
6.228571428571428442e+03,9.973334758220309111e-15
6.230158730158729668e+03,9.973746116649983752e-15
6.231746031746031804e+03,9.974154148063883509e-15
6.233333333333333030e+03,9.974558855488064615e-15
6.234920634920634257e+03,9.974960241948550171e-15
6.236507936507936392e+03,9.975358310471311214e-15
6.238095238095238528e+03,9.975753064082209915e-15
6.239682539682539755e+03,9.976144505807121071e-15
6.241269841269840981e+03,9.976532638671747504e-15
6.242857142857143117e+03,9.976917465701806237e-15
6.244444444444444343e+03,9.977298989922840744e-15
6.246031746031745570e+03,9.977677214360380298e-15
6.247619047619047706e+03,9.978052142039785357e-15
6.249206349206348932e+03,9.978423775986332759e-15
6.250793650793650158e+03,9.978792119225218879e-15
6.252380952380952294e+03,9.979157174781472853e-15
6.253968253968254430e+03,9.979518945680049663e-15
6.255555555555554747e+03,9.979877434945729167e-15
6.257142857142856883e+03,9.980232645603187090e-15
6.258730158730159019e+03,9.980584580676919298e-15
6.260317460317460245e+03,9.980933243191319106e-15
6.261904761904761472e+03,9.981278636170584190e-15
6.263492063492063608e+03,9.981620762638789164e-15
6.265079365079364834e+03,9.981959625619822472e-15
6.266666666666666060e+03,9.982295228137392697e-15
6.268253968253968196e+03,9.982627573215044338e-15
6.269841269841270332e+03,9.982956663876124679e-15
6.271428571428570649e+03,9.983282503143805879e-15
6.273015873015872785e+03,9.983605094041061302e-15
6.274603174603174921e+03,9.983924439590652898e-15
6.276190476190476147e+03,9.984240542815129624e-15
6.277777777777777374e+03,9.984553406736863732e-15
6.279365079365079509e+03,9.984863034377954529e-15
6.280952380952380736e+03,9.985169428760334084e-15
6.282539682539681962e+03,9.985472592905639430e-15
6.284126984126984098e+03,9.985772529835338785e-15
6.285714285714286234e+03,9.986069242570600600e-15
6.287301587301586551e+03,9.986362734132377179e-15
6.288888888888888687e+03,9.986653007541352610e-15
6.290476190476190823e+03,9.986940065817971171e-15
6.292063492063492049e+03,9.987223911982386837e-15
6.293650793650793275e+03,9.987504549054496416e-15
6.295238095238095411e+03,9.987781980053928501e-15
6.296825396825396638e+03,9.988056207999992987e-15
6.298412698412697864e+03,9.988327235911755221e-15
6.300000000000000000e+03,9.988595066807966585e-15
6.301587301587301226e+03,9.988859703707086581e-15
6.303174603174602453e+03,9.989121149627249700e-15
6.304761904761904589e+03,9.989379407586311178e-15
6.306349206349206725e+03,9.989634480601793350e-15
6.307936507936507951e+03,9.989886371690891964e-15
6.309523809523809177e+03,9.990135083870474600e-15
6.311111111111111313e+03,9.990380620157115384e-15
6.312698412698412540e+03,9.990622983566971921e-15
6.314285714285713766e+03,9.990862177115955694e-15
6.315873015873015902e+03,9.991098203819541155e-15
6.317460317460317128e+03,9.991331066692902990e-15
6.319047619047618355e+03,9.991560768750843541e-15
6.320634920634920491e+03,9.991787313007767568e-15
6.322222222222222626e+03,9.992010702477776903e-15
6.323809523809523853e+03,9.992230940174523731e-15
6.325396825396825079e+03,9.992448029111351004e-15
6.326984126984127215e+03,9.992661972301128354e-15
6.328571428571428442e+03,9.992872772756425649e-15
6.330158730158729668e+03,9.993080433489350483e-15
6.331746031746031804e+03,9.993284957511617598e-15
6.333333333333333030e+03,9.993486347834559927e-15
6.334920634920634257e+03,9.993684607469078107e-15
6.336507936507936392e+03,9.993879739425654678e-15
6.338095238095238528e+03,9.994071746714368286e-15
6.339682539682538845e+03,9.994260632344808481e-15
6.341269841269840981e+03,9.994446399326208247e-15
6.342857142857143117e+03,9.994629050667311477e-15
6.344444444444444343e+03,9.994808589376440809e-15
6.346031746031745570e+03,9.994985018461436102e-15
6.347619047619047706e+03,9.995158340929730159e-15
6.349206349206348932e+03,9.995328559788258803e-15
6.350793650793650158e+03,9.995495678043490851e-15
6.352380952380952294e+03,9.995659698701454935e-15
6.353968253968254430e+03,9.995820624767670083e-15
6.355555555555554747e+03,9.995978459247207250e-15
6.357142857142856883e+03,9.996133205144608855e-15
6.358730158730159019e+03,9.996284865463978708e-15
6.360317460317460245e+03,9.996433443208877887e-15
6.361904761904761472e+03,9.996578941382383104e-15
6.363492063492063608e+03,9.996721362987077249e-15
6.365079365079364834e+03,9.996860711025006783e-15
6.366666666666666060e+03,9.996996988497732230e-15
6.368253968253968196e+03,9.997130198406252447e-15
6.369841269841270332e+03,9.997260343751105593e-15
6.371428571428570649e+03,9.997387427532216094e-15
6.373015873015872785e+03,9.997511452749019284e-15
6.374603174603174921e+03,9.997632422400418803e-15
6.376190476190476147e+03,9.997750339484745579e-15
6.377777777777777374e+03,9.997865206999786225e-15
6.379365079365079509e+03,9.997977027942784618e-15
6.380952380952380736e+03,9.998085805310405612e-15
6.382539682539681962e+03,9.998191542098769746e-15
6.384126984126984098e+03,9.998294241303396448e-15
6.385714285714286234e+03,9.998393905919273452e-15
6.387301587301586551e+03,9.998490538940743205e-15
6.388888888888888687e+03,9.998584143361632239e-15
6.390476190476190823e+03,9.998674722175148619e-15
6.392063492063492049e+03,9.998762278373878788e-15
6.393650793650793275e+03,9.998846814949861717e-15
6.395238095238095411e+03,9.998928334894480049e-15
6.396825396825396638e+03,9.999006841198565798e-15
6.398412698412697864e+03,9.999082336852267827e-15
6.400000000000000000e+03,9.999154824845182796e-15
6.401587301587301226e+03,9.999224308166243144e-15
6.403174603174602453e+03,9.999290789803769152e-15
6.404761904761904589e+03,9.999354272745429505e-15
6.406349206349206725e+03,9.999414759978293352e-15
6.407936507936507951e+03,9.999472254488746688e-15
6.409523809523809177e+03,9.999526759262564931e-15
6.411111111111111313e+03,9.999578277284848234e-15
6.412698412698412540e+03,9.999626811540037261e-15
6.414285714285713766e+03,9.999672365011941588e-15
6.415873015873015902e+03,9.999714940683668705e-15
6.417460317460317128e+03,9.999754541537693435e-15
6.419047619047618355e+03,9.999791170555783783e-15
6.420634920634920491e+03,9.999824830719057731e-15
6.422222222222222626e+03,9.999855525007935908e-15
6.423809523809523853e+03,9.999883256402143169e-15
6.425396825396825079e+03,9.999908027880724370e-15
6.426984126984127215e+03,9.999929842422028591e-15
6.428571428571428442e+03,9.999948703003693362e-15
6.430158730158729668e+03,9.999964612602669901e-15
6.431746031746031804e+03,9.999977574195169476e-15
6.433333333333333030e+03,9.999987590756726512e-15
6.434920634920634257e+03,9.999994665262130750e-15
6.436507936507936392e+03,9.999998800685424090e-15
6.438095238095238528e+03,9.999999999999999988e-15
6.439682539682538845e+03,9.999998266178434642e-15
6.441269841269840981e+03,9.999993602192627405e-15
6.442857142857143117e+03,9.999986011013687192e-15
6.444444444444444343e+03,9.999975495612023990e-15
6.446031746031745570e+03,9.999962058957281008e-15
6.447619047619047706e+03,9.999945704018331532e-15
6.449206349206348932e+03,9.999926433763310470e-15
6.450793650793650158e+03,9.999904251159590693e-15
6.452380952380952294e+03,9.999879159173753055e-15
6.453968253968254430e+03,9.999851160771657391e-15
6.455555555555554747e+03,9.999820258918313143e-15
6.457142857142856883e+03,9.999786456578037136e-15
6.458730158730159019e+03,9.999749756714294221e-15
6.460317460317460245e+03,9.999710162289801413e-15
6.461904761904761472e+03,9.999667676266452153e-15
6.463492063492063608e+03,9.999622301605373111e-15
6.465079365079364834e+03,9.999574041266881585e-15
6.466666666666666060e+03,9.999522898210460259e-15
6.468253968253968196e+03,9.999468875394843976e-15
6.469841269841270332e+03,9.999411975777879322e-15
6.471428571428570649e+03,9.999352202316682398e-15
6.473015873015872785e+03,9.999289557967465269e-15
6.474603174603174921e+03,9.999224045685673229e-15
6.476190476190476147e+03,9.999155668425886980e-15
6.477777777777777374e+03,9.999084429141868386e-15
6.479365079365079509e+03,9.999010330786543119e-15
6.480952380952380736e+03,9.998933376311983302e-15
6.482539682539681962e+03,9.998853568669432756e-15
6.484126984126984098e+03,9.998770910809237576e-15
6.485714285714285325e+03,9.998685405680879269e-15
6.487301587301586551e+03,9.998597056232804353e-15
6.488888888888888687e+03,9.998505865412156150e-15
6.490476190476190823e+03,9.998411836163782395e-15
6.492063492063492049e+03,9.998314971427467914e-15
6.493650793650793275e+03,9.998215274130050751e-15
6.495238095238095411e+03,9.998112747163584912e-15
6.496825396825396638e+03,9.998007393326686988e-15
6.498412698412697864e+03,9.997899215171441915e-15
6.500000000000000000e+03,9.997788214614556077e-15
6.501587301587301226e+03,9.997674391978588388e-15
6.503174603174602453e+03,9.997557743694646916e-15
6.504761904761904589e+03,9.997438256958307479e-15
6.506349206349206725e+03,9.997315897660734414e-15
6.507936507936507951e+03,9.997190583940725604e-15
6.509523809523809177e+03,9.997062129967161687e-15
6.511111111111111313e+03,9.996930130088201449e-15
6.512698412698412540e+03,9.996793727503859305e-15
6.514285714285713766e+03,9.996651166989847429e-15
6.515873015873015902e+03,9.996498958118668524e-15
6.517460317460317128e+03,9.996330361917561120e-15
6.519047619047618355e+03,9.996132747996003477e-15
6.520634920634920491e+03,9.995883143708362204e-15
6.522222222222222626e+03,9.995541018098291166e-15
6.523809523809523853e+03,9.995037043316550063e-15
6.525396825396825079e+03,9.994256328203665000e-15
6.526984126984127215e+03,9.993014551155712994e-15
6.528571428571428442e+03,9.991025720640861275e-15
6.530158730158729668e+03,9.987861195344925816e-15
6.531746031746031804e+03,9.982901334187496463e-15
6.533333333333333030e+03,9.975283865009169667e-15
6.534920634920634257e+03,9.963856698265653761e-15
6.536507936507936392e+03,9.947147068191568385e-15
6.538095238095238528e+03,9.923362721257463898e-15
6.539682539682538845e+03,9.890443116087748538e-15
6.541269841269840981e+03,9.846177701475845754e-15
6.542857142857143117e+03,9.788402836100003171e-15
6.544444444444444343e+03,9.715277956661428572e-15
6.546031746031745570e+03,9.625625544057469182e-15
6.547619047619047706e+03,9.519300282838513857e-15
6.549206349206348932e+03,9.397534284621303674e-15
6.550793650793650158e+03,9.263192316626509830e-15
6.552380952380952294e+03,9.120868756721613655e-15
6.553968253968254430e+03,8.976770235763879338e-15
6.555555555555554747e+03,8.838355473813237985e-15
6.557142857142856883e+03,8.713743590720218580e-15
6.558730158730159019e+03,8.610947154311491419e-15
6.560317460317460245e+03,8.537026692468506312e-15
6.561904761904761472e+03,8.497289216415571268e-15
6.563492063492063608e+03,8.494656774001823191e-15
6.565079365079364834e+03,8.529309323913085229e-15
6.566666666666666060e+03,8.598662535126198336e-15
6.568253968253968196e+03,8.697684314296318492e-15
6.569841269841270332e+03,8.819496231564052156e-15
6.571428571428570649e+03,8.956160056819051678e-15
6.573015873015872785e+03,9.099524769035717656e-15
6.574603174603174921e+03,9.242009683996369079e-15
6.576190476190476147e+03,9.377222654655009895e-15
6.577777777777777374e+03,9.500351429423928391e-15
6.579365079365079509e+03,9.608311235380652111e-15
6.580952380952380736e+03,9.699672559996293566e-15
6.582539682539681962e+03,9.774422475350235632e-15
6.584126984126984098e+03,9.833627075829244413e-15
6.585714285714285325e+03,9.879062068878228415e-15
6.587301587301586551e+03,9.912866726964461942e-15
6.588888888888888687e+03,9.937258307226948407e-15
6.590476190476190823e+03,9.954324730172407463e-15
6.592063492063492049e+03,9.965896705938396084e-15
6.593650793650793275e+03,9.973488835895847493e-15
6.595238095238095411e+03,9.978293043991901357e-15
6.596825396825396638e+03,9.981206279721706647e-15
6.598412698412697864e+03,9.982876365822883768e-15
6.600000000000000000e+03,9.983753576506718726e-15
6.601587301587301226e+03,9.984139703825945234e-15
6.603174603174602453e+03,9.984230104517292966e-15
6.604761904761904589e+03,9.984147065115621048e-15
6.606349206349206725e+03,9.983964681795177406e-15
6.607936507936507951e+03,9.983726449687215142e-15
6.609523809523809177e+03,9.983457121157397438e-15
6.611111111111111313e+03,9.983170360445539965e-15
6.612698412698412540e+03,9.982873488730923772e-15
6.614285714285713766e+03,9.982570315166223210e-15
6.615873015873015902e+03,9.982262765384031013e-15
6.617460317460317128e+03,9.981951785934560452e-15
6.619047619047618355e+03,9.981637829800332025e-15
6.620634920634920491e+03,9.981321108550683491e-15
6.622222222222222626e+03,9.981001719139239118e-15
6.623809523809523853e+03,9.980679705680386570e-15
6.625396825396825079e+03,9.980355088627162352e-15
6.626984126984127215e+03,9.980027878137401750e-15
6.628571428571428442e+03,9.979698080015282981e-15
6.630158730158729668e+03,9.979365698274751212e-15
6.631746031746031804e+03,9.979030736213697834e-15
6.633333333333333030e+03,9.978693196850965735e-15
6.634920634920634257e+03,9.978353083099237635e-15
6.636507936507936392e+03,9.978010397831371404e-15
6.638095238095238528e+03,9.977665143905246016e-15
6.639682539682538845e+03,9.977317324172745107e-15
6.641269841269840981e+03,9.976966941482921876e-15
6.642857142857143117e+03,9.976613998683090875e-15
6.644444444444444343e+03,9.976258498619241370e-15
6.646031746031745570e+03,9.975900444136035760e-15
6.647619047619047706e+03,9.975539838076978399e-15
6.649206349206348932e+03,9.975176683284350905e-15
6.650793650793650158e+03,9.974810982599202698e-15
6.652380952380952294e+03,9.974442738861404636e-15
6.653968253968254430e+03,9.974071954909562246e-15
6.655555555555554747e+03,9.973698633581126164e-15
6.657142857142856883e+03,9.973322777712283268e-15
6.658730158730159019e+03,9.972944390138026102e-15
6.660317460317460245e+03,9.972563473692072411e-15
6.661904761904761472e+03,9.972180031206997669e-15
6.663492063492063608e+03,9.971794065514039443e-15
6.665079365079364834e+03,9.971405579443315116e-15
6.666666666666666060e+03,9.971014575823604163e-15
6.668253968253968196e+03,9.970621057482507501e-15
6.669841269841270332e+03,9.970225027246371760e-15
6.671428571428570649e+03,9.969826487940279812e-15
6.673015873015872785e+03,9.969425442388096529e-15
6.674603174603174921e+03,9.969021893412413562e-15
6.676190476190476147e+03,9.968615843834574584e-15
6.677777777777777374e+03,9.968207296474681600e-15
6.679365079365079509e+03,9.967796254151563393e-15
6.680952380952380736e+03,9.967382719682788150e-15
6.682539682539681962e+03,9.966966695884672919e-15
6.684126984126984098e+03,9.966548185572256797e-15
6.685714285714285325e+03,9.966127191559321437e-15
6.687301587301586551e+03,9.965703716658350026e-15
6.688888888888888687e+03,9.965277763680603015e-15
6.690476190476190823e+03,9.964849335435995061e-15
6.692063492063492049e+03,9.964418434733233861e-15
6.693650793650793275e+03,9.963985064379690786e-15
6.695238095238095411e+03,9.963549227181484490e-15
6.696825396825396638e+03,9.963110925943435168e-15
6.698412698412697864e+03,9.962670163469061389e-15
6.700000000000000000e+03,9.962226942560608505e-15
6.701587301587301226e+03,9.961781266019024977e-15
6.703174603174602453e+03,9.961333136643956071e-15
6.704761904761904589e+03,9.960882557233748586e-15
6.706349206349206725e+03,9.960429530585447701e-15
6.707936507936507951e+03,9.959974059494798552e-15
6.709523809523809177e+03,9.959516146756233611e-15
6.711111111111111313e+03,9.959055795162877418e-15
6.712698412698412540e+03,9.958593007506535538e-15
6.714285714285713766e+03,9.958127786577721381e-15
6.715873015873015902e+03,9.957660135165608873e-15
6.717460317460317128e+03,9.957190056058054540e-15
6.719047619047618355e+03,9.956717552041602246e-15
6.720634920634920491e+03,9.956242625901459522e-15
6.722222222222222626e+03,9.955765280421533858e-15
6.723809523809523853e+03,9.955285518384374326e-15
6.725396825396825079e+03,9.954803342571209441e-15
6.726984126984127215e+03,9.954318755761939282e-15
6.728571428571428442e+03,9.953831760735110238e-15
6.730158730158729668e+03,9.953342360267959192e-15
6.731746031746031804e+03,9.952850557136353562e-15
6.733333333333333030e+03,9.952356354114835481e-15
6.734920634920634257e+03,9.951859753976591818e-15
6.736507936507936392e+03,9.951360759493469959e-15
6.738095238095238528e+03,9.950859373435947824e-15
6.739682539682538845e+03,9.950355598573185937e-15
6.741269841269840981e+03,9.949849437672964315e-15
6.742857142857143117e+03,9.949340893501691935e-15
6.744444444444444343e+03,9.948829968824455643e-15
6.746031746031745570e+03,9.948316666404952312e-15
6.747619047619047706e+03,9.947800989005534596e-15
6.749206349206348932e+03,9.947282939387160443e-15
6.750793650793650158e+03,9.946762520309457782e-15
6.752380952380952294e+03,9.946239734530645636e-15
6.753968253968254430e+03,9.945714584807598807e-15
6.755555555555554747e+03,9.945187073895814751e-15
6.757142857142856883e+03,9.944657204549382013e-15
6.758730158730159019e+03,9.944124979521035455e-15
6.760317460317460245e+03,9.943590401562154677e-15
6.761904761904761472e+03,9.943053473422661463e-15
6.763492063492063608e+03,9.942514197851172819e-15
6.765079365079364834e+03,9.941972577594862140e-15
6.766666666666666060e+03,9.941428615399525466e-15
6.768253968253968196e+03,9.940882314009578333e-15
6.769841269841270332e+03,9.940333676168027368e-15
6.771428571428570649e+03,9.939782704616509740e-15
6.773015873015872785e+03,9.939229402095206378e-15
6.774603174603174921e+03,9.938673771342974502e-15
6.776190476190476147e+03,9.938115815097181964e-15
6.777777777777777374e+03,9.937555536093882374e-15
6.779365079365079509e+03,9.936992937067635237e-15
6.780952380952380736e+03,9.936428020751663731e-15
6.782539682539681962e+03,9.935860789877719017e-15
6.784126984126984098e+03,9.935291247176179639e-15
6.785714285714285325e+03,9.934719395375988414e-15
6.787301587301586551e+03,9.934145237204682409e-15
6.788888888888888687e+03,9.933568775388383474e-15
6.790476190476190823e+03,9.932990012651749334e-15
6.792063492063492049e+03,9.932408951718074562e-15
6.793650793650793275e+03,9.931825595309181717e-15
6.795238095238095411e+03,9.931239946145490761e-15
6.796825396825396638e+03,9.930652006945979622e-15
6.798412698412697864e+03,9.930061780428196810e-15
6.800000000000000000e+03,9.929469269308267729e-15
6.801587301587301226e+03,9.928874476300858392e-15
6.803174603174602453e+03,9.928277404119213283e-15
6.804761904761904589e+03,9.927678055475152206e-15
6.806349206349206725e+03,9.927076433079011904e-15
6.807936507936507951e+03,9.926472539639729680e-15
6.809523809523809177e+03,9.925866377864748739e-15
6.811111111111111313e+03,9.925257950460123885e-15
6.812698412698412540e+03,9.924647260130417400e-15
6.814285714285713766e+03,9.924034309578738486e-15
6.815873015873015902e+03,9.923419101506777970e-15
6.817460317460317128e+03,9.922801638614729422e-15
6.819047619047618355e+03,9.922181923601369619e-15
6.820634920634920491e+03,9.921559959163982811e-15
6.822222222222222626e+03,9.920935747998412790e-15
6.823809523809522943e+03,9.920309292799043954e-15
6.825396825396825079e+03,9.919680596258763444e-15
6.826984126984127215e+03,9.919049661069038450e-15
6.828571428571428442e+03,9.918416489919829439e-15
6.830158730158729668e+03,9.917781085499643797e-15
6.831746031746031804e+03,9.917143450495537403e-15
6.833333333333333030e+03,9.916503587593037325e-15
6.834920634920634257e+03,9.915861499476256994e-15
6.836507936507936392e+03,9.915217188827781027e-15
6.838095238095238528e+03,9.914570658328750424e-15
6.839682539682538845e+03,9.913921910658816819e-15
6.841269841269840981e+03,9.913270948496153518e-15
6.842857142857143117e+03,9.912617774517420792e-15
6.844444444444444343e+03,9.911962391397817944e-15
6.846031746031745570e+03,9.911304801811072260e-15
6.847619047619047706e+03,9.910645008429380636e-15
6.849206349206348932e+03,9.909983013923485310e-15
6.850793650793650158e+03,9.909318820962596552e-15
6.852380952380952294e+03,9.908652432214487325e-15
6.853968253968254430e+03,9.907983850345378116e-15
6.855555555555554747e+03,9.907313078020025286e-15
6.857142857142856883e+03,9.906640117901657961e-15
6.858730158730159019e+03,9.905964972652036407e-15
6.860317460317460245e+03,9.905287644931392080e-15
6.861904761904761472e+03,9.904608137398459175e-15
6.863492063492063608e+03,9.903926452710473054e-15
6.865079365079364834e+03,9.903242593523143420e-15
6.866666666666666060e+03,9.902556562490706384e-15
6.868253968253968196e+03,9.901868362265831381e-15
6.869841269841270332e+03,9.901177995499726874e-15
6.871428571428570649e+03,9.900485464842052004e-15
6.873015873015872785e+03,9.899790772940981274e-15
6.874603174603174921e+03,9.899093922443120935e-15
6.876190476190476147e+03,9.898394915993620997e-15
6.877777777777777374e+03,9.897693756236058483e-15
6.879365079365079509e+03,9.896990445812527359e-15
6.880952380952380736e+03,9.896284987363553333e-15
6.882539682539681962e+03,9.895577383528194832e-15
6.884126984126984098e+03,9.894867636943927831e-15
6.885714285714285325e+03,9.894155750246707377e-15
6.887301587301586551e+03,9.893441726071007039e-15
6.888888888888888687e+03,9.892725567049702153e-15
6.890476190476190823e+03,9.892007275814181841e-15
6.892063492063492049e+03,9.891286854994274859e-15
6.893650793650793275e+03,9.890564307218300080e-15
6.895238095238095411e+03,9.889839635113000238e-15
6.896825396825396638e+03,9.889112841303601872e-15
6.898412698412697864e+03,9.888383928413802711e-15
6.900000000000000000e+03,9.887652899065727494e-15
6.901587301587301226e+03,9.886919755879980037e-15
6.903174603174602453e+03,9.886184501475606944e-15
6.904761904761904589e+03,9.885447138470122853e-15
6.906349206349206725e+03,9.884707669479470987e-15
6.907936507936507951e+03,9.883966097118054717e-15
6.909523809523809177e+03,9.883222423998735978e-15
6.911111111111111313e+03,9.882476652732816336e-15
6.912698412698412540e+03,9.881728785930030683e-15
6.914285714285713766e+03,9.880978826198591407e-15
6.915873015873015902e+03,9.880226776145117398e-15
6.917460317460317128e+03,9.879472638374695577e-15
6.919047619047618355e+03,9.878716415490822522e-15
6.920634920634920491e+03,9.877958110095486511e-15
6.922222222222222626e+03,9.877197724789036565e-15
6.923809523809522943e+03,9.876435262170351271e-15
6.925396825396825079e+03,9.875670724836652608e-15
6.926984126984127215e+03,9.874904115383662142e-15
6.928571428571428442e+03,9.874135436405504781e-15
6.930158730158729668e+03,9.873364690494719827e-15
6.931746031746031804e+03,9.872591880242322501e-15
6.933333333333333030e+03,9.871817008237715592e-15
6.934920634920634257e+03,9.871040077068741522e-15
6.936507936507936392e+03,9.870261089321672880e-15
6.938095238095238528e+03,9.869480047581201378e-15
6.939682539682538845e+03,9.868696954430434696e-15
6.941269841269840981e+03,9.867911812450921723e-15
6.942857142857143117e+03,9.867124624222616273e-15
6.944444444444444343e+03,9.866335392323891282e-15
6.946031746031745570e+03,9.865544119331518299e-15
6.947619047619047706e+03,9.864750807820741636e-15
6.949206349206348932e+03,9.863955460365161622e-15
6.950793650793650158e+03,9.863158079536830839e-15
6.952380952380952294e+03,9.862358667906178393e-15
6.953968253968254430e+03,9.861557228042077759e-15
6.955555555555554747e+03,9.860753762511815220e-15
6.957142857142856883e+03,9.859948273881037809e-15
6.958730158730159019e+03,9.859140764713865322e-15
6.960317460317460245e+03,9.858331237572760950e-15
6.961904761904761472e+03,9.857519695018649602e-15
6.963492063492063608e+03,9.856706139610801160e-15
6.965079365079364834e+03,9.855890573906956691e-15
6.966666666666666060e+03,9.855073000463203810e-15
6.968253968253968196e+03,9.854253421834050833e-15
6.969841269841269423e+03,9.853431840572409423e-15
6.971428571428570649e+03,9.852608259229570919e-15
6.973015873015872785e+03,9.851782680355244209e-15
6.974603174603174921e+03,9.850955106497521014e-15
6.976190476190476147e+03,9.850125540202897978e-15
6.977777777777777374e+03,9.849293984016259314e-15
6.979365079365079509e+03,9.848460440480865759e-15
6.980952380952380736e+03,9.847624912138400329e-15
6.982539682539681962e+03,9.846787401528913097e-15
6.984126984126984098e+03,9.845947911190848015e-15
6.985714285714285325e+03,9.845106443661035027e-15
6.987301587301586551e+03,9.844263001474708999e-15
6.988888888888888687e+03,9.843417587165470277e-15
6.990476190476190823e+03,9.842570203265278377e-15
6.992063492063492049e+03,9.841720852304556114e-15
6.993650793650793275e+03,9.840869536812017630e-15
6.995238095238095411e+03,9.840016259314821433e-15
6.996825396825396638e+03,9.839161022338466269e-15
6.998412698412697864e+03,9.838303828406866849e-15
7.000000000000000000e+03,9.837444680042281279e-15
7.001587301587301226e+03,9.836583579765358386e-15
7.003174603174602453e+03,9.835720530095136144e-15
7.004761904761904589e+03,9.834855533548994343e-15
7.006349206349206725e+03,9.833988592642733470e-15
7.007936507936507951e+03,9.833119709890475320e-15
7.009523809523809177e+03,9.832248887804759230e-15
7.011111111111111313e+03,9.831376128896455309e-15
7.012698412698412540e+03,9.830501435674837010e-15
7.014285714285713766e+03,9.829624810647524336e-15
7.015873015873015902e+03,9.828746256320505922e-15
7.017460317460317128e+03,9.827865775198170597e-15
7.019047619047618355e+03,9.826983369783214292e-15
7.020634920634920491e+03,9.826099042576739439e-15
7.022222222222222626e+03,9.825212796078218686e-15
7.023809523809522943e+03,9.824324632785444403e-15
7.025396825396825079e+03,9.823434555194617043e-15
7.026984126984127215e+03,9.822542565800274136e-15
7.028571428571428442e+03,9.821648667095306075e-15
7.030158730158729668e+03,9.820752861570987662e-15
7.031746031746031804e+03,9.819855151716919738e-15
7.033333333333333030e+03,9.818955540021114378e-15
7.034920634920634257e+03,9.818054028969852896e-15
7.036507936507936392e+03,9.817150621047875171e-15
7.038095238095238528e+03,9.816245318738176124e-15
7.039682539682538845e+03,9.815338124522188728e-15
7.041269841269840981e+03,9.814429040879634131e-15
7.042857142857143117e+03,9.813518070288632092e-15
7.044444444444444343e+03,9.812605215225612629e-15
7.046031746031745570e+03,9.811690478165394908e-15
7.047619047619047706e+03,9.810773861581135175e-15
7.049206349206348932e+03,9.809855367944293625e-15
7.050793650793650158e+03,9.808934999724754310e-15
7.052380952380952294e+03,9.808012759390697340e-15
7.053968253968254430e+03,9.807088649408647799e-15
7.055555555555554747e+03,9.806162672243507290e-15
7.057142857142856883e+03,9.805234830358486103e-15
7.058730158730159019e+03,9.804305126215163160e-15
7.060317460317460245e+03,9.803373562273452889e-15
7.061904761904761472e+03,9.802440140991591022e-15
7.063492063492063608e+03,9.801504864826188234e-15
7.065079365079364834e+03,9.800567736232170198e-15
7.066666666666666060e+03,9.799628757662834375e-15
7.068253968253968196e+03,9.798687931569744311e-15
7.069841269841269423e+03,9.797745260402893718e-15
7.071428571428570649e+03,9.796800746610555013e-15
7.073015873015872785e+03,9.795854392639331386e-15
7.074603174603174921e+03,9.794906200934202548e-15
7.076190476190476147e+03,9.793956173938437961e-15
7.077777777777777374e+03,9.793004314093686767e-15
7.079365079365079509e+03,9.792050623839884702e-15
7.080952380952380736e+03,9.791095105615344026e-15
7.082539682539681962e+03,9.790137761856658860e-15
7.084126984126984098e+03,9.789178594998799849e-15
7.085714285714285325e+03,9.788217607475047899e-15
7.087301587301586551e+03,9.787254801716995751e-15
7.088888888888888687e+03,9.786290180154600052e-15
7.090476190476190823e+03,9.785323745216130863e-15
7.092063492063492049e+03,9.784355499328174814e-15
7.093650793650793275e+03,9.783385444915649308e-15
7.095238095238095411e+03,9.782413584401800940e-15
7.096825396825396638e+03,9.781439920208200762e-15
7.098412698412697864e+03,9.780464454754752178e-15
7.100000000000000000e+03,9.779487190459657804e-15
7.101587301587301226e+03,9.778508129739469963e-15
7.103174603174602453e+03,9.777527275009051234e-15
7.104761904761904589e+03,9.776544628681585502e-15
7.106349206349206725e+03,9.775560193168571646e-15
7.107936507936507951e+03,9.774573970879858245e-15
7.109523809523809177e+03,9.773585964223561544e-15
7.111111111111111313e+03,9.772596175606167996e-15
7.112698412698412540e+03,9.771604607432447497e-15
7.114285714285713766e+03,9.770611262105508599e-15
7.115873015873015902e+03,9.769616142026760651e-15
7.117460317460317128e+03,9.768619249595945346e-15
7.119047619047618355e+03,9.767620587211113062e-15
7.120634920634920491e+03,9.766620157268614969e-15
7.122222222222222626e+03,9.765617962163144053e-15
7.123809523809522943e+03,9.764614004287684627e-15
7.125396825396825079e+03,9.763608286033556506e-15
7.126984126984127215e+03,9.762600809790364522e-15
7.128571428571428442e+03,9.761591577946041122e-15
7.130158730158729668e+03,9.760580592886832170e-15
7.131746031746031804e+03,9.759567856997301677e-15
7.133333333333333030e+03,9.758553372660289203e-15
7.134920634920634257e+03,9.757537142256991901e-15
7.136507936507936392e+03,9.756519168166871431e-15
7.138095238095238528e+03,9.755499452767750198e-15
7.139682539682538845e+03,9.754477998435694603e-15
7.141269841269840981e+03,9.753454807545149150e-15
7.142857142857143117e+03,9.752429882468792871e-15
7.144444444444444343e+03,9.751403225577654504e-15
7.146031746031745570e+03,9.750374839241082508e-15
7.147619047619047706e+03,9.749344725826691431e-15
7.149206349206348932e+03,9.748312887700425010e-15
7.150793650793650158e+03,9.747279327226513578e-15
7.152380952380952294e+03,9.746244046767519815e-15
7.153968253968254430e+03,9.745207048684283530e-15
7.155555555555554747e+03,9.744168335335964258e-15
7.157142857142856883e+03,9.743127909080001815e-15
7.158730158730159019e+03,9.742085772272168368e-15
7.160317460317460245e+03,9.741041927266517943e-15
7.161904761904761472e+03,9.739996376415406940e-15
7.163492063492063608e+03,9.738949122069494126e-15
7.165079365079364834e+03,9.737900166577737488e-15
7.166666666666666060e+03,9.736849512287414737e-15
7.168253968253968196e+03,9.735797161544052313e-15
7.169841269841269423e+03,9.734743116691532671e-15
7.171428571428570649e+03,9.733687380071996459e-15
7.173015873015872785e+03,9.732629954025894588e-15
7.174603174603174921e+03,9.731570840891991383e-15
7.176190476190476147e+03,9.730510043007326717e-15
7.177777777777777374e+03,9.729447562707231792e-15
7.179365079365079509e+03,9.728383402325370160e-15
7.180952380952380736e+03,9.727317564193647788e-15
7.182539682539681962e+03,9.726250050642326657e-15
7.184126984126984098e+03,9.725180863999889080e-15
7.185714285714285325e+03,9.724110006593201781e-15
7.187301587301586551e+03,9.723037480747350236e-15
7.188888888888888687e+03,9.721963288785736493e-15
7.190476190476190823e+03,9.720887433030064971e-15
7.192063492063492049e+03,9.719809915800331416e-15
7.193650793650793275e+03,9.718730739414833946e-15
7.195238095238095411e+03,9.717649906190119405e-15
7.196825396825396638e+03,9.716567418441074878e-15
7.198412698412697864e+03,9.715483278480851953e-15
7.200000000000000000e+03,9.714397488620904589e-15
7.201587301587301226e+03,9.713310051170976498e-15
7.203174603174602453e+03,9.712220968439088516e-15
7.204761904761904589e+03,9.711130242731560697e-15
7.206349206349206725e+03,9.710037876353026510e-15
7.207936507936507951e+03,9.708943871606346063e-15
7.209523809523809177e+03,9.707848230792743370e-15
7.211111111111111313e+03,9.706750956211672237e-15
7.212698412698412540e+03,9.705652050160901467e-15
7.214285714285713766e+03,9.704551514936484877e-15
7.215873015873015902e+03,9.703449352832762878e-15
7.217460317460317128e+03,9.702345566142367209e-15
7.219047619047618355e+03,9.701240157156186228e-15
7.220634920634920491e+03,9.700133128163454837e-15
7.222222222222222626e+03,9.699024481451626692e-15
7.223809523809522943e+03,9.697914219306501998e-15
7.225396825396825079e+03,9.696802344012109176e-15
7.226984126984127215e+03,9.695688857850815307e-15
7.228571428571428442e+03,9.694573763103242512e-15
7.230158730158729668e+03,9.693457062048293194e-15
7.231746031746031804e+03,9.692338756963167395e-15
7.233333333333333030e+03,9.691218850123350174e-15
7.234920634920634257e+03,9.690097343802611605e-15
7.236507936507936392e+03,9.688974240272995736e-15
7.238095238095238528e+03,9.687849541804833207e-15
7.239682539682538845e+03,9.686723250666741253e-15
7.241269841269840981e+03,9.685595369125609506e-15
7.242857142857143117e+03,9.684465899446628388e-15
7.244444444444444343e+03,9.683334843893263873e-15
7.246031746031745570e+03,9.682202204727252751e-15
7.247619047619047706e+03,9.681067984208626295e-15
7.249206349206348932e+03,9.679932184595691329e-15
7.250793650793650158e+03,9.678794808145050737e-15
7.252380952380952294e+03,9.677655857111559286e-15
7.253968253968254430e+03,9.676515333748377271e-15
7.255555555555554747e+03,9.675373240306946848e-15
7.257142857142856883e+03,9.674229579036971523e-15
7.258730158730159019e+03,9.673084352186450862e-15
7.260317460317460245e+03,9.671937562001656828e-15
7.261904761904761472e+03,9.670789210727151130e-15
7.263492063492063608e+03,9.669639300605758408e-15
7.265079365079364834e+03,9.668487833878611984e-15
7.266666666666666060e+03,9.667334812785086018e-15
7.268253968253968196e+03,9.666180239562869665e-15
7.269841269841269423e+03,9.665024116447903965e-15
7.271428571428570649e+03,9.663866445674433905e-15
7.273015873015872785e+03,9.662707229474957936e-15
7.274603174603174921e+03,9.661546470080273722e-15
7.276190476190476147e+03,9.660384169719457635e-15
7.277777777777777374e+03,9.659220330619826887e-15
7.279365079365079509e+03,9.658054955007032615e-15
7.280952380952380736e+03,9.656888045104987306e-15
7.282539682539681962e+03,9.655719603135826934e-15
7.284126984126984098e+03,9.654549631320054529e-15
7.285714285714285325e+03,9.653378131876382409e-15
7.287301587301586551e+03,9.652205107021834727e-15
7.288888888888888687e+03,9.651030558971701723e-15
7.290476190476190823e+03,9.649854489939536561e-15
7.292063492063492049e+03,9.648676902137205824e-15
7.293650793650793275e+03,9.647497797774813779e-15
7.295238095238095411e+03,9.646317179060787573e-15
7.296825396825396638e+03,9.645135048201769952e-15
7.298412698412697864e+03,9.643951407402737586e-15
7.300000000000000000e+03,9.642766258866906408e-15
7.301587301587301226e+03,9.641579604795804189e-15
7.303174603174602453e+03,9.640391447389190073e-15
7.304761904761904589e+03,9.639201788845130310e-15
7.306349206349206725e+03,9.638010631359976165e-15
7.307936507936507951e+03,9.636817977128311856e-15
7.309523809523809177e+03,9.635623828343049213e-15
7.311111111111111313e+03,9.634428187195339332e-15
7.312698412698412540e+03,9.633231055874630945e-15
7.314285714285713766e+03,9.632032436568630979e-15
7.315873015873015902e+03,9.630832331463332957e-15
7.317460317460317128e+03,9.629630742743012261e-15
7.319047619047618355e+03,9.628427672590211936e-15
7.320634920634920491e+03,9.627223123185752153e-15
7.322222222222222626e+03,9.626017096708725479e-15
7.323809523809522943e+03,9.624809595336493720e-15
7.325396825396825079e+03,9.623600621244725786e-15
7.326984126984127215e+03,9.622390176607317228e-15
7.328571428571428442e+03,9.621178263596494368e-15
7.330158730158729668e+03,9.619964884382714900e-15
7.331746031746031804e+03,9.618750041134719958e-15
7.333333333333333030e+03,9.617533736019554625e-15
7.334920634920634257e+03,9.616315971202498513e-15
7.336507936507936392e+03,9.615096748847147805e-15
7.338095238095238528e+03,9.613876071115333214e-15
7.339682539682538845e+03,9.612653940167203600e-15
7.341269841269840981e+03,9.611430358161136043e-15
7.342857142857143117e+03,9.610205327253846281e-15
7.344444444444444343e+03,9.608978849600245137e-15
7.346031746031745570e+03,9.607750927353591562e-15
7.347619047619047706e+03,9.606521562665374302e-15
7.349206349206348932e+03,9.605290757685378163e-15
7.350793650793650158e+03,9.604058514561666656e-15
7.352380952380952294e+03,9.602824835440558333e-15
7.353968253968254430e+03,9.601589722466670961e-15
7.355555555555554747e+03,9.600353177782885237e-15
7.357142857142856883e+03,9.599115203530357405e-15
7.358730158730159019e+03,9.597875801848527149e-15
7.360317460317460245e+03,9.596634974875093928e-15
7.361904761904761472e+03,9.595392724746059570e-15
7.363492063492063608e+03,9.594149053595674631e-15
7.365079365079364834e+03,9.592903963556480997e-15
7.366666666666666060e+03,9.591657456759303991e-15
7.368253968253968196e+03,9.590409535333208198e-15
7.369841269841269423e+03,9.589160201405596863e-15
7.371428571428570649e+03,9.587909457102082516e-15
7.373015873015872785e+03,9.586657304546598993e-15
7.374603174603174921e+03,9.585403745861338321e-15
7.376190476190476147e+03,9.584148783166766504e-15
7.377777777777777374e+03,9.582892418581656648e-15
7.379365079365079509e+03,9.581634654222997455e-15
7.380952380952380736e+03,9.580375492206130487e-15
7.382539682539681962e+03,9.579114934644609746e-15
7.384126984126984098e+03,9.577852983650302651e-15
7.385714285714285325e+03,9.576589641333342703e-15
7.387301587301586551e+03,9.575324909802135799e-15
7.388888888888888687e+03,9.574058791163366540e-15
7.390476190476190823e+03,9.572791287522014011e-15
7.392063492063492049e+03,9.571522400981312336e-15
7.393650793650793275e+03,9.570252133642786966e-15
7.395238095238095411e+03,9.568980487606227860e-15
7.396825396825396638e+03,9.567707464969733657e-15
7.398412698412697864e+03,9.566433067829626481e-15
7.400000000000000000e+03,9.565157298280567117e-15
7.401587301587301226e+03,9.563880158415450879e-15
7.403174603174602453e+03,9.562601650325473872e-15
7.404761904761904589e+03,9.561321776100096709e-15
7.406349206349206725e+03,9.560040537827079220e-15
7.407936507936507041e+03,9.558757937592447317e-15
7.409523809523809177e+03,9.557473977480486685e-15
7.411111111111111313e+03,9.556188659573793269e-15
7.412698412698412540e+03,9.554901985953235409e-15
7.414285714285713766e+03,9.553613958697953840e-15
7.415873015873015902e+03,9.552324579885371157e-15
7.417460317460317128e+03,9.551033851591179194e-15
7.419047619047618355e+03,9.549741775889381625e-15
7.420634920634920491e+03,9.548448354852216649e-15
7.422222222222222626e+03,9.547153590550246929e-15
7.423809523809522943e+03,9.545857485052285432e-15
7.425396825396825079e+03,9.544560040425449074e-15
7.426984126984127215e+03,9.543261258735103501e-15
7.428571428571428442e+03,9.541961142044937240e-15
7.430158730158729668e+03,9.540659692416879658e-15
7.431746031746031804e+03,9.539356911911162493e-15
7.433333333333333030e+03,9.538052802586307234e-15
7.434920634920634257e+03,9.536747366499101453e-15
7.436507936507936392e+03,9.535440605704628781e-15
7.438095238095238528e+03,9.534132522256231047e-15
7.439682539682538845e+03,9.532823118205554027e-15
7.441269841269840981e+03,9.531512395602525357e-15
7.442857142857143117e+03,9.530200356495345071e-15
7.444444444444444343e+03,9.528887002930512416e-15
7.446031746031745570e+03,9.527572336952781680e-15
7.447619047619047706e+03,9.526256360605228454e-15
7.449206349206348932e+03,9.524939075929189680e-15
7.450793650793650158e+03,9.523620484964273118e-15
7.452380952380952294e+03,9.522300589748401520e-15
7.453968253968254430e+03,9.520979392317763721e-15
7.455555555555554747e+03,9.519656894706847774e-15
7.457142857142856883e+03,9.518333098948396769e-15
7.458730158730159019e+03,9.517008007073479836e-15
7.460317460317460245e+03,9.515681621111410099e-15
7.461904761904761472e+03,9.514353943089828296e-15
7.463492063492063608e+03,9.513024975034631785e-15
7.465079365079364834e+03,9.511694718970015560e-15
7.466666666666666060e+03,9.510363176918440700e-15
7.468253968253968196e+03,9.509030350900706941e-15
7.469841269841269423e+03,9.507696242935837507e-15
7.471428571428570649e+03,9.506360855041186390e-15
7.473015873015872785e+03,9.505024189232384711e-15
7.474603174603174921e+03,9.503686247523339141e-15
7.476190476190476147e+03,9.502347031926260299e-15
7.477777777777777374e+03,9.501006544451645400e-15
7.479365079365079509e+03,9.499664787108273519e-15
7.480952380952380736e+03,9.498321761903204013e-15
7.482539682539681962e+03,9.496977470841814389e-15
7.484126984126984098e+03,9.495631915927738772e-15
7.485714285714285325e+03,9.494285099162942055e-15
7.487301587301586551e+03,9.492937022547629974e-15
7.488888888888888687e+03,9.491587688080340610e-15
7.490476190476190823e+03,9.490237097757868664e-15
7.492063492063492049e+03,9.488885253575342762e-15
7.493650793650793275e+03,9.487532157526144991e-15
7.495238095238095411e+03,9.486177811601950345e-15
7.496825396825396638e+03,9.484822217792758274e-15
7.498412698412697864e+03,9.483465378086826427e-15
7.500000000000000000e+03,9.482107294470732178e-15
7.501587301587301226e+03,9.480747968929326871e-15
7.503174603174602453e+03,9.479387403445753180e-15
7.504761904761904589e+03,9.478025600001468772e-15
7.506349206349206725e+03,9.476662560576213174e-15
7.507936507936507041e+03,9.475298287148010929e-15
7.509523809523809177e+03,9.473932781693203152e-15
7.511111111111111313e+03,9.472566046186400196e-15
7.512698412698412540e+03,9.471198082600544764e-15
7.514285714285713766e+03,9.469828892906812508e-15
7.515873015873015902e+03,9.468458479074754028e-15
7.517460317460317128e+03,9.467086843072156031e-15
7.519047619047618355e+03,9.465713986865139150e-15
7.520634920634920491e+03,9.464339912418094833e-15
7.522222222222222626e+03,9.462964621693712170e-15
7.523809523809522943e+03,9.461588116653017327e-15
7.525396825396825079e+03,9.460210399255278894e-15
7.526984126984127215e+03,9.458831471458118313e-15
7.528571428571428442e+03,9.457451335217408915e-15
7.530158730158729668e+03,9.456069992487361111e-15
7.531746031746031804e+03,9.454687445220460861e-15
7.533333333333333030e+03,9.453303695367498075e-15
7.534920634920634257e+03,9.451918744877576078e-15
7.536507936507936392e+03,9.450532595698089522e-15
7.538095238095238528e+03,9.449145249774725965e-15
7.539682539682538845e+03,9.447756709051497424e-15
7.541269841269840981e+03,9.446366975470699354e-15
7.542857142857143117e+03,9.444976050972935893e-15
7.544444444444444343e+03,9.443583937497118283e-15
7.546031746031745570e+03,9.442190636980453827e-15
7.547619047619047706e+03,9.440796151358450621e-15
7.549206349206348932e+03,9.439400482564936488e-15
7.550793650793650158e+03,9.438003632532036887e-15
7.552380952380952294e+03,9.436605603190168609e-15
7.553968253968253521e+03,9.435206396468079210e-15
7.555555555555554747e+03,9.433806014292791799e-15
7.557142857142856883e+03,9.432404458589658677e-15
7.558730158730159019e+03,9.431001731282343983e-15
7.560317460317460245e+03,9.429597834292793716e-15
7.561904761904761472e+03,9.428192769541272025e-15
7.563492063492063608e+03,9.426786538946373827e-15
7.565079365079364834e+03,9.425379144424964859e-15
7.566666666666666060e+03,9.423970587892233738e-15
7.568253968253968196e+03,9.422560871261707739e-15
7.569841269841269423e+03,9.421149996445162867e-15
7.571428571428570649e+03,9.419737965352746918e-15
7.573015873015872785e+03,9.418324779892886393e-15
7.574603174603174921e+03,9.416910441972318055e-15
7.576190476190476147e+03,9.415494953496103123e-15
7.577777777777777374e+03,9.414078316367609924e-15
7.579365079365079509e+03,9.412660532488507575e-15
7.580952380952380736e+03,9.411241603758799121e-15
7.582539682539681962e+03,9.409821532076775780e-15
7.584126984126984098e+03,9.408400319339072159e-15
7.585714285714285325e+03,9.406977967440609462e-15
7.587301587301586551e+03,9.405554478274641238e-15
7.588888888888888687e+03,9.404129853732724989e-15
7.590476190476190823e+03,9.402704095704744250e-15
7.592063492063492049e+03,9.401277206078894397e-15
7.593650793650793275e+03,9.399849186741679486e-15
7.595238095238095411e+03,9.398420039577945389e-15
7.596825396825396638e+03,9.396989766470811949e-15
7.598412698412697864e+03,9.395558369301764490e-15
7.600000000000000000e+03,9.394125849950563885e-15
7.601587301587301226e+03,9.392692210295333334e-15
7.603174603174603362e+03,9.391257452212474741e-15
7.604761904761904589e+03,9.389821577576742867e-15
7.606349206349205815e+03,9.388384588261191691e-15
7.607936507936507951e+03,9.386946486137205963e-15
7.609523809523809177e+03,9.385507273074479113e-15
7.611111111111111313e+03,9.384066950941047964e-15
7.612698412698412540e+03,9.382625521603254866e-15
7.614285714285713766e+03,9.381182986925769784e-15
7.615873015873015902e+03,9.379739348771590296e-15
7.617460317460317128e+03,9.378294609002030555e-15
7.619047619047619264e+03,9.376848769476733902e-15
7.620634920634920491e+03,9.375401832053653941e-15
7.622222222222221717e+03,9.373953798589106600e-15
7.623809523809523853e+03,9.372504670937691244e-15
7.625396825396825079e+03,9.371054450952367988e-15
7.626984126984126306e+03,9.369603140484389849e-15
7.628571428571428442e+03,9.368150741383376905e-15
7.630158730158729668e+03,9.366697255497232669e-15
7.631746031746031804e+03,9.365242684672241915e-15
7.633333333333333030e+03,9.363787030752963388e-15
7.634920634920634257e+03,9.362330295582322889e-15
7.636507936507936392e+03,9.360872481001576993e-15
7.638095238095237619e+03,9.359413588850270444e-15
7.639682539682539755e+03,9.357953620966337133e-15
7.641269841269840981e+03,9.356492579185992811e-15
7.642857142857142208e+03,9.355030465343839222e-15
7.644444444444444343e+03,9.353567281272742613e-15
7.646031746031745570e+03,9.352103028803971002e-15
7.647619047619047706e+03,9.350637709767077420e-15
7.649206349206348932e+03,9.349171325989963026e-15
7.650793650793650158e+03,9.347703879298886569e-15
7.652380952380952294e+03,9.346235371518413903e-15
7.653968253968253521e+03,9.344765804471457429e-15
7.655555555555555657e+03,9.343295179979260321e-15
7.657142857142856883e+03,9.341823499861404407e-15
7.658730158730158109e+03,9.340350765935838578e-15
7.660317460317460245e+03,9.338876980018801471e-15
7.661904761904761472e+03,9.337402143924898783e-15
7.663492063492063608e+03,9.335926259467062247e-15
7.665079365079364834e+03,9.334449328456592232e-15
7.666666666666666060e+03,9.332971352703096211e-15
7.668253968253968196e+03,9.331492334014542406e-15
7.669841269841269423e+03,9.330012274197229807e-15
7.671428571428571558e+03,9.328531175055799219e-15
7.673015873015872785e+03,9.327049038393260083e-15
7.674603174603174011e+03,9.325565866010911590e-15
7.676190476190476147e+03,9.324081659708467320e-15
7.677777777777777374e+03,9.322596421283929025e-15
7.679365079365079509e+03,9.321110152533665514e-15
7.680952380952380736e+03,9.319622855252393722e-15
7.682539682539681962e+03,9.318134531233161356e-15
7.684126984126984098e+03,9.316645182267391067e-15
7.685714285714285325e+03,9.315154810144812611e-15
7.687301587301587460e+03,9.313663416653555935e-15
7.688888888888888687e+03,9.312171003580050201e-15
7.690476190476189913e+03,9.310677572709105829e-15
7.692063492063492049e+03,9.309183125823870321e-15
7.693650793650793275e+03,9.307687664705842458e-15
7.695238095238095411e+03,9.306191191134872302e-15
7.696825396825396638e+03,9.304693706889172240e-15
7.698412698412697864e+03,9.303195213745287009e-15
7.700000000000000000e+03,9.301695713478136290e-15
7.701587301587301226e+03,9.300195207860972112e-15
7.703174603174603362e+03,9.298693698665418296e-15
7.704761904761904589e+03,9.297191187661446790e-15
7.706349206349205815e+03,9.295687676617383974e-15
7.707936507936507951e+03,9.294183167299915401e-15
7.709523809523809177e+03,9.292677661474068437e-15
7.711111111111111313e+03,9.291171160903253283e-15
7.712698412698412540e+03,9.289663667349217222e-15
7.714285714285713766e+03,9.288155182572088793e-15
7.715873015873015902e+03,9.286645708330322573e-15
7.717460317460317128e+03,9.285135246380771752e-15
7.719047619047619264e+03,9.283623798478607667e-15
7.720634920634920491e+03,9.282111366377405003e-15
7.722222222222221717e+03,9.280597951829067634e-15
7.723809523809523853e+03,9.279083556583871229e-15
7.725396825396825079e+03,9.277568182390469556e-15
7.726984126984126306e+03,9.276051830995861354e-15
7.728571428571428442e+03,9.274534504145415575e-15
7.730158730158729668e+03,9.273016203582880852e-15
7.731746031746031804e+03,9.271496931050338165e-15
7.733333333333333030e+03,9.269976688288257639e-15
7.734920634920634257e+03,9.268455477035473303e-15
7.736507936507936392e+03,9.266933299029192555e-15
7.738095238095237619e+03,9.265410156004985116e-15
7.739682539682539755e+03,9.263886049696783034e-15
7.741269841269840981e+03,9.262360981836899613e-15
7.742857142857142208e+03,9.260834954155999438e-15
7.744444444444444343e+03,9.259307968383150439e-15
7.746031746031745570e+03,9.257780026245752895e-15
7.747619047619047706e+03,9.256251129469618320e-15
7.749206349206348932e+03,9.254721279778890572e-15
7.750793650793650158e+03,9.253190478896123171e-15
7.752380952380952294e+03,9.251658728542228801e-15
7.753968253968253521e+03,9.250126030436490364e-15
7.755555555555555657e+03,9.248592386296567284e-15
7.757142857142856883e+03,9.247057797838489197e-15
7.758730158730158109e+03,9.245522266776704864e-15
7.760317460317460245e+03,9.243985794823970150e-15
7.761904761904761472e+03,9.242448383691482130e-15
7.763492063492063608e+03,9.240910035088770228e-15
7.765079365079364834e+03,9.239370750723778258e-15
7.766666666666666060e+03,9.237830532302820246e-15
7.768253968253968196e+03,9.236289381530566232e-15
7.769841269841269423e+03,9.234747300110110113e-15
7.771428571428571558e+03,9.233204289742893910e-15
7.773015873015872785e+03,9.231660352128755103e-15
7.774603174603174011e+03,9.230115488965926625e-15
7.776190476190476147e+03,9.228569701950987962e-15
7.777777777777777374e+03,9.227022992778966116e-15
7.779365079365079509e+03,9.225475363143206243e-15
7.780952380952380736e+03,9.223926814735482083e-15
7.782539682539681962e+03,9.222377349245943904e-15
7.784126984126984098e+03,9.220826968363120074e-15
7.785714285714285325e+03,9.219275673773948619e-15
7.787301587301587460e+03,9.217723467163734621e-15
7.788888888888888687e+03,9.216170350216191241e-15
7.790476190476189913e+03,9.214616324613406589e-15
7.792063492063492049e+03,9.213061392035876852e-15
7.793650793650793275e+03,9.211505554162460540e-15
7.795238095238095411e+03,9.209948812670452643e-15
7.796825396825396638e+03,9.208391169235499431e-15
7.798412698412697864e+03,9.206832625531671030e-15
7.800000000000000000e+03,9.205273183231421979e-15
7.801587301587301226e+03,9.203712844005589652e-15
7.803174603174603362e+03,9.202151609523435279e-15
7.804761904761904589e+03,9.200589481452572948e-15
7.806349206349205815e+03,9.199026461459076891e-15
7.807936507936507951e+03,9.197462551207364732e-15
7.809523809523809177e+03,9.195897752360279528e-15
7.811111111111111313e+03,9.194332066579061372e-15
7.812698412698412540e+03,9.192765495523348968e-15
7.814285714285713766e+03,9.191198040851168589e-15
7.815873015873015902e+03,9.189629704218975097e-15
7.817460317460317128e+03,9.188060487281599878e-15
7.819047619047618355e+03,9.186490391692318685e-15
7.820634920634920491e+03,9.184919419102733307e-15
7.822222222222221717e+03,9.183347571162959320e-15
7.823809523809523853e+03,9.181774849521425716e-15
7.825396825396825079e+03,9.180201255824988496e-15
7.826984126984126306e+03,9.178626791718949607e-15
7.828571428571428442e+03,9.177051458846979631e-15
7.830158730158729668e+03,9.175475258851180896e-15
7.831746031746031804e+03,9.173898193372044873e-15
7.833333333333333030e+03,9.172320264048494779e-15
7.834920634920634257e+03,9.170741472517831934e-15
7.836507936507936392e+03,9.169161820415819379e-15
7.838095238095237619e+03,9.167581309376584056e-15
7.839682539682539755e+03,9.165999941032681497e-15
7.841269841269840981e+03,9.164417717015111600e-15
7.842857142857142208e+03,9.162834638953227123e-15
7.844444444444444343e+03,9.161250708474856742e-15
7.846031746031745570e+03,9.159665927206218281e-15
7.847619047619047706e+03,9.158080296771928176e-15
7.849206349206348932e+03,9.156493818795064583e-15
7.850793650793650158e+03,9.154906494897082185e-15
7.852380952380952294e+03,9.153318326697876873e-15
7.853968253968253521e+03,9.151729315815773128e-15
7.855555555555555657e+03,9.150139463867475112e-15
7.857142857142856883e+03,9.148548772468170795e-15
7.858730158730158109e+03,9.146957243231399427e-15
7.860317460317460245e+03,9.145364877769187225e-15
7.861904761904761472e+03,9.143771677691941662e-15
7.863492063492063608e+03,9.142177644608514576e-15
7.865079365079364834e+03,9.140582780126159576e-15
7.866666666666666060e+03,9.138987085850610923e-15
7.868253968253968196e+03,9.137390563385955736e-15
7.869841269841269423e+03,9.135793214334771255e-15
7.871428571428571558e+03,9.134195040298023866e-15
7.873015873015872785e+03,9.132596042875116433e-15
7.874603174603174011e+03,9.130996223663913540e-15
7.876190476190476147e+03,9.129395584260643674e-15
7.877777777777777374e+03,9.127794126260052265e-15
7.879365079365079509e+03,9.126191851255240755e-15
7.880952380952380736e+03,9.124588760837783352e-15
7.882539682539681962e+03,9.122984856597674964e-15
7.884126984126984098e+03,9.121380140123361177e-15
7.885714285714285325e+03,9.119774613001709855e-15
7.887301587301587460e+03,9.118168276818011139e-15
7.888888888888888687e+03,9.116561133156023205e-15
7.890476190476189913e+03,9.114953183597915459e-15
7.892063492063492049e+03,9.113344429724301677e-15
7.893650793650793275e+03,9.111734873114263665e-15
7.895238095238095411e+03,9.110124515345275531e-15
7.896825396825396638e+03,9.108513357993266794e-15
7.898412698412697864e+03,9.106901402632649204e-15
7.900000000000000000e+03,9.105288650836207880e-15
7.901587301587301226e+03,9.103675104175243304e-15
7.903174603174603362e+03,9.102060764219427750e-15
7.904761904761904589e+03,9.100445632536948856e-15
7.906349206349205815e+03,9.098829710694386561e-15
7.907936507936507951e+03,9.097213000256785680e-15
7.909523809523809177e+03,9.095595502787644862e-15
7.911111111111111313e+03,9.093977219848907121e-15
7.912698412698412540e+03,9.092358153000945640e-15
7.914285714285713766e+03,9.090738303802622140e-15
7.915873015873015902e+03,9.089117673811209582e-15
7.917460317460317128e+03,9.087496264582447377e-15
7.919047619047618355e+03,9.085874077670533503e-15
7.920634920634920491e+03,9.084251114628115038e-15
7.922222222222221717e+03,9.082627377006286582e-15
7.923809523809523853e+03,9.081002866354596567e-15
7.925396825396825079e+03,9.079377584221050412e-15
7.926984126984126306e+03,9.077751532152124727e-15
7.928571428571428442e+03,9.076124711692740483e-15
7.930158730158729668e+03,9.074497124386255134e-15
7.931746031746031804e+03,9.072868771774533606e-15
7.933333333333333030e+03,9.071239655397841016e-15
7.934920634920634257e+03,9.069609776794959422e-15
7.936507936507936392e+03,9.067979137503082118e-15
7.938095238095237619e+03,9.066347739057917759e-15
7.939682539682539755e+03,9.064715582993576769e-15
7.941269841269840981e+03,9.063082670842677049e-15
7.942857142857142208e+03,9.061449004136290329e-15
7.944444444444444343e+03,9.059814584403937441e-15
7.946031746031745570e+03,9.058179413173634071e-15
7.947619047619047706e+03,9.056543491971816602e-15
7.949206349206348932e+03,9.054906822323462029e-15
7.950793650793650158e+03,9.053269405751928601e-15
7.952380952380952294e+03,9.051631243779113597e-15
7.953968253968253521e+03,9.049992337925350775e-15
7.955555555555555657e+03,9.048352689709446658e-15
7.957142857142856883e+03,9.046712300648685266e-15
7.958730158730158109e+03,9.045071172258824963e-15
7.960317460317460245e+03,9.043429306054079525e-15
7.961904761904761472e+03,9.041786703547178088e-15
7.963492063492063608e+03,9.040143366249261027e-15
7.965079365079364834e+03,9.038499295670015630e-15
7.966666666666666060e+03,9.036854493317559356e-15
7.968253968253968196e+03,9.035208960698487159e-15
7.969841269841269423e+03,9.033562699317904627e-15
7.971428571428571558e+03,9.031915710679344358e-15
7.973015873015872785e+03,9.030267996284884289e-15
7.974603174603174011e+03,9.028619557635026215e-15
7.976190476190476147e+03,9.026970396228793604e-15
7.977777777777777374e+03,9.025320513563646403e-15
7.979365079365079509e+03,9.023669911135589899e-15
7.980952380952380736e+03,9.022018590439059546e-15
7.982539682539681962e+03,9.020366552967006161e-15
7.984126984126984098e+03,9.018713800210851750e-15
7.985714285714285325e+03,9.017060333660498971e-15
7.987301587301587460e+03,9.015406154804365847e-15
7.988888888888888687e+03,9.013751265129332123e-15
7.990476190476189913e+03,9.012095666120775551e-15
7.992063492063492049e+03,9.010439359262565582e-15
7.993650793650793275e+03,9.008782346037060210e-15
7.995238095238095411e+03,9.007124627925112280e-15
7.996825396825396638e+03,9.005466206406063183e-15
7.998412698412697864e+03,9.003807082957750738e-15
8.000000000000000000e+03,9.002147259056507620e-15
8.001587301587301226e+03,9.000486736177147156e-15
8.003174603174603362e+03,8.998825515793013815e-15
8.004761904761904589e+03,8.997163599375899587e-15
8.006349206349205815e+03,8.995500988396151269e-15
8.007936507936507951e+03,8.993837684322550558e-15
8.009523809523809177e+03,8.992173688622441847e-15
8.011111111111111313e+03,8.990509002761617051e-15
8.012698412698412540e+03,8.988843628204410268e-15
8.014285714285713766e+03,8.987177566413634674e-15
8.015873015873015902e+03,8.985510818850595143e-15
8.017460317460317128e+03,8.983843386975134000e-15
8.019047619047618355e+03,8.982175272245567914e-15
8.020634920634920491e+03,8.980506476118741538e-15
8.022222222222221717e+03,8.978837000049988069e-15
8.023809523809523853e+03,8.977166845493159222e-15
8.025396825396825079e+03,8.975496013900609455e-15
8.026984126984126306e+03,8.973824506723200702e-15
8.028571428571428442e+03,8.972152325410313413e-15
8.030158730158729668e+03,8.970479471409826051e-15
8.031746031746031804e+03,8.968805946168134016e-15
8.033333333333333030e+03,8.967131751130155965e-15
8.034920634920634257e+03,8.965456887739306983e-15
8.036507936507936392e+03,8.963781357437525408e-15
8.038095238095237619e+03,8.962105161665257053e-15
8.039682539682539755e+03,8.960428301861470985e-15
8.041269841269840981e+03,8.958750779463656367e-15
8.042857142857142208e+03,8.957072595907808257e-15
8.044444444444444343e+03,8.955393752628452859e-15
8.046031746031745570e+03,8.953714251058614381e-15
8.047619047619047706e+03,8.952034092629873418e-15
8.049206349206348932e+03,8.950353278772291220e-15
8.050793650793650158e+03,8.948671810914486995e-15
8.052380952380952294e+03,8.946989690483563766e-15
8.053968253968253521e+03,8.945306918905193557e-15
8.055555555555555657e+03,8.943623497603532205e-15
8.057142857142856883e+03,8.941939428001291930e-15
8.058730158730158109e+03,8.940254711519687695e-15
8.060317460317460245e+03,8.938569349578471913e-15
8.061904761904761472e+03,8.936883343595943916e-15
8.063492063492063608e+03,8.935196694988882115e-15
8.065079365079364834e+03,8.933509405172651277e-15
8.066666666666666060e+03,8.931821475561111027e-15
8.068253968253968196e+03,8.930132907566660018e-15
8.069841269841269423e+03,8.928443702600240664e-15
8.071428571428571558e+03,8.926753862071315478e-15
8.073015873015872785e+03,8.925063387387890736e-15
8.074603174603174011e+03,8.923372279956507010e-15
8.076190476190476147e+03,8.921680541182217079e-15
8.077777777777777374e+03,8.919988172468656930e-15
8.079365079365079509e+03,8.918295175217958978e-15
8.080952380952380736e+03,8.916601550830819916e-15
8.082539682539681962e+03,8.914907300706454951e-15
8.084126984126984098e+03,8.913212426242643566e-15
8.085714285714285325e+03,8.911516928835691653e-15
8.087301587301587460e+03,8.909820809880434663e-15
8.088888888888888687e+03,8.908124070770289680e-15
8.090476190476189913e+03,8.906426712897173371e-15
8.092063492063492049e+03,8.904728737651588766e-15
8.093650793650793275e+03,8.903030146422549524e-15
8.095238095238095411e+03,8.901330940597643047e-15
8.096825396825396638e+03,8.899631121562981563e-15
8.098412698412697864e+03,8.897930690703243152e-15
8.100000000000000000e+03,8.896229649401646504e-15
8.101587301587301226e+03,8.894527999039966690e-15
8.103174603174603362e+03,8.892825740998524123e-15
8.104761904761904589e+03,8.891122876656195601e-15
8.106349206349205815e+03,8.889419407390412728e-15
8.107936507936507951e+03,8.887715334577152449e-15
8.109523809523809177e+03,8.886010659590952827e-15
8.111111111111110404e+03,8.884305383804908308e-15
8.112698412698412540e+03,8.882599508590663413e-15
8.114285714285713766e+03,8.880893035318430092e-15
8.115873015873015902e+03,8.879185965356976679e-15
8.117460317460317128e+03,8.877478300073615270e-15
8.119047619047618355e+03,8.875770040834250633e-15
8.120634920634920491e+03,8.874061189003307635e-15
8.122222222222221717e+03,8.872351745943814858e-15
8.123809523809523853e+03,8.870641713017325713e-15
8.125396825396825079e+03,8.868931091583994174e-15
8.126984126984126306e+03,8.867219883002495887e-15
8.128571428571428442e+03,8.865508088630122839e-15
8.130158730158729668e+03,8.863795709822693422e-15
8.131746031746031804e+03,8.862082747934601347e-15
8.133333333333333030e+03,8.860369204318832997e-15
8.134920634920634257e+03,8.858655080326902739e-15
8.136507936507936392e+03,8.856940377308944435e-15
8.138095238095237619e+03,8.855225096613612044e-15
8.139682539682539755e+03,8.853509239588177440e-15
8.141269841269840981e+03,8.851792807578451527e-15
8.142857142857142208e+03,8.850075801928836303e-15
8.144444444444444343e+03,8.848358223982301194e-15
8.146031746031745570e+03,8.846640075080400412e-15
8.147619047619047706e+03,8.844921356563254017e-15
8.149206349206348932e+03,8.843202069769573165e-15
8.150793650793650158e+03,8.841482216036623818e-15
8.152380952380952294e+03,8.839761796700275656e-15
8.153968253968253521e+03,8.838040813094972096e-15
8.155555555555555657e+03,8.836319266553725563e-15
8.157142857142856883e+03,8.834597158408150620e-15
8.158730158730158109e+03,8.832874489988419791e-15
8.160317460317460245e+03,8.831151262623317208e-15
8.161904761904761472e+03,8.829427477640186540e-15
8.163492063492063608e+03,8.827703136364987794e-15
8.165079365079364834e+03,8.825978240122229476e-15
8.166666666666666060e+03,8.824252790235036426e-15
8.168253968253968196e+03,8.822526788025104072e-15
8.169841269841269423e+03,8.820800234812739442e-15
8.171428571428571558e+03,8.819073131916818576e-15
8.173015873015872785e+03,8.817345480654822802e-15
8.174603174603174011e+03,8.815617282342805615e-15
8.176190476190476147e+03,8.813888538295440001e-15
8.177777777777777374e+03,8.812159249825980573e-15
8.179365079365079509e+03,8.810429418246266729e-15
8.180952380952380736e+03,8.808699044866754206e-15
8.182539682539681962e+03,8.806968130996478789e-15
8.184126984126984098e+03,8.805236677943078403e-15
8.185714285714285325e+03,8.803504687012800999e-15
8.187301587301587460e+03,8.801772159510474580e-15
8.188888888888888687e+03,8.800039096739538753e-15
8.190476190476189913e+03,8.798305500002043151e-15
8.192063492063491140e+03,8.796571370598615881e-15
8.193650793650793275e+03,8.794836709828514010e-15
8.195238095238095411e+03,8.793101518989579386e-15
8.196825396825395728e+03,8.791365799378276510e-15
8.198412698412697864e+03,8.789629552289649930e-15
8.200000000000000000e+03,8.787892779017382622e-15
8.201587301587300317e+03,8.786155480853740765e-15
8.203174603174604272e+03,8.784417659089613191e-15
8.204761904761904589e+03,8.782679315014498756e-15
8.206349206349204906e+03,8.780940449916495300e-15
8.207936507936508860e+03,8.779201065082317001e-15
8.209523809523809177e+03,8.777461161797295952e-15
8.211111111111109494e+03,8.775720741345382164e-15
8.212698412698413449e+03,8.773979805009118317e-15
8.214285714285713766e+03,8.772238354069685520e-15
8.215873015873015902e+03,8.770496389806867017e-15
8.217460317460318038e+03,8.768753913499075015e-15
8.219047619047618355e+03,8.767010926423330169e-15
8.220634920634920491e+03,8.765267429855274206e-15
8.222222222222222626e+03,8.763523425069165189e-15
8.223809523809522943e+03,8.761778913337899609e-15
8.225396825396825079e+03,8.760033895932966629e-15
8.226984126984127215e+03,8.758288374124506458e-15
8.228571428571427532e+03,8.756542349181263023e-15
8.230158730158729668e+03,8.754795822370621833e-15
8.231746031746031804e+03,8.753048794958573689e-15
8.233333333333332121e+03,8.751301268209752553e-15
8.234920634920634257e+03,8.749553243387411878e-15
8.236507936507936392e+03,8.747804721753435658e-15
8.238095238095236709e+03,8.746055704568349466e-15
8.239682539682540664e+03,8.744306193091276280e-15
8.241269841269840981e+03,8.742556188580009060e-15
8.242857142857141298e+03,8.740805692290944483e-15
8.244444444444445253e+03,8.739054705479120804e-15
8.246031746031745570e+03,8.737303229398224174e-15
8.247619047619047706e+03,8.735551265300553925e-15
8.249206349206349842e+03,8.733798814437052547e-15
8.250793650793650158e+03,8.732045878057308848e-15
8.252380952380952294e+03,8.730292457409539015e-15
8.253968253968254430e+03,8.728538553740594506e-15
8.255555555555554747e+03,8.726784168295984140e-15
8.257142857142856883e+03,8.725029302319833071e-15
8.258730158730159019e+03,8.723273957054928547e-15
8.260317460317459336e+03,8.721518133742697819e-15
8.261904761904761472e+03,8.719761833623189210e-15
8.263492063492063608e+03,8.718005057935125754e-15
8.265079365079363924e+03,8.716247807915867337e-15
8.266666666666666060e+03,8.714490084801391759e-15
8.268253968253968196e+03,8.712731889826372042e-15
8.269841269841268513e+03,8.710973224224083351e-15
8.271428571428572468e+03,8.709214089226481872e-15
8.273015873015872785e+03,8.707454486064163796e-15
8.274603174603173102e+03,8.705694415966366895e-15
8.276190476190477057e+03,8.703933880160989456e-15
8.277777777777777374e+03,8.702172879874587124e-15
8.279365079365079509e+03,8.700411416332361859e-15
8.280952380952381645e+03,8.698649490758163514e-15
8.282539682539681962e+03,8.696887104374522965e-15
8.284126984126984098e+03,8.695124258402593739e-15
8.285714285714286234e+03,8.693360954062213541e-15
8.287301587301586551e+03,8.691597192571866392e-15
8.288888888888888687e+03,8.689832975148693671e-15
8.290476190476190823e+03,8.688068303008506738e-15
8.292063492063491140e+03,8.686303177365766422e-15
8.293650793650793275e+03,8.684537599433606691e-15
8.295238095238095411e+03,8.682771570423822023e-15
8.296825396825395728e+03,8.681005091546861102e-15
8.298412698412697864e+03,8.679238164011847325e-15
8.300000000000000000e+03,8.677470789026569336e-15
8.301587301587300317e+03,8.675702967797484184e-15
8.303174603174604272e+03,8.673934701529704695e-15
8.304761904761904589e+03,8.672165991427029456e-15
8.306349206349204906e+03,8.670396838691917567e-15
8.307936507936508860e+03,8.668627244525498108e-15
8.309523809523809177e+03,8.666857210127576452e-15
8.311111111111109494e+03,8.665086736696620062e-15
8.312698412698413449e+03,8.663315825429783739e-15
8.314285714285713766e+03,8.661544477522882794e-15
8.315873015873015902e+03,8.659772694170434078e-15
8.317460317460318038e+03,8.658000476565586553e-15
8.319047619047618355e+03,8.656227825900212806e-15
8.320634920634920491e+03,8.654454743364828584e-15
8.322222222222222626e+03,8.652681230148655901e-15
8.323809523809522943e+03,8.650907287439575706e-15
8.325396825396825079e+03,8.649132916424148398e-15
8.326984126984127215e+03,8.647358118287651686e-15
8.328571428571427532e+03,8.645582894213998550e-15
8.330158730158729668e+03,8.643807245385817705e-15
8.331746031746031804e+03,8.642031172984398380e-15
8.333333333333332121e+03,8.640254678189766049e-15
8.334920634920634257e+03,8.638477762180554634e-15
8.336507936507936392e+03,8.636700426134157970e-15
8.338095238095236709e+03,8.634922671226611471e-15
8.339682539682540664e+03,8.633144498632667865e-15
8.341269841269840981e+03,8.631365909525754592e-15
8.342857142857141298e+03,8.629586905077994319e-15
8.344444444444445253e+03,8.627807486460206512e-15
8.346031746031745570e+03,8.626027654841902707e-15
8.347619047619047706e+03,8.624247411391284929e-15
8.349206349206349842e+03,8.622466757275248852e-15
8.350793650793650158e+03,8.620685693659394839e-15
8.352380952380952294e+03,8.618904221708016900e-15
8.353968253968254430e+03,8.617122342584099534e-15
8.355555555555554747e+03,8.615340057449336667e-15
8.357142857142856883e+03,8.613557367464122178e-15
8.358730158730159019e+03,8.611774273787537285e-15
8.360317460317459336e+03,8.609990777577393138e-15
8.361904761904761472e+03,8.608206879990151936e-15
8.363492063492063608e+03,8.606422582181046832e-15
8.365079365079363924e+03,8.604637885303965182e-15
8.366666666666666060e+03,8.602852790511522699e-15
8.368253968253968196e+03,8.601067298955033475e-15
8.369841269841268513e+03,8.599281411784509983e-15
8.371428571428572468e+03,8.597495130148704092e-15
8.373015873015872785e+03,8.595708455195045546e-15
8.374603174603173102e+03,8.593921388069703485e-15
8.376190476190477057e+03,8.592133929917512298e-15
8.377777777777777374e+03,8.590346081882075751e-15
8.379365079365079509e+03,8.588557845105661279e-15
8.380952380952381645e+03,8.586769220729285183e-15
8.382539682539681962e+03,8.584980209892676345e-15
8.384126984126984098e+03,8.583190813734247826e-15
8.385714285714286234e+03,8.581401033391159976e-15
8.387301587301586551e+03,8.579610869999292034e-15
8.388888888888888687e+03,8.577820324693223197e-15
8.390476190476190823e+03,8.576029398606262596e-15
8.392063492063491140e+03,8.574238092870441407e-15
8.393650793650793275e+03,8.572446408616508119e-15
8.395238095238095411e+03,8.570654346973945887e-15
8.396825396825395728e+03,8.568861909070952023e-15
8.398412698412697864e+03,8.567069096034434842e-15
8.400000000000000000e+03,8.565275908990067299e-15
8.401587301587300317e+03,8.563482349062200222e-15
8.403174603174602453e+03,8.561688417373945925e-15
8.404761904761904589e+03,8.559894115047143503e-15
8.406349206349204906e+03,8.558099443202343048e-15
8.407936507936508860e+03,8.556304402958835634e-15
8.409523809523809177e+03,8.554508995434651734e-15
8.411111111111109494e+03,8.552713221746540711e-15
8.412698412698413449e+03,8.550917083009986594e-15
8.414285714285713766e+03,8.549120580339215969e-15
8.415873015873015902e+03,8.547323714847191666e-15
8.417460317460318038e+03,8.545526487645592251e-15
8.419047619047618355e+03,8.543728899844860931e-15
8.420634920634920491e+03,8.541930952554159806e-15
8.422222222222222626e+03,8.540132646881393530e-15
8.423809523809522943e+03,8.538333983933220357e-15
8.425396825396825079e+03,8.536534964815022163e-15
8.426984126984127215e+03,8.534735590630920227e-15
8.428571428571427532e+03,8.532935862483803625e-15
8.430158730158729668e+03,8.531135781475280323e-15
8.431746031746031804e+03,8.529335348705700844e-15
8.433333333333332121e+03,8.527534565274185087e-15
8.434920634920634257e+03,8.525733432278587618e-15
8.436507936507936392e+03,8.523931950815499249e-15
8.438095238095236709e+03,8.522130121980281745e-15
8.439682539682540664e+03,8.520327946867020496e-15
8.441269841269840981e+03,8.518525426568557645e-15
8.442857142857141298e+03,8.516722562176523647e-15
8.444444444444445253e+03,8.514919354781234712e-15
8.446031746031745570e+03,8.513115805471830073e-15
8.447619047619047706e+03,8.511311915336141028e-15
8.449206349206349842e+03,8.509507685460801386e-15
8.450793650793650158e+03,8.507703116931165425e-15
8.452380952380952294e+03,8.505898210831382040e-15
8.453968253968254430e+03,8.504092968244320597e-15
8.455555555555554747e+03,8.502287390251637192e-15
8.457142857142856883e+03,8.500481477933719433e-15
8.458730158730159019e+03,8.498675232369746394e-15
8.460317460317459336e+03,8.496868654637652325e-15
8.461904761904761472e+03,8.495061745814104566e-15
8.463492063492063608e+03,8.493254506974580856e-15
8.465079365079363924e+03,8.491446939193284133e-15
8.466666666666666060e+03,8.489639043543199334e-15
8.468253968253968196e+03,8.487830821096082352e-15
8.469841269841268513e+03,8.486022272922445834e-15
8.471428571428572468e+03,8.484213400091582849e-15
8.473015873015872785e+03,8.482404203671540064e-15
8.474603174603173102e+03,8.480594684729152458e-15
8.476190476190477057e+03,8.478784844330010185e-15
8.477777777777777374e+03,8.476974683538483823e-15
8.479365079365079509e+03,8.475164203417722791e-15
8.480952380952381645e+03,8.473353405029630108e-15
8.482539682539681962e+03,8.471542289434912880e-15
8.484126984126984098e+03,8.469730857693028659e-15
8.485714285714286234e+03,8.467919110862224882e-15
8.487301587301586551e+03,8.466107049999529409e-15
8.488888888888888687e+03,8.464294676160725276e-15
8.490476190476190823e+03,8.462481990400423271e-15
8.492063492063491140e+03,8.460668993771957809e-15
8.493650793650793275e+03,8.458855687327497363e-15
8.495238095238095411e+03,8.457042072117945078e-15
8.496825396825395728e+03,8.455228149193027116e-15
8.498412698412697864e+03,8.453413919601234284e-15
8.500000000000000000e+03,8.451599384389840963e-15
8.501587301587300317e+03,8.449784544604920891e-15
8.503174603174602453e+03,8.447969401291325070e-15
8.504761904761904589e+03,8.446153955492694389e-15
8.506349206349204906e+03,8.444338208251472247e-15
8.507936507936508860e+03,8.442522160608855642e-15
8.509523809523809177e+03,8.440705813604886681e-15
8.511111111111109494e+03,8.438889168278354758e-15
8.512698412698413449e+03,8.437072225666850200e-15
8.514285714285713766e+03,8.435254986806791085e-15
8.515873015873015902e+03,8.433437452733336471e-15
8.517460317460318038e+03,8.431619624480493678e-15
8.519047619047618355e+03,8.429801503081020471e-15
8.520634920634920491e+03,8.427983089566518143e-15
8.522222222222222626e+03,8.426164384967346322e-15
8.523809523809522943e+03,8.424345390312703432e-15
8.525396825396825079e+03,8.422526106630538342e-15
8.526984126984127215e+03,8.420706534947651338e-15
8.528571428571427532e+03,8.418886676289610507e-15
8.530158730158729668e+03,8.417066531680805376e-15
8.531746031746031804e+03,8.415246102144432716e-15
8.533333333333332121e+03,8.413425388702480762e-15
8.534920634920634257e+03,8.411604392375752880e-15
8.536507936507936392e+03,8.409783114183854946e-15
8.538095238095236709e+03,8.407961555145206389e-15
8.539682539682540664e+03,8.406139716277033880e-15
8.541269841269840981e+03,8.404317598595372908e-15
8.542857142857141298e+03,8.402495203115069364e-15
8.544444444444445253e+03,8.400672530849789000e-15
8.546031746031745570e+03,8.398849582812001656e-15
8.547619047619047706e+03,8.397026360012990724e-15
8.549206349206349842e+03,8.395202863462851574e-15
8.550793650793650158e+03,8.393379094170513636e-15
8.552380952380952294e+03,8.391555053143705697e-15
8.553968253968254430e+03,8.389730741388982717e-15
8.555555555555554747e+03,8.387906159911710054e-15
8.557142857142856883e+03,8.386081309716087131e-15
8.558730158730159019e+03,8.384256191805103257e-15
8.560317460317459336e+03,8.382430807180608627e-15
8.561904761904761472e+03,8.380605156843259097e-15
8.563492063492063608e+03,8.378779241792522505e-15
8.565079365079363924e+03,8.376953063026710212e-15
8.566666666666666060e+03,8.375126621542937670e-15
8.568253968253968196e+03,8.373299918337163861e-15
8.569841269841268513e+03,8.371472954404181829e-15
8.571428571428572468e+03,8.369645730737572928e-15
8.573015873015872785e+03,8.367818248329804640e-15
8.574603174603173102e+03,8.365990508172132758e-15
8.576190476190477057e+03,8.364162511254645559e-15
8.577777777777777374e+03,8.362334258566298519e-15
8.579365079365079509e+03,8.360505751094827531e-15
8.580952380952381645e+03,8.358676989826845152e-15
8.582539682539681962e+03,8.356847975747791693e-15
8.584126984126984098e+03,8.355018709841913127e-15
8.585714285714286234e+03,8.353189193092333668e-15
8.587301587301586551e+03,8.351359426480981618e-15
8.588888888888888687e+03,8.349529410988638273e-15
8.590476190476190823e+03,8.347699147594928460e-15
8.592063492063491140e+03,8.345868637278317382e-15
8.593650793650793275e+03,8.344037881016094836e-15
8.595238095238095411e+03,8.342206879784416240e-15
8.596825396825395728e+03,8.340375634558248985e-15
8.598412698412697864e+03,8.338544146311448170e-15
8.600000000000000000e+03,8.336712416016676137e-15
8.601587301587300317e+03,8.334880444645454532e-15
8.603174603174602453e+03,8.333048233168159577e-15
8.604761904761904589e+03,8.331215782553995248e-15
8.606349206349204906e+03,8.329383093771039024e-15
8.607936507936508860e+03,8.327550167786204029e-15
8.609523809523809177e+03,8.325717005565253226e-15
8.611111111111109494e+03,8.323883608072802574e-15
8.612698412698413449e+03,8.322049976272328917e-15
8.614285714285713766e+03,8.320216111126149474e-15
8.615873015873015902e+03,8.318382013595443927e-15
8.617460317460318038e+03,8.316547684640252842e-15
8.619047619047618355e+03,8.314713125219458737e-15
8.620634920634920491e+03,8.312878336290805016e-15
8.622222222222222626e+03,8.311043318810911743e-15
8.623809523809522943e+03,8.309208073735233048e-15
8.625396825396825079e+03,8.307372602018093411e-15
8.626984126984127215e+03,8.305536904612671885e-15
8.628571428571427532e+03,8.303700982471036810e-15
8.630158730158729668e+03,8.301864836544081119e-15
8.631746031746031804e+03,8.300028467781577566e-15
8.633333333333332121e+03,8.298191877132185031e-15
8.634920634920634257e+03,8.296355065543382261e-15
8.636507936507936392e+03,8.294518033961559371e-15
8.638095238095236709e+03,8.292680783331940543e-15
8.639682539682540664e+03,8.290843314598645551e-15
8.641269841269840981e+03,8.289005628704650324e-15
8.642857142857141298e+03,8.287167726591802717e-15
8.644444444444445253e+03,8.285329609200805160e-15
8.646031746031745570e+03,8.283491277471268300e-15
8.647619047619047706e+03,8.281652732341647891e-15
8.649206349206349842e+03,8.279813974749287392e-15
8.650793650793650158e+03,8.277975005630392727e-15
8.652380952380952294e+03,8.276135825920046481e-15
8.653968253968254430e+03,8.274296436552233144e-15
8.655555555555554747e+03,8.272456838459787048e-15
8.657142857142856883e+03,8.270617032574422341e-15
8.658730158730159019e+03,8.268777019826756655e-15
8.660317460317459336e+03,8.266936801146263775e-15
8.661904761904761472e+03,8.265096377461306767e-15
8.663492063492063608e+03,8.263255749699142718e-15
8.665079365079363924e+03,8.261414918785889596e-15
8.666666666666666060e+03,8.259573885646572009e-15
8.668253968253968196e+03,8.257732651205078607e-15
8.669841269841268513e+03,8.255891216384214143e-15
8.671428571428572468e+03,8.254049582105628478e-15
8.673015873015872785e+03,8.252207749289903357e-15
8.674603174603173102e+03,8.250365718856479830e-15
8.676190476190477057e+03,8.248523491723699275e-15
8.677777777777777374e+03,8.246681068808792356e-15
8.679365079365079509e+03,8.244838451027882174e-15
8.680952380952381645e+03,8.242995639295990582e-15
8.682539682539681962e+03,8.241152634527020826e-15
8.684126984126984098e+03,8.239309437633778060e-15
8.685714285714286234e+03,8.237466049527961454e-15
8.687301587301586551e+03,8.235622471120168927e-15
8.688888888888888687e+03,8.233778703319893995e-15
8.690476190476190823e+03,8.231934747035524189e-15
8.692063492063491140e+03,8.230090603174355258e-15
8.693650793650793275e+03,8.228246272642580122e-15
8.695238095238095411e+03,8.226401756345280987e-15
8.696825396825395728e+03,8.224557055186470362e-15
8.698412698412697864e+03,8.222712170069021640e-15
8.700000000000000000e+03,8.220867101894749564e-15
8.701587301587300317e+03,8.219021851564358161e-15
8.703174603174602453e+03,8.217176419977464408e-15
8.704761904761904589e+03,8.215330808032580876e-15
8.706349206349204906e+03,8.213485016627123618e-15
8.707936507936508860e+03,8.211639046657442149e-15
8.709523809523809177e+03,8.209792899018772113e-15
8.711111111111109494e+03,8.207946574605279456e-15
8.712698412698413449e+03,8.206100074310003633e-15
8.714285714285713766e+03,8.204253399024949112e-15
8.715873015873015902e+03,8.202406549640987558e-15
8.717460317460318038e+03,8.200559527047931983e-15
8.719047619047618355e+03,8.198712332134505195e-15
8.720634920634920491e+03,8.196864965788331907e-15
8.722222222222222626e+03,8.195017428895970291e-15
8.723809523809522943e+03,8.193169722342889892e-15
8.725396825396825079e+03,8.191321847013474784e-15
8.726984126984127215e+03,8.189473803791042496e-15
8.728571428571427532e+03,8.187625593557810891e-15
8.730158730158729668e+03,8.185777217194929711e-15
8.731746031746031804e+03,8.183928675582485313e-15
8.733333333333332121e+03,8.182079969599458073e-15
8.734920634920634257e+03,8.180231100123774447e-15
8.736507936507936392e+03,8.178382068032264376e-15
8.738095238095236709e+03,8.176532874200721236e-15
8.739682539682540664e+03,8.174683519503824534e-15
8.741269841269840981e+03,8.172834004815218789e-15
8.742857142857141298e+03,8.170984331007437804e-15
8.744444444444445253e+03,8.169134498951969354e-15
8.746031746031745570e+03,8.167284509519239406e-15
8.747619047619047706e+03,8.165434363578571100e-15
8.749206349206349842e+03,8.163584061998271523e-15
8.750793650793650158e+03,8.161733605645530735e-15
8.752380952380952294e+03,8.159882995386502233e-15
8.753968253968254430e+03,8.158032232086257196e-15
8.755555555555554747e+03,8.156181316608827085e-15
8.757142857142856883e+03,8.154330249817159466e-15
8.758730158730159019e+03,8.152479032573141676e-15
8.760317460317459336e+03,8.150627665737610289e-15
8.761904761904761472e+03,8.148776150170332185e-15
8.763492063492063608e+03,8.146924486730018745e-15
8.765079365079363924e+03,8.145072676274321124e-15
8.766666666666666060e+03,8.143220719659839714e-15
8.768253968253968196e+03,8.141368617742106786e-15
8.769841269841268513e+03,8.139516371375611742e-15
8.771428571428572468e+03,8.137663981413769551e-15
8.773015873015872785e+03,8.135811448708963355e-15
8.774603174603173102e+03,8.133958774112520798e-15
8.776190476190477057e+03,8.132105958474695097e-15
8.777777777777777374e+03,8.130253002644710793e-15
8.779365079365079509e+03,8.128399907470738509e-15
8.780952380952381645e+03,8.126546673799888642e-15
8.782539682539681962e+03,8.124693302478250797e-15
8.784126984126984098e+03,8.122839794350819646e-15
8.785714285714286234e+03,8.120986150261584849e-15
8.787301587301586551e+03,8.119132371053477416e-15
8.788888888888888687e+03,8.117278457568380748e-15
8.790476190476190823e+03,8.115424410647140106e-15
8.792063492063491140e+03,8.113570231129542101e-15
8.793650793650793275e+03,8.111715919854352556e-15
8.795238095238095411e+03,8.109861477659281800e-15
8.796825396825395728e+03,8.108006905381009907e-15
8.798412698412697864e+03,8.106152203855164612e-15
8.800000000000000000e+03,8.104297373916351289e-15
8.801587301587300317e+03,8.102442416398126121e-15
8.803174603174602453e+03,8.100587332133004001e-15
8.804761904761904589e+03,8.098732121952491653e-15
8.806349206349204906e+03,8.096876786687024529e-15
8.807936507936508860e+03,8.095021327166017298e-15
8.809523809523809177e+03,8.093165744217878038e-15
8.811111111111109494e+03,8.091310038669940402e-15
8.812698412698413449e+03,8.089454211348531454e-15
8.814285714285713766e+03,8.087598263078943274e-15
8.815873015873015902e+03,8.085742194685436112e-15
8.817460317460318038e+03,8.083886006991252586e-15
8.819047619047618355e+03,8.082029700818590863e-15
8.820634920634920491e+03,8.080173276988636213e-15
8.822222222222222626e+03,8.078316736321534188e-15
8.823809523809522943e+03,8.076460079636425329e-15
8.825396825396825079e+03,8.074603307751396260e-15
8.826984126984127215e+03,8.072746421483550685e-15
8.828571428571427532e+03,8.070889421648935233e-15
8.830158730158729668e+03,8.069032309062599415e-15
8.831746031746031804e+03,8.067175084538541976e-15
8.833333333333332121e+03,8.065317748889778743e-15
8.834920634920634257e+03,8.063460302928290557e-15
8.836507936507936392e+03,8.061602747465020117e-15
8.838095238095236709e+03,8.059745083309936668e-15
8.839682539682540664e+03,8.057887311271952383e-15
8.841269841269840981e+03,8.056029432159001245e-15
8.842857142857141298e+03,8.054171446777966477e-15
8.844444444444445253e+03,8.052313355934727868e-15
8.846031746031745570e+03,8.050455160434191754e-15
8.847619047619047706e+03,8.048596861080190043e-15
8.849206349206349842e+03,8.046738458675589076e-15
8.850793650793650158e+03,8.044879954022242298e-15
8.852380952380952294e+03,8.043021347920968169e-15
8.853968253968254430e+03,8.041162641171603802e-15
8.855555555555554747e+03,8.039303834572954486e-15
8.857142857142856883e+03,8.037444928922855205e-15
8.858730158730159019e+03,8.035585925018094918e-15
8.860317460317459336e+03,8.033726823654504905e-15
8.861904761904761472e+03,8.031867625626862527e-15
8.863492063492063608e+03,8.030008331728965382e-15
8.865079365079363924e+03,8.028148942753621835e-15
8.866666666666666060e+03,8.026289459492621043e-15
8.868253968253968196e+03,8.024429882736769241e-15
8.869841269841268513e+03,8.022570213275856614e-15
8.871428571428572468e+03,8.020710451898679379e-15
8.873015873015872785e+03,8.018850599393049257e-15
8.874603174603173102e+03,8.016990656545765072e-15
8.876190476190477057e+03,8.015130624142639569e-15
8.877777777777777374e+03,8.013270502968493108e-15
8.879365079365079509e+03,8.011410293807144195e-15
8.880952380952381645e+03,8.009549997441423684e-15
8.882539682539681962e+03,8.007689614653173194e-15
8.884126984126984098e+03,8.005829146223240383e-15
8.885714285714286234e+03,8.003968592931472630e-15
8.887301587301586551e+03,8.002107955556747017e-15
8.888888888888888687e+03,8.000247234876943506e-15
8.890476190476190823e+03,7.998386431668944938e-15
8.892063492063491140e+03,7.996525546708681209e-15
8.893650793650793275e+03,7.994664580771040922e-15
8.895238095238095411e+03,7.992803534629980243e-15
8.896825396825395728e+03,7.990942409058444020e-15
8.898412698412697864e+03,7.989081204828411534e-15
8.900000000000000000e+03,7.987219922710852326e-15
8.901587301587300317e+03,7.985358563475792458e-15
8.903174603174602453e+03,7.983497127892235628e-15
8.904761904761904589e+03,7.981635616728235746e-15
8.906349206349204906e+03,7.979774030750874846e-15
8.907936507936508860e+03,7.977912370726217330e-15
8.909523809523809177e+03,7.976050637419399901e-15
8.911111111111109494e+03,7.974188831594540054e-15
8.912698412698413449e+03,7.972326954014811803e-15
8.914285714285713766e+03,7.970465005442404667e-15
8.915873015873015902e+03,7.968602986638518934e-15
8.917460317460318038e+03,7.966740898363406678e-15
8.919047619047618355e+03,7.964878741376348098e-15
8.920634920634920491e+03,7.963016516435623118e-15
8.922222222222222626e+03,7.961154224298576071e-15
8.923809523809522943e+03,7.959291865721560485e-15
8.925396825396825079e+03,7.957429441459970627e-15
8.926984126984127215e+03,7.955566952268233625e-15
8.928571428571427532e+03,7.953704398899820507e-15
8.930158730158729668e+03,7.951841782107209912e-15
8.931746031746031804e+03,7.949979102641940159e-15
8.933333333333332121e+03,7.948116361254572956e-15
8.934920634920634257e+03,7.946253558694713911e-15
8.936507936507936392e+03,7.944390695711012535e-15
8.938095238095236709e+03,7.942527773051133838e-15
8.939682539682540664e+03,7.940664791461811975e-15
8.941269841269840981e+03,7.938801751688799759e-15
8.942857142857141298e+03,7.936938654476909679e-15
8.944444444444445253e+03,7.935075500569972883e-15
8.946031746031745570e+03,7.933212290710891240e-15
8.947619047619047706e+03,7.931349025641591586e-15
8.949206349206349842e+03,7.929485706103055703e-15
8.950793650793650158e+03,7.927622332835302961e-15
8.952380952380952294e+03,7.925758906577412410e-15
8.953968253968254430e+03,7.923895428067489645e-15
8.955555555555554747e+03,7.922031898042712559e-15
8.957142857142856883e+03,7.920168317239295059e-15
8.958730158730159019e+03,7.918304686392496529e-15
8.960317460317459336e+03,7.916441006236647075e-15
8.961904761904761472e+03,7.914577277505112816e-15
8.963492063492063608e+03,7.912713500930316393e-15
8.965079365079363924e+03,7.910849677243722768e-15
8.966666666666666060e+03,7.908985807175884982e-15
8.968253968253968196e+03,7.907121891456371577e-15
8.969841269841268513e+03,7.905257930813845482e-15
8.971428571428572468e+03,7.903393925975974085e-15
8.973015873015872785e+03,7.901529877669547559e-15
8.974603174603173102e+03,7.899665786620371580e-15
8.976190476190477057e+03,7.897801653553327278e-15
8.977777777777777374e+03,7.895937479192345994e-15
8.979365079365079509e+03,7.894073264260434526e-15
8.980952380952381645e+03,7.892209009479649882e-15
8.982539682539681962e+03,7.890344715571111904e-15
8.984126984126984098e+03,7.888480383255026932e-15
8.985714285714286234e+03,7.886616013250629430e-15
8.987301587301586551e+03,7.884751606276256139e-15
8.988888888888888687e+03,7.882887163049279810e-15
8.990476190476190823e+03,7.881022684286166006e-15
8.992063492063491140e+03,7.879158170702436812e-15
8.993650793650793275e+03,7.877293623012667679e-15
8.995238095238095411e+03,7.875429041930542646e-15
8.996825396825395728e+03,7.873564428168791229e-15
8.998412698412697864e+03,7.871699782439202624e-15
9.000000000000000000e+03,7.869835105452676190e-15
9.001587301587300317e+03,7.867970397919147299e-15
9.003174603174602453e+03,7.866105660547642555e-15
9.004761904761904589e+03,7.864240894046275060e-15
9.006349206349204906e+03,7.862376099122212863e-15
9.007936507936508860e+03,7.860511276481707354e-15
9.009523809523809177e+03,7.858646426830099579e-15
9.011111111111109494e+03,7.856781550871799729e-15
9.012698412698413449e+03,7.854916649310279248e-15
9.014285714285713766e+03,7.853051722848130790e-15
9.015873015873015902e+03,7.851186772186997223e-15
9.017460317460318038e+03,7.849321798027620532e-15
9.019047619047618355e+03,7.847456801069810270e-15
9.020634920634920491e+03,7.845591782012462490e-15
9.022222222222222626e+03,7.843726741553570787e-15
9.023809523809522943e+03,7.841861680390205789e-15
9.025396825396825079e+03,7.839996599218523044e-15
9.026984126984127215e+03,7.838131498733759870e-15
9.028571428571427532e+03,7.836266379630263745e-15
9.030158730158729668e+03,7.834401242601441827e-15
9.031746031746031804e+03,7.832536088339808285e-15
9.033333333333332121e+03,7.830670917536976406e-15
9.034920634920634257e+03,7.828805730883623889e-15
9.036507936507936392e+03,7.826940529069543333e-15
9.038095238095236709e+03,7.825075312783618565e-15
9.039682539682540664e+03,7.823210082713805717e-15
9.041269841269840981e+03,7.821344839547197902e-15
9.042857142857141298e+03,7.819479583969924248e-15
9.044444444444445253e+03,7.817614316667272956e-15
9.046031746031745570e+03,7.815749038323593484e-15
9.047619047619047706e+03,7.813883749622339143e-15
9.049206349206349842e+03,7.812018451246060787e-15
9.050793650793650158e+03,7.810153143876413124e-15
9.052380952380952294e+03,7.808287828194153138e-15
9.053968253968254430e+03,7.806422504879135358e-15
9.055555555555554747e+03,7.804557174610326053e-15
9.057142857142856883e+03,7.802691838065773259e-15
9.058730158730159019e+03,7.800826495922658844e-15
9.060317460317459336e+03,7.798961148857240130e-15
9.061904761904761472e+03,7.797095797544895646e-15
9.063492063492063608e+03,7.795230442660120400e-15
9.065079365079363924e+03,7.793365084876491165e-15
9.066666666666666060e+03,7.791499724866713810e-15
9.068253968253968196e+03,7.789634363302599637e-15
9.069841269841268513e+03,7.787769000855057491e-15
9.071428571428572468e+03,7.785903638194122160e-15
9.073015873015872785e+03,7.784038275988935439e-15
9.074603174603173102e+03,7.782172914907744558e-15
9.076190476190477057e+03,7.780307555617919530e-15
9.077777777777777374e+03,7.778442198785943692e-15
9.079365079365079509e+03,7.776576845077408965e-15
9.080952380952381645e+03,7.774711495157020593e-15
9.082539682539681962e+03,7.772846149688617649e-15
9.084126984126984098e+03,7.770980809335132016e-15
9.085714285714286234e+03,7.769115474758645186e-15
9.087301587301586551e+03,7.767250146620325149e-15
9.088888888888888687e+03,7.765384825580480038e-15
9.090476190476190823e+03,7.763519512298529728e-15
9.092063492063491140e+03,7.761654207433024767e-15
9.093650793650793275e+03,7.759788911641627449e-15
9.095238095238095411e+03,7.757923625581127587e-15
9.096825396825395728e+03,7.756058349907445667e-15
9.098412698412697864e+03,7.754193085275618655e-15
9.100000000000000000e+03,7.752327832339806299e-15
9.101587301587300317e+03,7.750462591753310069e-15
9.103174603174602453e+03,7.748597364168547911e-15
9.104761904761904589e+03,7.746732150237062135e-15
9.106349206349204906e+03,7.744866950609536769e-15
9.107936507936508860e+03,7.743001765935759697e-15
9.109523809523809177e+03,7.741136596864696808e-15
9.111111111111109494e+03,7.739271444044397337e-15
9.112698412698413449e+03,7.737406308122068012e-15
9.114285714285713766e+03,7.735541189744036775e-15
9.115873015873015902e+03,7.733676089555790637e-15
9.117460317460318038e+03,7.731811008201912578e-15
9.119047619047618355e+03,7.729945946326152540e-15
9.120634920634920491e+03,7.728080904571381673e-15
9.122222222222222626e+03,7.726215883579606536e-15
9.123809523809522943e+03,7.724350883991995918e-15
9.125396825396825079e+03,7.722485906448824040e-15
9.126984126984127215e+03,7.720620951589528929e-15
9.128571428571427532e+03,7.718756020052674557e-15
9.130158730158729668e+03,7.716891112475971344e-15
9.131746031746031804e+03,7.715026229496280900e-15
9.133333333333332121e+03,7.713161371749595509e-15
9.134920634920634257e+03,7.711296539871052328e-15
9.136507936507936392e+03,7.709431734494944434e-15
9.138095238095236709e+03,7.707566956254698737e-15
9.139682539682540664e+03,7.705702205782879129e-15
9.141269841269840981e+03,7.703837483711240133e-15
9.142857142857141298e+03,7.701972790670622772e-15
9.144444444444445253e+03,7.700108127291071318e-15
9.146031746031745570e+03,7.698243494201738630e-15
9.147619047619047706e+03,7.696378892030949263e-15
9.149206349206349842e+03,7.694514321406188426e-15
9.150793650793650158e+03,7.692649782954067268e-15
9.152380952380952294e+03,7.690785277300357590e-15
9.153968253968254430e+03,7.688920805070006046e-15
9.155555555555554747e+03,7.687056366887089965e-15
9.157142857142856883e+03,7.685191963374837860e-15
9.158730158730159019e+03,7.683327595155667296e-15
9.160317460317459336e+03,7.681463262851113893e-15
9.161904761904761472e+03,7.679598967081897586e-15
9.163492063492063608e+03,7.677734708467881609e-15
9.165079365079363924e+03,7.675870487628104047e-15
9.166666666666666060e+03,7.674006305180736817e-15
9.168253968253968196e+03,7.672142161743139305e-15
9.169841269841268513e+03,7.670278057931826822e-15
9.171428571428572468e+03,7.668413994362465859e-15
9.173015873015872785e+03,7.666549971649900918e-15
9.174603174603173102e+03,7.664685990408116640e-15
9.176190476190477057e+03,7.662822051250302496e-15
9.177777777777777374e+03,7.660958154788769165e-15
9.179365079365077690e+03,7.659094301635028999e-15
9.180952380952381645e+03,7.657230492399736069e-15
9.182539682539681962e+03,7.655366727692735075e-15
9.184126984126984098e+03,7.653503008123021903e-15
9.185714285714286234e+03,7.651639334298767290e-15
9.187301587301586551e+03,7.649775706827324713e-15
9.188888888888888687e+03,7.647912126315195680e-15
9.190476190476190823e+03,7.646048593368077060e-15
9.192063492063491140e+03,7.644185108590816908e-15
9.193650793650793275e+03,7.642321672587469685e-15
9.195238095238095411e+03,7.640458285961215794e-15
9.196825396825395728e+03,7.638594949314456244e-15
9.198412698412697864e+03,7.636731663248747962e-15
9.200000000000000000e+03,7.634868428364814838e-15
9.201587301587300317e+03,7.633005245262588746e-15
9.203174603174602453e+03,7.631142114541148012e-15
9.204761904761904589e+03,7.629279036798775792e-15
9.206349206349204906e+03,7.627416012632914313e-15
9.207936507936508860e+03,7.625553042640198011e-15
9.209523809523809177e+03,7.623690127416451951e-15
9.211111111111109494e+03,7.621827267556665002e-15
9.212698412698413449e+03,7.619964463655011934e-15
9.214285714285713766e+03,7.618101716304875495e-15
9.215873015873015902e+03,7.616239026098780157e-15
9.217460317460318038e+03,7.614376393628472572e-15
9.219047619047618355e+03,7.612513819484880555e-15
9.220634920634920491e+03,7.610651304258108352e-15
9.222222222222222626e+03,7.608788848537450836e-15
9.223809523809522943e+03,7.606926452911391931e-15
9.225396825396825079e+03,7.605064117967612501e-15
9.226984126984127215e+03,7.603201844292979306e-15
9.228571428571427532e+03,7.601339632473545001e-15
9.230158730158729668e+03,7.599477483094556025e-15
9.231746031746031804e+03,7.597615396740463646e-15
9.233333333333332121e+03,7.595753373994897138e-15
9.234920634920634257e+03,7.593891415440674826e-15
9.236507936507936392e+03,7.592029521659852996e-15
9.238095238095236709e+03,7.590167693233618609e-15
9.239682539682540664e+03,7.588305930742402898e-15
9.241269841269840981e+03,7.586444234765827723e-15
9.242857142857141298e+03,7.584582605882700841e-15
9.244444444444445253e+03,7.582721044671025371e-15
9.246031746031745570e+03,7.580859551708029769e-15
9.247619047619047706e+03,7.578998127570125233e-15
9.249206349206349842e+03,7.577136772832905699e-15
9.250793650793650158e+03,7.575275488071214110e-15
9.252380952380952294e+03,7.573414273859047748e-15
9.253968253968254430e+03,7.571553130769654478e-15
9.255555555555554747e+03,7.569692059375442817e-15
9.257142857142856883e+03,7.567831060248043464e-15
9.258730158730159019e+03,7.565970133958310882e-15
9.260317460317459336e+03,7.564109281076282270e-15
9.261904761904761472e+03,7.562248502171210703e-15
9.263492063492063608e+03,7.560387797811561970e-15
9.265079365079363924e+03,7.558527168565013000e-15
9.266666666666666060e+03,7.556666614998429773e-15
9.268253968253968196e+03,7.554806137677916231e-15
9.269841269841268513e+03,7.552945737168774830e-15
9.271428571428572468e+03,7.551085414035517591e-15
9.273015873015872785e+03,7.549225168841877137e-15
9.274603174603173102e+03,7.547365002150800388e-15
9.276190476190477057e+03,7.545504914524432781e-15
9.277777777777777374e+03,7.543644906524157712e-15
9.279365079365077690e+03,7.541784978710566562e-15
9.280952380952381645e+03,7.539925131643452383e-15
9.282539682539681962e+03,7.538065365881854080e-15
9.284126984126984098e+03,7.536205681984002759e-15
9.285714285714286234e+03,7.534346080507373801e-15
9.287301587301586551e+03,7.532486562008630060e-15
9.288888888888888687e+03,7.530627127043689703e-15
9.290476190476190823e+03,7.528767776167667839e-15
9.292063492063491140e+03,7.526908509934927002e-15
9.293650793650793275e+03,7.525049328899010891e-15
9.295238095238095411e+03,7.523190233612727983e-15
9.296825396825395728e+03,7.521331224628099475e-15
9.298412698412697864e+03,7.519472302496365589e-15
9.300000000000000000e+03,7.517613467767995043e-15
9.301587301587300317e+03,7.515754720992683471e-15
9.303174603174602453e+03,7.513896062719361312e-15
9.304761904761904589e+03,7.512037493496171720e-15
9.306349206349204906e+03,7.510179013870502123e-15
9.307936507936508860e+03,7.508320624388971596e-15
9.309523809523809177e+03,7.506462325597415089e-15
9.311111111111109494e+03,7.504604118040908665e-15
9.312698412698413449e+03,7.502746002263747416e-15
9.314285714285713766e+03,7.500887978809500683e-15
9.315873015873015902e+03,7.499030048220909500e-15
9.317460317460318038e+03,7.497172211040000197e-15
9.319047619047618355e+03,7.495314467808016550e-15
9.320634920634920491e+03,7.493456819065437144e-15
9.322222222222222626e+03,7.491599265351973788e-15
9.323809523809522943e+03,7.489741807206579408e-15
9.325396825396825079e+03,7.487884445167457511e-15
9.326984126984127215e+03,7.486027179772022746e-15
9.328571428571427532e+03,7.484170011556967162e-15
9.330158730158729668e+03,7.482312941058186061e-15
9.331746031746031804e+03,7.480455968810845837e-15
9.333333333333332121e+03,7.478599095349328754e-15
9.334920634920634257e+03,7.476742321207278705e-15
9.336507936507936392e+03,7.474885646917585431e-15
9.338095238095236709e+03,7.473029073012365590e-15
9.339682539682540664e+03,7.471172600022999042e-15
9.341269841269840981e+03,7.469316228480094142e-15
9.342857142857141298e+03,7.467459958913536650e-15
9.344444444444445253e+03,7.465603791852406108e-15
9.346031746031745570e+03,7.463747727825084706e-15
9.347619047619047706e+03,7.461891767359178395e-15
9.349206349206349842e+03,7.460035910981542129e-15
9.350793650793650158e+03,7.458180159218287757e-15
9.352380952380952294e+03,7.456324512594779286e-15
9.353968253968254430e+03,7.454468971635617108e-15
9.355555555555554747e+03,7.452613536864680593e-15
9.357142857142856883e+03,7.450758208805074453e-15
9.358730158730159019e+03,7.448902987979182378e-15
9.360317460317459336e+03,7.447047874908633910e-15
9.361904761904761472e+03,7.445192870114290237e-15
9.363492063492063608e+03,7.443337974116324663e-15
9.365079365079363924e+03,7.441483187434099543e-15
9.366666666666666060e+03,7.439628510586294076e-15
9.368253968253968196e+03,7.437773944090806492e-15
9.369841269841268513e+03,7.435919488464826621e-15
9.371428571428570649e+03,7.434065144224766479e-15
9.373015873015872785e+03,7.432210911886329681e-15
9.374603174603173102e+03,7.430356791964481472e-15
9.376190476190477057e+03,7.428502784973414011e-15
9.377777777777777374e+03,7.426648891426633150e-15
9.379365079365077690e+03,7.424795111836874810e-15
9.380952380952381645e+03,7.422941446716147585e-15
9.382539682539681962e+03,7.421087896575721694e-15
9.384126984126984098e+03,7.419234461926140026e-15
9.385714285714286234e+03,7.417381143277213406e-15
9.387301587301586551e+03,7.415527941138017444e-15
9.388888888888888687e+03,7.413674856016883063e-15
9.390476190476190823e+03,7.411821888421435943e-15
9.392063492063491140e+03,7.409969038858558661e-15
9.393650793650793275e+03,7.408116307834392260e-15
9.395238095238095411e+03,7.406263695854363079e-15
9.396825396825395728e+03,7.404411203423181169e-15
9.398412698412697864e+03,7.402558831044791387e-15
9.400000000000000000e+03,7.400706579222457014e-15
9.401587301587300317e+03,7.398854448458674557e-15
9.403174603174602453e+03,7.397002439255255794e-15
9.404761904761904589e+03,7.395150552113244151e-15
9.406349206349204906e+03,7.393298787532999900e-15
9.407936507936508860e+03,7.391447146014133896e-15
9.409523809523809177e+03,7.389595628055545442e-15
9.411111111111109494e+03,7.387744234155409665e-15
9.412698412698413449e+03,7.385892964811177519e-15
9.414285714285713766e+03,7.384041820519605761e-15
9.415873015873015902e+03,7.382190801776681218e-15
9.417460317460318038e+03,7.380339909077721763e-15
9.419047619047618355e+03,7.378489142917295853e-15
9.420634920634920491e+03,7.376638503789274591e-15
9.422222222222222626e+03,7.374787992186792284e-15
9.423809523809522943e+03,7.372937608602298506e-15
9.425396825396825079e+03,7.371087353527487105e-15
9.426984126984127215e+03,7.369237227453371929e-15
9.428571428571427532e+03,7.367387230870241076e-15
9.430158730158729668e+03,7.365537364267667933e-15
9.431746031746031804e+03,7.363687628134509604e-15
9.433333333333332121e+03,7.361838022958928994e-15
9.434920634920634257e+03,7.359988549228371145e-15
9.436507936507936392e+03,7.358139207429544302e-15
9.438095238095236709e+03,7.356289998048495647e-15
9.439682539682540664e+03,7.354440921570515054e-15
9.441269841269840981e+03,7.352591978480240796e-15
9.442857142857141298e+03,7.350743169261545954e-15
9.444444444444445253e+03,7.348894494397623610e-15
9.446031746031745570e+03,7.347045954370986847e-15
9.447619047619047706e+03,7.345197549663393020e-15
9.449206349206349842e+03,7.343349280755928951e-15
9.450793650793650158e+03,7.341501148128969912e-15
9.452380952380952294e+03,7.339653152262198554e-15
9.453968253968254430e+03,7.337805293634562307e-15
9.455555555555554747e+03,7.335957572724355429e-15
9.457142857142856883e+03,7.334109990009133800e-15
9.458730158730159019e+03,7.332262545965766993e-15
9.460317460317459336e+03,7.330415241070428805e-15
9.461904761904761472e+03,7.328568075798586215e-15
9.463492063492063608e+03,7.326721050625023046e-15
9.465079365079363924e+03,7.324874166023806838e-15
9.466666666666666060e+03,7.323027422468318821e-15
9.468253968253968196e+03,7.321180820431253914e-15
9.469841269841268513e+03,7.319334360384595487e-15
9.471428571428570649e+03,7.317488042799637442e-15
9.473015873015872785e+03,7.315641868146985798e-15
9.474603174603173102e+03,7.313795836896566572e-15
9.476190476190477057e+03,7.311949949517567411e-15
9.477777777777777374e+03,7.310104206478543293e-15
9.479365079365077690e+03,7.308258608247321866e-15
9.480952380952381645e+03,7.306413155291036583e-15
9.482539682539681962e+03,7.304567848076161406e-15
9.484126984126984098e+03,7.302722687068461903e-15
9.485714285714286234e+03,7.300877672733020486e-15
9.487301587301586551e+03,7.299032805534228526e-15
9.488888888888888687e+03,7.297188085935798974e-15
9.490476190476190823e+03,7.295343514400753738e-15
9.492063492063491140e+03,7.293499091391425261e-15
9.493650793650793275e+03,7.291654817369469146e-15
9.495238095238095411e+03,7.289810692795862573e-15
9.496825396825395728e+03,7.287966718130886948e-15
9.498412698412697864e+03,7.286122893834151566e-15
9.500000000000000000e+03,7.284279220364569948e-15
9.501587301587300317e+03,7.282435698180400861e-15
9.503174603174602453e+03,7.280592327739191517e-15
9.504761904761904589e+03,7.278749109497832800e-15
9.506349206349204906e+03,7.276906043912538746e-15
9.507936507936508860e+03,7.275063131438822887e-15
9.509523809523809177e+03,7.273220372531548731e-15
9.511111111111109494e+03,7.271377767644872967e-15
9.512698412698413449e+03,7.269535317232313309e-15
9.514285714285713766e+03,7.267693021746674337e-15
9.515873015873015902e+03,7.265850881640118501e-15
9.517460317460318038e+03,7.264008897364118785e-15
9.519047619047618355e+03,7.262167069369466599e-15
9.520634920634920491e+03,7.260325398106303330e-15
9.522222222222222626e+03,7.258483884024074589e-15
9.523809523809522943e+03,7.256642527571585435e-15
9.525396825396825079e+03,7.254801329196934104e-15
9.526984126984127215e+03,7.252960289347578279e-15
9.528571428571427532e+03,7.251119408470290912e-15
9.530158730158729668e+03,7.249278687011191778e-15
9.531746031746031804e+03,7.247438125415711186e-15
9.533333333333332121e+03,7.245597724128631003e-15
9.534920634920634257e+03,7.243757483594062563e-15
9.536507936507936392e+03,7.241917404255443515e-15
9.538095238095236709e+03,7.240077486555556751e-15
9.539682539682540664e+03,7.238237730936525676e-15
9.541269841269840981e+03,7.236398137839793697e-15
9.542857142857141298e+03,7.234558707706151045e-15
9.544444444444445253e+03,7.232719440975731618e-15
9.546031746031745570e+03,7.230880338088000359e-15
9.547619047619047706e+03,7.229041399481751681e-15
9.549206349206349842e+03,7.227202625595141019e-15
9.550793650793650158e+03,7.225364016865669053e-15
9.552380952380952294e+03,7.223525573730137533e-15
9.553968253968254430e+03,7.221687296624729741e-15
9.555555555555554747e+03,7.219849185984958427e-15
9.557142857142856883e+03,7.218011242245686323e-15
9.558730158730159019e+03,7.216173465841104046e-15
9.560317460317459336e+03,7.214335857204761663e-15
9.561904761904761472e+03,7.212498416769548173e-15
9.563492063492063608e+03,7.210661144967712020e-15
9.565079365079363924e+03,7.208824042230821650e-15
9.566666666666666060e+03,7.206987108989814422e-15
9.568253968253968196e+03,7.205150345674988714e-15
9.569841269841268513e+03,7.203313752715947134e-15
9.571428571428570649e+03,7.201477330541680128e-15
9.573015873015872785e+03,7.199641079580513925e-15
9.574603174603173102e+03,7.197805000260145242e-15
9.576190476190477057e+03,7.195969093007579755e-15
9.577777777777777374e+03,7.194133358249220447e-15
9.579365079365077690e+03,7.192297796410802928e-15
9.580952380952381645e+03,7.190462407917411208e-15
9.582539682539681962e+03,7.188627193193493474e-15
9.584126984126984098e+03,7.186792152662855781e-15
9.585714285714286234e+03,7.184957286748641541e-15
9.587301587301586551e+03,7.183122595873383588e-15
9.588888888888888687e+03,7.181288080458933179e-15
9.590476190476190823e+03,7.179453740926527838e-15
9.592063492063491140e+03,7.177619577696748757e-15
9.593650793650793275e+03,7.175785591189542883e-15
9.595238095238095411e+03,7.173951781824213453e-15
9.596825396825395728e+03,7.172118150019426305e-15
9.598412698412697864e+03,7.170284696193211454e-15
9.600000000000000000e+03,7.168451420762952049e-15
9.601587301587300317e+03,7.166618324145396996e-15
9.603174603174602453e+03,7.164785406756660956e-15
9.604761904761904589e+03,7.162952669012229079e-15
9.606349206349204906e+03,7.161120111326939650e-15
9.607936507936508860e+03,7.159287734114987241e-15
9.609523809523809177e+03,7.157455537789952694e-15
9.611111111111109494e+03,7.155623522764787337e-15
9.612698412698413449e+03,7.153791689451779855e-15
9.614285714285713766e+03,7.151960038262609934e-15
9.615873015873015902e+03,7.150128569608324593e-15
9.617460317460318038e+03,7.148297283899327140e-15
9.619047619047618355e+03,7.146466181545402417e-15
9.620634920634920491e+03,7.144635262955702597e-15
9.622222222222222626e+03,7.142804528538753500e-15
9.623809523809522943e+03,7.140973978702443546e-15
9.625396825396825079e+03,7.139143613854036377e-15
9.626984126984127215e+03,7.137313434400172434e-15
9.628571428571427532e+03,7.135483440746889470e-15
9.630158730158729668e+03,7.133653633299542083e-15
9.631746031746031804e+03,7.131824012462905846e-15
9.633333333333332121e+03,7.129994578641120514e-15
9.634920634920634257e+03,7.128165332237704216e-15
9.636507936507936392e+03,7.126336273655542416e-15
9.638095238095236709e+03,7.124507403296906844e-15
9.639682539682540664e+03,7.122678721563450763e-15
9.641269841269840981e+03,7.120850228856191615e-15
9.642857142857141298e+03,7.119021925575540994e-15
9.644444444444445253e+03,7.117193812121280987e-15
9.646031746031745570e+03,7.115365888892594144e-15
9.647619047619047706e+03,7.113538156288008260e-15
9.649206349206349842e+03,7.111710614705467376e-15
9.650793650793650158e+03,7.109883264542287597e-15
9.652380952380952294e+03,7.108056106195160251e-15
9.653968253968254430e+03,7.106229140060170820e-15
9.655555555555554747e+03,7.104402366532782377e-15
9.657142857142856883e+03,7.102575786007860036e-15
9.658730158730159019e+03,7.100749398879629935e-15
9.660317460317459336e+03,7.098923205541718677e-15
9.661904761904761472e+03,7.097097206387143865e-15
9.663492063492063608e+03,7.095271401808303056e-15
9.665079365079363924e+03,7.093445792196984810e-15
9.666666666666666060e+03,7.091620377944374203e-15
9.668253968253968196e+03,7.089795159441029960e-15
9.669841269841268513e+03,7.087970137076923103e-15
9.671428571428570649e+03,7.086145311241396720e-15
9.673015873015872785e+03,7.084320682323199887e-15
9.674603174603173102e+03,7.082496250710467947e-15
9.676190476190477057e+03,7.080672016790720143e-15
9.677777777777777374e+03,7.078847980950891959e-15
9.679365079365077690e+03,7.077024143577299624e-15
9.680952380952381645e+03,7.075200505055642480e-15
9.682539682539681962e+03,7.073377065771047153e-15
9.684126984126984098e+03,7.071553826108006814e-15
9.685714285714286234e+03,7.069730786450425357e-15
9.687301587301586551e+03,7.067907947181607140e-15
9.688888888888888687e+03,7.066085308684245942e-15
9.690476190476190823e+03,7.064262871340437588e-15
9.692063492063491140e+03,7.062440635531681522e-15
9.693650793650793275e+03,7.060618601638876866e-15
9.695238095238095411e+03,7.058796770042325573e-15
9.696825396825395728e+03,7.056975141121712708e-15
9.698412698412697864e+03,7.055153715256149045e-15
9.700000000000000000e+03,7.053332492824150556e-15
9.701587301587300317e+03,7.051511474203609225e-15
9.703174603174602453e+03,7.049690659771841168e-15
9.704761904761904589e+03,7.047870049905559021e-15
9.706349206349204906e+03,7.046049644980910597e-15
9.707936507936508860e+03,7.044229445373392108e-15
9.709523809523809177e+03,7.042409451457957032e-15
9.711111111111109494e+03,7.040589663608949055e-15
9.712698412698413449e+03,7.038770082200109965e-15
9.714285714285713766e+03,7.036950707604600946e-15
9.715873015873015902e+03,7.035131540194998637e-15
9.717460317460318038e+03,7.033312580343276988e-15
9.719047619047618355e+03,7.031493828420819090e-15
9.720634920634920491e+03,7.029675284798428224e-15
9.722222222222222626e+03,7.027856949846312079e-15
9.723809523809522943e+03,7.026038823934109576e-15
9.725396825396825079e+03,7.024220907430841169e-15
9.726984126984127215e+03,7.022403200704960910e-15
9.728571428571427532e+03,7.020585704124342249e-15
9.730158730158729668e+03,7.018768418056255158e-15
9.731746031746031804e+03,7.016951342867396895e-15
9.733333333333332121e+03,7.015134478923884907e-15
9.734920634920634257e+03,7.013317826591240260e-15
9.736507936507936392e+03,7.011501386234408941e-15
9.738095238095236709e+03,7.009685158217755548e-15
9.739682539682540664e+03,7.007869142905062499e-15
9.741269841269840981e+03,7.006053340659528453e-15
9.742857142857141298e+03,7.004237751843780147e-15
9.744444444444445253e+03,7.002422376819854250e-15
9.746031746031745570e+03,7.000607215949214717e-15
9.747619047619047706e+03,6.998792269592746478e-15
9.749206349206349842e+03,6.996977538110754654e-15
9.750793650793650158e+03,6.995163021862967706e-15
9.752380952380952294e+03,6.993348721208539015e-15
9.753968253968254430e+03,6.991534636506057138e-15
9.755555555555554747e+03,6.989720768113516621e-15
9.757142857142856883e+03,6.987907116388329829e-15
9.758730158730159019e+03,6.986093681687375070e-15
9.760317460317459336e+03,6.984280464366926383e-15
9.761904761904761472e+03,6.982467464782677995e-15
9.763492063492063608e+03,6.980654683289777451e-15
9.765079365079363924e+03,6.978842120242788541e-15
9.766666666666666060e+03,6.977029775995704708e-15
9.768253968253968196e+03,6.975217650901943525e-15
9.769841269841268513e+03,6.973405745314364842e-15
9.771428571428570649e+03,6.971594059585255795e-15
9.773015873015872785e+03,6.969782594066320554e-15
9.774603174603173102e+03,6.967971349108711083e-15
9.776190476190477057e+03,6.966160325063020834e-15
9.777777777777777374e+03,6.964349522279250826e-15
9.779365079365077690e+03,6.962538941106853816e-15
9.780952380952381645e+03,6.960728581894709853e-15
9.782539682539681962e+03,6.958918444991151511e-15
9.784126984126984098e+03,6.957108530743911835e-15
9.785714285714286234e+03,6.955298839500196118e-15
9.787301587301586551e+03,6.953489371606628264e-15
9.788888888888888687e+03,6.951680127409285496e-15
9.790476190476190823e+03,6.949871107253650238e-15
9.792063492063491140e+03,6.948062311484678741e-15
9.793650793650793275e+03,6.946253740446750600e-15
9.795238095238095411e+03,6.944445394483692418e-15
9.796825396825395728e+03,6.942637273938761241e-15
9.798412698412697864e+03,6.940829379154665067e-15
9.800000000000000000e+03,6.939021710473551804e-15
9.801587301587300317e+03,6.937214268237010056e-15
9.803174603174602453e+03,6.935407052786067548e-15
9.804761904761904589e+03,6.933600064461209269e-15
9.806349206349204906e+03,6.931793303602351439e-15
9.807936507936508860e+03,6.929986770548854919e-15
9.809523809523809177e+03,6.928180465639539412e-15
9.811111111111109494e+03,6.926374389212655063e-15
9.812698412698413449e+03,6.924568541605908494e-15
9.814285714285713766e+03,6.922762923156450177e-15
9.815873015873015902e+03,6.920957534200884695e-15
9.817460317460318038e+03,6.919152375075249437e-15
9.819047619047618355e+03,6.917347446115056414e-15
9.820634920634920491e+03,6.915542747655240977e-15
9.822222222222222626e+03,6.913738280030199686e-15
9.823809523809522943e+03,6.911934043573786365e-15
9.825396825396825079e+03,6.910130038619303424e-15
9.826984126984127215e+03,6.908326265499490026e-15
9.828571428571427532e+03,6.906522724546567841e-15
9.830158730158729668e+03,6.904719416092184250e-15
9.831746031746031804e+03,6.902916340467453362e-15
9.833333333333332121e+03,6.901113498002941029e-15
9.834920634920634257e+03,6.899310889028662476e-15
9.836507936507936392e+03,6.897508513874112283e-15
9.838095238095236709e+03,6.895706372868213104e-15
9.839682539682540664e+03,6.893904466339348011e-15
9.841269841269840981e+03,6.892102794615381008e-15
9.842857142857141298e+03,6.890301358023613640e-15
9.844444444444445253e+03,6.888500156890803138e-15
9.846031746031745570e+03,6.886699191543179773e-15
9.847619047619047706e+03,6.884898462306423193e-15
9.849206349206349842e+03,6.883097969505690030e-15
9.850793650793650158e+03,6.881297713465573669e-15
9.852380952380952294e+03,6.879497694510139749e-15
9.853968253968254430e+03,6.877697912962929313e-15
9.855555555555554747e+03,6.875898369146925683e-15
9.857142857142856883e+03,6.874099063384582065e-15
9.858730158730159019e+03,6.872299995997823915e-15
9.860317460317459336e+03,6.870501167308046579e-15
9.861904761904761472e+03,6.868702577636068741e-15
9.863492063492063608e+03,6.866904227302229461e-15
9.865079365079363924e+03,6.865106116626305340e-15
9.866666666666666060e+03,6.863308245927551540e-15
9.868253968253968196e+03,6.861510615524667080e-15
9.869841269841268513e+03,6.859713225735845316e-15
9.871428571428570649e+03,6.857916076878740813e-15
9.873015873015872785e+03,6.856119169270470132e-15
9.874603174603173102e+03,6.854322503227627611e-15
9.876190476190477057e+03,6.852526079066271948e-15
9.877777777777777374e+03,6.850729897101949083e-15
9.879365079365077690e+03,6.848933957649644075e-15
9.880952380952381645e+03,6.847138261023839481e-15
9.882539682539681962e+03,6.845342807538494841e-15
9.884126984126984098e+03,6.843547597507027747e-15
9.885714285714286234e+03,6.841752631242325679e-15
9.887301587301586551e+03,6.839957909056770454e-15
9.888888888888888687e+03,6.838163431262202734e-15
9.890476190476190823e+03,6.836369198169949629e-15
9.892063492063491140e+03,6.834575210090804193e-15
9.893650793650793275e+03,6.832781467335039620e-15
9.895238095238095411e+03,6.830987970212406876e-15
9.896825396825395728e+03,6.829194719032144170e-15
9.898412698412697864e+03,6.827401714102955651e-15
9.900000000000000000e+03,6.825608955733022454e-15
9.901587301587300317e+03,6.823816444230021630e-15
9.903174603174602453e+03,6.822024179901091440e-15
9.904761904761904589e+03,6.820232163052866062e-15
9.906349206349204906e+03,6.818440393991447194e-15
9.907936507936508860e+03,6.816648873022430871e-15
9.909523809523809177e+03,6.814857600450901162e-15
9.911111111111109494e+03,6.813066576581397029e-15
9.912698412698413449e+03,6.811275801717962032e-15
9.914285714285713766e+03,6.809485276164138013e-15
9.915873015873015902e+03,6.807695000222912248e-15
9.917460317460318038e+03,6.805904974196786071e-15
9.919047619047618355e+03,6.804115198387748849e-15
9.920634920634920491e+03,6.802325673097263775e-15
9.922222222222222626e+03,6.800536398626278130e-15
9.923809523809522943e+03,6.798747375275232746e-15
9.925396825396825079e+03,6.796958603344075415e-15
9.926984126984127215e+03,6.795170083132202516e-15
9.928571428571427532e+03,6.793381814938533957e-15
9.930158730158729668e+03,6.791593799061460320e-15
9.931746031746031804e+03,6.789806035798883093e-15
9.933333333333332121e+03,6.788018525448166549e-15
9.934920634920634257e+03,6.786231268306186657e-15
9.936507936507936392e+03,6.784444264669308993e-15
9.938095238095236709e+03,6.782657514833394261e-15
9.939682539682540664e+03,6.780871019093772263e-15
9.941269841269840981e+03,6.779084777745301062e-15
9.942857142857141298e+03,6.777298791082318861e-15
9.944444444444445253e+03,6.775513059398648736e-15
9.946031746031745570e+03,6.773727582987623883e-15
9.947619047619047706e+03,6.771942362142058425e-15
9.949206349206349842e+03,6.770157397154289225e-15
9.950793650793650158e+03,6.768372688316119877e-15
9.952380952380952294e+03,6.766588235918866458e-15
9.953968253968254430e+03,6.764804040253347273e-15
9.955555555555554747e+03,6.763020101609878124e-15
9.957142857142856883e+03,6.761236420278251798e-15
9.958730158730159019e+03,6.759452996547793286e-15
9.960317460317459336e+03,6.757669830707314822e-15
9.961904761904761472e+03,6.755886923045129290e-15
9.963492063492063608e+03,6.754104273849043123e-15
9.965079365079363924e+03,6.752321883406385496e-15
9.966666666666666060e+03,6.750539752003958624e-15
9.968253968253968196e+03,6.748757879928102450e-15
9.969841269841268513e+03,6.746976267464631535e-15
9.971428571428570649e+03,6.745194914898885546e-15
9.973015873015872785e+03,6.743413822515694545e-15
9.974603174603173102e+03,6.741632990599393979e-15
9.976190476190477057e+03,6.739852419433841246e-15
9.977777777777777374e+03,6.738072109302387294e-15
9.979365079365077690e+03,6.736292060487896345e-15
9.980952380952381645e+03,6.734512273272726960e-15
9.982539682539681962e+03,6.732732747938762017e-15
9.984126984126984098e+03,6.730953484767378736e-15
9.985714285714286234e+03,6.729174484039492850e-15
9.987301587301586551e+03,6.727395746035486825e-15
9.988888888888888687e+03,6.725617271035285587e-15
9.990476190476190823e+03,6.723839059318310768e-15
9.992063492063491140e+03,6.722061111163515416e-15
9.993650793650793275e+03,6.720283426849324045e-15
9.995238095238095411e+03,6.718506006653714671e-15
9.996825396825395728e+03,6.716728850854161229e-15
9.998412698412697864e+03,6.714951959727653293e-15
1.000000000000000000e+04,6.713175333550685032e-15
