wavelength_angstrom,flux_erg_s_cm2_angstrom
3.500000000000000000e+03,9.999999999999999988e-15
3.501587301587301681e+03,9.988021017456991651e-15
3.503174603174603362e+03,9.976058433731039258e-15
3.504761904761904589e+03,9.964112225897635066e-15
3.506349206349206270e+03,9.952182371056579292e-15
3.507936507936507951e+03,9.940268846332017979e-15
3.509523809523809632e+03,9.928371628872495059e-15
3.511111111111111313e+03,9.916490695850938156e-15
3.512698412698412540e+03,9.904626024464735890e-15
3.514285714285714221e+03,9.892777591935688975e-15
3.515873015873015902e+03,9.880945375510108030e-15
3.517460317460317583e+03,9.869129352458802540e-15
3.519047619047619264e+03,9.857329500077109251e-15
3.520634920634920491e+03,9.845545795684903218e-15
3.522222222222222172e+03,9.833778216626645136e-15
3.523809523809523853e+03,9.822026740271403426e-15
3.525396825396825534e+03,9.810291344012836880e-15
3.526984126984126760e+03,9.798572005269278282e-15
3.528571428571428442e+03,9.786868701483694966e-15
3.530158730158730123e+03,9.775181410123769276e-15
3.531746031746031804e+03,9.763510108681857549e-15
3.533333333333333485e+03,9.751854774675062688e-15
3.534920634920634711e+03,9.740215385645240472e-15
3.536507936507936392e+03,9.728591919158994828e-15
3.538095238095238074e+03,9.716984352807715688e-15
3.539682539682539755e+03,9.705392664207620018e-15
3.541269841269841436e+03,9.693816830999742347e-15
3.542857142857142662e+03,9.682256830849944234e-15
3.544444444444444343e+03,9.670712641448963178e-15
3.546031746031746025e+03,9.659184240512422084e-15
3.547619047619047706e+03,9.647671605780826107e-15
3.549206349206349387e+03,9.636174715019605254e-15
3.550793650793650613e+03,9.624693546019128577e-15
3.552380952380952294e+03,9.613228076594693135e-15
3.553968253968253975e+03,9.601778284586579211e-15
3.555555555555555657e+03,9.590344147860040846e-15
3.557142857142857338e+03,9.578925644305338974e-15
3.558730158730158564e+03,9.567522751837731950e-15
3.560317460317460245e+03,9.556135448397508687e-15
3.561904761904761926e+03,9.544763711950007589e-15
3.563492063492063608e+03,9.533407520485622858e-15
3.565079365079365289e+03,9.522066852019815540e-15
3.566666666666666515e+03,9.510741684593146659e-15
3.568253968253968196e+03,9.499431996271242502e-15
3.569841269841269877e+03,9.488137765144882980e-15
3.571428571428571558e+03,9.476858969329940087e-15
3.573015873015872785e+03,9.465595586967439438e-15
3.574603174603174466e+03,9.454347596223553956e-15
3.576190476190476147e+03,9.443114975289616493e-15
3.577777777777777828e+03,9.431897702382137185e-15
3.579365079365079509e+03,9.420695755742808189e-15
3.580952380952380736e+03,9.409509113638527341e-15
3.582539682539682417e+03,9.398337754361393431e-15
3.584126984126984098e+03,9.387181656228717242e-15
3.585714285714285779e+03,9.376040797583056262e-15
3.587301587301587460e+03,9.364915156792187862e-15
3.588888888888888687e+03,9.353804712249153472e-15
3.590476190476190368e+03,9.342709442372238072e-15
3.592063492063492049e+03,9.331629325605012788e-15
3.593650793650793730e+03,9.320564340416311229e-15
3.595238095238095411e+03,9.309514465300264194e-15
3.596825396825396638e+03,9.298479678776287053e-15
3.598412698412698319e+03,9.287459959389089211e-15
3.600000000000000000e+03,9.276455285708723020e-15
3.601587301587301681e+03,9.265465636330514357e-15
3.603174603174603362e+03,9.254490989875150976e-15
3.604761904761904589e+03,9.243531324988643068e-15
3.606349206349206270e+03,9.232586620342329567e-15
3.607936507936507951e+03,9.221656854632901823e-15
3.609523809523809632e+03,9.210742006582408326e-15
3.611111111111111313e+03,9.199842054938256294e-15
3.612698412698412540e+03,9.188956978473203774e-15
3.614285714285714221e+03,9.178086755985395939e-15
3.615873015873015902e+03,9.167231366298341414e-15
3.617460317460317583e+03,9.156390788260943836e-15
3.619047619047619264e+03,9.145565000747471877e-15
3.620634920634920491e+03,9.134753982657598684e-15
3.622222222222222172e+03,9.123957712916387680e-15
3.623809523809523853e+03,9.113176170474303611e-15
3.625396825396825534e+03,9.102409334307209388e-15
3.626984126984126760e+03,9.091657183416377133e-15
3.628571428571428442e+03,9.080919696828492908e-15
3.630158730158730123e+03,9.070196853595639367e-15
3.631746031746031804e+03,9.059488632795332035e-15
3.633333333333333485e+03,9.048795013530500384e-15
3.634920634920634711e+03,9.038115974929497292e-15
3.636507936507936392e+03,9.027451496146080117e-15
3.638095238095238074e+03,9.016801556359458022e-15
3.639682539682539755e+03,9.006166134774255693e-15
3.641269841269841436e+03,8.995545210620529111e-15
3.642857142857142662e+03,8.984938763153752938e-15
3.644444444444444343e+03,8.974346771654842594e-15
3.646031746031746025e+03,8.963769215430151113e-15
3.647619047619047706e+03,8.953206073811447047e-15
3.649206349206349387e+03,8.942657326155950757e-15
3.650793650793650613e+03,8.932122951846313901e-15
3.652380952380952294e+03,8.921602930290602081e-15
3.653968253968253975e+03,8.911097240922339018e-15
3.655555555555555657e+03,8.900605863200465531e-15
3.657142857142857338e+03,8.890128776609364781e-15
3.658730158730158564e+03,8.879665960658840182e-15
3.660317460317460245e+03,8.869217394884137492e-15
3.661904761904761926e+03,8.858783058845921143e-15
3.663492063492063608e+03,8.848362932130296332e-15
3.665079365079364834e+03,8.837956994348782200e-15
3.666666666666666515e+03,8.827565225138329183e-15
3.668253968253968196e+03,8.817187604161300086e-15
3.669841269841269877e+03,8.806824111105501630e-15
3.671428571428571558e+03,8.796474725684124504e-15
3.673015873015872785e+03,8.786139427635814362e-15
3.674603174603174466e+03,8.775818196724586621e-15
3.676190476190476147e+03,8.765511012739902200e-15
3.677777777777777828e+03,8.755217855496602825e-15
3.679365079365079509e+03,8.744938704834945744e-15
3.680952380952380736e+03,8.734673540620592682e-15
3.682539682539682417e+03,8.724422342744583019e-15
3.684126984126984098e+03,8.714185091123354300e-15
3.685714285714285779e+03,8.703961765698740659e-15
3.687301587301587460e+03,8.693752346437955463e-15
3.688888888888888687e+03,8.683556813333583422e-15
3.690476190476190368e+03,8.673375146403575860e-15
3.692063492063492049e+03,8.663207325691274376e-15
3.693650793650793730e+03,8.653053331265372980e-15
3.695238095238095411e+03,8.642913143219916518e-15
3.696825396825396638e+03,8.632786741674316447e-15
3.698412698412698319e+03,8.622674106773328746e-15
3.700000000000000000e+03,8.612575218687030253e-15
3.701587301587301681e+03,8.602490057610869149e-15
3.703174603174603362e+03,8.592418603765590806e-15
3.704761904761904589e+03,8.582360837397293010e-15
3.706349206349206270e+03,8.572316738777354960e-15
3.707936507936507951e+03,8.562286288202489333e-15
3.709523809523809632e+03,8.552269465994710734e-15
3.711111111111111313e+03,8.542266252501327799e-15
3.712698412698412540e+03,8.532276628094938473e-15
3.714285714285714221e+03,8.522300573173406332e-15
3.715873015873015902e+03,8.512338068159896881e-15
3.717460317460317583e+03,8.502389093502819173e-15
3.719047619047619264e+03,8.492453629675849474e-15
3.720634920634920491e+03,8.482531657177923378e-15
3.722222222222222172e+03,8.472623156533207406e-15
3.723809523809523853e+03,8.462728108291100583e-15
3.725396825396825534e+03,8.452846493026232863e-15
3.726984126984126760e+03,8.442978291338452502e-15
3.728571428571428442e+03,8.433123483852815022e-15
3.730158730158730123e+03,8.423282051219572159e-15
3.731746031746031804e+03,8.413453974114171866e-15
3.733333333333333485e+03,8.403639233237239384e-15
3.734920634920634711e+03,8.393837809314578813e-15
3.736507936507936392e+03,8.384049683097136828e-15
3.738095238095238074e+03,8.374274835361024770e-15
3.739682539682539755e+03,8.364513246907515484e-15
3.741269841269841436e+03,8.354764898562980215e-15
3.742857142857142662e+03,8.345029771178940672e-15
3.744444444444444343e+03,8.335307845632013805e-15
3.746031746031746025e+03,8.325599102823927587e-15
3.747619047619047706e+03,8.315903523681497343e-15
3.749206349206349387e+03,8.306221089156617866e-15
3.750793650793650613e+03,8.296551780226264992e-15
3.752380952380952294e+03,8.286895577892460889e-15
3.753968253968253975e+03,8.277252463182272484e-15
3.755555555555555657e+03,8.267622417147817769e-15
3.757142857142856883e+03,8.258005420866240560e-15
3.758730158730158564e+03,8.248401455439682096e-15
3.760317460317460245e+03,8.238810501995293664e-15
3.761904761904761926e+03,8.229232541685216086e-15
3.763492063492063608e+03,8.219667555686581297e-15
3.765079365079364834e+03,8.210115525201466593e-15
3.766666666666666515e+03,8.200576431456918294e-15
3.768253968253968196e+03,8.191050255704918613e-15
3.769841269841269877e+03,8.181536979222384080e-15
3.771428571428571558e+03,8.172036583311135562e-15
3.773015873015872785e+03,8.162549049297921932e-15
3.774603174603174466e+03,8.153074358534353803e-15
3.776190476190476147e+03,8.143612492396949281e-15
3.777777777777777828e+03,8.134163432287062972e-15
3.779365079365079509e+03,8.124727159630934883e-15
3.780952380952380736e+03,8.115303655879614701e-15
3.782539682539682417e+03,8.105892902508983875e-15
3.784126984126984098e+03,8.096494881019752461e-15
3.785714285714285779e+03,8.087109572937411793e-15
3.787301587301587460e+03,8.077736959812237637e-15
3.788888888888888687e+03,8.068377023219294923e-15
3.790476190476190368e+03,8.059029744758379371e-15
3.792063492063492049e+03,8.049695106054049045e-15
3.793650793650793730e+03,8.040373088755578597e-15
3.795238095238095411e+03,8.031063674536960850e-15
3.796825396825396638e+03,8.021766845096898904e-15
3.798412698412698319e+03,8.012482582158761962e-15
3.800000000000000000e+03,8.003210867470590061e-15
3.801587301587301681e+03,7.993951682805089345e-15
3.803174603174603362e+03,7.984705009959614703e-15
3.804761904761904589e+03,7.975470830756120863e-15
3.806349206349206270e+03,7.966249127041189212e-15
3.807936507936507951e+03,7.957039880685991511e-15
3.809523809523809632e+03,7.947843073586285158e-15
3.811111111111111313e+03,7.938658687662381637e-15
3.812698412698412540e+03,7.929486704859152826e-15
3.814285714285714221e+03,7.920327107145986824e-15
3.815873015873015902e+03,7.911179876516814769e-15
3.817460317460317583e+03,7.902044994990035109e-15
3.819047619047619264e+03,7.892922444608564090e-15
3.820634920634920491e+03,7.883812207439772646e-15
3.822222222222222172e+03,7.874714265575469042e-15
3.823809523809523853e+03,7.865628601131925699e-15
3.825396825396825534e+03,7.856555196249827129e-15
3.826984126984127215e+03,7.847494033094252575e-15
3.828571428571428442e+03,7.838445093854680752e-15
3.830158730158730123e+03,7.829408360744950395e-15
3.831746031746031804e+03,7.820383816003253958e-15
3.833333333333333485e+03,7.811371441892139183e-15
3.834920634920634711e+03,7.802371220698452307e-15
3.836507936507936392e+03,7.793383134733347526e-15
3.838095238095238074e+03,7.784407166332275953e-15
3.839682539682539755e+03,7.775443297854943018e-15
3.841269841269841436e+03,7.766491511685321090e-15
3.842857142857142662e+03,7.757551790231602145e-15
3.844444444444444343e+03,7.748624115926205656e-15
3.846031746031746025e+03,7.739708471225737571e-15
3.847619047619047706e+03,7.730804838610999781e-15
3.849206349206348932e+03,7.721913200586950672e-15
3.850793650793650613e+03,7.713033539682695667e-15
3.852380952380952294e+03,7.704165838451457240e-15
3.853968253968253975e+03,7.695310079470571770e-15
3.855555555555555657e+03,7.686466245341451666e-15
3.857142857142856883e+03,7.677634318689498600e-15
3.858730158730158564e+03,7.668814282163952043e-15
3.860317460317460245e+03,7.660006118437430147e-15
3.861904761904761926e+03,7.651209810204527150e-15
3.863492063492063608e+03,7.642425340177837520e-15
3.865079365079364834e+03,7.633652691076869301e-15
3.866666666666666515e+03,7.624891845597568839e-15
3.868253968253968196e+03,7.616142786331341057e-15
3.869841269841269877e+03,7.607405495555531151e-15
3.871428571428571558e+03,7.598679954706579101e-15
3.873015873015872785e+03,7.589966143093206101e-15
3.874603174603174466e+03,7.581264034843377699e-15
3.876190476190476147e+03,7.572573591871493660e-15
3.877777777777777828e+03,7.563894748153460290e-15
3.879365079365079509e+03,7.555227375613456088e-15
3.880952380952380736e+03,7.546571212352945338e-15
3.882539682539682417e+03,7.537925716283915872e-15
3.884126984126984098e+03,7.529289775961580187e-15
3.885714285714285779e+03,7.520661157526004409e-15
3.887301587301587460e+03,7.512035481513587922e-15
3.888888888888888687e+03,7.503404393567622266e-15
3.890476190476190368e+03,7.494752407686672608e-15
3.892063492063492049e+03,7.486051655742955441e-15
3.893650793650793730e+03,7.477253485838637959e-15
3.895238095238095411e+03,7.468275558729782433e-15
3.896825396825396638e+03,7.458982886373722223e-15
3.898412698412698319e+03,7.449161288188195057e-15
3.900000000000000000e+03,7.438482215256528618e-15
3.901587301587301681e+03,7.426459050592421678e-15
3.903174603174603362e+03,7.412397049565450494e-15
3.904761904761904589e+03,7.395342130027617619e-15
3.906349206349206270e+03,7.374037596448271955e-15
3.907936507936507951e+03,7.346902047935774213e-15
3.909523809523809632e+03,7.312045186554948425e-15
3.911111111111111313e+03,7.267339616286496791e-15
3.912698412698412540e+03,7.210564433472781218e-15
3.914285714285714221e+03,7.139629131787584620e-15
3.915873015873015902e+03,7.052873565427308509e-15
3.917460317460317583e+03,6.949422296482765447e-15
3.919047619047619264e+03,6.829552184207872731e-15
3.920634920634920491e+03,6.695014771030244285e-15
3.922222222222222172e+03,6.549245034755088449e-15
3.923809523809523853e+03,6.397390235664193631e-15
3.925396825396825534e+03,6.246109820184997423e-15
3.926984126984127215e+03,6.103129259055384395e-15
3.928571428571428442e+03,5.976572863574988528e-15
3.930158730158730123e+03,5.874144966186324063e-15
3.931746031746031804e+03,5.802265308906079847e-15
3.933333333333333485e+03,5.765283577133224865e-15
3.934920634920634711e+03,5.764893640442419050e-15
3.936507936507936392e+03,5.799839577405267733e-15
3.938095238095238074e+03,5.865958427683980758e-15
3.939682539682539755e+03,5.956549208011989533e-15
3.941269841269841436e+03,6.063006605456343121e-15
3.942857142857142662e+03,6.175622170221241128e-15
3.944444444444444343e+03,6.284442569408864267e-15
3.946031746031746025e+03,6.380084087594020172e-15
3.947619047619047706e+03,6.454429504967523714e-15
3.949206349206348932e+03,6.501168039248235523e-15
3.950793650793650613e+03,6.516170512688414539e-15
3.952380952380952294e+03,6.497711957950727187e-15
3.953968253968253975e+03,6.446558963702836338e-15
3.955555555555555657e+03,6.365931276605670612e-15
3.957142857142856883e+03,6.261333260233821258e-15
3.958730158730158564e+03,6.140239676521939700e-15
3.960317460317460245e+03,6.011619831339927267e-15
3.961904761904761926e+03,5.885298511731489610e-15
3.963492063492063608e+03,5.771179973632171238e-15
3.965079365079364834e+03,5.678395812327639905e-15
3.966666666666666515e+03,5.614468711583452227e-15
3.968253968253968196e+03,5.584601324214385085e-15
3.969841269841269877e+03,5.591195403030091115e-15
3.971428571428571558e+03,5.633678844965432785e-15
3.973015873015872785e+03,5.708672034894790566e-15
3.974603174603174466e+03,5.810469627404955273e-15
3.976190476190476147e+03,5.931762155656568516e-15
3.977777777777777828e+03,6.064485212093229136e-15
3.979365079365079509e+03,6.200670000878458778e-15
3.980952380952380736e+03,6.333179554581816331e-15
3.982539682539682417e+03,6.456245659765276739e-15
3.984126984126984098e+03,6.565764058516890694e-15
3.985714285714285779e+03,6.659349613149580510e-15
3.987301587301587460e+03,6.736189740866693430e-15
3.988888888888888687e+03,6.796757588000886114e-15
3.990476190476190368e+03,6.842454199257355910e-15
3.992063492063492049e+03,6.875243136081769199e-15
3.993650793650793730e+03,6.897325894340813186e-15
3.995238095238095411e+03,6.910887266354102886e-15
3.996825396825396638e+03,6.917921179261141824e-15
3.998412698412698319e+03,6.920132779217327107e-15
4.000000000000000000e+03,6.918903126273256117e-15
4.001587301587301681e+03,6.915298775709098784e-15
4.003174603174603362e+03,6.910108665422222050e-15
4.004761904761904589e+03,6.903893569727419766e-15
4.006349206349206270e+03,6.897037417794334084e-15
4.007936507936507951e+03,6.889793849833474992e-15
4.009523809523809632e+03,6.882324786870379845e-15
4.011111111111111313e+03,6.874730227797641901e-15
4.012698412698412540e+03,6.867069970674071965e-15
4.014285714285714221e+03,6.859378664821969960e-15
4.015873015873015902e+03,6.851675775685519447e-15
4.017460317460317583e+03,6.843971909635075617e-15
4.019047619047619264e+03,6.836272672886645247e-15
4.020634920634920491e+03,6.828580939281896809e-15
4.022222222222222172e+03,6.820898135989736841e-15
4.023809523809523853e+03,6.813224947609662905e-15
4.025396825396825534e+03,6.805561689028633544e-15
4.026984126984127215e+03,6.797908496509432025e-15
4.028571428571428442e+03,6.790265422539030697e-15
4.030158730158730123e+03,6.782632481453241018e-15
4.031746031746031804e+03,6.775009670716948817e-15
4.033333333333333030e+03,6.767396980552733567e-15
4.034920634920635166e+03,6.759794398168848869e-15
4.036507936507936392e+03,6.752201909561652083e-15
4.038095238095238074e+03,6.744619500261742098e-15
4.039682539682539755e+03,6.737047155634067274e-15
4.041269841269840981e+03,6.729484860995156471e-15
4.042857142857142662e+03,6.721932601657630537e-15
4.044444444444444343e+03,6.714390362946617708e-15
4.046031746031746025e+03,6.706858130205659022e-15
4.047619047619047706e+03,6.699335888798698616e-15
4.049206349206348932e+03,6.691823624110803954e-15
4.050793650793650613e+03,6.684321321548335437e-15
4.052380952380952294e+03,6.676828966539033959e-15
4.053968253968253975e+03,6.669346544531977526e-15
4.055555555555555657e+03,6.661874040997614386e-15
4.057142857142856883e+03,6.654411441427683353e-15
4.058730158730158564e+03,6.646958731335242998e-15
4.060317460317460245e+03,6.639515896254614056e-15
4.061904761904761926e+03,6.632082921741366812e-15
4.063492063492063608e+03,6.624659793372299796e-15
4.065079365079364834e+03,6.617246496745416909e-15
4.066666666666666515e+03,6.609843017479878512e-15
4.068253968253968196e+03,6.602449341216017993e-15
4.069841269841269877e+03,6.595065453615284179e-15
4.071428571428571558e+03,6.587691340360239760e-15
4.073015873015872785e+03,6.580326987154510801e-15
4.074603174603174466e+03,6.572972379722793842e-15
4.076190476190476147e+03,6.565627503810800677e-15
4.077777777777777828e+03,6.558292345185267820e-15
4.079365079365079509e+03,6.550966889633893399e-15
4.080952380952380736e+03,6.543651122965345041e-15
4.082539682539682417e+03,6.536345031009219643e-15
4.084126984126984098e+03,6.529048599616022069e-15
4.085714285714285779e+03,6.521761814657135179e-15
4.087301587301587460e+03,6.514484662024811935e-15
4.088888888888888687e+03,6.507217127632145427e-15
4.090476190476190368e+03,6.499959197413011285e-15
4.092063492063492049e+03,6.492710857322096078e-15
4.093650793650793730e+03,6.485472093334839731e-15
4.095238095238095411e+03,6.478242891447415796e-15
4.096825396825396638e+03,6.471023237676720414e-15
4.098412698412698774e+03,6.463813118060319461e-15
4.100000000000000000e+03,6.456612518656470631e-15
4.101587301587301226e+03,6.449421425544035090e-15
4.103174603174603362e+03,6.442239824822511393e-15
4.104761904761904589e+03,6.435067702611987364e-15
4.106349206349206725e+03,6.427905045053103023e-15
4.107936507936507951e+03,6.420751838307049790e-15
4.109523809523809177e+03,6.413608068555526317e-15
4.111111111111111313e+03,6.406473722000725071e-15
4.112698412698412540e+03,6.399348784865312616e-15
4.114285714285713766e+03,6.392233243392387802e-15
4.115873015873015902e+03,6.385127083845459677e-15
4.117460317460317128e+03,6.378030292508453010e-15
4.119047619047619264e+03,6.370942855685634137e-15
4.120634920634920491e+03,6.363864759701633048e-15
4.122222222222222626e+03,6.356795990901381860e-15
4.123809523809523853e+03,6.349736535650125856e-15
4.125396825396825079e+03,6.342686380333353279e-15
4.126984126984127215e+03,6.335645511356814265e-15
4.128571428571428442e+03,6.328613915146475877e-15
4.130158730158729668e+03,6.321591578148503174e-15
4.131746031746031804e+03,6.314578486829213453e-15
4.133333333333333030e+03,6.307574627675096764e-15
4.134920634920635166e+03,6.300579987192737021e-15
4.136507936507936392e+03,6.293594551908839614e-15
4.138095238095238528e+03,6.286618308370148577e-15
4.139682539682539755e+03,6.279651243143486821e-15
4.141269841269840981e+03,6.272693342815682770e-15
4.142857142857143117e+03,6.265744593993556159e-15
4.144444444444444343e+03,6.258804983303918039e-15
4.146031746031745570e+03,6.251874497393506874e-15
4.147619047619047706e+03,6.244953122928989334e-15
4.149206349206348932e+03,6.238040846596935047e-15
4.150793650793651068e+03,6.231137655103781896e-15
4.152380952380952294e+03,6.224243535175822599e-15
4.153968253968254430e+03,6.217358473559158964e-15
4.155555555555555657e+03,6.210482457019705829e-15
4.157142857142856883e+03,6.203615472343144518e-15
4.158730158730159019e+03,6.196757506334907066e-15
4.160317460317460245e+03,6.189908545820147821e-15
4.161904761904761472e+03,6.183068577643725297e-15
4.163492063492063608e+03,6.176237588670158001e-15
4.165079365079364834e+03,6.169415565783640206e-15
4.166666666666666970e+03,6.162602495887963072e-15
4.168253968253968196e+03,6.155798365906535936e-15
4.169841269841269423e+03,6.149003162782345300e-15
4.171428571428571558e+03,6.142216873477909070e-15
4.173015873015872785e+03,6.135439484975294705e-15
4.174603174603174921e+03,6.128670984276045852e-15
4.176190476190476147e+03,6.121911358401209951e-15
4.177777777777777374e+03,6.115160594391262512e-15
4.179365079365079509e+03,6.108418679306108687e-15
4.180952380952380736e+03,6.101685600225073019e-15
4.182539682539682872e+03,6.094961344246835540e-15
4.184126984126984098e+03,6.088245898489442030e-15
4.185714285714285325e+03,6.081539250090262204e-15
4.187301587301587460e+03,6.074841386205961316e-15
4.188888888888888687e+03,6.068152294012494637e-15
4.190476190476190823e+03,6.061471960705059330e-15
4.192063492063492049e+03,6.054800373498090511e-15
4.193650793650793275e+03,6.048137519625221803e-15
4.195238095238095411e+03,6.041483386339256939e-15
4.196825396825396638e+03,6.034837960912171338e-15
4.198412698412697864e+03,6.028201230635058463e-15
4.200000000000000000e+03,6.021573182818114042e-15
4.201587301587301226e+03,6.014953804790617930e-15
4.203174603174603362e+03,6.008343083900904125e-15
4.204761904761904589e+03,6.001741007516343417e-15
4.206349206349206725e+03,5.995147563023295267e-15
4.207936507936507951e+03,5.988562737827116487e-15
4.209523809523809177e+03,5.981986519352106012e-15
4.211111111111111313e+03,5.975418895041505697e-15
4.212698412698412540e+03,5.968859852357454561e-15
4.214285714285713766e+03,5.962309378780982472e-15
4.215873015873015902e+03,5.955767461811961243e-15
4.217460317460317128e+03,5.949234088969121195e-15
4.219047619047619264e+03,5.942709247789961228e-15
4.220634920634920491e+03,5.936192925830805619e-15
4.222222222222222626e+03,5.929685110666702257e-15
4.223809523809523853e+03,5.923185789891454989e-15
4.225396825396825079e+03,5.916694951117566033e-15
4.226984126984127215e+03,5.910212581976213098e-15
4.228571428571428442e+03,5.903738670117262010e-15
4.230158730158729668e+03,5.897273203209179932e-15
4.231746031746031804e+03,5.890816168939061403e-15
4.233333333333333030e+03,5.884367555012589679e-15
4.234920634920635166e+03,5.877927349153994136e-15
4.236507936507936392e+03,5.871495539106055002e-15
4.238095238095238528e+03,5.865072112630052873e-15
4.239682539682539755e+03,5.858657057505769497e-15
4.241269841269840981e+03,5.852250361531427037e-15
4.242857142857143117e+03,5.845852012523703057e-15
4.244444444444444343e+03,5.839461998317683976e-15
4.246031746031745570e+03,5.833080306766849298e-15
4.247619047619047706e+03,5.826706925743021118e-15
4.249206349206348932e+03,5.820341843136387002e-15
4.250793650793651068e+03,5.813985046855434512e-15
4.252380952380952294e+03,5.807636524826948050e-15
4.253968253968254430e+03,5.801296264995968625e-15
4.255555555555555657e+03,5.794964255325793855e-15
4.257142857142856883e+03,5.788640483797923534e-15
4.258730158730159019e+03,5.782324938412050955e-15
4.260317460317460245e+03,5.776017607186045554e-15
4.261904761904761472e+03,5.769718478155915049e-15
4.263492063492063608e+03,5.763427539375778611e-15
4.265079365079364834e+03,5.757144778917865296e-15
4.266666666666666970e+03,5.750870184872457237e-15
4.268253968253968196e+03,5.744603745347892807e-15
4.269841269841269423e+03,5.738345448470531117e-15
4.271428571428571558e+03,5.732095282384714940e-15
4.273015873015872785e+03,5.725853235252780177e-15
4.274603174603174921e+03,5.719619295254986438e-15
4.276190476190476147e+03,5.713393450589539919e-15
4.277777777777777374e+03,5.707175689472523192e-15
4.279365079365079509e+03,5.700966000137903884e-15
4.280952380952380736e+03,5.694764370837511011e-15
4.282539682539682872e+03,5.688570789840973446e-15
4.284126984126984098e+03,5.682385245435745162e-15
4.285714285714285325e+03,5.676207725927045282e-15
4.287301587301587460e+03,5.670038219637843086e-15
4.288888888888888687e+03,5.663876714908848548e-15
4.290476190476190823e+03,5.657723200098457114e-15
4.292063492063492049e+03,5.651577663582768637e-15
4.293650793650793275e+03,5.645440093755516375e-15
4.295238095238095411e+03,5.639310479028067785e-15
4.296825396825396638e+03,5.633188807829413476e-15
4.298412698412697864e+03,5.627075068606111199e-15
4.300000000000000000e+03,5.620969249822281907e-15
4.301587301587301226e+03,5.614871339959587661e-15
4.303174603174603362e+03,5.608781327517180361e-15
4.304761904761904589e+03,5.602699201011723826e-15
4.306349206349206725e+03,5.596624948977324381e-15
4.307936507936507951e+03,5.590558559965539531e-15
4.309523809523809177e+03,5.584500022545331420e-15
4.311111111111111313e+03,5.578449325303053420e-15
4.312698412698412540e+03,5.572406456842428039e-15
4.314285714285713766e+03,5.566371405784516164e-15
4.315873015873015902e+03,5.560344160767691018e-15
4.317460317460317128e+03,5.554324710447633437e-15
4.319047619047619264e+03,5.548313043497270332e-15
4.320634920634920491e+03,5.542309148606804667e-15
4.322222222222222626e+03,5.536313014483627897e-15
4.323809523809523853e+03,5.530324629852355467e-15
4.325396825396825079e+03,5.524343983454760546e-15
4.326984126984127215e+03,5.518371064049760616e-15
4.328571428571428442e+03,5.512405860413420630e-15
4.330158730158729668e+03,5.506448361338885957e-15
4.331746031746031804e+03,5.500498555636381592e-15
4.333333333333333030e+03,5.494556432133205060e-15
4.334920634920635166e+03,5.488621979673653837e-15
4.336507936507936392e+03,5.482695187119054540e-15
4.338095238095238528e+03,5.476776043347706128e-15
4.339682539682539755e+03,5.470864537254868069e-15
4.341269841269840981e+03,5.464960657752727999e-15
4.342857142857143117e+03,5.459064393770388308e-15
4.344444444444444343e+03,5.453175734253848786e-15
4.346031746031745570e+03,5.447294668165949827e-15
4.347619047619047706e+03,5.441421184486382683e-15
4.349206349206348932e+03,5.435555272211656330e-15
4.350793650793651068e+03,5.429696920355069072e-15
4.352380952380952294e+03,5.423846117946683295e-15
4.353968253968254430e+03,5.418002854033307326e-15
4.355555555555555657e+03,5.412167117678477285e-15
4.357142857142856883e+03,5.406338897962413704e-15
4.358730158730159019e+03,5.400518183982015208e-15
4.360317460317460245e+03,5.394704964850834855e-15
4.361904761904761472e+03,5.388899229699043060e-15
4.363492063492063608e+03,5.383100967673422068e-15
4.365079365079364834e+03,5.377310167937322570e-15
4.366666666666666970e+03,5.371526819670651873e-15
4.368253968253968196e+03,5.365750912069868370e-15
4.369841269841269423e+03,5.359982434347906605e-15
4.371428571428571558e+03,5.354221375734204883e-15
4.373015873015872785e+03,5.348467725474661876e-15
4.374603174603174921e+03,5.342721472831610600e-15
4.376190476190476147e+03,5.336982607083801052e-15
4.377777777777777374e+03,5.331251117526366294e-15
4.379365079365079509e+03,5.325526993470816139e-15
4.380952380952380736e+03,5.319810224244999290e-15
4.382539682539682872e+03,5.314100799193084400e-15
4.384126984126984098e+03,5.308398707675545880e-15
4.385714285714285325e+03,5.302703939069121297e-15
4.387301587301587460e+03,5.297016482766794019e-15
4.388888888888888687e+03,5.291336328177795582e-15
4.390476190476190823e+03,5.285663464727540216e-15
4.392063492063492049e+03,5.279997881857639829e-15
4.393650793650793275e+03,5.274339569025851159e-15
4.395238095238095411e+03,5.268688515706062359e-15
4.396825396825396638e+03,5.263044711388293790e-15
4.398412698412697864e+03,5.257408145578632539e-15
4.400000000000000000e+03,5.251778807799233216e-15
4.401587301587301226e+03,5.246156687588301381e-15
4.403174603174603362e+03,5.240541774500054106e-15
4.404761904761904589e+03,5.234934058104707348e-15
4.406349206349206725e+03,5.229333527988440457e-15
4.407936507936507951e+03,5.223740173753395381e-15
4.409523809523809177e+03,5.218153985017634070e-15
4.411111111111111313e+03,5.212574951415110866e-15
4.412698412698412540e+03,5.207003062595681971e-15
4.414285714285713766e+03,5.201438308225041544e-15
4.415873015873015902e+03,5.195880677984723285e-15
4.417460317460317128e+03,5.190330161572078342e-15
4.419047619047619264e+03,5.184786748700234294e-15
4.420634920634920491e+03,5.179250429098099093e-15
4.422222222222222626e+03,5.173721192510304266e-15
4.423809523809523853e+03,5.168199028697221481e-15
4.425396825396825079e+03,5.162683927434901019e-15
4.426984126984127215e+03,5.157175878515075712e-15
4.428571428571428442e+03,5.151674871745130975e-15
4.430158730158729668e+03,5.146180896948077186e-15
4.431746031746031804e+03,5.140693943962524451e-15
4.433333333333333030e+03,5.135214002642678654e-15
4.434920634920635166e+03,5.129741062858288607e-15
4.436507936507936392e+03,5.124275114494661824e-15
4.438095238095238528e+03,5.118816147452606147e-15
4.439682539682539755e+03,5.113364151648415549e-15
4.441269841269840981e+03,5.107919117013871706e-15
4.442857142857143117e+03,5.102481033496185627e-15
4.444444444444444343e+03,5.097049891058003171e-15
4.446031746031745570e+03,5.091625679677361663e-15
4.447619047619047706e+03,5.086208389347685950e-15
4.449206349206348932e+03,5.080798010077761578e-15
4.450793650793651068e+03,5.075394531891688249e-15
4.452380952380952294e+03,5.069997944828901121e-15
4.453968253968253521e+03,5.064608238944109278e-15
4.455555555555555657e+03,5.059225404307282317e-15
4.457142857142856883e+03,5.053849431003655084e-15
4.458730158730159019e+03,5.048480309133661405e-15
4.460317460317460245e+03,5.043118028812953814e-15
4.461904761904761472e+03,5.037762580172346750e-15
4.463492063492063608e+03,5.032413953357811826e-15
4.465079365079364834e+03,5.027072138530458105e-15
4.466666666666666970e+03,5.021737125866506860e-15
4.468253968253968196e+03,5.016408905557256075e-15
4.469841269841269423e+03,5.011087467809074130e-15
4.471428571428571558e+03,5.005772802843371406e-15
4.473015873015872785e+03,5.000464900896586085e-15
4.474603174603174921e+03,4.995163752220144704e-15
4.476190476190476147e+03,4.989869347080454271e-15
4.477777777777777374e+03,4.984581675758883329e-15
4.479365079365079509e+03,4.979300728551716202e-15
4.480952380952380736e+03,4.974026495770166409e-15
4.482539682539682872e+03,4.968758967740314338e-15
4.484126984126984098e+03,4.963498134803130130e-15
4.485714285714285325e+03,4.958243987314408199e-15
4.487301587301587460e+03,4.952996515644768811e-15
4.488888888888888687e+03,4.947755710179642305e-15
4.490476190476190823e+03,4.942521561319225709e-15
4.492063492063492049e+03,4.937294059478477217e-15
4.493650793650793275e+03,4.932073195087086999e-15
4.495238095238095411e+03,4.926858958589455903e-15
4.496825396825396638e+03,4.921651340444681255e-15
4.498412698412697864e+03,4.916450331126523731e-15
4.500000000000000000e+03,4.911255921123386050e-15
4.501587301587301226e+03,4.906068100938307459e-15
4.503174603174603362e+03,4.900886861088921920e-15
4.504761904761904589e+03,4.895712192107442332e-15
4.506349206349206725e+03,4.890544084540649490e-15
4.507936507936507951e+03,4.885382528949855007e-15
4.509523809523809177e+03,4.880227515910886324e-15
4.511111111111111313e+03,4.875079036014066991e-15
4.512698412698412540e+03,4.869937079864202466e-15
4.514285714285713766e+03,4.864801638080531208e-15
4.515873015873015902e+03,4.859672701296728616e-15
4.517460317460317128e+03,4.854550260160885736e-15
4.519047619047619264e+03,4.849434305335469025e-15
4.520634920634920491e+03,4.844324827497317986e-15
4.522222222222222626e+03,4.839221817337604148e-15
4.523809523809523853e+03,4.834125265561838163e-15
4.525396825396825079e+03,4.829035162889816165e-15
4.526984126984127215e+03,4.823951500055611883e-15
4.528571428571428442e+03,4.818874267807571116e-15
4.530158730158729668e+03,4.813803456908262039e-15
4.531746031746031804e+03,4.808739058134471252e-15
4.533333333333333030e+03,4.803681062277181698e-15
4.534920634920635166e+03,4.798629460141541108e-15
4.536507936507936392e+03,4.793584242546860418e-15
4.538095238095238528e+03,4.788545400326563289e-15
4.539682539682539755e+03,4.783512924328197145e-15
4.541269841269840981e+03,4.778486805413384269e-15
4.542857142857143117e+03,4.773467034457818642e-15
4.544444444444444343e+03,4.768453602351239914e-15
4.546031746031745570e+03,4.763446499997405008e-15
4.547619047619047706e+03,4.758445718314078644e-15
4.549206349206348932e+03,4.753451248233001796e-15
4.550793650793651068e+03,4.748463080699879062e-15
4.552380952380952294e+03,4.743481206674355002e-15
4.553968253968254430e+03,4.738505617129984160e-15
4.555555555555555657e+03,4.733536303054231854e-15
4.557142857142856883e+03,4.728573255448423687e-15
4.558730158730159019e+03,4.723616465327747126e-15
4.560317460317460245e+03,4.718665923721227048e-15
4.561904761904761472e+03,4.713721621671693395e-15
4.563492063492063608e+03,4.708783550235770920e-15
4.565079365079364834e+03,4.703851700483864199e-15
4.566666666666666060e+03,4.698926063500115818e-15
4.568253968253968196e+03,4.694006630382396913e-15
4.569841269841270332e+03,4.689093392242296120e-15
4.571428571428571558e+03,4.684186340205097489e-15
4.573015873015872785e+03,4.679285465409730788e-15
4.574603174603174921e+03,4.674390759008779387e-15
4.576190476190476147e+03,4.669502212168464484e-15
4.577777777777777374e+03,4.664619816068600142e-15
4.579365079365079509e+03,4.659743561902583816e-15
4.580952380952380736e+03,4.654873440877385315e-15
4.582539682539681962e+03,4.650009444213508933e-15
4.584126984126984098e+03,4.645151563144986354e-15
4.585714285714285325e+03,4.640299788919353769e-15
4.587301587301587460e+03,4.635454112797616380e-15
4.588888888888888687e+03,4.630614526054259445e-15
4.590476190476190823e+03,4.625781019977188325e-15
4.592063492063492049e+03,4.620953585867744258e-15
4.593650793650793275e+03,4.616132215040657818e-15
4.595238095238095411e+03,4.611316898824041817e-15
4.596825396825396638e+03,4.606507628559368426e-15
4.598412698412697864e+03,4.601704395601445509e-15
4.600000000000000000e+03,4.596907191318399268e-15
4.601587301587301226e+03,4.592116007091661624e-15
4.603174603174603362e+03,4.587330834315927614e-15
4.604761904761904589e+03,4.582551664399158551e-15
4.606349206349206725e+03,4.577778488762552043e-15
4.607936507936507951e+03,4.573011298840519910e-15
4.609523809523809177e+03,4.568250086080669245e-15
4.611111111111111313e+03,4.563494841943781120e-15
4.612698412698412540e+03,4.558745557903802696e-15
4.614285714285713766e+03,4.554002225447808566e-15
4.615873015873015902e+03,4.549264836075982616e-15
4.617460317460317128e+03,4.544533381301621966e-15
4.619047619047619264e+03,4.539807852651085694e-15
4.620634920634920491e+03,4.535088241663794049e-15
4.622222222222222626e+03,4.530374539892194529e-15
4.623809523809523853e+03,4.525666738901769769e-15
4.625396825396825079e+03,4.520964830270972066e-15
4.626984126984127215e+03,4.516268805591243891e-15
4.628571428571428442e+03,4.511578656466983965e-15
4.630158730158729668e+03,4.506894374515526750e-15
4.631746031746031804e+03,4.502215951367114052e-15
4.633333333333333030e+03,4.497543378664894228e-15
4.634920634920635166e+03,4.492876648064888268e-15
4.636507936507936392e+03,4.488215751235971651e-15
4.638095238095238528e+03,4.483560679859853835e-15
4.639682539682539755e+03,4.478911425631072731e-15
4.641269841269840981e+03,4.474267980256952110e-15
4.642857142857143117e+03,4.469630335457597656e-15
4.644444444444444343e+03,4.464998482965872511e-15
4.646031746031745570e+03,4.460372414527382288e-15
4.647619047619047706e+03,4.455752121900439569e-15
4.649206349206348932e+03,4.451137596856068644e-15
4.650793650793651068e+03,4.446528831177966852e-15
4.652380952380952294e+03,4.441925816662497481e-15
4.653968253968254430e+03,4.437328545118654274e-15
4.655555555555555657e+03,4.432737008368061424e-15
4.657142857142856883e+03,4.428151198244935712e-15
4.658730158730159019e+03,4.423571106596084137e-15
4.660317460317460245e+03,4.418996725280874732e-15
4.661904761904761472e+03,4.414428046171213684e-15
4.663492063492063608e+03,4.409865061151533503e-15
4.665079365079364834e+03,4.405307762118778823e-15
4.666666666666666060e+03,4.400756140982367744e-15
4.668253968253968196e+03,4.396210189664185525e-15
4.669841269841270332e+03,4.391669900098574329e-15
4.671428571428571558e+03,4.387135264232293776e-15
4.673015873015872785e+03,4.382606274024517791e-15
4.674603174603174921e+03,4.378082921446802262e-15
4.676190476190476147e+03,4.373565198483081089e-15
4.677777777777777374e+03,4.369053097129630694e-15
4.679365079365079509e+03,4.364546609395062125e-15
4.680952380952380736e+03,4.360045727300307650e-15
4.682539682539681962e+03,4.355550442878579736e-15
4.684126984126984098e+03,4.351060748175364733e-15
4.685714285714285325e+03,4.346576635248417360e-15
4.687301587301587460e+03,4.342098096167717311e-15
4.688888888888888687e+03,4.337625123015466891e-15
4.690476190476190823e+03,4.333157707886062618e-15
4.692063492063492049e+03,4.328695842886084966e-15
4.693650793650793275e+03,4.324239520134273121e-15
4.695238095238095411e+03,4.319788731761502107e-15
4.696825396825396638e+03,4.315343469910782784e-15
4.698412698412697864e+03,4.310903726737216882e-15
4.700000000000000000e+03,4.306469494407993058e-15
4.701587301587301226e+03,4.302040765102379797e-15
4.703174603174603362e+03,4.297617531011671767e-15
4.704761904761904589e+03,4.293199784339212700e-15
4.706349206349206725e+03,4.288787517300340166e-15
4.707936507936507951e+03,4.284380722122394256e-15
4.709523809523809177e+03,4.279979391044686024e-15
4.711111111111111313e+03,4.275583516318476190e-15
4.712698412698412540e+03,4.271193090206964094e-15
4.714285714285713766e+03,4.266808104985261664e-15
4.715873015873015902e+03,4.262428552940384742e-15
4.717460317460317128e+03,4.258054426371234145e-15
4.719047619047619264e+03,4.253685717588555438e-15
4.720634920634920491e+03,4.249322418914953922e-15
4.722222222222222626e+03,4.244964522684844931e-15
4.723809523809523853e+03,4.240612021244464884e-15
4.725396825396825079e+03,4.236264906951826312e-15
4.726984126984127215e+03,4.231923172176713920e-15
4.728571428571428442e+03,4.227586809300666440e-15
4.730158730158729668e+03,4.223255810716952174e-15
4.731746031746031804e+03,4.218930168830546124e-15
4.733333333333333030e+03,4.214609876058139451e-15
4.734920634920635166e+03,4.210294924828078738e-15
4.736507936507936392e+03,4.205985307580384919e-15
4.738095238095238528e+03,4.201681016766713838e-15
4.739682539682539755e+03,4.197382044850345204e-15
4.741269841269840981e+03,4.193088384306163660e-15
4.742857142857143117e+03,4.188800027620635116e-15
4.744444444444444343e+03,4.184516967291807535e-15
4.746031746031745570e+03,4.180239195829267552e-15
4.747619047619047706e+03,4.175966705754138891e-15
4.749206349206348932e+03,4.171699489599057913e-15
4.750793650793650158e+03,4.167437539908157835e-15
4.752380952380952294e+03,4.163180849237047438e-15
4.753968253968254430e+03,4.158929410152801592e-15
4.755555555555555657e+03,4.154683215233938387e-15
4.757142857142856883e+03,4.150442257070392305e-15
4.758730158730159019e+03,4.146206528263507125e-15
4.760317460317460245e+03,4.141976021426021722e-15
4.761904761904761472e+03,4.137750729182038511e-15
4.763492063492063608e+03,4.133530644167016349e-15
4.765079365079364834e+03,4.129315759027747658e-15
4.766666666666666060e+03,4.125106066422344226e-15
4.768253968253968196e+03,4.120901559020214327e-15
4.769841269841270332e+03,4.116702229502050892e-15
4.771428571428571558e+03,4.112508070559819673e-15
4.773015873015872785e+03,4.108319074896714281e-15
4.774603174603174921e+03,4.104135235227165649e-15
4.776190476190476147e+03,4.099956544276827835e-15
4.777777777777777374e+03,4.095782994782529112e-15
4.779365079365079509e+03,4.091614579492283010e-15
4.780952380952380736e+03,4.087451291165261499e-15
4.782539682539681962e+03,4.083293122571753174e-15
4.784126984126984098e+03,4.079140066493136440e-15
4.785714285714285325e+03,4.074992115721754866e-15
4.787301587301587460e+03,4.070849263060591388e-15
4.788888888888888687e+03,4.066711501322394253e-15
4.790476190476190823e+03,4.062578823326987789e-15
4.792063492063492049e+03,4.058451221893831081e-15
4.793650793650793275e+03,4.054328689821359284e-15
4.795238095238095411e+03,4.050211219831357093e-15
4.796825396825396638e+03,4.046098804423616643e-15
4.798412698412697864e+03,4.041991435506257571e-15
4.800000000000000000e+03,4.037889103482617360e-15
4.801587301587301226e+03,4.033791795060168088e-15
4.803174603174603362e+03,4.029699488144896628e-15
4.804761904761904589e+03,4.025612140292257938e-15
4.806349206349206725e+03,4.021529663356234511e-15
4.807936507936507951e+03,4.017451869512337520e-15
4.809523809523809177e+03,4.013378359833029747e-15
4.811111111111111313e+03,4.009308301408407779e-15
4.812698412698412540e+03,4.005239995633196934e-15
4.814285714285713766e+03,4.001170069060193992e-15
4.815873015873015902e+03,3.997092007265120281e-15
4.817460317460317128e+03,3.992993589402533682e-15
4.819047619047619264e+03,3.988852558951286394e-15
4.820634920634920491e+03,3.984629589730688704e-15
4.822222222222222626e+03,3.980257305922673217e-15
4.823809523809523853e+03,3.975623861186592540e-15
4.825396825396825079e+03,3.970549500090054676e-15
4.826984126984127215e+03,3.964754800247902999e-15
4.828571428571428442e+03,3.957820157688424613e-15
4.830158730158729668e+03,3.949137765263177134e-15
4.831746031746031804e+03,3.937859997664441266e-15
4.833333333333333030e+03,3.922851710361876452e-15
4.834920634920635166e+03,3.902658104900850184e-15
4.836507936507936392e+03,3.875503697395533999e-15
4.838095238095238528e+03,3.839340297982326251e-15
4.839682539682539755e+03,3.791961225197725587e-15
4.841269841269840981e+03,3.731193759833210256e-15
4.842857142857143117e+03,3.655171190148095593e-15
4.844444444444444343e+03,3.562669987961704085e-15
4.846031746031745570e+03,3.453478589009776155e-15
4.847619047619047706e+03,3.328745570215754949e-15
4.849206349206348932e+03,3.191241641507768253e-15
4.850793650793650158e+03,3.045466943825496475e-15
4.852380952380952294e+03,2.897546534597580902e-15
4.853968253968254430e+03,2.754883687751783926e-15
4.855555555555555657e+03,2.625579886271719884e-15
4.857142857142856883e+03,2.517675318293639011e-15
4.858730158730159019e+03,2.438304671142189484e-15
4.860317460317460245e+03,2.392889878752308937e-15
4.861904761904761472e+03,2.384496305404463450e-15
4.863492063492063608e+03,2.413458479438663000e-15
4.865079365079364834e+03,2.477338826198966373e-15
4.866666666666666060e+03,2.571226468186618239e-15
4.868253968253968196e+03,2.688325235465574773e-15
4.869841269841270332e+03,2.820733142669301591e-15
4.871428571428571558e+03,2.960289418023095968e-15
4.873015873015872785e+03,3.099364070536434877e-15
4.874603174603174921e+03,3.231487173261153836e-15
4.876190476190476147e+03,3.351753547620557505e-15
4.877777777777777374e+03,3.456983464284414596e-15
4.879365079365079509e+03,3.545661331648876935e-15
4.880952380952380736e+03,3.617704479670272291e-15
4.882539682539681962e+03,3.674129230694391408e-15
4.884126984126984098e+03,3.716681661307777529e-15
4.885714285714285325e+03,3.747489125739907984e-15
4.887301587301587460e+03,3.768770717221181227e-15
4.888888888888888687e+03,3.782625479312967351e-15
4.890476190476190823e+03,3.790900352878238752e-15
4.892063492063492049e+03,3.795127883537635871e-15
4.893650793650793275e+03,3.796517249019359231e-15
4.895238095238095411e+03,3.795980524605661558e-15
4.896825396825396638e+03,3.794177893520315496e-15
4.898412698412697864e+03,3.791569161582219453e-15
4.900000000000000000e+03,3.788463109508098945e-15
4.901587301587301226e+03,3.785059990569026689e-15
4.903174603174603362e+03,3.781485380893010152e-15
4.904761904761904589e+03,3.777815500804791501e-15
4.906349206349206725e+03,3.774095165756906137e-15
4.907936507936507951e+03,3.770349918627531352e-15
4.909523809523809177e+03,3.766593879314766650e-15
4.911111111111111313e+03,3.762834621192435444e-15
4.912698412698412540e+03,3.759076086520195955e-15
4.914285714285713766e+03,3.755320266792545598e-15
4.915873015873015902e+03,3.751568137743878991e-15
4.917460317460317128e+03,3.747820162198789830e-15
4.919047619047619264e+03,3.744076551699470382e-15
4.920634920634920491e+03,3.740337398298168308e-15
4.922222222222222626e+03,3.736602738878002656e-15
4.923809523809523853e+03,3.732872585583978522e-15
4.925396825396825079e+03,3.729146939786639967e-15
4.926984126984127215e+03,3.725425798299205869e-15
4.928571428571428442e+03,3.721709156064512214e-15
4.930158730158729668e+03,3.717997007282537292e-15
4.931746031746031804e+03,3.714289345869975501e-15
4.933333333333333030e+03,3.710586165642265416e-15
4.934920634920635166e+03,3.706887460383560970e-15
4.936507936507936392e+03,3.703193223872961861e-15
4.938095238095238528e+03,3.699503449894000399e-15
4.939682539682539755e+03,3.695818132238005204e-15
4.941269841269840981e+03,3.692137264705241903e-15
4.942857142857143117e+03,3.688460841105280737e-15
4.944444444444444343e+03,3.684788855257118835e-15
4.946031746031745570e+03,3.681121300989198355e-15
4.947619047619047706e+03,3.677458172139394658e-15
4.949206349206348932e+03,3.673799462555024190e-15
4.950793650793650158e+03,3.670145166092825551e-15
4.952380952380952294e+03,3.666495276618919265e-15
4.953968253968254430e+03,3.662849788008833810e-15
4.955555555555555657e+03,3.659208694147463812e-15
4.957142857142856883e+03,3.655571988929057418e-15
4.958730158730159019e+03,3.651939666257211566e-15
4.960317460317460245e+03,3.648311720044848320e-15
4.961904761904761472e+03,3.644688144214196724e-15
4.963492063492063608e+03,3.641068932696796749e-15
4.965079365079364834e+03,3.637454079433462211e-15
4.966666666666666060e+03,3.633843578374277624e-15
4.968253968253968196e+03,3.630237423478580837e-15
4.969841269841269423e+03,3.626635608714953573e-15
4.971428571428571558e+03,3.623038128061191449e-15
4.973015873015872785e+03,3.619444975504310288e-15
4.974603174603174921e+03,3.615856145040512201e-15
4.976190476190476147e+03,3.612271630675186371e-15
4.977777777777777374e+03,3.608691426422884599e-15
4.979365079365079509e+03,3.605115526307300009e-15
4.980952380952380736e+03,3.601543924361285188e-15
4.982539682539681962e+03,3.597976614626789078e-15
4.984126984126984098e+03,3.594413591154876697e-15
4.985714285714285325e+03,3.590854848005715729e-15
4.987301587301587460e+03,3.587300379248537871e-15
4.988888888888888687e+03,3.583750178961639620e-15
4.990476190476190823e+03,3.580204241232378329e-15
4.992063492063492049e+03,3.576662560157131977e-15
4.993650793650793275e+03,3.573125129841308630e-15
4.995238095238095411e+03,3.569591944399310951e-15
4.996825396825396638e+03,3.566062997954544869e-15
4.998412698412697864e+03,3.562538284639386452e-15
5.000000000000000000e+03,3.559017798595167705e-15
5.001587301587301226e+03,3.555501533972187615e-15
5.003174603174603362e+03,3.551989484929658508e-15
5.004761904761904589e+03,3.548481645635726562e-15
5.006349206349206725e+03,3.544978010267435120e-15
5.007936507936507951e+03,3.541478573010725483e-15
5.009523809523809177e+03,3.537983328060406142e-15
5.011111111111111313e+03,3.534492269620156331e-15
5.012698412698412540e+03,3.531005391902503145e-15
5.014285714285713766e+03,3.527522689128800245e-15
5.015873015873015902e+03,3.524044155529229436e-15
5.017460317460317128e+03,3.520569785342778574e-15
5.019047619047619264e+03,3.517099572817219879e-15
5.020634920634920491e+03,3.513633512209115451e-15
5.022222222222222626e+03,3.510171597783777830e-15
5.023809523809523853e+03,3.506713823815275521e-15
5.025396825396825079e+03,3.503260184586418785e-15
5.026984126984127215e+03,3.499810674388722574e-15
5.028571428571428442e+03,3.496365287522436106e-15
5.030158730158729668e+03,3.492924018296476207e-15
5.031746031746031804e+03,3.489486861028448614e-15
5.033333333333333030e+03,3.486053810044636925e-15
5.034920634920635166e+03,3.482624859679961192e-15
5.036507936507936392e+03,3.479200004277984616e-15
5.038095238095238528e+03,3.475779238190897385e-15
5.039682539682539755e+03,3.472362555779502469e-15
5.041269841269840981e+03,3.468949951413189588e-15
5.042857142857143117e+03,3.465541419469942314e-15
5.044444444444444343e+03,3.462136954336306909e-15
5.046031746031745570e+03,3.458736550407390354e-15
5.047619047619047706e+03,3.455340202086835500e-15
5.049206349206348932e+03,3.451947903786819488e-15
5.050793650793650158e+03,3.448559649928030086e-15
5.052380952380952294e+03,3.445175434939658588e-15
5.053968253968254430e+03,3.441795253259376148e-15
5.055555555555555657e+03,3.438419099333345613e-15
5.057142857142856883e+03,3.435046967616165911e-15
5.058730158730159019e+03,3.431678852570902021e-15
5.060317460317460245e+03,3.428314748669041199e-15
5.061904761904761472e+03,3.424954650390496522e-15
5.063492063492063608e+03,3.421598552223577704e-15
5.065079365079364834e+03,3.418246448665002532e-15
5.066666666666666060e+03,3.414898334219850720e-15
5.068253968253968196e+03,3.411554203401578500e-15
5.069841269841269423e+03,3.408214050731994169e-15
5.071428571428571558e+03,3.404877870741232451e-15
5.073015873015872785e+03,3.401545657967777770e-15
5.074603174603174921e+03,3.398217406958398769e-15
5.076190476190476147e+03,3.394893112268183423e-15
5.077777777777777374e+03,3.391572768460498403e-15
5.079365079365079509e+03,3.388256370106974096e-15
5.080952380952380736e+03,3.384943911787516826e-15
5.082539682539681962e+03,3.381635388090267838e-15
5.084126984126984098e+03,3.378330793611593435e-15
5.085714285714285325e+03,3.375030122956101543e-15
5.087301587301587460e+03,3.371733370736582155e-15
5.088888888888888687e+03,3.368440531574032966e-15
5.090476190476190823e+03,3.365151600097627425e-15
5.092063492063492049e+03,3.361866570944706061e-15
5.093650793650793275e+03,3.358585438760760698e-15
5.095238095238095411e+03,3.355308198199423026e-15
5.096825396825396638e+03,3.352034843922455126e-15
5.098412698412697864e+03,3.348765370599737249e-15
5.100000000000000000e+03,3.345499772909240598e-15
5.101587301587301226e+03,3.342238045537030875e-15
5.103174603174603362e+03,3.338980183177249355e-15
5.104761904761904589e+03,3.335726180532098679e-15
5.106349206349206725e+03,3.332476032311826689e-15
5.107936507936507951e+03,3.329229733234729973e-15
5.109523809523809177e+03,3.325987278027114817e-15
5.111111111111111313e+03,3.322748661423304309e-15
5.112698412698412540e+03,3.319513878165622952e-15
5.114285714285713766e+03,3.316282923004371815e-15
5.115873015873015902e+03,3.313055790697828140e-15
5.117460317460317128e+03,3.309832476012233903e-15
5.119047619047619264e+03,3.306612973721765445e-15
5.120634920634920491e+03,3.303397278608552007e-15
5.122222222222222626e+03,3.300185385462620508e-15
5.123809523809523853e+03,3.296977289081924741e-15
5.125396825396825079e+03,3.293772984272306315e-15
5.126984126984127215e+03,3.290572465847489928e-15
5.128571428571428442e+03,3.287375728629070743e-15
5.130158730158729668e+03,3.284182767446506894e-15
5.131746031746031804e+03,3.280993577137089116e-15
5.133333333333333030e+03,3.277808152545959673e-15
5.134920634920635166e+03,3.274626488526062668e-15
5.136507936507936392e+03,3.271448579938158234e-15
5.138095238095238528e+03,3.268274421650801242e-15
5.139682539682539755e+03,3.265104008540326701e-15
5.141269841269840981e+03,3.261937335490839900e-15
5.142857142857143117e+03,3.258774397394202211e-15
5.144444444444444343e+03,3.255615189150027534e-15
5.146031746031745570e+03,3.252459705665647196e-15
5.147619047619047706e+03,3.249307941856126517e-15
5.149206349206348932e+03,3.246159892644232465e-15
5.150793650793650158e+03,3.243015552960431685e-15
5.152380952380952294e+03,3.239874917742862494e-15
5.153968253968254430e+03,3.236737981937342772e-15
5.155555555555555657e+03,3.233604740497352208e-15
5.157142857142856883e+03,3.230475188384010611e-15
5.158730158730159019e+03,3.227349320566062128e-15
5.160317460317460245e+03,3.224227132019894971e-15
5.161904761904761472e+03,3.221108617729485797e-15
5.163492063492063608e+03,3.217993772686415095e-15
5.165079365079364834e+03,3.214882591889854957e-15
5.166666666666666060e+03,3.211775070346536339e-15
5.168253968253968196e+03,3.208671203070761290e-15
5.169841269841269423e+03,3.205570985084375736e-15
5.171428571428571558e+03,3.202474411416759620e-15
5.173015873015872785e+03,3.199381477104825715e-15
5.174603174603174921e+03,3.196292177192986498e-15
5.176190476190476147e+03,3.193206506733160455e-15
5.177777777777777374e+03,3.190124460784760251e-15
5.179365079365079509e+03,3.187046034414656050e-15
5.180952380952380736e+03,3.183971222697199965e-15
5.182539682539681962e+03,3.180900020714187405e-15
5.184126984126984098e+03,3.177832423554850373e-15
5.185714285714285325e+03,3.174768426315860618e-15
5.187301587301587460e+03,3.171708024101289406e-15
5.188888888888888687e+03,3.168651212022626842e-15
5.190476190476190823e+03,3.165597985198742040e-15
5.192063492063492049e+03,3.162548338755896527e-15
5.193650793650793275e+03,3.159502267827708351e-15
5.195238095238095411e+03,3.156459767555161948e-15
5.196825396825396638e+03,3.153420833086577761e-15
5.198412698412697864e+03,3.150385459577616586e-15
5.200000000000000000e+03,3.147353642191253538e-15
5.201587301587301226e+03,3.144325376097775681e-15
5.203174603174603362e+03,3.141300656474769019e-15
5.204761904761904589e+03,3.138279478507107047e-15
5.206349206349206725e+03,3.135261837386925520e-15
5.207936507936507951e+03,3.132247728313637824e-15
5.209523809523809177e+03,3.129237146493901063e-15
5.211111111111111313e+03,3.126230087141603040e-15
5.212698412698412540e+03,3.123226545477879216e-15
5.214285714285713766e+03,3.120226516731056704e-15
5.215873015873015902e+03,3.117229996136686216e-15
5.217460317460317128e+03,3.114236978937503408e-15
5.219047619047619264e+03,3.111247460383417839e-15
5.220634920634920491e+03,3.108261435731522829e-15
5.222222222222222626e+03,3.105278900246057987e-15
5.223809523809523853e+03,3.102299849198413950e-15
5.225396825396825079e+03,3.099324277867118175e-15
5.226984126984127215e+03,3.096352181537813255e-15
5.228571428571428442e+03,3.093383555503264009e-15
5.230158730158729668e+03,3.090418395063331457e-15
5.231746031746031804e+03,3.087456695524963350e-15
5.233333333333333030e+03,3.084498452202185495e-15
5.234920634920634257e+03,3.081543660416095046e-15
5.236507936507936392e+03,3.078592315494836841e-15
5.238095238095238528e+03,3.075644412773606557e-15
5.239682539682539755e+03,3.072699947594632172e-15
5.241269841269840981e+03,3.069758915307150693e-15
5.242857142857143117e+03,3.066821311267421960e-15
5.244444444444444343e+03,3.063887130838700643e-15
5.246031746031745570e+03,3.060956369391224411e-15
5.247619047619047706e+03,3.058029022302211166e-15
5.249206349206348932e+03,3.055105084955844059e-15
5.250793650793650158e+03,3.052184552743256893e-15
5.252380952380952294e+03,3.049267421062526631e-15
5.253968253968254430e+03,3.046353685318661169e-15
5.255555555555555657e+03,3.043443340923589472e-15
5.257142857142856883e+03,3.040536383296150533e-15
5.258730158730159019e+03,3.037632807862073652e-15
5.260317460317460245e+03,3.034732610053991055e-15
5.261904761904761472e+03,3.031835785311393718e-15
5.263492063492063608e+03,3.028942329080638865e-15
5.265079365079364834e+03,3.026052236814951146e-15
5.266666666666666060e+03,3.023165503974383593e-15
5.268253968253968196e+03,3.020282126025827084e-15
5.269841269841269423e+03,3.017402098442994564e-15
5.271428571428571558e+03,3.014525416706397385e-15
5.273015873015872785e+03,3.011652076303364231e-15
5.274603174603174921e+03,3.008782072727993004e-15
5.276190476190476147e+03,3.005915401481172120e-15
5.277777777777777374e+03,3.003052058070546195e-15
5.279365079365079509e+03,3.000192038010521958e-15
5.280952380952380736e+03,2.997335336822245381e-15
5.282539682539681962e+03,2.994481950033598514e-15
5.284126984126984098e+03,2.991631873179183718e-15
5.285714285714285325e+03,2.988785101800316558e-15
5.287301587301587460e+03,2.985941631445012000e-15
5.288888888888888687e+03,2.983101457667978100e-15
5.290476190476190823e+03,2.980264576030601413e-15
5.292063492063492049e+03,2.977430982100935943e-15
5.293650793650793275e+03,2.974600671453690527e-15
5.295238095238095411e+03,2.971773639670224888e-15
5.296825396825396638e+03,2.968949882338539772e-15
5.298412698412697864e+03,2.966129395053250133e-15
5.300000000000000000e+03,2.963312173415598538e-15
5.301587301587301226e+03,2.960498213033419670e-15
5.303174603174603362e+03,2.957687509521154528e-15
5.304761904761904589e+03,2.954880058499822422e-15
5.306349206349206725e+03,2.952075855597005984e-15
5.307936507936507951e+03,2.949274896446871682e-15
5.309523809523809177e+03,2.946477176690114987e-15
5.311111111111111313e+03,2.943682691973981680e-15
5.312698412698412540e+03,2.940891437952254831e-15
5.314285714285713766e+03,2.938103410285229950e-15
5.315873015873015902e+03,2.935318604639705130e-15
5.317460317460317128e+03,2.932537016688999581e-15
5.319047619047619264e+03,2.929758642112896439e-15
5.320634920634920491e+03,2.926983476597674322e-15
5.322222222222222626e+03,2.924211515836071435e-15
5.323809523809523853e+03,2.921442755527287542e-15
5.325396825396825079e+03,2.918677191376966612e-15
5.326984126984127215e+03,2.915914819097190508e-15
5.328571428571428442e+03,2.913155634406467550e-15
5.330158730158729668e+03,2.910399633029721071e-15
5.331746031746031804e+03,2.907646810698282325e-15
5.333333333333333030e+03,2.904897163149875493e-15
5.334920634920634257e+03,2.902150686128612952e-15
5.336507936507936392e+03,2.899407375384976341e-15
5.338095238095238528e+03,2.896667226675820902e-15
5.339682539682539755e+03,2.893930235764349841e-15
5.341269841269840981e+03,2.891196398420109986e-15
5.342857142857143117e+03,2.888465710418985484e-15
5.344444444444444343e+03,2.885738167543185169e-15
5.346031746031745570e+03,2.883013765581224427e-15
5.347619047619047706e+03,2.880292500327931109e-15
5.349206349206348932e+03,2.877574367584423834e-15
5.350793650793650158e+03,2.874859363158100559e-15
5.352380952380952294e+03,2.872147482862635808e-15
5.353968253968254430e+03,2.869438722517965690e-15
5.355555555555555657e+03,2.866733077950282377e-15
5.357142857142856883e+03,2.864030544992020690e-15
5.358730158730159019e+03,2.861331119481840746e-15
5.360317460317460245e+03,2.858634797264639792e-15
5.361904761904761472e+03,2.855941574191516703e-15
5.363492063492063608e+03,2.853251446119771592e-15
5.365079365079364834e+03,2.850564408912911721e-15
5.366666666666666060e+03,2.847880458440613247e-15
5.368253968253968196e+03,2.845199590578727924e-15
5.369841269841269423e+03,2.842521801209281130e-15
5.371428571428571558e+03,2.839847086220438739e-15
5.373015873015872785e+03,2.837175441506517764e-15
5.374603174603174921e+03,2.834506862967964276e-15
5.376190476190476147e+03,2.831841346511352217e-15
5.377777777777777374e+03,2.829178888049369594e-15
5.379365079365079509e+03,2.826519483500801128e-15
5.380952380952380736e+03,2.823863128790535348e-15
5.382539682539681962e+03,2.821209819849540931e-15
5.384126984126984098e+03,2.818559552614858811e-15
5.385714285714285325e+03,2.815912323029600204e-15
5.387301587301587460e+03,2.813268127042927680e-15
5.388888888888888687e+03,2.810626960610052006e-15
5.390476190476190823e+03,2.807988819692215183e-15
5.392063492063492049e+03,2.805353700256696367e-15
5.393650793650793275e+03,2.802721598276775183e-15
5.395238095238095411e+03,2.800092509731749082e-15
5.396825396825396638e+03,2.797466430606911250e-15
5.398412698412697864e+03,2.794843356893539177e-15
5.400000000000000000e+03,2.792223284588891096e-15
5.401587301587301226e+03,2.789606209696194949e-15
5.403174603174603362e+03,2.786992128224627476e-15
5.404761904761904589e+03,2.784381036189329996e-15
5.406349206349206725e+03,2.781772929611373693e-15
5.407936507936507951e+03,2.779167804517759622e-15
5.409523809523809177e+03,2.776565656941415941e-15
5.411111111111111313e+03,2.773966482921170305e-15
5.412698412698412540e+03,2.771370278501766433e-15
5.414285714285713766e+03,2.768777039733830579e-15
5.415873015873015902e+03,2.766186762673871137e-15
5.417460317460317128e+03,2.763599443384277066e-15
5.419047619047619264e+03,2.761015077933293828e-15
5.420634920634920491e+03,2.758433662395024967e-15
5.422222222222222626e+03,2.755855192849417906e-15
5.423809523809523853e+03,2.753279665382258431e-15
5.425396825396825079e+03,2.750707076085151358e-15
5.426984126984127215e+03,2.748137421055526058e-15
5.428571428571428442e+03,2.745570696396615158e-15
5.430158730158729668e+03,2.743006898217456117e-15
5.431746031746031804e+03,2.740446022632862434e-15
5.433333333333333030e+03,2.737888065763440214e-15
5.434920634920634257e+03,2.735333023735558190e-15
5.436507936507936392e+03,2.732780892681350880e-15
5.438095238095238528e+03,2.730231668738698077e-15
5.439682539682539755e+03,2.727685348051235889e-15
5.441269841269840981e+03,2.725141926768315724e-15
5.442857142857143117e+03,2.722601401045028348e-15
5.444444444444444343e+03,2.720063767042172720e-15
5.446031746031745570e+03,2.717529020926250875e-15
5.447619047619047706e+03,2.714997158869469492e-15
5.449206349206348932e+03,2.712468177049717021e-15
5.450793650793650158e+03,2.709942071650562894e-15
5.452380952380952294e+03,2.707418838861244509e-15
5.453968253968253521e+03,2.704898474876662891e-15
5.455555555555555657e+03,2.702380975897360998e-15
5.457142857142856883e+03,2.699866338129541864e-15
5.458730158730159019e+03,2.697354557785021664e-15
5.460317460317460245e+03,2.694845631081252590e-15
5.461904761904761472e+03,2.692339554241300367e-15
5.463492063492063608e+03,2.689836323493832027e-15
5.465079365079364834e+03,2.687335935073119460e-15
5.466666666666666060e+03,2.684838385219018113e-15
5.468253968253968196e+03,2.682343670176958311e-15
5.469841269841269423e+03,2.679851786197948812e-15
5.471428571428571558e+03,2.677362729538557081e-15
5.473015873015872785e+03,2.674876496460899035e-15
5.474603174603174921e+03,2.672393083232639835e-15
5.476190476190476147e+03,2.669912486126975344e-15
5.477777777777777374e+03,2.667434701422628976e-15
5.479365079365079509e+03,2.664959725403840251e-15
5.480952380952380736e+03,2.662487554360356520e-15
5.482539682539681962e+03,2.660018184587427830e-15
5.484126984126984098e+03,2.657551612385787997e-15
5.485714285714285325e+03,2.655087834061656179e-15
5.487301587301587460e+03,2.652626845926727809e-15
5.488888888888888687e+03,2.650168644298158812e-15
5.490476190476190823e+03,2.647713225498555750e-15
5.492063492063492049e+03,2.645260585855984496e-15
5.493650793650793275e+03,2.642810721703933553e-15
5.495238095238095411e+03,2.640363629381333775e-15
5.496825396825396638e+03,2.637919305232528787e-15
5.498412698412697864e+03,2.635477745607275768e-15
5.500000000000000000e+03,2.633038946860735203e-15
5.501587301587301226e+03,2.630602905353465358e-15
5.503174603174603362e+03,2.628169617451401767e-15
5.504761904761904589e+03,2.625739079525869069e-15
5.506349206349206725e+03,2.623311287953547480e-15
5.507936507936507951e+03,2.620886239116490539e-15
5.509523809523809177e+03,2.618463929402093562e-15
5.511111111111111313e+03,2.616044355203095997e-15
5.512698412698412540e+03,2.613627512917575519e-15
5.514285714285713766e+03,2.611213398948935400e-15
5.515873015873015902e+03,2.608802009705889524e-15
5.517460317460317128e+03,2.606393341602470277e-15
5.519047619047619264e+03,2.603987391058002510e-15
5.520634920634920491e+03,2.601584154497106305e-15
5.522222222222222626e+03,2.599183628349685533e-15
5.523809523809523853e+03,2.596785809050917208e-15
5.525396825396825079e+03,2.594390693041243987e-15
5.526984126984127215e+03,2.591998276766370627e-15
5.528571428571428442e+03,2.589608556677248596e-15
5.530158730158729668e+03,2.587221529230067795e-15
5.531746031746031804e+03,2.584837190886257345e-15
5.533333333333333030e+03,2.582455538112465863e-15
5.534920634920634257e+03,2.580076567380561465e-15
5.536507936507936392e+03,2.577700275167613622e-15
5.538095238095238528e+03,2.575326657955899077e-15
5.539682539682539755e+03,2.572955712232886063e-15
5.541269841269840981e+03,2.570587434491218139e-15
5.542857142857143117e+03,2.568221821228712605e-15
5.544444444444444343e+03,2.565858868948365240e-15
5.546031746031745570e+03,2.563498574158319930e-15
5.547619047619047706e+03,2.561140933371868272e-15
5.549206349206348932e+03,2.558785943107455095e-15
5.550793650793650158e+03,2.556433599888642966e-15
5.552380952380952294e+03,2.554083900244133880e-15
5.553968253968254430e+03,2.551736840707736129e-15
5.555555555555555657e+03,2.549392417818375737e-15
5.557142857142856883e+03,2.547050628120070435e-15
5.558730158730159019e+03,2.544711468161936361e-15
5.560317460317460245e+03,2.542374934498171097e-15
5.561904761904761472e+03,2.540041023688052100e-15
5.563492063492063608e+03,2.537709732295918155e-15
5.565079365079364834e+03,2.535381056891172141e-15
5.566666666666666060e+03,2.533054994048273140e-15
5.568253968253968196e+03,2.530731540346711196e-15
5.569841269841270332e+03,2.528410692371029400e-15
5.571428571428570649e+03,2.526092446710786026e-15
5.573015873015872785e+03,2.523776799960558873e-15
5.574603174603174921e+03,2.521463748719942497e-15
5.576190476190476147e+03,2.519153289593539144e-15
5.577777777777777374e+03,2.516845419190932325e-15
5.579365079365079509e+03,2.514540134126706926e-15
5.580952380952380736e+03,2.512237431020420812e-15
5.582539682539681962e+03,2.509937306496608380e-15
5.584126984126984098e+03,2.507639757184760437e-15
5.585714285714286234e+03,2.505344779719329727e-15
5.587301587301586551e+03,2.503052370739716335e-15
5.588888888888888687e+03,2.500762526890256247e-15
5.590476190476190823e+03,2.498475244820222142e-15
5.592063492063492049e+03,2.496190521183812347e-15
5.593650793650793275e+03,2.493908352640135846e-15
5.595238095238095411e+03,2.491628735853210707e-15
5.596825396825396638e+03,2.489351667491964867e-15
5.598412698412697864e+03,2.487077144230207339e-15
5.600000000000000000e+03,2.484805162746639654e-15
5.601587301587302136e+03,2.482535719724838105e-15
5.603174603174602453e+03,2.480268811853250204e-15
5.604761904761904589e+03,2.478004435825183241e-15
5.606349206349206725e+03,2.475742588338799154e-15
5.607936507936507951e+03,2.473483266097107038e-15
5.609523809523809177e+03,2.471226465807954071e-15
5.611111111111111313e+03,2.468972184184018022e-15
5.612698412698412540e+03,2.466720417942799755e-15
5.614285714285713766e+03,2.464471163806618102e-15
5.615873015873015902e+03,2.462224418502593692e-15
5.617460317460317128e+03,2.459980178762654470e-15
5.619047619047618355e+03,2.457738441323517164e-15
5.620634920634920491e+03,2.455499202926679786e-15
5.622222222222222626e+03,2.453262460318426763e-15
5.623809523809523853e+03,2.451028210249805269e-15
5.625396825396825079e+03,2.448796449476623252e-15
5.626984126984127215e+03,2.446567174759449045e-15
5.628571428571428442e+03,2.444340382863594398e-15
5.630158730158729668e+03,2.442116070559108173e-15
5.631746031746031804e+03,2.439894234620774367e-15
5.633333333333333030e+03,2.437674871828100285e-15
5.634920634920634257e+03,2.435457978965312589e-15
5.636507936507936392e+03,2.433243552821337583e-15
5.638095238095238528e+03,2.431031590189815802e-15
5.639682539682539755e+03,2.428822087869070064e-15
5.641269841269840981e+03,2.426615042662122829e-15
5.642857142857143117e+03,2.424410451376661876e-15
5.644444444444444343e+03,2.422208310825059245e-15
5.646031746031745570e+03,2.420008617824341251e-15
5.647619047619047706e+03,2.417811369196195196e-15
5.649206349206348932e+03,2.415616561766961873e-15
5.650793650793650158e+03,2.413424192367615446e-15
5.652380952380952294e+03,2.411234257833772136e-15
5.653968253968254430e+03,2.409046755005673252e-15
5.655555555555555657e+03,2.406861680728179278e-15
5.657142857142856883e+03,2.404679031850763960e-15
5.658730158730159019e+03,2.402498805227504437e-15
5.660317460317460245e+03,2.400320997717077699e-15
5.661904761904761472e+03,2.398145606182751512e-15
5.663492063492063608e+03,2.395972627492376134e-15
5.665079365079364834e+03,2.393802058518377610e-15
5.666666666666666060e+03,2.391633896137752648e-15
5.668253968253968196e+03,2.389468137232055992e-15
5.669841269841270332e+03,2.387304778687396085e-15
5.671428571428570649e+03,2.385143817394440198e-15
5.673015873015872785e+03,2.382985250248372621e-15
5.674603174603174921e+03,2.380829074148931737e-15
5.676190476190476147e+03,2.378675286000372155e-15
5.677777777777777374e+03,2.376523882711464718e-15
5.679365079365079509e+03,2.374374861195494521e-15
5.680952380952380736e+03,2.372228218370251056e-15
5.682539682539681962e+03,2.370083951158015985e-15
5.684126984126984098e+03,2.367942056485563137e-15
5.685714285714286234e+03,2.365802531284151409e-15
5.687301587301586551e+03,2.363665372489512541e-15
5.688888888888888687e+03,2.361530577041842042e-15
5.690476190476190823e+03,2.359398141885800767e-15
5.692063492063492049e+03,2.357268063970508215e-15
5.693650793650793275e+03,2.355140340249522013e-15
5.695238095238095411e+03,2.353014967680839107e-15
5.696825396825396638e+03,2.350891943226899698e-15
5.698412698412697864e+03,2.348771263854559245e-15
5.700000000000000000e+03,2.346652926535092010e-15
5.701587301587302136e+03,2.344536928244193424e-15
5.703174603174602453e+03,2.342423265961956031e-15
5.704761904761904589e+03,2.340311936672865936e-15
5.706349206349206725e+03,2.338202937365810692e-15
5.707936507936507951e+03,2.336096265034052086e-15
5.709523809523809177e+03,2.333991916675236395e-15
5.711111111111111313e+03,2.331889889291371113e-15
5.712698412698412540e+03,2.329790179888832839e-15
5.714285714285713766e+03,2.327692785478352291e-15
5.715873015873015902e+03,2.325597703075007994e-15
5.717460317460317128e+03,2.323504929698220362e-15
5.719047619047618355e+03,2.321414462371748940e-15
5.720634920634920491e+03,2.319326298123676230e-15
5.722222222222222626e+03,2.317240433986406509e-15
5.723809523809523853e+03,2.315156866996667011e-15
5.725396825396825079e+03,2.313075594195479923e-15
5.726984126984127215e+03,2.310996612628177375e-15
5.728571428571428442e+03,2.308919919344381716e-15
5.730158730158729668e+03,2.306845511398003148e-15
5.731746031746031804e+03,2.304773385847232628e-15
5.733333333333333030e+03,2.302703539754537133e-15
5.734920634920634257e+03,2.300635970186643094e-15
5.736507936507936392e+03,2.298570674214546256e-15
5.738095238095238528e+03,2.296507648913488018e-15
5.739682539682539755e+03,2.294446891362963311e-15
5.741269841269840981e+03,2.292388398646701676e-15
5.742857142857143117e+03,2.290332167852665679e-15
5.744444444444444343e+03,2.288278196073050127e-15
5.746031746031745570e+03,2.286226480404264313e-15
5.747619047619047706e+03,2.284177017946926895e-15
5.749206349206348932e+03,2.282129805805873780e-15
5.750793650793650158e+03,2.280084841090133670e-15
5.752380952380952294e+03,2.278042120912924910e-15
5.753968253968254430e+03,2.276001642391660610e-15
5.755555555555555657e+03,2.273963402647929322e-15
5.757142857142856883e+03,2.271927398807491883e-15
5.758730158730159019e+03,2.269893628000275893e-15
5.760317460317460245e+03,2.267862087360371772e-15
5.761904761904761472e+03,2.265832774026020926e-15
5.763492063492063608e+03,2.263805685139610223e-15
5.765079365079364834e+03,2.261780817847669238e-15
5.766666666666666060e+03,2.259758169300862356e-15
5.768253968253968196e+03,2.257737736653975368e-15
5.769841269841270332e+03,2.255719517065919020e-15
5.771428571428570649e+03,2.253703507699722303e-15
5.773015873015872785e+03,2.251689705722509977e-15
5.774603174603174921e+03,2.249678108305519527e-15
5.776190476190476147e+03,2.247668712624076709e-15
5.777777777777777374e+03,2.245661515857595947e-15
5.779365079365079509e+03,2.243656515189573623e-15
5.780952380952380736e+03,2.241653707807586898e-15
5.782539682539681962e+03,2.239653090903269257e-15
5.784126984126984098e+03,2.237654661672327861e-15
5.785714285714286234e+03,2.235658417314519882e-15
5.787301587301586551e+03,2.233664355033656846e-15
5.788888888888888687e+03,2.231672472037584511e-15
5.790476190476190823e+03,2.229682765538195885e-15
5.792063492063492049e+03,2.227695232751405987e-15
5.793650793650793275e+03,2.225709870897158545e-15
5.795238095238095411e+03,2.223726677199410619e-15
5.796825396825396638e+03,2.221745648886137332e-15
5.798412698412697864e+03,2.219766783189310174e-15
5.800000000000000000e+03,2.217790077344903712e-15
5.801587301587302136e+03,2.215815528592885333e-15
5.803174603174602453e+03,2.213843134177208536e-15
5.804761904761904589e+03,2.211872891345798735e-15
5.806349206349206725e+03,2.209904797350566276e-15
5.807936507936507951e+03,2.207938849447382376e-15
5.809523809523809177e+03,2.205975044896077544e-15
5.811111111111111313e+03,2.204013380960440791e-15
5.812698412698412540e+03,2.202053854908205437e-15
5.814285714285713766e+03,2.200096464011051469e-15
5.815873015873015902e+03,2.198141205544589375e-15
5.817460317460317128e+03,2.196188076788361722e-15
5.819047619047618355e+03,2.194237075025837629e-15
5.820634920634920491e+03,2.192288197544395811e-15
5.822222222222222626e+03,2.190341441635331284e-15
5.823809523809523853e+03,2.188396804593845502e-15
5.825396825396825079e+03,2.186454283719034920e-15
5.826984126984127215e+03,2.184513876313887443e-15
5.828571428571428442e+03,2.182575579685283217e-15
5.830158730158729668e+03,2.180639391143974118e-15
5.831746031746031804e+03,2.178705308004594004e-15
5.833333333333333030e+03,2.176773327585640969e-15
5.834920634920634257e+03,2.174843447209474978e-15
5.836507936507936392e+03,2.172915664202310367e-15
5.838095238095238528e+03,2.170989975894215849e-15
5.839682539682539755e+03,2.169066379619100309e-15
5.841269841269840981e+03,2.167144872714712021e-15
5.842857142857143117e+03,2.165225452522626811e-15
5.844444444444444343e+03,2.163308116388250030e-15
5.846031746031745570e+03,2.161392861660807876e-15
5.847619047619047706e+03,2.159479685693331620e-15
5.849206349206348932e+03,2.157568585842671800e-15
5.850793650793650158e+03,2.155659559469471011e-15
5.852380952380952294e+03,2.153752603938169029e-15
5.853968253968254430e+03,2.151847716616999261e-15
5.855555555555554747e+03,2.149944894877979282e-15
5.857142857142856883e+03,2.148044136096890715e-15
5.858730158730159019e+03,2.146145437653305265e-15
5.860317460317460245e+03,2.144248796930548828e-15
5.861904761904761472e+03,2.142354211315710954e-15
5.863492063492063608e+03,2.140461678199632621e-15
5.865079365079364834e+03,2.138571194976905053e-15
5.866666666666666060e+03,2.136682759045860644e-15
5.868253968253968196e+03,2.134796367808567442e-15
5.869841269841270332e+03,2.132912018670820861e-15
5.871428571428570649e+03,2.131029709042149994e-15
5.873015873015872785e+03,2.129149436335790003e-15
5.874603174603174921e+03,2.127271197968694345e-15
5.876190476190476147e+03,2.125394991361529646e-15
5.877777777777777374e+03,2.123520813938652430e-15
5.879365079365079509e+03,2.121648663128119764e-15
5.880952380952380736e+03,2.119778536361678615e-15
5.882539682539681962e+03,2.117910431074757563e-15
5.884126984126984098e+03,2.116044344706463647e-15
5.885714285714286234e+03,2.114180274699574868e-15
5.887301587301586551e+03,2.112318218500538222e-15
5.888888888888888687e+03,2.110458173559457467e-15
5.890476190476190823e+03,2.108600137330092340e-15
5.892063492063492049e+03,2.106744107269851845e-15
5.893650793650793275e+03,2.104890080839790709e-15
5.895238095238095411e+03,2.103038055504593603e-15
5.896825396825396638e+03,2.101188028732584210e-15
5.898412698412697864e+03,2.099339997995709850e-15
5.900000000000000000e+03,2.097493960769534767e-15
5.901587301587302136e+03,2.095649914533244077e-15
5.903174603174602453e+03,2.093807856769629175e-15
5.904761904761904589e+03,2.091967784965079056e-15
5.906349206349206725e+03,2.090129696609590174e-15
5.907936507936507951e+03,2.088293589196745147e-15
5.909523809523809177e+03,2.086459460223711570e-15
5.911111111111111313e+03,2.084627307191239256e-15
5.912698412698412540e+03,2.082797127603659445e-15
5.914285714285713766e+03,2.080968918968859960e-15
5.915873015873015902e+03,2.079142678798302948e-15
5.917460317460317128e+03,2.077318404607004378e-15
5.919047619047618355e+03,2.075496093913534825e-15
5.920634920634920491e+03,2.073675744240009610e-15
5.922222222222222626e+03,2.071857353112084857e-15
5.923809523809523853e+03,2.070040918058960648e-15
5.925396825396825079e+03,2.068226436613356171e-15
5.926984126984127215e+03,2.066413906311519587e-15
5.928571428571428442e+03,2.064603324693224078e-15
5.930158730158729668e+03,2.062794689301748528e-15
5.931746031746031804e+03,2.060987997683883826e-15
5.933333333333333030e+03,2.059183247389925378e-15
5.934920634920634257e+03,2.057380435973660088e-15
5.936507936507936392e+03,2.055579560992373456e-15
5.938095238095238528e+03,2.053780620006833017e-15
5.939682539682539755e+03,2.051983610581287942e-15
5.941269841269840981e+03,2.050188530283465096e-15
5.942857142857143117e+03,2.048395376684556809e-15
5.944444444444444343e+03,2.046604147359223638e-15
5.946031746031745570e+03,2.044814839885584902e-15
5.947619047619047706e+03,2.043027451845211975e-15
5.949206349206348932e+03,2.041241980823124735e-15
5.950793650793650158e+03,2.039458424407789200e-15
5.952380952380952294e+03,2.037676780191100172e-15
5.953968253968254430e+03,2.035897045768396225e-15
5.955555555555554747e+03,2.034119218738436434e-15
5.957142857142856883e+03,2.032343296703397613e-15
5.958730158730159019e+03,2.030569277268880233e-15
5.960317460317460245e+03,2.028797158043892251e-15
5.961904761904761472e+03,2.027026936640842008e-15
5.963492063492063608e+03,2.025258610675546116e-15
5.965079365079364834e+03,2.023492177767211321e-15
5.966666666666666060e+03,2.021727635538434496e-15
5.968253968253968196e+03,2.019964981615194361e-15
5.969841269841270332e+03,2.018204213626850301e-15
5.971428571428570649e+03,2.016445329206139207e-15
5.973015873015872785e+03,2.014688325989156546e-15
5.974603174603174921e+03,2.012933201615368194e-15
5.976190476190476147e+03,2.011179953727597812e-15
5.977777777777777374e+03,2.009428579972018960e-15
5.979365079365079509e+03,2.007679077998147601e-15
5.980952380952380736e+03,2.005931445458854330e-15
5.982539682539681962e+03,2.004185680010332423e-15
5.984126984126984098e+03,2.002441779312114798e-15
5.985714285714286234e+03,2.000699741027059030e-15
5.987301587301586551e+03,1.998959562821345373e-15
5.988888888888888687e+03,1.997221242364465722e-15
5.990476190476190823e+03,1.995484777329223607e-15
5.992063492063492049e+03,1.993750165391731833e-15
5.993650793650793275e+03,1.992017404231401429e-15
5.995238095238095411e+03,1.990286491530936131e-15
5.996825396825396638e+03,1.988557424976332381e-15
5.998412698412697864e+03,1.986830202256873015e-15
6.000000000000000000e+03,1.985104821065116220e-15
6.001587301587301226e+03,1.983381279096898292e-15
6.003174603174602453e+03,1.981659574051324964e-15
6.004761904761904589e+03,1.979939703630761541e-15
6.006349206349206725e+03,1.978221665540839608e-15
6.007936507936507951e+03,1.976505457490443220e-15
6.009523809523809177e+03,1.974791077191702204e-15
6.011111111111111313e+03,1.973078522359992154e-15
6.012698412698412540e+03,1.971367790713930092e-15
6.014285714285713766e+03,1.969658879975362638e-15
6.015873015873015902e+03,1.967951787869368769e-15
6.017460317460317128e+03,1.966246512124249959e-15
6.019047619047618355e+03,1.964543050471529391e-15
6.020634920634920491e+03,1.962841400645936966e-15
6.022222222222222626e+03,1.961141560385419954e-15
6.023809523809523853e+03,1.959443527431122090e-15
6.025396825396825079e+03,1.957747299527394619e-15
6.026984126984127215e+03,1.956052874421770654e-15
6.028571428571428442e+03,1.954360249864985296e-15
6.030158730158729668e+03,1.952669423610947627e-15
6.031746031746031804e+03,1.950980393416747811e-15
6.033333333333333030e+03,1.949293157042655910e-15
6.034920634920634257e+03,1.947607712252100979e-15
6.036507936507936392e+03,1.945924056811685663e-15
6.038095238095238528e+03,1.944242188491166863e-15
6.039682539682539755e+03,1.942562105063456140e-15
6.041269841269840981e+03,1.940883804304615760e-15
6.042857142857143117e+03,1.939207283993850026e-15
6.044444444444444343e+03,1.937532541913503695e-15
6.046031746031745570e+03,1.935859575849060007e-15
6.047619047619047706e+03,1.934188383589125302e-15
6.049206349206348932e+03,1.932518962925435332e-15
6.050793650793650158e+03,1.930851311652845793e-15
6.052380952380952294e+03,1.929185427569324043e-15
6.053968253968254430e+03,1.927521308475950680e-15
6.055555555555554747e+03,1.925858952176915204e-15
6.057142857142856883e+03,1.924198356479497869e-15
6.058730158730159019e+03,1.922539519194083493e-15
6.060317460317460245e+03,1.920882438134146468e-15
6.061904761904761472e+03,1.919227111116244449e-15
6.063492063492063608e+03,1.917573535960017563e-15
6.065079365079364834e+03,1.915921710488183285e-15
6.066666666666666060e+03,1.914271632526531704e-15
6.068253968253968196e+03,1.912623299903916449e-15
6.069841269841270332e+03,1.910976710452259423e-15
6.071428571428570649e+03,1.909331862006534239e-15
6.073015873015872785e+03,1.907688752404768584e-15
6.074603174603174921e+03,1.906047379488039881e-15
6.076190476190476147e+03,1.904407741100470162e-15
6.077777777777777374e+03,1.902769835089216602e-15
6.079365079365079509e+03,1.901133659304468363e-15
6.080952380952380736e+03,1.899499211599451719e-15
6.082539682539681962e+03,1.897866489830409946e-15
6.084126984126984098e+03,1.896235491856607261e-15
6.085714285714286234e+03,1.894606215540326851e-15
6.087301587301586551e+03,1.892978658746859043e-15
6.088888888888888687e+03,1.891352819344498538e-15
6.090476190476190823e+03,1.889728695204545204e-15
6.092063492063492049e+03,1.888106284201291454e-15
6.093650793650793275e+03,1.886485584212023821e-15
6.095238095238095411e+03,1.884866593117013888e-15
6.096825396825396638e+03,1.883249308799517105e-15
6.098412698412697864e+03,1.881633729145767264e-15
6.100000000000000000e+03,1.880019852044969406e-15
6.101587301587301226e+03,1.878407675389296262e-15
6.103174603174602453e+03,1.876797197073891811e-15
6.104761904761904589e+03,1.875188414996848004e-15
6.106349206349206725e+03,1.873581327059218964e-15
6.107936507936507951e+03,1.871975931165010732e-15
6.109523809523809177e+03,1.870372225221167068e-15
6.111111111111111313e+03,1.868770207137581282e-15
6.112698412698412540e+03,1.867169874827078090e-15
6.114285714285713766e+03,1.865571226205414012e-15
6.115873015873015902e+03,1.863974259191274213e-15
6.117460317460317128e+03,1.862378971706268953e-15
6.119047619047618355e+03,1.860785361674923335e-15
6.120634920634920491e+03,1.859193427024676513e-15
6.122222222222222626e+03,1.857603165685878933e-15
6.123809523809523853e+03,1.856014575591786021e-15
6.125396825396825079e+03,1.854427654678551082e-15
6.126984126984127215e+03,1.852842400885223726e-15
6.128571428571428442e+03,1.851258812153748288e-15
6.130158730158729668e+03,1.849676886428950415e-15
6.131746031746031804e+03,1.848096621658539833e-15
6.133333333333333030e+03,1.846518015793109946e-15
6.134920634920634257e+03,1.844941066786120879e-15
6.136507936507936392e+03,1.843365772593898692e-15
6.138095238095238528e+03,1.841792131175646416e-15
6.139682539682539755e+03,1.840220140493416450e-15
6.141269841269840981e+03,1.838649798512120814e-15
6.142857142857143117e+03,1.837081103199521682e-15
6.144444444444444343e+03,1.835514052526229409e-15
6.146031746031745570e+03,1.833948644465696225e-15
6.147619047619047706e+03,1.832384876994212282e-15
6.149206349206348932e+03,1.830822748090899748e-15
6.150793650793650158e+03,1.829262255737715558e-15
6.152380952380952294e+03,1.827703397919433673e-15
6.153968253968254430e+03,1.826146172623652962e-15
6.155555555555554747e+03,1.824590577840794052e-15
6.157142857142856883e+03,1.823036611564075657e-15
6.158730158730159019e+03,1.821484271789537066e-15
6.160317460317460245e+03,1.819933556516014865e-15
6.161904761904761472e+03,1.818384463745144129e-15
6.163492063492063608e+03,1.816836991481356046e-15
6.165079365079364834e+03,1.815291137731872797e-15
6.166666666666666060e+03,1.813746900506699267e-15
6.168253968253968196e+03,1.812204277818624629e-15
6.169841269841270332e+03,1.810663267683214449e-15
6.171428571428570649e+03,1.809123868118809112e-15
6.173015873015872785e+03,1.807586077146512778e-15
6.174603174603174921e+03,1.806049892790199298e-15
6.176190476190476147e+03,1.804515313076501561e-15
6.177777777777777374e+03,1.802982336034806374e-15
6.179365079365079509e+03,1.801450959697251298e-15
6.180952380952380736e+03,1.799921182098727809e-15
6.182539682539681962e+03,1.798393001276863547e-15
6.184126984126984098e+03,1.796866415272025867e-15
6.185714285714286234e+03,1.795341422127323019e-15
6.187301587301586551e+03,1.793818019888587981e-15
6.188888888888888687e+03,1.792296206604379243e-15
6.190476190476190823e+03,1.790775980325980810e-15
6.192063492063492049e+03,1.789257339107396288e-15
6.193650793650793275e+03,1.787740281005336254e-15
6.195238095238095411e+03,1.786224804079226549e-15
6.196825396825396638e+03,1.784710906391196042e-15
6.198412698412697864e+03,1.783198586006076638e-15
6.200000000000000000e+03,1.781687840991393804e-15
6.201587301587301226e+03,1.780178669417368940e-15
6.203174603174602453e+03,1.778671069356913069e-15
6.204761904761904589e+03,1.777165038885616184e-15
6.206349206349206725e+03,1.775660576081754349e-15
6.207936507936507951e+03,1.774157679026279445e-15
6.209523809523809177e+03,1.772656345802813254e-15
6.211111111111111313e+03,1.771156574497644891e-15
6.212698412698412540e+03,1.769658363199732782e-15
6.214285714285713766e+03,1.768161710000688882e-15
6.215873015873015902e+03,1.766666612994784396e-15
6.217460317460317128e+03,1.765173070278941103e-15
6.219047619047618355e+03,1.763681079952729776e-15
6.220634920634920491e+03,1.762190640118362098e-15
6.222222222222222626e+03,1.760701748880693421e-15
6.223809523809523853e+03,1.759214404347209751e-15
6.225396825396825079e+03,1.757728604628031890e-15
6.226984126984127215e+03,1.756244347835906364e-15
6.228571428571428442e+03,1.754761632086203645e-15
6.230158730158729668e+03,1.753280455496913425e-15
6.231746031746031804e+03,1.751800816188637901e-15
6.233333333333333030e+03,1.750322712284597305e-15
6.234920634920634257e+03,1.748846141910613336e-15
6.236507936507936392e+03,1.747371103195108959e-15
6.238095238095238528e+03,1.745897594269113143e-15
6.239682539682539755e+03,1.744425613266246658e-15
6.241269841269840981e+03,1.742955158322718924e-15
6.242857142857143117e+03,1.741486227577331554e-15
6.244444444444444343e+03,1.740018819171466922e-15
6.246031746031745570e+03,1.738552931249083821e-15
6.247619047619047706e+03,1.737088561956722000e-15
6.249206349206348932e+03,1.735625709443487175e-15
6.250793650793650158e+03,1.734164371861058523e-15
6.252380952380952294e+03,1.732704547363673104e-15
6.253968253968254430e+03,1.731246234108128619e-15
6.255555555555554747e+03,1.729789430253783017e-15
6.257142857142856883e+03,1.728334133962540297e-15
6.258730158730159019e+03,1.726880343398851886e-15
6.260317460317460245e+03,1.725428056729721768e-15
6.261904761904761472e+03,1.723977272124681240e-15
6.263492063492063608e+03,1.722527987755808634e-15
6.265079365079364834e+03,1.721080201797708016e-15
6.266666666666666060e+03,1.719633912427514712e-15
6.268253968253968196e+03,1.718189117824886428e-15
6.269841269841270332e+03,1.716745816172002269e-15
6.271428571428570649e+03,1.715304005653560369e-15
6.273015873015872785e+03,1.713863684456767044e-15
6.274603174603174921e+03,1.712424850771341923e-15
6.276190476190476147e+03,1.710987502789507689e-15
6.277777777777777374e+03,1.709551638705988900e-15
6.279365079365079509e+03,1.708117256718006658e-15
6.280952380952380736e+03,1.706684355025276840e-15
6.282539682539681962e+03,1.705252931830005164e-15
6.284126984126984098e+03,1.703822985336881669e-15
6.285714285714286234e+03,1.702394513753081503e-15
6.287301587301586551e+03,1.700967515288258612e-15
6.288888888888888687e+03,1.699541988154533512e-15
6.290476190476190823e+03,1.698117930566508083e-15
6.292063492063492049e+03,1.696695340741246632e-15
6.293650793650793275e+03,1.695274216898276292e-15
6.295238095238095411e+03,1.693854557259584453e-15
6.296825396825396638e+03,1.692436360049614825e-15
6.298412698412697864e+03,1.691019623495260132e-15
6.300000000000000000e+03,1.689604345825865867e-15
6.301587301587301226e+03,1.688190525273218454e-15
6.303174603174602453e+03,1.686778160071548406e-15
6.304761904761904589e+03,1.685367248457520267e-15
6.306349206349206725e+03,1.683957788670229850e-15
6.307936507936507951e+03,1.682549778951211139e-15
6.309523809523809177e+03,1.681143217544415780e-15
6.311111111111111313e+03,1.679738102696218602e-15
6.312698412698412540e+03,1.678334432655417815e-15
6.314285714285713766e+03,1.676932205673221404e-15
6.315873015873015902e+03,1.675531420003250278e-15
6.317460317460317128e+03,1.674132073901533545e-15
6.319047619047618355e+03,1.672734165626501011e-15
6.320634920634920491e+03,1.671337693438985552e-15
6.322222222222222626e+03,1.669942655602216799e-15
6.323809523809523853e+03,1.668549050381814239e-15
6.325396825396825079e+03,1.667156876045790365e-15
6.326984126984127215e+03,1.665766130864537667e-15
6.328571428571428442e+03,1.664376813110834741e-15
6.330158730158729668e+03,1.662988921059837809e-15
6.331746031746031804e+03,1.661602452989076577e-15
6.333333333333333030e+03,1.660217407178451085e-15
6.334920634920634257e+03,1.658833781910230910e-15
6.336507936507936392e+03,1.657451575469046099e-15
6.338095238095238528e+03,1.656070786141891114e-15
6.339682539682538845e+03,1.654691412218114179e-15
6.341269841269840981e+03,1.653313451989412745e-15
6.342857142857143117e+03,1.651936903749840989e-15
6.344444444444444343e+03,1.650561765795795408e-15
6.346031746031745570e+03,1.649188036426012461e-15
6.347619047619047706e+03,1.647815713941569945e-15
6.349206349206348932e+03,1.646444796645880686e-15
6.350793650793650158e+03,1.645075282844686819e-15
6.352380952380952294e+03,1.643707170846060378e-15
6.353968253968254430e+03,1.642340458960397187e-15
6.355555555555554747e+03,1.640975145500413501e-15
6.357142857142856883e+03,1.639611228781141870e-15
6.358730158730159019e+03,1.638248707119930940e-15
6.360317460317460245e+03,1.636887578836439534e-15
6.361904761904761472e+03,1.635527842252631726e-15
6.363492063492063608e+03,1.634169495692771316e-15
6.365079365079364834e+03,1.632812537483430507e-15
6.366666666666666060e+03,1.631456965953470186e-15
6.368253968253968196e+03,1.630102779434047022e-15
6.369841269841270332e+03,1.628749976258607157e-15
6.371428571428570649e+03,1.627398554762880483e-15
6.373015873015872785e+03,1.626048513284880843e-15
6.374603174603174921e+03,1.624699850164899915e-15
6.376190476190476147e+03,1.623352563745506424e-15
6.377777777777777374e+03,1.622006652371538453e-15
6.379365079365079509e+03,1.620662114390103437e-15
6.380952380952380736e+03,1.619318948150574619e-15
6.382539682539681962e+03,1.617977152004586511e-15
6.384126984126984098e+03,1.616636724306029964e-15
6.385714285714286234e+03,1.615297663411051974e-15
6.387301587301586551e+03,1.613959967678053308e-15
6.388888888888888687e+03,1.612623635467675101e-15
6.390476190476190823e+03,1.611288665142811475e-15
6.392063492063492049e+03,1.609955055068592380e-15
6.393650793650793275e+03,1.608622803612385566e-15
6.395238095238095411e+03,1.607291909143794220e-15
6.396825396825396638e+03,1.605962370034654004e-15
6.398412698412697864e+03,1.604634184659023196e-15
6.400000000000000000e+03,1.603307351393188015e-15
6.401587301587301226e+03,1.601981868615653940e-15
6.403174603174602453e+03,1.600657734707145718e-15
6.404761904761904589e+03,1.599334948050596901e-15
6.406349206349206725e+03,1.598013507031157745e-15
6.407936507936507951e+03,1.596693410036181002e-15
6.409523809523809177e+03,1.595374655455227053e-15
6.411111111111111313e+03,1.594057241680051285e-15
6.412698412698412540e+03,1.592741167104613753e-15
6.414285714285713766e+03,1.591426430125063009e-15
6.415873015873015902e+03,1.590113029139737286e-15
6.417460317460317128e+03,1.588800962549167063e-15
6.419047619047618355e+03,1.587490228756062242e-15
6.420634920634920491e+03,1.586180826165315900e-15
6.422222222222222626e+03,1.584872753183995606e-15
6.423809523809523853e+03,1.583566008221346779e-15
6.425396825396825079e+03,1.582260589688781840e-15
6.426984126984127215e+03,1.580956495999881983e-15
6.428571428571428442e+03,1.579653725570393234e-15
6.430158730158729668e+03,1.578352276818222115e-15
6.431746031746031804e+03,1.577052148163430311e-15
6.433333333333333030e+03,1.575753338028237046e-15
6.434920634920634257e+03,1.574455844837013358e-15
6.436507936507936392e+03,1.573159667016270856e-15
6.438095238095238528e+03,1.571864802994674942e-15
6.439682539682538845e+03,1.570571251203028629e-15
6.441269841269840981e+03,1.569279010074268999e-15
6.442857142857143117e+03,1.567988078043473509e-15
6.444444444444444343e+03,1.566698453547850330e-15
6.446031746031745570e+03,1.565410135026731839e-15
6.447619047619047706e+03,1.564123120921579942e-15
6.449206349206348932e+03,1.562837409675977200e-15
6.450793650793650158e+03,1.561552999735623478e-15
6.452380952380952294e+03,1.560269889548334957e-15
6.453968253968254430e+03,1.558988077564041964e-15
6.455555555555554747e+03,1.557707562234781876e-15
6.457142857142856883e+03,1.556428342014697339e-15
6.458730158730159019e+03,1.555150415360034896e-15
6.460317460317460245e+03,1.553873780729141624e-15
6.461904761904761472e+03,1.552598436582461002e-15
6.463492063492063608e+03,1.551324381382524423e-15
6.465079365079364834e+03,1.550051613593962444e-15
6.466666666666666060e+03,1.548780131683485053e-15
6.468253968253968196e+03,1.547509934119887991e-15
6.469841269841270332e+03,1.546241019374049196e-15
6.471428571428570649e+03,1.544973385918925451e-15
6.473015873015872785e+03,1.543707032229541538e-15
6.474603174603174921e+03,1.542441956782999113e-15
6.476190476190476147e+03,1.541178158058466056e-15
6.477777777777777374e+03,1.539915634537176669e-15
6.479365079365079509e+03,1.538654384702422206e-15
6.480952380952380736e+03,1.537394407039556598e-15
6.482539682539681962e+03,1.536135700035983826e-15
6.484126984126984098e+03,1.534878262181144712e-15
6.485714285714285325e+03,1.533622091966483586e-15
6.487301587301586551e+03,1.532367187885345145e-15
6.488888888888888687e+03,1.531113548432649045e-15
6.490476190476190823e+03,1.529861172103938933e-15
6.492063492063492049e+03,1.528610057392612555e-15
6.493650793650793275e+03,1.527360202782003570e-15
6.495238095238095411e+03,1.526111606723582753e-15
6.496825396825396638e+03,1.524864267578308755e-15
6.498412698412697864e+03,1.523618183463486929e-15
6.500000000000000000e+03,1.522373351863995995e-15
6.501587301587301226e+03,1.521129768673423074e-15
6.503174603174602453e+03,1.519887425896873715e-15
6.504761904761904589e+03,1.518646306306805489e-15
6.506349206349206725e+03,1.517406371374172822e-15
6.507936507936507951e+03,1.516167534820508893e-15
6.509523809523809177e+03,1.514929606400313322e-15
6.511111111111111313e+03,1.513692176050319931e-15
6.512698412698412540e+03,1.512454382561967739e-15
6.514285714285713766e+03,1.511214466305405588e-15
6.515873015873015902e+03,1.509968932450401313e-15
6.517460317460317128e+03,1.508711037624438889e-15
6.519047619047618355e+03,1.507428147040147400e-15
6.520634920634920491e+03,1.506097283657950241e-15
6.522222222222222626e+03,1.504677912130498349e-15
6.523809523809523853e+03,1.503100700220473983e-15
6.525396825396825079e+03,1.501250752383230986e-15
6.526984126984127215e+03,1.498943742632619325e-15
6.528571428571428442e+03,1.495893675057476865e-15
6.530158730158729668e+03,1.491671903967256130e-15
6.531746031746031804e+03,1.485658783908089094e-15
6.533333333333333030e+03,1.476992038350025229e-15
6.534920634920634257e+03,1.464519573381186483e-15
6.536507936507936392e+03,1.446768618871503405e-15
6.538095238095238528e+03,1.421946916929804755e-15
6.539682539682538845e+03,1.387993921821657307e-15
6.541269841269840981e+03,1.342699077984643081e-15
6.542857142857143117e+03,1.283898739744018035e-15
6.544444444444444343e+03,1.209752339451003650e-15
6.546031746031745570e+03,1.119082353655838213e-15
6.547619047619047706e+03,1.011743462564774469e-15
6.549206349206348932e+03,8.889677734533383387e-16
6.550793650793650158e+03,7.536200492039176625e-16
6.552380952380952294e+03,6.102946633486427090e-16
6.553968253968254430e+03,4.651982424123716216e-16
6.555555555555554747e+03,3.257895021255728960e-16
6.557142857142856883e+03,2.001875580122135496e-16
6.558730158730159019e+03,9.640497357540027242e-17
6.560317460317460245e+03,2.150227237590176603e-17
6.561904761904761472e+03,0.000000000000000000e+00
6.563492063492063608e+03,0.000000000000000000e+00
6.565079365079364834e+03,1.086159461793952905e-17
6.566666666666666060e+03,7.924815801307571686e-17
6.568253968253968196e+03,1.773071764776165761e-16
6.569841269841270332e+03,2.981602158491328939e-16
6.571428571428570649e+03,4.338690417172368540e-16
6.573015873015872785e+03,5.762826287591668481e-16
6.574603174603174921e+03,7.178202884630935016e-16
6.576190476190476147e+03,8.520898694917598265e-16
6.577777777777777374e+03,9.742791159691545608e-16
6.579365079365079509e+03,1.081303250687474771e-15
6.580952380952380736e+03,1.171732756835413587e-15
6.582539682539681962e+03,1.245554702212906929e-15
6.584126984126984098e+03,1.303835176930194312e-15
6.585714285714285325e+03,1.348349884158650588e-15
6.587301587301586551e+03,1.381238092094904824e-15
6.588888888888888687e+03,1.404717053610313850e-15
6.590476190476190823e+03,1.420874684946860650e-15
6.592063492063492049e+03,1.431541691980341307e-15
6.593650793650793275e+03,1.438232671822888356e-15
6.595238095238095411e+03,1.442139544165744571e-15
6.596825396825396638e+03,1.444159254251160097e-15
6.598412698412697864e+03,1.444939620566774705e-15
6.600000000000000000e+03,1.444930913076864226e-15
6.601587301587301226e+03,1.444434919590110621e-15
6.603174603174602453e+03,1.443646992602112767e-15
6.604761904761904589e+03,1.442689414409587791e-15
6.606349206349206725e+03,1.441636276951564544e-15
6.607936507936507951e+03,1.440531071127055204e-15
6.609523809523809177e+03,1.439398545072415405e-15
6.611111111111111313e+03,1.438252358801111501e-15
6.612698412698412540e+03,1.437099829269069936e-15
6.614285714285713766e+03,1.435944761408489797e-15
6.615873015873015902e+03,1.434789076634518177e-15
6.617460317460317128e+03,1.433633717282816641e-15
6.619047619047618355e+03,1.432479132124365456e-15
6.620634920634920491e+03,1.431325528519881134e-15
6.622222222222222626e+03,1.430172999217326898e-15
6.623809523809523853e+03,1.429021584128425064e-15
6.625396825396825079e+03,1.427871299506436780e-15
6.626984126984127215e+03,1.426722151312459093e-15
6.628571428571428442e+03,1.425574141156810928e-15
6.630158730158729668e+03,1.424427268862599297e-15
6.631746031746031804e+03,1.423281533539793660e-15
6.633333333333333030e+03,1.422136934022309490e-15
6.634920634920634257e+03,1.420993469040830345e-15
6.636507936507936392e+03,1.419851137289199977e-15
6.638095238095238528e+03,1.418709937449227476e-15
6.639682539682538845e+03,1.417569868199688366e-15
6.641269841269840981e+03,1.416430928219492277e-15
6.642857142857143117e+03,1.415293116188781829e-15
6.644444444444444343e+03,1.414156430789296888e-15
6.646031746031745570e+03,1.413020870704475541e-15
6.647619047619047706e+03,1.411886434619504778e-15
6.649206349206348932e+03,1.410753121221322271e-15
6.650793650793650158e+03,1.409620929198613608e-15
6.652380952380952294e+03,1.408489857241821368e-15
6.653968253968254430e+03,1.407359904043131121e-15
6.655555555555554747e+03,1.406231068296478521e-15
6.657142857142856883e+03,1.405103348697537873e-15
6.658730158730159019e+03,1.403976743943727852e-15
6.660317460317460245e+03,1.402851252734203020e-15
6.661904761904761472e+03,1.401726873769855798e-15
6.663492063492063608e+03,1.400603605753307203e-15
6.665079365079364834e+03,1.399481447388913149e-15
6.666666666666666060e+03,1.398360397382754596e-15
6.668253968253968196e+03,1.397240454442637741e-15
6.669841269841270332e+03,1.396121617278094018e-15
6.671428571428570649e+03,1.395003884600372412e-15
6.673015873015872785e+03,1.393887255122436495e-15
6.674603174603174921e+03,1.392771727558971922e-15
6.676190476190476147e+03,1.391657300626371839e-15
6.677777777777777374e+03,1.390543973042739049e-15
6.679365079365079509e+03,1.389431743527887199e-15
6.680952380952380736e+03,1.388320610803330719e-15
6.682539682539681962e+03,1.387210573592288175e-15
6.684126984126984098e+03,1.386101630619677539e-15
6.685714285714285325e+03,1.384993780612115198e-15
6.687301587301586551e+03,1.383887022297910239e-15
6.688888888888888687e+03,1.382781354407064446e-15
6.690476190476190823e+03,1.381676775671269738e-15
6.692063492063492049e+03,1.380573284823906395e-15
6.693650793650793275e+03,1.379470880600036545e-15
6.695238095238095411e+03,1.378369561736406144e-15
6.696825396825396638e+03,1.377269326971441418e-15
6.698412698412697864e+03,1.376170175045243149e-15
6.700000000000000000e+03,1.375072104699590421e-15
6.701587301587301226e+03,1.373975114677931152e-15
6.703174603174602453e+03,1.372879203725385647e-15
6.704761904761904589e+03,1.371784370588739101e-15
6.706349206349206725e+03,1.370690614016443176e-15
6.707936507936507951e+03,1.369597932758611863e-15
6.709523809523809177e+03,1.368506325567018325e-15
6.711111111111111313e+03,1.367415791195092333e-15
6.712698412698412540e+03,1.366326328397921052e-15
6.714285714285713766e+03,1.365237935932241947e-15
6.715873015873015902e+03,1.364150612556442384e-15
6.717460317460317128e+03,1.363064357030559436e-15
6.719047619047618355e+03,1.361979168116272583e-15
6.720634920634920491e+03,1.360895044576906869e-15
6.722222222222222626e+03,1.359811985177425408e-15
6.723809523809523853e+03,1.358729988684431947e-15
6.725396825396825079e+03,1.357649053866161203e-15
6.726984126984127215e+03,1.356569179492485373e-15
6.728571428571428442e+03,1.355490364334905253e-15
6.730158730158729668e+03,1.354412607166548867e-15
6.731746031746031804e+03,1.353335906762171655e-15
6.733333333333333030e+03,1.352260261898153915e-15
6.734920634920634257e+03,1.351185671352492716e-15
6.736507936507936392e+03,1.350112133904807418e-15
6.738095238095238528e+03,1.349039648336331193e-15
6.739682539682538845e+03,1.347968213429914577e-15
6.741269841269840981e+03,1.346897827970013831e-15
6.742857142857143117e+03,1.345828490742698634e-15
6.744444444444444343e+03,1.344760200535646758e-15
6.746031746031745570e+03,1.343692956138135588e-15
6.747619047619047706e+03,1.342626756341046065e-15
6.749206349206348932e+03,1.341561599936861505e-15
6.750793650793650158e+03,1.340497485719659117e-15
6.752380952380952294e+03,1.339434412485111777e-15
6.753968253968254430e+03,1.338372379030486652e-15
6.755555555555554747e+03,1.337311384154639081e-15
6.757142857142856883e+03,1.336251426658012576e-15
6.758730158730159019e+03,1.335192505342636657e-15
6.760317460317460245e+03,1.334134619012124480e-15
6.761904761904761472e+03,1.333077766471668699e-15
6.763492063492063608e+03,1.332021946528041069e-15
6.765079365079364834e+03,1.330967157989589491e-15
6.766666666666666060e+03,1.329913399666236628e-15
6.768253968253968196e+03,1.328860670369474384e-15
6.769841269841270332e+03,1.327808968912364498e-15
6.771428571428570649e+03,1.326758294109541895e-15
6.773015873015872785e+03,1.325708644777192595e-15
6.774603174603174921e+03,1.324660019733078174e-15
6.776190476190476147e+03,1.323612417796513866e-15
6.777777777777777374e+03,1.322565837788372514e-15
6.779365079365079509e+03,1.321520278531084565e-15
6.780952380952380736e+03,1.320475738848632748e-15
6.782539682539681962e+03,1.319432217566547339e-15
6.784126984126984098e+03,1.318389713511914446e-15
6.785714285714285325e+03,1.317348225513358060e-15
6.787301587301586551e+03,1.316307752401053863e-15
6.788888888888888687e+03,1.315268293006712461e-15
6.790476190476190823e+03,1.314229846163588459e-15
6.792063492063492049e+03,1.313192410706472179e-15
6.793650793650793275e+03,1.312155985471688867e-15
6.795238095238095411e+03,1.311120569297095735e-15
6.796825396825396638e+03,1.310086161022082362e-15
6.798412698412697864e+03,1.309052759487564966e-15
6.800000000000000000e+03,1.308020363535983058e-15
6.801587301587301226e+03,1.306988972011307918e-15
6.803174603174602453e+03,1.305958583759022679e-15
6.804761904761904589e+03,1.304929197626136327e-15
6.806349206349206725e+03,1.303900812461170884e-15
6.807936507936507951e+03,1.302873427114165944e-15
6.809523809523809177e+03,1.301847040436673346e-15
6.811111111111111313e+03,1.300821651281752443e-15
6.812698412698412540e+03,1.299797258503973058e-15
6.814285714285713766e+03,1.298773860959410755e-15
6.815873015873015902e+03,1.297751457505643678e-15
6.817460317460317128e+03,1.296730047001752555e-15
6.819047619047618355e+03,1.295709628308318134e-15
6.820634920634920491e+03,1.294690200287414080e-15
6.822222222222222626e+03,1.293671761802613684e-15
6.823809523809522943e+03,1.292654311718981973e-15
6.825396825396825079e+03,1.291637848903070781e-15
6.826984126984127215e+03,1.290622372222925054e-15
6.828571428571428442e+03,1.289607880548073787e-15
6.830158730158729668e+03,1.288594372749528046e-15
6.831746031746031804e+03,1.287581847699784125e-15
6.833333333333333030e+03,1.286570304272816050e-15
6.834920634920634257e+03,1.285559741344074400e-15
6.836507936507936392e+03,1.284550157790486895e-15
6.838095238095238528e+03,1.283541552490452874e-15
6.839682539682538845e+03,1.282533924323844086e-15
6.841269841269840981e+03,1.281527272171998576e-15
6.842857142857143117e+03,1.280521594917723640e-15
6.844444444444444343e+03,1.279516891445290308e-15
6.846031746031745570e+03,1.278513160640432550e-15
6.847619047619047706e+03,1.277510401390339590e-15
6.849206349206348932e+03,1.276508612583667734e-15
6.850793650793650158e+03,1.275507793110521834e-15
6.852380952380952294e+03,1.274507941862461600e-15
6.853968253968254430e+03,1.273509057732501992e-15
6.855555555555554747e+03,1.272511139615105136e-15
6.857142857142856883e+03,1.271514186406178547e-15
6.858730158730159019e+03,1.270518197003079667e-15
6.860317460317460245e+03,1.269523170304604823e-15
6.861904761904761472e+03,1.268529105210994742e-15
6.863492063492063608e+03,1.267536000623926670e-15
6.865079365079364834e+03,1.266543855446514958e-15
6.866666666666666060e+03,1.265552668583312051e-15
6.868253968253968196e+03,1.264562438940297840e-15
6.869841269841270332e+03,1.263573165424886363e-15
6.871428571428570649e+03,1.262584846945920284e-15
6.873015873015872785e+03,1.261597482413666559e-15
6.874603174603174921e+03,1.260611070739815837e-15
6.876190476190476147e+03,1.259625610837486805e-15
6.877777777777777374e+03,1.258641101621210604e-15
6.879365079365079509e+03,1.257657542006941875e-15
6.880952380952380736e+03,1.256674930912050081e-15
6.882539682539681962e+03,1.255693267255316352e-15
6.884126984126984098e+03,1.254712549956936443e-15
6.885714285714285325e+03,1.253732777938514815e-15
6.887301587301586551e+03,1.252753950123063260e-15
6.888888888888888687e+03,1.251776065435000700e-15
6.890476190476190823e+03,1.250799122800148649e-15
6.892063492063492049e+03,1.249823121145730233e-15
6.893650793650793275e+03,1.248848059400369593e-15
6.895238095238095411e+03,1.247873936494084986e-15
6.896825396825396638e+03,1.246900751358295486e-15
6.898412698412697864e+03,1.245928502925808960e-15
6.900000000000000000e+03,1.244957190130825612e-15
6.901587301587301226e+03,1.243986811908937198e-15
6.903174603174602453e+03,1.243017367197122291e-15
6.904761904761904589e+03,1.242048854933741153e-15
6.906349206349206725e+03,1.241081274058542641e-15
6.907936507936507951e+03,1.240114623512654537e-15
6.909523809523809177e+03,1.239148902238583556e-15
6.911111111111111313e+03,1.238184109180214155e-15
6.912698412698412540e+03,1.237220243282806173e-15
6.914285714285713766e+03,1.236257303492994233e-15
6.915873015873015902e+03,1.235295288758780452e-15
6.917460317460317128e+03,1.234334198029539957e-15
6.919047619047618355e+03,1.233374030256014775e-15
6.920634920634920491e+03,1.232414784390309492e-15
6.922222222222222626e+03,1.231456459385894606e-15
6.923809523809522943e+03,1.230499054197603178e-15
6.925396825396825079e+03,1.229542567781623529e-15
6.926984126984127215e+03,1.228586999095503978e-15
6.928571428571428442e+03,1.227632347098149485e-15
6.930158730158729668e+03,1.226678610749815939e-15
6.931746031746031804e+03,1.225725789012111923e-15
6.933333333333333030e+03,1.224773880847996554e-15
6.934920634920634257e+03,1.223822885221773559e-15
6.936507936507936392e+03,1.222872801099095817e-15
6.938095238095238528e+03,1.221923627446957270e-15
6.939682539682538845e+03,1.220975363233695486e-15
6.941269841269840981e+03,1.220028007428986337e-15
6.942857142857143117e+03,1.219081559003843406e-15
6.944444444444444343e+03,1.218136016930618773e-15
6.946031746031745570e+03,1.217191380182994738e-15
6.947619047619047706e+03,1.216247647735987564e-15
6.949206349206348932e+03,1.215304818565945110e-15
6.950793650793650158e+03,1.214362891650539931e-15
6.952380952380952294e+03,1.213421865968773220e-15
6.953968253968254430e+03,1.212481740500969682e-15
6.955555555555554747e+03,1.211542514228778322e-15
6.957142857142856883e+03,1.210604186135163570e-15
6.958730158730159019e+03,1.209666755204413567e-15
6.960317460317460245e+03,1.208730220422132073e-15
6.961904761904761472e+03,1.207794580775234923e-15
6.963492063492063608e+03,1.206859835251953773e-15
6.965079365079364834e+03,1.205925982841829590e-15
6.966666666666666060e+03,1.204993022535712651e-15
6.968253968253968196e+03,1.204060953325760970e-15
6.969841269841269423e+03,1.203129774205436350e-15
6.971428571428570649e+03,1.202199484169506946e-15
6.973015873015872785e+03,1.201270082214037408e-15
6.974603174603174921e+03,1.200341567336396175e-15
6.976190476190476147e+03,1.199413938535249756e-15
6.977777777777777374e+03,1.198487194810556225e-15
6.979365079365079509e+03,1.197561335163571329e-15
6.980952380952380736e+03,1.196636358596842182e-15
6.982539682539681962e+03,1.195712264114204502e-15
6.984126984126984098e+03,1.194789050720783203e-15
6.985714285714285325e+03,1.193866717422992198e-15
6.987301587301586551e+03,1.192945263228524734e-15
6.988888888888888687e+03,1.192024687146361678e-15
6.990476190476190823e+03,1.191104988186762047e-15
6.992063492063492049e+03,1.190186165361265181e-15
6.993650793650793275e+03,1.189268217682687585e-15
6.995238095238095411e+03,1.188351144165119773e-15
6.996825396825396638e+03,1.187434943823926272e-15
6.998412698412697864e+03,1.186519615675745815e-15
7.000000000000000000e+03,1.185605158738481877e-15
7.001587301587301226e+03,1.184691572031311547e-15
7.003174603174602453e+03,1.183778854574674489e-15
7.004761904761904589e+03,1.182867005390273725e-15
7.006349206349206725e+03,1.181956023501079583e-15
7.007936507936507951e+03,1.181045907931318850e-15
7.009523809523809177e+03,1.180136657706477926e-15
7.011111111111111313e+03,1.179228271853301247e-15
7.012698412698412540e+03,1.178320749399789311e-15
7.014285714285713766e+03,1.177414089375192373e-15
7.015873015873015902e+03,1.176508290810016157e-15
7.017460317460317128e+03,1.175603352736014167e-15
7.019047619047618355e+03,1.174699274186189268e-15
7.020634920634920491e+03,1.173796054194788753e-15
7.022222222222222626e+03,1.172893691797305326e-15
7.023809523809522943e+03,1.171992186030476122e-15
7.025396825396825079e+03,1.171091535932274816e-15
7.026984126984127215e+03,1.170191740541917536e-15
7.028571428571428442e+03,1.169292798899856951e-15
7.030158730158729668e+03,1.168394710047780299e-15
7.031746031746031804e+03,1.167497473028609382e-15
7.033333333333333030e+03,1.166601086886498206e-15
7.034920634920634257e+03,1.165705550666829819e-15
7.036507936507936392e+03,1.164810863416216120e-15
7.038095238095238528e+03,1.163917024182495290e-15
7.039682539682538845e+03,1.163024032014731797e-15
7.041269841269840981e+03,1.162131885963211066e-15
7.042857142857143117e+03,1.161240585079441059e-15
7.044444444444444343e+03,1.160350128416148925e-15
7.046031746031745570e+03,1.159460515027280996e-15
7.047619047619047706e+03,1.158571743967996477e-15
7.049206349206348932e+03,1.157683814294671194e-15
7.050793650793650158e+03,1.156796725064895426e-15
7.052380952380952294e+03,1.155910475337463647e-15
7.053968253968254430e+03,1.155025064172387345e-15
7.055555555555554747e+03,1.154140490630881022e-15
7.057142857142856883e+03,1.153256753775362984e-15
7.058730158730159019e+03,1.152373852669460264e-15
7.060317460317460245e+03,1.151491786377999165e-15
7.061904761904761472e+03,1.150610553967005452e-15
7.063492063492063608e+03,1.149730154503706325e-15
7.065079365079364834e+03,1.148850587056524304e-15
7.066666666666666060e+03,1.147971850695076444e-15
7.068253968253968196e+03,1.147093944490173937e-15
7.069841269841269423e+03,1.146216867513821522e-15
7.071428571428570649e+03,1.145340618839211764e-15
7.073015873015872785e+03,1.144465197540725846e-15
7.074603174603174921e+03,1.143590602693931791e-15
7.076190476190476147e+03,1.142716833375584858e-15
7.077777777777777374e+03,1.141843888663620640e-15
7.079365079365079509e+03,1.140971767637155653e-15
7.080952380952380736e+03,1.140100469376490890e-15
7.082539682539681962e+03,1.139229992963100377e-15
7.084126984126984098e+03,1.138360337479637292e-15
7.085714285714285325e+03,1.137491502009930020e-15
7.087301587301586551e+03,1.136623485638978203e-15
7.088888888888888687e+03,1.135756287452954128e-15
7.090476190476190823e+03,1.134889906539199962e-15
7.092063492063492049e+03,1.134024341986225781e-15
7.093650793650793275e+03,1.133159592883707399e-15
7.095238095238095411e+03,1.132295658322485975e-15
7.096825396825396638e+03,1.131432537394566041e-15
7.098412698412697864e+03,1.130570229193113136e-15
7.100000000000000000e+03,1.129708732812451832e-15
7.101587301587301226e+03,1.128848047348066128e-15
7.103174603174602453e+03,1.127988171896596100e-15
7.104761904761904589e+03,1.127129105555834548e-15
7.106349206349206725e+03,1.126270847424731530e-15
7.107936507936507951e+03,1.125413396603385487e-15
7.109523809523809177e+03,1.124556752193044626e-15
7.111111111111111313e+03,1.123700913296106327e-15
7.112698412698412540e+03,1.122845879016115172e-15
7.114285714285713766e+03,1.121991648457758603e-15
7.115873015873015902e+03,1.121138220726868307e-15
7.117460317460317128e+03,1.120285594930419422e-15
7.119047619047618355e+03,1.119433770176522656e-15
7.120634920634920491e+03,1.118582745574431574e-15
7.122222222222222626e+03,1.117732520234534126e-15
7.123809523809522943e+03,1.116883093268354222e-15
7.125396825396825079e+03,1.116034463788548771e-15
7.126984126984127215e+03,1.115186630908905713e-15
7.128571428571428442e+03,1.114339593744345990e-15
7.130158730158729668e+03,1.113493351410916643e-15
7.131746031746031804e+03,1.112647903025790809e-15
7.133333333333333030e+03,1.111803247707271278e-15
7.134920634920634257e+03,1.110959384574780625e-15
7.136507936507936392e+03,1.110116312748864962e-15
7.138095238095238528e+03,1.109274031351191568e-15
7.139682539682538845e+03,1.108432539504546525e-15
7.141269841269840981e+03,1.107591836332831956e-15
7.142857142857143117e+03,1.106751920961067601e-15
7.144444444444444343e+03,1.105912792515386286e-15
7.146031746031745570e+03,1.105074450123034707e-15
7.147619047619047706e+03,1.104236892912368104e-15
7.149206349206348932e+03,1.103400120012853819e-15
7.150793650793650158e+03,1.102564130555066158e-15
7.152380952380952294e+03,1.101728923670685217e-15
7.153968253968254430e+03,1.100894498492494902e-15
7.155555555555554747e+03,1.100060854154387076e-15
7.157142857142856883e+03,1.099227989791347161e-15
7.158730158730159019e+03,1.098395904539467547e-15
7.160317460317460245e+03,1.097564597535936550e-15
7.161904761904761472e+03,1.096734067919039000e-15
7.163492063492063608e+03,1.095904314828154473e-15
7.165079365079364834e+03,1.095075337403758268e-15
7.166666666666666060e+03,1.094247134787416092e-15
7.168253968253968196e+03,1.093419706121784642e-15
7.169841269841269423e+03,1.092593050550611416e-15
7.171428571428570649e+03,1.091767167218728396e-15
7.173015873015872785e+03,1.090942055272055405e-15
7.174603174603174921e+03,1.090117713857597146e-15
7.176190476190476147e+03,1.089294142123440244e-15
7.177777777777777374e+03,1.088471339218753249e-15
7.179365079365079509e+03,1.087649304293782490e-15
7.180952380952380736e+03,1.086828036499856615e-15
7.182539682539681962e+03,1.086007534989378106e-15
7.184126984126984098e+03,1.085187798915823089e-15
7.185714285714285325e+03,1.084368827433746650e-15
7.187301587301586551e+03,1.083550619698770222e-15
7.188888888888888687e+03,1.082733174867590648e-15
7.190476190476190823e+03,1.081916492097970329e-15
7.192063492063492049e+03,1.081100570548741557e-15
7.193650793650793275e+03,1.080285409379801783e-15
7.195238095238095411e+03,1.079471007752111842e-15
7.196825396825396638e+03,1.078657364827698323e-15
7.198412698412697864e+03,1.077844479769648040e-15
7.200000000000000000e+03,1.077032351742106067e-15
7.201587301587301226e+03,1.076220979910278495e-15
7.203174603174602453e+03,1.075410363440428882e-15
7.204761904761904589e+03,1.074600501499872339e-15
7.206349206349206725e+03,1.073791393256982234e-15
7.207936507936507951e+03,1.072983037881183682e-15
7.209523809523809177e+03,1.072175434542950394e-15
7.211111111111111313e+03,1.071368582413808221e-15
7.212698412698412540e+03,1.070562480666330230e-15
7.214285714285713766e+03,1.069757128474135516e-15
7.215873015873015902e+03,1.068952525011888414e-15
7.217460317460317128e+03,1.068148669455298501e-15
7.219047619047618355e+03,1.067345560981114087e-15
7.220634920634920491e+03,1.066543198767128130e-15
7.222222222222222626e+03,1.065741581992169559e-15
7.223809523809522943e+03,1.064940709836107023e-15
7.225396825396825079e+03,1.064140581479844156e-15
7.226984126984127215e+03,1.063341196105319972e-15
7.228571428571428442e+03,1.062542552895507287e-15
7.230158730158729668e+03,1.061744651034409958e-15
7.231746031746031804e+03,1.060947489707060715e-15
7.233333333333333030e+03,1.060151068099525694e-15
7.234920634920634257e+03,1.059355385398893989e-15
7.236507936507936392e+03,1.058560440793281788e-15
7.238095238095238528e+03,1.057766233471831982e-15
7.239682539682538845e+03,1.056972762624708251e-15
7.241269841269840981e+03,1.056180027443097226e-15
7.242857142857143117e+03,1.055388027119203763e-15
7.244444444444444343e+03,1.054596760846255082e-15
7.246031746031745570e+03,1.053806227818492284e-15
7.247619047619047706e+03,1.053016427231173906e-15
7.249206349206348932e+03,1.052227358280572762e-15
7.250793650793650158e+03,1.051439020163975351e-15
7.252380952380952294e+03,1.050651412079677324e-15
7.253968253968254430e+03,1.049864533226987425e-15
7.255555555555554747e+03,1.049078382806223157e-15
7.257142857142856883e+03,1.048292960018705845e-15
7.258730158730159019e+03,1.047508264066764979e-15
7.260317460317460245e+03,1.046724294153736835e-15
7.261904761904761472e+03,1.045941049483956384e-15
7.263492063492063608e+03,1.045158529262763016e-15
7.265079365079364834e+03,1.044376732696495409e-15
7.266666666666666060e+03,1.043595658992490941e-15
7.268253968253968196e+03,1.042815307359084898e-15
7.269841269841269423e+03,1.042035677005608502e-15
7.271428571428570649e+03,1.041256767142386744e-15
7.273015873015872785e+03,1.040478576980738775e-15
7.274603174603174921e+03,1.039701105732975347e-15
7.276190476190476147e+03,1.038924352612396245e-15
7.277777777777777374e+03,1.038148316833293836e-15
7.279365079365079509e+03,1.037372997610942425e-15
7.280952380952380736e+03,1.036598394161608703e-15
7.282539682539681962e+03,1.035824505702539322e-15
7.284126984126984098e+03,1.035051331451966223e-15
7.285714285714285325e+03,1.034278870629104465e-15
7.287301587301586551e+03,1.033507122454148279e-15
7.288888888888888687e+03,1.032736086148269493e-15
7.290476190476190823e+03,1.031965760933622263e-15
7.292063492063492049e+03,1.031196146033335385e-15
7.293650793650793275e+03,1.030427240671509332e-15
7.295238095238095411e+03,1.029659044073223752e-15
7.296825396825396638e+03,1.028891555464526618e-15
7.298412698412697864e+03,1.028124774072440346e-15
7.300000000000000000e+03,1.027358699124953310e-15
7.301587301587301226e+03,1.026593329851024579e-15
7.303174603174602453e+03,1.025828665480579970e-15
7.304761904761904589e+03,1.025064705244509880e-15
7.306349206349206725e+03,1.024301448374669876e-15
7.307936507936507951e+03,1.023538894103878135e-15
7.309523809523809177e+03,1.022777041665914455e-15
7.311111111111111313e+03,1.022015890295516900e-15
7.312698412698412540e+03,1.021255439228386736e-15
7.314285714285713766e+03,1.020495687701177383e-15
7.315873015873015902e+03,1.019736634951502305e-15
7.317460317460317128e+03,1.018978280217927911e-15
7.319047619047618355e+03,1.018220622739974538e-15
7.320634920634920491e+03,1.017463661758114087e-15
7.322222222222222626e+03,1.016707396513770024e-15
7.323809523809522943e+03,1.015951826249315208e-15
7.325396825396825079e+03,1.015196950208069130e-15
7.326984126984127215e+03,1.014442767634299494e-15
7.328571428571428442e+03,1.013689277773219058e-15
7.330158730158729668e+03,1.012936479870985636e-15
7.331746031746031804e+03,1.012184373174696771e-15
7.333333333333333030e+03,1.011432956932395063e-15
7.334920634920634257e+03,1.010682230393061266e-15
7.336507936507936392e+03,1.009932192806614086e-15
7.338095238095238528e+03,1.009182843423912160e-15
7.339682539682538845e+03,1.008434181496749515e-15
7.341269841269840981e+03,1.007686206277852415e-15
7.342857142857143117e+03,1.006938917020884488e-15
7.344444444444444343e+03,1.006192312980440415e-15
7.346031746031745570e+03,1.005446393412044156e-15
7.347619047619047706e+03,1.004701157572149933e-15
7.349206349206348932e+03,1.003956604718142038e-15
7.350793650793650158e+03,1.003212734108330291e-15
7.352380952380952294e+03,1.002469545001950439e-15
7.353968253968254430e+03,1.001727036659161198e-15
7.355555555555554747e+03,1.000985208341048981e-15
7.357142857142856883e+03,1.000244059309616662e-15
7.358730158730159019e+03,9.995035888277894904e-16
7.360317460317460245e+03,9.987637961594145000e-16
7.361904761904761472e+03,9.980246805692532110e-16
7.363492063492063608e+03,9.972862413229853778e-16
7.365079365079364834e+03,9.965484776872070170e-16
7.366666666666666060e+03,9.958113889294260680e-16
7.368253968253968196e+03,9.950749743180649575e-16
7.369841269841269423e+03,9.943392331224578381e-16
7.371428571428570649e+03,9.936041646128474330e-16
7.373015873015872785e+03,9.928697680603874025e-16
7.374603174603174921e+03,9.921360427371383998e-16
7.376190476190476147e+03,9.914029879160670846e-16
7.377777777777777374e+03,9.906706028710469125e-16
7.379365079365079509e+03,9.899388868768522181e-16
7.380952380952380736e+03,9.892078392091633427e-16
7.382539682539681962e+03,9.884774591445603237e-16
7.384126984126984098e+03,9.877477459605234858e-16
7.385714285714285325e+03,9.870186989354328496e-16
7.387301587301586551e+03,9.862903173485651734e-16
7.388888888888888687e+03,9.855626004800933613e-16
7.390476190476190823e+03,9.848355476110862665e-16
7.392063492063492049e+03,9.841091580235073102e-16
7.393650793650793275e+03,9.833834310002113264e-16
7.395238095238095411e+03,9.826583658249437734e-16
7.396825396825396638e+03,9.819339617823430996e-16
7.398412698412697864e+03,9.812102181579332500e-16
7.400000000000000000e+03,9.804871342381282020e-16
7.401587301587301226e+03,9.797647093102286125e-16
7.403174603174602453e+03,9.790429426624188599e-16
7.404761904761904589e+03,9.783218335837670439e-16
7.406349206349206725e+03,9.776013813642245914e-16
7.407936507936507041e+03,9.768815852946274395e-16
7.409523809523809177e+03,9.761624446666857804e-16
7.411111111111111313e+03,9.754439587729929360e-16
7.412698412698412540e+03,9.747261269070210194e-16
7.414285714285713766e+03,9.740089483631148210e-16
7.415873015873015902e+03,9.732924224364971333e-16
7.417460317460317128e+03,9.725765484232655958e-16
7.419047619047618355e+03,9.718613256203877640e-16
7.420634920634920491e+03,9.711467533257058433e-16
7.422222222222222626e+03,9.704328308379309692e-16
7.423809523809522943e+03,9.697195574566451795e-16
7.425396825396825079e+03,9.690069324822960899e-16
7.426984126984127215e+03,9.682949552162000491e-16
7.428571428571428442e+03,9.675836249605385888e-16
7.430158730158729668e+03,9.668729410183580297e-16
7.431746031746031804e+03,9.661629026935677063e-16
7.433333333333333030e+03,9.654535092909381918e-16
7.434920634920634257e+03,9.647447601161030735e-16
7.436507936507936392e+03,9.640366544755522471e-16
7.438095238095238528e+03,9.633291916766382276e-16
7.439682539682538845e+03,9.626223710275686553e-16
7.441269841269840981e+03,9.619161918374049152e-16
7.442857142857143117e+03,9.612106534160680537e-16
7.444444444444444343e+03,9.605057550743297060e-16
7.446031746031745570e+03,9.598014961238144635e-16
7.447619047619047706e+03,9.590978758769986902e-16
7.449206349206348932e+03,9.583948936472095363e-16
7.450793650793650158e+03,9.576925487486211917e-16
7.452380952380952294e+03,9.569908404962572520e-16
7.453968253968254430e+03,9.562897682059877608e-16
7.455555555555554747e+03,9.555893311945292093e-16
7.457142857142856883e+03,9.548895287794384228e-16
7.458730158730159019e+03,9.541903602791198578e-16
7.460317460317460245e+03,9.534918250128177129e-16
7.461904761904761472e+03,9.527939223006179016e-16
7.463492063492063608e+03,9.520966514634437132e-16
7.465079365079364834e+03,9.514000118230609402e-16
7.466666666666666060e+03,9.507040027020678209e-16
7.468253968253968196e+03,9.500086234239025331e-16
7.469841269841269423e+03,9.493138733128374750e-16
7.471428571428570649e+03,9.486197516939759125e-16
7.473015873015872785e+03,9.479262578932576985e-16
7.474603174603174921e+03,9.472333912374513845e-16
7.476190476190476147e+03,9.465411510541579672e-16
7.477777777777777374e+03,9.458495366718063529e-16
7.479365079365079509e+03,9.451585474196535547e-16
7.480952380952380736e+03,9.444681826277829174e-16
7.482539682539681962e+03,9.437784416271058927e-16
7.484126984126984098e+03,9.430893237493549390e-16
7.485714285714285325e+03,9.424008283270890441e-16
7.487301587301586551e+03,9.417129546936883996e-16
7.488888888888888687e+03,9.410257021833536127e-16
7.490476190476190823e+03,9.403390701311066920e-16
7.492063492063492049e+03,9.396530578727880892e-16
7.493650793650793275e+03,9.389676647450553188e-16
7.495238095238095411e+03,9.382828900853835493e-16
7.496825396825396638e+03,9.375987332320628431e-16
7.498412698412697864e+03,9.369151935241973665e-16
7.500000000000000000e+03,9.362322703017055877e-16
7.501587301587301226e+03,9.355499629053169240e-16
7.503174603174602453e+03,9.348682706765733193e-16
7.504761904761904589e+03,9.341871929578243138e-16
7.506349206349206725e+03,9.335067290922307913e-16
7.507936507936507041e+03,9.328268784237594569e-16
7.509523809523809177e+03,9.321476402971846122e-16
7.511111111111111313e+03,9.314690140580840134e-16
7.512698412698412540e+03,9.307909990528438020e-16
7.514285714285713766e+03,9.301135946286490386e-16
7.515873015873015902e+03,9.294368001334886327e-16
7.517460317460317128e+03,9.287606149161533712e-16
7.519047619047618355e+03,9.280850383262315792e-16
7.520634920634920491e+03,9.274100697141134591e-16
7.522222222222222626e+03,9.267357084309832015e-16
7.523809523809522943e+03,9.260619538288260855e-16
7.525396825396825079e+03,9.253888052604180259e-16
7.526984126984127215e+03,9.247162620793324761e-16
7.528571428571428442e+03,9.240443236399356945e-16
7.530158730158729668e+03,9.233729892973855614e-16
7.531746031746031804e+03,9.227022584076305930e-16
7.533333333333333030e+03,9.220321303274111247e-16
7.534920634920634257e+03,9.213626044142543807e-16
7.536507936507936392e+03,9.206936800264762486e-16
7.538095238095238528e+03,9.200253565231787162e-16
7.539682539682538845e+03,9.193576332642522376e-16
7.541269841269840981e+03,9.186905096103670561e-16
7.542857142857143117e+03,9.180239849229814867e-16
7.544444444444444343e+03,9.173580585643336337e-16
7.546031746031745570e+03,9.166927298974433625e-16
7.547619047619047706e+03,9.160279982861109190e-16
7.549206349206348932e+03,9.153638630949165357e-16
7.550793650793650158e+03,9.147003236892176697e-16
7.552380952380952294e+03,9.140373794351482151e-16
7.553968253968253521e+03,9.133750296996196851e-16
7.555555555555554747e+03,9.127132738503176631e-16
7.557142857142856883e+03,9.120521112557010130e-16
7.558730158730159019e+03,9.113915412850024715e-16
7.560317460317460245e+03,9.107315633082250980e-16
7.561904761904761472e+03,9.100721766961448382e-16
7.563492063492063608e+03,9.094133808203044107e-16
7.565079365079364834e+03,9.087551750530170540e-16
7.566666666666666060e+03,9.080975587673637654e-16
7.568253968253968196e+03,9.074405313371889625e-16
7.569841269841269423e+03,9.067840921371069910e-16
7.571428571428570649e+03,9.061282405424926585e-16
7.573015873015872785e+03,9.054729759294851788e-16
7.574603174603174921e+03,9.048182976749873833e-16
7.576190476190476147e+03,9.041642051566615790e-16
7.577777777777777374e+03,9.035106977529317181e-16
7.579365079365079509e+03,9.028577748429780733e-16
7.580952380952380736e+03,9.022054358067423653e-16
7.582539682539681962e+03,9.015536800249214517e-16
7.584126984126984098e+03,9.009025068789677219e-16
7.585714285714285325e+03,9.002519157510892939e-16
7.587301587301586551e+03,8.996019060242490284e-16
7.588888888888888687e+03,8.989524770821607817e-16
7.590476190476190823e+03,8.983036283092907861e-16
7.592063492063492049e+03,8.976553590908582417e-16
7.593650793650793275e+03,8.970076688128284139e-16
7.595238095238095411e+03,8.963605568619179580e-16
7.596825396825396638e+03,8.957140226255905805e-16
7.598412698412697864e+03,8.950680654920562504e-16
7.600000000000000000e+03,8.944226848502702132e-16
7.601587301587301226e+03,8.937778800899345682e-16
7.603174603174603362e+03,8.931336506014907747e-16
7.604761904761904589e+03,8.924899957761291182e-16
7.606349206349205815e+03,8.918469150057754971e-16
7.607936507936507951e+03,8.912044076830993110e-16
7.609523809523809177e+03,8.905624732015093195e-16
7.611111111111111313e+03,8.899211109551512755e-16
7.612698412698412540e+03,8.892803203389116723e-16
7.614285714285713766e+03,8.886401007484100522e-16
7.615873015873015902e+03,8.880004515800028521e-16
7.617460317460317128e+03,8.873613722307818259e-16
7.619047619047619264e+03,8.867228620985711851e-16
7.620634920634920491e+03,8.860849205819277953e-16
7.622222222222221717e+03,8.854475470801409799e-16
7.623809523809523853e+03,8.848107409932276876e-16
7.625396825396825079e+03,8.841745017219378176e-16
7.626984126984126306e+03,8.835388286677484016e-16
7.628571428571428442e+03,8.829037212328630122e-16
7.630158730158729668e+03,8.822691788202139323e-16
7.631746031746031804e+03,8.816352008334563371e-16
7.633333333333333030e+03,8.810017866769717456e-16
7.634920634920634257e+03,8.803689357558649637e-16
7.636507936507936392e+03,8.797366474759623089e-16
7.638095238095237619e+03,8.791049212438125971e-16
7.639682539682539755e+03,8.784737564666848738e-16
7.641269841269840981e+03,8.778431525525689079e-16
7.642857142857142208e+03,8.772131089101703594e-16
7.644444444444444343e+03,8.765836249489153154e-16
7.646031746031745570e+03,8.759547000789446698e-16
7.647619047619047706e+03,8.753263337111162924e-16
7.649206349206348932e+03,8.746985252570026623e-16
7.650793650793650158e+03,8.740712741288876140e-16
7.652380952380952294e+03,8.734445797397711691e-16
7.653968253968253521e+03,8.728184415033632252e-16
7.655555555555555657e+03,8.721928588340832607e-16
7.657142857142856883e+03,8.715678311470638838e-16
7.658730158730158109e+03,8.709433578581441280e-16
7.660317460317460245e+03,8.703194383838709306e-16
7.661904761904761472e+03,8.696960721414995275e-16
7.663492063492063608e+03,8.690732585489892131e-16
7.665079365079364834e+03,8.684509970250071855e-16
7.666666666666666060e+03,8.678292869889216447e-16
7.668253968253968196e+03,8.672081278608043557e-16
7.669841269841269423e+03,8.665875190614318324e-16
7.671428571428571558e+03,8.659674600122784345e-16
7.673015873015872785e+03,8.653479501355203123e-16
7.674603174603174011e+03,8.647289888540336315e-16
7.676190476190476147e+03,8.641105755913916149e-16
7.677777777777777374e+03,8.634927097718642469e-16
7.679365079365079509e+03,8.628753908204198507e-16
7.680952380952380736e+03,8.622586181627205530e-16
7.682539682539681962e+03,8.616423912251249459e-16
7.684126984126984098e+03,8.610267094346823679e-16
7.685714285714285325e+03,8.604115722191370452e-16
7.687301587301587460e+03,8.597969790069244436e-16
7.688888888888888687e+03,8.591829292271697890e-16
7.690476190476189913e+03,8.585694223096888564e-16
7.692063492063492049e+03,8.579564576849863923e-16
7.693650793650793275e+03,8.573440347842556214e-16
7.695238095238095411e+03,8.567321530393746972e-16
7.696825396825396638e+03,8.561208118829108427e-16
7.698412698412697864e+03,8.555100107481128572e-16
7.700000000000000000e+03,8.548997490689171306e-16
7.701587301587301226e+03,8.542900262799416287e-16
7.703174603174603362e+03,8.536808418164853016e-16
7.704761904761904589e+03,8.530721951145320276e-16
7.706349206349205815e+03,8.524640856107433168e-16
7.707936507936507951e+03,8.518565127424606772e-16
7.709523809523809177e+03,8.512494759477061081e-16
7.711111111111111313e+03,8.506429746651765778e-16
7.712698412698412540e+03,8.500370083342473765e-16
7.714285714285713766e+03,8.494315763949707354e-16
7.715873015873015902e+03,8.488266782880705024e-16
7.717460317460317128e+03,8.482223134549485513e-16
7.719047619047619264e+03,8.476184813376772877e-16
7.720634920634920491e+03,8.470151813790021139e-16
7.722222222222221717e+03,8.464124130223404435e-16
7.723809523809523853e+03,8.458101757117780521e-16
7.725396825396825079e+03,8.452084688920720363e-16
7.726984126984126306e+03,8.446072920086483478e-16
7.728571428571428442e+03,8.440066445075984413e-16
7.730158730158729668e+03,8.434065258356828241e-16
7.731746031746031804e+03,8.428069354403272105e-16
7.733333333333333030e+03,8.422078727696215355e-16
7.734920634920634257e+03,8.416093372723204483e-16
7.736507936507936392e+03,8.410113283978415368e-16
7.738095238095237619e+03,8.404138455962655254e-16
7.739682539682539755e+03,8.398168883183324287e-16
7.741269841269840981e+03,8.392204560154456935e-16
7.742857142857142208e+03,8.386245481396651974e-16
7.744444444444444343e+03,8.380291641437117850e-16
7.746031746031745570e+03,8.374343034809636189e-16
7.747619047619047706e+03,8.368399656054548000e-16
7.749206349206348932e+03,8.362461499718772402e-16
7.750793650793650158e+03,8.356528560355761271e-16
7.752380952380952294e+03,8.350600832525518956e-16
7.753968253968253521e+03,8.344678310794584536e-16
7.755555555555555657e+03,8.338760989736006176e-16
7.757142857142856883e+03,8.332848863929377615e-16
7.758730158730158109e+03,8.326941927960780973e-16
7.760317460317460245e+03,8.321040176422783794e-16
7.761904761904761472e+03,8.315143603914476514e-16
7.763492063492063608e+03,8.309252205041400479e-16
7.765079365079364834e+03,8.303365974415583445e-16
7.766666666666666060e+03,8.297484906655521826e-16
7.768253968253968196e+03,8.291608996386146184e-16
7.769841269841269423e+03,8.285738238238854753e-16
7.771428571428571558e+03,8.279872626851468083e-16
7.773015873015872785e+03,8.274012156868245799e-16
7.774603174603174011e+03,8.268156822939865896e-16
7.776190476190476147e+03,8.262306619723406990e-16
7.777777777777777374e+03,8.256461541882361136e-16
7.779365079365079509e+03,8.250621584086611148e-16
7.780952380952380736e+03,8.244786741012424683e-16
7.782539682539681962e+03,8.238957007342444380e-16
7.784126984126984098e+03,8.233132377765684902e-16
7.785714285714285325e+03,8.227312846977515187e-16
7.787301587301587460e+03,8.221498409679661406e-16
7.788888888888888687e+03,8.215689060580199073e-16
7.790476190476189913e+03,8.209884794393506702e-16
7.792063492063492049e+03,8.204085605840323984e-16
7.793650793650793275e+03,8.198291489647685719e-16
7.795238095238095411e+03,8.192502440548941539e-16
7.796825396825396638e+03,8.186718453283750978e-16
7.798412698412697864e+03,8.180939522598041068e-16
7.800000000000000000e+03,8.175165643244043815e-16
7.801587301587301226e+03,8.169396809980257735e-16
7.803174603174603362e+03,8.163633017571435041e-16
7.804761904761904589e+03,8.157874260788608265e-16
7.806349206349205815e+03,8.152120534409048842e-16
7.807936507936507951e+03,8.146371833216256263e-16
7.809523809523809177e+03,8.140628151999985689e-16
7.811111111111111313e+03,8.134889485556201600e-16
7.812698412698412540e+03,8.129155828687084699e-16
7.814285714285713766e+03,8.123427176201021068e-16
7.815873015873015902e+03,8.117703522912604138e-16
7.817460317460317128e+03,8.111984863642607079e-16
7.819047619047618355e+03,8.106271193218003508e-16
7.820634920634920491e+03,8.100562506471916210e-16
7.822222222222221717e+03,8.094858798243650673e-16
7.823809523809523853e+03,8.089160063378662535e-16
7.825396825396825079e+03,8.083466296728559569e-16
7.826984126984126306e+03,8.077777493151095757e-16
7.828571428571428442e+03,8.072093647510133824e-16
7.830158730158729668e+03,8.066414754675696512e-16
7.831746031746031804e+03,8.060740809523888680e-16
7.833333333333333030e+03,8.055071806936955485e-16
7.834920634920634257e+03,8.049407741803205464e-16
7.836507936507936392e+03,8.043748609017070689e-16
7.838095238095237619e+03,8.038094403479045626e-16
7.839682539682539755e+03,8.032445120095715734e-16
7.841269841269840981e+03,8.026800753779720980e-16
7.842857142857142208e+03,8.021161299449759782e-16
7.844444444444444343e+03,8.015526752030589996e-16
7.846031746031745570e+03,8.009897106453015111e-16
7.847619047619047706e+03,8.004272357653847764e-16
7.849206349206348932e+03,7.998652500575964960e-16
7.850793650793650158e+03,7.993037530168230172e-16
7.852380952380952294e+03,7.987427441385524896e-16
7.853968253968253521e+03,7.981822229188754567e-16
7.855555555555555657e+03,7.976221888544779533e-16
7.857142857142856883e+03,7.970626414426485069e-16
7.858730158730158109e+03,7.965035801812710376e-16
7.860317460317460245e+03,7.959450045688261402e-16
7.861904761904761472e+03,7.953869141043932537e-16
7.863492063492063608e+03,7.948293082876450401e-16
7.865079365079364834e+03,7.942721866188488644e-16
7.866666666666666060e+03,7.937155485988671882e-16
7.868253968253968196e+03,7.931593937291538230e-16
7.869841269841269423e+03,7.926037215117564943e-16
7.871428571428571558e+03,7.920485314493125020e-16
7.873015873015872785e+03,7.914938230450517781e-16
7.874603174603174011e+03,7.909395958027931391e-16
7.876190476190476147e+03,7.903858492269434974e-16
7.877777777777777374e+03,7.898325828224994390e-16
7.879365079365079509e+03,7.892797960950453497e-16
7.880952380952380736e+03,7.887274885507512459e-16
7.882539682539681962e+03,7.881756596963726763e-16
7.884126984126984098e+03,7.876243090392519045e-16
7.885714285714285325e+03,7.870734360873148530e-16
7.887301587301587460e+03,7.865230403490698204e-16
7.888888888888888687e+03,7.859731213336097501e-16
7.890476190476189913e+03,7.854236785506086803e-16
7.892063492063492049e+03,7.848747115103221379e-16
7.893650793650793275e+03,7.843262197235864491e-16
7.895238095238095411e+03,7.837782027018156816e-16
7.896825396825396638e+03,7.832306599570057871e-16
7.898412698412697864e+03,7.826835910017291772e-16
7.900000000000000000e+03,7.821369953491346248e-16
7.901587301587301226e+03,7.815908725129504202e-16
7.903174603174603362e+03,7.810452220074777635e-16
7.904761904761904589e+03,7.805000433475945124e-16
7.906349206349205815e+03,7.799553360487531110e-16
7.907936507936507951e+03,7.794110996269775333e-16
7.909523809523809177e+03,7.788673335988669312e-16
7.911111111111111313e+03,7.783240374815910991e-16
7.912698412698412540e+03,7.777812107928914598e-16
7.914285714285713766e+03,7.772388530510798810e-16
7.915873015873015902e+03,7.766969637750370976e-16
7.917460317460317128e+03,7.761555424842144871e-16
7.919047619047618355e+03,7.756145886986305190e-16
7.920634920634920491e+03,7.750741019388714458e-16
7.922222222222221717e+03,7.745340817260894288e-16
7.923809523809523853e+03,7.739945275820035246e-16
7.925396825396825079e+03,7.734554390288979101e-16
7.926984126984126306e+03,7.729168155896210934e-16
7.928571428571428442e+03,7.723786567875848293e-16
7.930158730158729668e+03,7.718409621467634293e-16
7.931746031746031804e+03,7.713037311916952400e-16
7.933333333333333030e+03,7.707669634474778123e-16
7.934920634920634257e+03,7.702306584397708586e-16
7.936507936507936392e+03,7.696948156947934927e-16
7.938095238095237619e+03,7.691594347393240318e-16
7.939682539682539755e+03,7.686245151006990112e-16
7.941269841269840981e+03,7.680900563068140710e-16
7.942857142857142208e+03,7.675560578861193221e-16
7.944444444444444343e+03,7.670225193676230930e-16
7.946031746031745570e+03,7.664894402808883803e-16
7.947619047619047706e+03,7.659568201560330452e-16
7.949206349206348932e+03,7.654246585237297157e-16
7.950793650793650158e+03,7.648929549152029263e-16
7.952380952380952294e+03,7.643617088622302034e-16
7.953968253968253521e+03,7.638309198971418673e-16
7.955555555555555657e+03,7.633005875528179758e-16
7.957142857142856883e+03,7.627707113626897049e-16
7.958730158730158109e+03,7.622412908607378692e-16
7.960317460317460245e+03,7.617123255814907529e-16
7.961904761904761472e+03,7.611838150600277580e-16
7.963492063492063608e+03,7.606557588319723048e-16
7.965079365079364834e+03,7.601281564334970581e-16
7.966666666666666060e+03,7.596010074013196868e-16
7.968253968253968196e+03,7.590743112727024696e-16
7.969841269841269423e+03,7.585480675854528870e-16
7.971428571428571558e+03,7.580222758779230291e-16
7.973015873015872785e+03,7.574969356890069336e-16
7.974603174603174011e+03,7.569720465581408811e-16
7.976190476190476147e+03,7.564476080253033960e-16
7.977777777777777374e+03,7.559236196310135693e-16
7.979365079365079509e+03,7.554000809163316506e-16
7.980952380952380736e+03,7.548769914228557941e-16
7.982539682539681962e+03,7.543543506927243264e-16
7.984126984126984098e+03,7.538321582686118026e-16
7.985714285714285325e+03,7.533104136937332457e-16
7.987301587301587460e+03,7.527891165118366532e-16
7.988888888888888687e+03,7.522682662672095046e-16
7.990476190476189913e+03,7.517478625046711691e-16
7.992063492063492049e+03,7.512279047695777369e-16
7.993650793650793275e+03,7.507083926078188642e-16
7.995238095238095411e+03,7.501893255658159979e-16
7.996825396825396638e+03,7.496707031905244466e-16
7.998412698412697864e+03,7.491525250294303238e-16
8.000000000000000000e+03,7.486347906305514349e-16
8.001587301587301226e+03,7.481174995424356016e-16
8.003174603174603362e+03,7.476006513141593794e-16
8.004761904761904589e+03,7.470842454953290440e-16
8.006349206349205815e+03,7.465682816360799994e-16
8.007936507936507951e+03,7.460527592870722424e-16
8.009523809523809177e+03,7.455376779994955881e-16
8.011111111111111313e+03,7.450230373250645431e-16
8.012698412698412540e+03,7.445088368160189951e-16
8.014285714285713766e+03,7.439950760251243119e-16
8.015873015873015902e+03,7.434817545056680872e-16
8.017460317460317128e+03,7.429688718114630988e-16
8.019047619047618355e+03,7.424564274968444490e-16
8.020634920634920491e+03,7.419444211166682829e-16
8.022222222222221717e+03,7.414328522263120839e-16
8.023809523809523853e+03,7.409217203816754626e-16
8.025396825396825079e+03,7.404110251391757199e-16
8.026984126984126306e+03,7.399007660557506075e-16
8.028571428571428442e+03,7.393909426888561585e-16
8.030158730158729668e+03,7.388815545964667867e-16
8.031746031746031804e+03,7.383726013370724260e-16
8.033333333333333030e+03,7.378640824696810951e-16
8.034920634920634257e+03,7.373559975538154457e-16
8.036507936507936392e+03,7.368483461495147346e-16
8.038095238095237619e+03,7.363411278173309783e-16
8.039682539682539755e+03,7.358343421183295448e-16
8.041269841269840981e+03,7.353279886140916182e-16
8.042857142857142208e+03,7.348220668667079868e-16
8.044444444444444343e+03,7.343165764387824944e-16
8.046031746031745570e+03,7.338115168934298707e-16
8.047619047619047706e+03,7.333068877942744498e-16
8.049206349206348932e+03,7.328026887054514516e-16
8.050793650793650158e+03,7.322989191916043198e-16
8.052380952380952294e+03,7.317955788178841299e-16
8.053968253968253521e+03,7.312926671499519562e-16
8.055555555555555657e+03,7.307901837539731522e-16
8.057142857142856883e+03,7.302881281966213936e-16
8.058730158730158109e+03,7.297865000450755231e-16
8.060317460317460245e+03,7.292852988670181695e-16
8.061904761904761472e+03,7.287845242306383117e-16
8.063492063492063608e+03,7.282841757046267429e-16
8.065079365079364834e+03,7.277842528581787328e-16
8.066666666666666060e+03,7.272847552609913651e-16
8.068253968253968196e+03,7.267856824832631434e-16
8.069841269841269423e+03,7.262870340956936950e-16
8.071428571428571558e+03,7.257888096694829824e-16
8.073015873015872785e+03,7.252910087763315003e-16
8.074603174603174011e+03,7.247936309884376132e-16
8.076190476190476147e+03,7.242966758784984428e-16
8.077777777777777374e+03,7.238001430197100657e-16
8.079365079365079509e+03,7.233040319857629765e-16
8.080952380952380736e+03,7.228083423508474138e-16
8.082539682539681962e+03,7.223130736896468510e-16
8.084126984126984098e+03,7.218182255773411525e-16
8.085714285714285325e+03,7.213237975896046011e-16
8.087301587301587460e+03,7.208297893026037290e-16
8.088888888888888687e+03,7.203362002930013603e-16
8.090476190476189913e+03,7.198430301379504976e-16
8.092063492063492049e+03,7.193502784150955054e-16
8.093650793650793275e+03,7.188579447025750680e-16
8.095238095238095411e+03,7.183660285790149914e-16
8.096825396825396638e+03,7.178745296235332321e-16
8.098412698412697864e+03,7.173834474157367418e-16
8.100000000000000000e+03,7.168927815357199882e-16
8.101587301587301226e+03,7.164025315640673219e-16
8.103174603174603362e+03,7.159126970818490313e-16
8.104761904761904589e+03,7.154232776706229213e-16
8.106349206349205815e+03,7.149342729124325376e-16
8.107936507936507951e+03,7.144456823898066743e-16
8.109523809523809177e+03,7.139575056857601620e-16
8.111111111111110404e+03,7.134697423837907131e-16
8.112698412698412540e+03,7.129823920678802033e-16
8.114285714285713766e+03,7.124954543224929952e-16
8.115873015873015902e+03,7.120089287325773193e-16
8.117460317460317128e+03,7.115228148835609345e-16
8.119047619047618355e+03,7.110371123613544816e-16
8.120634920634920491e+03,7.105518207523473410e-16
8.122222222222221717e+03,7.100669396434098026e-16
8.123809523809523853e+03,7.095824686218918824e-16
8.125396825396825079e+03,7.090984072756209557e-16
8.126984126984126306e+03,7.086147551929020532e-16
8.128571428571428442e+03,7.081315119625188469e-16
8.130158730158729668e+03,7.076486771737311850e-16
8.131746031746031804e+03,7.071662504162740071e-16
8.133333333333333030e+03,7.066842312803595138e-16
8.134920634920634257e+03,7.062026193566725317e-16
8.136507936507936392e+03,7.057214142363739654e-16
8.138095238095237619e+03,7.052406155110972467e-16
8.139682539682539755e+03,7.047602227729485326e-16
8.141269841269840981e+03,7.042802356145076911e-16
8.142857142857142208e+03,7.038006536288249483e-16
8.144444444444444343e+03,7.033214764094211847e-16
8.146031746031745570e+03,7.028427035502905970e-16
8.147619047619047706e+03,7.023643346458935004e-16
8.149206349206348932e+03,7.018863692911619487e-16
8.150793650793650158e+03,7.014088070814962836e-16
8.152380952380952294e+03,7.009316476127631617e-16
8.153968253968253521e+03,7.004548904813001899e-16
8.155555555555555657e+03,6.999785352839073463e-16
8.157142857142856883e+03,6.995025816178544738e-16
8.158730158730158109e+03,6.990270290808748716e-16
8.160317460317460245e+03,6.985518772711680554e-16
8.161904761904761472e+03,6.980771257873971940e-16
8.163492063492063608e+03,6.976027742286893063e-16
8.165079365079364834e+03,6.971288221946346700e-16
8.166666666666666060e+03,6.966552692852866238e-16
8.168253968253968196e+03,6.961821151011591029e-16
8.169841269841269423e+03,6.957093592432290052e-16
8.171428571428571558e+03,6.952370013129329370e-16
8.173015873015872785e+03,6.947650409121684954e-16
8.174603174603174011e+03,6.942934776432914086e-16
8.176190476190476147e+03,6.938223111091181980e-16
8.177777777777777374e+03,6.933515409129229243e-16
8.179365079365079509e+03,6.928811666584360044e-16
8.180952380952380736e+03,6.924111879498477609e-16
8.182539682539681962e+03,6.919416043918024074e-16
8.184126984126984098e+03,6.914724155894024855e-16
8.185714285714285325e+03,6.910036211482044280e-16
8.187301587301587460e+03,6.905352206742197415e-16
8.188888888888888687e+03,6.900672137739140208e-16
8.190476190476189913e+03,6.895996000542074417e-16
8.192063492063491140e+03,6.891323791224715072e-16
8.193650793650793275e+03,6.886655505865320054e-16
8.195238095238095411e+03,6.881991140546650655e-16
8.196825396825395728e+03,6.877330691355991298e-16
8.198412698412697864e+03,6.872674154385120940e-16
8.200000000000000000e+03,6.868021525730335755e-16
8.201587301587300317e+03,6.863372801492412644e-16
8.203174603174604272e+03,6.858727977776616142e-16
8.204761904761904589e+03,6.854087050692715181e-16
8.206349206349204906e+03,6.849450016354945615e-16
8.207936507936508860e+03,6.844816870881986560e-16
8.209523809523809177e+03,6.840187610397029415e-16
8.211111111111109494e+03,6.835562231027702920e-16
8.212698412698413449e+03,6.830940728906073161e-16
8.214285714285713766e+03,6.826323100168696812e-16
8.215873015873015902e+03,6.821709340956533378e-16
8.217460317460318038e+03,6.817099447415001400e-16
8.219047619047618355e+03,6.812493415693939998e-16
8.220634920634920491e+03,6.807891241947620706e-16
8.222222222222222626e+03,6.803292922334731690e-16
8.223809523809522943e+03,6.798698453018381698e-16
8.225396825396825079e+03,6.794107830166074418e-16
8.226984126984127215e+03,6.789521049949719327e-16
8.228571428571427532e+03,6.784938108545643521e-16
8.230158730158729668e+03,6.780359002134528610e-16
8.231746031746031804e+03,6.775783726901468895e-16
8.233333333333332121e+03,6.771212279035939812e-16
8.234920634920634257e+03,6.766644654731768352e-16
8.236507936507936392e+03,6.762080850187172502e-16
8.238095238095236709e+03,6.757520861604729693e-16
8.239682539682540664e+03,6.752964685191348201e-16
8.241269841269840981e+03,6.748412317158331243e-16
8.242857142857141298e+03,6.743863753721299080e-16
8.244444444444445253e+03,6.739318991100201830e-16
8.246031746031745570e+03,6.734778025519362861e-16
8.247619047619047706e+03,6.730240853207405817e-16
8.249206349206349842e+03,6.725707470397275329e-16
8.250793650793650158e+03,6.721177873326257722e-16
8.252380952380952294e+03,6.716652058235924805e-16
8.253968253968254430e+03,6.712130021372167404e-16
8.255555555555554747e+03,6.707611758985188452e-16
8.257142857142856883e+03,6.703097267329456652e-16
8.258730158730159019e+03,6.698586542663765633e-16
8.260317460317459336e+03,6.694079581251170846e-16
8.261904761904761472e+03,6.689576379359005342e-16
8.263492063492063608e+03,6.685076933258890614e-16
8.265079365079363924e+03,6.680581239226710966e-16
8.266666666666666060e+03,6.676089293542600687e-16
8.268253968253968196e+03,6.671601092490965748e-16
8.269841269841268513e+03,6.667116632360455208e-16
8.271428571428572468e+03,6.662635909443962196e-16
8.273015873015872785e+03,6.658158920038645605e-16
8.274603174603173102e+03,6.653685660445851210e-16
8.276190476190477057e+03,6.649216126971189564e-16
8.277777777777777374e+03,6.644750315924499513e-16
8.279365079365079509e+03,6.640288223619805799e-16
8.280952380952381645e+03,6.635829846375379206e-16
8.282539682539681962e+03,6.631375180513688245e-16
8.284126984126984098e+03,6.626924222361384360e-16
8.285714285714286234e+03,6.622476968249342362e-16
8.287301587301586551e+03,6.618033414512621968e-16
8.288888888888888687e+03,6.613593557490452023e-16
8.290476190476190823e+03,6.609157393526260086e-16
8.292063492063491140e+03,6.604724918967651721e-16
8.293650793650793275e+03,6.600296130166374997e-16
8.295238095238095411e+03,6.595871023478374722e-16
8.296825396825395728e+03,6.591449595263743143e-16
8.298412698412697864e+03,6.587031841886713038e-16
8.300000000000000000e+03,6.582617759715686316e-16
8.301587301587300317e+03,6.578207345123197531e-16
8.303174603174604272e+03,6.573800594485903036e-16
8.304761904761904589e+03,6.569397504184637186e-16
8.306349206349204906e+03,6.564998070604309791e-16
8.307936507936508860e+03,6.560602290133977112e-16
8.309523809523809177e+03,6.556210159166818191e-16
8.311111111111109494e+03,6.551821674100114149e-16
8.312698412698413449e+03,6.547436831335235364e-16
8.314285714285713766e+03,6.543055627277691763e-16
8.315873015873015902e+03,6.538678058337051961e-16
8.317460317460318038e+03,6.534304120926991579e-16
8.319047619047618355e+03,6.529933811465274512e-16
8.320634920634920491e+03,6.525567126373727288e-16
8.322222222222222626e+03,6.521204062078268649e-16
8.323809523809522943e+03,6.516844615008878001e-16
8.325396825396825079e+03,6.512488781599593439e-16
8.326984126984127215e+03,6.508136558288521607e-16
8.328571428571427532e+03,6.503787941517821922e-16
8.330158730158729668e+03,6.499442927733692770e-16
8.331746031746031804e+03,6.495101513386376434e-16
8.333333333333332121e+03,6.490763694930176846e-16
8.334920634920634257e+03,6.486429468823386613e-16
8.336507936507936392e+03,6.482098831528359994e-16
8.338095238095236709e+03,6.477771779511475421e-16
8.339682539682540664e+03,6.473448309243095074e-16
8.341269841269840981e+03,6.469128417197630951e-16
8.342857142857141298e+03,6.464812099853481751e-16
8.344444444444445253e+03,6.460499353693037813e-16
8.346031746031745570e+03,6.456190175202715622e-16
8.347619047619047706e+03,6.451884560872901609e-16
8.349206349206349842e+03,6.447582507197966934e-16
8.350793650793650158e+03,6.443284010676288203e-16
8.352380952380952294e+03,6.438989067810177449e-16
8.353968253968254430e+03,6.434697675105949187e-16
8.355555555555554747e+03,6.430409829073883934e-16
8.357142857142856883e+03,6.426125526228201578e-16
8.358730158730159019e+03,6.421844763087091950e-16
8.360317460317459336e+03,6.417567536172700034e-16
8.361904761904761472e+03,6.413293842011098354e-16
8.363492063492063608e+03,6.409023677132318528e-16
8.365079365079363924e+03,6.404757038070325636e-16
8.366666666666666060e+03,6.400493921362995531e-16
8.368253968253968196e+03,6.396234323552153305e-16
8.369841269841268513e+03,6.391978241183533839e-16
8.371428571428572468e+03,6.387725670806776878e-16
8.373015873015872785e+03,6.383476608975464496e-16
8.374603174603173102e+03,6.379231052247047148e-16
8.376190476190477057e+03,6.374988997182888034e-16
8.377777777777777374e+03,6.370750440348269026e-16
8.379365079365079509e+03,6.366515378312320647e-16
8.380952380952381645e+03,6.362283807648089130e-16
8.382539682539681962e+03,6.358055724932501903e-16
8.384126984126984098e+03,6.353831126746333078e-16
8.385714285714286234e+03,6.349610009674261628e-16
8.387301587301586551e+03,6.345392370304811237e-16
8.388888888888888687e+03,6.341178205230369033e-16
8.390476190476190823e+03,6.336967511047185595e-16
8.392063492063491140e+03,6.332760284355354236e-16
8.393650793650793275e+03,6.328556521758812983e-16
8.395238095238095411e+03,6.324356219865354432e-16
8.396825396825395728e+03,6.320159375286588283e-16
8.398412698412697864e+03,6.315965984637970915e-16
8.400000000000000000e+03,6.311776044538770881e-16
8.401587301587300317e+03,6.307589551612091582e-16
8.403174603174602453e+03,6.303406502484838730e-16
8.404761904761904589e+03,6.299226893787748940e-16
8.406349206349204906e+03,6.295050722155344376e-16
8.407936507936508860e+03,6.290877984225956413e-16
8.409523809523809177e+03,6.286708676641732542e-16
8.411111111111109494e+03,6.282542796048580159e-16
8.412698412698413449e+03,6.278380339096204043e-16
8.414285714285713766e+03,6.274221302438115225e-16
8.415873015873015902e+03,6.270065682731570838e-16
8.417460317460318038e+03,6.265913476637611592e-16
8.419047619047618355e+03,6.261764680821063742e-16
8.420634920634920491e+03,6.257619291950481895e-16
8.422222222222222626e+03,6.253477306698210151e-16
8.423809523809522943e+03,6.249338721740333783e-16
8.425396825396825079e+03,6.245203533756682192e-16
8.426984126984127215e+03,6.241071739430835817e-16
8.428571428571427532e+03,6.236943335450121197e-16
8.430158730158729668e+03,6.232818318505580406e-16
8.431746031746031804e+03,6.228696685291996693e-16
8.433333333333332121e+03,6.224578432507887575e-16
8.434920634920634257e+03,6.220463556855469343e-16
8.436507936507936392e+03,6.216352055040689596e-16
8.438095238095236709e+03,6.212243923773207528e-16
8.439682539682540664e+03,6.208139159766367298e-16
8.441269841269840981e+03,6.204037759737254236e-16
8.442857142857141298e+03,6.199939720406613990e-16
8.444444444444445253e+03,6.195845038498884073e-16
8.446031746031745570e+03,6.191753710742228384e-16
8.447619047619047706e+03,6.187665733868447467e-16
8.449206349206349842e+03,6.183581104613047543e-16
8.450793650793650158e+03,6.179499819715198103e-16
8.452380952380952294e+03,6.175421875917739802e-16
8.453968253968254430e+03,6.171347269967167693e-16
8.455555555555554747e+03,6.167275998613664751e-16
8.457142857142856883e+03,6.163208058611029895e-16
8.458730158730159019e+03,6.159143446716733205e-16
8.460317460317459336e+03,6.155082159691898172e-16
8.461904761904761472e+03,6.151024194301269159e-16
8.463492063492063608e+03,6.146969547313234080e-16
8.465079365079363924e+03,6.142918215499825387e-16
8.466666666666666060e+03,6.138870195636677669e-16
8.468253968253968196e+03,6.134825484503065120e-16
8.469841269841268513e+03,6.130784078881887737e-16
8.471428571428572468e+03,6.126745975559623987e-16
8.473015873015872785e+03,6.122711171326401805e-16
8.474603174603173102e+03,6.118679662975927596e-16
8.476190476190477057e+03,6.114651447305506943e-16
8.477777777777777374e+03,6.110626521116061371e-16
8.479365079365079509e+03,6.106604881212081999e-16
8.480952380952381645e+03,6.102586524401642361e-16
8.482539682539681962e+03,6.098571447496426017e-16
8.484126984126984098e+03,6.094559647311654567e-16
8.485714285714286234e+03,6.090551120666151748e-16
8.487301587301586551e+03,6.086545864382302016e-16
8.488888888888888687e+03,6.082543875286030829e-16
8.490476190476190823e+03,6.078545150206856904e-16
8.492063492063491140e+03,6.074549685977833057e-16
8.493650793650793275e+03,6.070557479435557045e-16
8.495238095238095411e+03,6.066568527420181433e-16
8.496825396825395728e+03,6.062582826775404713e-16
8.498412698412697864e+03,6.058600374348441726e-16
8.500000000000000000e+03,6.054621166990058171e-16
8.501587301587300317e+03,6.050645201554541028e-16
8.503174603174602453e+03,6.046672474899693622e-16
8.504761904761904589e+03,6.042702983886838585e-16
8.506349206349204906e+03,6.038736725380824757e-16
8.507936507936508860e+03,6.034773696249986756e-16
8.509523809523809177e+03,6.030813893366198229e-16
8.511111111111109494e+03,6.026857313604801838e-16
8.512698412698413449e+03,6.022903953844637856e-16
8.514285714285713766e+03,6.018953810968065865e-16
8.515873015873015902e+03,6.015006881860904597e-16
8.517460317460318038e+03,6.011063163412466457e-16
8.519047619047618355e+03,6.007122652515542723e-16
8.520634920634920491e+03,6.003185346066398621e-16
8.522222222222222626e+03,5.999251240964759516e-16
8.523809523809522943e+03,5.995320334113832612e-16
8.525396825396825079e+03,5.991392622420271444e-16
8.526984126984127215e+03,5.987468102794190677e-16
8.528571428571427532e+03,5.983546772149162160e-16
8.530158730158729668e+03,5.979628627402198159e-16
8.531746031746031804e+03,5.975713665473756291e-16
8.533333333333332121e+03,5.971801883287738538e-16
8.534920634920634257e+03,5.967893277771466593e-16
8.536507936507936392e+03,5.963987845855710456e-16
8.538095238095236709e+03,5.960085584474666745e-16
8.539682539682540664e+03,5.956186490565923191e-16
8.541269841269840981e+03,5.952290561070524707e-16
8.542857142857141298e+03,5.948397792932913243e-16
8.544444444444445253e+03,5.944508183100919887e-16
8.546031746031745570e+03,5.940621728525813192e-16
8.547619047619047706e+03,5.936738426162244937e-16
8.549206349206349842e+03,5.932858272968258018e-16
8.550793650793650158e+03,5.928981265905302221e-16
8.552380952380952294e+03,5.925107401938201689e-16
8.553968253968254430e+03,5.921236678035166746e-16
8.555555555555554747e+03,5.917369091167787002e-16
8.557142857142856883e+03,5.913504638311028390e-16
8.558730158730159019e+03,5.909643316443223308e-16
8.560317460317459336e+03,5.905785122546081464e-16
8.561904761904761472e+03,5.901930053604656351e-16
8.563492063492063608e+03,5.898078106607365952e-16
8.565079365079363924e+03,5.894229278546000633e-16
8.566666666666666060e+03,5.890383566415661014e-16
8.568253968253968196e+03,5.886540967214827988e-16
8.569841269841268513e+03,5.882701477945312425e-16
8.571428571428572468e+03,5.878865095612242354e-16
8.573015873015872785e+03,5.875031817224115229e-16
8.574603174603173102e+03,5.871201639792730871e-16
8.576190476190477057e+03,5.867374560333203302e-16
8.577777777777777374e+03,5.863550575864001178e-16
8.579365079365079509e+03,5.859729683406876786e-16
8.580952380952381645e+03,5.855911879986909434e-16
8.582539682539681962e+03,5.852097162632489676e-16
8.584126984126984098e+03,5.848285528375291696e-16
8.585714285714286234e+03,5.844476974250303884e-16
8.587301587301586551e+03,5.840671497295816008e-16
8.588888888888888687e+03,5.836869094553381752e-16
8.590476190476190823e+03,5.833069763067868014e-16
8.592063492063491140e+03,5.829273499887419410e-16
8.593650793650793275e+03,5.825480302063438551e-16
8.595238095238095411e+03,5.821690166650631402e-16
8.596825396825395728e+03,5.817903090706954037e-16
8.598412698412697864e+03,5.814119071293635316e-16
8.600000000000000000e+03,5.810338105475164065e-16
8.601587301587300317e+03,5.806560190319292038e-16
8.603174603174602453e+03,5.802785322897014192e-16
8.604761904761904589e+03,5.799013500282582495e-16
8.606349206349204906e+03,5.795244719553497049e-16
8.607936507936508860e+03,5.791478977790489327e-16
8.609523809523809177e+03,5.787716272077547811e-16
8.611111111111109494e+03,5.783956599501865733e-16
8.612698412698413449e+03,5.780199957153884456e-16
8.614285714285713766e+03,5.776446342127273760e-16
8.615873015873015902e+03,5.772695751518909157e-16
8.617460317460318038e+03,5.768948182428898514e-16
8.619047619047618355e+03,5.765203631960555437e-16
8.620634920634920491e+03,5.761462097220400246e-16
8.622222222222222626e+03,5.757723575318164914e-16
8.623809523809522943e+03,5.753988063366778273e-16
8.625396825396825079e+03,5.750255558482365027e-16
8.626984126984127215e+03,5.746526057784246737e-16
8.628571428571427532e+03,5.742799558394933938e-16
8.630158730158729668e+03,5.739076057440113314e-16
8.631746031746031804e+03,5.735355552048666435e-16
8.633333333333332121e+03,5.731638039352650037e-16
8.634920634920634257e+03,5.727923516487277286e-16
8.636507936507936392e+03,5.724211980590950318e-16
8.638095238095236709e+03,5.720503428805229671e-16
8.639682539682540664e+03,5.716797858274825410e-16
8.641269841269840981e+03,5.713095266147632626e-16
8.642857142857141298e+03,5.709395649574676214e-16
8.644444444444445253e+03,5.705699005710124683e-16
8.646031746031745570e+03,5.702005331711323677e-16
8.647619047619047706e+03,5.698314624738728924e-16
8.649206349206349842e+03,5.694626881955951597e-16
8.650793650793650158e+03,5.690942100529729715e-16
8.652380952380952294e+03,5.687260277629928145e-16
8.653968253968254430e+03,5.683581410429546490e-16
8.655555555555554747e+03,5.679905496104702327e-16
8.657142857142856883e+03,5.676232531834624301e-16
8.658730158730159019e+03,5.672562514801667906e-16
8.660317460317459336e+03,5.668895442191292803e-16
8.661904761904761472e+03,5.665231311192061834e-16
8.663492063492063608e+03,5.661570118995636093e-16
8.665079365079363924e+03,5.657911862796800563e-16
8.666666666666666060e+03,5.654256539793402980e-16
8.668253968253968196e+03,5.650604147186395248e-16
8.669841269841268513e+03,5.646954682179833436e-16
8.671428571428572468e+03,5.643308141980812702e-16
8.673015873015872785e+03,5.639664523799565899e-16
8.674603174603173102e+03,5.636023824849355103e-16
8.676190476190477057e+03,5.632386042346526838e-16
8.677777777777777374e+03,5.628751173510511089e-16
8.679365079365079509e+03,5.625119215563776926e-16
8.680952380952381645e+03,5.621490165731872934e-16
8.682539682539681962e+03,5.617864021243399606e-16
8.684126984126984098e+03,5.614240779330006381e-16
8.685714285714286234e+03,5.610620437226384743e-16
8.687301587301586551e+03,5.607002992170296818e-16
8.688888888888888687e+03,5.603388441402511275e-16
8.690476190476190823e+03,5.599776782166858554e-16
8.692063492063491140e+03,5.596168011710205221e-16
8.693650793650793275e+03,5.592562127282420442e-16
8.695238095238095411e+03,5.588959126136432195e-16
8.696825396825395728e+03,5.585359005528172043e-16
8.698412698412697864e+03,5.581761762716588943e-16
8.700000000000000000e+03,5.578167394963657134e-16
8.701587301587300317e+03,5.574575899534360358e-16
8.703174603174602453e+03,5.570987273696679045e-16
8.704761904761904589e+03,5.567401514721610028e-16
8.706349206349204906e+03,5.563818619883142884e-16
8.707936507936508860e+03,5.560238586458256972e-16
8.709523809523809177e+03,5.556661411726949044e-16
8.711111111111109494e+03,5.553087092972175066e-16
8.712698412698413449e+03,5.549515627479886705e-16
8.714285714285713766e+03,5.545947012539032311e-16
8.715873015873015902e+03,5.542381245441504659e-16
8.717460317460318038e+03,5.538818323482208985e-16
8.719047619047618355e+03,5.535258243958994950e-16
8.720634920634920491e+03,5.531701004172681290e-16
8.722222222222222626e+03,5.528146601427053843e-16
8.723809523809522943e+03,5.524595033028866536e-16
8.725396825396825079e+03,5.521046296287810820e-16
8.726984126984127215e+03,5.517500388516545244e-16
8.728571428571427532e+03,5.513957307030665882e-16
8.730158730158729668e+03,5.510417049148718160e-16
8.731746031746031804e+03,5.506879612192188969e-16
8.733333333333332121e+03,5.503344993485505679e-16
8.734920634920634257e+03,5.499813190356015433e-16
8.736507936507936392e+03,5.496284200134013739e-16
8.738095238095236709e+03,5.492758020152707989e-16
8.739682539682540664e+03,5.489234647748228306e-16
8.741269841269840981e+03,5.485714080259649235e-16
8.742857142857141298e+03,5.482196315028921705e-16
8.744444444444445253e+03,5.478681349400931207e-16
8.746031746031745570e+03,5.475169180723472158e-16
8.747619047619047706e+03,5.471659806347235080e-16
8.749206349206349842e+03,5.468153223625820405e-16
8.750793650793650158e+03,5.464649429915717771e-16
8.752380952380952294e+03,5.461148422576311930e-16
8.753968253968254430e+03,5.457650198969881773e-16
8.755555555555554747e+03,5.454154756461594405e-16
8.757142857142856883e+03,5.450662092419490357e-16
8.758730158730159019e+03,5.447172204214501337e-16
8.760317460317459336e+03,5.443685089220428531e-16
8.761904761904761472e+03,5.440200744813940639e-16
8.763492063492063608e+03,5.436719168374587673e-16
8.765079365079363924e+03,5.433240357284782222e-16
8.766666666666666060e+03,5.429764308929783681e-16
8.768253968253968196e+03,5.426291020697725854e-16
8.769841269841268513e+03,5.422820489979599209e-16
8.771428571428572468e+03,5.419352714169223265e-16
8.773015873015872785e+03,5.415887690663295899e-16
8.774603174603173102e+03,5.412425416861340094e-16
8.776190476190477057e+03,5.408965890165709859e-16
8.777777777777777374e+03,5.405509107981625727e-16
8.779365079365079509e+03,5.402055067717114602e-16
8.780952380952381645e+03,5.398603766783051176e-16
8.782539682539681962e+03,5.395155202593128349e-16
8.784126984126984098e+03,5.391709372563862153e-16
8.785714285714286234e+03,5.388266274114582885e-16
8.787301587301586551e+03,5.384825904667462711e-16
8.788888888888888687e+03,5.381388261647448617e-16
8.790476190476190823e+03,5.377953342482317626e-16
8.792063492063491140e+03,5.374521144602663980e-16
8.793650793650793275e+03,5.371091665441859700e-16
8.795238095238095411e+03,5.367664902436084164e-16
8.796825396825395728e+03,5.364240853024330025e-16
8.798412698412697864e+03,5.360819514648346020e-16
8.800000000000000000e+03,5.357400884752707964e-16
8.801587301587300317e+03,5.353984960784747758e-16
8.803174603174602453e+03,5.350571740194588883e-16
8.804761904761904589e+03,5.347161220435139497e-16
8.806349206349204906e+03,5.343753398962073705e-16
8.807936507936508860e+03,5.340348273233837471e-16
8.809523809523809177e+03,5.336945840711661435e-16
8.811111111111109494e+03,5.333546098859507672e-16
8.812698412698413449e+03,5.330149045144122934e-16
8.814285714285713766e+03,5.326754677035015972e-16
8.815873015873015902e+03,5.323362992004431900e-16
8.817460317460318038e+03,5.319973987527380787e-16
8.819047619047618355e+03,5.316587661081612023e-16
8.820634920634920491e+03,5.313204010147620234e-16
8.822222222222222626e+03,5.309823032208646268e-16
8.823809523809522943e+03,5.306444724750671278e-16
8.825396825396825079e+03,5.303069085262385169e-16
8.826984126984127215e+03,5.299696111235245760e-16
8.828571428571427532e+03,5.296325800163412720e-16
8.830158730158729668e+03,5.292958149543774191e-16
8.831746031746031804e+03,5.289593156875943828e-16
8.833333333333332121e+03,5.286230819662253900e-16
8.834920634920634257e+03,5.282871135407741481e-16
8.836507936507936392e+03,5.279514101620162256e-16
8.838095238095236709e+03,5.276159715809974748e-16
8.839682539682540664e+03,5.272807975490339327e-16
8.841269841269840981e+03,5.269458878177134972e-16
8.842857142857141298e+03,5.266112421388910962e-16
8.844444444444445253e+03,5.262768602646917433e-16
8.846031746031745570e+03,5.259427419475123136e-16
8.847619047619047706e+03,5.256088869400141477e-16
8.849206349206349842e+03,5.252752949951297572e-16
8.850793650793650158e+03,5.249419658660595706e-16
8.852380952380952294e+03,5.246088993062703555e-16
8.853968253968254430e+03,5.242760950694974866e-16
8.855555555555554747e+03,5.239435529097435654e-16
8.857142857142856883e+03,5.236112725812770393e-16
8.858730158730159019e+03,5.232792538386328923e-16
8.860317460317459336e+03,5.229474964366134334e-16
8.861904761904761472e+03,5.226160001302851417e-16
8.863492063492063608e+03,5.222847646749809338e-16
8.865079365079363924e+03,5.219537898262988823e-16
8.866666666666666060e+03,5.216230753401013282e-16
8.868253968253968196e+03,5.212926209725152752e-16
8.869841269841268513e+03,5.209624264799324887e-16
8.871428571428572468e+03,5.206324916190070300e-16
8.873015873015872785e+03,5.203028161466588070e-16
8.874603174603173102e+03,5.199733998200695303e-16
8.876190476190477057e+03,5.196442423966822211e-16
8.877777777777777374e+03,5.193153436342055492e-16
8.879365079365079509e+03,5.189867032906086072e-16
8.880952380952381645e+03,5.186583211241228827e-16
8.882539682539681962e+03,5.183301968932409762e-16
8.884126984126984098e+03,5.180023303567171926e-16
8.885714285714286234e+03,5.176747212735664569e-16
8.887301587301586551e+03,5.173473694030647085e-16
8.888888888888888687e+03,5.170202745047478163e-16
8.890476190476190823e+03,5.166934363384113819e-16
8.892063492063491140e+03,5.163668546641125140e-16
8.893650793650793275e+03,5.160405292421644054e-16
8.895238095238095411e+03,5.157144598331420523e-16
8.896825396825395728e+03,5.153886461978788025e-16
8.898412698412697864e+03,5.150630880974641866e-16
8.900000000000000000e+03,5.147377852932487496e-16
8.901587301587300317e+03,5.144127375468395146e-16
8.903174603174602453e+03,5.140879446200999835e-16
8.904761904761904589e+03,5.137634062751523056e-16
8.906349206349204906e+03,5.134391222743757005e-16
8.907936507936508860e+03,5.131150923804031052e-16
8.909523809523809177e+03,5.127913163561273862e-16
8.911111111111109494e+03,5.124677939646951274e-16
8.912698412698413449e+03,5.121445249695081094e-16
8.914285714285713766e+03,5.118215091342257743e-16
8.915873015873015902e+03,5.114987462227594081e-16
8.917460317460318038e+03,5.111762359992767752e-16
8.919047619047618355e+03,5.108539782282003435e-16
8.920634920634920491e+03,5.105319726742046219e-16
8.922222222222222626e+03,5.102102191022202033e-16
8.923809523809522943e+03,5.098887172774295245e-16
8.925396825396825079e+03,5.095674669652679508e-16
8.926984126984127215e+03,5.092464679314250578e-16
8.928571428571427532e+03,5.089257199418420679e-16
8.930158730158729668e+03,5.086052227627110612e-16
8.931746031746031804e+03,5.082849761604785255e-16
8.933333333333332121e+03,5.079649799018411159e-16
8.934920634920634257e+03,5.076452337537458525e-16
8.936507936507936392e+03,5.073257374833925851e-16
8.938095238095236709e+03,5.070064908582305424e-16
8.939682539682540664e+03,5.066874936459591204e-16
8.941269841269840981e+03,5.063687456145292632e-16
8.942857142857141298e+03,5.060502465321402089e-16
8.944444444444445253e+03,5.057319961672396867e-16
8.946031746031745570e+03,5.054139942885278614e-16
8.947619047619047706e+03,5.050962406649500361e-16
8.949206349206349842e+03,5.047787350657022735e-16
8.950793650793650158e+03,5.044614772602282395e-16
8.952380952380952294e+03,5.041444670182193027e-16
8.953968253968254430e+03,5.038277041096148297e-16
8.955555555555554747e+03,5.035111883046006075e-16
8.957142857142856883e+03,5.031949193736106185e-16
8.958730158730159019e+03,5.028788970873243781e-16
8.960317460317459336e+03,5.025631212166692026e-16
8.961904761904761472e+03,5.022475915328165606e-16
8.963492063492063608e+03,5.019323078071857220e-16
8.965079365079363924e+03,5.016172698114401088e-16
8.966666666666666060e+03,5.013024773174884788e-16
8.968253968253968196e+03,5.009879300974854187e-16
8.969841269841268513e+03,5.006736279238290761e-16
8.971428571428572468e+03,5.003595705691617506e-16
8.973015873015872785e+03,5.000457578063715711e-16
8.974603174603173102e+03,4.997321894085884521e-16
8.976190476190477057e+03,4.994188651491856718e-16
8.977777777777777374e+03,4.991057848017815480e-16
8.979365079365079509e+03,4.987929481402351003e-16
8.980952380952381645e+03,4.984803549386491056e-16
8.982539682539681962e+03,4.981680049713682259e-16
8.984126984126984098e+03,4.978558980129789087e-16
8.985714285714286234e+03,4.975440338383092888e-16
8.987301587301586551e+03,4.972324122224295828e-16
8.988888888888888687e+03,4.969210329406495252e-16
8.990476190476190823e+03,4.966098957685214252e-16
8.992063492063491140e+03,4.962990004818370110e-16
8.993650793650793275e+03,4.959883468566277265e-16
8.995238095238095411e+03,4.956779346691661106e-16
8.996825396825395728e+03,4.953677636959640233e-16
8.998412698412697864e+03,4.950578337137717577e-16
9.000000000000000000e+03,4.947481444995793218e-16
9.001587301587300317e+03,4.944386958306157488e-16
9.003174603174602453e+03,4.941294874843477160e-16
9.004761904761904589e+03,4.938205192384807284e-16
9.006349206349204906e+03,4.935117908709582312e-16
9.007936507936508860e+03,4.932033021599595390e-16
9.009523809523809177e+03,4.928950528839043717e-16
9.011111111111109494e+03,4.925870428214471354e-16
9.012698412698413449e+03,4.922792717514784014e-16
9.014285714285713766e+03,4.919717394531278645e-16
9.015873015873015902e+03,4.916644457057589195e-16
9.017460317460318038e+03,4.913573902889718168e-16
9.019047619047618355e+03,4.910505729826026759e-16
9.020634920634920491e+03,4.907439935667222041e-16
9.022222222222222626e+03,4.904376518216357948e-16
9.023809523809522943e+03,4.901315475278854010e-16
9.025396825396825079e+03,4.898256804662449993e-16
9.026984126984127215e+03,4.895200504177241401e-16
9.028571428571427532e+03,4.892146571635669613e-16
9.030158730158729668e+03,4.889095004852486382e-16
9.031746031746031804e+03,4.886045801644805115e-16
9.033333333333332121e+03,4.882998959832047624e-16
9.034920634920634257e+03,4.879954477235977651e-16
9.036507936507936392e+03,4.876912351680673257e-16
9.038095238095236709e+03,4.873872580992545563e-16
9.039682539682540664e+03,4.870835163000306201e-16
9.041269841269840981e+03,4.867800095535008738e-16
9.042857142857141298e+03,4.864767376429999365e-16
9.044444444444445253e+03,4.861737003520934651e-16
9.046031746031745570e+03,4.858708974645799291e-16
9.047619047619047706e+03,4.855683287644857786e-16
9.049206349206349842e+03,4.852659940360696848e-16
9.050793650793650158e+03,4.849638930638191872e-16
9.052380952380952294e+03,4.846620256324513837e-16
9.053968253968254430e+03,4.843603915269132265e-16
9.055555555555554747e+03,4.840589905323814238e-16
9.057142857142856883e+03,4.837578224342597769e-16
9.058730158730159019e+03,4.834568870181821387e-16
9.060317460317459336e+03,4.831561840700100472e-16
9.061904761904761472e+03,4.828557133758331196e-16
9.063492063492063608e+03,4.825554747219686583e-16
9.065079365079363924e+03,4.822554678949619463e-16
9.066666666666666060e+03,4.819556926815842754e-16
9.068253968253968196e+03,4.816561488688353127e-16
9.069841269841268513e+03,4.813568362439402406e-16
9.071428571428572468e+03,4.810577545943507435e-16
9.073015873015872785e+03,4.807589037077459934e-16
9.074603174603173102e+03,4.804602833720287058e-16
9.076190476190477057e+03,4.801618933753281965e-16
9.077777777777777374e+03,4.798637335060000858e-16
9.079365079365079509e+03,4.795658035526236359e-16
9.080952380952381645e+03,4.792681033040032306e-16
9.082539682539681962e+03,4.789706325491676841e-16
9.084126984126984098e+03,4.786733910773703404e-16
9.085714285714286234e+03,4.783763786780879884e-16
9.087301587301586551e+03,4.780795951410215521e-16
9.088888888888888687e+03,4.777830402560948085e-16
9.090476190476190823e+03,4.774867138134548811e-16
9.092063492063491140e+03,4.771906156034725353e-16
9.093650793650793275e+03,4.768947454167395161e-16
9.095238095238095411e+03,4.765991030440712109e-16
9.096825396825395728e+03,4.763036882765045781e-16
9.098412698412697864e+03,4.760085009052981474e-16
9.100000000000000000e+03,4.757135407219320200e-16
9.101587301587300317e+03,4.754188075181086571e-16
9.103174603174602453e+03,4.751243010857498234e-16
9.104761904761904589e+03,4.748300212169984603e-16
9.106349206349204906e+03,4.745359677042193765e-16
9.107936507936508860e+03,4.742421403399946130e-16
9.109523809523809177e+03,4.739485389171299518e-16
9.111111111111109494e+03,4.736551632286483086e-16
9.112698412698413449e+03,4.733620130677912124e-16
9.114285714285713766e+03,4.730690882280219606e-16
9.115873015873015902e+03,4.727763885030211817e-16
9.117460317460318038e+03,4.724839136866880189e-16
9.119047619047618355e+03,4.721916635731407213e-16
9.120634920634920491e+03,4.718996379567146721e-16
9.122222222222222626e+03,4.716078366319631772e-16
9.123809523809522943e+03,4.713162593936592403e-16
9.125396825396825079e+03,4.710249060367895480e-16
9.126984126984127215e+03,4.707337763565604844e-16
9.128571428571427532e+03,4.704428701483947787e-16
9.130158730158729668e+03,4.701521872079304208e-16
9.131746031746031804e+03,4.698617273310229287e-16
9.133333333333332121e+03,4.695714903137442642e-16
9.134920634920634257e+03,4.692814759523796775e-16
9.136507936507936392e+03,4.689916840434330317e-16
9.138095238095236709e+03,4.687021143836216754e-16
9.139682539682540664e+03,4.684127667698767386e-16
9.141269841269840981e+03,4.681236409993480629e-16
9.142857142857141298e+03,4.678347368693954257e-16
9.144444444444445253e+03,4.675460541775947520e-16
9.146031746031745570e+03,4.672575927217373259e-16
9.147619047619047706e+03,4.669693522998252549e-16
9.149206349206349842e+03,4.666813327100759064e-16
9.150793650793650158e+03,4.663935337509199364e-16
9.152380952380952294e+03,4.661059552209997114e-16
9.153968253968254430e+03,4.658185969191712807e-16
9.155555555555554747e+03,4.655314586445035870e-16
9.157142857142856883e+03,4.652445401962752134e-16
9.158730158730159019e+03,4.649578413739797071e-16
9.160317460317459336e+03,4.646713619773203540e-16
9.161904761904761472e+03,4.643851018062125448e-16
9.163492063492063608e+03,4.640990606607823947e-16
9.165079365079363924e+03,4.638132383413677296e-16
9.166666666666666060e+03,4.635276346485158177e-16
9.168253968253968196e+03,4.632422493829851449e-16
9.169841269841268513e+03,4.629570823457446257e-16
9.171428571428572468e+03,4.626721333379714339e-16
9.173015873015872785e+03,4.623874021610550454e-16
9.174603174603173102e+03,4.621028886165915192e-16
9.176190476190477057e+03,4.618185925063875401e-16
9.177777777777777374e+03,4.615345136324591368e-16
9.179365079365077690e+03,4.612506517970296112e-16
9.180952380952381645e+03,4.609670068025310176e-16
9.182539682539681962e+03,4.606835784516048528e-16
9.184126984126984098e+03,4.604003665470988022e-16
9.185714285714286234e+03,4.601173708920689091e-16
9.187301587301586551e+03,4.598345912897791800e-16
9.188888888888888687e+03,4.595520275436995145e-16
9.190476190476190823e+03,4.592696794575075781e-16
9.192063492063491140e+03,4.589875468350872251e-16
9.193650793650793275e+03,4.587056294805294840e-16
9.195238095238095411e+03,4.584239271981304876e-16
9.196825396825395728e+03,4.581424397923932471e-16
9.198412698412697864e+03,4.578611670680257792e-16
9.200000000000000000e+03,4.575801088299415988e-16
9.201587301587300317e+03,4.572992648832604090e-16
9.203174603174602453e+03,4.570186350333048479e-16
9.204761904761904589e+03,4.567382190856037418e-16
9.206349206349204906e+03,4.564580168458908235e-16
9.207936507936508860e+03,4.561780281201017746e-16
9.209523809523809177e+03,4.558982527143789579e-16
9.211111111111109494e+03,4.556186904350670792e-16
9.212698412698413449e+03,4.553393410887130884e-16
9.214285714285713766e+03,4.550602044820701240e-16
9.215873015873015902e+03,4.547812804220918923e-16
9.217460317460318038e+03,4.545025687159355273e-16
9.219047619047618355e+03,4.542240691709611959e-16
9.220634920634920491e+03,4.539457815947306190e-16
9.222222222222222626e+03,4.536677057950075644e-16
9.223809523809522943e+03,4.533898415797590305e-16
9.225396825396825079e+03,4.531121887571509068e-16
9.226984126984127215e+03,4.528347471355529053e-16
9.228571428571427532e+03,4.525575165235347136e-16
9.230158730158729668e+03,4.522804967298661934e-16
9.231746031746031804e+03,4.520036875635189570e-16
9.233333333333332121e+03,4.517270888336650863e-16
9.234920634920634257e+03,4.514507003496751604e-16
9.236507936507936392e+03,4.511745219211213120e-16
9.238095238095236709e+03,4.508985533577749603e-16
9.239682539682540664e+03,4.506227944696056266e-16
9.241269841269840981e+03,4.503472450667842880e-16
9.242857142857141298e+03,4.500719049596790381e-16
9.244444444444445253e+03,4.497967739588565662e-16
9.246031746031745570e+03,4.495218518750840309e-16
9.247619047619047706e+03,4.492471385193244254e-16
9.249206349206349842e+03,4.489726337027395361e-16
9.250793650793650158e+03,4.486983372366906323e-16
9.252380952380952294e+03,4.484242489327330434e-16
9.253968253968254430e+03,4.481503686026228636e-16
9.255555555555554747e+03,4.478766960583109373e-16
9.257142857142856883e+03,4.476032311119456201e-16
9.258730158730159019e+03,4.473299735758721866e-16
9.260317460317459336e+03,4.470569232626324367e-16
9.261904761904761472e+03,4.467840799849625258e-16
9.263492063492063608e+03,4.465114435557969092e-16
9.265079365079363924e+03,4.462390137882643979e-16
9.266666666666666060e+03,4.459667904956888486e-16
9.268253968253968196e+03,4.456947734915907416e-16
9.269841269841268513e+03,4.454229625896840256e-16
9.271428571428572468e+03,4.451513576038776948e-16
9.273015873015872785e+03,4.448799583482768741e-16
9.274603174603173102e+03,4.446087646371782830e-16
9.276190476190477057e+03,4.443377762850740813e-16
9.277777777777777374e+03,4.440669931066510803e-16
9.279365079365077690e+03,4.437964149167881294e-16
9.280952380952381645e+03,4.435260415305573985e-16
9.282539682539681962e+03,4.432558727632260537e-16
9.284126984126984098e+03,4.429859084302522645e-16
9.285714285714286234e+03,4.427161483472877175e-16
9.287301587301586551e+03,4.424465923301762363e-16
9.288888888888888687e+03,4.421772401949537815e-16
9.290476190476190823e+03,4.419080917578486972e-16
9.292063492063491140e+03,4.416391468352807247e-16
9.293650793650793275e+03,4.413704052438612001e-16
9.295238095238095411e+03,4.411018668003927580e-16
9.296825396825395728e+03,4.408335313218695293e-16
9.298412698412697864e+03,4.405653986254756123e-16
9.300000000000000000e+03,4.402974685285863055e-16
9.301587301587300317e+03,4.400297408487679102e-16
9.303174603174602453e+03,4.397622154037753643e-16
9.304761904761904589e+03,4.394948920115544112e-16
9.306349206349204906e+03,4.392277704902414031e-16
9.307936507936508860e+03,4.389608506581599478e-16
9.309523809523809177e+03,4.386941323338255437e-16
9.311111111111109494e+03,4.384276153359411913e-16
9.312698412698413449e+03,4.381612994833980348e-16
9.314285714285713766e+03,4.378951845952783197e-16
9.315873015873015902e+03,4.376292704908499203e-16
9.317460317460318038e+03,4.373635569895706787e-16
9.319047619047618355e+03,4.370980439110860379e-16
9.320634920634920491e+03,4.368327310752281048e-16
9.322222222222222626e+03,4.365676183020179683e-16
9.323809523809522943e+03,4.363027054116629868e-16
9.325396825396825079e+03,4.360379922245583661e-16
9.326984126984127215e+03,4.357734785612846452e-16
9.328571428571427532e+03,4.355091642426117884e-16
9.330158730158729668e+03,4.352450490894927754e-16
9.331746031746031804e+03,4.349811329230687789e-16
9.333333333333332121e+03,4.347174155646672904e-16
9.334920634920634257e+03,4.344538968357995568e-16
9.336507936507936392e+03,4.341905765581643274e-16
9.338095238095236709e+03,4.339274545536451422e-16
9.339682539682540664e+03,4.336645306443092964e-16
9.341269841269840981e+03,4.334018046524111439e-16
9.342857142857141298e+03,4.331392764003884487e-16
9.344444444444445253e+03,4.328769457108622370e-16
9.346031746031745570e+03,4.326148124066404952e-16
9.347619047619047706e+03,4.323528763107129435e-16
9.349206349206349842e+03,4.320911372462538955e-16
9.350793650793650158e+03,4.318295950366218144e-16
9.352380952380952294e+03,4.315682495053572425e-16
9.353968253968254430e+03,4.313071004761841817e-16
9.355555555555554747e+03,4.310461477730111777e-16
9.357142857142856883e+03,4.307853912199267353e-16
9.358730158730159019e+03,4.305248306412040022e-16
9.360317460317459336e+03,4.302644658612983033e-16
9.361904761904761472e+03,4.300042967048445776e-16
9.363492063492063608e+03,4.297443229966630477e-16
9.365079365079363924e+03,4.294845445617533526e-16
9.366666666666666060e+03,4.292249612252971118e-16
9.368253968253968196e+03,4.289655728126569392e-16
9.369841269841268513e+03,4.287063791493770343e-16
9.371428571428570649e+03,4.284473800611819009e-16
9.373015873015872785e+03,4.281885753739763960e-16
9.374603174603173102e+03,4.279299649138468145e-16
9.376190476190477057e+03,4.276715485070577342e-16
9.377777777777777374e+03,4.274133259800558115e-16
9.379365079365077690e+03,4.271552971594658376e-16
9.380952380952381645e+03,4.268974618720923654e-16
9.382539682539681962e+03,4.266398199449200547e-16
9.384126984126984098e+03,4.263823712051116010e-16
9.385714285714286234e+03,4.261251154800094126e-16
9.387301587301586551e+03,4.258680525971344267e-16
9.388888888888888687e+03,4.256111823841853698e-16
9.390476190476190823e+03,4.253545046690399910e-16
9.392063492063491140e+03,4.250980192797538284e-16
9.393650793650793275e+03,4.248417260445600622e-16
9.395238095238095411e+03,4.245856247918695139e-16
9.396825396825395728e+03,4.243297153502708440e-16
9.398412698412697864e+03,4.240739975485293683e-16
9.400000000000000000e+03,4.238184712155876994e-16
9.401587301587300317e+03,4.235631361805654996e-16
9.403174603174602453e+03,4.233079922727583474e-16
9.404761904761904589e+03,4.230530393216385754e-16
9.406349206349204906e+03,4.227982771568551715e-16
9.407936507936508860e+03,4.225437056082315608e-16
9.409523809523809177e+03,4.222893245057690563e-16
9.411111111111109494e+03,4.220351336796430136e-16
9.412698412698413449e+03,4.217811329602040633e-16
9.414285714285713766e+03,4.215273221779793928e-16
9.415873015873015902e+03,4.212737011636696897e-16
9.417460317460318038e+03,4.210202697481507687e-16
9.419047619047618355e+03,4.207670277624733744e-16
9.420634920634920491e+03,4.205139750378623433e-16
9.422222222222222626e+03,4.202611114057161595e-16
9.423809523809522943e+03,4.200084366976080403e-16
9.425396825396825079e+03,4.197559507452843576e-16
9.426984126984127215e+03,4.195036533806651314e-16
9.428571428571427532e+03,4.192515444358438819e-16
9.430158730158729668e+03,4.189996237430868898e-16
9.431746031746031804e+03,4.187478911348334426e-16
9.433333333333332121e+03,4.184963464436963283e-16
9.434920634920634257e+03,4.182449895024593203e-16
9.436507936507936392e+03,4.179938201440792976e-16
9.438095238095236709e+03,4.177428382016861464e-16
9.439682539682540664e+03,4.174920435085792594e-16
9.441269841269840981e+03,4.172414358982325152e-16
9.442857142857141298e+03,4.169910152042895457e-16
9.444444444444445253e+03,4.167407812605650176e-16
9.446031746031745570e+03,4.164907339010466540e-16
9.447619047619047706e+03,4.162408729598908956e-16
9.449206349206349842e+03,4.159911982714260067e-16
9.450793650793650158e+03,4.157417096701507939e-16
9.452380952380952294e+03,4.154924069907336190e-16
9.453968253968254430e+03,4.152432900680134849e-16
9.455555555555554747e+03,4.149943587369999359e-16
9.457142857142856883e+03,4.147456128328703958e-16
9.458730158730159019e+03,4.144970521909738167e-16
9.460317460317459336e+03,4.142486766468272763e-16
9.461904761904761472e+03,4.140004860361167674e-16
9.463492063492063608e+03,4.137524801946983807e-16
9.465079365079363924e+03,4.135046589585963330e-16
9.466666666666666060e+03,4.132570221640022769e-16
9.468253968253968196e+03,4.130095696472779137e-16
9.469841269841268513e+03,4.127623012449522325e-16
9.471428571428570649e+03,4.125152167937219542e-16
9.473015873015872785e+03,4.122683161304520240e-16
9.474603174603173102e+03,4.120215990921748722e-16
9.476190476190477057e+03,4.117750655160896254e-16
9.477777777777777374e+03,4.115287152395639304e-16
9.479365079365077690e+03,4.112825481001309471e-16
9.480952380952381645e+03,4.110365639354904822e-16
9.482539682539681962e+03,4.107907625835114050e-16
9.484126984126984098e+03,4.105451438822254354e-16
9.485714285714286234e+03,4.102997076698328631e-16
9.487301587301586551e+03,4.100544537846997863e-16
9.488888888888888687e+03,4.098093820653567809e-16
9.490476190476190823e+03,4.095644923505013160e-16
9.492063492063491140e+03,4.093197844789959793e-16
9.493650793650793275e+03,4.090752582898681811e-16
9.495238095238095411e+03,4.088309136223105486e-16
9.496825396825395728e+03,4.085867503156806304e-16
9.498412698412697864e+03,4.083427682095006991e-16
9.500000000000000000e+03,4.080989671434572089e-16
9.501587301587300317e+03,4.078553469574010916e-16
9.503174603174602453e+03,4.076119074913470662e-16
9.504761904761904589e+03,4.073686485854743785e-16
9.506349206349204906e+03,4.071255700801255191e-16
9.507936507936508860e+03,4.068826718158055827e-16
9.509523809523809177e+03,4.066399536331854233e-16
9.511111111111109494e+03,4.063974153730962803e-16
9.512698412698413449e+03,4.061550568765336241e-16
9.514285714285713766e+03,4.059128779846561697e-16
9.515873015873015902e+03,4.056708785387840531e-16
9.517460317460318038e+03,4.054290583804003593e-16
9.519047619047618355e+03,4.051874173511506785e-16
9.520634920634920491e+03,4.049459552928418245e-16
9.522222222222222626e+03,4.047046720474428205e-16
9.523809523809522943e+03,4.044635674570845050e-16
9.525396825396825079e+03,4.042226413640585947e-16
9.526984126984127215e+03,4.039818936108183747e-16
9.528571428571427532e+03,4.037413240399784032e-16
9.530158730158729668e+03,4.035009324943137712e-16
9.531746031746031804e+03,4.032607188167599554e-16
9.533333333333332121e+03,4.030206828504140500e-16
9.534920634920634257e+03,4.027808244385320557e-16
9.536507936507936392e+03,4.025411434245308512e-16
9.538095238095236709e+03,4.023016396519876022e-16
9.539682539682540664e+03,4.020623129646379858e-16
9.541269841269840981e+03,4.018231632063792972e-16
9.542857142857141298e+03,4.015841902212660122e-16
9.544444444444445253e+03,4.013453938535124986e-16
9.546031746031745570e+03,4.011067739474929180e-16
9.547619047619047706e+03,4.008683303477395494e-16
9.549206349206349842e+03,4.006300628989434297e-16
9.550793650793650158e+03,4.003919714459546503e-16
9.552380952380952294e+03,4.001540558337802363e-16
9.553968253968254430e+03,3.999163159075863657e-16
9.555555555555554747e+03,3.996787515126971365e-16
9.557142857142856883e+03,3.994413624945938273e-16
9.558730158730159019e+03,3.992041486989155380e-16
9.560317460317459336e+03,3.989671099714592888e-16
9.561904761904761472e+03,3.987302461581780477e-16
9.563492063492063608e+03,3.984935571051828015e-16
9.565079365079363924e+03,3.982570426587409780e-16
9.566666666666666060e+03,3.980207026652765445e-16
9.568253968253968196e+03,3.977845369713704022e-16
9.569841269841268513e+03,3.975485454237595485e-16
9.571428571428570649e+03,3.973127278693359916e-16
9.573015873015872785e+03,3.970770841551493643e-16
9.574603174603173102e+03,3.968416141284044582e-16
9.576190476190477057e+03,3.966063176364604845e-16
9.577777777777777374e+03,3.963711945268341801e-16
9.579365079365077690e+03,3.961362446471957647e-16
9.580952380952381645e+03,3.959014678453703705e-16
9.582539682539681962e+03,3.956668639693393242e-16
9.584126984126984098e+03,3.954324328672378296e-16
9.585714285714286234e+03,3.951981743873555593e-16
9.587301587301586551e+03,3.949640883781368521e-16
9.588888888888888687e+03,3.947301746881789872e-16
9.590476190476190823e+03,3.944964331662345505e-16
9.592063492063491140e+03,3.942628636612098575e-16
9.593650793650793275e+03,3.940294660221639668e-16
9.595238095238095411e+03,3.937962400983097648e-16
9.596825396825395728e+03,3.935631857390137686e-16
9.598412698412697864e+03,3.933303027937948441e-16
9.600000000000000000e+03,3.930975911123247976e-16
9.601587301587300317e+03,3.928650505444291646e-16
9.603174603174602453e+03,3.926326809400845968e-16
9.604761904761904589e+03,3.924004821494216725e-16
9.606349206349204906e+03,3.921684540227215437e-16
9.607936507936508860e+03,3.919365964104176618e-16
9.609523809523809177e+03,3.917049091630969117e-16
9.611111111111109494e+03,3.914733921314966044e-16
9.612698412698413449e+03,3.912420451665043287e-16
9.614285714285713766e+03,3.910108681191619450e-16
9.615873015873015902e+03,3.907798608406598662e-16
9.617460317460318038e+03,3.905490231823397691e-16
9.619047619047618355e+03,3.903183549956962711e-16
9.620634920634920491e+03,3.900878561323719995e-16
9.622222222222222626e+03,3.898575264441615853e-16
9.623809523809522943e+03,3.896273657830091979e-16
9.625396825396825079e+03,3.893973740010087917e-16
9.626984126984127215e+03,3.891675509504057824e-16
9.628571428571427532e+03,3.889378964835943845e-16
9.630158730158729668e+03,3.887084104531174143e-16
9.631746031746031804e+03,3.884790927116688535e-16
9.633333333333332121e+03,3.882499431120907925e-16
9.634920634920634257e+03,3.880209615073743176e-16
9.636507936507936392e+03,3.877921477506606455e-16
9.638095238095236709e+03,3.875635016952387562e-16
9.639682539682540664e+03,3.873350231945454426e-16
9.641269841269840981e+03,3.871067121021676768e-16
9.642857142857141298e+03,3.868785682718393072e-16
9.644444444444445253e+03,3.866505915574420443e-16
9.646031746031745570e+03,3.864227818130077285e-16
9.647619047619047706e+03,3.861951388927123646e-16
9.649206349206349842e+03,3.859676626508821862e-16
9.650793650793650158e+03,3.857403529419902536e-16
9.652380952380952294e+03,3.855132096206557141e-16
9.653968253968254430e+03,3.852862325416463170e-16
9.655555555555554747e+03,3.850594215598755534e-16
9.657142857142856883e+03,3.848327765304040370e-16
9.658730158730159019e+03,3.846062973084384194e-16
9.660317460317459336e+03,3.843799837493325735e-16
9.661904761904761472e+03,3.841538357085858181e-16
9.663492063492063608e+03,3.839278530418437075e-16
9.665079365079363924e+03,3.837020356048983265e-16
9.666666666666666060e+03,3.834763832536859739e-16
9.668253968253968196e+03,3.832508958442894792e-16
9.669841269841268513e+03,3.830255732329374140e-16
9.671428571428570649e+03,3.828004152760020705e-16
9.673015873015872785e+03,3.825754218300023212e-16
9.674603174603173102e+03,3.823505927516013013e-16
9.676190476190477057e+03,3.821259278976060148e-16
9.677777777777777374e+03,3.819014271249692075e-16
9.679365079365077690e+03,3.816770902907875925e-16
9.680952380952381645e+03,3.814529172523014555e-16
9.682539682539681962e+03,3.812289078668966271e-16
9.684126984126984098e+03,3.810050619921007849e-16
9.685714285714286234e+03,3.807813794855866089e-16
9.687301587301586551e+03,3.805578602051700562e-16
9.688888888888888687e+03,3.803345040088102619e-16
9.690476190476190823e+03,3.801113107546098847e-16
9.692063492063491140e+03,3.798882803008146627e-16
9.693650793650793275e+03,3.796654125058124771e-16
9.695238095238095411e+03,3.794427072281345846e-16
9.696825396825395728e+03,3.792201643264546310e-16
9.698412698412697864e+03,3.789977836595887011e-16
9.700000000000000000e+03,3.787755650864951210e-16
9.701587301587300317e+03,3.785535084662747048e-16
9.703174603174602453e+03,3.783316136581683882e-16
9.704761904761904589e+03,3.781098805215606302e-16
9.706349206349204906e+03,3.778883089159777859e-16
9.707936507936508860e+03,3.776668987010857406e-16
9.709523809523809177e+03,3.774456497366936069e-16
9.711111111111109494e+03,3.772245618827502243e-16
9.712698412698413449e+03,3.770036349993450471e-16
9.714285714285713766e+03,3.767828689467103130e-16
9.715873015873015902e+03,3.765622635852169024e-16
9.717460317460318038e+03,3.763418187753770987e-16
9.719047619047618355e+03,3.761215343778434056e-16
9.720634920634920491e+03,3.759014102534077084e-16
9.722222222222222626e+03,3.756814462630024084e-16
9.723809523809522943e+03,3.754616422677006693e-16
9.725396825396825079e+03,3.752419981287134589e-16
9.726984126984127215e+03,3.750225137073923100e-16
9.728571428571427532e+03,3.748031888652285318e-16
9.730158730158729668e+03,3.745840234638508435e-16
9.731746031746031804e+03,3.743650173650291698e-16
9.733333333333332121e+03,3.741461704306710922e-16
9.734920634920634257e+03,3.739274825228225384e-16
9.736507936507936392e+03,3.737089535036684728e-16
9.738095238095236709e+03,3.734905832355331431e-16
9.739682539682540664e+03,3.732723715808765799e-16
9.741269841269840981e+03,3.730543184023001182e-16
9.742857142857141298e+03,3.728364235625404813e-16
9.744444444444445253e+03,3.726186869244723448e-16
9.746031746031745570e+03,3.724011083511100617e-16
9.747619047619047706e+03,3.721836877056029790e-16
9.749206349206349842e+03,3.719664248512383956e-16
9.750793650793650158e+03,3.717493196514419571e-16
9.752380952380952294e+03,3.715323719697750422e-16
9.753968253968254430e+03,3.713155816699361437e-16
9.755555555555554747e+03,3.710989486157605724e-16
9.757142857142856883e+03,3.708824726712192739e-16
9.758730158730159019e+03,3.706661537004211950e-16
9.760317460317459336e+03,3.704499915676105231e-16
9.761904761904761472e+03,3.702339861371669322e-16
9.763492063492063608e+03,3.700181372736068653e-16
9.765079365079363924e+03,3.698024448415823014e-16
9.766666666666666060e+03,3.695869087058805585e-16
9.768253968253968196e+03,3.693715287314243922e-16
9.769841269841268513e+03,3.691563047832726364e-16
9.771428571428570649e+03,3.689412367266177386e-16
9.773015873015872785e+03,3.687263244267880768e-16
9.774603174603173102e+03,3.685115677492468255e-16
9.776190476190477057e+03,3.682969665595914136e-16
9.777777777777777374e+03,3.680825207235547568e-16
9.779365079365077690e+03,3.678682301070027924e-16
9.780952380952381645e+03,3.676540945759356628e-16
9.782539682539681962e+03,3.674401139964893916e-16
9.784126984126984098e+03,3.672262882349317423e-16
9.785714285714286234e+03,3.670126171576654226e-16
9.787301587301586551e+03,3.667991006312267539e-16
9.788888888888888687e+03,3.665857385222844874e-16
9.790476190476190823e+03,3.663725306976416286e-16
9.792063492063491140e+03,3.661594770242338596e-16
9.793650793650793275e+03,3.659465773691303279e-16
9.795238095238095411e+03,3.657338315995325124e-16
9.796825396825395728e+03,3.655212395827751107e-16
9.798412698412697864e+03,3.653088011863240182e-16
9.800000000000000000e+03,3.650965162777795815e-16
9.801587301587300317e+03,3.648843847248725558e-16
9.803174603174602453e+03,3.646724063954667181e-16
9.804761904761904589e+03,3.644605811575576836e-16
9.806349206349204906e+03,3.642489088792728075e-16
9.807936507936508860e+03,3.640373894288704944e-16
9.809523809523809177e+03,3.638260226747416773e-16
9.811111111111109494e+03,3.636148084854081419e-16
9.812698412698413449e+03,3.634037467295221809e-16
9.814285714285713766e+03,3.631928372758683691e-16
9.815873015873015902e+03,3.629820799933612461e-16
9.817460317460318038e+03,3.627714747510465490e-16
9.819047619047618355e+03,3.625610214181003248e-16
9.820634920634920491e+03,3.623507198638292263e-16
9.822222222222222626e+03,3.621405699576701671e-16
9.823809523809522943e+03,3.619305715691904692e-16
9.825396825396825079e+03,3.617207245680869263e-16
9.826984126984127215e+03,3.615110288241862973e-16
9.828571428571427532e+03,3.613014842074460451e-16
9.830158730158729668e+03,3.610920905879516748e-16
9.831746031746031804e+03,3.608828478359189028e-16
9.833333333333332121e+03,3.606737558216929666e-16
9.834920634920634257e+03,3.604648144157471950e-16
9.836507936507936392e+03,3.602560234886852760e-16
9.838095238095236709e+03,3.600473829112391863e-16
9.839682539682540664e+03,3.598388925542686486e-16
9.841269841269840981e+03,3.596305522887637448e-16
9.842857142857141298e+03,3.594223619858411197e-16
9.844444444444445253e+03,3.592143215167463971e-16
9.846031746031745570e+03,3.590064307528545245e-16
9.847619047619047706e+03,3.587986895656662726e-16
9.849206349206349842e+03,3.585910978268116868e-16
9.850793650793650158e+03,3.583836554080481643e-16
9.852380952380952294e+03,3.581763621812599116e-16
9.853968253968254430e+03,3.579692180184595224e-16
9.855555555555554747e+03,3.577622227917867447e-16
9.857142857142856883e+03,3.575553763735078897e-16
9.858730158730159019e+03,3.573486786360163242e-16
9.860317460317459336e+03,3.571421294518326683e-16
9.861904761904761472e+03,3.569357286936033161e-16
9.863492063492063608e+03,3.567294762341025557e-16
9.865079365079363924e+03,3.565233719462302027e-16
9.866666666666666060e+03,3.563174157030116989e-16
9.868253968253968196e+03,3.561116073775997885e-16
9.869841269841268513e+03,3.559059468432727924e-16
9.871428571428570649e+03,3.557004339734346577e-16
9.873015873015872785e+03,3.554950686416149574e-16
9.874603174603173102e+03,3.552898507214692854e-16
9.876190476190477057e+03,3.550847800867774808e-16
9.877777777777777374e+03,3.548798566114466855e-16
9.879365079365077690e+03,3.546750801695063638e-16
9.880952380952381645e+03,3.544704506351132333e-16
9.882539682539681962e+03,3.542659678825487009e-16
9.884126984126984098e+03,3.540616317862171865e-16
9.885714285714286234e+03,3.538574422206492785e-16
9.887301587301586551e+03,3.536533990604993177e-16
9.888888888888888687e+03,3.534495021805457921e-16
9.890476190476190823e+03,3.532457514556919774e-16
9.892063492063491140e+03,3.530421467609645076e-16
9.893650793650793275e+03,3.528386879715137692e-16
9.895238095238095411e+03,3.526353749626142463e-16
9.896825396825395728e+03,3.524322076096639785e-16
9.898412698412697864e+03,3.522291857881843141e-16
9.900000000000000000e+03,3.520263093738199103e-16
9.901587301587300317e+03,3.518235782423390288e-16
9.903174603174602453e+03,3.516209922696316626e-16
9.904761904761904589e+03,3.514185513317119022e-16
9.906349206349204906e+03,3.512162553047163089e-16
9.907936507936508860e+03,3.510141040649036679e-16
9.909523809523809177e+03,3.508120974886562216e-16
9.911111111111109494e+03,3.506102354524771047e-16
9.912698412698413449e+03,3.504085178329925148e-16
9.914285714285713766e+03,3.502069445069504788e-16
9.915873015873015902e+03,3.500055153512211987e-16
9.917460317460318038e+03,3.498042302427965087e-16
9.919047619047618355e+03,3.496030890587898757e-16
9.920634920634920491e+03,3.494020916764359554e-16
9.922222222222222626e+03,3.492012379730910359e-16
9.923809523809522943e+03,3.490005278262327911e-16
9.925396825396825079e+03,3.487999611134599855e-16
9.926984126984127215e+03,3.485995377124920788e-16
9.928571428571427532e+03,3.483992575011696212e-16
9.930158730158729668e+03,3.481991203574534640e-16
9.931746031746031804e+03,3.479991261594252038e-16
9.933333333333332121e+03,3.477992747852876748e-16
9.934920634920634257e+03,3.475995661133623859e-16
9.936507936507936392e+03,3.474000000220921332e-16
9.938095238095236709e+03,3.472005763900400140e-16
9.939682539682540664e+03,3.470012950958874055e-16
9.941269841269840981e+03,3.468021560184372188e-16
9.942857142857141298e+03,3.466031590366110886e-16
9.944444444444445253e+03,3.464043040294500141e-16
9.946031746031745570e+03,3.462055908761151970e-16
9.947619047619047706e+03,3.460070194558858234e-16
9.949206349206349842e+03,3.458085896481607886e-16
9.950793650793650158e+03,3.456103013324587964e-16
9.952380952380952294e+03,3.454121543884155979e-16
9.953968253968254430e+03,3.452141486957867522e-16
9.955555555555554747e+03,3.450162841344465916e-16
9.957142857142856883e+03,3.448185605843865938e-16
9.958730158730159019e+03,3.446209779257175522e-16
9.960317460317459336e+03,3.444235360386690327e-16
9.961904761904761472e+03,3.442262348035867612e-16
9.963492063492063608e+03,3.440290741009358279e-16
9.965079365079363924e+03,3.438320538112987156e-16
9.966666666666666060e+03,3.436351738153745105e-16
9.968253968253968196e+03,3.434384339939820083e-16
9.969841269841268513e+03,3.432418342280554745e-16
9.971428571428570649e+03,3.430453743986468133e-16
9.973015873015872785e+03,3.428490543869255184e-16
9.974603174603173102e+03,3.426528740741773913e-16
9.976190476190477057e+03,3.424568333418052809e-16
9.977777777777777374e+03,3.422609320713296746e-16
9.979365079365077690e+03,3.420651701443865790e-16
9.980952380952381645e+03,3.418695474427276178e-16
9.982539682539681962e+03,3.416740638482232864e-16
9.984126984126984098e+03,3.414787192428574789e-16
9.985714285714286234e+03,3.412835135087324677e-16
9.987301587301586551e+03,3.410884465280651076e-16
9.988888888888888687e+03,3.408935181831882649e-16
9.990476190476190823e+03,3.406987283565505220e-16
9.992063492063491140e+03,3.405040769307161282e-16
9.993650793650793275e+03,3.403095637883647035e-16
9.995238095238095411e+03,3.401151888122909925e-16
9.996825396825395728e+03,3.399209518854058008e-16
9.998412698412697864e+03,3.397268528907330369e-16
1.000000000000000000e+04,3.395328917114127693e-16
