wavelength_angstrom,flux_erg_s_cm2_angstrom
3.500000000000000000e+03,9.999999999999999988e-15
3.501587301587301681e+03,9.998247359956551110e-15
3.503174603174603362e+03,9.996486803726010779e-15
3.504761904761904589e+03,9.994718351760530396e-15
3.506349206349206270e+03,9.992942024485758791e-15
3.507936507936507951e+03,9.991157842300835913e-15
3.509523809523809632e+03,9.989365825578373896e-15
3.511111111111111313e+03,9.987565994664368707e-15
3.512698412698412540e+03,9.985758369878220658e-15
3.514285714285714221e+03,9.983942971512693380e-15
3.515873015873015902e+03,9.982119819833857033e-15
3.517460317460317583e+03,9.980288935081113542e-15
3.519047619047619264e+03,9.978450337467092471e-15
3.520634920634920491e+03,9.976604047177677847e-15
3.522222222222222172e+03,9.974750084371949777e-15
3.523809523809523853e+03,9.972888469182192343e-15
3.525396825396825534e+03,9.971019221713781582e-15
3.526984126984126760e+03,9.969142362045278569e-15
3.528571428571428442e+03,9.967257910228312670e-15
3.530158730158730123e+03,9.965365886287573649e-15
3.531746031746031804e+03,9.963466310220776961e-15
3.533333333333333485e+03,9.961559201998698463e-15
3.534920634920634711e+03,9.959644581565038724e-15
3.536507936507936392e+03,9.957722468836519275e-15
3.538095238095238074e+03,9.955792883702745337e-15
3.539682539682539755e+03,9.953855846026264207e-15
3.541269841269841436e+03,9.951911375642502140e-15
3.542857142857142662e+03,9.949959492359735956e-15
3.544444444444444343e+03,9.948000215959067794e-15
3.546031746031746025e+03,9.946033566194469290e-15
3.547619047619047706e+03,9.944059562792638001e-15
3.549206349206349387e+03,9.942078225453060518e-15
3.550793650793650613e+03,9.940089573847995107e-15
3.552380952380952294e+03,9.938093627622377049e-15
3.553968253968253975e+03,9.936090406393875436e-15
3.555555555555555657e+03,9.934079929752820598e-15
3.557142857142857338e+03,9.932062217262211988e-15
3.558730158730158564e+03,9.930037288457677165e-15
3.560317460317460245e+03,9.928005162847470213e-15
3.561904761904761926e+03,9.925965859912440189e-15
3.563492063492063608e+03,9.923919399105993256e-15
3.565079365079365289e+03,9.921865799854117930e-15
3.566666666666666515e+03,9.919805081555331432e-15
3.568253968253968196e+03,9.917737263580665493e-15
3.569841269841269877e+03,9.915662365273682127e-15
3.571428571428571558e+03,9.913580405950375819e-15
3.573015873015872785e+03,9.911491404899241359e-15
3.574603174603174466e+03,9.909395381381221784e-15
3.576190476190476147e+03,9.907292354629667351e-15
3.577777777777777828e+03,9.905182343850370253e-15
3.579365079365079509e+03,9.903065368221512551e-15
3.580952380952380736e+03,9.900941446893650395e-15
3.582539682539682417e+03,9.898810598989699829e-15
3.584126984126984098e+03,9.896672843604958874e-15
3.585714285714285779e+03,9.894528199807019182e-15
3.587301587301587460e+03,9.892376686635827561e-15
3.588888888888888687e+03,9.890218323103611824e-15
3.590476190476190368e+03,9.888053128194910768e-15
3.592063492063492049e+03,9.885881120866531573e-15
3.593650793650793730e+03,9.883702320047567157e-15
3.595238095238095411e+03,9.881516744639304669e-15
3.596825396825396638e+03,9.879324413515342242e-15
3.598412698412698319e+03,9.877125345521446993e-15
3.600000000000000000e+03,9.874919559475633916e-15
3.601587301587301681e+03,9.872707074168105922e-15
3.603174603174603362e+03,9.870487908361272777e-15
3.604761904761904589e+03,9.868262080789683255e-15
3.606349206349206270e+03,9.866029610160091406e-15
3.607936507936507951e+03,9.863790515151398180e-15
3.609523809523809632e+03,9.861544814414645115e-15
3.611111111111111313e+03,9.859292526573008026e-15
3.612698412698412540e+03,9.857033670221800159e-15
3.614285714285714221e+03,9.854768263928448531e-15
3.615873015873015902e+03,9.852496326232462368e-15
3.617460317460317583e+03,9.850217875645502530e-15
3.619047619047619264e+03,9.847932930651250559e-15
3.620634920634920491e+03,9.845641509705528582e-15
3.622222222222222172e+03,9.843343631236199923e-15
3.623809523809523853e+03,9.841039313643202226e-15
3.625396825396825534e+03,9.838728575298534837e-15
3.626984126984126760e+03,9.836411434546228831e-15
3.628571428571428442e+03,9.834087909702372248e-15
3.630158730158730123e+03,9.831758019055092745e-15
3.631746031746031804e+03,9.829421780864538659e-15
3.633333333333333485e+03,9.827079213362885319e-15
3.634920634920634711e+03,9.824730334754331892e-15
3.636507936507936392e+03,9.822375163215076138e-15
3.638095238095238074e+03,9.820013716893334919e-15
3.639682539682539755e+03,9.817646013909296873e-15
3.641269841269841436e+03,9.815272072355206024e-15
3.642857142857142662e+03,9.812891910295237152e-15
3.644444444444444343e+03,9.810505545765592026e-15
3.646031746031746025e+03,9.808112996774417368e-15
3.647619047619047706e+03,9.805714281301886891e-15
3.649206349206349387e+03,9.803309417300112948e-15
3.650793650793650613e+03,9.800898422693203331e-15
3.652380952380952294e+03,9.798481315377217093e-15
3.653968253968253975e+03,9.796058113220203990e-15
3.655555555555555657e+03,9.793628834062149265e-15
3.657142857142857338e+03,9.791193495715019398e-15
3.658730158730158564e+03,9.788752115962724242e-15
3.660317460317460245e+03,9.786304712561162778e-15
3.661904761904761926e+03,9.783851303238155271e-15
3.663492063492063608e+03,9.781391905693503225e-15
3.665079365079364834e+03,9.778926537598957827e-15
3.666666666666666515e+03,9.776455216598197861e-15
3.668253968253968196e+03,9.773977960306884925e-15
3.669841269841269877e+03,9.771494786312631882e-15
3.671428571428571558e+03,9.769005712174983922e-15
3.673015873015872785e+03,9.766510755425461161e-15
3.674603174603174466e+03,9.764009933567519202e-15
3.676190476190476147e+03,9.761503264076586997e-15
3.677777777777777828e+03,9.758990764400035293e-15
3.679365079365079509e+03,9.756472451957182943e-15
3.680952380952380736e+03,9.753948344139322150e-15
3.682539682539682417e+03,9.751418458309694802e-15
3.684126984126984098e+03,9.748882811803511402e-15
3.685714285714285779e+03,9.746341421927941604e-15
3.687301587301587460e+03,9.743794305962125255e-15
3.688888888888888687e+03,9.741241481157147156e-15
3.690476190476190368e+03,9.738682964736076499e-15
3.692063492063492049e+03,9.736118773893970026e-15
3.693650793650793730e+03,9.733548925797854672e-15
3.695238095238095411e+03,9.730973437586711793e-15
3.696825396825396638e+03,9.728392326371540267e-15
3.698412698412698319e+03,9.725805609235315478e-15
3.700000000000000000e+03,9.723213303232986161e-15
3.701587301587301681e+03,9.720615425391513844e-15
3.703174603174603362e+03,9.718011992709868113e-15
3.704761904761904589e+03,9.715403022159010837e-15
3.706349206349206270e+03,9.712788530681899324e-15
3.707936507936507951e+03,9.710168535193547849e-15
3.709523809523809632e+03,9.707543052580937728e-15
3.711111111111111313e+03,9.704912099703124599e-15
3.712698412698412540e+03,9.702275693391169006e-15
3.714285714285714221e+03,9.699633850448167951e-15
3.715873015873015902e+03,9.696986587649265937e-15
3.717460317460317583e+03,9.694333921741673905e-15
3.719047619047619264e+03,9.691675869444639254e-15
3.720634920634920491e+03,9.689012447449472661e-15
3.722222222222222172e+03,9.686343672419571750e-15
3.723809523809523853e+03,9.683669560990389538e-15
3.725396825396825534e+03,9.680990129769489650e-15
3.726984126984126760e+03,9.678305395336508461e-15
3.728571428571428442e+03,9.675615374243188221e-15
3.730158730158730123e+03,9.672920083013378638e-15
3.731746031746031804e+03,9.670219538143054232e-15
3.733333333333333485e+03,9.667513756100293820e-15
3.734920634920634711e+03,9.664802753325340478e-15
3.736507936507936392e+03,9.662086546230552623e-15
3.738095238095238074e+03,9.659365151200443460e-15
3.739682539682539755e+03,9.656638584591709384e-15
3.741269841269841436e+03,9.653906862733177908e-15
3.742857142857142662e+03,9.651170001925881822e-15
3.744444444444444343e+03,9.648428018443043413e-15
3.746031746031746025e+03,9.645680928530068155e-15
3.747619047619047706e+03,9.642928748404590463e-15
3.749206349206349387e+03,9.640171494256442138e-15
3.750793650793650613e+03,9.637409182247699698e-15
3.752380952380952294e+03,9.634641828512659136e-15
3.753968253968253975e+03,9.631869449157897452e-15
3.755555555555555657e+03,9.629092060262225318e-15
3.757142857142856883e+03,9.626309677876745456e-15
3.758730158730158564e+03,9.623522318024833705e-15
3.760317460317460245e+03,9.620729996702168997e-15
3.761904761904761926e+03,9.617932729876711272e-15
3.763492063492063608e+03,9.615130533488767735e-15
3.765079365079364834e+03,9.612323423450977089e-15
3.766666666666666515e+03,9.609511415648304794e-15
3.768253968253968196e+03,9.606694525938082511e-15
3.769841269841269877e+03,9.603872770149987596e-15
3.771428571428571558e+03,9.601046164086120403e-15
3.773015873015872785e+03,9.598214723520936446e-15
3.774603174603174466e+03,9.595378464201300040e-15
3.776190476190476147e+03,9.592537401846522165e-15
3.777777777777777828e+03,9.589691552148316292e-15
3.779365079365079509e+03,9.586840930770864647e-15
3.780952380952380736e+03,9.583985553350781921e-15
3.782539682539682417e+03,9.581125435497192583e-15
3.784126984126984098e+03,9.578260592791674076e-15
3.785714285714285779e+03,9.575391040788307309e-15
3.787301587301587460e+03,9.572516795013728721e-15
3.788888888888888687e+03,9.569637870967065591e-15
3.790476190476190368e+03,9.566754284119997573e-15
3.792063492063492049e+03,9.563866049916770895e-15
3.793650793650793730e+03,9.560973183774193624e-15
3.795238095238095411e+03,9.558075701081687733e-15
3.796825396825396638e+03,9.555173617201249654e-15
3.798412698412698319e+03,9.552266947467524436e-15
3.800000000000000000e+03,9.549355707187761566e-15
3.801587301587301681e+03,9.546439911641882813e-15
3.803174603174603362e+03,9.543519576082475912e-15
3.804761904761904589e+03,9.540594715734797726e-15
3.806349206349206270e+03,9.537665345796819996e-15
3.807936507936507951e+03,9.534731481439218299e-15
3.809523809523809632e+03,9.531793137805408333e-15
3.811111111111111313e+03,9.528850330011531720e-15
3.812698412698412540e+03,9.525903073146522270e-15
3.814285714285714221e+03,9.522951382272080734e-15
3.815873015873015902e+03,9.519995272422707942e-15
3.817460317460317583e+03,9.517034758605714266e-15
3.819047619047619264e+03,9.514069855801257485e-15
3.820634920634920491e+03,9.511100578962317540e-15
3.822222222222222172e+03,9.508126943014780160e-15
3.823809523809523853e+03,9.505148962857383210e-15
3.825396825396825534e+03,9.502166653361765609e-15
3.826984126984127215e+03,9.499180029372509923e-15
3.828571428571428442e+03,9.496189105707126588e-15
3.830158730158730123e+03,9.493193897156088625e-15
3.831746031746031804e+03,9.490194418482804811e-15
3.833333333333333485e+03,9.487190684423739592e-15
3.834920634920634711e+03,9.484182709688315263e-15
3.836507936507936392e+03,9.481170508959011363e-15
3.838095238095238074e+03,9.478154096891341008e-15
3.839682539682539755e+03,9.475133488113910848e-15
3.841269841269841436e+03,9.472108697228383200e-15
3.842857142857142662e+03,9.469079738809547046e-15
3.844444444444444343e+03,9.466046627405305408e-15
3.846031746031746025e+03,9.463009377536706908e-15
3.847619047619047706e+03,9.459968003697963117e-15
3.849206349206348932e+03,9.456922520356476961e-15
3.850793650793650613e+03,9.453872941952845868e-15
3.852380952380952294e+03,9.450819282900893331e-15
3.853968253968253975e+03,9.447761557587683100e-15
3.855555555555555657e+03,9.444699780373493944e-15
3.857142857142856883e+03,9.441633965591857513e-15
3.858730158730158564e+03,9.438564127549375323e-15
3.860317460317460245e+03,9.435490280525289619e-15
3.861904761904761926e+03,9.432412438770153349e-15
3.863492063492063608e+03,9.429330616501915841e-15
3.865079365079364834e+03,9.426244827894809330e-15
3.866666666666666515e+03,9.423155087048954147e-15
3.868253968253968196e+03,9.420061407909423167e-15
3.869841269841269877e+03,9.416963804056759794e-15
3.871428571428571558e+03,9.413862288180143522e-15
3.873015873015872785e+03,9.410756870790647353e-15
3.874603174603174466e+03,9.407647557168254587e-15
3.876190476190476147e+03,9.404534340329032902e-15
3.877777777777777828e+03,9.401417185300313969e-15
3.879365079365079509e+03,9.398295995007433854e-15
3.880952380952380736e+03,9.395170538502860213e-15
3.882539682539682417e+03,9.392040304599406384e-15
3.884126984126984098e+03,9.388904212703019279e-15
3.885714285714285779e+03,9.385760059754428862e-15
3.887301587301587460e+03,9.382603497040649860e-15
3.888888888888888687e+03,9.379426200905652687e-15
3.890476190476190368e+03,9.376212715998684956e-15
3.892063492063492049e+03,9.372935204792786441e-15
3.893650793650793730e+03,9.369545045941085297e-15
3.895238095238095411e+03,9.365959930700777147e-15
3.896825396825396638e+03,9.362044901480572088e-15
3.898412698412698319e+03,9.357585808099845329e-15
3.900000000000000000e+03,9.352254131993898505e-15
3.901587301587301681e+03,9.345563286478734507e-15
3.903174603174603362e+03,9.336818557176650639e-15
3.904761904761904589e+03,9.325065892142822157e-15
3.906349206349206270e+03,9.309048626000263325e-15
3.907936507936507951e+03,9.287185387961513399e-15
3.909523809523809632e+03,9.257585910146171751e-15
3.911111111111111313e+03,9.218122826540342697e-15
3.912698412698412540e+03,9.166575263442429652e-15
3.914285714285714221e+03,9.100852744432997409e-15
3.915873015873015902e+03,9.019295153565979194e-15
3.917460317460317583e+03,8.921027082740519610e-15
3.919047619047619264e+03,8.806325420969688035e-15
3.920634920634920491e+03,8.676941740391185694e-15
3.922222222222222172e+03,8.536311048471216626e-15
3.923809523809523853e+03,8.389580635103558530e-15
3.925396825396825534e+03,8.243409976278655550e-15
3.926984126984127215e+03,8.105524572248498899e-15
3.928571428571428442e+03,7.984048763777895367e-15
3.930158730158730123e+03,7.886686912725748062e-15
3.931746031746031804e+03,7.819858790476334968e-15
3.933333333333333485e+03,7.787914111747457086e-15
3.934920634920634711e+03,7.792546775383917077e-15
3.936507936507936392e+03,7.832500889178815527e-15
3.938095238095238074e+03,7.903613521967263705e-15
3.939682539682539755e+03,7.999183719607036109e-15
3.941269841269841436e+03,8.110606198240987857e-15
3.942857142857142662e+03,8.228172537100689343e-15
3.944444444444444343e+03,8.341929432267282829e-15
3.946031746031746025e+03,8.442493197246150343e-15
3.947619047619047706e+03,8.521746641110391826e-15
3.949206349206348932e+03,8.573379010412828929e-15
3.950793650793650613e+03,8.593261156191503518e-15
3.952380952380952294e+03,8.579668139846671847e-15
3.953968253968253975e+03,8.533366578735459797e-15
3.955555555555555657e+03,8.457576248160171608e-15
3.957142857142856883e+03,8.357801540288741990e-15
3.958730158730158564e+03,8.241517245601192830e-15
3.960317460317460245e+03,8.117692698464848164e-15
3.961904761904761926e+03,7.996152714372950127e-15
3.963492063492063608e+03,7.886801577662740818e-15
3.965079365079364834e+03,7.798770911973794027e-15
3.966666666666666515e+03,7.739583429377850258e-15
3.968253968253968196e+03,7.714441810948134733e-15
3.969841269841269877e+03,7.725747837705154082e-15
3.971428571428571558e+03,7.772929434746993349e-15
3.973015873015872785e+03,7.852607015063723553e-15
3.974603174603174466e+03,7.959075261310320854e-15
3.976190476190476147e+03,8.085024734668189834e-15
3.977777777777777828e+03,8.222391055554275453e-15
3.979365079365079509e+03,8.363205456058114613e-15
3.980952380952380736e+03,8.500330996627945069e-15
3.982539682539682417e+03,8.627999491657203365e-15
3.984126984126984098e+03,8.742106711018220807e-15
3.985714285714285779e+03,8.840267544761017767e-15
3.987301587301587460e+03,8.921669437778953226e-15
3.988888888888888687e+03,8.986785564047655805e-15
3.990476190476190368e+03,9.037016995868292903e-15
3.992063492063492049e+03,9.074327322235558999e-15
3.993650793650793730e+03,9.100918066518249521e-15
3.995238095238095411e+03,9.118974048491278283e-15
3.996825396825396638e+03,9.130489222702618458e-15
3.998412698412698319e+03,9.137168762669429133e-15
4.000000000000000000e+03,9.140393755757344653e-15
4.001587301587301681e+03,9.141230784514941553e-15
4.003174603174603362e+03,9.140468814061400100e-15
4.004761904761904589e+03,9.138668645886793352e-15
4.006349206349206270e+03,9.136214236289551153e-15
4.007936507936507951e+03,9.133359252562528574e-15
4.009523809523809632e+03,9.130265642767220665e-15
4.011111111111111313e+03,9.127033432785869089e-15
4.012698412698412540e+03,9.123722447620601676e-15
4.014285714285714221e+03,9.120367363490848358e-15
4.015873015873015902e+03,9.116987672691712811e-15
4.017460317460317583e+03,9.113594008398370887e-15
4.019047619047619264e+03,9.110192003585548204e-15
4.020634920634920491e+03,9.106784558807613084e-15
4.022222222222222172e+03,9.103373127900216826e-15
4.023809523809523853e+03,9.099958422083651391e-15
4.025396825396825534e+03,9.096540782819829014e-15
4.026984126984127215e+03,9.093120372900657783e-15
4.028571428571428442e+03,9.089697271296475410e-15
4.030158730158730123e+03,9.086271518780737917e-15
4.031746031746031804e+03,9.082843139210342461e-15
4.033333333333333030e+03,9.079412149154236348e-15
4.034920634920635166e+03,9.075978562121517431e-15
4.036507936507936392e+03,9.072542390363867678e-15
4.038095238095238074e+03,9.069103645621774567e-15
4.039682539682539755e+03,9.065662339424680042e-15
4.041269841269840981e+03,9.062218483208243107e-15
4.042857142857142662e+03,9.058772088358959376e-15
4.044444444444444343e+03,9.055323166230564647e-15
4.046031746031746025e+03,9.051871728150022359e-15
4.047619047619047706e+03,9.048417785419606179e-15
4.049206349206348932e+03,9.044961349317584739e-15
4.050793650793650613e+03,9.041502431098535599e-15
4.052380952380952294e+03,9.038041041993417825e-15
4.053968253968253975e+03,9.034577193209642984e-15
4.055555555555555657e+03,9.031110895931076722e-15
4.057142857142856883e+03,9.027642161318116074e-15
4.058730158730158564e+03,9.024171000507684731e-15
4.060317460317460245e+03,9.020697424613285101e-15
4.061904761904761926e+03,9.017221444725012513e-15
4.063492063492063608e+03,9.013743071909591502e-15
4.065079365079364834e+03,9.010262317210405788e-15
4.066666666666666515e+03,9.006779191647510896e-15
4.068253968253968196e+03,9.003293706217697263e-15
4.069841269841269877e+03,8.999805871894493398e-15
4.071428571428571558e+03,8.996315699628205321e-15
4.073015873015872785e+03,8.992823200345943388e-15
4.074603174603174466e+03,8.989328384951655419e-15
4.076190476190476147e+03,8.985831264326136168e-15
4.077777777777777828e+03,8.982331849327103050e-15
4.079365079365079509e+03,8.978830150789169325e-15
4.080952380952380736e+03,8.975326179523926134e-15
4.082539682539682417e+03,8.971819946319937768e-15
4.084126984126984098e+03,8.968311461942762180e-15
4.085714285714285779e+03,8.964800737135037757e-15
4.087301587301587460e+03,8.961287782616445456e-15
4.088888888888888687e+03,8.957772609083790848e-15
4.090476190476190368e+03,8.954255227210988334e-15
4.092063492063492049e+03,8.950735647649135306e-15
4.093650793650793730e+03,8.947213881026515296e-15
4.095238095238095411e+03,8.943689937948627957e-15
4.096825396825396638e+03,8.940163828998237969e-15
4.098412698412698774e+03,8.936635564735382931e-15
4.100000000000000000e+03,8.933105155697417535e-15
4.101587301587301226e+03,8.929572612399041966e-15
4.103174603174603362e+03,8.926037945332316099e-15
4.104761904761904589e+03,8.922501164966724190e-15
4.106349206349206725e+03,8.918962281749174872e-15
4.107936507936507951e+03,8.915421306104027980e-15
4.109523809523809177e+03,8.911878248433157655e-15
4.111111111111111313e+03,8.908333119115949193e-15
4.112698412698412540e+03,8.904785928509349530e-15
4.114285714285713766e+03,8.901236686947883019e-15
4.115873015873015902e+03,8.897685404743697187e-15
4.117460317460317128e+03,8.894132092186572196e-15
4.119047619047619264e+03,8.890576759543979222e-15
4.120634920634920491e+03,8.887019417061089923e-15
4.122222222222222626e+03,8.883460074960809567e-15
4.123809523809523853e+03,8.879898743443819633e-15
4.125396825396825079e+03,8.876335432688580968e-15
4.126984126984127215e+03,8.872770152851400045e-15
4.128571428571428442e+03,8.869202914066433706e-15
4.130158730158729668e+03,8.865633726445731750e-15
4.131746031746031804e+03,8.862062600079247986e-15
4.133333333333333030e+03,8.858489545034915956e-15
4.134920634920635166e+03,8.854914571358628432e-15
4.136507936507936392e+03,8.851337689074292630e-15
4.138095238095238528e+03,8.847758908183847568e-15
4.139682539682539755e+03,8.844178238667327175e-15
4.141269841269840981e+03,8.840595690482849246e-15
4.142857142857143117e+03,8.837011273566673818e-15
4.144444444444444343e+03,8.833424997833222104e-15
4.146031746031745570e+03,8.829836873175109620e-15
4.147619047619047706e+03,8.826246909463182481e-15
4.149206349206348932e+03,8.822655116546530016e-15
4.150793650793651068e+03,8.819061504252539991e-15
4.152380952380952294e+03,8.815466082386912807e-15
4.153968253968254430e+03,8.811868860733700946e-15
4.155555555555555657e+03,8.808269849055326321e-15
4.157142857142856883e+03,8.804669057092633925e-15
4.158730158730159019e+03,8.801066494564901292e-15
4.160317460317460245e+03,8.797462171169873208e-15
4.161904761904761472e+03,8.793856096583807467e-15
4.163492063492063608e+03,8.790248280461471715e-15
4.165079365079364834e+03,8.786638732436223910e-15
4.166666666666666970e+03,8.783027462119996550e-15
4.168253968253968196e+03,8.779414479103366092e-15
4.169841269841269423e+03,8.775799792955541902e-15
4.171428571428571558e+03,8.772183413224441995e-15
4.173015873015872785e+03,8.768565349436686717e-15
4.174603174603174921e+03,8.764945611097646078e-15
4.176190476190476147e+03,8.761324207691476042e-15
4.177777777777777374e+03,8.757701148681131148e-15
4.179365079365079509e+03,8.754076443508422883e-15
4.180952380952380736e+03,8.750450101594016530e-15
4.182539682539682872e+03,8.746822132337502163e-15
4.184126984126984098e+03,8.743192545117382028e-15
4.185714285714285325e+03,8.739561349291121026e-15
4.187301587301587460e+03,8.735928554195194050e-15
4.188888888888888687e+03,8.732294169145104911e-15
4.190476190476190823e+03,8.728658203435384768e-15
4.192063492063492049e+03,8.725020666339702561e-15
4.193650793650793275e+03,8.721381567110797174e-15
4.195238095238095411e+03,8.717740914980579987e-15
4.196825396825396638e+03,8.714098719160130137e-15
4.198412698412697864e+03,8.710454988839768680e-15
4.200000000000000000e+03,8.706809733189017562e-15
4.201587301587301226e+03,8.703162961356695864e-15
4.203174603174603362e+03,8.699514682470932425e-15
4.204761904761904589e+03,8.695864905639180037e-15
4.206349206349206725e+03,8.692213639948250159e-15
4.207936507936507951e+03,8.688560894464368137e-15
4.209523809523809177e+03,8.684906678233171622e-15
4.211111111111111313e+03,8.681251000279767374e-15
4.212698412698412540e+03,8.677593869608761235e-15
4.214285714285713766e+03,8.673935295204251817e-15
4.215873015873015902e+03,8.670275286029910971e-15
4.217460317460317128e+03,8.666613851028988514e-15
4.219047619047619264e+03,8.662950999124348522e-15
4.220634920634920491e+03,8.659286739218488257e-15
4.222222222222222626e+03,8.655621080193598127e-15
4.223809523809523853e+03,8.651954030911571146e-15
4.225396825396825079e+03,8.648285600214017138e-15
4.226984126984127215e+03,8.644615796922346355e-15
4.228571428571428442e+03,8.640944629837741077e-15
4.230158730158729668e+03,8.637272107741228187e-15
4.231746031746031804e+03,8.633598239393685485e-15
4.233333333333333030e+03,8.629923033535890592e-15
4.234920634920635166e+03,8.626246498888541467e-15
4.236507936507936392e+03,8.622568644152297422e-15
4.238095238095238528e+03,8.618889478007787014e-15
4.239682539682539755e+03,8.615209009115664840e-15
4.241269841269840981e+03,8.611527246116622586e-15
4.242857142857143117e+03,8.607844197631441085e-15
4.244444444444444343e+03,8.604159872260999791e-15
4.246031746031745570e+03,8.600474278586330415e-15
4.247619047619047706e+03,8.596787425168623240e-15
4.249206349206348932e+03,8.593099320549269716e-15
4.250793650793651068e+03,8.589409973249884552e-15
4.252380952380952294e+03,8.585719391772368823e-15
4.253968253968254430e+03,8.582027584598900502e-15
4.255555555555555657e+03,8.578334560191984950e-15
4.257142857142856883e+03,8.574640326994486470e-15
4.258730158730159019e+03,8.570944893429636192e-15
4.260317460317460245e+03,8.567248267901104654e-15
4.261904761904761472e+03,8.563550458793020730e-15
4.263492063492063608e+03,8.559851474469952699e-15
4.265079365079364834e+03,8.556151323276999754e-15
4.266666666666666970e+03,8.552450013539815665e-15
4.268253968253968196e+03,8.548747553564600894e-15
4.269841269841269423e+03,8.545043951638167278e-15
4.271428571428571558e+03,8.541339216027950654e-15
4.273015873015872785e+03,8.537633354982081852e-15
4.274603174603174921e+03,8.533926376729337793e-15
4.276190476190476147e+03,8.530218289479255076e-15
4.277777777777777374e+03,8.526509101422117365e-15
4.279365079365079509e+03,8.522798820728990091e-15
4.280952380952380736e+03,8.519087455551759900e-15
4.282539682539682872e+03,8.515375014023156741e-15
4.284126984126984098e+03,8.511661504256788573e-15
4.285714285714285325e+03,8.507946934347188699e-15
4.287301587301587460e+03,8.504231312369801566e-15
4.288888888888888687e+03,8.500514646381072695e-15
4.290476190476190823e+03,8.496796944418415547e-15
4.292063492063492049e+03,8.493078214500317234e-15
4.293650793650793275e+03,8.489358464626289609e-15
4.295238095238095411e+03,8.485637702776946570e-15
4.296825396825396638e+03,8.481915936914046664e-15
4.298412698412697864e+03,8.478193174980478884e-15
4.300000000000000000e+03,8.474469424900333669e-15
4.301587301587301226e+03,8.470744694578902900e-15
4.303174603174603362e+03,8.467018991902724081e-15
4.304761904761904589e+03,8.463292324739629246e-15
4.306349206349206725e+03,8.459564700938740227e-15
4.307936507936507951e+03,8.455836128330523869e-15
4.309523809523809177e+03,8.452106614726825172e-15
4.311111111111111313e+03,8.448376167920867283e-15
4.312698412698412540e+03,8.444644795687317761e-15
4.314285714285713766e+03,8.440912505782290160e-15
4.315873015873015902e+03,8.437179305943407132e-15
4.317460317460317128e+03,8.433445203889800430e-15
4.319047619047619264e+03,8.429710207322151928e-15
4.320634920634920491e+03,8.425974323922726754e-15
4.322222222222222626e+03,8.422237561355409576e-15
4.323809523809523853e+03,8.418499927265718803e-15
4.325396825396825079e+03,8.414761429280853916e-15
4.326984126984127215e+03,8.411022075009697046e-15
4.328571428571428442e+03,8.407281872042888703e-15
4.330158730158729668e+03,8.403540827952826202e-15
4.331746031746031804e+03,8.399798950293692057e-15
4.333333333333333030e+03,8.396056246601502897e-15
4.334920634920635166e+03,8.392312724394118923e-15
4.336507936507936392e+03,8.388568391171308606e-15
4.338095238095238528e+03,8.384823254414729743e-15
4.339682539682539755e+03,8.381077321587994152e-15
4.341269841269840981e+03,8.377330600136700800e-15
4.342857142857143117e+03,8.373583097488438960e-15
4.344444444444444343e+03,8.369834821052843432e-15
4.346031746031745570e+03,8.366085778221608738e-15
4.347619047619047706e+03,8.362335976368533305e-15
4.349206349206348932e+03,8.358585422849544702e-15
4.350793650793651068e+03,8.354834125002707535e-15
4.352380952380952294e+03,8.351082090148305482e-15
4.353968253968254430e+03,8.347329325588795543e-15
4.355555555555555657e+03,8.343575838608931105e-15
4.357142857142856883e+03,8.339821636475709868e-15
4.358730158730159019e+03,8.336066726438441697e-15
4.360317460317460245e+03,8.332311115728786482e-15
4.361904761904761472e+03,8.328554811560755716e-15
4.363492063492063608e+03,8.324797821130766140e-15
4.365079365079364834e+03,8.321040151617652361e-15
4.366666666666666970e+03,8.317281810182728388e-15
4.368253968253968196e+03,8.313522803969775004e-15
4.369841269841269423e+03,8.309763140105091838e-15
4.371428571428571558e+03,8.306002825697536803e-15
4.373015873015872785e+03,8.302241867838524517e-15
4.374603174603174921e+03,8.298480273602092575e-15
4.376190476190476147e+03,8.294718050044914162e-15
4.377777777777777374e+03,8.290955204206313834e-15
4.379365079365079509e+03,8.287191743108336941e-15
4.380952380952380736e+03,8.283427673755730688e-15
4.382539682539682872e+03,8.279663003136011980e-15
4.384126984126984098e+03,8.275897738219469002e-15
4.385714285714285325e+03,8.272131885959225902e-15
4.387301587301587460e+03,8.268365453291227016e-15
4.388888888888888687e+03,8.264598447134309440e-15
4.390476190476190823e+03,8.260830874390199881e-15
4.392063492063492049e+03,8.257062741943579337e-15
4.393650793650793275e+03,8.253294056662061010e-15
4.395238095238095411e+03,8.249524825396283397e-15
4.396825396825396638e+03,8.245755054979875574e-15
4.398412698412697864e+03,8.241984752229540816e-15
4.400000000000000000e+03,8.238213923945053445e-15
4.401587301587301226e+03,8.234442576909299849e-15
4.403174603174603362e+03,8.230670717888317923e-15
4.404761904761904589e+03,8.226898353631293917e-15
4.406349206349206725e+03,8.223125490870625542e-15
4.407936507936507951e+03,8.219352136321933016e-15
4.409523809523809177e+03,8.215578296684107973e-15
4.411111111111111313e+03,8.211803978639311884e-15
4.412698412698412540e+03,8.208029188853024967e-15
4.414285714285713766e+03,8.204253933974088787e-15
4.415873015873015902e+03,8.200478220634699943e-15
4.417460317460317128e+03,8.196702055450474757e-15
4.419047619047619264e+03,8.192925445020439804e-15
4.420634920634920491e+03,8.189148395927117112e-15
4.422222222222222626e+03,8.185370914736487874e-15
4.423809523809523853e+03,8.181593007998085533e-15
4.425396825396825079e+03,8.177814682244968960e-15
4.426984126984127215e+03,8.174035943993782410e-15
4.428571428571428442e+03,8.170256799744777607e-15
4.430158730158729668e+03,8.166477255981861077e-15
4.431746031746031804e+03,8.162697319172576794e-15
4.433333333333333030e+03,8.158916995768178753e-15
4.434920634920635166e+03,8.155136292203646750e-15
4.436507936507936392e+03,8.151355214897721090e-15
4.438095238095238528e+03,8.147573770252897853e-15
4.439682539682539755e+03,8.143791964655510938e-15
4.441269841269840981e+03,8.140009804475725751e-15
4.442857142857143117e+03,8.136227296067570759e-15
4.444444444444444343e+03,8.132444445768978511e-15
4.446031746031745570e+03,8.128661259901807727e-15
4.447619047619047706e+03,8.124877744771852761e-15
4.449206349206348932e+03,8.121093906668936691e-15
4.450793650793651068e+03,8.117309751866849788e-15
4.452380952380952294e+03,8.113525286623448906e-15
4.453968253968253521e+03,8.109740517180660645e-15
4.455555555555555657e+03,8.105955449764487659e-15
4.457142857142856883e+03,8.102170090585095427e-15
4.458730158730159019e+03,8.098384445836766507e-15
4.460317460317460245e+03,8.094598521698014125e-15
4.461904761904761472e+03,8.090812324331515913e-15
4.463492063492063608e+03,8.087025859884216462e-15
4.465079365079364834e+03,8.083239134487346253e-15
4.466666666666666970e+03,8.079452154256399571e-15
4.468253968253968196e+03,8.075664925291216545e-15
4.469841269841269423e+03,8.071877453675994189e-15
4.471428571428571558e+03,8.068089745479300610e-15
4.473015873015872785e+03,8.064301806754144419e-15
4.474603174603174921e+03,8.060513643537941603e-15
4.476190476190476147e+03,8.056725261852600721e-15
4.477777777777777374e+03,8.052936667704507128e-15
4.479365079365079509e+03,8.049147867084587661e-15
4.480952380952380736e+03,8.045358865968327993e-15
4.482539682539682872e+03,8.041569670315769477e-15
4.484126984126984098e+03,8.037780286071592769e-15
4.485714285714285325e+03,8.033990719165102045e-15
4.487301587301587460e+03,8.030200975510262873e-15
4.488888888888888687e+03,8.026411061005743229e-15
4.490476190476190823e+03,8.022620981534941896e-15
4.492063492063492049e+03,8.018830742965988466e-15
4.493650793650793275e+03,8.015040351151806450e-15
4.495238095238095411e+03,8.011249811930116430e-15
4.496825396825396638e+03,8.007459131123481814e-15
4.498412698412697864e+03,8.003668314539330925e-15
4.500000000000000000e+03,7.999877367969963313e-15
4.501587301587301226e+03,7.996086297192609707e-15
4.503174603174603362e+03,7.992295107969454100e-15
4.504761904761904589e+03,7.988503806047652687e-15
4.506349206349206725e+03,7.984712397159340175e-15
4.507936507936507951e+03,7.980920887021702354e-15
4.509523809523809177e+03,7.977129281336991880e-15
4.511111111111111313e+03,7.973337585792510913e-15
4.512698412698412540e+03,7.969545806060712100e-15
4.514285714285713766e+03,7.965753947799160703e-15
4.515873015873015902e+03,7.961962016650592974e-15
4.517460317460317128e+03,7.958170018242965072e-15
4.519047619047619264e+03,7.954377958189426234e-15
4.520634920634920491e+03,7.950585842088396086e-15
4.522222222222222626e+03,7.946793675523544134e-15
4.523809523809523853e+03,7.943001464063892314e-15
4.525396825396825079e+03,7.939209213263748728e-15
4.526984126984127215e+03,7.935416928662802308e-15
4.528571428571428442e+03,7.931624615786137017e-15
4.530158730158729668e+03,7.927832280144238155e-15
4.531746031746031804e+03,7.924039927233030229e-15
4.533333333333333030e+03,7.920247562533917973e-15
4.534920634920635166e+03,7.916455191513800545e-15
4.536507936507936392e+03,7.912662819625106240e-15
4.538095238095238528e+03,7.908870452305790910e-15
4.539682539682539755e+03,7.905078094979423161e-15
4.541269841269840981e+03,7.901285753055141757e-15
4.542857142857143117e+03,7.897493431927743970e-15
4.544444444444444343e+03,7.893701136977682426e-15
4.546031746031745570e+03,7.889908873571082458e-15
4.547619047619047706e+03,7.886116647059795749e-15
4.549206349206348932e+03,7.882324462781417691e-15
4.550793650793651068e+03,7.878532326059292113e-15
4.552380952380952294e+03,7.874740242202577546e-15
4.553968253968254430e+03,7.870948216506240915e-15
4.555555555555555657e+03,7.867156254251112757e-15
4.557142857142856883e+03,7.863364360703871444e-15
4.558730158730159019e+03,7.859572541117133115e-15
4.560317460317460245e+03,7.855780800729409073e-15
4.561904761904761472e+03,7.851989144765179945e-15
4.563492063492063608e+03,7.848197578434916186e-15
4.565079365079364834e+03,7.844406106935082813e-15
4.566666666666666060e+03,7.840614735448193052e-15
4.568253968253968196e+03,7.836823469142811489e-15
4.569841269841270332e+03,7.833032313173587204e-15
4.571428571428571558e+03,7.829241272681316879e-15
4.573015873015872785e+03,7.825450352792888000e-15
4.574603174603174921e+03,7.821659558621394034e-15
4.576190476190476147e+03,7.817868895266106024e-15
4.577777777777777374e+03,7.814078367812537280e-15
4.579365079365079509e+03,7.810287981332407091e-15
4.580952380952380736e+03,7.806497740883754319e-15
4.582539682539681962e+03,7.802707651510893225e-15
4.584126984126984098e+03,7.798917718244454487e-15
4.585714285714285325e+03,7.795127946101454623e-15
4.587301587301587460e+03,7.791338340085253392e-15
4.588888888888888687e+03,7.787548905185653187e-15
4.590476190476190823e+03,7.783759646378845397e-15
4.592063492063492049e+03,7.779970568627509799e-15
4.593650793650793275e+03,7.776181676880795631e-15
4.595238095238095411e+03,7.772392976074367340e-15
4.596825396825396638e+03,7.768604471130426674e-15
4.598412698412697864e+03,7.764816166957725302e-15
4.600000000000000000e+03,7.761028068451613725e-15
4.601587301587301226e+03,7.757240180494055473e-15
4.603174603174603362e+03,7.753452507953649195e-15
4.604761904761904589e+03,7.749665055685666526e-15
4.606349206349206725e+03,7.745877828532055236e-15
4.607936507936507951e+03,7.742090831321497614e-15
4.609523809523809177e+03,7.738304068869399418e-15
4.611111111111111313e+03,7.734517545977952986e-15
4.612698412698412540e+03,7.730731267436135659e-15
4.614285714285713766e+03,7.726945238019750800e-15
4.615873015873015902e+03,7.723159462491441994e-15
4.617460317460317128e+03,7.719373945600715137e-15
4.619047619047619264e+03,7.715588692084006279e-15
4.620634920634920491e+03,7.711803706664626401e-15
4.622222222222222626e+03,7.708018994052870277e-15
4.623809523809523853e+03,7.704234558946003858e-15
4.625396825396825079e+03,7.700450406028262687e-15
4.626984126984127215e+03,7.696666539970940259e-15
4.628571428571428442e+03,7.692882965432356459e-15
4.630158730158729668e+03,7.689099687057931721e-15
4.631746031746031804e+03,7.685316709480157046e-15
4.633333333333333030e+03,7.681534037318672893e-15
4.634920634920635166e+03,7.677751675180261288e-15
4.636507936507936392e+03,7.673969627658867913e-15
4.638095238095238528e+03,7.670187899335666789e-15
4.639682539682539755e+03,7.666406494779036616e-15
4.641269841269840981e+03,7.662625418544620723e-15
4.642857142857143117e+03,7.658844675175333379e-15
4.644444444444444343e+03,7.655064269201381882e-15
4.646031746031745570e+03,7.651284205140328088e-15
4.647619047619047706e+03,7.647504487497044239e-15
4.649206349206348932e+03,7.643725120763828133e-15
4.650793650793651068e+03,7.639946109420335282e-15
4.652380952380952294e+03,7.636167457933684622e-15
4.653968253968254430e+03,7.632389170758417491e-15
4.655555555555555657e+03,7.628611252336565470e-15
4.657142857142856883e+03,7.624833707097666160e-15
4.658730158730159019e+03,7.621056539458758452e-15
4.660317460317460245e+03,7.617279753824475609e-15
4.661904761904761472e+03,7.613503354586985314e-15
4.663492063492063608e+03,7.609727346126073290e-15
4.665079365079364834e+03,7.605951732809160654e-15
4.666666666666666060e+03,7.602176518991297604e-15
4.668253968253968196e+03,7.598401709015209180e-15
4.669841269841270332e+03,7.594627307211336274e-15
4.671428571428571558e+03,7.590853317897829331e-15
4.673015873015872785e+03,7.587079745380592515e-15
4.674603174603174921e+03,7.583306593953297916e-15
4.676190476190476147e+03,7.579533867897421830e-15
4.677777777777777374e+03,7.575761571482249502e-15
4.679365079365079509e+03,7.571989708964916137e-15
4.680952380952380736e+03,7.568218284590435306e-15
4.682539682539681962e+03,7.564447302591708409e-15
4.684126984126984098e+03,7.560676767189545184e-15
4.685714285714285325e+03,7.556906682592714200e-15
4.687301587301587460e+03,7.553137052997934960e-15
4.688888888888888687e+03,7.549367882589926819e-15
4.690476190476190823e+03,7.545599175541431066e-15
4.692063492063492049e+03,7.541830936013204616e-15
4.693650793650793275e+03,7.538063168154095738e-15
4.695238095238095411e+03,7.534295876101007771e-15
4.696825396825396638e+03,7.530529063978992207e-15
4.698412698412697864e+03,7.526762735901206094e-15
4.700000000000000000e+03,7.522996895968973565e-15
4.701587301587301226e+03,7.519231548271804773e-15
4.703174603174603362e+03,7.515466696887408513e-15
4.704761904761904589e+03,7.511702345881739550e-15
4.706349206349206725e+03,7.507938499308981268e-15
4.707936507936507951e+03,7.504175161211634021e-15
4.709523809523809177e+03,7.500412335620456758e-15
4.711111111111111313e+03,7.496650026554553795e-15
4.712698412698412540e+03,7.492888238021387441e-15
4.714285714285713766e+03,7.489126974016768527e-15
4.715873015873015902e+03,7.485366238524922675e-15
4.717460317460317128e+03,7.481606035518501338e-15
4.719047619047619264e+03,7.477846368958561293e-15
4.720634920634920491e+03,7.474087242794679813e-15
4.722222222222222626e+03,7.470328660964869469e-15
4.723809523809523853e+03,7.466570627395713815e-15
4.725396825396825079e+03,7.462813146002275881e-15
4.726984126984127215e+03,7.459056220688221236e-15
4.728571428571428442e+03,7.455299855345780120e-15
4.730158730158729668e+03,7.451544053855785309e-15
4.731746031746031804e+03,7.447788820087709985e-15
4.733333333333333030e+03,7.444034157899675620e-15
4.734920634920635166e+03,7.440280071138488265e-15
4.736507936507936392e+03,7.436526563639636973e-15
4.738095238095238528e+03,7.432773639227358486e-15
4.739682539682539755e+03,7.429021301714610410e-15
4.741269841269840981e+03,7.425269554903118551e-15
4.742857142857143117e+03,7.421518402583424247e-15
4.744444444444444343e+03,7.417767848534865430e-15
4.746031746031745570e+03,7.414017896525622386e-15
4.747619047619047706e+03,7.410268550312733528e-15
4.749206349206348932e+03,7.406519813642130107e-15
4.750793650793650158e+03,7.402771690248629905e-15
4.752380952380952294e+03,7.399024183855994025e-15
4.753968253968254430e+03,7.395277298176942675e-15
4.755555555555555657e+03,7.391531036913152012e-15
4.757142857142856883e+03,7.387785403755314090e-15
4.758730158730159019e+03,7.384040402383130555e-15
4.760317460317460245e+03,7.380296036465333155e-15
4.761904761904761472e+03,7.376552309659743687e-15
4.763492063492063608e+03,7.372809225613256652e-15
4.765079365079364834e+03,7.369066787961885000e-15
4.766666666666666060e+03,7.365325000330766446e-15
4.768253968253968196e+03,7.361583866334196600e-15
4.769841269841270332e+03,7.357843389575649479e-15
4.771428571428571558e+03,7.354103573647802749e-15
4.773015873015872785e+03,7.350364422132559814e-15
4.774603174603174921e+03,7.346625938601037194e-15
4.776190476190476147e+03,7.342888126613679698e-15
4.777777777777777374e+03,7.339150989720153142e-15
4.779365079365079509e+03,7.335414531459487915e-15
4.780952380952380736e+03,7.331678755360009569e-15
4.782539682539681962e+03,7.327943664939408227e-15
4.784126984126984098e+03,7.324209263704695997e-15
4.785714285714285325e+03,7.320475555152142274e-15
4.787301587301587460e+03,7.316742542767016581e-15
4.788888888888888687e+03,7.313010230022692414e-15
4.790476190476190823e+03,7.309278620378062942e-15
4.792063492063492049e+03,7.305547717270086266e-15
4.793650793650793275e+03,7.301817524093189840e-15
4.795238095238095411e+03,7.298088044143701532e-15
4.796825396825396638e+03,7.294359280474498846e-15
4.798412698412697864e+03,7.290631235525408655e-15
4.800000000000000000e+03,7.286903910210133835e-15
4.801587301587301226e+03,7.283177301725170014e-15
4.803174603174603362e+03,7.279451398444288327e-15
4.804761904761904589e+03,7.275726168369458722e-15
4.806349206349206725e+03,7.272001533780015915e-15
4.807936507936507951e+03,7.268277317255636070e-15
4.809523809523809177e+03,7.264553130251843360e-15
4.811111111111111313e+03,7.260828150220718183e-15
4.812698412698412540e+03,7.257100688897912606e-15
4.814285714285713766e+03,7.253367383156160146e-15
4.815873015873015902e+03,7.249621728870150159e-15
4.817460317460317128e+03,7.245851515472490326e-15
4.819047619047619264e+03,7.242034496699173101e-15
4.820634920634920491e+03,7.238131356605826253e-15
4.822222222222222626e+03,7.234074729589870785e-15
4.823809523809523853e+03,7.229752779505377783e-15
4.825396825396825079e+03,7.224985761093941678e-15
4.826984126984127215e+03,7.219494262123693347e-15
4.828571428571428442e+03,7.212858688755549501e-15
4.830158730158729668e+03,7.204471243953079689e-15
4.831746031746031804e+03,7.193484312499989651e-15
4.833333333333333030e+03,7.178762759936814822e-15
4.834920634920635166e+03,7.158851797859294619e-15
4.836507936507936392e+03,7.131975952411517335e-15
4.838095238095238528e+03,7.096087043739337402e-15
4.839682539682539755e+03,7.048978400368345093e-15
4.841269841269840981e+03,6.988477313058723757e-15
4.842857142857143117e+03,6.912717080018205110e-15
4.844444444444444343e+03,6.820474182994228267e-15
4.846031746031745570e+03,6.711537067630400610e-15
4.847619047619047706e+03,6.587054320737850426e-15
4.849206349206348932e+03,6.449796662112180413e-15
4.850793650793650158e+03,6.304264242540464656e-15
4.852380952380952294e+03,6.156582129278595336e-15
4.853968253968254430e+03,6.014153606061568008e-15
4.855555555555555657e+03,5.885080165660173770e-15
4.857142857142856883e+03,5.777402005977871188e-15
4.858730158730159019e+03,5.698253824086581855e-15
4.860317460317460245e+03,5.653057563648582705e-15
4.861904761904761472e+03,5.644878598651824671e-15
4.863492063492063608e+03,5.674051467123948531e-15
4.865079365079364834e+03,5.738138604076869494e-15
4.866666666666666060e+03,5.832229141659898898e-15
4.868253968253968196e+03,5.949526919565351866e-15
4.869841269841270332e+03,6.082129962035348793e-15
4.871428571428571558e+03,6.221877506884193973e-15
4.873015873015872785e+03,6.361139572690761889e-15
4.874603174603174921e+03,6.493446242056698944e-15
4.876190476190476147e+03,6.613892345935559300e-15
4.877777777777777374e+03,6.719298164507896420e-15
4.879365079365079509e+03,6.808148115661120210e-15
4.880952380952380736e+03,6.880359538823423947e-15
4.882539682539681962e+03,6.936948765793041344e-15
4.884126984126984098e+03,6.979661882589610217e-15
4.885714285714285325e+03,7.010626252856363549e-15
4.887301587301587460e+03,7.032060979218160691e-15
4.888888888888888687e+03,7.046065114611591535e-15
4.890476190476190823e+03,7.054485609255612683e-15
4.892063492063492049e+03,7.058855018107678681e-15
4.893650793650793275e+03,7.060382528213637197e-15
4.895238095238095411e+03,7.059980224154307140e-15
4.896825396825396638e+03,7.058308298432912446e-15
4.898412698412697864e+03,7.055826566128782589e-15
4.900000000000000000e+03,7.052843817200064968e-15
4.901587301587301226e+03,7.049560314140282085e-15
4.903174603174603362e+03,7.046101642280961678e-15
4.904761904761904589e+03,7.042544031131450094e-15
4.906349206349206725e+03,7.038932305310037082e-15
4.907936507936507951e+03,7.035292016841817070e-15
4.909523809523809177e+03,7.031637294753019191e-15
4.911111111111111313e+03,7.027975721526828692e-15
4.912698412698412540e+03,7.024311248513553063e-15
4.914285714285713766e+03,7.020645876279632727e-15
4.915873015873015902e+03,7.016980589612770049e-15
4.917460317460317128e+03,7.013315860372224112e-15
4.919047619047619264e+03,7.009651909116297772e-15
4.920634920634920491e+03,7.005988836894766082e-15
4.922222222222222626e+03,7.002326689569792473e-15
4.923809523809523853e+03,6.998665488246911858e-15
4.925396825396825079e+03,6.995005243238789253e-15
4.926984126984127215e+03,6.991345960282323296e-15
4.928571428571428442e+03,6.987687643225662680e-15
4.930158730158729668e+03,6.984030295155766065e-15
4.931746031746031804e+03,6.980373918857974302e-15
4.933333333333333030e+03,6.976718516998135534e-15
4.934920634920635166e+03,6.973064092192537719e-15
4.936507936507936392e+03,6.969410647034238440e-15
4.938095238095238528e+03,6.965758184102530444e-15
4.939682539682539755e+03,6.962106705966386600e-15
4.941269841269840981e+03,6.958456215185602170e-15
4.942857142857143117e+03,6.954806714311216061e-15
4.944444444444444343e+03,6.951158205885647293e-15
4.946031746031745570e+03,6.947510692442775472e-15
4.947619047619047706e+03,6.943864176507924214e-15
4.949206349206348932e+03,6.940218660597957394e-15
4.950793650793650158e+03,6.936574147221220764e-15
4.952380952380952294e+03,6.932930638877608222e-15
4.953968253968254430e+03,6.929288138058564967e-15
4.955555555555555657e+03,6.925646647247130882e-15
4.957142857142856883e+03,6.922006168917913718e-15
4.958730158730159019e+03,6.918366705537127744e-15
4.960317460317460245e+03,6.914728259562652128e-15
4.961904761904761472e+03,6.911090833443965455e-15
4.963492063492063608e+03,6.907454429622262483e-15
4.965079365079364834e+03,6.903819050530376833e-15
4.966666666666666060e+03,6.900184698592878019e-15
4.968253968253968196e+03,6.896551376226035161e-15
4.969841269841269423e+03,6.892919085837876149e-15
4.971428571428571558e+03,6.889287829828175810e-15
4.973015873015872785e+03,6.885657610588474840e-15
4.974603174603174921e+03,6.882028430502128718e-15
4.976190476190476147e+03,6.878400291944294286e-15
4.977777777777777374e+03,6.874773197281969202e-15
4.979365079365079509e+03,6.871147148873971423e-15
4.980952380952380736e+03,6.867522149071024405e-15
4.982539682539681962e+03,6.863898200215713716e-15
4.984126984126984098e+03,6.860275304642522532e-15
4.985714285714285325e+03,6.856653464677876604e-15
4.987301587301587460e+03,6.853032682640121381e-15
4.988888888888888687e+03,6.849412960839569341e-15
4.990476190476190823e+03,6.845794301578508671e-15
4.992063492063492049e+03,6.842176707151200895e-15
4.993650793650793275e+03,6.838560179843951877e-15
4.995238095238095411e+03,6.834944721935058175e-15
4.996825396825396638e+03,6.831330335694899341e-15
4.998412698412697864e+03,6.827717023385887428e-15
5.000000000000000000e+03,6.824104787262531686e-15
5.001587301587301226e+03,6.820493629571441706e-15
5.003174603174603362e+03,6.816883552551321907e-15
5.004761904761904589e+03,6.813274558433055942e-15
5.006349206349206725e+03,6.809666649439626232e-15
5.007936507936507951e+03,6.806059827786234660e-15
5.009523809523809177e+03,6.802454095680221327e-15
5.011111111111111313e+03,6.798849455321174981e-15
5.012698412698412540e+03,6.795245908900883330e-15
5.014285714285713766e+03,6.791643458603369318e-15
5.015873015873015902e+03,6.788042106604922691e-15
5.017460317460317128e+03,6.784441855074109456e-15
5.019047619047619264e+03,6.780842706171780558e-15
5.020634920634920491e+03,6.777244662051093185e-15
5.022222222222222626e+03,6.773647724857547840e-15
5.023809523809523853e+03,6.770051896728961519e-15
5.025396825396825079e+03,6.766457179795538714e-15
5.026984126984127215e+03,6.762863576179839850e-15
5.028571428571428442e+03,6.759271087996837303e-15
5.030158730158729668e+03,6.755679717353908294e-15
5.031746031746031804e+03,6.752089466350851459e-15
5.033333333333333030e+03,6.748500337079919188e-15
5.034920634920635166e+03,6.744912331625839719e-15
5.036507936507936392e+03,6.741325452065791888e-15
5.038095238095238528e+03,6.737739700469484021e-15
5.039682539682539755e+03,6.734155078899111330e-15
5.041269841269840981e+03,6.730571589409425337e-15
5.042857142857143117e+03,6.726989234047705474e-15
5.044444444444444343e+03,6.723408014853792214e-15
5.046031746031745570e+03,6.719827933860143870e-15
5.047619047619047706e+03,6.716248993091762440e-15
5.049206349206348932e+03,6.712671194566319040e-15
5.050793650793650158e+03,6.709094540294078170e-15
5.052380952380952294e+03,6.705519032277976601e-15
5.053968253968254430e+03,6.701944672513593398e-15
5.055555555555555657e+03,6.698371462989220918e-15
5.057142857142856883e+03,6.694799405685820634e-15
5.058730158730159019e+03,6.691228502577084666e-15
5.060317460317460245e+03,6.687658755629431047e-15
5.061904761904761472e+03,6.684090166802036856e-15
5.063492063492063608e+03,6.680522738046817707e-15
5.065079365079364834e+03,6.676956471308512946e-15
5.066666666666666060e+03,6.673391368524608344e-15
5.068253968253968196e+03,6.669827431625450481e-15
5.069841269841269423e+03,6.666264662534190735e-15
5.071428571428571558e+03,6.662703063166821573e-15
5.073015873015872785e+03,6.659142635432230192e-15
5.074603174603174921e+03,6.655583381232141718e-15
5.076190476190476147e+03,6.652025302461216242e-15
5.077777777777777374e+03,6.648468401006992018e-15
5.079365079365079509e+03,6.644912678749958826e-15
5.080952380952380736e+03,6.641358137563542199e-15
5.082539682539681962e+03,6.637804779314138129e-15
5.084126984126984098e+03,6.634252605861089403e-15
5.085714285714285325e+03,6.630701619056767644e-15
5.087301587301587460e+03,6.627151820746527558e-15
5.088888888888888687e+03,6.623603212768762941e-15
5.090476190476190823e+03,6.620055796954907470e-15
5.092063492063492049e+03,6.616509575129437859e-15
5.093650793650793275e+03,6.612964549109921976e-15
5.095238095238095411e+03,6.609420720707000702e-15
5.096825396825396638e+03,6.605878091724428953e-15
5.098412698412697864e+03,6.602336663959080408e-15
5.100000000000000000e+03,6.598796439200960926e-15
5.101587301587301226e+03,6.595257419233226684e-15
5.103174603174603362e+03,6.591719605832213371e-15
5.104761904761904589e+03,6.588183000767424349e-15
5.106349206349206725e+03,6.584647605801574833e-15
5.107936507936507951e+03,6.581113422690582423e-15
5.109523809523809177e+03,6.577580453183612069e-15
5.111111111111111313e+03,6.574048699023051620e-15
5.112698412698412540e+03,6.570518161944579660e-15
5.114285714285713766e+03,6.566988843677125279e-15
5.115873015873015902e+03,6.563460745942910674e-15
5.117460317460317128e+03,6.559933870457503999e-15
5.119047619047619264e+03,6.556408218929734957e-15
5.120634920634920491e+03,6.552883793061839164e-15
5.122222222222222626e+03,6.549360594549343763e-15
5.123809523809523853e+03,6.545838625081204686e-15
5.125396825396825079e+03,6.542317886339714354e-15
5.126984126984127215e+03,6.538798380000596347e-15
5.128571428571428442e+03,6.535280107732973843e-15
5.130158730158729668e+03,6.531763071199409067e-15
5.131746031746031804e+03,6.528247272055904073e-15
5.133333333333333030e+03,6.524732711951937039e-15
5.134920634920635166e+03,6.521219392530442538e-15
5.136507936507936392e+03,6.517707315427869920e-15
5.138095238095238528e+03,6.514196482274148599e-15
5.139682539682539755e+03,6.510686894692753529e-15
5.141269841269840981e+03,6.507178554300683117e-15
5.142857142857143117e+03,6.503671462708497085e-15
5.144444444444444343e+03,6.500165621520318841e-15
5.146031746031745570e+03,6.496661032333851253e-15
5.147619047619047706e+03,6.493157696740405049e-15
5.149206349206348932e+03,6.489655616324874364e-15
5.150793650793650158e+03,6.486154792665829033e-15
5.152380952380952294e+03,6.482655227335430976e-15
5.153968253968254430e+03,6.479156921899533589e-15
5.155555555555555657e+03,6.475659877917644674e-15
5.157142857142856883e+03,6.472164096942971401e-15
5.158730158730159019e+03,6.468669580522400584e-15
5.160317460317460245e+03,6.465176330196560216e-15
5.161904761904761472e+03,6.461684347499793436e-15
5.163492063492063608e+03,6.458193633960190081e-15
5.165079365079364834e+03,6.454704191099612721e-15
5.166666666666666060e+03,6.451216020433672203e-15
5.168253968253968196e+03,6.447729123471804960e-15
5.169841269841269423e+03,6.444243501717218579e-15
5.171428571428571558e+03,6.440759156666949388e-15
5.173015873015872785e+03,6.437276089811887701e-15
5.174603174603174921e+03,6.433794302636735215e-15
5.176190476190476147e+03,6.430313796620080747e-15
5.177777777777777374e+03,6.426834573234384452e-15
5.179365079365079509e+03,6.423356633945990449e-15
5.180952380952380736e+03,6.419879980215157579e-15
5.182539682539681962e+03,6.416404613496049160e-15
5.184126984126984098e+03,6.412930535236785832e-15
5.185714285714285325e+03,6.409457746879414797e-15
5.187301587301587460e+03,6.405986249859956357e-15
5.188888888888888687e+03,6.402516045608406287e-15
5.190476190476190823e+03,6.399047135548741350e-15
5.192063492063492049e+03,6.395579521098968212e-15
5.193650793650793275e+03,6.392113203671079262e-15
5.195238095238095411e+03,6.388648184671133866e-15
5.196825396825396638e+03,6.385184465499206304e-15
5.198412698412697864e+03,6.381722047549469386e-15
5.200000000000000000e+03,6.378260932210134500e-15
5.201587301587301226e+03,6.374801120863521033e-15
5.203174603174603362e+03,6.371342614886057158e-15
5.204761904761904589e+03,6.367885415648282202e-15
5.206349206349206725e+03,6.364429524514857689e-15
5.207936507936507951e+03,6.360974942844610728e-15
5.209523809523809177e+03,6.357521671990519023e-15
5.211111111111111313e+03,6.354069713299715610e-15
5.212698412698412540e+03,6.350619068113551961e-15
5.214285714285713766e+03,6.347169737767560911e-15
5.215873015873015902e+03,6.343721723591491368e-15
5.217460317460317128e+03,6.340275026909333554e-15
5.219047619047619264e+03,6.336829649039299285e-15
5.220634920634920491e+03,6.333385591293875613e-15
5.222222222222222626e+03,6.329942854979812995e-15
5.223809523809523853e+03,6.326501441398137123e-15
5.225396825396825079e+03,6.323061351844184424e-15
5.226984126984127215e+03,6.319622587607583919e-15
5.228571428571428442e+03,6.316185149972316381e-15
5.230158730158729668e+03,6.312749040216670954e-15
5.231746031746031804e+03,6.309314259613306681e-15
5.233333333333333030e+03,6.305880809429243829e-15
5.234920634920634257e+03,6.302448690925867039e-15
5.236507936507936392e+03,6.299017905358978186e-15
5.238095238095238528e+03,6.295588453978760879e-15
5.239682539682539755e+03,6.292160338029844353e-15
5.241269841269840981e+03,6.288733558751252990e-15
5.242857142857143117e+03,6.285308117376480467e-15
5.244444444444444343e+03,6.281884015133485024e-15
5.246031746031745570e+03,6.278461253244676053e-15
5.247619047619047706e+03,6.275039832926963009e-15
5.249206349206348932e+03,6.271619755391745941e-15
5.250793650793650158e+03,6.268201021844950203e-15
5.252380952380952294e+03,6.264783633487009102e-15
5.253968253968254430e+03,6.261367591512893870e-15
5.255555555555555657e+03,6.257952897112147587e-15
5.257142857142856883e+03,6.254539551468855994e-15
5.258730158730159019e+03,6.251127555761686145e-15
5.260317460317460245e+03,6.247716911163917178e-15
5.261904761904761472e+03,6.244307618843394552e-15
5.263492063492063608e+03,6.240899679962605785e-15
5.265079365079364834e+03,6.237493095678665465e-15
5.266666666666666060e+03,6.234087867143327867e-15
5.268253968253968196e+03,6.230683995502991692e-15
5.269841269841269423e+03,6.227281481898756861e-15
5.271428571428571558e+03,6.223880327466353519e-15
5.273015873015872785e+03,6.220480533336260363e-15
5.274603174603174921e+03,6.217082100633615503e-15
5.276190476190476147e+03,6.213685030478313491e-15
5.277777777777777374e+03,6.210289323984963510e-15
5.279365079365079509e+03,6.206894982262916196e-15
5.280952380952380736e+03,6.203502006416295192e-15
5.282539682539681962e+03,6.200110397543976641e-15
5.284126984126984098e+03,6.196720156739643611e-15
5.285714285714285325e+03,6.193331285091749026e-15
5.287301587301587460e+03,6.189943783683572457e-15
5.288888888888888687e+03,6.186557653593209871e-15
5.290476190476190823e+03,6.183172895893594931e-15
5.292063492063492049e+03,6.179789511652500569e-15
5.293650793650793275e+03,6.176407501932560291e-15
5.295238095238095411e+03,6.173026867791280005e-15
5.296825396825396638e+03,6.169647610281061689e-15
5.298412698412697864e+03,6.166269730449174993e-15
5.300000000000000000e+03,6.162893229337839281e-15
5.301587301587301226e+03,6.159518107984147894e-15
5.303174603174603362e+03,6.156144367420174657e-15
5.304761904761904589e+03,6.152772008672907603e-15
5.306349206349206725e+03,6.149401032764294738e-15
5.307936507936507951e+03,6.146031440711285052e-15
5.309523809523809177e+03,6.142663233525769362e-15
5.311111111111111313e+03,6.139296412214663926e-15
5.312698412698412540e+03,6.135930977779877314e-15
5.314285714285713766e+03,6.132566931218349851e-15
5.315873015873015902e+03,6.129204273522040992e-15
5.317460317460317128e+03,6.125843005677964825e-15
5.319047619047619264e+03,6.122483128668181390e-15
5.320634920634920491e+03,6.119124643469834547e-15
5.322222222222222626e+03,6.115767551055134618e-15
5.323809523809523853e+03,6.112411852391390736e-15
5.325396825396825079e+03,6.109057548441017148e-15
5.326984126984127215e+03,6.105704640161543476e-15
5.328571428571428442e+03,6.102353128505625760e-15
5.330158730158729668e+03,6.099003014421066966e-15
5.331746031746031804e+03,6.095654298850815412e-15
5.333333333333333030e+03,6.092306982732993164e-15
5.334920634920634257e+03,6.088961067000892880e-15
5.336507936507936392e+03,6.085616552582992803e-15
5.338095238095238528e+03,6.082273440402981210e-15
5.339682539682539755e+03,6.078931731379743006e-15
5.341269841269840981e+03,6.075591426427410207e-15
5.342857142857143117e+03,6.072252526455327233e-15
5.344444444444444343e+03,6.068915032368105339e-15
5.346031746031745570e+03,6.065578945065595794e-15
5.347619047619047706e+03,6.062244265442936421e-15
5.349206349206348932e+03,6.058910994390545289e-15
5.350793650793650158e+03,6.055579132794124658e-15
5.352380952380952294e+03,6.052248681534697263e-15
5.353968253968254430e+03,6.048919641488592906e-15
5.355555555555555657e+03,6.045592013527477645e-15
5.357142857142856883e+03,6.042265798518352212e-15
5.358730158730159019e+03,6.038940997323569374e-15
5.360317460317460245e+03,6.035617610800859957e-15
5.361904761904761472e+03,6.032295639803315501e-15
5.363492063492063608e+03,6.028975085179411128e-15
5.365079365079364834e+03,6.025655947773041049e-15
5.366666666666666060e+03,6.022338228423487001e-15
5.368253968253968196e+03,6.019021927965464796e-15
5.369841269841269423e+03,6.015707047229116431e-15
5.371428571428571558e+03,6.012393587040036908e-15
5.373015873015872785e+03,6.009081548219267135e-15
5.374603174603174921e+03,6.005770931583319958e-15
5.376190476190476147e+03,6.002461737944188840e-15
5.377777777777777374e+03,5.999153968109348649e-15
5.379365079365079509e+03,5.995847622881779321e-15
5.380952380952380736e+03,5.992542703059969021e-15
5.382539682539681962e+03,5.989239209437948848e-15
5.384126984126984098e+03,5.985937142805245506e-15
5.385714285714285325e+03,5.982636503946969655e-15
5.387301587301587460e+03,5.979337293643767003e-15
5.388888888888888687e+03,5.976039512671854594e-15
5.390476190476190823e+03,5.972743161803035003e-15
5.392063492063492049e+03,5.969448241804695553e-15
5.393650793650793275e+03,5.966154753439823301e-15
5.395238095238095411e+03,5.962862697467017659e-15
5.396825396825396638e+03,5.959572074640507749e-15
5.398412698412697864e+03,5.956282885710147671e-15
5.400000000000000000e+03,5.952995131421439381e-15
5.401587301587301226e+03,5.949708812515545308e-15
5.403174603174603362e+03,5.946423929729282048e-15
5.404761904761904589e+03,5.943140483795167694e-15
5.406349206349206725e+03,5.939858475441383182e-15
5.407936507936507951e+03,5.936577905391825143e-15
5.409523809523809177e+03,5.933298774366098807e-15
5.411111111111111313e+03,5.930021083079515631e-15
5.412698412698412540e+03,5.926744832243144581e-15
5.414285714285713766e+03,5.923470022563775051e-15
5.415873015873015902e+03,5.920196654743961830e-15
5.417460317460317128e+03,5.916924729482017214e-15
5.419047619047619264e+03,5.913654247472036246e-15
5.420634920634920491e+03,5.910385209403896721e-15
5.422222222222222626e+03,5.907117615963258395e-15
5.423809523809523853e+03,5.903851467831619780e-15
5.425396825396825079e+03,5.900586765686256618e-15
5.426984126984127215e+03,5.897323510200312598e-15
5.428571428571428442e+03,5.894061702042738611e-15
5.430158730158729668e+03,5.890801341878351918e-15
5.431746031746031804e+03,5.887542430367829049e-15
5.433333333333333030e+03,5.884284968167703438e-15
5.434920634920634257e+03,5.881028955930407228e-15
5.436507936507936392e+03,5.877774394304248401e-15
5.438095238095238528e+03,5.874521283933442325e-15
5.439682539682539755e+03,5.871269625458136215e-15
5.441269841269840981e+03,5.868019419514350752e-15
5.442857142857143117e+03,5.864770666734098419e-15
5.444444444444444343e+03,5.861523367745290406e-15
5.446031746031745570e+03,5.858277523171806827e-15
5.447619047619047706e+03,5.855033133633499083e-15
5.449206349206348932e+03,5.851790199746184339e-15
5.450793650793650158e+03,5.848548722121664460e-15
5.452380952380952294e+03,5.845308701367729951e-15
5.453968253968253521e+03,5.842070138088200983e-15
5.455555555555555657e+03,5.838833032882877688e-15
5.457142857142856883e+03,5.835597386347617475e-15
5.458730158730159019e+03,5.832363199074287692e-15
5.460317460317460245e+03,5.829130471650820850e-15
5.461904761904761472e+03,5.825899204661196477e-15
5.463492063492063608e+03,5.822669398685450587e-15
5.465079365079364834e+03,5.819441054299723008e-15
5.466666666666666060e+03,5.816214172076211632e-15
5.468253968253968196e+03,5.812988752583216587e-15
5.469841269841269423e+03,5.809764796385153652e-15
5.471428571428571558e+03,5.806542304042554254e-15
5.473015873015872785e+03,5.803321276112062313e-15
5.474603174603174921e+03,5.800101713146467376e-15
5.476190476190476147e+03,5.796883615694714870e-15
5.477777777777777374e+03,5.793666984301879281e-15
5.479365079365079509e+03,5.790451819509227264e-15
5.480952380952380736e+03,5.787238121854190032e-15
5.482539682539681962e+03,5.784025891870379924e-15
5.484126984126984098e+03,5.780815130087619588e-15
5.485714285714285325e+03,5.777605837031912798e-15
5.487301587301587460e+03,5.774398013225511507e-15
5.488888888888888687e+03,5.771191659186857468e-15
5.490476190476190823e+03,5.767986775430649290e-15
5.492063492063492049e+03,5.764783362467829024e-15
5.493650793650793275e+03,5.761581420805577436e-15
5.495238095238095411e+03,5.758380950947357389e-15
5.496825396825396638e+03,5.755181953392890176e-15
5.498412698412697864e+03,5.751984428638190237e-15
5.500000000000000000e+03,5.748788377175561207e-15
5.501587301587301226e+03,5.745593799493613276e-15
5.503174603174603362e+03,5.742400696077253721e-15
5.504761904761904589e+03,5.739209067407726348e-15
5.506349206349206725e+03,5.736018913962605971e-15
5.507936507936507951e+03,5.732830236215799201e-15
5.509523809523809177e+03,5.729643034637568112e-15
5.511111111111111313e+03,5.726457309694527085e-15
5.512698412698412540e+03,5.723273061849671995e-15
5.514285714285713766e+03,5.720090291562376270e-15
5.515873015873015902e+03,5.716908999288375898e-15
5.517460317460317128e+03,5.713729185479843584e-15
5.519047619047619264e+03,5.710550850585329583e-15
5.520634920634920491e+03,5.707373995049809032e-15
5.522222222222222626e+03,5.704198619314690628e-15
5.523809523809523853e+03,5.701024723817802429e-15
5.525396825396825079e+03,5.697852308993427351e-15
5.526984126984127215e+03,5.694681375272297649e-15
5.528571428571428442e+03,5.691511923081617790e-15
5.530158730158729668e+03,5.688343952845038423e-15
5.531746031746031804e+03,5.685177464982730533e-15
5.533333333333333030e+03,5.682012459911317596e-15
5.534920634920634257e+03,5.678848938043948944e-15
5.536507936507936392e+03,5.675686899790265059e-15
5.538095238095238528e+03,5.672526345556433064e-15
5.539682539682539755e+03,5.669367275745157774e-15
5.541269841269840981e+03,5.666209690755654873e-15
5.542857142857143117e+03,5.663053590983702188e-15
5.544444444444444343e+03,5.659898976821634166e-15
5.546031746031745570e+03,5.656745848658340303e-15
5.547619047619047706e+03,5.653594206879284069e-15
5.549206349206348932e+03,5.650444051866518689e-15
5.550793650793650158e+03,5.647295383998676098e-15
5.552380952380952294e+03,5.644148203650991396e-15
5.553968253968254430e+03,5.641002511195317837e-15
5.555555555555555657e+03,5.637858307000114206e-15
5.557142857142856883e+03,5.634715591430470062e-15
5.558730158730159019e+03,5.631574364848111264e-15
5.560317460317460245e+03,5.628434627611399177e-15
5.561904761904761472e+03,5.625296380075374061e-15
5.563492063492063608e+03,5.622159622591702220e-15
5.565079365079364834e+03,5.619024355508746996e-15
5.566666666666666060e+03,5.615890579171545104e-15
5.568253968253968196e+03,5.612758293921806635e-15
5.569841269841270332e+03,5.609627500097972638e-15
5.571428571428570649e+03,5.606498198035153592e-15
5.573015873015872785e+03,5.603370388065197248e-15
5.574603174603174921e+03,5.600244070516661016e-15
5.576190476190476147e+03,5.597119245714855359e-15
5.577777777777777374e+03,5.593995913981802762e-15
5.579365079365079509e+03,5.590874075636300851e-15
5.580952380952380736e+03,5.587753730993890833e-15
5.582539682539681962e+03,5.584634880366886683e-15
5.584126984126984098e+03,5.581517524064374360e-15
5.585714285714286234e+03,5.578401662392227580e-15
5.587301587301586551e+03,5.575287295653108607e-15
5.588888888888888687e+03,5.572174424146482450e-15
5.590476190476190823e+03,5.569063048168623968e-15
5.592063492063492049e+03,5.565953168012630483e-15
5.593650793650793275e+03,5.562844783968423369e-15
5.595238095238095411e+03,5.559737896322750407e-15
5.596825396825396638e+03,5.556632505359223661e-15
5.598412698412697864e+03,5.553528611358279236e-15
5.600000000000000000e+03,5.550426214597241974e-15
5.601587301587302136e+03,5.547325315350281271e-15
5.603174603174602453e+03,5.544225913888474977e-15
5.604761904761904589e+03,5.541128010479745500e-15
5.606349206349206725e+03,5.538031605388949732e-15
5.607936507936507951e+03,5.534936698877818312e-15
5.609523809523809177e+03,5.531843291205005320e-15
5.611111111111111313e+03,5.528751382626086700e-15
5.612698412698412540e+03,5.525660973393552374e-15
5.614285714285713766e+03,5.522572063756848838e-15
5.615873015873015902e+03,5.519484653962342085e-15
5.617460317460317128e+03,5.516398744253374405e-15
5.619047619047618355e+03,5.513314334870235197e-15
5.620634920634920491e+03,5.510231426050173588e-15
5.622222222222222626e+03,5.507150018027437882e-15
5.623809523809523853e+03,5.504070111033251097e-15
5.625396825396825079e+03,5.500991705295822016e-15
5.626984126984127215e+03,5.497914801040373582e-15
5.628571428571428442e+03,5.494839398489123180e-15
5.630158730158729668e+03,5.491765497861322077e-15
5.631746031746031804e+03,5.488693099373231756e-15
5.633333333333333030e+03,5.485622203238167306e-15
5.634920634920634257e+03,5.482552809666464287e-15
5.636507936507936392e+03,5.479484918865518177e-15
5.638095238095238528e+03,5.476418531039783578e-15
5.639682539682539755e+03,5.473353646390774219e-15
5.641269841269840981e+03,5.470290265117090566e-15
5.642857142857143117e+03,5.467228387414391424e-15
5.644444444444444343e+03,5.464168013475458620e-15
5.646031746031745570e+03,5.461109143490140208e-15
5.647619047619047706e+03,5.458051777645404901e-15
5.649206349206348932e+03,5.454995916125335756e-15
5.650793650793650158e+03,5.451941559111133337e-15
5.652380952380952294e+03,5.448888706781122804e-15
5.653968253968254430e+03,5.445837359310774435e-15
5.655555555555555657e+03,5.442787516872704405e-15
5.657142857142856883e+03,5.439739179636670848e-15
5.658730158730159019e+03,5.436692347769604621e-15
5.660317460317460245e+03,5.433647021435595891e-15
5.661904761904761472e+03,5.430603200795912282e-15
5.663492063492063608e+03,5.427560886009007551e-15
5.665079365079364834e+03,5.424520077230527899e-15
5.666666666666666060e+03,5.421480774613317493e-15
5.668253968253968196e+03,5.418442978307423198e-15
5.669841269841270332e+03,5.415406688460107204e-15
5.671428571428570649e+03,5.412371905215872260e-15
5.673015873015872785e+03,5.409338628716412774e-15
5.674603174603174921e+03,5.406306859100701582e-15
5.676190476190476147e+03,5.403276596504926844e-15
5.677777777777777374e+03,5.400247841062543312e-15
5.679365079365079509e+03,5.397220592904266818e-15
5.680952380952380736e+03,5.394194852158068743e-15
5.682539682539681962e+03,5.391170618949211523e-15
5.684126984126984098e+03,5.388147893400225765e-15
5.685714285714286234e+03,5.385126675630952063e-15
5.687301587301586551e+03,5.382106965758501553e-15
5.688888888888888687e+03,5.379088763897320595e-15
5.690476190476190823e+03,5.376072070159139505e-15
5.692063492063492049e+03,5.373056884653030135e-15
5.693650793650793275e+03,5.370043207485386157e-15
5.695238095238095411e+03,5.367031038759927001e-15
5.696825396825396638e+03,5.364020378577730993e-15
5.698412698412697864e+03,5.361011227037214842e-15
5.700000000000000000e+03,5.358003584234144684e-15
5.701587301587302136e+03,5.354997450261676314e-15
5.703174603174602453e+03,5.351992825210318901e-15
5.704761904761904589e+03,5.348989709167957070e-15
5.706349206349206725e+03,5.345988102219878518e-15
5.707936507936507951e+03,5.342988004448746402e-15
5.709523809523809177e+03,5.339989415934645881e-15
5.711111111111111313e+03,5.336992336755049407e-15
5.712698412698412540e+03,5.333996766984860900e-15
5.714285714285713766e+03,5.331002706696395239e-15
5.715873015873015902e+03,5.328010155959405084e-15
5.717460317460317128e+03,5.325019114841073774e-15
5.719047619047618355e+03,5.322029583406041360e-15
5.720634920634920491e+03,5.319041561716378573e-15
5.722222222222222626e+03,5.316055049831637312e-15
5.723809523809523853e+03,5.313070047808826977e-15
5.725396825396825079e+03,5.310086555702414469e-15
5.726984126984127215e+03,5.307104573564375467e-15
5.728571428571428442e+03,5.304124101444142361e-15
5.730158730158729668e+03,5.301145139388672886e-15
5.731746031746031804e+03,5.298167687442394111e-15
5.733333333333333030e+03,5.295191745647268701e-15
5.734920634920634257e+03,5.292217314042755480e-15
5.736507936507936392e+03,5.289244392665841769e-15
5.738095238095238528e+03,5.286272981551048910e-15
5.739682539682539755e+03,5.283303080730431477e-15
5.741269841269840981e+03,5.280334690233585953e-15
5.742857142857143117e+03,5.277367810087655465e-15
5.744444444444444343e+03,5.274402440317343981e-15
5.746031746031745570e+03,5.271438580944925777e-15
5.747619047619047706e+03,5.268476231990228082e-15
5.749206349206348932e+03,5.265515393470683147e-15
5.750793650793650158e+03,5.262556065401274593e-15
5.752380952380952294e+03,5.259598247794604475e-15
5.753968253968254430e+03,5.256641940660863298e-15
5.755555555555555657e+03,5.253687144007845007e-15
5.757142857142856883e+03,5.250733857840952510e-15
5.758730158730159019e+03,5.247782082163213457e-15
5.760317460317460245e+03,5.244831816975288122e-15
5.761904761904761472e+03,5.241883062275449691e-15
5.763492063492063608e+03,5.238935818059626062e-15
5.765079365079364834e+03,5.235990084321380132e-15
5.766666666666666060e+03,5.233045861051942921e-15
5.768253968253968196e+03,5.230103148240181237e-15
5.769841269841270332e+03,5.227161945872647366e-15
5.771428571428570649e+03,5.224222253933562515e-15
5.773015873015872785e+03,5.221284072404819168e-15
5.774603174603174921e+03,5.218347401265997662e-15
5.776190476190476147e+03,5.215412240494378014e-15
5.777777777777777374e+03,5.212478590064932822e-15
5.779365079365079509e+03,5.209546449950340679e-15
5.780952380952380736e+03,5.206615820120998000e-15
5.782539682539681962e+03,5.203686700545006407e-15
5.784126984126984098e+03,5.200759091188212166e-15
5.785714285714286234e+03,5.197832992014173848e-15
5.787301587301586551e+03,5.194908402984206503e-15
5.788888888888888687e+03,5.191985324057348529e-15
5.790476190476190823e+03,5.189063755190416101e-15
5.792063492063492049e+03,5.186143696337958210e-15
5.793650793650793275e+03,5.183225147452311881e-15
5.795238095238095411e+03,5.180308108483557994e-15
5.796825396825396638e+03,5.177392579379579665e-15
5.798412698412697864e+03,5.174478560086029112e-15
5.800000000000000000e+03,5.171566050546346584e-15
5.801587301587302136e+03,5.168655050701789556e-15
5.803174603174602453e+03,5.165745560491388544e-15
5.804761904761904589e+03,5.162837579852002333e-15
5.806349206349206725e+03,5.159931108718302197e-15
5.807936507936507951e+03,5.157026147022782152e-15
5.809523809523809177e+03,5.154122694695758170e-15
5.811111111111111313e+03,5.151220751665388689e-15
5.812698412698412540e+03,5.148320317857665145e-15
5.814285714285713766e+03,5.145421393196433272e-15
5.815873015873015902e+03,5.142523977603386793e-15
5.817460317460317128e+03,5.139628070998085562e-15
5.819047619047618355e+03,5.136733673297943730e-15
5.820634920634920491e+03,5.133840784418259724e-15
5.822222222222222626e+03,5.130949404272201258e-15
5.823809523809523853e+03,5.128059532770832154e-15
5.825396825396825079e+03,5.125171169823094196e-15
5.826984126984127215e+03,5.122284315335825279e-15
5.828571428571428442e+03,5.119398969213785437e-15
5.830158730158729668e+03,5.116515131359615823e-15
5.831746031746031804e+03,5.113632801673901031e-15
5.833333333333333030e+03,5.110751980055124128e-15
5.834920634920634257e+03,5.107872666399708467e-15
5.836507936507936392e+03,5.104994860602006640e-15
5.838095238095238528e+03,5.102118562554317833e-15
5.839682539682539755e+03,5.099243772146872842e-15
5.841269841269840981e+03,5.096370489267867197e-15
5.842857142857143117e+03,5.093498713803446184e-15
5.844444444444444343e+03,5.090628445637726134e-15
5.846031746031745570e+03,5.087759684652792064e-15
5.847619047619047706e+03,5.084892430728690574e-15
5.849206349206348932e+03,5.082026683743473234e-15
5.850793650793650158e+03,5.079162443573161876e-15
5.852380952380952294e+03,5.076299710091776200e-15
5.853968253968254430e+03,5.073438483171341671e-15
5.855555555555554747e+03,5.070578762681889508e-15
5.857142857142856883e+03,5.067720548491445649e-15
5.858730158730159019e+03,5.064863840466077291e-15
5.860317460317460245e+03,5.062008638469853442e-15
5.861904761904761472e+03,5.059154942364893051e-15
5.863492063492063608e+03,5.056302752011327135e-15
5.865079365079364834e+03,5.053452067267352423e-15
5.866666666666666060e+03,5.050602887989188760e-15
5.868253968253968196e+03,5.047755214031129594e-15
5.869841269841270332e+03,5.044909045245505684e-15
5.871428571428570649e+03,5.042064381482734015e-15
5.873015873015872785e+03,5.039221222591284662e-15
5.874603174603174921e+03,5.036379568417703668e-15
5.876190476190476147e+03,5.033539418806635922e-15
5.877777777777777374e+03,5.030700773600790449e-15
5.879365079365079509e+03,5.027863632640990106e-15
5.880952380952380736e+03,5.025027995766140029e-15
5.882539682539681962e+03,5.022193862813259190e-15
5.884126984126984098e+03,5.019361233617470926e-15
5.885714285714286234e+03,5.016530108012018719e-15
5.887301587301586551e+03,5.013700485828266195e-15
5.888888888888888687e+03,5.010872366895708170e-15
5.890476190476190823e+03,5.008045751041953292e-15
5.892063492063492049e+03,5.005220638092778475e-15
5.893650793650793275e+03,5.002397027872083932e-15
5.895238095238095411e+03,4.999574920201919999e-15
5.896825396825396638e+03,4.996754314902499753e-15
5.898412698412697864e+03,4.993935211792197436e-15
5.900000000000000000e+03,4.991117610687541358e-15
5.901587301587302136e+03,4.988301511403243868e-15
5.903174603174602453e+03,4.985486913752195838e-15
5.904761904761904589e+03,4.982673817545457192e-15
5.906349206349206725e+03,4.979862222592292407e-15
5.907936507936507951e+03,4.977052128700147636e-15
5.909523809523809177e+03,4.974243535674679896e-15
5.911111111111111313e+03,4.971436443319735766e-15
5.912698412698412540e+03,4.968630851437387680e-15
5.914285714285713766e+03,4.965826759827910254e-15
5.915873015873015902e+03,4.963024168289813427e-15
5.917460317460317128e+03,4.960223076619822730e-15
5.919047619047618355e+03,4.957423484612897438e-15
5.920634920634920491e+03,4.954625392062241608e-15
5.922222222222222626e+03,4.951828798759285940e-15
5.923809523809523853e+03,4.949033704493733525e-15
5.925396825396825079e+03,4.946240109053522777e-15
5.926984126984127215e+03,4.943448012224847145e-15
5.928571428571428442e+03,4.940657413792185887e-15
5.930158730158729668e+03,4.937868313538269354e-15
5.931746031746031804e+03,4.935080711244105026e-15
5.933333333333333030e+03,4.932294606688994865e-15
5.934920634920634257e+03,4.929509999650500606e-15
5.936507936507936392e+03,4.926726889904502921e-15
5.938095238095238528e+03,4.923945277225157245e-15
5.939682539682539755e+03,4.921165161384928482e-15
5.941269841269840981e+03,4.918386542154595740e-15
5.942857142857143117e+03,4.915609419303231036e-15
5.944444444444444343e+03,4.912833792598246618e-15
5.946031746031745570e+03,4.910059661805354742e-15
5.947619047619047706e+03,4.907287026688610268e-15
5.949206349206348932e+03,4.904515887010388568e-15
5.950793650793650158e+03,4.901746242531423398e-15
5.952380952380952294e+03,4.898978093010764293e-15
5.953968253968254430e+03,4.896211438205828636e-15
5.955555555555554747e+03,4.893446277872386669e-15
5.957142857142856883e+03,4.890682611764545715e-15
5.958730158730159019e+03,4.887920439634802242e-15
5.960317460317460245e+03,4.885159761234013467e-15
5.961904761904761472e+03,4.882400576311398929e-15
5.963492063492063608e+03,4.879642884614574414e-15
5.965079365079364834e+03,4.876886685889524346e-15
5.966666666666666060e+03,4.874131979880633335e-15
5.968253968253968196e+03,4.871378766330668040e-15
5.969841269841270332e+03,4.868627044980805565e-15
5.971428571428570649e+03,4.865876815570623993e-15
5.973015873015872785e+03,4.863128077838105539e-15
5.974603174603174921e+03,4.860380831519647600e-15
5.976190476190476147e+03,4.857635076350073793e-15
5.977777777777777374e+03,4.854890812062627648e-15
5.979365079365079509e+03,4.852148038388967873e-15
5.980952380952380736e+03,4.849406755059214107e-15
5.982539682539681962e+03,4.846666961801896437e-15
5.984126984126984098e+03,4.843928658344015347e-15
5.985714285714286234e+03,4.841191844410999910e-15
5.987301587301586551e+03,4.838456519726736977e-15
5.988888888888888687e+03,4.835722684013576695e-15
5.990476190476190823e+03,4.832990336992328571e-15
5.992063492063492049e+03,4.830259478382276449e-15
5.993650793650793275e+03,4.827530107901169055e-15
5.995238095238095411e+03,4.824802225265236553e-15
5.996825396825396638e+03,4.822075830189191343e-15
5.998412698412697864e+03,4.819350922386235942e-15
6.000000000000000000e+03,4.816627501568058255e-15
6.001587301587301226e+03,4.813905567444851297e-15
6.003174603174602453e+03,4.811185119725310823e-15
6.004761904761904589e+03,4.808466158116627442e-15
6.006349206349206725e+03,4.805748682324511860e-15
6.007936507936507951e+03,4.803032692053199615e-15
6.009523809523809177e+03,4.800318187005424250e-15
6.011111111111111313e+03,4.797605166882467806e-15
6.012698412698412540e+03,4.794893631384133212e-15
6.014285714285713766e+03,4.792183580208755322e-15
6.015873015873015902e+03,4.789475013053215124e-15
6.017460317460317128e+03,4.786767929612931844e-15
6.019047619047618355e+03,4.784062329581887405e-15
6.020634920634920491e+03,4.781358212652594080e-15
6.022222222222222626e+03,4.778655578516149716e-15
6.023809523809523853e+03,4.775954426862191979e-15
6.025396825396825079e+03,4.773254757378947262e-15
6.026984126984127215e+03,4.770556569753195186e-15
6.028571428571428442e+03,4.767859863670304891e-15
6.030158730158729668e+03,4.765164638814226354e-15
6.031746031746031804e+03,4.762470894867486449e-15
6.033333333333333030e+03,4.759778631511220499e-15
6.034920634920634257e+03,4.757087848425135197e-15
6.036507936507936392e+03,4.754398545287565411e-15
6.038095238095238528e+03,4.751710721775423690e-15
6.039682539682539755e+03,4.749024377564250755e-15
6.041269841269840981e+03,4.746339512328196566e-15
6.042857142857143117e+03,4.743656125740019530e-15
6.044444444444444343e+03,4.740974217471112538e-15
6.046031746031745570e+03,4.738293787191497440e-15
6.047619047619047706e+03,4.735614834569806902e-15
6.049206349206348932e+03,4.732937359273341202e-15
6.050793650793650158e+03,4.730261360968015383e-15
6.052380952380952294e+03,4.727586839318402630e-15
6.053968253968254430e+03,4.724913793987719292e-15
6.055555555555554747e+03,4.722242224637851695e-15
6.057142857142856883e+03,4.719572130929312760e-15
6.058730158730159019e+03,4.716903512521305898e-15
6.060317460317460245e+03,4.714236369071699769e-15
6.061904761904761472e+03,4.711570700237014079e-15
6.063492063492063608e+03,4.708906505672470858e-15
6.065079365079364834e+03,4.706243785031958173e-15
6.066666666666666060e+03,4.703582537968049849e-15
6.068253968253968196e+03,4.700922764132007835e-15
6.069841269841270332e+03,4.698264463173791669e-15
6.071428571428570649e+03,4.695607634742059271e-15
6.073015873015872785e+03,4.692952278484166150e-15
6.074603174603174921e+03,4.690298394046176450e-15
6.076190476190476147e+03,4.687645981072868473e-15
6.077777777777777374e+03,4.684995039207732309e-15
6.079365079365079509e+03,4.682345568092973784e-15
6.080952380952380736e+03,4.679697567369531025e-15
6.082539682539681962e+03,4.677051036677063413e-15
6.084126984126984098e+03,4.674405975653961053e-15
6.085714285714286234e+03,4.671762383937358975e-15
6.087301587301586551e+03,4.669120261163131605e-15
6.088888888888888687e+03,4.666479606965880939e-15
6.090476190476190823e+03,4.663840420978987816e-15
6.092063492063492049e+03,4.661202702834555908e-15
6.093650793650793275e+03,4.658566452163474041e-15
6.095238095238095411e+03,4.655931668595368078e-15
6.096825396825396638e+03,4.653298351758647456e-15
6.098412698412697864e+03,4.650666501280483887e-15
6.100000000000000000e+03,4.648036116786827931e-15
6.101587301587301226e+03,4.645407197902399522e-15
6.103174603174602453e+03,4.642779744250709271e-15
6.104761904761904589e+03,4.640153755454055310e-15
6.106349206349206725e+03,4.637529231133514613e-15
6.107936507936507951e+03,4.634906170908980865e-15
6.109523809523809177e+03,4.632284574399120281e-15
6.111111111111111313e+03,4.629664441221422887e-15
6.112698412698412540e+03,4.627045770992176482e-15
6.114285714285713766e+03,4.624428563326481632e-15
6.115873015873015902e+03,4.621812817838254821e-15
6.117460317460317128e+03,4.619198534140230820e-15
6.119047619047618355e+03,4.616585711843964264e-15
6.120634920634920491e+03,4.613974350559850952e-15
6.122222222222222626e+03,4.611364449897093924e-15
6.123809523809523853e+03,4.608756009463759473e-15
6.125396825396825079e+03,4.606149028866729810e-15
6.126984126984127215e+03,4.603543507711748821e-15
6.128571428571428442e+03,4.600939445603396034e-15
6.130158730158729668e+03,4.598336842145100026e-15
6.131746031746031804e+03,4.595735696939155784e-15
6.133333333333333030e+03,4.593136009586709711e-15
6.134920634920634257e+03,4.590537779687780142e-15
6.136507936507936392e+03,4.587941006841232095e-15
6.138095238095238528e+03,4.585345690644827760e-15
6.139682539682539755e+03,4.582751830695191792e-15
6.141269841269840981e+03,4.580159426587823139e-15
6.142857142857143117e+03,4.577568477917109246e-15
6.144444444444444343e+03,4.574978984276328418e-15
6.146031746031745570e+03,4.572390945257640355e-15
6.147619047619047706e+03,4.569804360452102721e-15
6.149206349206348932e+03,4.567219229449674294e-15
6.150793650793650158e+03,4.564635551839214970e-15
6.152380952380952294e+03,4.562053327208488127e-15
6.153968253968254430e+03,4.559472555144165362e-15
6.155555555555554747e+03,4.556893235231844630e-15
6.157142857142856883e+03,4.554315367056021848e-15
6.158730158730159019e+03,4.551738950200128761e-15
6.160317460317460245e+03,4.549163984246514005e-15
6.161904761904761472e+03,4.546590468776465990e-15
6.163492063492063608e+03,4.544018403370187652e-15
6.165079365079364834e+03,4.541447787606842997e-15
6.166666666666666060e+03,4.538878621064508981e-15
6.168253968253968196e+03,4.536310903320229153e-15
6.169841269841270332e+03,4.533744633949977364e-15
6.171428571428570649e+03,4.531179812528698005e-15
6.173015873015872785e+03,4.528616438630269714e-15
6.174603174603174921e+03,4.526054511827541665e-15
6.176190476190476147e+03,4.523494031692328047e-15
6.177777777777777374e+03,4.520934997795400966e-15
6.179365079365079509e+03,4.518377409706510160e-15
6.180952380952380736e+03,4.515821266994371174e-15
6.182539682539681962e+03,4.513266569226684287e-15
6.184126984126984098e+03,4.510713315970124259e-15
6.185714285714286234e+03,4.508161506790353744e-15
6.187301587301586551e+03,4.505611141252033538e-15
6.188888888888888687e+03,4.503062218918794189e-15
6.190476190476190823e+03,4.500514739353275433e-15
6.192063492063492049e+03,4.497968702117126987e-15
6.193650793650793275e+03,4.495424106770973048e-15
6.195238095238095411e+03,4.492880952874473036e-15
6.196825396825396638e+03,4.490339239986271109e-15
6.198412698412697864e+03,4.487798967664053744e-15
6.200000000000000000e+03,4.485260135464496103e-15
6.201587301587301226e+03,4.482722742943306990e-15
6.203174603174602453e+03,4.480186789655228066e-15
6.204761904761904589e+03,4.477652275154004661e-15
6.206349206349206725e+03,4.475119198992440207e-15
6.207936507936507951e+03,4.472587560722358367e-15
6.209523809523809177e+03,4.470057359894623553e-15
6.211111111111111313e+03,4.467528596059140920e-15
6.212698412698412540e+03,4.465001268764867411e-15
6.214285714285713766e+03,4.462475377559799929e-15
6.215873015873015902e+03,4.459950921990992684e-15
6.217460317460317128e+03,4.457427901604558778e-15
6.219047619047618355e+03,4.454906315945659157e-15
6.220634920634920491e+03,4.452386164558534166e-15
6.222222222222222626e+03,4.449867446986476728e-15
6.223809523809523853e+03,4.447350162771862321e-15
6.225396825396825079e+03,4.444834311456123734e-15
6.226984126984127215e+03,4.442319892579781045e-15
6.228571428571428442e+03,4.439806905682432941e-15
6.230158730158729668e+03,4.437295350302763031e-15
6.231746031746031804e+03,4.434785225978533534e-15
6.233333333333333030e+03,4.432276532246610525e-15
6.234920634920634257e+03,4.429769268642944208e-15
6.236507936507936392e+03,4.427263434702580755e-15
6.238095238095238528e+03,4.424759029959669403e-15
6.239682539682539755e+03,4.422256053947473497e-15
6.241269841269840981e+03,4.419754506198339727e-15
6.242857142857143117e+03,4.417254386243750979e-15
6.244444444444444343e+03,4.414755693614288472e-15
6.246031746031745570e+03,4.412258427839656211e-15
6.247619047619047706e+03,4.409762588448673888e-15
6.249206349206348932e+03,4.407268174969287927e-15
6.250793650793650158e+03,4.404775186928577792e-15
6.252380952380952294e+03,4.402283623852741002e-15
6.253968253968254430e+03,4.399793485267122318e-15
6.255555555555554747e+03,4.397304770696197962e-15
6.257142857142856883e+03,4.394817479663580356e-15
6.258730158730159019e+03,4.392331611692022853e-15
6.260317460317460245e+03,4.389847166303443400e-15
6.261904761904761472e+03,4.387364143018889044e-15
6.263492063492063608e+03,4.384882541358574580e-15
6.265079365079364834e+03,4.382402360841868360e-15
6.266666666666666060e+03,4.379923600987291497e-15
6.268253968253968196e+03,4.377446261312533643e-15
6.269841269841270332e+03,4.374970341334451415e-15
6.271428571428570649e+03,4.372495840569071550e-15
6.273015873015872785e+03,4.370022758531590110e-15
6.274603174603174921e+03,4.367551094736380378e-15
6.276190476190476147e+03,4.365080848696993644e-15
6.277777777777777374e+03,4.362612019926171036e-15
6.279365079365079509e+03,4.360144607935823803e-15
6.280952380952380736e+03,4.357678612237068809e-15
6.282539682539681962e+03,4.355214032340201715e-15
6.284126984126984098e+03,4.352750867754721431e-15
6.285714285714286234e+03,4.350289117989317497e-15
6.287301587301586551e+03,4.347828782551889802e-15
6.288888888888888687e+03,4.345369860949529655e-15
6.290476190476190823e+03,4.342912352688551335e-15
6.292063492063492049e+03,4.340456257274469216e-15
6.293650793650793275e+03,4.338001574212010389e-15
6.295238095238095411e+03,4.335548303005126496e-15
6.296825396825396638e+03,4.333096443156981105e-15
6.298412698412697864e+03,4.330645994169963124e-15
6.300000000000000000e+03,4.328196955545690744e-15
6.301587301587301226e+03,4.325749326785008282e-15
6.303174603174602453e+03,4.323303107387990917e-15
6.304761904761904589e+03,4.320858296853950211e-15
6.306349206349206725e+03,4.318414894681436472e-15
6.307936507936507951e+03,4.315972900368244284e-15
6.309523809523809177e+03,4.313532313411403033e-15
6.311111111111111313e+03,4.311093133307197420e-15
6.312698412698412540e+03,4.308655359551157208e-15
6.314285714285713766e+03,4.306218991638075363e-15
6.315873015873015902e+03,4.303784029061985177e-15
6.317460317460317128e+03,4.301350471316193402e-15
6.319047619047618355e+03,4.298918317893260529e-15
6.320634920634920491e+03,4.296487568285012616e-15
6.322222222222222626e+03,4.294058221982551550e-15
6.323809523809523853e+03,4.291630278476239265e-15
6.325396825396825079e+03,4.289203737255727720e-15
6.326984126984127215e+03,4.286778597809920246e-15
6.328571428571428442e+03,4.284354859627026765e-15
6.330158730158729668e+03,4.281932522194525923e-15
6.331746031746031804e+03,4.279511584999180083e-15
6.333333333333333030e+03,4.277092047527047155e-15
6.334920634920634257e+03,4.274673909263479016e-15
6.336507936507936392e+03,4.272257169693108103e-15
6.338095238095238528e+03,4.269841828299885280e-15
6.339682539682538845e+03,4.267427884567039599e-15
6.341269841269840981e+03,4.265015337977115383e-15
6.342857142857143117e+03,4.262604188011963547e-15
6.344444444444444343e+03,4.260194434152743172e-15
6.346031746031745570e+03,4.257786075879915990e-15
6.347619047619047706e+03,4.255379112673272408e-15
6.349206349206348932e+03,4.252973544011908639e-15
6.350793650793650158e+03,4.250569369374248785e-15
6.352380952380952294e+03,4.248166588238036161e-15
6.353968253968254430e+03,4.245765200080339606e-15
6.355555555555554747e+03,4.243365204377562160e-15
6.357142857142856883e+03,4.240966600605426078e-15
6.358730158730159019e+03,4.238569388239003591e-15
6.360317460317460245e+03,4.236173566752696399e-15
6.361904761904761472e+03,4.233779135620241983e-15
6.363492063492063608e+03,4.231386094314724644e-15
6.365079365079364834e+03,4.228994442308577876e-15
6.366666666666666060e+03,4.226604179073578838e-15
6.368253968253968196e+03,4.224215304080850724e-15
6.369841269841270332e+03,4.221827816800888797e-15
6.371428571428570649e+03,4.219441716703521729e-15
6.373015873015872785e+03,4.217057003257950262e-15
6.374603174603174921e+03,4.214673675932737735e-15
6.376190476190476147e+03,4.212291734195805357e-15
6.377777777777777374e+03,4.209911177514449559e-15
6.379365079365079509e+03,4.207532005355330947e-15
6.380952380952380736e+03,4.205154217184483776e-15
6.382539682539681962e+03,4.202777812467324620e-15
6.384126984126984098e+03,4.200402790668636598e-15
6.385714285714286234e+03,4.198029151252592252e-15
6.387301587301586551e+03,4.195656893682748021e-15
6.388888888888888687e+03,4.193286017422035569e-15
6.390476190476190823e+03,4.190916521932794912e-15
6.392063492063492049e+03,4.188548406676738925e-15
6.393650793650793275e+03,4.186181671114984888e-15
6.395238095238095411e+03,4.183816314708041874e-15
6.396825396825396638e+03,4.181452336915826519e-15
6.398412698412697864e+03,4.179089737197644880e-15
6.400000000000000000e+03,4.176728515012220048e-15
6.401587301587301226e+03,4.174368669817677156e-15
6.403174603174602453e+03,4.172010201071551269e-15
6.404761904761904589e+03,4.169653108230786596e-15
6.406349206349206725e+03,4.167297390751750688e-15
6.407936507936507951e+03,4.164943048090221817e-15
6.409523809523809177e+03,4.162590079701405543e-15
6.411111111111111313e+03,4.160238485039920512e-15
6.412698412698412540e+03,4.157888263559820545e-15
6.414285714285713766e+03,4.155539414714584387e-15
6.415873015873015902e+03,4.153191937957113332e-15
6.417460317460317128e+03,4.150845832739760420e-15
6.419047619047618355e+03,4.148501098514292564e-15
6.420634920634920491e+03,4.146157734731931576e-15
6.422222222222222626e+03,4.143815740843333655e-15
6.423809523809523853e+03,4.141475116298600429e-15
6.425396825396825079e+03,4.139135860547274225e-15
6.426984126984127215e+03,4.136797973038350689e-15
6.428571428571428442e+03,4.134461453220274843e-15
6.430158730158729668e+03,4.132126300540948971e-15
6.431746031746031804e+03,4.129792514447720788e-15
6.433333333333333030e+03,4.127460094387410263e-15
6.434920634920634257e+03,4.125129039806289894e-15
6.436507936507936392e+03,4.122799350150089442e-15
6.438095238095238528e+03,4.120471024864021966e-15
6.439682539682538845e+03,4.118144063392756999e-15
6.441269841269840981e+03,4.115818465180431591e-15
6.442857142857143117e+03,4.113494229670662148e-15
6.444444444444444343e+03,4.111171356306544423e-15
6.446031746031745570e+03,4.108849844530646425e-15
6.447619047619047706e+03,4.106529693785013935e-15
6.449206349206348932e+03,4.104210903511183130e-15
6.450793650793650158e+03,4.101893473150171907e-15
6.452380952380952294e+03,4.099577402142482245e-15
6.453968253968254430e+03,4.097262689928116776e-15
6.455555555555554747e+03,4.094949335946557485e-15
6.457142857142856883e+03,4.092637339636792527e-15
6.458730158730159019e+03,4.090326700437298878e-15
6.460317460317460245e+03,4.088017417786065207e-15
6.461904761904761472e+03,4.085709491120565847e-15
6.463492063492063608e+03,4.083402919877790769e-15
6.465079365079364834e+03,4.081097703494240064e-15
6.466666666666666060e+03,4.078793841405907371e-15
6.468253968253968196e+03,4.076491333048316960e-15
6.469841269841270332e+03,4.074190177856490593e-15
6.471428571428570649e+03,4.071890375264983819e-15
6.473015873015872785e+03,4.069591924707851257e-15
6.474603174603174921e+03,4.067294825618683678e-15
6.476190476190476147e+03,4.064999077430587493e-15
6.477777777777777374e+03,4.062704679576198159e-15
6.479365079365079509e+03,4.060411631487676244e-15
6.480952380952380736e+03,4.058119932596710574e-15
6.482539682539681962e+03,4.055829582334525335e-15
6.484126984126984098e+03,4.053540580131854834e-15
6.485714285714285325e+03,4.051252925418934026e-15
6.487301587301586551e+03,4.048966617625384922e-15
6.488888888888888687e+03,4.046681656179901834e-15
6.490476190476190823e+03,4.044398040509313415e-15
6.492063492063492049e+03,4.042115770035802718e-15
6.493650793650793275e+03,4.039834844169013852e-15
6.495238095238095411e+03,4.037555262284239978e-15
6.496825396825396638e+03,4.035277023663787277e-15
6.498412698412697864e+03,4.033000127343842850e-15
6.500000000000000000e+03,4.030724571725699608e-15
6.501587301587301226e+03,4.028450353616903733e-15
6.503174603174602453e+03,4.026177465934060952e-15
6.504761904761904589e+03,4.023905892358684930e-15
6.506349206349206725e+03,4.021635595268342487e-15
6.507936507936507951e+03,4.019366489288736495e-15
6.509523809523809177e+03,4.017098385076110120e-15
6.511111111111111313e+03,4.014830873466502956e-15
6.512698412698412540e+03,4.012563094148255147e-15
6.514285714285713766e+03,4.010293288385975728e-15
6.515873015873015902e+03,4.008017962241504449e-15
6.517460317460317128e+03,4.005730373231974611e-15
6.519047619047618355e+03,4.003417887457267272e-15
6.520634920634920491e+03,4.001057528762662231e-15
6.522222222222222626e+03,3.998608762683273226e-15
6.523809523809523853e+03,3.996002257861864142e-15
6.525396825396825079e+03,3.993123119631482761e-15
6.526984126984127215e+03,3.989787022881299702e-15
6.528571428571428442e+03,3.985707972573106702e-15
6.530158730158729668e+03,3.980457323886935885e-15
6.531746031746031804e+03,3.973415432237142296e-15
6.533333333333333030e+03,3.963720021959644520e-15
6.534920634920634257e+03,3.950219000006082813e-15
6.536507936507936392e+03,3.931439597107557787e-15
6.538095238095238528e+03,3.905589556231723184e-15
6.539682539682538845e+03,3.870608332500653869e-15
6.541269841269840981e+03,3.824285371206078898e-15
6.542857142857143117e+03,3.764457027525108437e-15
6.544444444444444343e+03,3.689282734658474669e-15
6.546031746031745570e+03,3.597584970003619558e-15
6.547619047619047706e+03,3.489218414611690137e-15
6.549206349206348932e+03,3.365415176600797024e-15
6.550793650793650158e+03,3.229040019693612048e-15
6.552380952380952294e+03,3.084687318260260090e-15
6.553968253968254430e+03,2.938563699661297337e-15
6.555555555555554747e+03,2.798127880460601643e-15
6.557142857142856883e+03,2.671498977013278255e-15
6.558730158730159019e+03,2.566689553651285283e-15
6.560317460317460245e+03,2.490760134761980790e-15
6.561904761904761472e+03,2.449017728076284703e-15
6.563492063492063608e+03,2.444384377950601385e-15
6.565079365079364834e+03,2.477040039578721956e-15
6.566666666666666060e+03,2.544400378446143223e-15
6.568253968253968196e+03,2.641433297717365699e-15
6.569841269841270332e+03,2.761260364043032599e-15
6.571428571428570649e+03,2.895943343823570220e-15
6.573015873015872785e+03,3.037331212544811808e-15
6.574603174603174921e+03,3.177843282501288785e-15
6.576190476190476147e+03,3.311087403159888461e-15
6.577777777777777374e+03,3.432251319446521648e-15
6.579365079365079509e+03,3.538250254953091776e-15
6.580952380952380736e+03,3.627654693665799188e-15
6.582539682539681962e+03,3.700451704179871900e-15
6.584126984126984098e+03,3.757707377398648882e-15
6.585714285714285325e+03,3.801197417284410222e-15
6.587301587301586551e+03,3.833061092822502321e-15
6.588888888888888687e+03,3.855515657670807689e-15
6.590476190476190823e+03,3.870649028855663452e-15
6.592063492063492049e+03,3.880291913035043173e-15
6.593650793650793275e+03,3.885958908101074479e-15
6.595238095238095411e+03,3.888841934522844807e-15
6.596825396825396638e+03,3.889837938318282353e-15
6.598412698412697864e+03,3.889594738748544055e-15
6.600000000000000000e+03,3.888562606549276815e-15
6.601587301587301226e+03,3.887043330298380664e-15
6.603174603174602453e+03,3.885232263258534146e-15
6.604761904761904589e+03,3.883251688491394862e-15
6.606349206349206725e+03,3.881175698698801226e-15
6.607936507936507951e+03,3.879047785540437756e-15
6.609523809523809177e+03,3.876892697911221041e-15
6.611111111111111313e+03,3.874724096581049256e-15
6.612698412698412540e+03,3.872549299260161586e-15
6.614285714285713766e+03,3.870372111632974646e-15
6.615873015873015902e+03,3.868194455864731413e-15
6.617460317460317128e+03,3.866017275039100042e-15
6.619047619047618355e+03,3.863841018672963099e-15
6.620634920634920491e+03,3.861665894870844777e-15
6.622222222222222626e+03,3.859491997122439299e-15
6.623809523809523853e+03,3.857319366079104376e-15
6.625396825396825079e+03,3.855148018731669338e-15
6.626984126984127215e+03,3.852977961776709723e-15
6.628571428571428442e+03,3.850809197557970723e-15
6.630158730158729668e+03,3.848641726629906381e-15
6.631746031746031804e+03,3.846475548831783133e-15
6.633333333333333030e+03,3.844310663724748190e-15
6.634920634920634257e+03,3.842147070764665811e-15
6.636507936507936392e+03,3.839984769368522820e-15
6.638095238095238528e+03,3.837823758939212256e-15
6.639682539682538845e+03,3.835664038874570558e-15
6.641269841269840981e+03,3.833505608570523541e-15
6.642857142857143117e+03,3.831348467422201853e-15
6.644444444444444343e+03,3.829192614824317254e-15
6.646031746031745570e+03,3.827038050171240716e-15
6.647619047619047706e+03,3.824884772857091566e-15
6.649206349206348932e+03,3.822732782275720916e-15
6.650793650793650158e+03,3.820582077820720346e-15
6.652380952380952294e+03,3.818432658885435308e-15
6.653968253968254430e+03,3.816284524862950932e-15
6.655555555555554747e+03,3.814137675146115689e-15
6.657142857142856883e+03,3.811992109127518515e-15
6.658730158730159019e+03,3.809847826199512477e-15
6.660317460317460245e+03,3.807704825754194260e-15
6.661904761904761472e+03,3.805563107183439672e-15
6.663492063492063608e+03,3.803422669878853148e-15
6.665079365079364834e+03,3.801283513231833235e-15
6.666666666666666060e+03,3.799145636633514996e-15
6.668253968253968196e+03,3.797009039474811040e-15
6.669841269841270332e+03,3.794873721146402046e-15
6.671428571428570649e+03,3.792739681038727306e-15
6.673015873015872785e+03,3.790606918542001283e-15
6.674603174603174921e+03,3.788475433046211250e-15
6.676190476190476147e+03,3.786345223941112556e-15
6.677777777777777374e+03,3.784216290616239665e-15
6.679365079365079509e+03,3.782088632460900642e-15
6.680952380952380736e+03,3.779962248864183457e-15
6.682539682539681962e+03,3.777837139214952047e-15
6.684126984126984098e+03,3.775713302901854985e-15
6.685714285714285325e+03,3.773590739313324700e-15
6.687301587301586551e+03,3.771469447837573528e-15
6.688888888888888687e+03,3.769349427862605544e-15
6.690476190476190823e+03,3.767230678776202368e-15
6.692063492063492049e+03,3.765113199965952343e-15
6.693650793650793275e+03,3.762996990819218994e-15
6.695238095238095411e+03,3.760882050723164680e-15
6.696825396825396638e+03,3.758768379064749027e-15
6.698412698412697864e+03,3.756655975230717877e-15
6.700000000000000000e+03,3.754544838607625381e-15
6.701587301587301226e+03,3.752434968581822162e-15
6.703174603174602453e+03,3.750326364539452163e-15
6.704761904761904589e+03,3.748219025866470000e-15
6.706349206349206725e+03,3.746112951948629917e-15
6.707936507936507951e+03,3.744008142171495255e-15
6.709523809523809177e+03,3.741904595920432928e-15
6.711111111111111313e+03,3.739802312580618158e-15
6.712698412698412540e+03,3.737701291537040783e-15
6.714285714285713766e+03,3.735601532174497372e-15
6.715873015873015902e+03,3.733503033877599898e-15
6.717460317460317128e+03,3.731405796030774165e-15
6.719047619047618355e+03,3.729309818018266115e-15
6.720634920634920491e+03,3.727215099224130000e-15
6.722222222222222626e+03,3.725121639032255984e-15
6.723809523809523853e+03,3.723029436826342543e-15
6.725396825396825079e+03,3.720938491989909866e-15
6.726984126984127215e+03,3.718848803906311694e-15
6.728571428571428442e+03,3.716760371958720333e-15
6.730158730158729668e+03,3.714673195530135323e-15
6.731746031746031804e+03,3.712587274003388180e-15
6.733333333333333030e+03,3.710502606761141604e-15
6.734920634920634257e+03,3.708419193185883166e-15
6.736507936507936392e+03,3.706337032659941089e-15
6.738095238095238528e+03,3.704256124565472411e-15
6.739682539682538845e+03,3.702176468284478768e-15
6.741269841269840981e+03,3.700098063198791397e-15
6.742857142857143117e+03,3.698020908690079823e-15
6.744444444444444343e+03,3.695945004139866051e-15
6.746031746031745570e+03,3.693870348929500117e-15
6.747619047619047706e+03,3.691796942440182960e-15
6.749206349206348932e+03,3.689724784052960903e-15
6.750793650793650158e+03,3.687653873148726442e-15
6.752380952380952294e+03,3.685584209108216666e-15
6.753968253968254430e+03,3.683515791312023515e-15
6.755555555555554747e+03,3.681448619140589043e-15
6.757142857142856883e+03,3.679382691974203846e-15
6.758730158730159019e+03,3.677318009193011790e-15
6.760317460317460245e+03,3.675254570177022635e-15
6.761904761904761472e+03,3.673192374306089945e-15
6.763492063492063608e+03,3.671131420959934759e-15
6.765079365079364834e+03,3.669071709518132173e-15
6.766666666666666060e+03,3.667013239360121601e-15
6.768253968253968196e+03,3.664956009865202039e-15
6.769841269841270332e+03,3.662900020412537588e-15
6.771428571428570649e+03,3.660845270381168498e-15
6.773015873015872785e+03,3.658791759149975669e-15
6.774603174603174921e+03,3.656739486097740604e-15
6.776190476190476147e+03,3.654688450603087824e-15
6.777777777777777374e+03,3.652638652044529831e-15
6.779365079365079509e+03,3.650590089800438708e-15
6.780952380952380736e+03,3.648542763249076101e-15
6.782539682539681962e+03,3.646496671768562447e-15
6.784126984126984098e+03,3.644451814736904588e-15
6.785714285714285325e+03,3.642408191531983149e-15
6.787301587301586551e+03,3.640365801531565158e-15
6.788888888888888687e+03,3.638324644113291426e-15
6.790476190476190823e+03,3.636284718654681278e-15
6.792063492063492049e+03,3.634246024533152278e-15
6.793650793650793275e+03,3.632208561125991037e-15
6.795238095238095411e+03,3.630172327810377672e-15
6.796825396825396638e+03,3.628137323963384224e-15
6.798412698412697864e+03,3.626103548961963618e-15
6.800000000000000000e+03,3.624071002182959914e-15
6.801587301587301226e+03,3.622039683003118565e-15
6.803174603174602453e+03,3.620009590799062753e-15
6.804761904761904589e+03,3.617980724947324148e-15
6.806349206349206725e+03,3.615953084824320828e-15
6.807936507936507951e+03,3.613926669806373838e-15
6.809523809523809177e+03,3.611901479269697728e-15
6.811111111111111313e+03,3.609877512590410020e-15
6.812698412698412540e+03,3.607854769144528836e-15
6.814285714285713766e+03,3.605833248307972115e-15
6.815873015873015902e+03,3.603812949456565498e-15
6.817460317460317128e+03,3.601793871966032864e-15
6.819047619047618355e+03,3.599776015212016051e-15
6.820634920634920491e+03,3.597759378570051977e-15
6.822222222222222626e+03,3.595743961415590785e-15
6.823809523809522943e+03,3.593729763124002945e-15
6.825396825396825079e+03,3.591716783070547695e-15
6.826984126984127215e+03,3.589705020630421168e-15
6.828571428571428442e+03,3.587694475178719307e-15
6.830158730158729668e+03,3.585685146090454440e-15
6.831746031746031804e+03,3.583677032740563161e-15
6.833333333333333030e+03,3.581670134503889770e-15
6.834920634920634257e+03,3.579664450755206778e-15
6.836507936507936392e+03,3.577659980869196767e-15
6.838095238095238528e+03,3.575656724220475268e-15
6.839682539682538845e+03,3.573654680183578134e-15
6.841269841269840981e+03,3.571653848132957599e-15
6.842857142857143117e+03,3.569654227442996479e-15
6.844444444444444343e+03,3.567655817488008169e-15
6.846031746031745570e+03,3.565658617642231122e-15
6.847619047619047706e+03,3.563662627279824907e-15
6.849206349206348932e+03,3.561667845774895448e-15
6.850793650793650158e+03,3.559674272501464261e-15
6.852380952380952294e+03,3.557681906833497643e-15
6.853968253968254430e+03,3.555690748144889316e-15
6.855555555555554747e+03,3.553700795809473047e-15
6.857142857142856883e+03,3.551712049201012396e-15
6.858730158730159019e+03,3.549724507693216491e-15
6.860317460317460245e+03,3.547738170659727010e-15
6.861904761904761472e+03,3.545753037474130416e-15
6.863492063492063608e+03,3.543769107509951636e-15
6.865079365079364834e+03,3.541786380140658013e-15
6.866666666666666060e+03,3.539804854739667584e-15
6.868253968253968196e+03,3.537824530680328968e-15
6.869841269841270332e+03,3.535845407335952524e-15
6.871428571428570649e+03,3.533867484079789446e-15
6.873015873015872785e+03,3.531890760285036891e-15
6.874603174603174921e+03,3.529915235324839162e-15
6.876190476190476147e+03,3.527940908572306642e-15
6.877777777777777374e+03,3.525967779400486210e-15
6.879365079365079509e+03,3.523995847182384118e-15
6.880952380952380736e+03,3.522025111290959683e-15
6.882539682539681962e+03,3.520055571099131593e-15
6.884126984126984098e+03,3.518087225979770023e-15
6.885714285714285325e+03,3.516120075305704127e-15
6.887301587301586551e+03,3.514154118449728741e-15
6.888888888888888687e+03,3.512189354784586641e-15
6.890476190476190823e+03,3.510225783682994171e-15
6.892063492063492049e+03,3.508263404517621924e-15
6.893650793650793275e+03,3.506302216661113673e-15
6.895238095238095411e+03,3.504342219486063094e-15
6.896825396825396638e+03,3.502383412365044540e-15
6.898412698412697864e+03,3.500425794670592524e-15
6.900000000000000000e+03,3.498469365775207640e-15
6.901587301587301226e+03,3.496514125051367998e-15
6.903174603174602453e+03,3.494560071871513449e-15
6.904761904761904589e+03,3.492607205608059782e-15
6.906349206349206725e+03,3.490655525633396362e-15
6.907936507936507951e+03,3.488705031319882970e-15
6.909523809523809177e+03,3.486755722039858876e-15
6.911111111111111313e+03,3.484807597165633770e-15
6.912698412698412540e+03,3.482860656069499196e-15
6.914285714285713766e+03,3.480914898123725399e-15
6.915873015873015902e+03,3.478970322700556987e-15
6.917460317460317128e+03,3.477026929172222791e-15
6.919047619047618355e+03,3.475084716910932314e-15
6.920634920634920491e+03,3.473143685288881254e-15
6.922222222222222626e+03,3.471203833678235727e-15
6.923809523809522943e+03,3.469265161451173287e-15
6.925396825396825079e+03,3.467327667979824158e-15
6.926984126984127215e+03,3.465391352636330394e-15
6.928571428571428442e+03,3.463456214792815513e-15
6.930158730158729668e+03,3.461522253821381734e-15
6.931746031746031804e+03,3.459589469094139163e-15
6.933333333333333030e+03,3.457657859983176607e-15
6.934920634920634257e+03,3.455727425860578142e-15
6.936507936507936392e+03,3.453798166098421925e-15
6.938095238095238528e+03,3.451870080068780591e-15
6.939682539682538845e+03,3.449943167143722044e-15
6.941269841269840981e+03,3.448017426695310243e-15
6.942857142857143117e+03,3.446092858095610328e-15
6.944444444444444343e+03,3.444169460716678370e-15
6.946031746031745570e+03,3.442247233930575566e-15
6.947619047619047706e+03,3.440326177109363507e-15
6.949206349206348932e+03,3.438406289625106153e-15
6.950793650793650158e+03,3.436487570849869829e-15
6.952380952380952294e+03,3.434570020155716520e-15
6.953968253968254430e+03,3.432653636914726357e-15
6.955555555555554747e+03,3.430738420498983808e-15
6.957142857142856883e+03,3.428824370280562693e-15
6.958730158730159019e+03,3.426911485631569174e-15
6.960317460317460245e+03,3.424999765924099553e-15
6.961904761904761472e+03,3.423089210530270248e-15
6.963492063492063608e+03,3.421179818822202015e-15
6.965079365079364834e+03,3.419271590172035332e-15
6.966666666666666060e+03,3.417364523951917776e-15
6.968253968253968196e+03,3.415458619534009942e-15
6.969841269841269423e+03,3.413553876290490962e-15
6.971428571428570649e+03,3.411650293593554955e-15
6.973015873015872785e+03,3.409747870815409454e-15
6.974603174603174921e+03,3.407846607328284078e-15
6.976190476190476147e+03,3.405946502504428956e-15
6.977777777777777374e+03,3.404047555716107233e-15
6.979365079365079509e+03,3.402149766335606117e-15
6.980952380952380736e+03,3.400253133735238056e-15
6.982539682539681962e+03,3.398357657287332460e-15
6.984126984126984098e+03,3.396463336364245562e-15
6.985714285714285325e+03,3.394570170338358442e-15
6.987301587301586551e+03,3.392678158582076634e-15
6.988888888888888687e+03,3.390787300467835257e-15
6.990476190476190823e+03,3.388897595368087176e-15
6.992063492063492049e+03,3.387009042655330620e-15
6.993650793650793275e+03,3.385121641702077224e-15
6.995238095238095411e+03,3.383235391880877674e-15
6.996825396825396638e+03,3.381350292564310660e-15
6.998412698412697864e+03,3.379466343124992343e-15
7.000000000000000000e+03,3.377583542935561762e-15
7.001587301587301226e+03,3.375701891368701342e-15
7.003174603174602453e+03,3.373821387797128612e-15
7.004761904761904589e+03,3.371942031593586741e-15
7.006349206349206725e+03,3.370063822130870565e-15
7.007936507936507951e+03,3.368186758781802140e-15
7.009523809523809177e+03,3.366310840919247300e-15
7.011111111111111313e+03,3.364436067916106591e-15
7.012698412698412540e+03,3.362562439145330257e-15
7.014285714285713766e+03,3.360689953979898517e-15
7.015873015873015902e+03,3.358818611792842474e-15
7.017460317460317128e+03,3.356948411957236618e-15
7.019047619047618355e+03,3.355079353846194091e-15
7.020634920634920491e+03,3.353211436832875369e-15
7.022222222222222626e+03,3.351344660290490624e-15
7.023809523809522943e+03,3.349479023592294602e-15
7.025396825396825079e+03,3.347614526111587404e-15
7.026984126984127215e+03,3.345751167221719229e-15
7.028571428571428442e+03,3.343888946296095097e-15
7.030158730158729668e+03,3.342027862708163023e-15
7.031746031746031804e+03,3.340167915831425060e-15
7.033333333333333030e+03,3.338309105039444395e-15
7.034920634920634257e+03,3.336451429705815772e-15
7.036507936507936392e+03,3.334594889204213609e-15
7.038095238095238528e+03,3.332739482908346245e-15
7.039682539682538845e+03,3.330885210191996172e-15
7.041269841269840981e+03,3.329032070428983746e-15
7.042857142857143117e+03,3.327180062993201506e-15
7.044444444444444343e+03,3.325329187258593267e-15
7.046031746031745570e+03,3.323479442599167133e-15
7.047619047619047706e+03,3.321630828388988404e-15
7.049206349206348932e+03,3.319783344002175232e-15
7.050793650793650158e+03,3.317936988812926627e-15
7.052380952380952294e+03,3.316091762195485382e-15
7.053968253968254430e+03,3.314247663524168441e-15
7.055555555555554747e+03,3.312404692173359015e-15
7.057142857142856883e+03,3.310562847517491589e-15
7.058730158730159019e+03,3.308722128931082689e-15
7.060317460317460245e+03,3.306882535788709190e-15
7.061904761904761472e+03,3.305044067465011077e-15
7.063492063492063608e+03,3.303206723334705641e-15
7.065079365079364834e+03,3.301370502772575255e-15
7.066666666666666060e+03,3.299535405153473685e-15
7.068253968253968196e+03,3.297701429852318988e-15
7.069841269841269423e+03,3.295868576244112051e-15
7.071428571428570649e+03,3.294036843703924759e-15
7.073015873015872785e+03,3.292206231606889345e-15
7.074603174603174921e+03,3.290376739328227972e-15
7.076190476190476147e+03,3.288548366243231435e-15
7.077777777777777374e+03,3.286721111727268624e-15
7.079365079365079509e+03,3.284894975155778640e-15
7.080952380952380736e+03,3.283069955904292089e-15
7.082539682539681962e+03,3.281246053348398744e-15
7.084126984126984098e+03,3.279423266863784225e-15
7.085714285714285325e+03,3.277601595826209091e-15
7.087301587301586551e+03,3.275781039611506084e-15
7.088888888888888687e+03,3.273961597595602214e-15
7.090476190476190823e+03,3.272143269154500617e-15
7.092063492063492049e+03,3.270326053664288048e-15
7.093650793650793275e+03,3.268509950501136851e-15
7.095238095238095411e+03,3.266694959041297866e-15
7.096825396825396638e+03,3.264881078661115804e-15
7.098412698412697864e+03,3.263068308737019785e-15
7.100000000000000000e+03,3.261256648645518605e-15
7.101587301587301226e+03,3.259446097763217694e-15
7.103174603174602453e+03,3.257636655466808863e-15
7.104761904761904589e+03,3.255828321133068332e-15
7.106349206349206725e+03,3.254021094138869349e-15
7.107936507936507951e+03,3.252214973861175093e-15
7.109523809523809177e+03,3.250409959677031573e-15
7.111111111111111313e+03,3.248606050963589324e-15
7.112698412698412540e+03,3.246803247098085654e-15
7.114285714285713766e+03,3.245001547457849773e-15
7.115873015873015902e+03,3.243200951420309893e-15
7.117460317460317128e+03,3.241401458362989680e-15
7.119047619047618355e+03,3.239603067663505883e-15
7.120634920634920491e+03,3.237805778699571889e-15
7.122222222222222626e+03,3.236009590849002847e-15
7.123809523809522943e+03,3.234214503489708962e-15
7.125396825396825079e+03,3.232420515999702205e-15
7.126984126984127215e+03,3.230627627757089603e-15
7.128571428571428442e+03,3.228835838140082708e-15
7.130158730158729668e+03,3.227045146526994834e-15
7.131746031746031804e+03,3.225255552296238298e-15
7.133333333333333030e+03,3.223467054826329545e-15
7.134920634920634257e+03,3.221679653495890335e-15
7.136507936507936392e+03,3.219893347683641824e-15
7.138095238095238528e+03,3.218108136768417185e-15
7.139682539682538845e+03,3.216324020129149384e-15
7.141269841269840981e+03,3.214540997144881825e-15
7.142857142857143117e+03,3.212759067194757704e-15
7.144444444444444343e+03,3.210978229658035393e-15
7.146031746031745570e+03,3.209198483914083700e-15
7.147619047619047706e+03,3.207419829342369650e-15
7.149206349206348932e+03,3.205642265322480173e-15
7.150793650793650158e+03,3.203865791234110273e-15
7.152380952380952294e+03,3.202090406457062240e-15
7.153968253968254430e+03,3.200316110371253143e-15
7.155555555555554747e+03,3.198542902356720352e-15
7.157142857142856883e+03,3.196770781793595110e-15
7.158730158730159019e+03,3.194999748062146320e-15
7.160317460317460245e+03,3.193229800542740700e-15
7.161904761904761472e+03,3.191460938615865271e-15
7.163492063492063608e+03,3.189693161662126172e-15
7.165079365079364834e+03,3.187926469062242743e-15
7.166666666666666060e+03,3.186160860197053836e-15
7.168253968253968196e+03,3.184396334447512296e-15
7.169841269841269423e+03,3.182632891194695999e-15
7.171428571428570649e+03,3.180870529819799969e-15
7.173015873015872785e+03,3.179109249704134403e-15
7.174603174603174921e+03,3.177349050229138477e-15
7.176190476190476147e+03,3.175589930776370090e-15
7.177777777777777374e+03,3.173831890727502710e-15
7.179365079365079509e+03,3.172074929464343517e-15
7.180952380952380736e+03,3.170319046368812890e-15
7.182539682539681962e+03,3.168564240822968474e-15
7.184126984126984098e+03,3.166810512208971251e-15
7.185714285714285325e+03,3.165057859909134851e-15
7.187301587301586551e+03,3.163306283305875452e-15
7.188888888888888687e+03,3.161555781781748075e-15
7.190476190476190823e+03,3.159806354719431985e-15
7.192063492063492049e+03,3.158058001501735030e-15
7.193650793650793275e+03,3.156310721511597591e-15
7.195238095238095411e+03,3.154564514132078373e-15
7.196825396825396638e+03,3.152819378746376896e-15
7.198412698412697864e+03,3.151075314737819685e-15
7.200000000000000000e+03,3.149332321489861062e-15
7.201587301587301226e+03,3.147590398386094581e-15
7.203174603174602453e+03,3.145849544810239621e-15
7.204761904761904589e+03,3.144109760146148877e-15
7.206349206349206725e+03,3.142371043777813490e-15
7.207936507936507951e+03,3.140633395089355947e-15
7.209523809523809177e+03,3.138896813465034812e-15
7.211111111111111313e+03,3.137161298289241179e-15
7.212698412698412540e+03,3.135426848946504981e-15
7.214285714285713766e+03,3.133693464821493806e-15
7.215873015873015902e+03,3.131961145299010928e-15
7.217460317460317128e+03,3.130229889763999643e-15
7.219047619047618355e+03,3.128499697601534986e-15
7.220634920634920491e+03,3.126770568196842667e-15
7.222222222222222626e+03,3.125042500935277765e-15
7.223809523809522943e+03,3.123315495202346036e-15
7.225396825396825079e+03,3.121589550383681028e-15
7.226984126984127215e+03,3.119864665865069329e-15
7.228571428571428442e+03,3.118140841032437946e-15
7.230158730158729668e+03,3.116418075271851934e-15
7.231746031746031804e+03,3.114696367969519529e-15
7.233333333333333030e+03,3.112975718511801608e-15
7.234920634920634257e+03,3.111256126285196707e-15
7.236507936507936392e+03,3.109537590676346145e-15
7.238095238095238528e+03,3.107820111072045859e-15
7.239682539682538845e+03,3.106103686859230228e-15
7.241269841269840981e+03,3.104388317424980758e-15
7.242857142857143117e+03,3.102674002156532383e-15
7.244444444444444343e+03,3.100960740441265193e-15
7.246031746031745570e+03,3.099248531666708368e-15
7.247619047619047706e+03,3.097537375220535453e-15
7.249206349206348932e+03,3.095827270490576579e-15
7.250793650793650158e+03,3.094118216864812553e-15
7.252380952380952294e+03,3.092410213731364595e-15
7.253968253968254430e+03,3.090703260478518012e-15
7.255555555555554747e+03,3.088997356494708780e-15
7.257142857142856883e+03,3.087292501168513690e-15
7.258730158730159019e+03,3.085588693888675585e-15
7.260317460317460245e+03,3.083885934044088378e-15
7.261904761904761472e+03,3.082184221023793102e-15
7.263492063492063608e+03,3.080483554216996057e-15
7.265079365079364834e+03,3.078783933013053033e-15
7.266666666666666060e+03,3.077085356801473253e-15
7.268253968253968196e+03,3.075387824971929235e-15
7.269841269841269423e+03,3.073691336914245349e-15
7.271428571428570649e+03,3.071995892018406899e-15
7.273015873015872785e+03,3.070301489674553799e-15
7.274603174603174921e+03,3.068608129272987685e-15
7.276190476190476147e+03,3.066915810204171118e-15
7.277777777777777374e+03,3.065224531858720092e-15
7.279365079365079509e+03,3.063534293627413896e-15
7.280952380952380736e+03,3.061845094901201425e-15
7.282539682539681962e+03,3.060156935071173961e-15
7.284126984126984098e+03,3.058469813528601071e-15
7.285714285714285325e+03,3.056783729664909699e-15
7.287301587301586551e+03,3.055098682871688110e-15
7.288888888888888687e+03,3.053414672540688654e-15
7.290476190476190823e+03,3.051731698063827762e-15
7.292063492063492049e+03,3.050049758833190288e-15
7.293650793650793275e+03,3.048368854241017675e-15
7.295238095238095411e+03,3.046688983679728465e-15
7.296825396825396638e+03,3.045010146541894239e-15
7.298412698412697864e+03,3.043332342220265254e-15
7.300000000000000000e+03,3.041655570107746779e-15
7.301587301587301226e+03,3.039979829597425523e-15
7.303174603174602453e+03,3.038305120082545175e-15
7.304761904761904589e+03,3.036631440956519820e-15
7.306349206349206725e+03,3.034958791612939063e-15
7.307936507936507951e+03,3.033287171445554622e-15
7.309523809523809177e+03,3.031616579848292946e-15
7.311111111111111313e+03,3.029947016215247724e-15
7.312698412698412540e+03,3.028278479940690136e-15
7.314285714285713766e+03,3.026610970419053476e-15
7.315873015873015902e+03,3.024944487044948924e-15
7.317460317460317128e+03,3.023279029213162394e-15
7.319047619047618355e+03,3.021614596318648616e-15
7.320634920634920491e+03,3.019951187756535474e-15
7.322222222222222626e+03,3.018288802922130714e-15
7.323809523809522943e+03,3.016627441210908530e-15
7.325396825396825079e+03,3.014967102018524949e-15
7.326984126984127215e+03,3.013307784740804815e-15
7.328571428571428442e+03,3.011649488773759536e-15
7.330158730158729668e+03,3.009992213513566576e-15
7.331746031746031804e+03,3.008335958356580894e-15
7.333333333333333030e+03,3.006680722699345197e-15
7.334920634920634257e+03,3.005026505938568245e-15
7.336507936507936392e+03,3.003373307471143395e-15
7.338095238095238528e+03,3.001721126694140313e-15
7.339682539682538845e+03,3.000069963004814046e-15
7.341269841269840981e+03,2.998419815800584909e-15
7.342857142857143117e+03,2.996770684479073587e-15
7.344444444444444343e+03,2.995122568438063271e-15
7.346031746031745570e+03,2.993475467075529634e-15
7.347619047619047706e+03,2.991829379789623475e-15
7.349206349206348932e+03,2.990184305978682553e-15
7.350793650793650158e+03,2.988540245041226461e-15
7.352380952380952294e+03,2.986897196375952680e-15
7.353968253968254430e+03,2.985255159381746044e-15
7.355555555555554747e+03,2.983614133457680320e-15
7.357142857142856883e+03,2.981974118003002430e-15
7.358730158730159019e+03,2.980335112417151383e-15
7.360317460317460245e+03,2.978697116099751572e-15
7.361904761904761472e+03,2.977060128450610404e-15
7.363492063492063608e+03,2.975424148869722641e-15
7.365079365079364834e+03,2.973789176757270399e-15
7.366666666666666060e+03,2.972155211513620784e-15
7.368253968253968196e+03,2.970522252539328254e-15
7.369841269841269423e+03,2.968890299235141327e-15
7.371428571428570649e+03,2.967259351001986410e-15
7.373015873015872785e+03,2.965629407240985549e-15
7.374603174603174921e+03,2.964000467353449718e-15
7.376190476190476147e+03,2.962372530740874883e-15
7.377777777777777374e+03,2.960745596804957379e-15
7.379365079365079509e+03,2.959119664947569851e-15
7.380952380952380736e+03,2.957494734570787287e-15
7.382539682539681962e+03,2.955870805076870058e-15
7.384126984126984098e+03,2.954247875868271806e-15
7.385714285714285325e+03,2.952625946347640625e-15
7.387301587301586551e+03,2.951005015917813151e-15
7.388888888888888687e+03,2.949385083981819286e-15
7.390476190476190823e+03,2.947766149942886546e-15
7.392063492063492049e+03,2.946148213204435320e-15
7.393650793650793275e+03,2.944531273170074932e-15
7.395238095238095411e+03,2.942915329243612314e-15
7.396825396825396638e+03,2.941300380829057135e-15
7.398412698412697864e+03,2.939686427330598531e-15
7.400000000000000000e+03,2.938073468152636658e-15
7.401587301587301226e+03,2.936461502699758631e-15
7.403174603174602453e+03,2.934850530376754699e-15
7.404761904761904589e+03,2.933240550588604040e-15
7.406349206349206725e+03,2.931631562740491333e-15
7.407936507936507041e+03,2.930023566237800049e-15
7.409523809523809177e+03,2.928416560486100224e-15
7.411111111111111313e+03,2.926810544891169760e-15
7.412698412698412540e+03,2.925205518858988901e-15
7.414285714285713766e+03,2.923601481795728400e-15
7.415873015873015902e+03,2.921998433107765299e-15
7.417460317460317128e+03,2.920396372201673855e-15
7.419047619047618355e+03,2.918795298484229878e-15
7.420634920634920491e+03,2.917195211362407183e-15
7.422222222222222626e+03,2.915596110243388631e-15
7.423809523809522943e+03,2.913997994534549963e-15
7.425396825396825079e+03,2.912400863643479121e-15
7.426984126984127215e+03,2.910804716977952191e-15
7.428571428571428442e+03,2.909209553945964562e-15
7.430158730158729668e+03,2.907615373955703317e-15
7.431746031746031804e+03,2.906022176415559854e-15
7.433333333333333030e+03,2.904429960734138956e-15
7.434920634920634257e+03,2.902838726320242230e-15
7.436507936507936392e+03,2.901248472582875200e-15
7.438095238095238528e+03,2.899659198931252047e-15
7.439682539682538845e+03,2.898070904774793237e-15
7.441269841269840981e+03,2.896483589523118818e-15
7.442857142857143117e+03,2.894897252586062621e-15
7.444444444444444343e+03,2.893311893373664761e-15
7.446031746031745570e+03,2.891727511296163754e-15
7.447619047619047706e+03,2.890144105764015448e-15
7.449206349206348932e+03,2.888561676187881185e-15
7.450793650793650158e+03,2.886980221978622289e-15
7.452380952380952294e+03,2.885399742547318594e-15
7.453968253968254430e+03,2.883820237305256222e-15
7.455555555555554747e+03,2.882241705663929951e-15
7.457142857142856883e+03,2.880664147035038477e-15
7.458730158730159019e+03,2.879087560830498222e-15
7.460317460317460245e+03,2.877511946462434263e-15
7.461904761904761472e+03,2.875937303343181118e-15
7.463492063492063608e+03,2.874363630885281172e-15
7.465079365079364834e+03,2.872790928501495322e-15
7.466666666666666060e+03,2.871219195604784837e-15
7.468253968253968196e+03,2.869648431608336994e-15
7.469841269841269423e+03,2.868078635925541020e-15
7.471428571428570649e+03,2.866509807970001499e-15
7.473015873015872785e+03,2.864941947155537191e-15
7.474603174603174921e+03,2.863375052896178667e-15
7.476190476190476147e+03,2.861809124606172250e-15
7.477777777777777374e+03,2.860244161699978044e-15
7.479365079365079509e+03,2.858680163592267173e-15
7.480952380952380736e+03,2.857117129697926517e-15
7.482539682539681962e+03,2.855555059432063439e-15
7.484126984126984098e+03,2.853993952209991198e-15
7.485714285714285325e+03,2.852433807447248271e-15
7.487301587301586551e+03,2.850874624559582972e-15
7.488888888888888687e+03,2.849316402962959764e-15
7.490476190476190823e+03,2.847759142073563201e-15
7.492063492063492049e+03,2.846202841307795957e-15
7.493650793650793275e+03,2.844647500082271727e-15
7.495238095238095411e+03,2.843093117813825087e-15
7.496825396825396638e+03,2.841539693919511493e-15
7.498412698412697864e+03,2.839987227816599002e-15
7.500000000000000000e+03,2.838435718922578915e-15
7.501587301587301226e+03,2.836885166655160260e-15
7.503174603174602453e+03,2.835335570432267424e-15
7.504761904761904589e+03,2.833786929672050804e-15
7.506349206349206725e+03,2.832239243792876154e-15
7.507936507936507041e+03,2.830692512213330899e-15
7.509523809523809177e+03,2.829146734352222556e-15
7.511111111111111313e+03,2.827601909628577550e-15
7.512698412698412540e+03,2.826058037461651078e-15
7.514285714285713766e+03,2.824515117270905410e-15
7.515873015873015902e+03,2.822973148476038293e-15
7.517460317460317128e+03,2.821432130496963622e-15
7.519047619047618355e+03,2.819892062753816172e-15
7.520634920634920491e+03,2.818352944666956332e-15
7.522222222222222626e+03,2.816814775656963401e-15
7.523809523809522943e+03,2.815277555144649786e-15
7.525396825396825079e+03,2.813741282551034971e-15
7.526984126984127215e+03,2.812205957297377856e-15
7.528571428571428442e+03,2.810671578805149943e-15
7.530158730158729668e+03,2.809138146496058995e-15
7.531746031746031804e+03,2.807605659792024191e-15
7.533333333333333030e+03,2.806074118115197818e-15
7.534920634920634257e+03,2.804543520887955806e-15
7.536507936507936392e+03,2.803013867532899699e-15
7.538095238095238528e+03,2.801485157472853497e-15
7.539682539682538845e+03,2.799957390130875101e-15
7.541269841269840981e+03,2.798430564930238164e-15
7.542857142857143117e+03,2.796904681294453786e-15
7.544444444444444343e+03,2.795379738647252765e-15
7.546031746031745570e+03,2.793855736412594273e-15
7.547619047619047706e+03,2.792332674014666253e-15
7.549206349206348932e+03,2.790810550877886997e-15
7.550793650793650158e+03,2.789289366426895674e-15
7.552380952380952294e+03,2.787769120086566142e-15
7.553968253968253521e+03,2.786249811281999451e-15
7.555555555555554747e+03,2.784731439438523052e-15
7.557142857142856883e+03,2.783214003981694746e-15
7.558730158730159019e+03,2.781697504337305834e-15
7.560317460317460245e+03,2.780181939931369685e-15
7.561904761904761472e+03,2.778667310190136717e-15
7.563492063492063608e+03,2.777153614540082175e-15
7.565079365079364834e+03,2.775640852407917173e-15
7.566666666666666060e+03,2.774129023220577258e-15
7.568253968253968196e+03,2.772618126405234238e-15
7.569841269841269423e+03,2.771108161389287508e-15
7.571428571428570649e+03,2.769599127600371939e-15
7.573015873015872785e+03,2.768091024466350777e-15
7.574603174603174921e+03,2.766583851415319587e-15
7.576190476190476147e+03,2.765077607875609014e-15
7.577777777777777374e+03,2.763572293275781236e-15
7.579365079365079509e+03,2.762067907044627987e-15
7.580952380952380736e+03,2.760564448611177266e-15
7.582539682539681962e+03,2.759061917404690969e-15
7.584126984126984098e+03,2.757560312854662129e-15
7.585714285714285325e+03,2.756059634390818463e-15
7.587301587301586551e+03,2.754559881443124349e-15
7.588888888888888687e+03,2.753061053441772144e-15
7.590476190476190823e+03,2.751563149817195992e-15
7.592063492063492049e+03,2.750066170000063538e-15
7.593650793650793275e+03,2.748570113421271988e-15
7.595238095238095411e+03,2.747074979511961515e-15
7.596825396825396638e+03,2.745580767703501063e-15
7.598412698412697864e+03,2.744087477427499389e-15
7.600000000000000000e+03,2.742595108115797176e-15
7.601587301587301226e+03,2.741103659200481625e-15
7.603174603174603362e+03,2.739613130113860819e-15
7.604761904761904589e+03,2.738123520288495669e-15
7.606349206349205815e+03,2.736634829157171125e-15
7.607936507936507951e+03,2.735147056152918260e-15
7.609523809523809177e+03,2.733660200709001257e-15
7.611111111111111313e+03,2.732174262258920166e-15
7.612698412698412540e+03,2.730689240236420374e-15
7.614285714285713766e+03,2.729205134075478011e-15
7.615873015873015902e+03,2.727721943210309413e-15
7.617460317460317128e+03,2.726239667075374281e-15
7.619047619047619264e+03,2.724758305105364241e-15
7.620634920634920491e+03,2.723277856735211915e-15
7.622222222222221717e+03,2.721798321400095261e-15
7.623809523809523853e+03,2.720319698535421798e-15
7.625396825396825079e+03,2.718841987576848716e-15
7.626984126984126306e+03,2.717365187960264342e-15
7.628571428571428442e+03,2.715889299121804708e-15
7.630158730158729668e+03,2.714414320497839739e-15
7.631746031746031804e+03,2.712940251524987461e-15
7.633333333333333030e+03,2.711467091640096639e-15
7.634920634920634257e+03,2.709994840280269263e-15
7.636507936507936392e+03,2.708523496882839643e-15
7.638095238095237619e+03,2.707053060885382691e-15
7.639682539682539755e+03,2.705583531725724178e-15
7.641269841269840981e+03,2.704114908841921798e-15
7.642857142857142208e+03,2.702647191672284499e-15
7.644444444444444343e+03,2.701180379655353548e-15
7.646031746031745570e+03,2.699714472229922647e-15
7.647619047619047706e+03,2.698249468835021763e-15
7.649206349206348932e+03,2.696785368909925408e-15
7.650793650793650158e+03,2.695322171894152643e-15
7.652380952380952294e+03,2.693859877227466285e-15
7.653968253968253521e+03,2.692398484349870939e-15
7.655555555555555657e+03,2.690937992701612994e-15
7.657142857142856883e+03,2.689478401723186542e-15
7.658730158730158109e+03,2.688019710855332195e-15
7.660317460317460245e+03,2.686561919539028405e-15
7.661904761904761472e+03,2.685105027215502510e-15
7.663492063492063608e+03,2.683649033326222058e-15
7.665079365079364834e+03,2.682193937312909001e-15
7.666666666666666060e+03,2.680739738617521953e-15
7.668253968253968196e+03,2.679286436682265650e-15
7.669841269841269423e+03,2.677834030949596081e-15
7.671428571428571558e+03,2.676382520862207077e-15
7.673015873015872785e+03,2.674931905863047666e-15
7.674603174603174011e+03,2.673482185395302744e-15
7.676190476190476147e+03,2.672033358902414376e-15
7.677777777777777374e+03,2.670585425828060892e-15
7.679365079365079509e+03,2.669138385616175422e-15
7.680952380952380736e+03,2.667692237710932884e-15
7.682539682539681962e+03,2.666246981556758658e-15
7.684126984126984098e+03,2.664802616598323461e-15
7.685714285714285325e+03,2.663359142280544132e-15
7.687301587301587460e+03,2.661916558048590343e-15
7.688888888888888687e+03,2.660474863347874733e-15
7.690476190476189913e+03,2.659034057624059617e-15
7.692063492063492049e+03,2.657594140323055012e-15
7.693650793650793275e+03,2.656155110891022580e-15
7.695238095238095411e+03,2.654716968774364194e-15
7.696825396825396638e+03,2.653279713419744020e-15
7.698412698412697864e+03,2.651843344274059730e-15
7.700000000000000000e+03,2.650407860784470500e-15
7.701587301587301226e+03,2.648973262398377296e-15
7.703174603174603362e+03,2.647539548563433909e-15
7.704761904761904589e+03,2.646106718727546177e-15
7.706349206349205815e+03,2.644674772338862506e-15
7.707936507936507951e+03,2.643243708845786110e-15
7.709523809523809177e+03,2.641813527696970269e-15
7.711111111111111313e+03,2.640384228341317543e-15
7.712698412698412540e+03,2.638955810227980955e-15
7.714285714285713766e+03,2.637528272806368333e-15
7.715873015873015902e+03,2.636101615526128103e-15
7.717460317460317128e+03,2.634675837837173359e-15
7.719047619047619264e+03,2.633250939189655426e-15
7.720634920634920491e+03,2.631826919033985956e-15
7.722222222222221717e+03,2.630403776820823120e-15
7.723809523809523853e+03,2.628981512001079101e-15
7.725396825396825079e+03,2.627560124025916546e-15
7.726984126984126306e+03,2.626139612346752905e-15
7.728571428571428442e+03,2.624719976415252145e-15
7.730158730158729668e+03,2.623301215683337770e-15
7.731746031746031804e+03,2.621883329603179012e-15
7.733333333333333030e+03,2.620466317627201487e-15
7.734920634920634257e+03,2.619050179208082846e-15
7.736507936507936392e+03,2.617634913798753576e-15
7.738095238095237619e+03,2.616220520852396990e-15
7.739682539682539755e+03,2.614806999822450022e-15
7.741269841269840981e+03,2.613394350162603222e-15
7.742857142857142208e+03,2.611982571326798000e-15
7.744444444444444343e+03,2.610571662769234907e-15
7.746031746031745570e+03,2.609161623944361013e-15
7.747619047619047706e+03,2.607752454306885681e-15
7.749206349206348932e+03,2.606344153311764798e-15
7.750793650793650158e+03,2.604936720414213389e-15
7.752380952380952294e+03,2.603530155069699309e-15
7.753968253968253521e+03,2.602124456733945610e-15
7.755555555555555657e+03,2.600719624862926596e-15
7.757142857142856883e+03,2.599315658912875317e-15
7.758730158730158109e+03,2.597912558340283570e-15
7.760317460317460245e+03,2.596510322601883755e-15
7.761904761904761472e+03,2.595108951154682795e-15
7.763492063492063608e+03,2.593708443455926636e-15
7.765079365079364834e+03,2.592308798963127075e-15
7.766666666666666060e+03,2.590910017134050311e-15
7.768253968253968196e+03,2.589512097426709461e-15
7.769841269841269423e+03,2.588115039299387429e-15
7.771428571428571558e+03,2.586718842210610879e-15
7.773015873015872785e+03,2.585323505619170743e-15
7.774603174603174011e+03,2.583929028984111572e-15
7.776190476190476147e+03,2.582535411764731535e-15
7.777777777777777374e+03,2.581142653420593464e-15
7.779365079365079509e+03,2.579750753411506711e-15
7.780952380952380736e+03,2.578359711197546474e-15
7.782539682539681962e+03,2.576969526239038413e-15
7.784126984126984098e+03,2.575580197996568513e-15
7.785714285714285325e+03,2.574191725930981110e-15
7.787301587301587460e+03,2.572804109503374162e-15
7.788888888888888687e+03,2.571417348175108313e-15
7.790476190476189913e+03,2.570031441407797434e-15
7.792063492063492049e+03,2.568646388663314932e-15
7.793650793650793275e+03,2.567262189403791776e-15
7.795238095238095411e+03,2.565878843091617286e-15
7.796825396825396638e+03,2.564496349189439529e-15
7.798412698412697864e+03,2.563114707160163348e-15
7.800000000000000000e+03,2.561733916466954302e-15
7.801587301587301226e+03,2.560353976573234332e-15
7.803174603174603362e+03,2.558974886942683333e-15
7.804761904761904589e+03,2.557596647039241529e-15
7.806349206349205815e+03,2.556219256327110648e-15
7.807936507936507951e+03,2.554842714270745643e-15
7.809523809523809177e+03,2.553467020334866524e-15
7.811111111111111313e+03,2.552092173984446527e-15
7.812698412698412540e+03,2.550718174684723549e-15
7.814285714285713766e+03,2.549345021901191867e-15
7.815873015873015902e+03,2.547972715099606084e-15
7.817460317460317128e+03,2.546601253745979941e-15
7.819047619047618355e+03,2.545230637306592633e-15
7.820634920634920491e+03,2.543860865247968294e-15
7.822222222222221717e+03,2.542491937036913079e-15
7.823809523809523853e+03,2.541123852140472954e-15
7.825396825396825079e+03,2.539756610025963281e-15
7.826984126984126306e+03,2.538390210160963298e-15
7.828571428571428442e+03,2.537024652013305072e-15
7.830158730158729668e+03,2.535659935051084937e-15
7.831746031746031804e+03,2.534296058742660341e-15
7.833333333333333030e+03,2.532933022556649847e-15
7.834920634920634257e+03,2.531570825961926816e-15
7.836507936507936392e+03,2.530209468427637164e-15
7.838095238095237619e+03,2.528848949423177663e-15
7.839682539682539755e+03,2.527489268418208564e-15
7.841269841269840981e+03,2.526130424882658333e-15
7.842857142857142208e+03,2.524772418286703925e-15
7.844444444444444343e+03,2.523415248100795241e-15
7.846031746031745570e+03,2.522058913795641720e-15
7.847619047619047706e+03,2.520703414842206416e-15
7.849206349206348932e+03,2.519348750711726120e-15
7.850793650793650158e+03,2.517994920875689268e-15
7.852380952380952294e+03,2.516641924805852512e-15
7.853968253968253521e+03,2.515289761974235190e-15
7.855555555555555657e+03,2.513938431853108685e-15
7.857142857142856883e+03,2.512587933915024029e-15
7.858730158730158109e+03,2.511238267632777197e-15
7.860317460317460245e+03,2.509889432479437502e-15
7.861904761904761472e+03,2.508541427928334189e-15
7.863492063492063608e+03,2.507194253453056036e-15
7.865079365079364834e+03,2.505847908527456487e-15
7.866666666666666060e+03,2.504502392625658378e-15
7.868253968253968196e+03,2.503157705222033828e-15
7.869841269841269423e+03,2.501813845791230267e-15
7.871428571428571558e+03,2.500470813808151113e-15
7.873015873015872785e+03,2.499128608747966019e-15
7.874603174603174011e+03,2.497787230086110096e-15
7.876190476190476147e+03,2.496446677298270887e-15
7.877777777777777374e+03,2.495106949860417558e-15
7.879365079365079509e+03,2.493768047248764613e-15
7.880952380952380736e+03,2.492429968939801472e-15
7.882539682539681962e+03,2.491092714410276697e-15
7.884126984126984098e+03,2.489756283137205089e-15
7.885714285714285325e+03,2.488420674597863353e-15
7.887301587301587460e+03,2.487085888269790490e-15
7.888888888888888687e+03,2.485751923630796078e-15
7.890476190476189913e+03,2.484418780158946076e-15
7.892063492063492049e+03,2.483086457332573474e-15
7.893650793650793275e+03,2.481754954630280656e-15
7.895238095238095411e+03,2.480424271530924020e-15
7.896825396825396638e+03,2.479094407513631333e-15
7.898412698412697864e+03,2.477765362057796994e-15
7.900000000000000000e+03,2.476437134643069813e-15
7.901587301587301226e+03,2.475109724749377067e-15
7.903174603174603362e+03,2.473783131856896890e-15
7.904761904761904589e+03,2.472457355446082728e-15
7.906349206349205815e+03,2.471132394997649141e-15
7.907936507936507951e+03,2.469808249992570619e-15
7.909523809523809177e+03,2.468484919912096964e-15
7.911111111111111313e+03,2.467162404237734752e-15
7.912698412698412540e+03,2.465840702451256799e-15
7.914285714285713766e+03,2.464519814034706107e-15
7.915873015873015902e+03,2.463199738470384030e-15
7.917460317460317128e+03,2.461880475240860528e-15
7.919047619047618355e+03,2.460562023828974168e-15
7.920634920634920491e+03,2.459244383717823449e-15
7.922222222222221717e+03,2.457927554390774686e-15
7.923809523809523853e+03,2.456611535331459646e-15
7.925396825396825079e+03,2.455296326023776338e-15
7.926984126984126306e+03,2.453981925951888220e-15
7.928571428571428442e+03,2.452668334600226572e-15
7.930158730158729668e+03,2.451355551453481416e-15
7.931746031746031804e+03,2.450043575996618091e-15
7.933333333333333030e+03,2.448732407714860284e-15
7.934920634920634257e+03,2.447422046093702264e-15
7.936507936507936392e+03,2.446112490618900595e-15
7.938095238095237619e+03,2.444803740776485181e-15
7.939682539682539755e+03,2.443495796052741912e-15
7.941269841269840981e+03,2.442188655934231597e-15
7.942857142857142208e+03,2.440882319907777734e-15
7.944444444444444343e+03,2.439576787460466906e-15
7.946031746031745570e+03,2.438272058079662194e-15
7.947619047619047706e+03,2.436968131252977139e-15
7.949206349206348932e+03,2.435665006468312430e-15
7.950793650793650158e+03,2.434362683213816458e-15
7.952380952380952294e+03,2.433061160977913320e-15
7.953968253968253521e+03,2.431760439249295327e-15
7.955555555555555657e+03,2.430460517516916294e-15
7.957142857142856883e+03,2.429161395269999043e-15
7.958730158730158109e+03,2.427863071998036576e-15
7.960317460317460245e+03,2.426565547190779855e-15
7.961904761904761472e+03,2.425268820338260281e-15
7.963492063492063608e+03,2.423972890930760509e-15
7.965079365079364834e+03,2.422677758458844815e-15
7.966666666666666060e+03,2.421383422413336617e-15
7.968253968253968196e+03,2.420089882285325574e-15
7.969841269841269423e+03,2.418797137566173106e-15
7.971428571428571558e+03,2.417505187747503325e-15
7.973015873015872785e+03,2.416214032321214471e-15
7.974603174603174011e+03,2.414923670779463534e-15
7.976190476190476147e+03,2.413634102614680838e-15
7.977777777777777374e+03,2.412345327319560981e-15
7.979365079365079509e+03,2.411057344387069138e-15
7.980952380952380736e+03,2.409770153310436725e-15
7.982539682539681962e+03,2.408483753583160608e-15
7.984126984126984098e+03,2.407198144699007446e-15
7.985714285714285325e+03,2.405913326152009743e-15
7.987301587301587460e+03,2.404629297436469793e-15
7.988888888888888687e+03,2.403346058046958498e-15
7.990476190476189913e+03,2.402063607478309449e-15
7.992063492063492049e+03,2.400781945225629186e-15
7.993650793650793275e+03,2.399501070784290093e-15
7.995238095238095411e+03,2.398220983649931977e-15
7.996825396825396638e+03,2.396941683318463253e-15
7.998412698412697864e+03,2.395663169286061340e-15
8.000000000000000000e+03,2.394385441049168315e-15
8.001587301587301226e+03,2.393108498104496838e-15
8.003174603174603362e+03,2.391832339949029359e-15
8.004761904761904589e+03,2.390556966080010229e-15
8.006349206349205815e+03,2.389282375994961871e-15
8.007936507936507951e+03,2.388008569191662303e-15
8.009523809523809177e+03,2.386735545168168401e-15
8.011111111111111313e+03,2.385463303422798946e-15
8.012698412698412540e+03,2.384191843454146452e-15
8.014285714285713766e+03,2.382921164761066518e-15
8.015873015873015902e+03,2.381651266842682958e-15
8.017460317460317128e+03,2.380382149198393317e-15
8.019047619047618355e+03,2.379113811327857833e-15
8.020634920634920491e+03,2.377846252731009296e-15
8.022222222222221717e+03,2.376579472908045158e-15
8.023809523809523853e+03,2.375313471359434633e-15
8.025396825396825079e+03,2.374048247585914754e-15
8.026984126984126306e+03,2.372783801088488400e-15
8.028571428571428442e+03,2.371520131368430212e-15
8.030158730158729668e+03,2.370257237927282257e-15
8.031746031746031804e+03,2.368995120266853628e-15
8.033333333333333030e+03,2.367733777889225578e-15
8.034920634920634257e+03,2.366473210296744415e-15
8.036507936507936392e+03,2.365213416992027028e-15
8.038095238095237619e+03,2.363954397477959307e-15
8.039682539682539755e+03,2.362696151257692594e-15
8.041269841269840981e+03,2.361438677834653148e-15
8.042857142857142208e+03,2.360181976712529131e-15
8.044444444444444343e+03,2.358926047395282044e-15
8.046031746031745570e+03,2.357670889387140419e-15
8.047619047619047706e+03,2.356416502192601788e-15
8.049206349206348932e+03,2.355162885316433080e-15
8.050793650793650158e+03,2.353910038263670621e-15
8.052380952380952294e+03,2.352657960539614608e-15
8.053968253968253521e+03,2.351406651649844103e-15
8.055555555555555657e+03,2.350156111100196519e-15
8.057142857142856883e+03,2.348906338396783792e-15
8.058730158730158109e+03,2.347657333045987650e-15
8.060317460317460245e+03,2.346409094554453693e-15
8.061904761904761472e+03,2.345161622429104018e-15
8.063492063492063608e+03,2.343914916177120258e-15
8.065079365079364834e+03,2.342668975305962118e-15
8.066666666666666060e+03,2.341423799323353570e-15
8.068253968253968196e+03,2.340179387737286015e-15
8.069841269841269423e+03,2.338935740056024977e-15
8.071428571428571558e+03,2.337692855788101436e-15
8.073015873015872785e+03,2.336450734442317345e-15
8.074603174603174011e+03,2.335209375527741289e-15
8.076190476190476147e+03,2.333968778553710859e-15
8.077777777777777374e+03,2.332728943029838561e-15
8.079365079365079509e+03,2.331489868465996437e-15
8.080952380952380736e+03,2.330251554372335786e-15
8.082539682539681962e+03,2.329014000259268625e-15
8.084126984126984098e+03,2.327777205637481102e-15
8.085714285714285325e+03,2.326541170017927969e-15
8.087301587301587460e+03,2.325305892911828250e-15
8.088888888888888687e+03,2.324071373830679038e-15
8.090476190476189913e+03,2.322837612286238150e-15
8.092063492063492049e+03,2.321604607790535949e-15
8.093650793650793275e+03,2.320372359855874170e-15
8.095238095238095411e+03,2.319140867994820393e-15
8.096825396825396638e+03,2.317910131720211199e-15
8.098412698412697864e+03,2.316680150545156115e-15
8.100000000000000000e+03,2.315450923983027753e-15
8.101587301587301226e+03,2.314222451547475617e-15
8.103174603174603362e+03,2.312994732752412294e-15
8.104761904761904589e+03,2.311767767112020951e-15
8.106349206349205815e+03,2.310541554140757701e-15
8.107936507936507951e+03,2.309316093353340952e-15
8.109523809523809177e+03,2.308091384264763638e-15
8.111111111111110404e+03,2.306867426390287298e-15
8.112698412698412540e+03,2.305644219245439713e-15
8.114285714285713766e+03,2.304421762346021609e-15
8.115873015873015902e+03,2.303200055208100347e-15
8.117460317460317128e+03,2.301979097348012685e-15
8.119047619047618355e+03,2.300758888282368324e-15
8.120634920634920491e+03,2.299539427528037689e-15
8.122222222222221717e+03,2.298320714602170850e-15
8.123809523809523853e+03,2.297102749022178599e-15
8.125396825396825079e+03,2.295885530305747435e-15
8.126984126984126306e+03,2.294669057970824969e-15
8.128571428571428442e+03,2.293453331535638463e-15
8.130158730158729668e+03,2.292238350518674715e-15
8.131746031746031804e+03,2.291024114438694651e-15
8.133333333333333030e+03,2.289810622814729384e-15
8.134920634920634257e+03,2.288597875166073109e-15
8.136507936507936392e+03,2.287385871012298098e-15
8.138095238095237619e+03,2.286174609873236945e-15
8.139682539682539755e+03,2.284964091268997161e-15
8.141269841269840981e+03,2.283754314719953684e-15
8.142857142857142208e+03,2.282545279746750451e-15
8.144444444444444343e+03,2.281336985870298429e-15
8.146031746031745570e+03,2.280129432611783108e-15
8.147619047619047706e+03,2.278922619492651883e-15
8.149206349206348932e+03,2.277716546034628640e-15
8.150793650793650158e+03,2.276511211759700353e-15
8.152380952380952294e+03,2.275306616190125365e-15
8.153968253968253521e+03,2.274102758848433384e-15
8.155555555555555657e+03,2.272899639257417600e-15
8.157142857142856883e+03,2.271697256940145727e-15
8.158730158730158109e+03,2.270495611419950533e-15
8.160317460317460245e+03,2.269294702220436947e-15
8.161904761904761472e+03,2.268094528865475742e-15
8.163492063492063608e+03,2.266895090879210241e-15
8.165079365079364834e+03,2.265696387786049618e-15
8.166666666666666060e+03,2.264498419110672831e-15
8.168253968253968196e+03,2.263301184378027057e-15
8.169841269841269423e+03,2.262104683113332414e-15
8.171428571428571558e+03,2.260908914842072107e-15
8.173015873015872785e+03,2.259713879090002288e-15
8.174603174603174011e+03,2.258519575383145347e-15
8.176190476190476147e+03,2.257326003247794650e-15
8.177777777777777374e+03,2.256133162210511381e-15
8.179365079365079509e+03,2.254941051798124541e-15
8.180952380952380736e+03,2.253749671537734500e-15
8.182539682539681962e+03,2.252559020956708262e-15
8.184126984126984098e+03,2.251369099582681046e-15
8.185714285714285325e+03,2.250179906943559832e-15
8.187301587301587460e+03,2.248991442567516261e-15
8.188888888888888687e+03,2.247803705982993347e-15
8.190476190476189913e+03,2.246616696718704678e-15
8.192063492063491140e+03,2.245430414303625747e-15
8.193650793650793275e+03,2.244244858267008148e-15
8.195238095238095411e+03,2.243060028138366165e-15
8.196825396825395728e+03,2.241875923447488211e-15
8.198412698412697864e+03,2.240692543724424997e-15
8.200000000000000000e+03,2.239509888499501360e-15
8.201587301587300317e+03,2.238327957303308380e-15
8.203174603174604272e+03,2.237146749666702194e-15
8.204761904761904589e+03,2.235966265120816223e-15
8.206349206349204906e+03,2.234786503197044212e-15
8.207936507936508860e+03,2.233607463427047331e-15
8.209523809523809177e+03,2.232429145342764428e-15
8.211111111111109494e+03,2.231251548476395857e-15
8.212698412698413449e+03,2.230074672360406639e-15
8.214285714285713766e+03,2.228898516527540259e-15
8.215873015873015902e+03,2.227723080510800133e-15
8.217460317460318038e+03,2.226548363843462228e-15
8.219047619047618355e+03,2.225374366059069542e-15
8.220634920634920491e+03,2.224201086691430917e-15
8.222222222222222626e+03,2.223028525274627749e-15
8.223809523809522943e+03,2.221856681343007671e-15
8.225396825396825079e+03,2.220685554431182587e-15
8.226984126984127215e+03,2.219515144074038530e-15
8.228571428571427532e+03,2.218345449806727773e-15
8.230158730158729668e+03,2.217176471164668041e-15
8.231746031746031804e+03,2.216008207683545666e-15
8.233333333333332121e+03,2.214840658899319530e-15
8.234920634920634257e+03,2.213673824348208448e-15
8.236507936507936392e+03,2.212507703566706150e-15
8.238095238095236709e+03,2.211342296091574580e-15
8.239682539682540664e+03,2.210177601459832850e-15
8.241269841269840981e+03,2.209013619208782881e-15
8.242857142857141298e+03,2.207850348875984152e-15
8.244444444444445253e+03,2.206687789999264755e-15
8.246031746031745570e+03,2.205525942116725330e-15
8.247619047619047706e+03,2.204364804766730391e-15
8.249206349206349842e+03,2.203204377487911483e-15
8.250793650793650158e+03,2.202044659819171912e-15
8.252380952380952294e+03,2.200885651299678070e-15
8.253968253968254430e+03,2.199727351468863379e-15
8.255555555555554747e+03,2.198569759866436571e-15
8.257142857142856883e+03,2.197412876032359606e-15
8.258730158730159019e+03,2.196256699506877643e-15
8.260317460317459336e+03,2.195101229830495375e-15
8.261904761904761472e+03,2.193946466543979793e-15
8.263492063492063608e+03,2.192792409188375962e-15
8.265079365079363924e+03,2.191639057304990058e-15
8.266666666666666060e+03,2.190486410435393710e-15
8.268253968253968196e+03,2.189334468121431493e-15
8.269841269841268513e+03,2.188183229905209883e-15
8.271428571428572468e+03,2.187032695329102780e-15
8.273015873015872785e+03,2.185882863935759398e-15
8.274603174603173102e+03,2.184733735268082962e-15
8.276190476190477057e+03,2.183585308869250432e-15
8.277777777777777374e+03,2.182437584282708955e-15
8.279365079365079509e+03,2.181290561052166394e-15
8.280952380952381645e+03,2.180144238721598826e-15
8.282539682539681962e+03,2.178998616835255274e-15
8.284126984126984098e+03,2.177853694937640352e-15
8.285714285714286234e+03,2.176709472573535562e-15
8.287301587301586551e+03,2.175565949287984706e-15
8.288888888888888687e+03,2.174423124626296246e-15
8.290476190476190823e+03,2.173280998134049618e-15
8.292063492063491140e+03,2.172139569357088133e-15
8.293650793650793275e+03,2.170998837841521737e-15
8.295238095238095411e+03,2.169858803133727799e-15
8.296825396825395728e+03,2.168719464780349928e-15
8.298412698412697864e+03,2.167580822328296004e-15
8.300000000000000000e+03,2.166442875324743695e-15
8.301587301587300317e+03,2.165305623317134543e-15
8.303174603174604272e+03,2.164169065853174360e-15
8.304761904761904589e+03,2.163033202480843875e-15
8.306349206349204906e+03,2.161898032748379014e-15
8.307936507936508860e+03,2.160763556204285098e-15
8.309523809523809177e+03,2.159629772397340000e-15
8.311111111111109494e+03,2.158496680876579946e-15
8.312698412698413449e+03,2.157364281191307006e-15
8.314285714285713766e+03,2.156232572891095409e-15
8.315873015873015902e+03,2.155101555525780891e-15
8.317460317460318038e+03,2.153971228645463849e-15
8.319047619047618355e+03,2.152841591800515262e-15
8.320634920634920491e+03,2.151712644541565248e-15
8.322222222222222626e+03,2.150584386419516082e-15
8.323809523809522943e+03,2.149456816985531153e-15
8.325396825396825079e+03,2.148329935791038907e-15
8.326984126984127215e+03,2.147203742387739157e-15
8.328571428571427532e+03,2.146078236327590859e-15
8.330158730158729668e+03,2.144953417162820785e-15
8.331746031746031804e+03,2.143829284445919187e-15
8.333333333333332121e+03,2.142705837729650054e-15
8.334920634920634257e+03,2.141583076567027441e-15
8.336507936507936392e+03,2.140461000511344267e-15
8.338095238095236709e+03,2.139339609116151802e-15
8.339682539682540664e+03,2.138218901935267163e-15
8.341269841269840981e+03,2.137098878522775678e-15
8.342857142857141298e+03,2.135979538433023002e-15
8.344444444444445253e+03,2.134860881220621423e-15
8.346031746031745570e+03,2.133742906440451047e-15
8.347619047619047706e+03,2.132625613647651910e-15
8.349206349206349842e+03,2.131509002397631868e-15
8.350793650793650158e+03,2.130393072246063832e-15
8.352380952380952294e+03,2.129277822748883010e-15
8.353968253968254430e+03,2.128163253462290062e-15
8.355555555555554747e+03,2.127049363942753071e-15
8.357142857142856883e+03,2.125936153746999657e-15
8.358730158730159019e+03,2.124823622432022891e-15
8.360317460317459336e+03,2.123711769555086815e-15
8.361904761904761472e+03,2.122600594673707121e-15
8.363492063492063608e+03,2.121490097345678363e-15
8.365079365079363924e+03,2.120380277129048713e-15
8.366666666666666060e+03,2.119271133582132583e-15
8.368253968253968196e+03,2.118162666263511414e-15
8.369841269841268513e+03,2.117054874732027763e-15
8.371428571428572468e+03,2.115947758546788452e-15
8.373015873015872785e+03,2.114841317267168518e-15
8.374603174603173102e+03,2.113735550452801742e-15
8.376190476190477057e+03,2.112630457663582232e-15
8.377777777777777374e+03,2.111526038459680590e-15
8.379365079365079509e+03,2.110422292401517487e-15
8.380952380952381645e+03,2.109319219049784173e-15
8.382539682539681962e+03,2.108216817965438534e-15
8.384126984126984098e+03,2.107115088709690497e-15
8.385714285714286234e+03,2.106014030844024117e-15
8.387301587301586551e+03,2.104913643930184563e-15
8.388888888888888687e+03,2.103813927530175355e-15
8.390476190476190823e+03,2.102714881206267832e-15
8.392063492063491140e+03,2.101616504520996813e-15
8.393650793650793275e+03,2.100518797037155863e-15
8.395238095238095411e+03,2.099421758317807153e-15
8.396825396825395728e+03,2.098325387926272786e-15
8.398412698412697864e+03,2.097229685426135580e-15
8.400000000000000000e+03,2.096134650381246570e-15
8.401587301587300317e+03,2.095040282355714351e-15
8.403174603174602453e+03,2.093946580913913365e-15
8.404761904761904589e+03,2.092853545620480744e-15
8.406349206349204906e+03,2.091761176040314736e-15
8.407936507936508860e+03,2.090669471738573908e-15
8.409523809523809177e+03,2.089578432280687805e-15
8.411111111111109494e+03,2.088488057232338407e-15
8.412698412698413449e+03,2.087398346159473142e-15
8.414285714285713766e+03,2.086309298628305684e-15
8.415873015873015902e+03,2.085220914205308055e-15
8.417460317460318038e+03,2.084133192457213785e-15
8.419047619047618355e+03,2.083046132951022646e-15
8.420634920634920491e+03,2.081959735253990789e-15
8.422222222222222626e+03,2.080873998933639816e-15
8.423809523809522943e+03,2.079788923557754415e-15
8.425396825396825079e+03,2.078704508694376837e-15
8.426984126984127215e+03,2.077620753911813601e-15
8.428571428571427532e+03,2.076537658778634707e-15
8.430158730158729668e+03,2.075455222863667320e-15
8.431746031746031804e+03,2.074373445736001695e-15
8.433333333333332121e+03,2.073292326964993535e-15
8.434920634920634257e+03,2.072211866120254135e-15
8.436507936507936392e+03,2.071132062771657481e-15
8.438095238095236709e+03,2.070052916489345378e-15
8.439682539682540664e+03,2.068974426843707331e-15
8.441269841269840981e+03,2.067896593405406189e-15
8.442857142857141298e+03,2.066819415745364331e-15
8.444444444444445253e+03,2.065742893434754210e-15
8.446031746031745570e+03,2.064667026045025956e-15
8.447619047619047706e+03,2.063591813147875823e-15
8.449206349206349842e+03,2.062517254315269067e-15
8.450793650793650158e+03,2.061443349119428112e-15
8.452380952380952294e+03,2.060370097132838075e-15
8.453968253968254430e+03,2.059297497928242817e-15
8.455555555555554747e+03,2.058225551078649680e-15
8.457142857142856883e+03,2.057154256157319624e-15
8.458730158730159019e+03,2.056083612737780243e-15
8.460317460317459336e+03,2.055013620393821429e-15
8.461904761904761472e+03,2.053944278699483538e-15
8.463492063492063608e+03,2.052875587229075530e-15
8.465079365079363924e+03,2.051807545557164326e-15
8.466666666666666060e+03,2.050740153258573224e-15
8.468253968253968196e+03,2.049673409908390580e-15
8.469841269841268513e+03,2.048607315081962710e-15
8.471428571428572468e+03,2.047541868354891517e-15
8.473015873015872785e+03,2.046477069303045937e-15
8.474603174603173102e+03,2.045412917502549704e-15
8.476190476190477057e+03,2.044349412529783725e-15
8.477777777777777374e+03,2.043286553961396329e-15
8.479365079365079509e+03,2.042224341374288279e-15
8.480952380952381645e+03,2.041162774345618692e-15
8.482539682539681962e+03,2.040101852452814502e-15
8.484126984126984098e+03,2.039041575273552319e-15
8.485714285714286234e+03,2.037981942385771048e-15
8.487301587301586551e+03,2.036922953367673469e-15
8.488888888888888687e+03,2.035864607797710062e-15
8.490476190476190823e+03,2.034806905254602678e-15
8.492063492063491140e+03,2.033749845317324024e-15
8.493650793650793275e+03,2.032693427565107133e-15
8.495238095238095411e+03,2.031637651577442992e-15
8.496825396825395728e+03,2.030582516934084887e-15
8.498412698412697864e+03,2.029528023215038934e-15
8.500000000000000000e+03,2.028474170000572756e-15
8.501587301587300317e+03,2.027420956871212721e-15
8.503174603174602453e+03,2.026368383407741973e-15
8.504761904761904589e+03,2.025316449191200824e-15
8.506349206349204906e+03,2.024265153802892670e-15
8.507936507936508860e+03,2.023214496824368613e-15
8.509523809523809177e+03,2.022164477837451512e-15
8.511111111111109494e+03,2.021115096424209961e-15
8.512698412698413449e+03,2.020066352166973270e-15
8.514285714285713766e+03,2.019018244648335807e-15
8.515873015873015902e+03,2.017970773451138459e-15
8.517460317460318038e+03,2.016923938158487170e-15
8.519047619047618355e+03,2.015877738353741504e-15
8.520634920634920491e+03,2.014832173620520559e-15
8.522222222222222626e+03,2.013787243542699023e-15
8.523809523809522943e+03,2.012742947704411911e-15
8.525396825396825079e+03,2.011699285690043910e-15
8.526984126984127215e+03,2.010656257084245159e-15
8.528571428571427532e+03,2.009613861471917050e-15
8.530158730158729668e+03,2.008572098438220904e-15
8.531746031746031804e+03,2.007530967568572846e-15
8.533333333333332121e+03,2.006490468448646955e-15
8.534920634920634257e+03,2.005450600664372509e-15
8.536507936507936392e+03,2.004411363801936349e-15
8.538095238095236709e+03,2.003372757447781695e-15
8.539682539682540664e+03,2.002334781188605781e-15
8.541269841269840981e+03,2.001297434611366953e-15
8.542857142857141298e+03,2.000260717303275598e-15
8.544444444444445253e+03,1.999224628851796906e-15
8.546031746031745570e+03,1.998189168844658758e-15
8.547619047619047706e+03,1.997154336869837525e-15
8.549206349206349842e+03,1.996120132515567931e-15
8.550793650793650158e+03,1.995086555370342656e-15
8.552380952380952294e+03,1.994053605022907211e-15
8.553968253968254430e+03,1.993021281062264275e-15
8.555555555555554747e+03,1.991989583077671331e-15
8.557142857142856883e+03,1.990958510658640662e-15
8.558730158730159019e+03,1.989928063394939748e-15
8.560317460317459336e+03,1.988898240876593633e-15
8.561904761904761472e+03,1.987869042693880189e-15
8.563492063492063608e+03,1.986840468437331303e-15
8.565079365079363924e+03,1.985812517697739186e-15
8.566666666666666060e+03,1.984785190066142172e-15
8.568253968253968196e+03,1.983758485133840893e-15
8.569841269841268513e+03,1.982732402492390388e-15
8.571428571428572468e+03,1.981706941733591820e-15
8.573015873015872785e+03,1.980682102449512594e-15
8.574603174603173102e+03,1.979657884232467816e-15
8.576190476190477057e+03,1.978634286675024239e-15
8.577777777777777374e+03,1.977611309370012490e-15
8.579365079365079509e+03,1.976588951910506165e-15
8.580952380952381645e+03,1.975567213889840763e-15
8.582539682539681962e+03,1.974546094901605795e-15
8.584126984126984098e+03,1.973525594539636896e-15
8.585714285714286234e+03,1.972505712398031999e-15
8.587301587301586551e+03,1.971486448071139104e-15
8.588888888888888687e+03,1.970467801153558254e-15
8.590476190476190823e+03,1.969449771240146660e-15
8.592063492063491140e+03,1.968432357926014756e-15
8.593650793650793275e+03,1.967415560806521075e-15
8.595238095238095411e+03,1.966399379477284471e-15
8.596825396825395728e+03,1.965383813534171505e-15
8.598412698412697864e+03,1.964368862573306690e-15
8.600000000000000000e+03,1.963354526191061063e-15
8.601587301587300317e+03,1.962340803984065588e-15
8.603174603174602453e+03,1.961327695549200114e-15
8.604761904761904589e+03,1.960315200483595350e-15
8.606349206349204906e+03,1.959303318384640355e-15
8.607936507936508860e+03,1.958292048849971497e-15
8.609523809523809177e+03,1.957281391477481523e-15
8.611111111111109494e+03,1.956271345865312068e-15
8.612698412698413449e+03,1.955261911611857987e-15
8.614285714285713766e+03,1.954253088315770124e-15
8.615873015873015902e+03,1.953244875575943869e-15
8.617460317460318038e+03,1.952237272991535724e-15
8.619047619047618355e+03,1.951230280161945556e-15
8.620634920634920491e+03,1.950223896686830004e-15
8.622222222222222626e+03,1.949218122166096963e-15
8.623809523809522943e+03,1.948212956199904787e-15
8.625396825396825079e+03,1.947208398388663085e-15
8.626984126984127215e+03,1.946204448333033506e-15
8.628571428571427532e+03,1.945201105633930924e-15
8.630158730158729668e+03,1.944198369892517520e-15
8.631746031746031804e+03,1.943196240710209489e-15
8.633333333333332121e+03,1.942194717688674673e-15
8.634920634920634257e+03,1.941193800429827825e-15
8.636507936507936392e+03,1.940193488535840082e-15
8.638095238095236709e+03,1.939193781609128701e-15
8.639682539682540664e+03,1.938194679252363379e-15
8.641269841269840981e+03,1.937196181068467822e-15
8.642857142857141298e+03,1.936198286660611468e-15
8.644444444444445253e+03,1.935200995632211064e-15
8.646031746031745570e+03,1.934204307586944469e-15
8.647619047619047706e+03,1.933208222128731327e-15
8.649206349206349842e+03,1.932212738861743719e-15
8.650793650793650158e+03,1.931217857390403400e-15
8.652380952380952294e+03,1.930223577319381404e-15
8.653968253968254430e+03,1.929229898253601596e-15
8.655555555555554747e+03,1.928236819798234359e-15
8.657142857142856883e+03,1.927244341558699753e-15
8.658730158730159019e+03,1.926252463140670665e-15
8.660317460317459336e+03,1.925261184150066503e-15
8.661904761904761472e+03,1.924270504193055953e-15
8.663492063492063608e+03,1.923280422876058166e-15
8.665079365079363924e+03,1.922290939805742757e-15
8.666666666666666060e+03,1.921302054589024280e-15
8.668253968253968196e+03,1.920313766833068149e-15
8.669841269841268513e+03,1.919326076145294183e-15
8.671428571428572468e+03,1.918338982133359652e-15
8.673015873015872785e+03,1.917352484405181357e-15
8.674603174603173102e+03,1.916366582568920254e-15
8.676190476190477057e+03,1.915381276232981452e-15
8.677777777777777374e+03,1.914396565006026832e-15
8.679365079365079509e+03,1.913412448496960063e-15
8.680952380952381645e+03,1.912428926314937642e-15
8.682539682539681962e+03,1.911445998069360614e-15
8.684126984126984098e+03,1.910463663369879698e-15
8.685714285714286234e+03,1.909481921826390950e-15
8.687301587301586551e+03,1.908500773049044832e-15
8.688888888888888687e+03,1.907520216648231226e-15
8.690476190476190823e+03,1.906540252234592449e-15
8.692063492063491140e+03,1.905560879419018917e-15
8.693650793650793275e+03,1.904582097812645194e-15
8.695238095238095411e+03,1.903603907026854340e-15
8.696825396825395728e+03,1.902626306673281058e-15
8.698412698412697864e+03,1.901649296363797106e-15
8.700000000000000000e+03,1.900672875710531409e-15
8.701587301587300317e+03,1.899697044325855863e-15
8.703174603174602453e+03,1.898721801822388093e-15
8.704761904761904589e+03,1.897747147812993032e-15
8.706349206349204906e+03,1.896773081910782920e-15
8.707936507936508860e+03,1.895799603729115334e-15
8.709523809523809177e+03,1.894826712881597921e-15
8.711111111111109494e+03,1.893854408982081294e-15
8.712698412698413449e+03,1.892882691644657855e-15
8.714285714285713766e+03,1.891911560483678749e-15
8.715873015873015902e+03,1.890941015113727051e-15
8.717460317460318038e+03,1.889971055149641421e-15
8.719047619047618355e+03,1.889001680206503099e-15
8.720634920634920491e+03,1.888032889899637474e-15
8.722222222222222626e+03,1.887064683844618428e-15
8.723809523809522943e+03,1.886097061657263994e-15
8.725396825396825079e+03,1.885130022953635570e-15
8.726984126984127215e+03,1.884163567350045412e-15
8.728571428571427532e+03,1.883197694463044799e-15
8.730158730158729668e+03,1.882232403909431925e-15
8.731746031746031804e+03,1.881267695306255052e-15
8.733333333333332121e+03,1.880303568270799495e-15
8.734920634920634257e+03,1.879340022420600244e-15
8.736507936507936392e+03,1.878377057373434074e-15
8.738095238095236709e+03,1.877414672747327436e-15
8.739682539682540664e+03,1.876452868160543438e-15
8.741269841269840981e+03,1.875491643231600383e-15
8.742857142857141298e+03,1.874530997579248897e-15
8.744444444444445253e+03,1.873570930822488884e-15
8.746031746031745570e+03,1.872611442580569529e-15
8.747619047619047706e+03,1.871652532472975095e-15
8.749206349206349842e+03,1.870694200119440311e-15
8.750793650793650158e+03,1.869736445139941298e-15
8.752380952380952294e+03,1.868779267154695565e-15
8.753968253968254430e+03,1.867822665784167144e-15
8.755555555555554747e+03,1.866866640649065006e-15
8.757142857142856883e+03,1.865911191370337541e-15
8.758730158730159019e+03,1.864956317569177292e-15
8.760317460317459336e+03,1.864002018867022928e-15
8.761904761904761472e+03,1.863048294885552535e-15
8.763492063492063608e+03,1.862095145246688748e-15
8.765079365079363924e+03,1.861142569572597564e-15
8.766666666666666060e+03,1.860190567485686371e-15
8.768253968253968196e+03,1.859239138608605924e-15
8.769841269841268513e+03,1.858288282564251125e-15
8.771428571428572468e+03,1.857337998975753934e-15
8.773015873015872785e+03,1.856388287466496377e-15
8.774603174603173102e+03,1.855439147660097927e-15
8.776190476190477057e+03,1.854490579180417084e-15
8.777777777777777374e+03,1.853542581651562809e-15
8.779365079365079509e+03,1.852595154697878750e-15
8.780952380952381645e+03,1.851648297943954286e-15
8.782539682539681962e+03,1.850702011014619003e-15
8.784126984126984098e+03,1.849756293534943089e-15
8.785714285714286234e+03,1.848811145130238126e-15
8.787301587301586551e+03,1.847866565426063002e-15
8.788888888888888687e+03,1.846922554048208529e-15
8.790476190476190823e+03,1.845979110622713224e-15
8.792063492063491140e+03,1.845036234775854628e-15
8.793650793650793275e+03,1.844093926134150488e-15
8.795238095238095411e+03,1.843152184324359552e-15
8.796825396825395728e+03,1.842211008973484716e-15
8.798412698412697864e+03,1.841270399708763960e-15
8.800000000000000000e+03,1.840330356157680598e-15
8.801587301587300317e+03,1.839390877947955786e-15
8.803174603174602453e+03,1.838451964707549311e-15
8.804761904761904589e+03,1.837513616064666689e-15
8.806349206349204906e+03,1.836575831647749701e-15
8.807936507936508860e+03,1.835638611085476786e-15
8.809523809523809177e+03,1.834701954006777239e-15
8.811111111111109494e+03,1.833765860040807550e-15
8.812698412698413449e+03,1.832830328816969937e-15
8.814285714285713766e+03,1.831895359964908010e-15
8.815873015873015902e+03,1.830960953114499672e-15
8.817460317460318038e+03,1.830027107895866975e-15
8.819047619047618355e+03,1.829093823939369422e-15
8.820634920634920491e+03,1.828161100875603566e-15
8.822222222222222626e+03,1.827228938335407748e-15
8.823809523809522943e+03,1.826297335949860515e-15
8.825396825396825079e+03,1.825366293350271552e-15
8.826984126984127215e+03,1.824435810168200218e-15
8.828571428571427532e+03,1.823505886035437401e-15
8.830158730158729668e+03,1.822576520584013806e-15
8.831746031746031804e+03,1.821647713446197582e-15
8.833333333333332121e+03,1.820719464254498271e-15
8.834920634920634257e+03,1.819791772641661285e-15
8.836507936507936392e+03,1.818864638240668692e-15
8.838095238095236709e+03,1.817938060684745138e-15
8.839682539682540664e+03,1.817012039607347584e-15
8.841269841269840981e+03,1.816086574642177149e-15
8.842857142857141298e+03,1.815161665423165689e-15
8.844444444444445253e+03,1.814237311584483693e-15
8.846031746031745570e+03,1.813313512760547774e-15
8.847619047619047706e+03,1.812390268585998976e-15
8.849206349206349842e+03,1.811467578695723679e-15
8.850793650793650158e+03,1.810545442724846497e-15
8.852380952380952294e+03,1.809623860308721212e-15
8.853968253968254430e+03,1.808702831082945754e-15
8.855555555555554747e+03,1.807782354683351560e-15
8.857142857142856883e+03,1.806862430746007905e-15
8.858730158730159019e+03,1.805943058907219147e-15
8.860317460317459336e+03,1.805024238803529457e-15
8.861904761904761472e+03,1.804105970071713747e-15
8.863492063492063608e+03,1.803188252348787138e-15
8.865079365079363924e+03,1.802271085272001014e-15
8.866666666666666060e+03,1.801354468478840264e-15
8.868253968253968196e+03,1.800438401607027616e-15
8.869841269841268513e+03,1.799522884294522851e-15
8.871428571428572468e+03,1.798607916179515311e-15
8.873015873015872785e+03,1.797693496900438882e-15
8.874603174603173102e+03,1.796779626095956616e-15
8.876190476190477057e+03,1.795866303404965854e-15
8.877777777777777374e+03,1.794953528466606122e-15
8.879365079365079509e+03,1.794041300920244133e-15
8.880952380952381645e+03,1.793129620405486812e-15
8.882539682539681962e+03,1.792218486562174583e-15
8.884126984126984098e+03,1.791307899030382165e-15
8.885714285714286234e+03,1.790397857450416596e-15
8.887301587301586551e+03,1.789488361462826699e-15
8.888888888888888687e+03,1.788579410708387304e-15
8.890476190476190823e+03,1.787671004828111876e-15
8.892063492063491140e+03,1.786763143463250928e-15
8.893650793650793275e+03,1.785855826255280196e-15
8.895238095238095411e+03,1.784949052845918383e-15
8.896825396825395728e+03,1.784042822877114936e-15
8.898412698412697864e+03,1.783137135991051224e-15
8.900000000000000000e+03,1.782231991830144489e-15
8.901587301587300317e+03,1.781327390037046656e-15
8.903174603174602453e+03,1.780423330254636845e-15
8.904761904761904589e+03,1.779519812126035170e-15
8.906349206349204906e+03,1.778616835294593671e-15
8.907936507936508860e+03,1.777714399403889610e-15
8.909523809523809177e+03,1.776812504097745976e-15
8.911111111111109494e+03,1.775911149020207628e-15
8.912698412698413449e+03,1.775010333815555883e-15
8.914285714285713766e+03,1.774110058128310296e-15
8.915873015873015902e+03,1.773210321603212091e-15
8.917460317460318038e+03,1.772311123885243689e-15
8.919047619047618355e+03,1.771412464619619431e-15
8.920634920634920491e+03,1.770514343451777896e-15
8.922222222222222626e+03,1.769616760027399053e-15
8.923809523809522943e+03,1.768719713992391049e-15
8.925396825396825079e+03,1.767823204992890997e-15
8.926984126984127215e+03,1.766927232675273656e-15
8.928571428571427532e+03,1.766031796686143934e-15
8.930158730158729668e+03,1.765136896672332157e-15
8.931746031746031804e+03,1.764242532280908069e-15
8.933333333333332121e+03,1.763348703159168608e-15
8.934920634920634257e+03,1.762455408954642436e-15
8.936507936507936392e+03,1.761562649315090736e-15
8.938095238095236709e+03,1.760670423888503459e-15
8.939682539682540664e+03,1.759778732323102086e-15
8.941269841269840981e+03,1.758887574267341010e-15
8.942857142857141298e+03,1.757996949369903196e-15
8.944444444444445253e+03,1.757106857279699590e-15
8.946031746031745570e+03,1.756217297645879178e-15
8.947619047619047706e+03,1.755328270117812416e-15
8.949206349206349842e+03,1.754439774345106420e-15
8.950793650793650158e+03,1.753551809977595695e-15
8.952380952380952294e+03,1.752664376665345095e-15
8.953968253968254430e+03,1.751777474058647450e-15
8.955555555555554747e+03,1.750891101808029493e-15
8.957142857142856883e+03,1.750005259564243765e-15
8.958730158730159019e+03,1.749119946978272760e-15
8.960317460317459336e+03,1.748235163701332674e-15
8.961904761904761472e+03,1.747350909384862751e-15
8.963492063492063608e+03,1.746467183680535938e-15
8.965079365079363924e+03,1.745583986240251187e-15
8.966666666666666060e+03,1.744701316716138984e-15
8.968253968253968196e+03,1.743819174760556610e-15
8.969841269841268513e+03,1.742937560026092879e-15
8.971428571428572468e+03,1.742056472165559062e-15
8.973015873015872785e+03,1.741175910832003483e-15
8.974603174603173102e+03,1.740295875678697714e-15
8.976190476190477057e+03,1.739416366359139138e-15
8.977777777777777374e+03,1.738537382527060220e-15
8.979365079365079509e+03,1.737658923836415881e-15
8.980952380952381645e+03,1.736780989941390999e-15
8.982539682539681962e+03,1.735903580496397836e-15
8.984126984126984098e+03,1.735026695156077428e-15
8.985714285714286234e+03,1.734150333575296227e-15
8.987301587301586551e+03,1.733274495409150636e-15
8.988888888888888687e+03,1.732399180312961294e-15
8.990476190476190823e+03,1.731524387942280172e-15
8.992063492063491140e+03,1.730650117952883278e-15
8.993650793650793275e+03,1.729776370000773418e-15
8.995238095238095411e+03,1.728903143742181971e-15
8.996825396825395728e+03,1.728030438833568491e-15
8.998412698412697864e+03,1.727158254931613613e-15
9.000000000000000000e+03,1.726286591693230094e-15
9.001587301587300317e+03,1.725415448775555713e-15
9.003174603174602453e+03,1.724544825835951102e-15
9.004761904761904589e+03,1.723674722532008623e-15
9.006349206349204906e+03,1.722805138521543684e-15
9.007936507936508860e+03,1.721936073462595537e-15
9.009523809523809177e+03,1.721067527013434568e-15
9.011111111111109494e+03,1.720199498832554805e-15
9.012698412698413449e+03,1.719331988578669185e-15
9.014285714285713766e+03,1.718464995910728092e-15
9.015873015873015902e+03,1.717598520487899440e-15
9.017460317460318038e+03,1.716732561969578135e-15
9.019047619047618355e+03,1.715867120015385292e-15
9.020634920634920491e+03,1.715002194285164876e-15
9.022222222222222626e+03,1.714137784438986862e-15
9.023809523809522943e+03,1.713273890137148222e-15
9.025396825396825079e+03,1.712410511040166607e-15
9.026984126984127215e+03,1.711547646808787062e-15
9.028571428571427532e+03,1.710685297103979652e-15
9.030158730158729668e+03,1.709823461586934534e-15
9.031746031746031804e+03,1.708962139919070834e-15
9.033333333333332121e+03,1.708101331762031316e-15
9.034920634920634257e+03,1.707241036777679433e-15
9.036507936507936392e+03,1.706381254628104249e-15
9.038095238095236709e+03,1.705521984975621822e-15
9.039682539682540664e+03,1.704663227482763572e-15
9.041269841269840981e+03,1.703804981812297378e-15
9.042857142857141298e+03,1.702947247627199970e-15
9.044444444444445253e+03,1.702090024590681977e-15
9.046031746031745570e+03,1.701233312366174117e-15
9.047619047619047706e+03,1.700377110617327598e-15
9.049206349206349842e+03,1.699521419008020423e-15
9.050793650793650158e+03,1.698666237202351477e-15
9.052380952380952294e+03,1.697811564864641316e-15
9.053968253968254430e+03,1.696957401659434925e-15
9.055555555555554747e+03,1.696103747251502312e-15
9.057142857142856883e+03,1.695250601305828649e-15
9.058730158730159019e+03,1.694397963487627677e-15
9.060317460317459336e+03,1.693545833462333231e-15
9.061904761904761472e+03,1.692694210895600226e-15
9.063492063492063608e+03,1.691843095453307609e-15
9.065079365079363924e+03,1.690992486801554621e-15
9.066666666666666060e+03,1.690142384606661185e-15
9.068253968253968196e+03,1.689292788535172640e-15
9.069841269841268513e+03,1.688443698253852051e-15
9.071428571428572468e+03,1.687595113429682972e-15
9.073015873015872785e+03,1.686747033729876540e-15
9.074603174603173102e+03,1.685899458821856689e-15
9.076190476190477057e+03,1.685052388373273757e-15
9.077777777777777374e+03,1.684205822051999552e-15
9.079365079365079509e+03,1.683359759526122032e-15
9.080952380952381645e+03,1.682514200463952599e-15
9.082539682539681962e+03,1.681669144534024918e-15
9.084126984126984098e+03,1.680824591405088405e-15
9.085714285714286234e+03,1.679980540746118289e-15
9.087301587301586551e+03,1.679136992226305158e-15
9.088888888888888687e+03,1.678293945515062847e-15
9.090476190476190823e+03,1.677451400282022326e-15
9.092063492063491140e+03,1.676609356197038600e-15
9.093650793650793275e+03,1.675767812930181246e-15
9.095238095238095411e+03,1.674926770151742890e-15
9.096825396825395728e+03,1.674086227532235264e-15
9.098412698412697864e+03,1.673246184742388025e-15
9.100000000000000000e+03,1.672406641453150721e-15
9.101587301587300317e+03,1.671567597335694376e-15
9.103174603174602453e+03,1.670729052061404782e-15
9.104761904761904589e+03,1.669891005301888411e-15
9.106349206349204906e+03,1.669053456728974197e-15
9.107936507936508860e+03,1.668216406014699727e-15
9.109523809523809177e+03,1.667379852831334907e-15
9.111111111111109494e+03,1.666543796851357706e-15
9.112698412698413449e+03,1.665708237747465986e-15
9.114285714285713766e+03,1.664873175192579676e-15
9.115873015873015902e+03,1.664038608859834653e-15
9.117460317460318038e+03,1.663204538422583339e-15
9.119047619047618355e+03,1.662370963554398444e-15
9.120634920634920491e+03,1.661537883929067247e-15
9.122222222222222626e+03,1.660705299220597319e-15
9.123809523809522943e+03,1.659873209103215532e-15
9.125396825396825079e+03,1.659041613251359385e-15
9.126984126984127215e+03,1.658210511339690611e-15
9.128571428571427532e+03,1.657379903043084922e-15
9.130158730158729668e+03,1.656549788036633386e-15
9.131746031746031804e+03,1.655720165995647955e-15
9.133333333333332121e+03,1.654891036595655940e-15
9.134920634920634257e+03,1.654062399512397445e-15
9.136507936507936392e+03,1.653234254421835430e-15
9.138095238095236709e+03,1.652406601000146239e-15
9.139682539682540664e+03,1.651579438923718226e-15
9.141269841269840981e+03,1.650752767869168116e-15
9.142857142857141298e+03,1.649926587513313402e-15
9.144444444444445253e+03,1.649100897533198374e-15
9.146031746031745570e+03,1.648275697606079920e-15
9.147619047619047706e+03,1.647450987409428313e-15
9.149206349206349842e+03,1.646626766620933527e-15
9.150793650793650158e+03,1.645803034918499907e-15
9.152380952380952294e+03,1.644979791980242818e-15
9.153968253968254430e+03,1.644157037484499888e-15
9.155555555555554747e+03,1.643334771109819763e-15
9.157142857142856883e+03,1.642512992534964085e-15
9.158730158730159019e+03,1.641691701438915175e-15
9.160317460317459336e+03,1.640870897500865986e-15
9.161904761904761472e+03,1.640050580400224626e-15
9.163492063492063608e+03,1.639230749816613976e-15
9.165079365079363924e+03,1.638411405429874246e-15
9.166666666666666060e+03,1.637592546920052720e-15
9.168253968253968196e+03,1.636774173967419145e-15
9.169841269841268513e+03,1.635956286252452905e-15
9.171428571428572468e+03,1.635138883455846967e-15
9.173015873015872785e+03,1.634321965258512224e-15
9.174603174603173102e+03,1.633505531341566446e-15
9.176190476190477057e+03,1.632689581386347101e-15
9.177777777777777374e+03,1.631874115074403465e-15
9.179365079365077690e+03,1.631059132087496823e-15
9.180952380952381645e+03,1.630244632107600859e-15
9.182539682539681962e+03,1.629430614816907377e-15
9.184126984126984098e+03,1.628617079897816440e-15
9.185714285714286234e+03,1.627804027032941696e-15
9.187301587301586551e+03,1.626991455905112350e-15
9.188888888888888687e+03,1.626179366197366456e-15
9.190476190476190823e+03,1.625367757592957034e-15
9.192063492063491140e+03,1.624556629775347728e-15
9.193650793650793275e+03,1.623745982428219121e-15
9.195238095238095411e+03,1.622935815235456505e-15
9.196825396825395728e+03,1.622126127881163883e-15
9.198412698412697864e+03,1.621316920049653319e-15
9.200000000000000000e+03,1.620508191425449872e-15
9.201587301587300317e+03,1.619699941693291591e-15
9.203174603174602453e+03,1.618892170538126562e-15
9.204761904761904589e+03,1.618084877645114085e-15
9.206349206349204906e+03,1.617278062699627244e-15
9.207936507936508860e+03,1.616471725387244818e-15
9.209523809523809177e+03,1.615665865393765480e-15
9.211111111111109494e+03,1.614860482405192021e-15
9.212698412698413449e+03,1.614055576107738056e-15
9.214285714285713766e+03,1.613251146187833151e-15
9.215873015873015902e+03,1.612447192332110987e-15
9.217460317460318038e+03,1.611643714227421396e-15
9.219047619047618355e+03,1.610840711560822863e-15
9.220634920634920491e+03,1.610038184019582327e-15
9.222222222222222626e+03,1.609236131291177948e-15
9.223809523809522943e+03,1.608434553063299891e-15
9.225396825396825079e+03,1.607633449023845593e-15
9.226984126984127215e+03,1.606832818860923118e-15
9.228571428571427532e+03,1.606032662262852340e-15
9.230158730158729668e+03,1.605232978918158433e-15
9.231746031746031804e+03,1.604433768515579365e-15
9.233333333333332121e+03,1.603635030744063338e-15
9.234920634920634257e+03,1.602836765292761684e-15
9.236507936507936392e+03,1.602038971851045631e-15
9.238095238095236709e+03,1.601241650108483423e-15
9.239682539682540664e+03,1.600444799754858469e-15
9.241269841269840981e+03,1.599648420480165590e-15
9.242857142857141298e+03,1.598852511974603134e-15
9.244444444444445253e+03,1.598057073928577315e-15
9.246031746031745570e+03,1.597262106032709704e-15
9.247619047619047706e+03,1.596467607977822638e-15
9.249206349206349842e+03,1.595673579454948685e-15
9.250793650793650158e+03,1.594880020155333605e-15
9.252380952380952294e+03,1.594086929770422145e-15
9.253968253968254430e+03,1.593294307991875793e-15
9.255555555555554747e+03,1.592502154511557590e-15
9.257142857142856883e+03,1.591710469021538642e-15
9.258730158730159019e+03,1.590919251214101466e-15
9.260317460317459336e+03,1.590128500781733684e-15
9.261904761904761472e+03,1.589338217417127038e-15
9.263492063492063608e+03,1.588548400813186062e-15
9.265079365079363924e+03,1.587759050663019804e-15
9.266666666666666060e+03,1.586970166659942021e-15
9.268253968253968196e+03,1.586181748497476110e-15
9.269841269841268513e+03,1.585393795869351163e-15
9.271428571428572468e+03,1.584606308469501967e-15
9.273015873015872785e+03,1.583819285992072360e-15
9.274603174603173102e+03,1.583032728131409111e-15
9.276190476190477057e+03,1.582246634582065474e-15
9.277777777777777374e+03,1.581461005038805331e-15
9.279365079365077690e+03,1.580675839196592538e-15
9.280952380952381645e+03,1.579891136750599015e-15
9.282539682539681962e+03,1.579106897396204347e-15
9.284126984126984098e+03,1.578323120828991055e-15
9.285714285714286234e+03,1.577539806744749329e-15
9.287301587301586551e+03,1.576756954839471897e-15
9.288888888888888687e+03,1.575974564809358366e-15
9.290476190476190823e+03,1.575192636350814236e-15
9.292063492063491140e+03,1.574411169160449915e-15
9.293650793650793275e+03,1.573630162935076771e-15
9.295238095238095411e+03,1.572849617371716602e-15
9.296825396825395728e+03,1.572069532167593153e-15
9.298412698412697864e+03,1.571289907020133896e-15
9.300000000000000000e+03,1.570510741626972388e-15
9.301587301587300317e+03,1.569732035685945320e-15
9.303174603174602453e+03,1.568953788895093503e-15
9.304761904761904589e+03,1.568176000952662058e-15
9.306349206349204906e+03,1.567398671557101807e-15
9.307936507936508860e+03,1.566621800407063740e-15
9.309523809523809177e+03,1.565845387201406322e-15
9.311111111111109494e+03,1.565069431639188780e-15
9.312698412698413449e+03,1.564293933419672883e-15
9.314285714285713766e+03,1.563518892242329842e-15
9.315873015873015902e+03,1.562744307806826307e-15
9.317460317460318038e+03,1.561970179813036795e-15
9.319047619047618355e+03,1.561196507961038953e-15
9.320634920634920491e+03,1.560423291951110997e-15
9.322222222222222626e+03,1.559650531483733880e-15
9.323809523809522943e+03,1.558878226259592671e-15
9.325396825396825079e+03,1.558106375979575377e-15
9.326984126984127215e+03,1.557334980344769386e-15
9.328571428571427532e+03,1.556564039056469757e-15
9.330158730158729668e+03,1.555793551816167183e-15
9.331746031746031804e+03,1.555023518325559238e-15
9.333333333333332121e+03,1.554253938286543077e-15
9.334920634920634257e+03,1.553484811401217016e-15
9.336507936507936392e+03,1.552716137371885262e-15
9.338095238095236709e+03,1.551947915901049631e-15
9.339682539682540664e+03,1.551180146691412905e-15
9.341269841269840981e+03,1.550412829445881387e-15
9.342857142857141298e+03,1.549645963867565305e-15
9.344444444444445253e+03,1.548879549659765788e-15
9.346031746031745570e+03,1.548113586525997552e-15
9.347619047619047706e+03,1.547348074169968188e-15
9.349206349206349842e+03,1.546583012295587629e-15
9.350793650793650158e+03,1.545818400606969532e-15
9.352380952380952294e+03,1.545054238808422996e-15
9.353968253968254430e+03,1.544290526604459263e-15
9.355555555555554747e+03,1.543527263699794878e-15
9.357142857142856883e+03,1.542764449799337091e-15
9.358730158730159019e+03,1.542002084608202203e-15
9.360317460317459336e+03,1.541240167831702741e-15
9.361904761904761472e+03,1.540478699175346281e-15
9.363492063492063608e+03,1.539717678344850431e-15
9.365079365079363924e+03,1.538957105046122323e-15
9.366666666666666060e+03,1.538196978985274786e-15
9.368253968253968196e+03,1.537437299868617271e-15
9.369841269841268513e+03,1.536678067402661376e-15
9.371428571428570649e+03,1.535919281294112164e-15
9.373015873015872785e+03,1.535160941249878426e-15
9.374603174603173102e+03,1.534403046977068335e-15
9.376190476190477057e+03,1.533645598182982545e-15
9.377777777777777374e+03,1.532888594575130366e-15
9.379365079365077690e+03,1.532132035861210039e-15
9.380952380952381645e+03,1.531375921749122739e-15
9.382539682539681962e+03,1.530620251946968239e-15
9.384126984126984098e+03,1.529865026163042340e-15
9.385714285714286234e+03,1.529110244105841021e-15
9.387301587301586551e+03,1.528355905484057670e-15
9.388888888888888687e+03,1.527602010006580329e-15
9.390476190476190823e+03,1.526848557382500168e-15
9.392063492063491140e+03,1.526095547321102618e-15
9.393650793650793275e+03,1.525342979531870126e-15
9.395238095238095411e+03,1.524590853724483341e-15
9.396825396825395728e+03,1.523839169608822690e-15
9.398412698412697864e+03,1.523087926894959900e-15
9.400000000000000000e+03,1.522337125293168251e-15
9.401587301587300317e+03,1.521586764513916464e-15
9.403174603174602453e+03,1.520836844267871066e-15
9.404761904761904589e+03,1.520087364265892448e-15
9.406349206349204906e+03,1.519338324219041172e-15
9.407936507936508860e+03,1.518589723838570680e-15
9.409523809523809177e+03,1.517841562835933994e-15
9.411111111111109494e+03,1.517093840922777799e-15
9.412698412698413449e+03,1.516346557810943633e-15
9.414285714285713766e+03,1.515599713212475965e-15
9.415873015873015902e+03,1.514853306839605635e-15
9.417460317460318038e+03,1.514107338404765231e-15
9.419047619047618355e+03,1.513361807620581011e-15
9.420634920634920491e+03,1.512616714199875062e-15
9.422222222222222626e+03,1.511872057855664720e-15
9.423809523809522943e+03,1.511127838301163150e-15
9.425396825396825079e+03,1.510384055249776004e-15
9.426984126984127215e+03,1.509640708415107329e-15
9.428571428571427532e+03,1.508897797510954839e-15
9.430158730158729668e+03,1.508155322251309914e-15
9.431746031746031804e+03,1.507413282350359175e-15
9.433333333333332121e+03,1.506671677522485277e-15
9.434920634920634257e+03,1.505930507482263750e-15
9.436507936507936392e+03,1.505189771944462014e-15
9.438095238095236709e+03,1.504449470624048849e-15
9.439682539682540664e+03,1.503709603236176047e-15
9.441269841269840981e+03,1.502970169496203266e-15
9.442857142857141298e+03,1.502231169119671800e-15
9.444444444444445253e+03,1.501492601822319764e-15
9.446031746031745570e+03,1.500754467320086431e-15
9.447619047619047706e+03,1.500016765329092710e-15
9.449206349206349842e+03,1.499279495565661656e-15
9.450793650793650158e+03,1.498542657746305454e-15
9.452380952380952294e+03,1.497806251587731529e-15
9.453968253968254430e+03,1.497070276806836045e-15
9.455555555555554747e+03,1.496334733120716323e-15
9.457142857142856883e+03,1.495599620246653095e-15
9.458730158730159019e+03,1.494864937902125097e-15
9.460317460317459336e+03,1.494130685804803743e-15
9.461904761904761472e+03,1.493396863672548988e-15
9.463492063492063608e+03,1.492663471223418590e-15
9.465079365079363924e+03,1.491930508175658650e-15
9.466666666666666060e+03,1.491197974247706567e-15
9.468253968253968196e+03,1.490465869158195773e-15
9.469841269841268513e+03,1.489734192625947447e-15
9.471428571428570649e+03,1.489002944369976237e-15
9.473015873015872785e+03,1.488272124109488485e-15
9.474603174603173102e+03,1.487541731563884197e-15
9.476190476190477057e+03,1.486811766452747579e-15
9.477777777777777374e+03,1.486082228495863602e-15
9.479365079365077690e+03,1.485353117413200646e-15
9.480952380952381645e+03,1.484624432924919969e-15
9.482539682539681962e+03,1.483896174751378467e-15
9.484126984126984098e+03,1.483168342613117232e-15
9.485714285714286234e+03,1.482440936230872602e-15
9.487301587301586551e+03,1.481713955325570043e-15
9.488888888888888687e+03,1.480987399618322969e-15
9.490476190476190823e+03,1.480261268830439245e-15
9.492063492063491140e+03,1.479535562683414684e-15
9.493650793650793275e+03,1.478810280898934426e-15
9.495238095238095411e+03,1.478085423198876290e-15
9.496825396825395728e+03,1.477360989305306041e-15
9.498412698412697864e+03,1.476636978940478375e-15
9.500000000000000000e+03,1.475913391826838302e-15
9.501587301587300317e+03,1.475190227687023315e-15
9.503174603174602453e+03,1.474467486243854512e-15
9.504761904761904589e+03,1.473745167220346855e-15
9.506349206349204906e+03,1.473023270339703449e-15
9.507936507936508860e+03,1.472301795325314162e-15
9.509523809523809177e+03,1.471580741900763710e-15
9.511111111111109494e+03,1.470860109789816277e-15
9.512698412698413449e+03,1.470139898716433062e-15
9.514285714285713766e+03,1.469420108404759859e-15
9.515873015873015902e+03,1.468700738579131986e-15
9.517460317460318038e+03,1.467981788964073890e-15
9.519047619047618355e+03,1.467263259284295400e-15
9.520634920634920491e+03,1.466545149264696659e-15
9.522222222222222626e+03,1.465827458630365754e-15
9.523809523809522943e+03,1.465110187106579904e-15
9.525396825396825079e+03,1.464393334418800130e-15
9.526984126984127215e+03,1.463676900292677964e-15
9.528571428571427532e+03,1.462960884454053083e-15
9.530158730158729668e+03,1.462245286628951135e-15
9.531746031746031804e+03,1.461530106543583941e-15
9.533333333333332121e+03,1.460815343924354028e-15
9.534920634920634257e+03,1.460100998497847532e-15
9.536507936507936392e+03,1.459387069990838534e-15
9.538095238095236709e+03,1.458673558130289456e-15
9.539682539682540664e+03,1.457960462643347312e-15
9.541269841269840981e+03,1.457247783257348839e-15
9.542857142857141298e+03,1.456535519699813592e-15
9.544444444444445253e+03,1.455823671698447691e-15
9.546031746031745570e+03,1.455112238981148358e-15
9.547619047619047706e+03,1.454401221275990505e-15
9.549206349206349842e+03,1.453690618311243501e-15
9.550793650793650158e+03,1.452980429815361107e-15
9.552380952380952294e+03,1.452270655516976158e-15
9.553968253968254430e+03,1.451561295144914367e-15
9.555555555555554747e+03,1.450852348428183868e-15
9.557142857142856883e+03,1.450143815095979953e-15
9.558730158730159019e+03,1.449435694877681523e-15
9.560317460317459336e+03,1.448727987502853845e-15
9.561904761904761472e+03,1.448020692701245599e-15
9.563492063492063608e+03,1.447313810202794394e-15
9.565079365079363924e+03,1.446607339737616716e-15
9.566666666666666060e+03,1.445901281036017982e-15
9.568253968253968196e+03,1.445195633828490173e-15
9.569841269841268513e+03,1.444490397845704346e-15
9.571428571428570649e+03,1.443785572818518709e-15
9.573015873015872785e+03,1.443081158477975675e-15
9.574603174603173102e+03,1.442377154555303824e-15
9.576190476190477057e+03,1.441673560781909823e-15
9.577777777777777374e+03,1.440970376889393018e-15
9.579365079365077690e+03,1.440267602609530447e-15
9.580952380952381645e+03,1.439565237674282162e-15
9.582539682539681962e+03,1.438863281815795176e-15
9.584126984126984098e+03,1.438161734766399715e-15
9.585714285714286234e+03,1.437460596258607047e-15
9.587301587301586551e+03,1.436759866025115403e-15
9.588888888888888687e+03,1.436059543798801886e-15
9.590476190476190823e+03,1.435359629312728587e-15
9.592063492063491140e+03,1.434660122300141205e-15
9.593650793650793275e+03,1.433961022494467075e-15
9.595238095238095411e+03,1.433262329629318123e-15
9.596825396825395728e+03,1.432564043438486138e-15
9.598412698412697864e+03,1.431866163655947303e-15
9.600000000000000000e+03,1.431168690015858847e-15
9.601587301587300317e+03,1.430471622252561800e-15
9.603174603174602453e+03,1.429774960100577649e-15
9.604761904761904589e+03,1.429078703294612074e-15
9.606349206349204906e+03,1.428382851569551213e-15
9.607936507936508860e+03,1.427687404660459284e-15
9.609523809523809177e+03,1.426992362302590230e-15
9.611111111111109494e+03,1.426297724231375092e-15
9.612698412698413449e+03,1.425603490182423784e-15
9.614285714285713766e+03,1.424909659891533180e-15
9.615873015873015902e+03,1.424216233094676468e-15
9.617460317460318038e+03,1.423523209528009256e-15
9.619047619047618355e+03,1.422830588927871352e-15
9.620634920634920491e+03,1.422138371030779073e-15
9.622222222222222626e+03,1.421446555573432343e-15
9.623809523809522943e+03,1.420755142292709958e-15
9.625396825396825079e+03,1.420064130925669986e-15
9.626984126984127215e+03,1.419373521209555678e-15
9.628571428571427532e+03,1.418683312881788765e-15
9.630158730158729668e+03,1.417993505679967288e-15
9.631746031746031804e+03,1.417304099341872109e-15
9.633333333333332121e+03,1.416615093605466116e-15
9.634920634920634257e+03,1.415926488208888116e-15
9.636507936507936392e+03,1.415238282890460324e-15
9.638095238095236709e+03,1.414550477388682450e-15
9.639682539682540664e+03,1.413863071442233473e-15
9.641269841269840981e+03,1.413176064789973217e-15
9.642857142857141298e+03,1.412489457170939001e-15
9.644444444444445253e+03,1.411803248324347608e-15
9.646031746031745570e+03,1.411117437989598839e-15
9.647619047619047706e+03,1.410432025906264071e-15
9.649206349206349842e+03,1.409747011814099471e-15
9.650793650793650158e+03,1.409062395453039097e-15
9.652380952380952294e+03,1.408378176563190947e-15
9.653968253968254430e+03,1.407694354884848404e-15
9.655555555555554747e+03,1.407010930158478793e-15
9.657142857142856883e+03,1.406327902124729105e-15
9.658730158730159019e+03,1.405645270524423032e-15
9.660317460317459336e+03,1.404963035098563340e-15
9.661904761904761472e+03,1.404281195588332458e-15
9.663492063492063608e+03,1.403599751735086954e-15
9.665079365079363924e+03,1.402918703280364640e-15
9.666666666666666060e+03,1.402238049965877860e-15
9.668253968253968196e+03,1.401557791533517835e-15
9.669841269841268513e+03,1.400877927725354462e-15
9.671428571428570649e+03,1.400198458283632370e-15
9.673015873015872785e+03,1.399519382950775654e-15
9.674603174603173102e+03,1.398840701469384130e-15
9.676190476190477057e+03,1.398162413582232146e-15
9.677777777777777374e+03,1.397484519032276279e-15
9.679365079365077690e+03,1.396807017562646853e-15
9.680952380952381645e+03,1.396129908916647936e-15
9.682539682539681962e+03,1.395453192837766221e-15
9.684126984126984098e+03,1.394776869069659384e-15
9.685714285714286234e+03,1.394100937356163581e-15
9.687301587301586551e+03,1.393425397441291083e-15
9.688888888888888687e+03,1.392750249069229482e-15
9.690476190476190823e+03,1.392075491984342487e-15
9.692063492063491140e+03,1.391401125931171495e-15
9.693650793650793275e+03,1.390727150654429481e-15
9.695238095238095411e+03,1.390053565899009085e-15
9.696825396825395728e+03,1.389380371409974522e-15
9.698412698412697864e+03,1.388707566932568488e-15
9.700000000000000000e+03,1.388035152212209790e-15
9.701587301587300317e+03,1.387363126994488421e-15
9.703174603174602453e+03,1.386691491025169499e-15
9.704761904761904589e+03,1.386020244050196820e-15
9.706349206349204906e+03,1.385349385815689307e-15
9.707936507936508860e+03,1.384678916067933120e-15
9.709523809523809177e+03,1.384008834553398225e-15
9.711111111111109494e+03,1.383339141018723405e-15
9.712698412698413449e+03,1.382669835210721583e-15
9.714285714285713766e+03,1.382000916876382978e-15
9.715873015873015902e+03,1.381332385762870965e-15
9.717460317460318038e+03,1.380664241617521679e-15
9.719047619047618355e+03,1.379996484187845593e-15
9.720634920634920491e+03,1.379329113221526335e-15
9.722222222222222626e+03,1.378662128466421282e-15
9.723809523809522943e+03,1.377995529670566483e-15
9.725396825396825079e+03,1.377329316582162273e-15
9.726984126984127215e+03,1.376663488949588251e-15
9.728571428571427532e+03,1.375998046521397765e-15
9.730158730158729668e+03,1.375332989046311992e-15
9.731746031746031804e+03,1.374668316273230986e-15
9.733333333333332121e+03,1.374004027951225190e-15
9.734920634920634257e+03,1.373340123829537221e-15
9.736507936507936392e+03,1.372676603657582058e-15
9.738095238095236709e+03,1.372013467184949613e-15
9.739682539682540664e+03,1.371350714161398415e-15
9.741269841269840981e+03,1.370688344336863699e-15
9.742857142857141298e+03,1.370026357461451290e-15
9.744444444444445253e+03,1.369364753285435831e-15
9.746031746031745570e+03,1.368703531559269062e-15
9.747619047619047706e+03,1.368042692033571147e-15
9.749206349206349842e+03,1.367382234459134418e-15
9.750793650793650158e+03,1.366722158586924954e-15
9.752380952380952294e+03,1.366062464168078042e-15
9.753968253968254430e+03,1.365403150953901932e-15
9.755555555555554747e+03,1.364744218695875854e-15
9.757142857142856883e+03,1.364085667145646083e-15
9.758730158730159019e+03,1.363427496055038556e-15
9.760317460317459336e+03,1.362769705176044476e-15
9.761904761904761472e+03,1.362112294260824849e-15
9.763492063492063608e+03,1.361455263061714427e-15
9.765079365079363924e+03,1.360798611331217567e-15
9.766666666666666060e+03,1.360142338822010007e-15
9.768253968253968196e+03,1.359486445286935905e-15
9.769841269841268513e+03,1.358830930479012182e-15
9.771428571428570649e+03,1.358175794151424771e-15
9.773015873015872785e+03,1.357521036057527434e-15
9.774603174603173102e+03,1.356866655950847091e-15
9.776190476190477057e+03,1.356212653585081053e-15
9.777777777777777374e+03,1.355559028714094857e-15
9.779365079365077690e+03,1.354905781091922660e-15
9.780952380952381645e+03,1.354252910472767629e-15
9.782539682539681962e+03,1.353600416611007668e-15
9.784126984126984098e+03,1.352948299261183578e-15
9.785714285714286234e+03,1.352296558178009710e-15
9.787301587301586551e+03,1.351645193116367260e-15
9.788888888888888687e+03,1.350994203831308013e-15
9.790476190476190823e+03,1.350343590078049812e-15
9.792063492063491140e+03,1.349693351611982075e-15
9.793650793650793275e+03,1.349043488188662248e-15
9.795238095238095411e+03,1.348393999563816595e-15
9.796825396825395728e+03,1.347744885493338615e-15
9.798412698412697864e+03,1.347096145733290035e-15
9.800000000000000000e+03,1.346447780039902974e-15
9.801587301587300317e+03,1.345799788169575410e-15
9.803174603174602453e+03,1.345152169878874530e-15
9.804761904761904589e+03,1.344504924924535354e-15
9.806349206349204906e+03,1.343858053063460926e-15
9.807936507936508860e+03,1.343211554052718770e-15
9.809523809523809177e+03,1.342565427649549960e-15
9.811111111111109494e+03,1.341919673611358071e-15
9.812698412698413449e+03,1.341274291695715697e-15
9.814285714285713766e+03,1.340629281660363456e-15
9.815873015873015902e+03,1.339984643263207825e-15
9.817460317460318038e+03,1.339340376262322124e-15
9.819047619047618355e+03,1.338696480415948490e-15
9.820634920634920491e+03,1.338052955482494131e-15
9.822222222222222626e+03,1.337409801220532702e-15
9.823809523809522943e+03,1.336767017388806674e-15
9.825396825396825079e+03,1.336124603746222407e-15
9.826984126984127215e+03,1.335482560051852707e-15
9.828571428571427532e+03,1.334840886064940973e-15
9.830158730158729668e+03,1.334199581544890744e-15
9.831746031746031804e+03,1.333558646251274766e-15
9.833333333333332121e+03,1.332918079943831648e-15
9.834920634920634257e+03,1.332277882382463485e-15
9.836507936507936392e+03,1.331638053327243165e-15
9.838095238095236709e+03,1.330998592538405684e-15
9.839682539682540664e+03,1.330359499776347952e-15
9.841269841269840981e+03,1.329720774801641614e-15
9.842857142857141298e+03,1.329082417375014902e-15
9.844444444444445253e+03,1.328444427257364272e-15
9.846031746031745570e+03,1.327806804209753222e-15
9.847619047619047706e+03,1.327169547993407362e-15
9.849206349206349842e+03,1.326532658369718947e-15
9.850793650793650158e+03,1.325896135100244120e-15
9.852380952380952294e+03,1.325259977946702316e-15
9.853968253968254430e+03,1.324624186670980406e-15
9.855555555555554747e+03,1.323988761035128952e-15
9.857142857142856883e+03,1.323353700801360230e-15
9.858730158730159019e+03,1.322719005732053362e-15
9.860317460317459336e+03,1.322084675589753522e-15
9.861904761904761472e+03,1.321450710137161096e-15
9.863492063492063608e+03,1.320817109137151595e-15
9.865079365079363924e+03,1.320183872352757515e-15
9.866666666666666060e+03,1.319550999547176813e-15
9.868253968253968196e+03,1.318918490483769757e-15
9.869841269841268513e+03,1.318286344926061485e-15
9.871428571428570649e+03,1.317654562637741218e-15
9.873015873015872785e+03,1.317023143382658712e-15
9.874603174603173102e+03,1.316392086924829974e-15
9.876190476190477057e+03,1.315761393028430164e-15
9.877777777777777374e+03,1.315131061457802667e-15
9.879365079365077690e+03,1.314501091977447455e-15
9.880952380952381645e+03,1.313871484352030755e-15
9.882539682539681962e+03,1.313242238346384650e-15
9.884126984126984098e+03,1.312613353725496040e-15
9.885714285714286234e+03,1.311984830254519848e-15
9.887301587301586551e+03,1.311356667698770547e-15
9.888888888888888687e+03,1.310728865823726692e-15
9.890476190476190823e+03,1.310101424395028556e-15
9.892063492063491140e+03,1.309474343178476943e-15
9.893650793650793275e+03,1.308847621940035165e-15
9.895238095238095411e+03,1.308221260445827852e-15
9.896825396825395728e+03,1.307595258462143328e-15
9.898412698412697864e+03,1.306969615755429656e-15
9.900000000000000000e+03,1.306344332092295436e-15
9.901587301587300317e+03,1.305719407239513941e-15
9.903174603174602453e+03,1.305094840964014836e-15
9.904761904761904589e+03,1.304470633032892658e-15
9.906349206349204906e+03,1.303846783213401295e-15
9.907936507936508860e+03,1.303223291272955756e-15
9.909523809523809177e+03,1.302600156979133758e-15
9.911111111111109494e+03,1.301977380099670589e-15
9.912698412698413449e+03,1.301354960402461874e-15
9.914285714285713766e+03,1.300732897655567914e-15
9.915873015873015902e+03,1.300111191627205202e-15
9.917460317460318038e+03,1.299489842085751556e-15
9.919047619047618355e+03,1.298868848799747099e-15
9.920634920634920491e+03,1.298248211537888743e-15
9.922222222222222626e+03,1.297627930069034128e-15
9.923809523809522943e+03,1.297008004162202021e-15
9.925396825396825079e+03,1.296388433586571721e-15
9.926984126984127215e+03,1.295769218111477143e-15
9.928571428571427532e+03,1.295150357506418258e-15
9.930158730158729668e+03,1.294531851541049261e-15
9.931746031746031804e+03,1.293913699985186652e-15
9.933333333333332121e+03,1.293295902608804705e-15
9.934920634920634257e+03,1.292678459182037242e-15
9.936507936507936392e+03,1.292061369475177235e-15
9.938095238095236709e+03,1.291444633258677008e-15
9.939682539682540664e+03,1.290828250303143501e-15
9.941269841269840981e+03,1.290212220379349513e-15
9.942857142857141298e+03,1.289596543258221274e-15
9.944444444444445253e+03,1.288981218710843183e-15
9.946031746031745570e+03,1.288366246508461947e-15
9.947619047619047706e+03,1.287751626422477311e-15
9.949206349206349842e+03,1.287137358224452117e-15
9.950793650793650158e+03,1.286523441686104811e-15
9.952380952380952294e+03,1.285909876579310426e-15
9.953968253968254430e+03,1.285296662676103937e-15
9.955555555555554747e+03,1.284683799748679080e-15
9.957142857142856883e+03,1.284071287569381641e-15
9.958730158730159019e+03,1.283459125910720503e-15
9.960317460317459336e+03,1.282847314545361928e-15
9.961904761904761472e+03,1.282235853246125611e-15
9.963492063492063608e+03,1.281624741785990597e-15
9.965079365079363924e+03,1.281013979938094492e-15
9.966666666666666060e+03,1.280403567475726363e-15
9.968253968253968196e+03,1.279793504172340150e-15
9.969841269841268513e+03,1.279183789801540661e-15
9.971428571428570649e+03,1.278574424137090871e-15
9.973015873015872785e+03,1.277965406952911133e-15
9.974603174603173102e+03,1.277356738023076222e-15
9.976190476190477057e+03,1.276748417121819272e-15
9.977777777777777374e+03,1.276140444023530404e-15
9.979365079365077690e+03,1.275532818502753959e-15
9.980952380952381645e+03,1.274925540334188109e-15
9.982539682539681962e+03,1.274318609292692739e-15
9.984126984126984098e+03,1.273712025153277620e-15
9.985714285714286234e+03,1.273105787691114435e-15
9.987301587301586551e+03,1.272499896681525343e-15
9.988888888888888687e+03,1.271894351899988698e-15
9.990476190476190823e+03,1.271289153122139837e-15
9.992063492063491140e+03,1.270684300123770882e-15
9.993650793650793275e+03,1.270079792680823840e-15
9.995238095238095411e+03,1.269475630569400461e-15
9.996825396825395728e+03,1.268871813565756917e-15
9.998412698412697864e+03,1.268268341446302613e-15
1.000000000000000000e+04,1.267665213987601573e-15
