wavelength_angstrom,flux_erg_s_cm2_angstrom
3.500000000000000000e+03,7.056829793867054502e-15
3.501587301587301681e+03,7.063520904402220810e-15
3.503174603174603362e+03,7.070205087419371177e-15
3.504761904761904589e+03,7.076882332711539269e-15
3.506349206349206270e+03,7.083552630120108035e-15
3.507936507936507951e+03,7.090215969534805768e-15
3.509523809523809632e+03,7.096872340893548327e-15
3.511111111111111313e+03,7.103521734182459651e-15
3.512698412698412540e+03,7.110164139435763683e-15
3.514285714285714221e+03,7.116799546735744928e-15
3.515873015873015902e+03,7.123427946212674299e-15
3.517460317460317583e+03,7.130049328044708147e-15
3.519047619047619264e+03,7.136663682457888253e-15
3.520634920634920491e+03,7.143270999726025085e-15
3.522222222222222172e+03,7.149871270170672549e-15
3.523809523809523853e+03,7.156464484161045949e-15
3.525396825396825534e+03,7.163050632113911547e-15
3.526984126984126760e+03,7.169629704493599185e-15
3.528571428571428442e+03,7.176201691811883955e-15
3.530158730158730123e+03,7.182766584627946755e-15
3.531746031746031804e+03,7.189324373548268585e-15
3.533333333333333485e+03,7.195875049226613188e-15
3.534920634920634711e+03,7.202418602363945012e-15
3.536507936507936392e+03,7.208955023708326655e-15
3.538095238095238074e+03,7.215484304054903091e-15
3.539682539682539755e+03,7.222006434245792803e-15
3.541269841269841436e+03,7.228521405170045189e-15
3.542857142857142662e+03,7.235029207763563252e-15
3.544444444444444343e+03,7.241529833009046799e-15
3.546031746031746025e+03,7.248023271935908827e-15
3.547619047619047706e+03,7.254509515620201367e-15
3.549206349206349387e+03,7.260988555184576040e-15
3.550793650793650613e+03,7.267460381798178352e-15
3.552380952380952294e+03,7.273924986676619294e-15
3.553968253968253975e+03,7.280382361081880678e-15
3.555555555555555657e+03,7.286832496322223632e-15
3.557142857142857338e+03,7.293275383752188595e-15
3.558730158730158564e+03,7.299711014772443861e-15
3.560317460317460245e+03,7.306139380829790308e-15
3.561904761904761926e+03,7.312560473417014672e-15
3.563492063492063608e+03,7.318974284072895859e-15
3.565079365079365289e+03,7.325380804382092923e-15
3.566666666666666515e+03,7.331780025975053562e-15
3.568253968253968196e+03,7.338171940528009382e-15
3.569841269841269877e+03,7.344556539762852837e-15
3.571428571428571558e+03,7.350933815447039409e-15
3.573015873015872785e+03,7.357303759393638094e-15
3.574603174603174466e+03,7.363666363461102636e-15
3.576190476190476147e+03,7.370021619553328320e-15
3.577777777777777828e+03,7.376369519619505248e-15
3.579365079365079509e+03,7.382710055654066272e-15
3.580952380952380736e+03,7.389043219696631776e-15
3.582539682539682417e+03,7.395369003831926052e-15
3.584126984126984098e+03,7.401687400189687375e-15
3.585714285714285779e+03,7.407998400944633291e-15
3.587301587301587460e+03,7.414301998316351755e-15
3.588888888888888687e+03,7.420598184569252219e-15
3.590476190476190368e+03,7.426886952012494638e-15
3.592063492063492049e+03,7.433168292999877450e-15
3.593650793650793730e+03,7.439442199929828108e-15
3.595238095238095411e+03,7.445708665245273712e-15
3.596825396825396638e+03,7.451967681433584204e-15
3.598412698412698319e+03,7.458219241026540820e-15
3.600000000000000000e+03,7.464463336600186203e-15
3.601587301587301681e+03,7.470699960774816514e-15
3.603174603174603362e+03,7.476929106214889927e-15
3.604761904761904589e+03,7.483150765628895675e-15
3.606349206349206270e+03,7.489364931769399805e-15
3.607936507936507951e+03,7.495571597432844808e-15
3.609523809523809632e+03,7.501770755459566974e-15
3.611111111111111313e+03,7.507962398733652818e-15
3.612698412698412540e+03,7.514146520182945393e-15
3.614285714285714221e+03,7.520323112778873892e-15
3.615873015873015902e+03,7.526492169536467854e-15
3.617460317460317583e+03,7.532653683514221472e-15
3.619047619047619264e+03,7.538807647814028915e-15
3.620634920634920491e+03,7.544954055581144877e-15
3.622222222222222172e+03,7.551092900004080451e-15
3.623809523809523853e+03,7.557224174314508469e-15
3.625396825396825534e+03,7.563347871787260340e-15
3.626984126984126760e+03,7.569463985740135148e-15
3.628571428571428442e+03,7.575572509533953299e-15
3.630158730158730123e+03,7.581673436572376654e-15
3.631746031746031804e+03,7.587766760301899067e-15
3.633333333333333485e+03,7.593852474211750142e-15
3.634920634920634711e+03,7.599930571833776905e-15
3.636507936507936392e+03,7.606001046742440648e-15
3.638095238095238074e+03,7.612063892554704911e-15
3.639682539682539755e+03,7.618119102929958173e-15
3.641269841269841436e+03,7.624166671569922346e-15
3.642857142857142662e+03,7.630206592218597551e-15
3.644444444444444343e+03,7.636238858662227412e-15
3.646031746031746025e+03,7.642263464729103416e-15
3.647619047619047706e+03,7.648280404289623293e-15
3.649206349206349387e+03,7.654289671256122191e-15
3.650793650793650613e+03,7.660291259582836399e-15
3.652380952380952294e+03,7.666285163265797630e-15
3.653968253968253975e+03,7.672271376342809364e-15
3.655555555555555657e+03,7.678249892893319044e-15
3.657142857142857338e+03,7.684220707038329731e-15
3.658730158730158564e+03,7.690183812940401678e-15
3.660317460317460245e+03,7.696139204803477201e-15
3.661904761904761926e+03,7.702086876872891727e-15
3.663492063492063608e+03,7.708026823435201822e-15
3.665079365079364834e+03,7.713959038818210432e-15
3.666666666666666515e+03,7.719883517390813845e-15
3.668253968253968196e+03,7.725800253562943316e-15
3.669841269841269877e+03,7.731709241785501957e-15
3.671428571428571558e+03,7.737610476550282698e-15
3.673015873015872785e+03,7.743503952389878352e-15
3.674603174603174466e+03,7.749389663877607469e-15
3.676190476190476147e+03,7.755267605627440176e-15
3.677777777777777828e+03,7.761137772293944539e-15
3.679365079365079509e+03,7.767000158572135100e-15
3.680952380952380736e+03,7.772854759197482343e-15
3.682539682539682417e+03,7.778701568945759657e-15
3.684126984126984098e+03,7.784540582633054378e-15
3.685714285714285779e+03,7.790371795115572152e-15
3.687301587301587460e+03,7.796195201289652713e-15
3.688888888888888687e+03,7.802010796091686262e-15
3.690476190476190368e+03,7.807818574497939921e-15
3.692063492063492049e+03,7.813618531524600327e-15
3.693650793650793730e+03,7.819410662227639528e-15
3.695238095238095411e+03,7.825194961702704544e-15
3.696825396825396638e+03,7.830971425085117365e-15
3.698412698412698319e+03,7.836740047549709288e-15
3.700000000000000000e+03,7.842500824310825657e-15
3.701587301587301681e+03,7.848253750622163350e-15
3.703174603174603362e+03,7.853998821776761317e-15
3.704761904761904589e+03,7.859736033106891717e-15
3.706349206349206270e+03,7.865465379983979453e-15
3.707936507936507951e+03,7.871186857818509086e-15
3.709523809523809632e+03,7.876900462059985395e-15
3.711111111111111313e+03,7.882606188196837131e-15
3.712698412698412540e+03,7.888304031756312893e-15
3.714285714285714221e+03,7.893993988304421168e-15
3.715873015873015902e+03,7.899676053445876697e-15
3.717460317460317583e+03,7.905350222823969515e-15
3.719047619047619264e+03,7.911016492120509737e-15
3.720634920634920491e+03,7.916674857055783380e-15
3.722222222222222172e+03,7.922325313388405634e-15
3.723809523809523853e+03,7.927967856915276687e-15
3.725396825396825534e+03,7.933602483471523347e-15
3.726984126984126760e+03,7.939229188930383872e-15
3.728571428571428442e+03,7.944847969203119616e-15
3.730158730158730123e+03,7.950458820239019760e-15
3.731746031746031804e+03,7.956061738025180433e-15
3.733333333333333485e+03,7.961656718586561512e-15
3.734920634920634711e+03,7.967243757985805178e-15
3.736507936507936392e+03,7.972822852323253278e-15
3.738095238095238074e+03,7.978393997736773771e-15
3.739682539682539755e+03,7.983957190401697620e-15
3.741269841269841436e+03,7.989512426530832992e-15
3.742857142857142662e+03,7.995059702374272776e-15
3.744444444444444343e+03,8.000599014219348830e-15
3.746031746031746025e+03,8.006130358390583068e-15
3.747619047619047706e+03,8.011653731249567557e-15
3.749206349206349387e+03,8.017169129194914031e-15
3.750793650793650613e+03,8.022676548662130821e-15
3.752380952380952294e+03,8.028175986123649687e-15
3.753968253968253975e+03,8.033667438088570217e-15
3.755555555555555657e+03,8.039150901102754498e-15
3.757142857142856883e+03,8.044626371748639363e-15
3.758730158730158564e+03,8.050093846645200104e-15
3.760317460317460245e+03,8.055553322447847922e-15
3.761904761904761926e+03,8.061004795848363658e-15
3.763492063492063608e+03,8.066448263574820491e-15
3.765079365079364834e+03,8.071883722391511359e-15
3.766666666666666515e+03,8.077311169098825896e-15
3.768253968253968196e+03,8.082730600533242545e-15
3.769841269841269877e+03,8.088142013567151855e-15
3.771428571428571558e+03,8.093545405108895918e-15
3.773015873015872785e+03,8.098940772102550651e-15
3.774603174603174466e+03,8.104328111527985744e-15
3.776190476190476147e+03,8.109707420400689535e-15
3.777777777777777828e+03,8.115078695771701166e-15
3.779365079365079509e+03,8.120441934727582188e-15
3.780952380952380736e+03,8.125797134390265096e-15
3.782539682539682417e+03,8.131144291917040709e-15
3.784126984126984098e+03,8.136483404500413018e-15
3.785714285714285779e+03,8.141814469368072367e-15
3.787301587301587460e+03,8.147137483782810254e-15
3.788888888888888687e+03,8.152452445042375760e-15
3.790476190476190368e+03,8.157759350479511835e-15
3.792063492063492049e+03,8.163058197461737574e-15
3.793650793650793730e+03,8.168348983391395547e-15
3.795238095238095411e+03,8.173631705705465629e-15
3.796825396825396638e+03,8.178906361875576043e-15
3.798412698412698319e+03,8.184172949407858211e-15
3.800000000000000000e+03,8.189431465842891533e-15
3.801587301587301681e+03,8.194681908755632390e-15
3.803174603174603362e+03,8.199924275755289502e-15
3.804761904761904589e+03,8.205158564485330241e-15
3.806349206349206270e+03,8.210384772623310238e-15
3.807936507936507951e+03,8.215602897880826048e-15
3.809523809523809632e+03,8.220812938003472553e-15
3.811111111111111313e+03,8.226014890770696235e-15
3.812698412698412540e+03,8.231208753995788865e-15
3.814285714285714221e+03,8.236394525525721841e-15
3.815873015873015902e+03,8.241572203241144609e-15
3.817460317460317583e+03,8.246741785056286849e-15
3.819047619047619264e+03,8.251903268918816475e-15
3.820634920634920491e+03,8.257056652809847526e-15
3.822222222222222172e+03,8.262201934743809215e-15
3.823809523809523853e+03,8.267339112768382820e-15
3.825396825396825534e+03,8.272468184964403864e-15
3.826984126984127215e+03,8.277589149445802166e-15
3.828571428571428442e+03,8.282702004359537146e-15
3.830158730158730123e+03,8.287806747885471617e-15
3.831746031746031804e+03,8.292903378236313402e-15
3.833333333333333485e+03,8.297991893657563272e-15
3.834920634920634711e+03,8.303072292427391886e-15
3.836507936507936392e+03,8.308144572856581409e-15
3.838095238095238074e+03,8.313208733288462409e-15
3.839682539682539755e+03,8.318264772098804994e-15
3.841269841269841436e+03,8.323312687695743075e-15
3.842857142857142662e+03,8.328352478519725466e-15
3.844444444444444343e+03,8.333384143043369147e-15
3.846031746031746025e+03,8.338407679771500290e-15
3.847619047619047706e+03,8.343423087240906558e-15
3.849206349206348932e+03,8.348430364020412829e-15
3.850793650793650613e+03,8.353429508710745518e-15
3.852380952380952294e+03,8.358420519944401626e-15
3.853968253968253975e+03,8.363403396385639267e-15
3.855555555555555657e+03,8.368378136730335683e-15
3.857142857142856883e+03,8.373344739705894149e-15
3.858730158730158564e+03,8.378303204070993122e-15
3.860317460317460245e+03,8.383253528615052969e-15
3.861904761904761926e+03,8.388195712156806547e-15
3.863492063492063608e+03,8.393129753540258664e-15
3.865079365079364834e+03,8.398055651623514228e-15
3.866666666666666515e+03,8.402973405248261949e-15
3.868253968253968196e+03,8.407883013158748863e-15
3.869841269841269877e+03,8.412784473792146854e-15
3.871428571428571558e+03,8.417677784751718208e-15
3.873015873015872785e+03,8.422562941519896335e-15
3.874603174603174466e+03,8.427439934405203159e-15
3.876190476190476147e+03,8.432308741509390066e-15
3.877777777777777828e+03,8.437169313002401369e-15
3.879365079365079509e+03,8.442021537009136806e-15
3.880952380952380736e+03,8.446865167838424104e-15
3.882539682539682417e+03,8.451699679616100557e-15
3.884126984126984098e+03,8.456523977117752000e-15
3.885714285714285779e+03,8.461335842710239229e-15
3.887301587301587460e+03,8.466130913163116089e-15
3.888888888888888687e+03,8.470900850359153673e-15
3.890476190476190368e+03,8.475630184542650787e-15
3.892063492063492049e+03,8.480291063837721724e-15
3.893650793650793730e+03,8.484834852604609835e-15
3.895238095238095411e+03,8.489179227863496223e-15
3.896825396825396638e+03,8.493189217841872601e-15
3.898412698412698319e+03,8.496650658233601992e-15
3.900000000000000000e+03,8.499235016404023852e-15
3.901587301587301681e+03,8.500455691654691036e-15
3.903174603174603362e+03,8.499617955648860404e-15
3.904761904761904589e+03,8.495767742537888605e-15
3.906349206349206270e+03,8.487648373096212073e-15
3.907936507936507951e+03,8.473678462742867345e-15
3.909523809523809632e+03,8.451967729858909437e-15
3.911111111111111313e+03,8.420388794746795138e-15
3.912698412698412540e+03,8.376720770076049372e-15
3.914285714285714221e+03,8.318873165853061211e-15
3.915873015873015902e+03,8.245185852612125271e-15
3.917460317460317583e+03,8.154783408787256254e-15
3.919047619047619264e+03,8.047942709980776132e-15
3.920634920634920491e+03,7.926415314973866598e-15
3.922222222222222172e+03,7.793636217930416371e-15
3.923809523809523853e+03,7.654752695495964246e-15
3.925396825396825534e+03,7.516424210466645147e-15
3.926984126984127215e+03,7.386376249954059714e-15
3.928571428571428442e+03,7.272733141636348745e-15
3.930158730158730123e+03,7.183199234339458158e-15
3.931746031746031804e+03,7.124194286468187213e-15
3.933333333333333485e+03,7.100067999814431303e-15
3.934920634920634711e+03,7.112514260350338750e-15
3.936507936507936392e+03,7.160277163049708041e-15
3.938095238095238074e+03,7.239193763981437109e-15
3.939682539682539755e+03,7.342563096290153785e-15
3.941269841269841436e+03,7.461779863458576399e-15
3.942857142857142662e+03,7.587135632110900729e-15
3.944444444444444343e+03,7.708677085773707079e-15
3.946031746031746025e+03,7.817020525450440432e-15
3.947619047619047706e+03,7.904048747764811285e-15
3.949206349206348932e+03,7.963450986872712676e-15
3.950793650793650613e+03,7.991098081467582998e-15
3.952380952380952294e+03,7.985265080657324447e-15
3.953968253968253975e+03,7.946718589558830464e-15
3.955555555555555657e+03,7.878678371286237667e-15
3.957142857142856883e+03,7.786648805871242283e-15
3.958730158730158564e+03,7.678104671709451142e-15
3.960317460317460245e+03,7.562015291135520920e-15
3.961904761904761926e+03,7.448205467661644718e-15
3.963492063492063608e+03,7.346579473695578706e-15
3.965079365079364834e+03,7.266268920998764007e-15
3.966666666666666515e+03,7.214796509816223264e-15
3.968253968253968196e+03,7.197364909445629351e-15
3.969841269841269877e+03,7.216375889183084716e-15
3.971428571428571558e+03,7.271257362453295320e-15
3.973015873015872785e+03,7.358629730623842517e-15
3.974603174603174466e+03,7.472787664778089596e-15
3.976190476190476147e+03,7.606421714576482608e-15
3.977777777777777828e+03,7.751467488965646539e-15
3.979365079365079509e+03,7.899956208615320123e-15
3.980952380952380736e+03,8.044750922604359050e-15
3.982539682539682417e+03,8.180083434007137656e-15
3.984126984126984098e+03,8.301849501427066620e-15
3.985714285714285779e+03,8.407664003695453524e-15
3.987301587301587460e+03,8.496714374536869989e-15
3.988888888888888687e+03,8.569473776808106373e-15
3.990476190476190368e+03,8.627343271741272089e-15
3.992063492063492049e+03,8.672286437311723954e-15
3.993650793650793730e+03,8.706504785918528042e-15
3.995238095238095411e+03,8.732183126416327237e-15
3.996825396825396638e+03,8.751315402482264848e-15
3.998412698412698319e+03,8.765606776811932887e-15
4.000000000000000000e+03,8.776438325998610921e-15
4.001587301587301681e+03,8.784876621867641499e-15
4.003174603174603362e+03,8.791710618863905517e-15
4.004761904761904589e+03,8.797501107852111290e-15
4.006349206349206270e+03,8.802632034554105492e-15
4.007936507936507951e+03,8.807357055734842212e-15
4.009523809523809632e+03,8.811838108976509349e-15
4.011111111111111313e+03,8.816175209730521650e-15
4.012698412698412540e+03,8.820428172616589269e-15
4.014285714285714221e+03,8.824631663519975928e-15
4.015873015873015902e+03,8.828805164449843736e-15
4.017460317460317583e+03,8.832959298343455985e-15
4.019047619047619264e+03,8.837099687985656321e-15
4.020634920634920491e+03,8.841229223788792863e-15
4.022222222222222172e+03,8.845349349494279585e-15
4.023809523809523853e+03,8.849460766275873546e-15
4.025396825396825534e+03,8.853563805596466748e-15
4.026984126984127215e+03,8.857658620296502739e-15
4.028571428571428442e+03,8.861745279442192650e-15
4.030158730158730123e+03,8.865823813950143941e-15
4.031746031746031804e+03,8.869894237867583817e-15
4.033333333333333030e+03,8.873956558000865701e-15
4.034920634920635166e+03,8.878010778143504932e-15
4.036507936507936392e+03,8.882056900878418288e-15
4.038095238095238074e+03,8.886094928324145370e-15
4.039682539682539755e+03,8.890124862434812971e-15
4.041269841269840981e+03,8.894146705117396087e-15
4.042857142857142662e+03,8.898160458276129214e-15
4.044444444444444343e+03,8.902166123828889407e-15
4.046031746031746025e+03,8.906163703713060672e-15
4.047619047619047706e+03,8.910153199887474567e-15
4.049206349206348932e+03,8.914134614333077578e-15
4.050793650793650613e+03,8.918107949053058911e-15
4.052380952380952294e+03,8.922073206072894670e-15
4.053968253968253975e+03,8.926030387440270550e-15
4.055555555555555657e+03,8.929979495224998217e-15
4.057142857142856883e+03,8.933920531519005840e-15
4.058730158730158564e+03,8.937853498436219764e-15
4.060317460317460245e+03,8.941778398112515600e-15
4.061904761904761926e+03,8.945695232705640916e-15
4.063492063492063608e+03,8.949604004395134775e-15
4.065079365079364834e+03,8.953504715382315109e-15
4.066666666666666515e+03,8.957397367890087821e-15
4.068253968253968196e+03,8.961281964163022508e-15
4.069841269841269877e+03,8.965158506467193121e-15
4.071428571428571558e+03,8.969026997090088023e-15
4.073015873015872785e+03,8.972887438340644709e-15
4.074603174603174466e+03,8.976739832549073097e-15
4.076190476190476147e+03,8.980584182066846059e-15
4.077777777777777828e+03,8.984420489266598453e-15
4.079365079365079509e+03,8.988248756542097141e-15
4.080952380952380736e+03,8.992068986308140017e-15
4.082539682539682417e+03,8.995881181000473965e-15
4.084126984126984098e+03,8.999685343075768039e-15
4.085714285714285779e+03,9.003481475011517221e-15
4.087301587301587460e+03,9.007269579305987198e-15
4.088888888888888687e+03,9.011049658478110238e-15
4.090476190476190368e+03,9.014821715067496229e-15
4.092063492063492049e+03,9.018585751634276489e-15
4.093650793650793730e+03,9.022341770759064318e-15
4.095238095238095411e+03,9.026089775042932913e-15
4.096825396825396638e+03,9.029829767107257597e-15
4.098412698412698774e+03,9.033561749593747369e-15
4.100000000000000000e+03,9.037285725164312381e-15
4.101587301587301226e+03,9.041001696501000823e-15
4.103174603174603362e+03,9.044709666305951598e-15
4.104761904761904589e+03,9.048409637301309118e-15
4.106349206349206725e+03,9.052101612229207533e-15
4.107936507936507951e+03,9.055785593851592445e-15
4.109523809523809177e+03,9.059461584950272973e-15
4.111111111111111313e+03,9.063129588326781337e-15
4.112698412698412540e+03,9.066789606802342881e-15
4.114285714285713766e+03,9.070441643217782986e-15
4.115873015873015902e+03,9.074085700433462384e-15
4.117460317460317128e+03,9.077721781329239296e-15
4.119047619047619264e+03,9.081349888804366874e-15
4.120634920634920491e+03,9.084970025777456918e-15
4.122222222222222626e+03,9.088582195186383634e-15
4.123809523809523853e+03,9.092186399988236301e-15
4.125396825396825079e+03,9.095782643159270363e-15
4.126984126984127215e+03,9.099370927694781211e-15
4.128571428571428442e+03,9.102951256609118382e-15
4.130158730158729668e+03,9.106523632935529366e-15
4.131746031746031804e+03,9.110088059726200622e-15
4.133333333333333030e+03,9.113644540052090348e-15
4.134920634920635166e+03,9.117193077002915851e-15
4.136507936507936392e+03,9.120733673687106220e-15
4.138095238095238528e+03,9.124266333231642975e-15
4.139682539682539755e+03,9.127791058782120018e-15
4.141269841269840981e+03,9.131307853502606376e-15
4.142857142857143117e+03,9.134816720575586244e-15
4.144444444444444343e+03,9.138317663201906921e-15
4.146031746031745570e+03,9.141810684600677836e-15
4.147619047619047706e+03,9.145295788009303680e-15
4.149206349206348932e+03,9.148772976683271415e-15
4.150793650793651068e+03,9.152242253896235467e-15
4.152380952380952294e+03,9.155703622939836294e-15
4.153968253968254430e+03,9.159157087123711423e-15
4.155555555555555657e+03,9.162602649775380283e-15
4.157142857142856883e+03,9.166040314240225268e-15
4.158730158730159019e+03,9.169470083881390764e-15
4.160317460317460245e+03,9.172891962079748440e-15
4.161904761904761472e+03,9.176305952233791539e-15
4.163492063492063608e+03,9.179712057759623836e-15
4.165079365079364834e+03,9.183110282090850773e-15
4.166666666666666970e+03,9.186500628678563683e-15
4.168253968253968196e+03,9.189883100991221461e-15
4.169841269841269423e+03,9.193257702514617432e-15
4.171428571428571558e+03,9.196624436751822552e-15
4.173015873015872785e+03,9.199983307223109677e-15
4.174603174603174921e+03,9.203334317465876257e-15
4.176190476190476147e+03,9.206677471034601736e-15
4.177777777777777374e+03,9.210012771500822307e-15
4.179365079365079509e+03,9.213340222452979453e-15
4.180952380952380736e+03,9.216659827496415214e-15
4.182539682539682872e+03,9.219971590253298032e-15
4.184126984126984098e+03,9.223275514362562799e-15
4.185714285714285325e+03,9.226571603479869836e-15
4.187301587301587460e+03,9.229859861277466053e-15
4.188888888888888687e+03,9.233140291444241747e-15
4.190476190476190823e+03,9.236412897685555477e-15
4.192063492063492049e+03,9.239677683723224595e-15
4.193650793650793275e+03,9.242934653295492114e-15
4.195238095238095411e+03,9.246183810156898914e-15
4.196825396825396638e+03,9.249425158078274275e-15
4.198412698412697864e+03,9.252658700846619126e-15
4.200000000000000000e+03,9.255884442265143907e-15
4.201587301587301226e+03,9.259102386153071362e-15
4.203174603174603362e+03,9.262312536345715415e-15
4.204761904761904589e+03,9.265514896694304472e-15
4.206349206349206725e+03,9.268709471065998773e-15
4.207936507936507951e+03,9.271896263343773643e-15
4.209523809523809177e+03,9.275075277426391090e-15
4.211111111111111313e+03,9.278246517228354052e-15
4.212698412698412540e+03,9.281409986679810157e-15
4.214285714285713766e+03,9.284565689726504393e-15
4.215873015873015902e+03,9.287713630329706527e-15
4.217460317460317128e+03,9.290853812466192179e-15
4.219047619047619264e+03,9.293986240128141842e-15
4.220634920634920491e+03,9.297110917323084089e-15
4.222222222222222626e+03,9.300227848073862438e-15
4.223809523809523853e+03,9.303337036418569089e-15
4.225396825396825079e+03,9.306438486410439213e-15
4.226984126984127215e+03,9.309532202117841491e-15
4.228571428571428442e+03,9.312618187624207116e-15
4.230158730158729668e+03,9.315696447027995076e-15
4.231746031746031804e+03,9.318766984442573836e-15
4.233333333333333030e+03,9.321829803996173995e-15
4.234920634920635166e+03,9.324884909831913540e-15
4.236507936507936392e+03,9.327932306107600622e-15
4.238095238095238528e+03,9.330971996995820335e-15
4.239682539682539755e+03,9.334003986683754858e-15
4.241269841269840981e+03,9.337028279373194494e-15
4.242857142857143117e+03,9.340044879280450897e-15
4.244444444444444343e+03,9.343053790636297119e-15
4.246031746031745570e+03,9.346055017685959725e-15
4.247619047619047706e+03,9.349048564688984679e-15
4.249206349206348932e+03,9.352034435919234194e-15
4.250793650793651068e+03,9.355012635664779447e-15
4.252380952380952294e+03,9.357983168227908465e-15
4.253968253968254430e+03,9.360946037925020418e-15
4.255555555555555657e+03,9.363901249086576713e-15
4.257142857142856883e+03,9.366848806057053657e-15
4.258730158730159019e+03,9.369788713194854110e-15
4.260317460317460245e+03,9.372720974872320103e-15
4.261904761904761472e+03,9.375645595475586110e-15
4.263492063492063608e+03,9.378562579404609027e-15
4.265079365079364834e+03,9.381471931073030909e-15
4.266666666666666970e+03,9.384373654908183704e-15
4.268253968253968196e+03,9.387267755351002475e-15
4.269841269841269423e+03,9.390154236855957563e-15
4.271428571428571558e+03,9.393033103891043539e-15
4.273015873015872785e+03,9.395904360937679808e-15
4.274603174603174921e+03,9.398768012490669591e-15
4.276190476190476147e+03,9.401624063058152591e-15
4.277777777777777374e+03,9.404472517161533995e-15
4.279365079365079509e+03,9.407313379335426101e-15
4.280952380952380736e+03,9.410146654127612026e-15
4.282539682539682872e+03,9.412972346098977869e-15
4.284126984126984098e+03,9.415790459823460643e-15
4.285714285714285325e+03,9.418600999887964658e-15
4.287301587301587460e+03,9.421403970892385181e-15
4.288888888888888687e+03,9.424199377449436474e-15
4.290476190476190823e+03,9.426987224184702274e-15
4.292063492063492049e+03,9.429767515736536395e-15
4.293650793650793275e+03,9.432540256755983851e-15
4.295238095238095411e+03,9.435305451906784002e-15
4.296825396825396638e+03,9.438063105865234873e-15
4.298412698412697864e+03,9.440813223320254689e-15
4.300000000000000000e+03,9.443555808973206741e-15
4.301587301587301226e+03,9.446290867537930948e-15
4.303174603174603362e+03,9.449018403740616054e-15
4.304761904761904589e+03,9.451738422319824877e-15
4.306349206349206725e+03,9.454450928026388599e-15
4.307936507936507951e+03,9.457155925623356281e-15
4.309523809523809177e+03,9.459853419885977505e-15
4.311111111111111313e+03,9.462543415601584048e-15
4.312698412698412540e+03,9.465225917569607235e-15
4.314285714285713766e+03,9.467900930601462767e-15
4.315873015873015902e+03,9.470568459520557028e-15
4.317460317460317128e+03,9.473228509162165606e-15
4.319047619047619264e+03,9.475881084373438021e-15
4.320634920634920491e+03,9.478526190013331466e-15
4.322222222222222626e+03,9.481163830952528759e-15
4.323809523809523853e+03,9.483794012073414684e-15
4.325396825396825079e+03,9.486416738270017610e-15
4.326984126984127215e+03,9.489032014447949540e-15
4.328571428571428442e+03,9.491639845524371399e-15
4.330158730158729668e+03,9.494240236427890487e-15
4.331746031746031804e+03,9.496833192098596762e-15
4.333333333333333030e+03,9.499418717487919267e-15
4.334920634920635166e+03,9.501996817558634022e-15
4.336507936507936392e+03,9.504567497284774092e-15
4.338095238095238528e+03,9.507130761651607498e-15
4.339682539682539755e+03,9.509686615655582000e-15
4.341269841269840981e+03,9.512235064304225695e-15
4.342857142857143117e+03,9.514776112616194354e-15
4.344444444444444343e+03,9.517309765621104181e-15
4.346031746031745570e+03,9.519836028359566525e-15
4.347619047619047706e+03,9.522354905883096367e-15
4.349206349206348932e+03,9.524866403254064993e-15
4.350793650793651068e+03,9.527370525545666864e-15
4.352380952380952294e+03,9.529867277841856498e-15
4.353968253968254430e+03,9.532356665237283794e-15
4.355555555555555657e+03,9.534838692837284558e-15
4.357142857142856883e+03,9.537313365757763755e-15
4.358730158730159019e+03,9.539780689125216020e-15
4.360317460317460245e+03,9.542240668076627837e-15
4.361904761904761472e+03,9.544693307759457029e-15
4.363492063492063608e+03,9.547138613331552297e-15
4.365079365079364834e+03,9.549576589961129550e-15
4.366666666666666970e+03,9.552007242826704065e-15
4.368253968253968196e+03,9.554430577117052623e-15
4.369841269841269423e+03,9.556846598031155131e-15
4.371428571428571558e+03,9.559255310778166225e-15
4.373015873015872785e+03,9.561656720577314293e-15
4.374603174603174921e+03,9.564050832657926721e-15
4.376190476190476147e+03,9.566437652259308409e-15
4.377777777777777374e+03,9.568817184630741768e-15
4.379365079365079509e+03,9.571189435031412570e-15
4.380952380952380736e+03,9.573554408730383125e-15
4.382539682539682872e+03,9.575912111006513396e-15
4.384126984126984098e+03,9.578262547148419976e-15
4.385714285714285325e+03,9.580605722454460314e-15
4.387301587301587460e+03,9.582941642232645939e-15
4.388888888888888687e+03,9.585270311800615638e-15
4.390476190476190823e+03,9.587591736485556569e-15
4.392063492063492049e+03,9.589905921624205843e-15
4.393650793650793275e+03,9.592212872562755855e-15
4.395238095238095411e+03,9.594512594656857444e-15
4.396825396825396638e+03,9.596805093271477896e-15
4.398412698412697864e+03,9.599090373780970363e-15
4.400000000000000000e+03,9.601368441568947648e-15
4.401587301587301226e+03,9.603639302028268002e-15
4.403174603174603362e+03,9.605902960560983063e-15
4.404761904761904589e+03,9.608159422578244767e-15
4.406349206349206725e+03,9.610408693500370036e-15
4.407936507936507951e+03,9.612650778756649873e-15
4.409523809523809177e+03,9.614885683785420363e-15
4.411111111111111313e+03,9.617113414033938028e-15
4.412698412698412540e+03,9.619333974958398761e-15
4.414285714285713766e+03,9.621547372023841587e-15
4.415873015873015902e+03,9.623753610704095019e-15
4.417460317460317128e+03,9.625952696481800724e-15
4.419047619047619264e+03,9.628144634848280995e-15
4.420634920634920491e+03,9.630329431303540327e-15
4.422222222222222626e+03,9.632507091356216509e-15
4.423809523809523853e+03,9.634677620523526982e-15
4.425396825396825079e+03,9.636841024331216773e-15
4.426984126984127215e+03,9.638997308313522207e-15
4.428571428571428442e+03,9.641146478013129887e-15
4.430158730158729668e+03,9.643288538981119899e-15
4.431746031746031804e+03,9.645423496776916895e-15
4.433333333333333030e+03,9.647551356968258547e-15
4.434920634920635166e+03,9.649672125131149787e-15
4.436507936507936392e+03,9.651785806849791813e-15
4.438095238095238528e+03,9.653892407716586821e-15
4.439682539682539755e+03,9.655991933332024408e-15
4.441269841269840981e+03,9.658084389304722595e-15
4.442857142857143117e+03,9.660169781251292140e-15
4.444444444444444343e+03,9.662248114796344431e-15
4.446031746031745570e+03,9.664319395572448882e-15
4.447619047619047706e+03,9.666383629220074561e-15
4.449206349206348932e+03,9.668440821387553903e-15
4.450793650793651068e+03,9.670490977731005398e-15
4.452380952380952294e+03,9.672534103914363572e-15
4.453968253968253521e+03,9.674570205609233832e-15
4.455555555555555657e+03,9.676599288494950845e-15
4.457142857142856883e+03,9.678621358258450744e-15
4.458730158730159019e+03,9.680636420594285321e-15
4.460317460317460245e+03,9.682644481204560504e-15
4.461904761904761472e+03,9.684645545798862197e-15
4.463492063492063608e+03,9.686639620094253130e-15
4.465079365079364834e+03,9.688626709815216058e-15
4.466666666666666970e+03,9.690606820693630094e-15
4.468253968253968196e+03,9.692579958468676051e-15
4.469841269841269423e+03,9.694546128886814347e-15
4.471428571428571558e+03,9.696505337701813410e-15
4.473015873015872785e+03,9.698457590674599790e-15
4.474603174603174921e+03,9.700402893573251851e-15
4.476190476190476147e+03,9.702341252172998193e-15
4.477777777777777374e+03,9.704272672256130874e-15
4.479365079365079509e+03,9.706197159611965972e-15
4.480952380952380736e+03,9.708114720036823071e-15
4.482539682539682872e+03,9.710025359333987397e-15
4.484126984126984098e+03,9.711929083313616732e-15
4.485714285714285325e+03,9.713825897792768235e-15
4.487301587301587460e+03,9.715715808595281693e-15
4.488888888888888687e+03,9.717598821551822116e-15
4.490476190476190823e+03,9.719474942499762988e-15
4.492063492063492049e+03,9.721344177283192574e-15
4.493650793650793275e+03,9.723206531752858708e-15
4.495238095238095411e+03,9.725062011766104096e-15
4.496825396825396638e+03,9.726910623186875792e-15
4.498412698412697864e+03,9.728752371885617905e-15
4.500000000000000000e+03,9.730587263739309469e-15
4.501587301587301226e+03,9.732415304631347691e-15
4.503174603174603362e+03,9.734236500451547950e-15
4.504761904761904589e+03,9.736050857096096464e-15
4.506349206349206725e+03,9.737858380467507695e-15
4.507936507936507951e+03,9.739659076474592793e-15
4.509523809523809177e+03,9.741452951032388596e-15
4.511111111111111313e+03,9.743240010062173413e-15
4.512698412698412540e+03,9.745020259491362887e-15
4.514285714285713766e+03,9.746793705253495803e-15
4.515873015873015902e+03,9.748560353288227770e-15
4.517460317460317128e+03,9.750320209541238141e-15
4.519047619047619264e+03,9.752073279964220545e-15
4.520634920634920491e+03,9.753819570514837130e-15
4.522222222222222626e+03,9.755559087156672815e-15
4.523809523809523853e+03,9.757291835859200575e-15
4.525396825396825079e+03,9.759017822597732532e-15
4.526984126984127215e+03,9.760737053353429426e-15
4.528571428571428442e+03,9.762449534113172814e-15
4.530158730158729668e+03,9.764155270869596627e-15
4.531746031746031804e+03,9.765854269621025640e-15
4.533333333333333030e+03,9.767546536371437603e-15
4.534920634920635166e+03,9.769232077130431690e-15
4.536507936507936392e+03,9.770910897913157501e-15
4.538095238095238528e+03,9.772583004740333992e-15
4.539682539682539755e+03,9.774248403638151662e-15
4.541269841269840981e+03,9.775907100638244145e-15
4.542857142857143117e+03,9.777559101777738707e-15
4.544444444444444343e+03,9.779204413099057445e-15
4.546031746031745570e+03,9.780843040650030889e-15
4.547619047619047706e+03,9.782474990483749692e-15
4.549206349206348932e+03,9.784100268658610386e-15
4.550793650793651068e+03,9.785718881238217563e-15
4.552380952380952294e+03,9.787330834291371251e-15
4.553968253968254430e+03,9.788936133892044831e-15
4.555555555555555657e+03,9.790534786119287212e-15
4.557142857142856883e+03,9.792126797057284367e-15
4.558730158730159019e+03,9.793712172795214180e-15
4.560317460317460245e+03,9.795290919427281158e-15
4.561904761904761472e+03,9.796863043052661207e-15
4.563492063492063608e+03,9.798428549775455884e-15
4.565079365079364834e+03,9.799987445704656102e-15
4.566666666666666060e+03,9.801539736954110582e-15
4.568253968253968196e+03,9.803085429642499029e-15
4.569841269841270332e+03,9.804624529893281644e-15
4.571428571428571558e+03,9.806157043834659682e-15
4.573015873015872785e+03,9.807682977599542322e-15
4.574603174603174921e+03,9.809202337325507219e-15
4.576190476190476147e+03,9.810715129154791042e-15
4.577777777777777374e+03,9.812221359234215321e-15
4.579365079365079509e+03,9.813721033715170665e-15
4.580952380952380736e+03,9.815214158753577324e-15
4.582539682539681962e+03,9.816700740509842590e-15
4.584126984126984098e+03,9.818180785148840284e-15
4.585714285714285325e+03,9.819654298839866582e-15
4.587301587301587460e+03,9.821121287756587948e-15
4.588888888888888687e+03,9.822581758077044293e-15
4.590476190476190823e+03,9.824035715983573240e-15
4.592063492063492049e+03,9.825483167662795929e-15
4.593650793650793275e+03,9.826924119305571259e-15
4.595238095238095411e+03,9.828358577106989579e-15
4.596825396825396638e+03,9.829786547266293803e-15
4.598412698412697864e+03,9.831208035986866786e-15
4.600000000000000000e+03,9.832623049476204505e-15
4.601587301587301226e+03,9.834031593945854524e-15
4.603174603174603362e+03,9.835433675611442821e-15
4.604761904761904589e+03,9.836829300692531788e-15
4.606349206349206725e+03,9.838218475412718051e-15
4.607936507936507951e+03,9.839601205999465236e-15
4.609523809523809177e+03,9.840977498684168647e-15
4.611111111111111313e+03,9.842347359702084275e-15
4.612698412698412540e+03,9.843710795292273578e-15
4.614285714285713766e+03,9.845067811697635031e-15
4.615873015873015902e+03,9.846418415164792111e-15
4.617460317460317128e+03,9.847762611944105918e-15
4.619047619047619264e+03,9.849100408289635731e-15
4.620634920634920491e+03,9.850431810459071169e-15
4.622222222222222626e+03,9.851756824713768475e-15
4.623809523809523853e+03,9.853075457318647966e-15
4.625396825396825079e+03,9.854387714542195610e-15
4.626984126984127215e+03,9.855693602656429893e-15
4.628571428571428442e+03,9.856993127936832403e-15
4.630158730158729668e+03,9.858286296662393580e-15
4.631746031746031804e+03,9.859573115115499120e-15
4.633333333333333030e+03,9.860853589581912624e-15
4.634920634920635166e+03,9.862127726350791371e-15
4.636507936507936392e+03,9.863395531714601122e-15
4.638095238095238528e+03,9.864657011969090879e-15
4.639682539682539755e+03,9.865912173413289726e-15
4.641269841269840981e+03,9.867161022349454767e-15
4.642857142857143117e+03,9.868403565083042725e-15
4.644444444444444343e+03,9.869639807922659457e-15
4.646031746031745570e+03,9.870869757180055216e-15
4.647619047619047706e+03,9.872093419170077328e-15
4.649206349206348932e+03,9.873310800210635474e-15
4.650793650793651068e+03,9.874521906622700116e-15
4.652380952380952294e+03,9.875726744730220453e-15
4.653968253968254430e+03,9.876925320860124427e-15
4.655555555555555657e+03,9.878117641342272960e-15
4.657142857142856883e+03,9.879303712509467851e-15
4.658730158730159019e+03,9.880483540697346063e-15
4.660317460317460245e+03,9.881657132244431791e-15
4.661904761904761472e+03,9.882824493492035487e-15
4.663492063492063608e+03,9.883985630784260170e-15
4.665079365079364834e+03,9.885140550467965138e-15
4.666666666666666060e+03,9.886289258892739150e-15
4.668253968253968196e+03,9.887431762410840469e-15
4.669841269841270332e+03,9.888568067377206328e-15
4.671428571428571558e+03,9.889698180149386671e-15
4.673015873015872785e+03,9.890822107087533103e-15
4.674603174603174921e+03,9.891939854554394158e-15
4.676190476190476147e+03,9.893051428915217485e-15
4.677777777777777374e+03,9.894156836537779816e-15
4.679365079365079509e+03,9.895256083792322290e-15
4.680952380952380736e+03,9.896349177051552021e-15
4.682539682539681962e+03,9.897436122690560062e-15
4.684126984126984098e+03,9.898516927086857693e-15
4.685714285714285325e+03,9.899591596620280174e-15
4.687301587301587460e+03,9.900660137673005687e-15
4.688888888888888687e+03,9.901722556629528505e-15
4.690476190476190823e+03,9.902778859876589580e-15
4.692063492063492049e+03,9.903829053803144985e-15
4.693650793650793275e+03,9.904873144800386424e-15
4.695238095238095411e+03,9.905911139261676545e-15
4.696825396825396638e+03,9.906943043582536322e-15
4.698412698412697864e+03,9.907968864160588254e-15
4.700000000000000000e+03,9.908988607395570562e-15
4.701587301587301226e+03,9.910002279689258311e-15
4.703174603174603362e+03,9.911009887445450777e-15
4.704761904761904589e+03,9.912011437069984081e-15
4.706349206349206725e+03,9.913006934970622315e-15
4.707936507936507951e+03,9.913996387557141170e-15
4.709523809523809177e+03,9.914979801241155957e-15
4.711111111111111313e+03,9.915957182436244677e-15
4.712698412698412540e+03,9.916928537557798131e-15
4.714285714285713766e+03,9.917893873023026232e-15
4.715873015873015902e+03,9.918853195250981676e-15
4.717460317460317128e+03,9.919806510662465270e-15
4.719047619047619264e+03,9.920753825680036985e-15
4.720634920634920491e+03,9.921695146727981239e-15
4.722222222222222626e+03,9.922630480232228016e-15
4.723809523809523853e+03,9.923559832620439637e-15
4.725396825396825079e+03,9.924483210321856146e-15
4.726984126984127215e+03,9.925400619767353683e-15
4.728571428571428442e+03,9.926312067389365601e-15
4.730158730158729668e+03,9.927217559621896663e-15
4.731746031746031804e+03,9.928117102900458356e-15
4.733333333333333030e+03,9.929010703662067315e-15
4.734920634920635166e+03,9.929898368345218500e-15
4.736507936507936392e+03,9.930780103389839440e-15
4.738095238095238528e+03,9.931655915237266574e-15
4.739682539682539755e+03,9.932525810330201066e-15
4.741269841269840981e+03,9.933389795112773498e-15
4.742857142857143117e+03,9.934247876030379785e-15
4.744444444444444343e+03,9.935100059529755328e-15
4.746031746031745570e+03,9.935946352058910327e-15
4.747619047619047706e+03,9.936786760067106113e-15
4.749206349206348932e+03,9.937621290004822023e-15
4.750793650793650158e+03,9.938449948323745925e-15
4.752380952380952294e+03,9.939272741476739514e-15
4.753968253968254430e+03,9.940089675917816220e-15
4.755555555555555657e+03,9.940900758102090726e-15
4.757142857142856883e+03,9.941705994485799471e-15
4.758730158730159019e+03,9.942505391526234394e-15
4.760317460317460245e+03,9.943298955681711373e-15
4.761904761904761472e+03,9.944086693411586004e-15
4.763492063492063608e+03,9.944868611176207852e-15
4.765079365079364834e+03,9.945644715436868376e-15
4.766666666666666060e+03,9.946415012655816717e-15
4.768253968253968196e+03,9.947179509296202892e-15
4.769841269841270332e+03,9.947938211822080955e-15
4.771428571428571558e+03,9.948691126698352195e-15
4.773015873015872785e+03,9.949438260390757249e-15
4.774603174603174921e+03,9.950179619365842970e-15
4.776190476190476147e+03,9.950915210090976628e-15
4.777777777777777374e+03,9.951645039034232310e-15
4.779365079365079509e+03,9.952369112664460344e-15
4.780952380952380736e+03,9.953087437451194210e-15
4.782539682539681962e+03,9.953800019864653698e-15
4.784126984126984098e+03,9.954506866375686530e-15
4.785714285714285325e+03,9.955207983455583771e-15
4.787301587301587460e+03,9.955903377575887339e-15
4.788888888888888687e+03,9.956593055207342407e-15
4.790476190476190823e+03,9.957277022817320975e-15
4.792063492063492049e+03,9.957955286862324543e-15
4.793650793650793275e+03,9.958627853767315951e-15
4.795238095238095411e+03,9.959294729870088907e-15
4.796825396825396638e+03,9.959955921275956656e-15
4.798412698412697864e+03,9.960611433487982898e-15
4.800000000000000000e+03,9.961261270493990459e-15
4.801587301587301226e+03,9.961905432575302915e-15
4.803174603174603362e+03,9.962543911201304654e-15
4.804761904761904589e+03,9.963176677480225347e-15
4.806349206349206725e+03,9.963803656808301163e-15
4.807936507936507951e+03,9.964424674892715169e-15
4.809523809523809177e+03,9.965039346327029731e-15
4.811111111111111313e+03,9.965646851711878954e-15
4.812698412698412540e+03,9.966245505941905248e-15
4.814285714285713766e+03,9.966831949059265944e-15
4.815873015873015902e+03,9.967399680118427220e-15
4.817460317460317128e+03,9.967936491742085572e-15
4.819047619047619264e+03,9.968420140866631103e-15
4.820634920634920491e+03,9.968811314758289201e-15
4.822222222222222626e+03,9.969042651035276883e-15
4.823809523809523853e+03,9.969002316782610735e-15
4.825396825396825079e+03,9.968510569982935991e-15
4.826984126984127215e+03,9.967288001655489158e-15
4.828571428571428442e+03,9.964915021222263776e-15
4.830158730158729668e+03,9.960783834917951577e-15
4.831746031746031804e+03,9.954046830807236512e-15
4.833333333333333030e+03,9.943568877721534014e-15
4.834920634920635166e+03,9.927895190557346340e-15
4.836507936507936392e+03,9.905250298769210264e-15
4.838095238095238528e+03,9.873586025823304443e-15
4.839682539682539755e+03,9.830695703575165115e-15
4.841269841269840981e+03,9.774406626124622215e-15
4.842857142857143117e+03,9.702852095028671050e-15
4.844444444444444343e+03,9.614808595393580841e-15
4.846031746031745570e+03,9.510064576231344547e-15
4.847619047619047706e+03,9.389768627730952619e-15
4.849206349206348932e+03,9.256691473075327575e-15
4.850793650793650158e+03,9.115333266448277581e-15
4.852380952380952294e+03,8.971819078511789527e-15
4.853968253968254430e+03,8.833552196416263022e-15
4.855555555555555657e+03,8.708634116357212033e-15
4.857142857142856883e+03,8.605105039672004279e-15
4.858730158730159019e+03,8.530099666875713590e-15
4.860317460317460245e+03,8.489039945082906515e-15
4.861904761904761472e+03,8.484991251742959397e-15
4.863492063492063608e+03,8.518288128353967725e-15
4.865079365079364834e+03,8.586493013407382001e-15
4.866666666666666060e+03,8.684695042540988225e-15
4.868253968253968196e+03,8.806098058944579453e-15
4.869841269841270332e+03,8.942800090366607398e-15
4.871428571428571558e+03,9.086640378136623376e-15
4.873015873015872785e+03,9.229988944357537595e-15
4.874603174603174921e+03,9.366375875163834293e-15
4.876190476190476147e+03,9.490896005050655508e-15
4.877777777777777374e+03,9.600369617748809797e-15
4.879365079365079509e+03,9.693281134704697216e-15
4.880952380952380736e+03,9.769547898914013002e-15
4.882539682539681962e+03,9.830186245751201851e-15
4.884126984126984098e+03,9.876942264820531287e-15
4.885714285714285325e+03,9.911943323358478360e-15
4.887301587301587460e+03,9.937408527591531294e-15
4.888888888888888687e+03,9.955436934066351238e-15
4.890476190476190823e+03,9.967875496620344550e-15
4.892063492063492049e+03,9.976256773837782183e-15
4.893650793650793275e+03,9.981789956399607315e-15
4.895238095238095411e+03,9.985387132529985053e-15
4.896825396825396638e+03,9.987708498383729134e-15
4.898412698412697864e+03,9.989213872699961406e-15
4.900000000000000000e+03,9.990212049104713778e-15
4.901587301587301226e+03,9.990903293767549292e-15
4.903174603174603362e+03,9.991413195704074724e-15
4.904761904761904589e+03,9.991817988115746848e-15
4.906349206349206725e+03,9.992162499320963310e-15
4.907936507936507951e+03,9.992472285052863960e-15
4.909523809523809177e+03,9.992761478053667177e-15
4.911111111111111313e+03,9.993037664530364278e-15
4.912698412698412540e+03,9.993304799564947965e-15
4.914285714285713766e+03,9.993564887463320466e-15
4.915873015873015902e+03,9.993818916760431218e-15
4.917460317460317128e+03,9.994067363070458048e-15
4.919047619047619264e+03,9.994310450714354971e-15
4.920634920634920491e+03,9.994548284512148874e-15
4.922222222222222626e+03,9.994780914103895138e-15
4.923809523809523853e+03,9.995008364380570816e-15
4.925396825396825079e+03,9.995230649447808798e-15
4.926984126984127215e+03,9.995447778842987915e-15
4.928571428571428442e+03,9.995659760222173646e-15
4.930158730158729668e+03,9.995866600487684342e-15
4.931746031746031804e+03,9.996068306247572725e-15
4.933333333333333030e+03,9.996264883997761251e-15
4.934920634920635166e+03,9.996456340191891009e-15
4.936507936507936392e+03,9.996642681267688607e-15
4.938095238095238528e+03,9.996823913656318911e-15
4.939682539682539755e+03,9.997000043785840249e-15
4.941269841269840981e+03,9.997171078082258335e-15
4.942857142857143117e+03,9.997337022969990118e-15
4.944444444444444343e+03,9.997497884871887444e-15
4.946031746031745570e+03,9.997653670209314370e-15
4.947619047619047706e+03,9.997804385402126650e-15
4.949206349206348932e+03,9.997950036868660692e-15
4.950793650793650158e+03,9.998090631025686226e-15
4.952380952380952294e+03,9.998226174288418926e-15
4.953968253968254430e+03,9.998356673070539343e-15
4.955555555555555657e+03,9.998482133784093509e-15
4.957142857142856883e+03,9.998602562839533955e-15
4.958730158730159019e+03,9.998717966645661338e-15
4.960317460317460245e+03,9.998828351609700173e-15
4.961904761904761472e+03,9.998933724137125278e-15
4.963492063492063608e+03,9.999034090631808508e-15
4.965079365079364834e+03,9.999129457495881490e-15
4.966666666666666060e+03,9.999219831129794000e-15
4.968253968253968196e+03,9.999305217932222455e-15
4.969841269841269423e+03,9.999385624300159842e-15
4.971428571428571558e+03,9.999461056628806856e-15
4.973015873015872785e+03,9.999531521311562433e-15
4.974603174603174921e+03,9.999597024740090018e-15
4.976190476190476147e+03,9.999657573304181875e-15
4.977777777777777374e+03,9.999713173391847444e-15
4.979365079365079509e+03,9.999763831389217096e-15
4.980952380952380736e+03,9.999809553680600514e-15
4.982539682539681962e+03,9.999850346648390448e-15
4.984126984126984098e+03,9.999886216673154222e-15
4.985714285714285325e+03,9.999917170133450723e-15
4.987301587301587460e+03,9.999943213406002368e-15
4.988888888888888687e+03,9.999964352865554689e-15
4.990476190476190823e+03,9.999980594884901576e-15
4.992063492063492049e+03,9.999991945834856879e-15
4.993650793650793275e+03,9.999998412084293848e-15
4.995238095238095411e+03,9.999999999999999988e-15
4.996825396825396638e+03,9.999996715946826937e-15
4.998412698412697864e+03,9.999988566287546895e-15
5.000000000000000000e+03,9.999975557382877872e-15
5.001587301587301226e+03,9.999957695591510500e-15
5.003174603174603362e+03,9.999934987270014957e-15
5.004761904761904589e+03,9.999907438772896183e-15
5.006349206349206725e+03,9.999875056452524458e-15
5.007936507936507951e+03,9.999837846659166961e-15
5.009523809523809177e+03,9.999795815740916768e-15
5.011111111111111313e+03,9.999748970043763855e-15
5.012698412698412540e+03,9.999697315911462564e-15
5.014285714285713766e+03,9.999640859685645202e-15
5.015873015873015902e+03,9.999579607705672155e-15
5.017460317460317128e+03,9.999513566308761266e-15
5.019047619047619264e+03,9.999442741829852144e-15
5.020634920634920491e+03,9.999367140601629836e-15
5.022222222222222626e+03,9.999286768954569000e-15
5.023809523809523853e+03,9.999201633216825043e-15
5.025396825396825079e+03,9.999111739714294075e-15
5.026984126984127215e+03,9.999017094770530865e-15
5.028571428571428442e+03,9.998917704706822997e-15
5.030158730158729668e+03,9.998813575842059919e-15
5.031746031746031804e+03,9.998704714492859158e-15
5.033333333333333030e+03,9.998591126973416438e-15
5.034920634920635166e+03,9.998472819595576677e-15
5.036507936507936392e+03,9.998349798668785081e-15
5.038095238095238528e+03,9.998222070500101338e-15
5.039682539682539755e+03,9.998089641394142822e-15
5.041269841269840981e+03,9.997952517653120884e-15
5.042857142857143117e+03,9.997810705576782472e-15
5.044444444444444343e+03,9.997664211462413287e-15
5.046031746031745570e+03,9.997513041604839364e-15
5.047619047619047706e+03,9.997357202296367113e-15
5.049206349206348932e+03,9.997196699826860635e-15
5.050793650793650158e+03,9.997031540483609186e-15
5.052380952380952294e+03,9.996861730551409221e-15
5.053968253968254430e+03,9.996687276312502866e-15
5.055555555555555657e+03,9.996508184046574758e-15
5.057142857142856883e+03,9.996324460030739426e-15
5.058730158730159019e+03,9.996136110539552333e-15
5.060317460317460245e+03,9.995943141844919948e-15
5.061904761904761472e+03,9.995745560216202298e-15
5.063492063492063608e+03,9.995543371920085171e-15
5.065079365079364834e+03,9.995336583220670044e-15
5.066666666666666060e+03,9.995125200379360494e-15
5.068253968253968196e+03,9.994909229654926877e-15
5.069841269841269423e+03,9.994688677303466890e-15
5.071428571428571558e+03,9.994463549578348770e-15
5.073015873015872785e+03,9.994233852730313849e-15
5.074603174603174921e+03,9.993999593007314046e-15
5.076190476190476147e+03,9.993760776654633350e-15
5.077777777777777374e+03,9.993517409914767920e-15
5.079365079365079509e+03,9.993269499027523896e-15
5.080952380952380736e+03,9.993017050229865942e-15
5.082539682539681962e+03,9.992760069756060818e-15
5.084126984126984098e+03,9.992498563837514875e-15
5.085714285714285325e+03,9.992232538702878181e-15
5.087301587301587460e+03,9.991962000577971953e-15
5.088888888888888687e+03,9.991686955685799593e-15
5.090476190476190823e+03,9.991407410246500942e-15
5.092063492063492049e+03,9.991123370477386981e-15
5.093650793650793275e+03,9.990834842592913018e-15
5.095238095238095411e+03,9.990541832804623464e-15
5.096825396825396638e+03,9.990244347321210207e-15
5.098412698412697864e+03,9.989942392348436885e-15
5.100000000000000000e+03,9.989635974089190949e-15
5.101587301587301226e+03,9.989325098743385844e-15
5.103174603174603362e+03,9.989009772508054095e-15
5.104761904761904589e+03,9.988690001577235288e-15
5.106349206349206725e+03,9.988365792142034448e-15
5.107936507936507951e+03,9.988037150390574705e-15
5.109523809523809177e+03,9.987704082508005183e-15
5.111111111111111313e+03,9.987366594676469446e-15
5.112698412698412540e+03,9.987024693075108655e-15
5.114285714285713766e+03,9.986678383880064719e-15
5.115873015873015902e+03,9.986327673264406148e-15
5.117460317460317128e+03,9.985972567398213244e-15
5.119047619047619264e+03,9.985613072448459777e-15
5.120634920634920491e+03,9.985249194579101333e-15
5.122222222222222626e+03,9.984880939950994855e-15
5.123809523809523853e+03,9.984508314721927038e-15
5.125396825396825079e+03,9.984131325046568576e-15
5.126984126984127215e+03,9.983749977076499406e-15
5.128571428571428442e+03,9.983364276960148756e-15
5.130158730158729668e+03,9.982974230842859828e-15
5.131746031746031804e+03,9.982579844866796716e-15
5.133333333333333030e+03,9.982181125170999624e-15
5.134920634920635166e+03,9.981778077891310716e-15
5.136507936507936392e+03,9.981370709160440374e-15
5.138095238095238528e+03,9.980959025107872544e-15
5.139682539682539755e+03,9.980543031859913636e-15
5.141269841269840981e+03,9.980122735539670443e-15
5.142857142857143117e+03,9.979698142266996494e-15
5.144444444444444343e+03,9.979269258158589875e-15
5.146031746031745570e+03,9.978836089327822834e-15
5.147619047619047706e+03,9.978398641884885354e-15
5.149206349206348932e+03,9.977956921936665248e-15
5.150793650793650158e+03,9.977510935586814419e-15
5.152380952380952294e+03,9.977060688935652624e-15
5.153968253968254430e+03,9.976606188080284221e-15
5.155555555555555657e+03,9.976147439114434088e-15
5.157142857142856883e+03,9.975684448128575420e-15
5.158730158730159019e+03,9.975217221209816131e-15
5.160317460317460245e+03,9.974745764441971427e-15
5.161904761904761472e+03,9.974270083905484925e-15
5.163492063492063608e+03,9.973790185677439695e-15
5.165079365079364834e+03,9.973306075831594545e-15
5.166666666666666060e+03,9.972817760438305138e-15
5.168253968253968196e+03,9.972325245564574479e-15
5.169841269841269423e+03,9.971828537273958251e-15
5.171428571428571558e+03,9.971327641626683141e-15
5.173015873015872785e+03,9.970822564679506430e-15
5.174603174603174921e+03,9.970313312485791716e-15
5.176190476190476147e+03,9.969799891095453698e-15
5.177777777777777374e+03,9.969282306555005508e-15
5.179365079365079509e+03,9.968760564907448269e-15
5.180952380952380736e+03,9.968234672192375223e-15
5.182539682539681962e+03,9.967704634445891271e-15
5.184126984126984098e+03,9.967170457700614548e-15
5.185714285714285325e+03,9.966632147985698512e-15
5.187301587301587460e+03,9.966089711326754636e-15
5.188888888888888687e+03,9.965543153745953381e-15
5.190476190476190823e+03,9.964992481261874313e-15
5.192063492063492049e+03,9.964437699889630745e-15
5.193650793650793275e+03,9.963878815640770336e-15
5.195238095238095411e+03,9.963315834523319273e-15
5.196825396825396638e+03,9.962748762541716000e-15
5.198412698412697864e+03,9.962177605696869601e-15
5.200000000000000000e+03,9.961602369986099839e-15
5.201587301587301226e+03,9.961023061403156097e-15
5.203174603174603362e+03,9.960439685938184238e-15
5.204761904761904589e+03,9.959852249577761319e-15
5.206349206349206725e+03,9.959260758304829326e-15
5.207936507936507951e+03,9.958665218098720418e-15
5.209523809523809177e+03,9.958065634935136417e-15
5.211111111111111313e+03,9.957462014786172471e-15
5.212698412698412540e+03,9.956854363620257102e-15
5.214285714285713766e+03,9.956242687402164832e-15
5.215873015873015902e+03,9.955626992093047729e-15
5.217460317460317128e+03,9.955007283650336020e-15
5.219047619047619264e+03,9.954383568027823279e-15
5.220634920634920491e+03,9.953755851175600169e-15
5.222222222222222626e+03,9.953124139040087572e-15
5.223809523809523853e+03,9.952488437563968747e-15
5.225396825396825079e+03,9.951848752686250861e-15
5.226984126984127215e+03,9.951205090342190836e-15
5.228571428571428442e+03,9.950557456463347414e-15
5.230158730158729668e+03,9.949905856977535404e-15
5.231746031746031804e+03,9.949250297808820947e-15
5.233333333333333030e+03,9.948590784877527829e-15
5.234920634920634257e+03,9.947927324100198036e-15
5.236507936507936392e+03,9.947259921389651708e-15
5.238095238095238528e+03,9.946588582654876699e-15
5.239682539682539755e+03,9.945913313801142174e-15
5.241269841269840981e+03,9.945234120729861343e-15
5.242857142857143117e+03,9.944551009338695596e-15
5.244444444444444343e+03,9.943863985521472458e-15
5.246031746031745570e+03,9.943173055168229767e-15
5.247619047619047706e+03,9.942478224165141519e-15
5.249206349206348932e+03,9.941779498394598334e-15
5.250793650793650158e+03,9.941076883735128570e-15
5.252380952380952294e+03,9.940370386061436184e-15
5.253968253968254430e+03,9.939660011244318698e-15
5.255555555555555657e+03,9.938945765150774477e-15
5.257142857142856883e+03,9.938227653643914380e-15
5.258730158730159019e+03,9.937505682582944406e-15
5.260317460317460245e+03,9.936779857823228798e-15
5.261904761904761472e+03,9.936050185216209587e-15
5.263492063492063608e+03,9.935316670609471271e-15
5.265079365079364834e+03,9.934579319846635112e-15
5.266666666666666060e+03,9.933838138767455375e-15
5.268253968253968196e+03,9.933093133207751489e-15
5.269841269841269423e+03,9.932344308999428551e-15
5.271428571428571558e+03,9.931591671970420538e-15
5.273015873015872785e+03,9.930835227944770759e-15
5.274603174603174921e+03,9.930074982742524580e-15
5.276190476190476147e+03,9.929310942179822505e-15
5.277777777777777374e+03,9.928543112068794467e-15
5.279365079365079509e+03,9.927771498217641874e-15
5.280952380952380736e+03,9.926996106430550832e-15
5.282539682539681962e+03,9.926216942507748940e-15
5.284126984126984098e+03,9.925434012245478475e-15
5.285714285714285325e+03,9.924647321435956944e-15
5.287301587301587460e+03,9.923856875867427574e-15
5.288888888888888687e+03,9.923062681324119866e-15
5.290476190476190823e+03,9.922264743586230666e-15
5.292063492063492049e+03,9.921463068429919429e-15
5.293650793650793275e+03,9.920657661627361861e-15
5.295238095238095411e+03,9.919848528946663148e-15
5.296825396825396638e+03,9.919035676151886351e-15
5.298412698412697864e+03,9.918219109003039788e-15
5.300000000000000000e+03,9.917398833256110161e-15
5.301587301587301226e+03,9.916574854662969478e-15
5.303174603174603362e+03,9.915747178971471284e-15
5.304761904761904589e+03,9.914915811925343386e-15
5.306349206349206725e+03,9.914080759264257266e-15
5.307936507936507951e+03,9.913242026723810729e-15
5.309523809523809177e+03,9.912399620035469527e-15
5.311111111111111313e+03,9.911553544926630466e-15
5.312698412698412540e+03,9.910703807120575655e-15
5.314285714285713766e+03,9.909850412336456727e-15
5.315873015873015902e+03,9.908993366289318504e-15
5.317460317460317128e+03,9.908132674690095843e-15
5.319047619047619264e+03,9.907268343245534752e-15
5.320634920634920491e+03,9.906400377658328068e-15
5.322222222222222626e+03,9.905528783626964003e-15
5.323809523809523853e+03,9.904653566845793979e-15
5.325396825396825079e+03,9.903774733005007389e-15
5.326984126984127215e+03,9.902892287790653686e-15
5.328571428571428442e+03,9.902006236884607669e-15
5.330158730158729668e+03,9.901116585964552131e-15
5.331746031746031804e+03,9.900223340704015722e-15
5.333333333333333030e+03,9.899326506772311421e-15
5.334920634920634257e+03,9.898426089834612264e-15
5.336507936507936392e+03,9.897522095551826707e-15
5.338095238095238528e+03,9.896614529580740615e-15
5.339682539682539755e+03,9.895703397573850031e-15
5.341269841269840981e+03,9.894788705179506321e-15
5.342857142857143117e+03,9.893870458041791537e-15
5.344444444444444343e+03,9.892948661800624121e-15
5.346031746031745570e+03,9.892023322091610604e-15
5.347619047619047706e+03,9.891094444546203374e-15
5.349206349206348932e+03,9.890162034791549216e-15
5.350793650793650158e+03,9.889226098450615529e-15
5.352380952380952294e+03,9.888286641142043603e-15
5.353968253968254430e+03,9.887343668480265360e-15
5.355555555555555657e+03,9.886397186075465501e-15
5.357142857142856883e+03,9.885447199533527852e-15
5.358730158730159019e+03,9.884493714456060618e-15
5.360317460317460245e+03,9.883536736440416883e-15
5.361904761904761472e+03,9.882576271079683576e-15
5.363492063492063608e+03,9.881612323962600999e-15
5.365079365079364834e+03,9.880644900673676428e-15
5.366666666666666060e+03,9.879674006793094181e-15
5.368253968253968196e+03,9.878699647896728240e-15
5.369841269841269423e+03,9.877721829556158029e-15
5.371428571428571558e+03,9.876740557338658944e-15
5.373015873015872785e+03,9.875755836807170806e-15
5.374603174603174921e+03,9.874767673520315207e-15
5.376190476190476147e+03,9.873776073032392361e-15
5.377777777777777374e+03,9.872781040893368482e-15
5.379365079365079509e+03,9.871782582648877356e-15
5.380952380952380736e+03,9.870780703840193526e-15
5.382539682539681962e+03,9.869775410004282777e-15
5.384126984126984098e+03,9.868766706673718516e-15
5.385714285714285325e+03,9.867754599376749614e-15
5.387301587301587460e+03,9.866739093637235719e-15
5.388888888888888687e+03,9.865720194974713525e-15
5.390476190476190823e+03,9.864697908904309989e-15
5.392063492063492049e+03,9.863672240936799137e-15
5.393650793650793275e+03,9.862643196578559460e-15
5.395238095238095411e+03,9.861610781331635447e-15
5.396825396825396638e+03,9.860575000693605059e-15
5.398412698412697864e+03,9.859535860157743807e-15
5.400000000000000000e+03,9.858493365212857517e-15
5.401587301587301226e+03,9.857447521343386460e-15
5.403174603174603362e+03,9.856398334029361172e-15
5.404761904761904589e+03,9.855345808746407192e-15
5.406349206349206725e+03,9.854289950965748214e-15
5.407936507936507951e+03,9.853230766154160334e-15
5.409523809523809177e+03,9.852168259774013072e-15
5.411111111111111313e+03,9.851102437283269370e-15
5.412698412698412540e+03,9.850033304135442995e-15
5.414285714285713766e+03,9.848960865779593806e-15
5.415873015873015902e+03,9.847885127660409794e-15
5.417460317460317128e+03,9.846806095218050887e-15
5.419047619047619264e+03,9.845723773888314616e-15
5.420634920634920491e+03,9.844638169102489379e-15
5.422222222222222626e+03,9.843549286287422290e-15
5.423809523809523853e+03,9.842457130865547573e-15
5.425396825396825079e+03,9.841361708254769814e-15
5.426984126984127215e+03,9.840263023868571245e-15
5.428571428571428442e+03,9.839161083115950211e-15
5.430158730158729668e+03,9.838055891401455884e-15
5.431746031746031804e+03,9.836947454125121993e-15
5.433333333333333030e+03,9.835835776682534673e-15
5.434920634920634257e+03,9.834720864464777237e-15
5.436507936507936392e+03,9.833602722858461737e-15
5.438095238095238528e+03,9.832481357245675318e-15
5.439682539682539755e+03,9.831356773004068572e-15
5.441269841269840981e+03,9.830228975506724585e-15
5.442857142857143117e+03,9.829097970122296201e-15
5.444444444444444343e+03,9.827963762214865605e-15
5.446031746031745570e+03,9.826826357144037404e-15
5.447619047619047706e+03,9.825685760264913391e-15
5.449206349206348932e+03,9.824541976928054674e-15
5.450793650793650158e+03,9.823395012479519542e-15
5.452380952380952294e+03,9.822244872260844535e-15
5.453968253968253521e+03,9.821091561609020775e-15
5.455555555555555657e+03,9.819935085856531833e-15
5.457142857142856883e+03,9.818775450331326909e-15
5.458730158730159019e+03,9.817612660356786119e-15
5.460317460317460245e+03,9.816446721251813583e-15
5.461904761904761472e+03,9.815277638330712784e-15
5.463492063492063608e+03,9.814105416903257565e-15
5.465079365079364834e+03,9.812930062274690553e-15
5.466666666666666060e+03,9.811751579745683715e-15
5.468253968253968196e+03,9.810569974612363601e-15
5.469841269841269423e+03,9.809385252166287678e-15
5.471428571428571558e+03,9.808197417694469575e-15
5.473015873015872785e+03,9.807006476479338062e-15
5.474603174603174921e+03,9.805812433798778068e-15
5.476190476190476147e+03,9.804615294926073888e-15
5.477777777777777374e+03,9.803415065129962820e-15
5.479365079365079509e+03,9.802211749674598883e-15
5.480952380952380736e+03,9.801005353819551234e-15
5.482539682539681962e+03,9.799795882819808905e-15
5.484126984126984098e+03,9.798583341925782379e-15
5.485714285714285325e+03,9.797367736383295701e-15
5.487301587301587460e+03,9.796149071433567546e-15
5.488888888888888687e+03,9.794927352313230154e-15
5.490476190476190823e+03,9.793702584254329324e-15
5.492063492063492049e+03,9.792474772484318111e-15
5.493650793650793275e+03,9.791243922226001597e-15
5.495238095238095411e+03,9.790010038697644184e-15
5.496825396825396638e+03,9.788773127112867038e-15
5.498412698412697864e+03,9.787533192680689109e-15
5.500000000000000000e+03,9.786290240605495580e-15
5.501587301587301226e+03,9.785044276087130950e-15
5.503174603174603362e+03,9.783795304320717596e-15
5.504761904761904589e+03,9.782543330496845101e-15
5.506349206349206725e+03,9.781288359801431413e-15
5.507936507936507951e+03,9.780030397415800155e-15
5.509523809523809177e+03,9.778769448516623825e-15
5.511111111111111313e+03,9.777505518275966396e-15
5.512698412698412540e+03,9.776238611861234407e-15
5.514285714285713766e+03,9.774968734435236915e-15
5.515873015873015902e+03,9.773695891156116075e-15
5.517460317460317128e+03,9.772420087177375542e-15
5.519047619047619264e+03,9.771141327647910444e-15
5.520634920634920491e+03,9.769859617711925342e-15
5.522222222222222626e+03,9.768574962509027316e-15
5.523809523809523853e+03,9.767287367174128147e-15
5.525396825396825079e+03,9.765996836837545288e-15
5.526984126984127215e+03,9.764703376624883539e-15
5.528571428571428442e+03,9.763406991657154949e-15
5.530158730158729668e+03,9.762107687050646294e-15
5.531746031746031804e+03,9.760805467917056332e-15
5.533333333333333030e+03,9.759500339363364857e-15
5.534920634920634257e+03,9.758192306491943135e-15
5.536507936507936392e+03,9.756881374400437158e-15
5.538095238095238528e+03,9.755567548181892279e-15
5.539682539682539755e+03,9.754250832924625422e-15
5.541269841269840981e+03,9.752931233712324470e-15
5.542857142857143117e+03,9.751608755623985166e-15
5.544444444444444343e+03,9.750283403733931617e-15
5.546031746031745570e+03,9.748955183111824184e-15
5.547619047619047706e+03,9.747624098822626350e-15
5.549206349206348932e+03,9.746290155926636276e-15
5.550793650793650158e+03,9.744953359479450510e-15
5.552380952380952294e+03,9.743613714532025523e-15
5.553968253968254430e+03,9.742271226130575151e-15
5.555555555555555657e+03,9.740925899316682619e-15
5.557142857142856883e+03,9.739577739127183785e-15
5.558730158730159019e+03,9.738226750594280740e-15
5.560317460317460245e+03,9.736872938745442409e-15
5.561904761904761472e+03,9.735516308603485014e-15
5.563492063492063608e+03,9.734156865186471102e-15
5.565079365079364834e+03,9.732794613507815253e-15
5.566666666666666060e+03,9.731429558576217813e-15
5.568253968253968196e+03,9.730061705395672783e-15
5.569841269841270332e+03,9.728691058965494642e-15
5.571428571428570649e+03,9.727317624280274171e-15
5.573015873015872785e+03,9.725941406329881604e-15
5.574603174603174921e+03,9.724562410099525012e-15
5.576190476190476147e+03,9.723180640569687185e-15
5.577777777777777374e+03,9.721796102716108283e-15
5.579365079365079509e+03,9.720408801509872608e-15
5.580952380952380736e+03,9.719018741917312365e-15
5.582539682539681962e+03,9.717625928900070769e-15
5.584126984126984098e+03,9.716230367415061026e-15
5.585714285714286234e+03,9.714832062414480530e-15
5.587301587301586551e+03,9.713431018845831377e-15
5.588888888888888687e+03,9.712027241651865140e-15
5.590476190476190823e+03,9.710620735770645982e-15
5.592063492063492049e+03,9.709211506135481235e-15
5.593650793650793275e+03,9.707799557674986086e-15
5.595238095238095411e+03,9.706384895313048867e-15
5.596825396825396638e+03,9.704967523968831057e-15
5.598412698412697864e+03,9.703547448556742034e-15
5.600000000000000000e+03,9.702124673986506923e-15
5.601587301587302136e+03,9.700699205163094015e-15
5.603174603174602453e+03,9.699271046986762105e-15
5.604761904761904589e+03,9.697840204353008419e-15
5.606349206349206725e+03,9.696406682152650664e-15
5.607936507936507951e+03,9.694970485271721315e-15
5.609523809523809177e+03,9.693531618591548081e-15
5.611111111111111313e+03,9.692090086988725505e-15
5.612698412698412540e+03,9.690645895335092877e-15
5.614285714285713766e+03,9.689199048497795765e-15
5.615873015873015902e+03,9.687749551339175573e-15
5.617460317460317128e+03,9.686297408716905226e-15
5.619047619047618355e+03,9.684842625483878731e-15
5.620634920634920491e+03,9.683385206488253774e-15
5.622222222222222626e+03,9.681925156573462763e-15
5.623809523809523853e+03,9.680462480578198631e-15
5.625396825396825079e+03,9.678997183336373813e-15
5.626984126984127215e+03,9.677529269677214910e-15
5.628571428571428442e+03,9.676058744425158560e-15
5.630158730158729668e+03,9.674585612399924014e-15
5.631746031746031804e+03,9.673109878416472111e-15
5.633333333333333030e+03,9.671631547285016329e-15
5.634920634920634257e+03,9.670150623811041710e-15
5.636507936507936392e+03,9.668667112795265424e-15
5.638095238095238528e+03,9.667181019033665161e-15
5.639682539682539755e+03,9.665692347317471250e-15
5.641269841269840981e+03,9.664201102433163497e-15
5.642857142857143117e+03,9.662707289162472765e-15
5.644444444444444343e+03,9.661210912282385711e-15
5.646031746031745570e+03,9.659711976565124268e-15
5.647619047619047706e+03,9.658210486778167739e-15
5.649206349206348932e+03,9.656706447684233863e-15
5.650793650793650158e+03,9.655199864041315102e-15
5.652380952380952294e+03,9.653690740602623420e-15
5.653968253968254430e+03,9.652179082116628150e-15
5.655555555555555657e+03,9.650664893327052839e-15
5.657142857142856883e+03,9.649148178972827912e-15
5.658730158730159019e+03,9.647628943788185341e-15
5.660317460317460245e+03,9.646107192502567134e-15
5.661904761904761472e+03,9.644582929840678978e-15
5.663492063492063608e+03,9.643056160522446062e-15
5.665079365079364834e+03,9.641526889263061989e-15
5.666666666666666060e+03,9.639995120772941442e-15
5.668253968253968196e+03,9.638460859757772249e-15
5.669841269841270332e+03,9.636924110918452275e-15
5.671428571428570649e+03,9.635384878951150953e-15
5.673015873015872785e+03,9.633843168547257217e-15
5.674603174603174921e+03,9.632298984393425261e-15
5.676190476190476147e+03,9.630752331171528779e-15
5.677777777777777374e+03,9.629203213558695680e-15
5.679365079365079509e+03,9.627651636227301773e-15
5.680952380952380736e+03,9.626097603844939217e-15
5.682539682539681962e+03,9.624541121074470158e-15
5.684126984126984098e+03,9.622982192573979402e-15
5.685714285714286234e+03,9.621420822996813857e-15
5.687301587301586551e+03,9.619857016991530466e-15
5.688888888888888687e+03,9.618290779201956164e-15
5.690476190476190823e+03,9.616722114267148430e-15
5.692063492063492049e+03,9.615151026821406337e-15
5.693650793650793275e+03,9.613577521494250037e-15
5.695238095238095411e+03,9.612001602910488605e-15
5.696825396825396638e+03,9.610423275690114332e-15
5.698412698412697864e+03,9.608842544448414742e-15
5.700000000000000000e+03,9.607259413795860574e-15
5.701587301587302136e+03,9.605673888338236733e-15
5.703174603174602453e+03,9.604085972676500296e-15
5.704761904761904589e+03,9.602495671406878331e-15
5.706349206349206725e+03,9.600902989120847383e-15
5.707936507936507951e+03,9.599307930405108234e-15
5.709523809523809177e+03,9.597710499841630081e-15
5.711111111111111313e+03,9.596110702007585842e-15
5.712698412698412540e+03,9.594508541475429474e-15
5.714285714285713766e+03,9.592904022812817078e-15
5.715873015873015902e+03,9.591297150582684213e-15
5.717460317460317128e+03,9.589687929343187518e-15
5.719047619047618355e+03,9.588076363647742580e-15
5.720634920634920491e+03,9.586462458044979753e-15
5.722222222222222626e+03,9.584846217078805693e-15
5.723809523809523853e+03,9.583227645288351293e-15
5.725396825396825079e+03,9.581606747208001658e-15
5.726984126984127215e+03,9.579983527367386639e-15
5.728571428571428442e+03,9.578357990291352435e-15
5.730158730158729668e+03,9.576730140500043633e-15
5.731746031746031804e+03,9.575099982508786460e-15
5.733333333333333030e+03,9.573467520828221308e-15
5.734920634920634257e+03,9.571832759964173360e-15
5.736507936507936392e+03,9.570195704417764613e-15
5.738095238095238528e+03,9.568556358685327100e-15
5.739682539682539755e+03,9.566914727258450221e-15
5.741269841269840981e+03,9.565270814623985479e-15
5.742857142857143117e+03,9.563624625264024389e-15
5.744444444444444343e+03,9.561976163655896903e-15
5.746031746031745570e+03,9.560325434272206117e-15
5.747619047619047706e+03,9.558672441580771476e-15
5.749206349206348932e+03,9.557017190044698189e-15
5.750793650793650158e+03,9.555359684122317284e-15
5.752380952380952294e+03,9.553699928267220308e-15
5.753968253968254430e+03,9.552037926928267222e-15
5.755555555555555657e+03,9.550373684549537491e-15
5.757142857142856883e+03,9.548707205570393190e-15
5.758730158730159019e+03,9.547038494425430097e-15
5.760317460317460245e+03,9.545367555544523448e-15
5.761904761904761472e+03,9.543694393352767979e-15
5.763492063492063608e+03,9.542019012270547351e-15
5.765079365079364834e+03,9.540341416713486814e-15
5.766666666666666060e+03,9.538661611092476878e-15
5.768253968253968196e+03,9.536979599813651217e-15
5.769841269841270332e+03,9.535295387278424544e-15
5.771428571428570649e+03,9.533608977883457894e-15
5.773015873015872785e+03,9.531920376020668091e-15
5.774603174603174921e+03,9.530229586077245106e-15
5.776190476190476147e+03,9.528536612435623658e-15
5.777777777777777374e+03,9.526841459473525809e-15
5.779365079365079509e+03,9.525144131563904167e-15
5.780952380952380736e+03,9.523444633075030242e-15
5.782539682539681962e+03,9.521742968370372957e-15
5.784126984126984098e+03,9.520039141808718557e-15
5.785714285714286234e+03,9.518333157744091724e-15
5.787301587301586551e+03,9.516625020525823415e-15
5.788888888888888687e+03,9.514914734498438848e-15
5.790476190476190823e+03,9.513202304001821584e-15
5.792063492063492049e+03,9.511487733371057330e-15
5.793650793650793275e+03,9.509771026936545962e-15
5.795238095238095411e+03,9.508052189023933677e-15
5.796825396825396638e+03,9.506331223954168218e-15
5.798412698412697864e+03,9.504608136043421566e-15
5.800000000000000000e+03,9.502882929603212996e-15
5.801587301587302136e+03,9.501155608940268669e-15
5.803174603174602453e+03,9.499426178356632063e-15
5.804761904761904589e+03,9.497694642149616650e-15
5.806349206349206725e+03,9.495961004611812201e-15
5.807936507936507951e+03,9.494225270031092676e-15
5.809523809523809177e+03,9.492487442690600448e-15
5.811111111111111313e+03,9.490747526868798368e-15
5.812698412698412540e+03,9.489005526839375099e-15
5.814285714285713766e+03,9.487261446871361871e-15
5.815873015873015902e+03,9.485515291229039392e-15
5.817460317460317128e+03,9.483767064171989915e-15
5.819047619047618355e+03,9.482016769955068840e-15
5.820634920634920491e+03,9.480264412828448886e-15
5.822222222222222626e+03,9.478509997037566453e-15
5.823809523809523853e+03,9.476753526823162640e-15
5.825396825396825079e+03,9.474995006421276936e-15
5.826984126984127215e+03,9.473234440063218819e-15
5.828571428571428442e+03,9.471471831975629288e-15
5.830158730158729668e+03,9.469707186380408290e-15
5.831746031746031804e+03,9.467940507494798334e-15
5.833333333333333030e+03,9.466171799531283522e-15
5.834920634920634257e+03,9.464401066697701566e-15
5.836507936507936392e+03,9.462628313197152278e-15
5.838095238095238528e+03,9.460853543228081191e-15
5.839682539682539755e+03,9.459076760984194361e-15
5.841269841269840981e+03,9.457297970654529367e-15
5.842857142857143117e+03,9.455517176423420597e-15
5.844444444444444343e+03,9.453734382470524496e-15
5.846031746031745570e+03,9.451949592970783275e-15
5.847619047619047706e+03,9.450162812094464356e-15
5.849206349206348932e+03,9.448374044007163525e-15
5.850793650793650158e+03,9.446583292869752871e-15
5.852380952380952294e+03,9.444790562838464402e-15
5.853968253968254430e+03,9.442995858064796961e-15
5.855555555555554747e+03,9.441199182695615622e-15
5.857142857142856883e+03,9.439400540873058605e-15
5.858730158730159019e+03,9.437599936734642980e-15
5.860317460317460245e+03,9.435797374413152656e-15
5.861904761904761472e+03,9.433992858036726726e-15
5.863492063492063608e+03,9.432186391728801095e-15
5.865079365079364834e+03,9.430377979608190520e-15
5.866666666666666060e+03,9.428567625788968706e-15
5.868253968253968196e+03,9.426755334380610297e-15
5.869841269841270332e+03,9.424941109487869395e-15
5.871428571428570649e+03,9.423124955210850554e-15
5.873015873015872785e+03,9.421306875645000894e-15
5.874603174603174921e+03,9.419486874881073813e-15
5.876190476190476147e+03,9.417664957005207873e-15
5.877777777777777374e+03,9.415841126098847912e-15
5.879365079365079509e+03,9.414015386238779757e-15
5.880952380952380736e+03,9.412187741497142844e-15
5.882539682539681962e+03,9.410358195941425485e-15
5.884126984126984098e+03,9.408526753634425425e-15
5.885714285714286234e+03,9.406693418634352393e-15
5.887301587301586551e+03,9.404858194994692420e-15
5.888888888888888687e+03,9.403021086764346678e-15
5.890476190476190823e+03,9.401182097987506839e-15
5.892063492063492049e+03,9.399341232703779713e-15
5.893650793650793275e+03,9.397498494948091014e-15
5.895238095238095411e+03,9.395653888750704284e-15
5.896825396825396638e+03,9.393807418137313985e-15
5.898412698412697864e+03,9.391959087128898766e-15
5.900000000000000000e+03,9.390108899741835065e-15
5.901587301587302136e+03,9.388256859987862393e-15
5.903174603174602453e+03,9.386402971874094382e-15
5.904761904761904589e+03,9.384547239402991960e-15
5.906349206349206725e+03,9.382689666572388601e-15
5.907936507936507951e+03,9.380830257375496627e-15
5.909523809523809177e+03,9.378969015800921417e-15
5.911111111111111313e+03,9.377105945832590402e-15
5.912698412698412540e+03,9.375241051449858775e-15
5.914285714285713766e+03,9.373374336627438495e-15
5.915873015873015902e+03,9.371505805335418797e-15
5.917460317460317128e+03,9.369635461539278809e-15
5.919047619047618355e+03,9.367763309199873361e-15
5.920634920634920491e+03,9.365889352273451911e-15
5.922222222222222626e+03,9.364013594711647501e-15
5.923809523809523853e+03,9.362136040461503584e-15
5.925396825396825079e+03,9.360256693465395131e-15
5.926984126984127215e+03,9.358375557661158010e-15
5.928571428571428442e+03,9.356492636981984851e-15
5.930158730158729668e+03,9.354607935356494471e-15
5.931746031746031804e+03,9.352721456708662450e-15
5.933333333333333030e+03,9.350833204957904752e-15
5.934920634920634257e+03,9.348943184019011463e-15
5.936507936507936392e+03,9.347051397802200428e-15
5.938095238095238528e+03,9.345157850213099901e-15
5.939682539682539755e+03,9.343262545152704366e-15
5.941269841269840981e+03,9.341365486517470781e-15
5.942857142857143117e+03,9.339466678199236532e-15
5.944444444444444343e+03,9.337566124085285703e-15
5.946031746031745570e+03,9.335663828058268605e-15
5.947619047619047706e+03,9.333759793996299602e-15
5.949206349206348932e+03,9.331854025772890843e-15
5.950793650793650158e+03,9.329946527256996437e-15
5.952380952380952294e+03,9.328037302312977747e-15
5.953968253968254430e+03,9.326126354800623897e-15
5.955555555555554747e+03,9.324213688575165973e-15
5.957142857142856883e+03,9.322299307487261244e-15
5.958730158730159019e+03,9.320383215382978967e-15
5.960317460317460245e+03,9.318465416103872956e-15
5.961904761904761472e+03,9.316545913486871147e-15
5.963492063492063608e+03,9.314624711364400235e-15
5.965079365079364834e+03,9.312701813564292589e-15
5.966666666666666060e+03,9.310777223909822538e-15
5.968253968253968196e+03,9.308850946219739509e-15
5.969841269841270332e+03,9.306922984308206486e-15
5.971428571428570649e+03,9.304993341984877330e-15
5.973015873015872785e+03,9.303062023054798950e-15
5.974603174603174921e+03,9.301129031318545416e-15
5.976190476190476147e+03,9.299194370572074383e-15
5.977777777777777374e+03,9.297258044606880130e-15
5.979365079365079509e+03,9.295320057209834213e-15
5.980952380952380736e+03,9.293380412163336925e-15
5.982539682539681962e+03,9.291439113245222628e-15
5.984126984126984098e+03,9.289496164228807094e-15
5.985714285714286234e+03,9.287551568882862252e-15
5.987301587301586551e+03,9.285605330971646172e-15
5.988888888888888687e+03,9.283657454254876238e-15
5.990476190476190823e+03,9.281707942487763861e-15
5.992063492063492049e+03,9.279756799420993971e-15
5.993650793650793275e+03,9.277804028800713966e-15
5.995238095238095411e+03,9.275849634368585783e-15
5.996825396825396638e+03,9.273893619861725944e-15
5.998412698412697864e+03,9.271935989012786014e-15
6.000000000000000000e+03,9.269976745549831125e-15
6.001587301587301226e+03,9.268015893196500897e-15
6.003174603174602453e+03,9.266053435671867445e-15
6.004761904761904589e+03,9.264089376690539512e-15
6.006349206349206725e+03,9.262123719962605663e-15
6.007936507936507951e+03,9.260156469193665850e-15
6.009523809523809177e+03,9.258187628084823514e-15
6.011111111111111313e+03,9.256217200332677702e-15
6.012698412698412540e+03,9.254245189629359351e-15
6.014285714285713766e+03,9.252271599662466606e-15
6.015873015873015902e+03,9.250296434115168944e-15
6.017460317460317128e+03,9.248319696666101472e-15
6.019047619047618355e+03,9.246341390989461164e-15
6.020634920634920491e+03,9.244361520754921666e-15
6.022222222222222626e+03,9.242380089627727959e-15
6.023809523809523853e+03,9.240397101268592229e-15
6.025396825396825079e+03,9.238412559333820085e-15
6.026984126984127215e+03,9.236426467475182764e-15
6.028571428571428442e+03,9.234438829340043347e-15
6.030158730158729668e+03,9.232449648571263677e-15
6.031746031746031804e+03,9.230458928807242219e-15
6.033333333333333030e+03,9.228466673681950353e-15
6.034920634920634257e+03,9.226472886824859796e-15
6.036507936507936392e+03,9.224477571861016754e-15
6.038095238095238528e+03,9.222480732411000904e-15
6.039682539682539755e+03,9.220482372090950635e-15
6.041269841269840981e+03,9.218482494512552006e-15
6.042857142857143117e+03,9.216481103283054521e-15
6.044444444444444343e+03,9.214478202005238001e-15
6.046031746031745570e+03,9.212473794277491463e-15
6.047619047619047706e+03,9.210467883693704265e-15
6.049206349206348932e+03,9.208460473843387584e-15
6.050793650793650158e+03,9.206451568311584492e-15
6.052380952380952294e+03,9.204441170678931482e-15
6.053968253968254430e+03,9.202429284521609560e-15
6.055555555555554747e+03,9.200415913411412090e-15
6.057142857142856883e+03,9.198401060915669058e-15
6.058730158730159019e+03,9.196384730597324387e-15
6.060317460317460245e+03,9.194366926014888597e-15
6.061904761904761472e+03,9.192347650722464059e-15
6.063492063492063608e+03,9.190326908269730784e-15
6.065079365079364834e+03,9.188304702201965366e-15
6.066666666666666060e+03,9.186281036060050441e-15
6.068253968253968196e+03,9.184255913380435247e-15
6.069841269841270332e+03,9.182229337695209779e-15
6.071428571428570649e+03,9.180201312532011699e-15
6.073015873015872785e+03,9.178171841414139932e-15
6.074603174603174921e+03,9.176140927860437922e-15
6.076190476190476147e+03,9.174108575385424572e-15
6.077777777777777374e+03,9.172074787499174347e-15
6.079365079365079509e+03,9.170039567707399308e-15
6.080952380952380736e+03,9.168002919511441229e-15
6.082539682539681962e+03,9.165964846408225838e-15
6.084126984126984098e+03,9.163925351890332243e-15
6.085714285714286234e+03,9.161884439445948748e-15
6.087301587301586551e+03,9.159842112558910726e-15
6.088888888888888687e+03,9.157798374708658015e-15
6.090476190476190823e+03,9.155753229370271209e-15
6.092063492063492049e+03,9.153706680014471656e-15
6.093650793650793275e+03,9.151658730107624613e-15
6.095238095238095411e+03,9.149609383111720317e-15
6.096825396825396638e+03,9.147558642484403956e-15
6.098412698412697864e+03,9.145506511678958321e-15
6.100000000000000000e+03,9.143452994144322730e-15
6.101587301587301226e+03,9.141398093325083571e-15
6.103174603174602453e+03,9.139341812661494806e-15
6.104761904761904589e+03,9.137284155589444841e-15
6.106349206349206725e+03,9.135225125540494389e-15
6.107936507936507951e+03,9.133164725941879632e-15
6.109523809523809177e+03,9.131102960216456992e-15
6.111111111111111313e+03,9.129039831782816734e-15
6.112698412698412540e+03,9.126975344055170944e-15
6.114285714285713766e+03,9.124909500443419792e-15
6.115873015873015902e+03,9.122842304353145229e-15
6.117460317460317128e+03,9.120773759185604664e-15
6.119047619047618355e+03,9.118703868337710465e-15
6.120634920634920491e+03,9.116632635202126193e-15
6.122222222222222626e+03,9.114560063167132498e-15
6.123809523809523853e+03,9.112486155616743871e-15
6.125396825396825079e+03,9.110410915930648689e-15
6.126984126984127215e+03,9.108334347484236037e-15
6.128571428571428442e+03,9.106256453648603598e-15
6.130158730158729668e+03,9.104177237790529250e-15
6.131746031746031804e+03,9.102096703272521558e-15
6.133333333333333030e+03,9.100014853452762975e-15
6.134920634920634257e+03,9.097931691685179256e-15
6.136507936507936392e+03,9.095847221319393714e-15
6.138095238095238528e+03,9.093761445700747720e-15
6.139682539682539755e+03,9.091674368170297557e-15
6.141269841269840981e+03,9.089585992064823879e-15
6.142857142857143117e+03,9.087496320716825404e-15
6.144444444444444343e+03,9.085405357454542579e-15
6.146031746031745570e+03,9.083313105601937069e-15
6.147619047619047706e+03,9.081219568478702801e-15
6.149206349206348932e+03,9.079124749400267544e-15
6.150793650793650158e+03,9.077028651677810261e-15
6.152380952380952294e+03,9.074931278618226399e-15
6.153968253968254430e+03,9.072832633524173647e-15
6.155555555555554747e+03,9.070732719694064043e-15
6.157142857142856883e+03,9.068631540422043465e-15
6.158730158730159019e+03,9.066529098998020030e-15
6.160317460317460245e+03,9.064425398707654630e-15
6.161904761904761472e+03,9.062320442832376705e-15
6.163492063492063608e+03,9.060214234649346380e-15
6.165079365079364834e+03,9.058106777431533351e-15
6.166666666666666060e+03,9.055998074447649044e-15
6.168253968253968196e+03,9.053888128962170279e-15
6.169841269841270332e+03,9.051776944235355046e-15
6.171428571428570649e+03,9.049664523523259865e-15
6.173015873015872785e+03,9.047550870077670361e-15
6.174603174603174921e+03,9.045435987146202241e-15
6.176190476190476147e+03,9.043319877972241339e-15
6.177777777777777374e+03,9.041202545794949929e-15
6.179365079365079509e+03,9.039083993849287233e-15
6.180952380952380736e+03,9.036964225366015733e-15
6.182539682539681962e+03,9.034843243571705905e-15
6.184126984126984098e+03,9.032721051688674687e-15
6.185714285714286234e+03,9.030597652935111696e-15
6.187301587301586551e+03,9.028473050524967210e-15
6.188888888888888687e+03,9.026347247668012124e-15
6.190476190476190823e+03,9.024220247569839524e-15
6.192063492063492049e+03,9.022092053431837866e-15
6.193650793650793275e+03,9.019962668451232002e-15
6.195238095238095411e+03,9.017832095821067397e-15
6.196825396825396638e+03,9.015700338730194351e-15
6.198412698412697864e+03,9.013567400363309028e-15
6.200000000000000000e+03,9.011433283900932935e-15
6.201587301587301226e+03,9.009297992519409774e-15
6.203174603174602453e+03,9.007161529390949616e-15
6.204761904761904589e+03,9.005023897683561058e-15
6.206349206349206725e+03,9.002885100561115911e-15
6.207936507936507951e+03,9.000745141183347622e-15
6.209523809523809177e+03,8.998604022705811830e-15
6.211111111111111313e+03,8.996461748279911609e-15
6.212698412698412540e+03,8.994318321052936916e-15
6.214285714285713766e+03,8.992173744167998318e-15
6.215873015873015902e+03,8.990028020764102731e-15
6.217460317460317128e+03,8.987881153976087152e-15
6.219047619047618355e+03,8.985733146934678611e-15
6.220634920634920491e+03,8.983584002766451576e-15
6.222222222222222626e+03,8.981433724593881592e-15
6.223809523809523853e+03,8.979282315535304264e-15
6.225396825396825079e+03,8.977129778704916831e-15
6.226984126984127215e+03,8.974976117212846010e-15
6.228571428571428442e+03,8.972821334165048600e-15
6.230158730158729668e+03,8.970665432663409300e-15
6.231746031746031804e+03,8.968508415805672866e-15
6.233333333333333030e+03,8.966350286685516688e-15
6.234920634920634257e+03,8.964191048392476635e-15
6.236507936507936392e+03,8.962030704012022789e-15
6.238095238095238528e+03,8.959869256625491600e-15
6.239682539682539755e+03,8.957706709310169505e-15
6.241269841269840981e+03,8.955543065139209311e-15
6.242857142857143117e+03,8.953378327181715390e-15
6.244444444444444343e+03,8.951212498502678994e-15
6.246031746031745570e+03,8.949045582163024009e-15
6.247619047619047706e+03,8.946877581219595908e-15
6.249206349206348932e+03,8.944708498725160176e-15
6.250793650793650158e+03,8.942538337728422822e-15
6.252380952380952294e+03,8.940367101274003552e-15
6.253968253968254430e+03,8.938194792402472063e-15
6.255555555555554747e+03,8.936021414150329106e-15
6.257142857142856883e+03,8.933846969550019109e-15
6.258730158730159019e+03,8.931671461629919134e-15
6.260317460317460245e+03,8.929494893414379897e-15
6.261904761904761472e+03,8.927317267923673702e-15
6.263492063492063608e+03,8.925138588174043354e-15
6.265079365079364834e+03,8.922958857177684798e-15
6.266666666666666060e+03,8.920778077942756591e-15
6.268253968253968196e+03,8.918596253473370434e-15
6.269841269841270332e+03,8.916413386769610103e-15
6.271428571428570649e+03,8.914229480827533029e-15
6.273015873015872785e+03,8.912044538639165563e-15
6.274603174603174921e+03,8.909858563192510864e-15
6.276190476190476147e+03,8.907671557471544171e-15
6.277777777777777374e+03,8.905483524456239618e-15
6.279365079365079509e+03,8.903294467122524481e-15
6.280952380952380736e+03,8.901104388442359648e-15
6.282539682539681962e+03,8.898913291383662301e-15
6.284126984126984098e+03,8.896721178910350100e-15
6.285714285714286234e+03,8.894528053982358534e-15
6.287301587301586551e+03,8.892333919555604637e-15
6.288888888888888687e+03,8.890138778582001182e-15
6.290476190476190823e+03,8.887942634009502439e-15
6.292063492063492049e+03,8.885745488782037910e-15
6.293650793650793275e+03,8.883547345839581748e-15
6.295238095238095411e+03,8.881348208118102270e-15
6.296825396825396638e+03,8.879148078549590359e-15
6.298412698412697864e+03,8.876946960062078390e-15
6.300000000000000000e+03,8.874744855579599215e-15
6.301587301587301226e+03,8.872541768022244538e-15
6.303174603174602453e+03,8.870337700306112848e-15
6.304761904761904589e+03,8.868132655343359907e-15
6.306349206349206725e+03,8.865926636042162462e-15
6.307936507936507951e+03,8.863719645306765579e-15
6.309523809523809177e+03,8.861511686037428998e-15
6.311111111111111313e+03,8.859302761130485509e-15
6.312698412698412540e+03,8.857092873478312553e-15
6.314285714285713766e+03,8.854882025969346423e-15
6.315873015873015902e+03,8.852670221488074375e-15
6.317460317460317128e+03,8.850457462915047246e-15
6.319047619047618355e+03,8.848243753126893660e-15
6.320634920634920491e+03,8.846029094996293201e-15
6.322222222222222626e+03,8.843813491392022171e-15
6.323809523809523853e+03,8.841596945178901521e-15
6.325396825396825079e+03,8.839379459217864699e-15
6.326984126984127215e+03,8.837161036365886646e-15
6.328571428571428442e+03,8.834941679476061107e-15
6.330158730158729668e+03,8.832721391397551725e-15
6.331746031746031804e+03,8.830500174975637790e-15
6.333333333333333030e+03,8.828278033051651132e-15
6.334920634920634257e+03,8.826054968463069206e-15
6.336507936507936392e+03,8.823830984043425164e-15
6.338095238095238528e+03,8.821606082622399361e-15
6.339682539682538845e+03,8.819380267025746779e-15
6.341269841269840981e+03,8.817153540075356983e-15
6.342857142857143117e+03,8.814925904589216253e-15
6.344444444444444343e+03,8.812697363381439140e-15
6.346031746031745570e+03,8.810467919262254268e-15
6.347619047619047706e+03,8.808237575038023261e-15
6.349206349206348932e+03,8.806006333511234440e-15
6.350793650793650158e+03,8.803774197480490195e-15
6.352380952380952294e+03,8.801541169740549586e-15
6.353968253968254430e+03,8.799307253082293632e-15
6.355555555555554747e+03,8.797072450292758446e-15
6.357142857142856883e+03,8.794836764155103677e-15
6.358730158730159019e+03,8.792600197448651955e-15
6.360317460317460245e+03,8.790362752948871534e-15
6.361904761904761472e+03,8.788124433427399964e-15
6.363492063492063608e+03,8.785885241651988860e-15
6.365079365079364834e+03,8.783645180386592266e-15
6.366666666666666060e+03,8.781404252391322469e-15
6.368253968253968196e+03,8.779162460422435808e-15
6.369841269841270332e+03,8.776919807232383155e-15
6.371428571428570649e+03,8.774676295569772050e-15
6.373015873015872785e+03,8.772431928179404570e-15
6.374603174603174921e+03,8.770186707802239463e-15
6.376190476190476147e+03,8.767940637175439475e-15
6.377777777777777374e+03,8.765693719032347690e-15
6.379365079365079509e+03,8.763445956102490682e-15
6.380952380952380736e+03,8.761197351111594293e-15
6.382539682539681962e+03,8.758947906781589944e-15
6.384126984126984098e+03,8.756697625830590970e-15
6.385714285714286234e+03,8.754446510972927329e-15
6.387301587301586551e+03,8.752194564919129824e-15
6.388888888888888687e+03,8.749941790375944304e-15
6.390476190476190823e+03,8.747688190046323774e-15
6.392063492063492049e+03,8.745433766629447330e-15
6.393650793650793275e+03,8.743178522820698068e-15
6.395238095238095411e+03,8.740922461311685174e-15
6.396825396825396638e+03,8.738665584790277056e-15
6.398412698412697864e+03,8.736407895940519300e-15
6.400000000000000000e+03,8.734149397442738804e-15
6.401587301587301226e+03,8.731890091973463311e-15
6.403174603174602453e+03,8.729629982205490830e-15
6.404761904761904589e+03,8.727369070807820215e-15
6.406349206349206725e+03,8.725107360445755297e-15
6.407936507936507951e+03,8.722844853780792862e-15
6.409523809523809177e+03,8.720581553470729940e-15
6.411111111111111313e+03,8.718317462169589652e-15
6.412698412698412540e+03,8.716052582527655914e-15
6.414285714285713766e+03,8.713786917191498688e-15
6.415873015873015902e+03,8.711520468803925070e-15
6.417460317460317128e+03,8.709253240004040818e-15
6.419047619047618355e+03,8.706985233427201448e-15
6.420634920634920491e+03,8.704716451705059560e-15
6.422222222222222626e+03,8.702446897465520667e-15
6.423809523809523853e+03,8.700176573332815768e-15
6.425396825396825079e+03,8.697905481927417727e-15
6.426984126984127215e+03,8.695633625866115428e-15
6.428571428571428442e+03,8.693361007761975911e-15
6.430158730158729668e+03,8.691087630224388543e-15
6.431746031746031804e+03,8.688813495859006651e-15
6.433333333333333030e+03,8.686538607267826397e-15
6.434920634920634257e+03,8.684262967049126834e-15
6.436507936507936392e+03,8.681986577797484101e-15
6.438095238095238528e+03,8.679709442103820334e-15
6.439682539682538845e+03,8.677431562555354755e-15
6.441269841269840981e+03,8.675152941735627338e-15
6.442857142857143117e+03,8.672873582224514589e-15
6.444444444444444343e+03,8.670593486598204299e-15
6.446031746031745570e+03,8.668312657429220789e-15
6.447619047619047706e+03,8.666031097286431221e-15
6.449206349206348932e+03,8.663748808735020356e-15
6.450793650793650158e+03,8.661465794336531569e-15
6.452380952380952294e+03,8.659182056648833726e-15
6.453968253968254430e+03,8.656897598226168506e-15
6.455555555555554747e+03,8.654612421619101499e-15
6.457142857142856883e+03,8.652326529374566379e-15
6.458730158730159019e+03,8.650039924035863325e-15
6.460317460317460245e+03,8.647752608142625892e-15
6.461904761904761472e+03,8.645464584230873075e-15
6.463492063492063608e+03,8.643175854832973019e-15
6.465079365079364834e+03,8.640886422477699820e-15
6.466666666666666060e+03,8.638596289690156214e-15
6.468253968253968196e+03,8.636305458991858777e-15
6.469841269841270332e+03,8.634013932900684280e-15
6.471428571428570649e+03,8.631721713930907554e-15
6.473015873015872785e+03,8.629428804593173094e-15
6.474603174603174921e+03,8.627135207394528189e-15
6.476190476190476147e+03,8.624840924838418187e-15
6.477777777777777374e+03,8.622545959424686500e-15
6.479365079365079509e+03,8.620250313649539889e-15
6.480952380952380736e+03,8.617953990005660486e-15
6.482539682539681962e+03,8.615656990982079574e-15
6.484126984126984098e+03,8.613359319064226497e-15
6.485714285714285325e+03,8.611060976733914461e-15
6.487301587301586551e+03,8.608761966469236404e-15
6.488888888888888687e+03,8.606462290744224207e-15
6.490476190476190823e+03,8.604161952027903641e-15
6.492063492063492049e+03,8.601860952781586995e-15
6.493650793650793275e+03,8.599559295450878759e-15
6.495238095238095411e+03,8.597256982443950395e-15
6.496825396825396638e+03,8.594954016072850665e-15
6.498412698412697864e+03,8.592650398400424015e-15
6.500000000000000000e+03,8.590346130851466835e-15
6.501587301587301226e+03,8.588041213253952228e-15
6.503174603174602453e+03,8.585735641541783432e-15
6.504761904761904589e+03,8.583429402410685598e-15
6.506349206349206725e+03,8.581122461249285534e-15
6.507936507936507951e+03,8.578814735691282951e-15
6.509523809523809177e+03,8.576506039397800277e-15
6.511111111111111313e+03,8.574195966206626957e-15
6.512698412698412540e+03,8.571883658804790628e-15
6.514285714285713766e+03,8.569567361452460773e-15
6.515873015873015902e+03,8.567243583203932633e-15
6.517460317460317128e+03,8.564905584565712922e-15
6.519047619047618355e+03,8.562540734623946419e-15
6.520634920634920491e+03,8.560126060207077212e-15
6.522222222222222626e+03,8.557621029830294936e-15
6.523809523809523853e+03,8.554956315113339149e-15
6.525396825396825079e+03,8.552017024363152018e-15
6.526984126984127215e+03,8.548618835439688065e-15
6.528571428571428442e+03,8.544475756272434543e-15
6.530158730158729668e+03,8.539159145006047265e-15
6.531746031746031804e+03,8.532049360016398431e-15
6.533333333333333030e+03,8.522284128597839337e-15
6.534920634920634257e+03,8.508711360657359290e-15
6.536507936507936392e+03,8.489858289878339287e-15
6.538095238095238528e+03,8.463932662177591928e-15
6.539682539682538845e+03,8.428873935623312249e-15
6.541269841269840981e+03,8.382471558450231896e-15
6.542857142857143117e+03,8.322561888775407578e-15
6.544444444444444343e+03,8.247304362736426474e-15
6.546031746031745570e+03,8.155521460664517666e-15
6.547619047619047706e+03,8.047067866541541113e-15
6.549206349206348932e+03,7.923175691413239858e-15
6.550793650793650158e+03,7.786709701926836863e-15
6.552380952380952294e+03,7.642264275373954462e-15
6.553968253968254430e+03,7.496046042033561849e-15
6.555555555555554747e+03,7.355513721384892261e-15
6.557142857142856883e+03,7.228786432695326614e-15
6.558730158730159019e+03,7.123876743206044216e-15
6.560317460317460245e+03,7.047845180210556846e-15
6.561904761904761472e+03,7.005998754342864743e-15
6.563492063492063608e+03,7.001259512859393378e-15
6.565079365079364834e+03,7.033807413850904456e-15
6.566666666666666060e+03,7.101058125696803010e-15
6.568253968253968196e+03,7.197979554452422011e-15
6.569841269841270332e+03,7.317693269656212244e-15
6.571428571428570649e+03,7.452261040593312481e-15
6.573015873015872785e+03,7.593531845631254205e-15
6.574603174603174921e+03,7.733924999943194857e-15
6.576190476190476147e+03,7.867048355871589744e-15
6.577777777777777374e+03,7.988089661214875043e-15
6.579365079365079509e+03,8.093964142434441642e-15
6.580952380952380736e+03,8.183242286382920902e-15
6.582539682539681962e+03,8.255911164518917386e-15
6.584126984126984098e+03,8.313036870606118571e-15
6.585714285714285325e+03,8.356395111464104498e-15
6.587301587301586551e+03,8.388125158932481249e-15
6.588888888888888687e+03,8.410444269520342071e-15
6.590476190476190823e+03,8.425440363102204021e-15
6.592063492063492049e+03,8.434944149181187423e-15
6.593650793650793275e+03,8.440470228491527974e-15
6.595238095238095411e+03,8.443210524341388010e-15
6.596825396825396638e+03,8.444061985584742978e-15
6.598412698412697864e+03,8.443672434315748909e-15
6.600000000000000000e+03,8.442492144100028092e-15
6.601587301587301226e+03,8.440822906342449599e-15
6.603174603174602453e+03,8.438860077129611279e-15
6.604761904761904589e+03,8.436725942344069484e-15
6.606349206349206725e+03,8.434494597505538471e-15
6.607936507936507951e+03,8.432209537088569882e-15
6.609523809523809177e+03,8.429895512799896117e-15
6.611111111111111313e+03,8.427566188218242166e-15
6.612698412698412540e+03,8.425228883859647962e-15
6.614285714285713766e+03,8.422887408211311104e-15
6.615873015873015902e+03,8.420543686238225544e-15
6.617460317460317128e+03,8.418198663820842713e-15
6.619047619047618355e+03,8.415852793269761363e-15
6.620634920634920491e+03,8.413506285480254966e-15
6.622222222222222626e+03,8.411159236729739379e-15
6.623809523809523853e+03,8.408811690454287594e-15
6.625396825396825079e+03,8.406463666426439453e-15
6.626984126984127215e+03,8.404115174121476236e-15
6.628571428571428442e+03,8.401766218658862248e-15
6.630158730158729668e+03,8.399416803365749308e-15
6.631746031746031804e+03,8.397066930851103956e-15
6.633333333333333030e+03,8.394716603442791613e-15
6.634920634920634257e+03,8.392365823360393922e-15
6.636507936507936392e+03,8.390014592781596120e-15
6.638095238095238528e+03,8.387662913867037741e-15
6.639682539682538845e+03,8.385310788769280382e-15
6.641269841269840981e+03,8.382958219636001011e-15
6.642857142857143117e+03,8.380605208611074289e-15
6.644444444444444343e+03,8.378251757834993819e-15
6.646031746031745570e+03,8.375897869444922633e-15
6.647619047619047706e+03,8.373543545574761033e-15
6.649206349206348932e+03,8.371188788355195503e-15
6.650793650793650158e+03,8.368833599913649799e-15
6.652380952380952294e+03,8.366477982374348056e-15
6.653968253968254430e+03,8.364121937858232747e-15
6.655555555555554747e+03,8.361765468483094057e-15
6.657142857142856883e+03,8.359408576363435779e-15
6.658730158730159019e+03,8.357051263610584172e-15
6.660317460317460245e+03,8.354693532332620121e-15
6.661904761904761472e+03,8.352335384634461179e-15
6.663492063492063608e+03,8.349976822617759016e-15
6.665079365079364834e+03,8.347617848381006702e-15
6.666666666666666060e+03,8.345258464019470866e-15
6.668253968253968196e+03,8.342898671625232717e-15
6.669841269841270332e+03,8.340538473287172267e-15
6.671428571428570649e+03,8.338177871090993571e-15
6.673015873015872785e+03,8.335816867119183713e-15
6.674603174603174921e+03,8.333455463451071176e-15
6.676190476190476147e+03,8.331093662162794290e-15
6.677777777777777374e+03,8.328731465327318586e-15
6.679365079365079509e+03,8.326368875014438375e-15
6.680952380952380736e+03,8.324005893290756236e-15
6.682539682539681962e+03,8.321642522219727193e-15
6.684126984126984098e+03,8.319278763861642938e-15
6.685714285714285325e+03,8.316914620273627097e-15
6.687301587301586551e+03,8.314550093509643121e-15
6.688888888888888687e+03,8.312185185620499016e-15
6.690476190476190823e+03,8.309819898653869432e-15
6.692063492063492049e+03,8.307454234654270421e-15
6.693650793650793275e+03,8.305088195663061014e-15
6.695238095238095411e+03,8.302721783718474773e-15
6.696825396825396638e+03,8.300355000855613484e-15
6.698412698412697864e+03,8.297987849106415600e-15
6.700000000000000000e+03,8.295620330499736707e-15
6.701587301587301226e+03,8.293252447061251703e-15
6.703174603174602453e+03,8.290884200813563659e-15
6.704761904761904589e+03,8.288515593776091809e-15
6.706349206349206725e+03,8.286146627965207222e-15
6.707936507936507951e+03,8.283777305394112907e-15
6.709523809523809177e+03,8.281407628072932158e-15
6.711111111111111313e+03,8.279037598008669111e-15
6.712698412698412540e+03,8.276667217205224527e-15
6.714285714285713766e+03,8.274296487663394207e-15
6.715873015873015902e+03,8.271925411380883198e-15
6.717460317460317128e+03,8.269553990352307365e-15
6.719047619047618355e+03,8.267182226569168151e-15
6.720634920634920491e+03,8.264810122019904643e-15
6.722222222222222626e+03,8.262437678689860434e-15
6.723809523809523853e+03,8.260064898561308875e-15
6.725396825396825079e+03,8.257691783613426244e-15
6.726984126984127215e+03,8.255318335822324888e-15
6.728571428571428442e+03,8.252944557161046903e-15
6.730158730158729668e+03,8.250570449599581497e-15
6.731746031746031804e+03,8.248196015104806608e-15
6.733333333333333030e+03,8.245821255640597772e-15
6.734920634920634257e+03,8.243446173167735032e-15
6.736507936507936392e+03,8.241070769643958162e-15
6.738095238095238528e+03,8.238695047023933535e-15
6.739682539682538845e+03,8.236319007259323541e-15
6.741269841269840981e+03,8.233942652298710857e-15
6.742857142857143117e+03,8.231565984087628422e-15
6.744444444444444343e+03,8.229189004568616241e-15
6.746031746031745570e+03,8.226811715681133023e-15
6.747619047619047706e+03,8.224434119361635078e-15
6.749206349206348932e+03,8.222056217543528974e-15
6.750793650793650158e+03,8.219678012157228346e-15
6.752380952380952294e+03,8.217299505130076578e-15
6.753968253968254430e+03,8.214920698386449362e-15
6.755555555555554747e+03,8.212541593847675809e-15
6.757142857142856883e+03,8.210162193432092089e-15
6.758730158730159019e+03,8.207782499055000418e-15
6.760317460317460245e+03,8.205402512628727423e-15
6.761904761904761472e+03,8.203022236062570510e-15
6.763492063492063608e+03,8.200641671262865698e-15
6.765079365079364834e+03,8.198260820132905581e-15
6.766666666666666060e+03,8.195879684573021371e-15
6.768253968253968196e+03,8.193498266480563962e-15
6.769841269841270332e+03,8.191116567749866066e-15
6.771428571428570649e+03,8.188734590272314789e-15
6.773015873015872785e+03,8.186352335936282211e-15
6.774603174603174921e+03,8.183969806627190070e-15
6.776190476190476147e+03,8.181587004227481370e-15
6.777777777777777374e+03,8.179203930616639303e-15
6.779365079365079509e+03,8.176820587671152549e-15
6.780952380952380736e+03,8.174436977264583112e-15
6.782539682539681962e+03,8.172053101267490594e-15
6.784126984126984098e+03,8.169668961547533163e-15
6.785714285714285325e+03,8.167284559969376051e-15
6.787301587301586551e+03,8.164899898394734151e-15
6.788888888888888687e+03,8.162514978682413034e-15
6.790476190476190823e+03,8.160129802688231646e-15
6.792063492063492049e+03,8.157744372265093303e-15
6.793650793650793275e+03,8.155358689262955713e-15
6.795238095238095411e+03,8.152972755528862533e-15
6.796825396825396638e+03,8.150586572906894459e-15
6.798412698412697864e+03,8.148200143238226021e-15
6.800000000000000000e+03,8.145813468361111388e-15
6.801587301587301226e+03,8.143426550110881210e-15
6.803174603174602453e+03,8.141039390319929997e-15
6.804761904761904589e+03,8.138651990817782382e-15
6.806349206349206725e+03,8.136264353431001615e-15
6.807936507936507951e+03,8.133876479983277915e-15
6.809523809523809177e+03,8.131488372295384292e-15
6.811111111111111313e+03,8.129100032185198638e-15
6.812698412698412540e+03,8.126711461467694258e-15
6.814285714285713766e+03,8.124322661954955649e-15
6.815873015873015902e+03,8.121933635456181654e-15
6.817460317460317128e+03,8.119544383777666531e-15
6.819047619047618355e+03,8.117154908722836240e-15
6.820634920634920491e+03,8.114765212092218465e-15
6.822222222222222626e+03,8.112375295683493103e-15
6.823809523809522943e+03,8.109985161291427575e-15
6.825396825396825079e+03,8.107594810707943095e-15
6.826984126984127215e+03,8.105204245722084686e-15
6.828571428571428442e+03,8.102813468120041699e-15
6.830158730158729668e+03,8.100422479685113095e-15
6.831746031746031804e+03,8.098031282197772136e-15
6.833333333333333030e+03,8.095639877435615899e-15
6.834920634920634257e+03,8.093248267173403138e-15
6.836507936507936392e+03,8.090856453183027464e-15
6.838095238095238528e+03,8.088464437233547322e-15
6.839682539682538845e+03,8.086072221091192302e-15
6.841269841269840981e+03,8.083679806519312653e-15
6.842857142857143117e+03,8.081287195278455010e-15
6.844444444444444343e+03,8.078894389126329265e-15
6.846031746031745570e+03,8.076501389817814879e-15
6.847619047619047706e+03,8.074108199104934055e-15
6.849206349206348932e+03,8.071714818736952720e-15
6.850793650793650158e+03,8.069321250460240101e-15
6.852380952380952294e+03,8.066927496018401258e-15
6.853968253968254430e+03,8.064533557152201350e-15
6.855555555555554747e+03,8.062139435599619281e-15
6.857142857142856883e+03,8.059745133095790900e-15
6.858730158730159019e+03,8.057350651373081576e-15
6.860317460317460245e+03,8.054955992161034133e-15
6.861904761904761472e+03,8.052561157186398828e-15
6.863492063492063608e+03,8.050166148173144396e-15
6.865079365079364834e+03,8.047770966842421759e-15
6.866666666666666060e+03,8.045375614912630293e-15
6.868253968253968196e+03,8.042980094099337362e-15
6.869841269841270332e+03,8.040584406115369829e-15
6.871428571428570649e+03,8.038188552670747789e-15
6.873015873015872785e+03,8.035792535472752412e-15
6.874603174603174921e+03,8.033396356225831280e-15
6.876190476190476147e+03,8.031000016631729337e-15
6.877777777777777374e+03,8.028603518389378449e-15
6.879365079365079509e+03,8.026206863194971557e-15
6.880952380952380736e+03,8.023810052741926390e-15
6.882539682539681962e+03,8.021413088720928063e-15
6.884126984126984098e+03,8.019015972819872277e-15
6.885714285714285325e+03,8.016618706723942631e-15
6.887301587301586551e+03,8.014221292115542777e-15
6.888888888888888687e+03,8.011823730674345332e-15
6.890476190476190823e+03,8.009426024077296609e-15
6.892063492063492049e+03,8.007028173998586639e-15
6.893650793650793275e+03,8.004630182109680731e-15
6.895238095238095411e+03,8.002232050079292645e-15
6.896825396825396638e+03,7.999833779573452436e-15
6.898412698412697864e+03,7.997435372255408637e-15
6.900000000000000000e+03,7.995036829785740274e-15
6.901587301587301226e+03,7.992638153822265361e-15
6.903174603174602453e+03,7.990239346020108740e-15
6.904761904761904589e+03,7.987840408031687883e-15
6.906349206349206725e+03,7.985441341506679760e-15
6.907936507936507951e+03,7.983042148092104456e-15
6.909523809523809177e+03,7.980642829432233664e-15
6.911111111111111313e+03,7.978243387168666419e-15
6.912698412698412540e+03,7.975843822940281760e-15
6.914285714285713766e+03,7.973444138383298692e-15
6.915873015873015902e+03,7.971044335131209911e-15
6.917460317460317128e+03,7.968644414814840189e-15
6.919047619047618355e+03,7.966244379062332170e-15
6.920634920634920491e+03,7.963844229499138483e-15
6.922222222222222626e+03,7.961443967748032785e-15
6.923809523809522943e+03,7.959043595429128692e-15
6.925396825396825079e+03,7.956643114159838763e-15
6.926984126984127215e+03,7.954242525554948650e-15
6.928571428571428442e+03,7.951841831226539788e-15
6.930158730158729668e+03,7.949441032784047774e-15
6.931746031746031804e+03,7.947040131834256054e-15
6.933333333333333030e+03,7.944639129981275413e-15
6.934920634920634257e+03,7.942238028826570798e-15
6.936507936507936392e+03,7.939836829968959737e-15
6.938095238095238528e+03,7.937435535004624964e-15
6.939682539682538845e+03,7.935034145527068662e-15
6.941269841269840981e+03,7.932632663127188198e-15
6.942857142857143117e+03,7.930231089393228785e-15
6.944444444444444343e+03,7.927829425910808731e-15
6.946031746031745570e+03,7.925427674262894196e-15
6.947619047619047706e+03,7.923025836029846517e-15
6.949206349206348932e+03,7.920623912789389083e-15
6.950793650793650158e+03,7.918221906116635730e-15
6.952380952380952294e+03,7.915819817584062344e-15
6.953968253968254430e+03,7.913417648761539991e-15
6.955555555555554747e+03,7.911015401216336497e-15
6.957142857142856883e+03,7.908613076513080159e-15
6.958730158730159019e+03,7.906210676213832320e-15
6.960317460317460245e+03,7.903808201878014797e-15
6.961904761904761472e+03,7.901405655062465096e-15
6.963492063492063608e+03,7.899003037321430104e-15
6.965079365079364834e+03,7.896600350206550313e-15
6.966666666666666060e+03,7.894197595266874017e-15
6.968253968253968196e+03,7.891794774048866779e-15
6.969841269841269423e+03,7.889391888096408278e-15
6.971428571428570649e+03,7.886988938950808081e-15
6.973015873015872785e+03,7.884585928150763051e-15
6.974603174603174921e+03,7.882182857232422029e-15
6.976190476190476147e+03,7.879779727729366900e-15
6.977777777777777374e+03,7.877376541172574735e-15
6.979365079365079509e+03,7.874973299090490358e-15
6.980952380952380736e+03,7.872570003008980598e-15
6.982539682539681962e+03,7.870166654451357949e-15
6.984126984126984098e+03,7.867763254938349022e-15
6.985714285714285325e+03,7.865359805988178161e-15
6.987301587301586551e+03,7.862956309116466468e-15
6.988888888888888687e+03,7.860552765836323311e-15
6.990476190476190823e+03,7.858149177658273752e-15
6.992063492063492049e+03,7.855745546090356361e-15
6.993650793650793275e+03,7.853341872638008048e-15
6.995238095238095411e+03,7.850938158804174496e-15
6.996825396825396638e+03,7.848534406089248638e-15
6.998412698412697864e+03,7.846130615991099050e-15
7.000000000000000000e+03,7.843726790005060487e-15
7.001587301587301226e+03,7.841322929623943349e-15
7.003174603174602453e+03,7.838919036338054193e-15
7.004761904761904589e+03,7.836515111635146819e-15
7.006349206349206725e+03,7.834111157000493274e-15
7.007936507936507951e+03,7.831707173916836516e-15
7.009523809523809177e+03,7.829303163864423544e-15
7.011111111111111313e+03,7.826899128320958075e-15
7.012698412698412540e+03,7.824495068761703086e-15
7.014285714285713766e+03,7.822090986659360912e-15
7.015873015873015902e+03,7.819686883484174222e-15
7.017460317460317128e+03,7.817282760703864483e-15
7.019047619047618355e+03,7.814878619783693496e-15
7.020634920634920491e+03,7.812474462186403437e-15
7.022222222222222626e+03,7.810070289372272085e-15
7.023809523809522943e+03,7.807666102799090726e-15
7.025396825396825079e+03,7.805261903922156269e-15
7.026984126984127215e+03,7.802857694194313842e-15
7.028571428571428442e+03,7.800453475065912620e-15
7.030158730158729668e+03,7.798049247984856306e-15
7.031746031746031804e+03,7.795645014396547916e-15
7.033333333333333030e+03,7.793240775743959197e-15
7.034920634920634257e+03,7.790836533467575404e-15
7.036507936507936392e+03,7.788432289005450524e-15
7.038095238095238528e+03,7.786028043793147323e-15
7.039682539682538845e+03,7.783623799263805183e-15
7.041269841269840981e+03,7.781219556848100666e-15
7.042857142857143117e+03,7.778815317974275905e-15
7.044444444444444343e+03,7.776411084068100747e-15
7.046031746031745570e+03,7.774006856552950054e-15
7.047619047619047706e+03,7.771602636849723245e-15
7.049206349206348932e+03,7.769198426376894779e-15
7.050793650793650158e+03,7.766794226550509424e-15
7.052380952380952294e+03,7.764390038784188568e-15
7.053968253968254430e+03,7.761985864489120750e-15
7.055555555555554747e+03,7.759581705074077440e-15
7.057142857142856883e+03,7.757177561945401996e-15
7.058730158730159019e+03,7.754773436507023860e-15
7.060317460317460245e+03,7.752369330160469602e-15
7.061904761904761472e+03,7.749965244304826638e-15
7.063492063492063608e+03,7.747561180336814221e-15
7.065079365079364834e+03,7.745157139650707712e-15
7.066666666666666060e+03,7.742753123638408003e-15
7.068253968253968196e+03,7.740349133689400494e-15
7.069841269841269423e+03,7.737945171190781912e-15
7.071428571428570649e+03,7.735541237527261891e-15
7.073015873015872785e+03,7.733137334081126688e-15
7.074603174603174921e+03,7.730733462232329105e-15
7.076190476190476147e+03,7.728329623358381210e-15
7.077777777777777374e+03,7.725925818834453732e-15
7.079365079365079509e+03,7.723522050033327153e-15
7.080952380952380736e+03,7.721118318325398014e-15
7.082539682539681962e+03,7.718714625078689965e-15
7.084126984126984098e+03,7.716310971658867960e-15
7.085714285714285325e+03,7.713907359429220907e-15
7.087301587301586551e+03,7.711503789750682172e-15
7.088888888888888687e+03,7.709100263981802762e-15
7.090476190476190823e+03,7.706696783478809702e-15
7.092063492063492049e+03,7.704293349595539765e-15
7.093650793650793275e+03,7.701889963683502586e-15
7.095238095238095411e+03,7.699486627091836485e-15
7.096825396825396638e+03,7.697083341167349486e-15
7.098412698412697864e+03,7.694680107254508273e-15
7.100000000000000000e+03,7.692276926695406637e-15
7.101587301587301226e+03,7.689873800829852252e-15
7.103174603174602453e+03,7.687470730995270429e-15
7.104761904761904589e+03,7.685067718526778273e-15
7.106349206349206725e+03,7.682664764757159440e-15
7.107936507936507951e+03,7.680261871016873601e-15
7.109523809523809177e+03,7.677859038634035930e-15
7.111111111111111313e+03,7.675456268934470752e-15
7.112698412698412540e+03,7.673053563241664207e-15
7.114285714285713766e+03,7.670650922876808429e-15
7.115873015873015902e+03,7.668248349158744743e-15
7.117460317460317128e+03,7.665845843404047291e-15
7.119047619047618355e+03,7.663443406926956764e-15
7.120634920634920491e+03,7.661041041039421421e-15
7.122222222222222626e+03,7.658638747051084473e-15
7.123809523809522943e+03,7.656236526269291964e-15
7.125396825396825079e+03,7.653834379999100667e-15
7.126984126984127215e+03,7.651432309543252836e-15
7.128571428571428442e+03,7.649030316202248781e-15
7.130158730158729668e+03,7.646628401274244320e-15
7.131746031746031804e+03,7.644226566055151748e-15
7.133333333333333030e+03,7.641824811838583042e-15
7.134920634920634257e+03,7.639423139915887729e-15
7.136507936507936392e+03,7.637021551576121324e-15
7.138095238095238528e+03,7.634620048106081625e-15
7.139682539682538845e+03,7.632218630790292932e-15
7.141269841269840981e+03,7.629817300911012359e-15
7.142857142857143117e+03,7.627416059748228256e-15
7.144444444444444343e+03,7.625014908579675986e-15
7.146031746031745570e+03,7.622613848680836347e-15
7.147619047619047706e+03,7.620212881324910330e-15
7.149206349206348932e+03,7.617812007782875916e-15
7.150793650793650158e+03,7.615411229323447055e-15
7.152380952380952294e+03,7.613010547213094175e-15
7.153968253968254430e+03,7.610609962716034721e-15
7.155555555555554747e+03,7.608209477094264701e-15
7.157142857142856883e+03,7.605809091607520829e-15
7.158730158730159019e+03,7.603408807513316807e-15
7.160317460317460245e+03,7.601008626066925974e-15
7.161904761904761472e+03,7.598608548521389189e-15
7.163492063492063608e+03,7.596208576127543239e-15
7.165079365079364834e+03,7.593808710133964030e-15
7.166666666666666060e+03,7.591408951787031283e-15
7.168253968253968196e+03,7.589009302330903286e-15
7.169841269841269423e+03,7.586609763007515316e-15
7.171428571428570649e+03,7.584210335056598573e-15
7.173015873015872785e+03,7.581811019715653358e-15
7.174603174603174921e+03,7.579411818219994829e-15
7.176190476190476147e+03,7.577012731802729332e-15
7.177777777777777374e+03,7.574613761694746513e-15
7.179365079365079509e+03,7.572214909124755610e-15
7.180952380952380736e+03,7.569816175319252312e-15
7.182539682539681962e+03,7.567417561502556634e-15
7.184126984126984098e+03,7.565019068896768735e-15
7.185714285714285325e+03,7.562620698721839917e-15
7.187301587301586551e+03,7.560222452195506360e-15
7.188888888888888687e+03,7.557824330533325410e-15
7.190476190476190823e+03,7.555426334948689781e-15
7.192063492063492049e+03,7.553028466652788105e-15
7.193650793650793275e+03,7.550630726854669629e-15
7.195238095238095411e+03,7.548233116761179519e-15
7.196825396825396638e+03,7.545835637577020394e-15
7.198412698412697864e+03,7.543438290504698687e-15
7.200000000000000000e+03,7.541041076744589328e-15
7.201587301587301226e+03,7.538643997494880523e-15
7.203174603174602453e+03,7.536247053951625823e-15
7.204761904761904589e+03,7.533850247308693631e-15
7.206349206349206725e+03,7.531453578757841362e-15
7.207936507936507951e+03,7.529057049488633395e-15
7.209523809523809177e+03,7.526660660688513650e-15
7.211111111111111313e+03,7.524264413542775617e-15
7.212698412698412540e+03,7.521868309234568656e-15
7.214285714285713766e+03,7.519472348944901163e-15
7.215873015873015902e+03,7.517076533852657918e-15
7.217460317460317128e+03,7.514680865134576423e-15
7.219047619047618355e+03,7.512285343965268988e-15
7.220634920634920491e+03,7.509889971517214843e-15
7.222222222222222626e+03,7.507494748960779072e-15
7.223809523809522943e+03,7.505099677464204720e-15
7.225396825396825079e+03,7.502704758193593868e-15
7.226984126984127215e+03,7.500309992312951802e-15
7.228571428571428442e+03,7.497915380984163349e-15
7.230158730158729668e+03,7.495520925367008658e-15
7.231746031746031804e+03,7.493126626619134795e-15
7.233333333333333030e+03,7.490732485896122013e-15
7.234920634920634257e+03,7.488338504351404863e-15
7.236507936507936392e+03,7.485944683136352655e-15
7.238095238095238528e+03,7.483551023400212668e-15
7.239682539682538845e+03,7.481157526290144852e-15
7.241269841269840981e+03,7.478764192951218675e-15
7.242857142857143117e+03,7.476371024526403660e-15
7.244444444444444343e+03,7.473978022156605668e-15
7.246031746031745570e+03,7.471585186980613258e-15
7.247619047619047706e+03,7.469192520135156061e-15
7.249206349206348932e+03,7.466800022754877961e-15
7.250793650793650158e+03,7.464407695972348137e-15
7.252380952380952294e+03,7.462015540918050020e-15
7.253968253968254430e+03,7.459623558720404960e-15
7.255555555555554747e+03,7.457231750505775378e-15
7.257142857142856883e+03,7.454840117398444257e-15
7.258730158730159019e+03,7.452448660520629346e-15
7.260317460317460245e+03,7.450057380992492618e-15
7.261904761904761472e+03,7.447666279932149744e-15
7.263492063492063608e+03,7.445275358455629068e-15
7.265079365079364834e+03,7.442884617676950493e-15
7.266666666666666060e+03,7.440494058708038709e-15
7.268253968253968196e+03,7.438103682658808388e-15
7.269841269841269423e+03,7.435713490637101075e-15
7.271428571428570649e+03,7.433323483748729366e-15
7.273015873015872785e+03,7.430933663097470594e-15
7.274603174603174921e+03,7.428544029785054211e-15
7.276190476190476147e+03,7.426154584911187029e-15
7.277777777777777374e+03,7.423765329573534286e-15
7.279365079365079509e+03,7.421376264867733851e-15
7.280952380952380736e+03,7.418987391887400951e-15
7.282539682539681962e+03,7.416598711724125019e-15
7.284126984126984098e+03,7.414210225467480738e-15
7.285714285714285325e+03,7.411821934205007528e-15
7.287301587301586551e+03,7.409433839022252149e-15
7.288888888888888687e+03,7.407045941002721363e-15
7.290476190476190823e+03,7.404658241227932430e-15
7.292063492063492049e+03,7.402270740777389431e-15
7.293650793650793275e+03,7.399883440728586435e-15
7.295238095238095411e+03,7.397496342157024844e-15
7.296825396825396638e+03,7.395109446136183422e-15
7.298412698412697864e+03,7.392722753737576672e-15
7.300000000000000000e+03,7.390336266030696453e-15
7.301587301587301226e+03,7.387949984083054587e-15
7.303174603174602453e+03,7.385563908960160765e-15
7.304761904761904589e+03,7.383178041725557259e-15
7.306349206349206725e+03,7.380792383440787368e-15
7.307936507936507951e+03,7.378406935165417506e-15
7.309523809523809177e+03,7.376021697957038779e-15
7.311111111111111313e+03,7.373636672871249629e-15
7.312698412698412540e+03,7.371251860961692125e-15
7.314285714285713766e+03,7.368867263280020405e-15
7.315873015873015902e+03,7.366482880875946433e-15
7.317460317460317128e+03,7.364098714797178464e-15
7.319047619047618355e+03,7.361714766089490468e-15
7.320634920634920491e+03,7.359331035796676373e-15
7.322222222222222626e+03,7.356947524960597399e-15
7.323809523809522943e+03,7.354564234621120525e-15
7.325396825396825079e+03,7.352181165816183176e-15
7.326984126984127215e+03,7.349798319581771135e-15
7.328571428571428442e+03,7.347415696951923277e-15
7.330158730158729668e+03,7.345033298958715790e-15
7.331746031746031804e+03,7.342651126632296887e-15
7.333333333333333030e+03,7.340269181000880493e-15
7.334920634920634257e+03,7.337887463090713116e-15
7.336507936507936392e+03,7.335505973926133796e-15
7.338095238095238528e+03,7.333124714529537820e-15
7.339682539682538845e+03,7.330743685921392500e-15
7.341269841269840981e+03,7.328362889120219818e-15
7.342857142857143117e+03,7.325982325142656374e-15
7.344444444444444343e+03,7.323601995003369777e-15
7.346031746031745570e+03,7.321221899715135943e-15
7.347619047619047706e+03,7.318842040288794926e-15
7.349206349206348932e+03,7.316462417733298246e-15
7.350793650793650158e+03,7.314083033055648936e-15
7.352380952380952294e+03,7.311703887260966230e-15
7.353968253968254430e+03,7.309324981352455585e-15
7.355555555555554747e+03,7.306946316331402372e-15
7.357142857142856883e+03,7.304567893197216048e-15
7.358730158730159019e+03,7.302189712947370208e-15
7.360317460317460245e+03,7.299811776577479889e-15
7.361904761904761472e+03,7.297434085081238463e-15
7.363492063492063608e+03,7.295056639450446037e-15
7.365079365079364834e+03,7.292679440675029962e-15
7.366666666666666060e+03,7.290302489743018010e-15
7.368253968253968196e+03,7.287925787640549422e-15
7.369841269841269423e+03,7.285549335351884372e-15
7.371428571428570649e+03,7.283173133859408700e-15
7.373015873015872785e+03,7.280797184143629180e-15
7.374603174603174921e+03,7.278421487183156163e-15
7.376190476190476147e+03,7.276046043954761956e-15
7.377777777777777374e+03,7.273670855433328753e-15
7.379365079365079509e+03,7.271295922591858106e-15
7.380952380952380736e+03,7.268921246401510364e-15
7.382539682539681962e+03,7.266546827831573122e-15
7.384126984126984098e+03,7.264172667849472260e-15
7.385714285714285325e+03,7.261798767420781415e-15
7.387301587301586551e+03,7.259425127509209358e-15
7.388888888888888687e+03,7.257051749076615767e-15
7.390476190476190823e+03,7.254678633083009654e-15
7.392063492063492049e+03,7.252305780486558830e-15
7.393650793650793275e+03,7.249933192243577281e-15
7.395238095238095411e+03,7.247560869308528328e-15
7.396825396825396638e+03,7.245188812634054600e-15
7.398412698412697864e+03,7.242817023170946478e-15
7.400000000000000000e+03,7.240445501868164190e-15
7.401587301587301226e+03,7.238074249672825182e-15
7.403174603174602453e+03,7.235703267530230944e-15
7.404761904761904589e+03,7.233332556383840184e-15
7.406349206349206725e+03,7.230962117175289345e-15
7.407936507936507041e+03,7.228591950844406799e-15
7.409523809523809177e+03,7.226222058329171827e-15
7.411111111111111313e+03,7.223852440565760377e-15
7.412698412698412540e+03,7.221483098488546635e-15
7.414285714285713766e+03,7.219114033030054121e-15
7.415873015873015902e+03,7.216745245121031420e-15
7.417460317460317128e+03,7.214376735690401689e-15
7.419047619047618355e+03,7.212008505665265819e-15
7.420634920634920491e+03,7.209640555970962386e-15
7.422222222222222626e+03,7.207272887530985606e-15
7.423809523809522943e+03,7.204905501267051607e-15
7.425396825396825079e+03,7.202538398099082643e-15
7.426984126984127215e+03,7.200171578945189747e-15
7.428571428571428442e+03,7.197805044721702701e-15
7.430158730158729668e+03,7.195438796343168465e-15
7.431746031746031804e+03,7.193072834722330658e-15
7.433333333333333030e+03,7.190707160770161122e-15
7.434920634920634257e+03,7.188341775395837827e-15
7.436507936507936392e+03,7.185976679506768540e-15
7.438095238095238528e+03,7.183611874008578201e-15
7.439682539682538845e+03,7.181247359805127859e-15
7.441269841269840981e+03,7.178883137798476803e-15
7.442857142857143117e+03,7.176519208888945673e-15
7.444444444444444343e+03,7.174155573975073863e-15
7.446031746031745570e+03,7.171792233953622671e-15
7.447619047619047706e+03,7.169429189719616326e-15
7.449206349206348932e+03,7.167066442166302541e-15
7.450793650793650158e+03,7.164703992185160403e-15
7.452380952380952294e+03,7.162341840665931928e-15
7.453968253968254430e+03,7.159979988496596817e-15
7.455555555555554747e+03,7.157618436563386653e-15
7.457142857142856883e+03,7.155257185750765972e-15
7.458730158730159019e+03,7.152896236941493794e-15
7.460317460317460245e+03,7.150535591016538423e-15
7.461904761904761472e+03,7.148175248855156335e-15
7.463492063492063608e+03,7.145815211334835381e-15
7.465079365079364834e+03,7.143455479331373670e-15
7.466666666666666060e+03,7.141096053718783332e-15
7.468253968253968196e+03,7.138736935369372556e-15
7.469841269841269423e+03,7.136378125153712460e-15
7.471428571428570649e+03,7.134019623940651289e-15
7.473015873015872785e+03,7.131661432597298640e-15
7.474603174603174921e+03,7.129303551989050703e-15
7.476190476190476147e+03,7.126945982979587107e-15
7.477777777777777374e+03,7.124588726430853564e-15
7.479365079365079509e+03,7.122231783203091848e-15
7.480952380952380736e+03,7.119875154154828748e-15
7.482539682539681962e+03,7.117518840142877647e-15
7.484126984126984098e+03,7.115162842022338524e-15
7.485714285714285325e+03,7.112807160646607416e-15
7.487301587301586551e+03,7.110451796867381155e-15
7.488888888888888687e+03,7.108096751534647901e-15
7.490476190476190823e+03,7.105742025496693450e-15
7.492063492063492049e+03,7.103387619600118593e-15
7.493650793650793275e+03,7.101033534689809926e-15
7.495238095238095411e+03,7.098679771608980080e-15
7.496825396825396638e+03,7.096326331199138539e-15
7.498412698412697864e+03,7.093973214300104255e-15
7.500000000000000000e+03,7.091620421750022219e-15
7.501587301587301226e+03,7.089267954385340580e-15
7.503174603174602453e+03,7.086915813040846149e-15
7.504761904761904589e+03,7.084563998549618640e-15
7.506349206349206725e+03,7.082212511743078793e-15
7.507936507936507041e+03,7.079861353450969440e-15
7.509523809523809177e+03,7.077510524501364973e-15
7.511111111111111313e+03,7.075160025720649256e-15
7.512698412698412540e+03,7.072809857933578732e-15
7.514285714285713766e+03,7.070460021963200381e-15
7.515873015873015902e+03,7.068110518630921933e-15
7.517460317460317128e+03,7.065761348756493719e-15
7.519047619047618355e+03,7.063412513157989741e-15
7.520634920634920491e+03,7.061064012651840804e-15
7.522222222222222626e+03,7.058715848052815584e-15
7.523809523809522943e+03,7.056368020174045080e-15
7.525396825396825079e+03,7.054020529826991851e-15
7.526984126984127215e+03,7.051673377821482359e-15
7.528571428571428442e+03,7.049326564965697501e-15
7.530158730158729668e+03,7.046980092066178134e-15
7.531746031746031804e+03,7.044633959927807716e-15
7.533333333333333030e+03,7.042288169353853330e-15
7.534920634920634257e+03,7.039942721145936496e-15
7.536507936507936392e+03,7.037597616104045790e-15
7.538095238095238528e+03,7.035252855026523438e-15
7.539682539682538845e+03,7.032908438710118953e-15
7.541269841269840981e+03,7.030564367949914197e-15
7.542857142857143117e+03,7.028220643539393591e-15
7.544444444444444343e+03,7.025877266270400721e-15
7.546031746031745570e+03,7.023534236933177789e-15
7.547619047619047706e+03,7.021191556316334054e-15
7.549206349206348932e+03,7.018849225206864764e-15
7.550793650793650158e+03,7.016507244390159837e-15
7.552380952380952294e+03,7.014165614649991236e-15
7.553968253968253521e+03,7.011824336768518493e-15
7.555555555555554747e+03,7.009483411526305274e-15
7.557142857142856883e+03,7.007142839702294136e-15
7.558730158730159019e+03,7.004802622073846760e-15
7.560317460317460245e+03,7.002462759416701349e-15
7.561904761904761472e+03,7.000123252505018386e-15
7.563492063492063608e+03,6.997784102111344342e-15
7.565079365079364834e+03,6.995445309006647971e-15
7.566666666666666060e+03,6.993106873960295056e-15
7.568253968253968196e+03,6.990768797740068140e-15
7.569841269841269423e+03,6.988431081112158632e-15
7.571428571428570649e+03,6.986093724841180220e-15
7.573015873015872785e+03,6.983756729690153881e-15
7.574603174603174921e+03,6.981420096420532337e-15
7.576190476190476147e+03,6.979083825792169290e-15
7.577777777777777374e+03,6.976747918563371483e-15
7.579365079365079509e+03,6.974412375490850584e-15
7.580952380952380736e+03,6.972077197329753162e-15
7.582539682539681962e+03,6.969742384833651218e-15
7.584126984126984098e+03,6.967407938754554020e-15
7.585714285714285325e+03,6.965073859842908102e-15
7.587301587301586551e+03,6.962740148847598055e-15
7.588888888888888687e+03,6.960406806515933902e-15
7.590476190476190823e+03,6.958073833593676344e-15
7.592063492063492049e+03,6.955741230825047803e-15
7.593650793650793275e+03,6.953408998952672468e-15
7.595238095238095411e+03,6.951077138717669384e-15
7.596825396825396638e+03,6.948745650859575926e-15
7.598412698412697864e+03,6.946414536116398295e-15
7.600000000000000000e+03,6.944083795224580741e-15
7.601587301587301226e+03,6.941753428919050541e-15
7.603174603174603362e+03,6.939423437933159612e-15
7.604761904761904589e+03,6.937093822998749994e-15
7.606349206349205815e+03,6.934764584846110458e-15
7.607936507936507951e+03,6.932435724204004908e-15
7.609523809523809177e+03,6.930107241799650292e-15
7.611111111111111313e+03,6.927779138358745788e-15
7.612698412698412540e+03,6.925451414605462553e-15
7.614285714285713766e+03,6.923124071262429519e-15
7.615873015873015902e+03,6.920797109050770471e-15
7.617460317460317128e+03,6.918470528690076439e-15
7.619047619047619264e+03,6.916144330898426206e-15
7.620634920634920491e+03,6.913818516392365797e-15
7.622222222222221717e+03,6.911493085886941614e-15
7.623809523809523853e+03,6.909168040095681502e-15
7.625396825396825079e+03,6.906843379730601847e-15
7.626984126984126306e+03,6.904519105502198111e-15
7.628571428571428442e+03,6.902195218119478756e-15
7.630158730158729668e+03,6.899871718289932894e-15
7.631746031746031804e+03,6.897548606719550016e-15
7.633333333333333030e+03,6.895225884112825508e-15
7.634920634920634257e+03,6.892903551172748822e-15
7.636507936507936392e+03,6.890581608600810573e-15
7.638095238095237619e+03,6.888260057097001753e-15
7.639682539682539755e+03,6.885938897359845281e-15
7.641269841269840981e+03,6.883618130086347101e-15
7.642857142857142208e+03,6.881297755972038771e-15
7.644444444444444343e+03,6.878977775710962484e-15
7.646031746031745570e+03,6.876658189995675793e-15
7.647619047619047706e+03,6.874338999517252407e-15
7.649206349206348932e+03,6.872020204965293229e-15
7.650793650793650158e+03,6.869701807027909006e-15
7.652380952380952294e+03,6.867383806391752668e-15
7.653968253968253521e+03,6.865066203741979887e-15
7.655555555555555657e+03,6.862748999762292467e-15
7.657142857142856883e+03,6.860432195134920984e-15
7.658730158730158109e+03,6.858115790540631100e-15
7.660317460317460245e+03,6.855799786658700684e-15
7.661904761904761472e+03,6.853484184166975038e-15
7.663492063492063608e+03,6.851168983741813244e-15
7.665079365079364834e+03,6.848854186058136294e-15
7.666666666666666060e+03,6.846539791789398688e-15
7.668253968253968196e+03,6.844225801607585278e-15
7.669841269841269423e+03,6.841912216183260963e-15
7.671428571428571558e+03,6.839599036185498911e-15
7.673015873015872785e+03,6.837286262281963381e-15
7.674603174603174011e+03,6.834973895138840307e-15
7.676190476190476147e+03,6.832661935420892520e-15
7.677777777777777374e+03,6.830350383791425823e-15
7.679365079365079509e+03,6.828039240912316604e-15
7.680952380952380736e+03,6.825728507443989746e-15
7.682539682539681962e+03,6.823418184045445450e-15
7.684126984126984098e+03,6.821108271374251345e-15
7.685714285714285325e+03,6.818798770086515667e-15
7.687301587301587460e+03,6.816489680836950371e-15
7.688888888888888687e+03,6.814181004278819848e-15
7.690476190476189913e+03,6.811872741063976431e-15
7.692063492063492049e+03,6.809564891842831203e-15
7.693650793650793275e+03,6.807257457264372931e-15
7.695238095238095411e+03,6.804950437976183843e-15
7.696825396825396638e+03,6.802643834624428584e-15
7.698412698412697864e+03,6.800337647853828183e-15
7.700000000000000000e+03,6.798031878307731841e-15
7.701587301587301226e+03,6.795726526628038832e-15
7.703174603174603362e+03,6.793421593455255301e-15
7.704761904761904589e+03,6.791117079428482433e-15
7.706349206349205815e+03,6.788812985185405407e-15
7.707936507936507951e+03,6.786509311362307596e-15
7.709523809523809177e+03,6.784206058594068990e-15
7.711111111111111313e+03,6.781903227514181972e-15
7.712698412698412540e+03,6.779600818754719765e-15
7.714285714285713766e+03,6.777298832946378240e-15
7.715873015873015902e+03,6.774997270718438841e-15
7.717460317460317128e+03,6.772696132698817494e-15
7.719047619047619264e+03,6.770395419514017274e-15
7.720634920634920491e+03,6.768095131789156806e-15
7.722222222222221717e+03,6.765795270147978153e-15
7.723809523809523853e+03,6.763495835212834194e-15
7.725396825396825079e+03,6.761196827604689411e-15
7.726984126984126306e+03,6.758898247943132515e-15
7.728571428571428442e+03,6.756600096846372497e-15
7.730158730158729668e+03,6.754302374931250466e-15
7.731746031746031804e+03,6.752005082813220710e-15
7.733333333333333030e+03,6.749708221106369636e-15
7.734920634920634257e+03,6.747411790423414185e-15
7.736507936507936392e+03,6.745115791375703415e-15
7.738095238095237619e+03,6.742820224573211400e-15
7.739682539682539755e+03,6.740525090624562472e-15
7.741269841269840981e+03,6.738230390137009134e-15
7.742857142857142208e+03,6.735936123716438370e-15
7.744444444444444343e+03,6.733642291967394525e-15
7.746031746031745570e+03,6.731348895493042223e-15
7.747619047619047706e+03,6.729055934895213706e-15
7.749206349206348932e+03,6.726763410774369383e-15
7.750793650793650158e+03,6.724471323729638068e-15
7.752380952380952294e+03,6.722179674358781478e-15
7.753968253968253521e+03,6.719888463258222635e-15
7.755555555555555657e+03,6.717597691023037183e-15
7.757142857142856883e+03,6.715307358246960496e-15
7.758730158730158109e+03,6.713017465522383724e-15
7.760317460317460245e+03,6.710728013440355380e-15
7.761904761904761472e+03,6.708439002590604999e-15
7.763492063492063608e+03,6.706150433561494232e-15
7.765079365079364834e+03,6.703862306940081532e-15
7.766666666666666060e+03,6.701574623312072455e-15
7.768253968253968196e+03,6.699287383261859104e-15
7.769841269841269423e+03,6.697000587372497251e-15
7.771428571428571558e+03,6.694714236225711862e-15
7.773015873015872785e+03,6.692428330401912867e-15
7.774603174603174011e+03,6.690142870480190438e-15
7.776190476190476147e+03,6.687857857038292889e-15
7.777777777777777374e+03,6.685573290652687428e-15
7.779365079365079509e+03,6.683289171898489152e-15
7.780952380952380736e+03,6.681005501349521795e-15
7.782539682539681962e+03,6.678722279578277493e-15
7.784126984126984098e+03,6.676439507155955440e-15
7.785714285714285325e+03,6.674157184652435853e-15
7.787301587301587460e+03,6.671875312636298118e-15
7.788888888888888687e+03,6.669593891674815267e-15
7.790476190476189913e+03,6.667312922333944513e-15
7.792063492063492049e+03,6.665032405178362747e-15
7.793650793650793275e+03,6.662752340771436562e-15
7.795238095238095411e+03,6.660472729675233298e-15
7.796825396825396638e+03,6.658193572450524984e-15
7.798412698412697864e+03,6.655914869656793862e-15
7.800000000000000000e+03,6.653636621852235542e-15
7.801587301587301226e+03,6.651358829593740069e-15
7.803174603174603362e+03,6.649081493436917957e-15
7.804761904761904589e+03,6.646804613936097029e-15
7.806349206349205815e+03,6.644528191644323213e-15
7.807936507936507951e+03,6.642252227113343180e-15
7.809523809523809177e+03,6.639976720893644579e-15
7.811111111111111313e+03,6.637701673534417386e-15
7.812698412698412540e+03,6.635427085583587029e-15
7.814285714285713766e+03,6.633152957587803351e-15
7.815873015873015902e+03,6.630879290092430350e-15
7.817460317460317128e+03,6.628606083641575368e-15
7.819047619047618355e+03,6.626333338778075684e-15
7.820634920634920491e+03,6.624061056043483520e-15
7.822222222222221717e+03,6.621789235978115741e-15
7.823809523809523853e+03,6.619517879120991538e-15
7.825396825396825079e+03,6.617246986009889224e-15
7.826984126984126306e+03,6.614976557181328088e-15
7.828571428571428442e+03,6.612706593170553410e-15
7.830158730158729668e+03,6.610437094511566435e-15
7.831746031746031804e+03,6.608168061737109388e-15
7.833333333333333030e+03,6.605899495378682037e-15
7.834920634920634257e+03,6.603631395966506196e-15
7.836507936507936392e+03,6.601363764029581731e-15
7.838095238095237619e+03,6.599096600095655011e-15
7.839682539682539755e+03,6.596829904691217327e-15
7.841269841269840981e+03,6.594563678341523034e-15
7.842857142857142208e+03,6.592297921570579299e-15
7.844444444444444343e+03,6.590032634901162667e-15
7.846031746031745570e+03,6.587767818854807226e-15
7.847619047619047706e+03,6.585503473951800665e-15
7.849206349206348932e+03,6.583239600711217402e-15
7.850793650793650158e+03,6.580976199650869680e-15
7.852380952380952294e+03,6.578713271287373041e-15
7.853968253968253521e+03,6.576450816136085579e-15
7.855555555555555657e+03,6.574188834711147391e-15
7.857142857142856883e+03,6.571927327525472681e-15
7.858730158730158109e+03,6.569666295090762386e-15
7.860317460317460245e+03,6.567405737917479721e-15
7.861904761904761472e+03,6.565145656514869110e-15
7.863492063492063608e+03,6.562886051390967231e-15
7.865079365079364834e+03,6.560626923052585660e-15
7.866666666666666060e+03,6.558368272005325075e-15
7.868253968253968196e+03,6.556110098753567360e-15
7.869841269841269423e+03,6.553852403800488233e-15
7.871428571428571558e+03,6.551595187648059608e-15
7.873015873015872785e+03,6.549338450797026724e-15
7.874603174603174011e+03,6.547082193746953892e-15
7.876190476190476147e+03,6.544826416996170857e-15
7.877777777777777374e+03,6.542571121041841426e-15
7.879365079365079509e+03,6.540316306379890897e-15
7.880952380952380736e+03,6.538061973505084152e-15
7.882539682539681962e+03,6.535808122910952295e-15
7.884126984126984098e+03,6.533554755089851027e-15
7.885714285714285325e+03,6.531301870532948025e-15
7.887301587301587460e+03,6.529049469730196907e-15
7.888888888888888687e+03,6.526797553170386146e-15
7.890476190476189913e+03,6.524546121341094891e-15
7.892063492063492049e+03,6.522295174728731620e-15
7.893650793650793275e+03,6.520044713818514421e-15
7.895238095238095411e+03,6.517794739094470990e-15
7.896825396825396638e+03,6.515545251039458355e-15
7.898412698412697864e+03,6.513296250135151827e-15
7.900000000000000000e+03,6.511047736862041064e-15
7.901587301587301226e+03,6.508799711699448205e-15
7.903174603174603362e+03,6.506552175125515257e-15
7.904761904761904589e+03,6.504305127617221444e-15
7.906349206349205815e+03,6.502058569650361120e-15
7.907936507936507951e+03,6.499812501699566649e-15
7.909523809523809177e+03,6.497566924238308403e-15
7.911111111111111313e+03,6.495321837738881348e-15
7.912698412698412540e+03,6.493077242672420040e-15
7.914285714285713766e+03,6.490833139508904928e-15
7.915873015873015902e+03,6.488589528717137905e-15
7.917460317460317128e+03,6.486346410764778592e-15
7.919047619047618355e+03,6.484103786118323830e-15
7.920634920634920491e+03,6.481861655243115567e-15
7.922222222222221717e+03,6.479620018603341647e-15
7.923809523809523853e+03,6.477378876662026347e-15
7.925396825396825079e+03,6.475138229881072969e-15
7.926984126984126306e+03,6.472898078721208624e-15
7.928571428571428442e+03,6.470658423642030778e-15
7.930158730158729668e+03,6.468419265101973322e-15
7.931746031746031804e+03,6.466180603558349967e-15
7.933333333333333030e+03,6.463942439467314010e-15
7.934920634920634257e+03,6.461704773283885155e-15
7.936507936507936392e+03,6.459467605461950300e-15
7.938095238095237619e+03,6.457230936454256439e-15
7.939682539682539755e+03,6.454994766712402777e-15
7.941269841269840981e+03,6.452759096686881743e-15
7.942857142857142208e+03,6.450523926827030875e-15
7.944444444444444343e+03,6.448289257581065952e-15
7.946031746031745570e+03,6.446055089396077835e-15
7.947619047619047706e+03,6.443821422718022216e-15
7.949206349206348932e+03,6.441588257991748016e-15
7.950793650793650158e+03,6.439355595660960304e-15
7.952380952380952294e+03,6.437123436168249493e-15
7.953968253968253521e+03,6.434891779955095277e-15
7.955555555555555657e+03,6.432660627461846123e-15
7.957142857142856883e+03,6.430429979127739785e-15
7.958730158730158109e+03,6.428199835390911186e-15
7.960317460317460245e+03,6.425970196688358502e-15
7.961904761904761472e+03,6.423741063455986548e-15
7.963492063492063608e+03,6.421512436128579168e-15
7.965079365079364834e+03,6.419284315139830788e-15
7.966666666666666060e+03,6.417056700922303030e-15
7.968253968253968196e+03,6.414829593907466522e-15
7.969841269841269423e+03,6.412602994525700107e-15
7.971428571428571558e+03,6.410376903206257715e-15
7.973015873015872785e+03,6.408151320377310167e-15
7.974603174603174011e+03,6.405926246465926247e-15
7.976190476190476147e+03,6.403701681898078223e-15
7.977777777777777374e+03,6.401477627098640266e-15
7.979365079365079509e+03,6.399254082491395555e-15
7.980952380952380736e+03,6.397031048499037852e-15
7.982539682539681962e+03,6.394808525543173866e-15
7.984126984126984098e+03,6.392586514044302749e-15
7.985714285714285325e+03,6.390365014421868153e-15
7.987301587301587460e+03,6.388144027094203807e-15
7.988888888888888687e+03,6.385923552478573741e-15
7.990476190476189913e+03,6.383703590991146259e-15
7.992063492063492049e+03,6.381484143047023914e-15
7.993650793650793275e+03,6.379265209060230098e-15
7.995238095238095411e+03,6.377046789443694049e-15
7.996825396825396638e+03,6.374828884609295037e-15
7.998412698412697864e+03,6.372611494967820543e-15
8.000000000000000000e+03,6.370394620928987568e-15
8.001587301587301226e+03,6.368178262901453671e-15
8.003174603174603362e+03,6.365962421292804347e-15
8.004761904761904589e+03,6.363747096509538045e-15
8.006349206349205815e+03,6.361532288957118226e-15
8.007936507936507951e+03,6.359317999039923666e-15
8.009523809523809177e+03,6.357104227161282381e-15
8.011111111111111313e+03,6.354890973723453479e-15
8.012698412698412540e+03,6.352678239127637416e-15
8.014285714285713766e+03,6.350466023773986255e-15
8.015873015873015902e+03,6.348254328061582359e-15
8.017460317460317128e+03,6.346043152388464431e-15
8.019047619047618355e+03,6.343832497151618045e-15
8.020634920634920491e+03,6.341622362746974855e-15
8.022222222222221717e+03,6.339412749569409443e-15
8.023809523809523853e+03,6.337203658012759827e-15
8.025396825396825079e+03,6.334995088469818783e-15
8.026984126984126306e+03,6.332787041332323594e-15
8.028571428571428442e+03,6.330579516990972612e-15
8.030158730158729668e+03,6.328372515835432357e-15
8.031746031746031804e+03,6.326166038254314644e-15
8.033333333333333030e+03,6.323960084635198670e-15
8.034920634920634257e+03,6.321754655364629432e-15
8.036507936507936392e+03,6.319549750828116945e-15
8.038095238095237619e+03,6.317345371410134659e-15
8.039682539682539755e+03,6.315141517494113150e-15
8.041269841269840981e+03,6.312938189462479563e-15
8.042857142857142208e+03,6.310735387696606336e-15
8.044444444444444343e+03,6.308533112576848276e-15
8.046031746031745570e+03,6.306331364482539406e-15
8.047619047619047706e+03,6.304130143791982704e-15
8.049206349206348932e+03,6.301929450882454056e-15
8.050793650793650158e+03,6.299729286130221179e-15
8.052380952380952294e+03,6.297529649910520752e-15
8.053968253968253521e+03,6.295330542597578921e-15
8.055555555555555657e+03,6.293131964564593160e-15
8.057142857142856883e+03,6.290933916183769343e-15
8.058730158730158109e+03,6.288736397826269680e-15
8.060317460317460245e+03,6.286539409862275041e-15
8.061904761904761472e+03,6.284342952660924208e-15
8.063492063492063608e+03,6.282147026590378566e-15
8.065079365079364834e+03,6.279951632017767670e-15
8.066666666666666060e+03,6.277756769309226320e-15
8.068253968253968196e+03,6.275562438829891407e-15
8.069841269841269423e+03,6.273368640943879039e-15
8.071428571428571558e+03,6.271175376014321610e-15
8.073015873015872785e+03,6.268982644403343353e-15
8.074603174603174011e+03,6.266790446472074535e-15
8.076190476190476147e+03,6.264598782580639625e-15
8.077777777777777374e+03,6.262407653088177807e-15
8.079365079365079509e+03,6.260217058352830352e-15
8.080952380952380736e+03,6.258026998731757981e-15
8.082539682539681962e+03,6.255837474581105359e-15
8.084126984126984098e+03,6.253648486256053954e-15
8.085714285714285325e+03,6.251460034110786535e-15
8.087301587301587460e+03,6.249272118498491907e-15
8.088888888888888687e+03,6.247084739771395674e-15
8.090476190476189913e+03,6.244897898280722377e-15
8.092063492063492049e+03,6.242711594376720738e-15
8.093650793650793275e+03,6.240525828408662864e-15
8.095238095238095411e+03,6.238340600724834003e-15
8.096825396825396638e+03,6.236155911672551465e-15
8.098412698412697864e+03,6.233971761598159111e-15
8.100000000000000000e+03,6.231788150847004466e-15
8.101587301587301226e+03,6.229605079763501836e-15
8.103174603174603362e+03,6.227422548691058150e-15
8.104761904761904589e+03,6.225240557972127393e-15
8.106349206349205815e+03,6.223059107948195618e-15
8.107936507936507951e+03,6.220878198959784101e-15
8.109523809523809177e+03,6.218697831346434353e-15
8.111111111111110404e+03,6.216518005446745196e-15
8.112698412698412540e+03,6.214338721598343576e-15
8.114285714285713766e+03,6.212159980137886927e-15
8.115873015873015902e+03,6.209981781401093941e-15
8.117460317460317128e+03,6.207804125722704332e-15
8.119047619047618355e+03,6.205627013436524592e-15
8.120634920634920491e+03,6.203450444875379081e-15
8.122222222222221717e+03,6.201274420371165249e-15
8.123809523809523853e+03,6.199098940254815766e-15
8.125396825396825079e+03,6.196924004856313517e-15
8.126984126984126306e+03,6.194749614504690806e-15
8.128571428571428442e+03,6.192575769528042773e-15
8.130158730158729668e+03,6.190402470253510036e-15
8.131746031746031804e+03,6.188229717007286578e-15
8.133333333333333030e+03,6.186057510114635529e-15
8.134920634920634257e+03,6.183885849899868650e-15
8.136507936507936392e+03,6.181714736686351070e-15
8.138095238095237619e+03,6.179544170796535995e-15
8.139682539682539755e+03,6.177374152551905544e-15
8.141269841269840981e+03,6.175204682273030700e-15
8.142857142857142208e+03,6.173035760279541337e-15
8.144444444444444343e+03,6.170867386890125425e-15
8.146031746031745570e+03,6.168699562422562961e-15
8.147619047619047706e+03,6.166532287193673104e-15
8.149206349206348932e+03,6.164365561519374138e-15
8.150793650793650158e+03,6.162199385714640866e-15
8.152380952380952294e+03,6.160033760093529859e-15
8.153968253968253521e+03,6.157868684969169198e-15
8.155555555555555657e+03,6.155704160653767942e-15
8.157142857142856883e+03,6.153540187458616125e-15
8.158730158730158109e+03,6.151376765694075294e-15
8.160317460317460245e+03,6.149213895669597437e-15
8.161904761904761472e+03,6.147051577693710789e-15
8.163492063492063608e+03,6.144889812074037180e-15
8.165079365079364834e+03,6.142728599117270743e-15
8.166666666666666060e+03,6.140567939129208675e-15
8.168253968253968196e+03,6.138407832414725204e-15
8.169841269841269423e+03,6.136248279277789738e-15
8.171428571428571558e+03,6.134089280021462913e-15
8.173015873015872785e+03,6.131930834947902123e-15
8.174603174603174011e+03,6.129772944358345738e-15
8.176190476190476147e+03,6.127615608553145446e-15
8.177777777777777374e+03,6.125458827831735494e-15
8.179365079365079509e+03,6.123302602492667389e-15
8.180952380952380736e+03,6.121146932833563364e-15
8.182539682539681962e+03,6.118991819151177114e-15
8.184126984126984098e+03,6.116837261741352777e-15
8.185714285714285325e+03,6.114683260899032824e-15
8.187301587301587460e+03,6.112529816918273046e-15
8.188888888888888687e+03,6.110376930092233089e-15
8.190476190476189913e+03,6.108224600713191439e-15
8.192063492063491140e+03,6.106072829072518605e-15
8.193650793650793275e+03,6.103921615460707882e-15
8.195238095238095411e+03,6.101770960167361942e-15
8.196825396825395728e+03,6.099620863481202297e-15
8.198412698412697864e+03,6.097471325690055106e-15
8.200000000000000000e+03,6.095322347080875620e-15
8.201587301587300317e+03,6.093173927939727683e-15
8.203174603174604272e+03,6.091026068551805021e-15
8.204761904761904589e+03,6.088878769201414682e-15
8.206349206349204906e+03,6.086732030171982557e-15
8.207936507936508860e+03,6.084585851746068367e-15
8.209523809523809177e+03,6.082440234205345941e-15
8.211111111111109494e+03,6.080295177830637141e-15
8.212698412698413449e+03,6.078150682901854271e-15
8.214285714285713766e+03,6.076006749698074230e-15
8.215873015873015902e+03,6.073863378497487238e-15
8.217460317460318038e+03,6.071720569577423659e-15
8.219047619047618355e+03,6.069578323214332697e-15
8.220634920634920491e+03,6.067436639683817897e-15
8.222222222222222626e+03,6.065295519260603224e-15
8.223809523809522943e+03,6.063154962218563042e-15
8.225396825396825079e+03,6.061014968830693711e-15
8.226984126984127215e+03,6.058875539369147510e-15
8.228571428571427532e+03,6.056736674105212914e-15
8.230158730158729668e+03,6.054598373309316966e-15
8.231746031746031804e+03,6.052460637251031579e-15
8.233333333333332121e+03,6.050323466199081432e-15
8.234920634920634257e+03,6.048186860421337656e-15
8.236507936507936392e+03,6.046050820184802847e-15
8.238095238095236709e+03,6.043915345755653662e-15
8.239682539682540664e+03,6.041780437399196645e-15
8.241269841269840981e+03,6.039646095379911615e-15
8.242857142857141298e+03,6.037512319961406697e-15
8.244444444444445253e+03,6.035379111406463293e-15
8.246031746031745570e+03,6.033246469977013989e-15
8.247619047619047706e+03,6.031114395934149655e-15
8.249206349206349842e+03,6.028982889538117083e-15
8.250793650793650158e+03,6.026851951048327659e-15
8.252380952380952294e+03,6.024721580723351055e-15
8.253968253968254430e+03,6.022591778820916018e-15
8.255555555555554747e+03,6.020462545597934034e-15
8.257142857142856883e+03,6.018333881310451208e-15
8.258730158730159019e+03,6.016205786213708221e-15
8.260317460317459336e+03,6.014078260562099302e-15
8.261904761904761472e+03,6.011951304609194325e-15
8.263492063492063608e+03,6.009824918607730124e-15
8.265079365079363924e+03,6.007699102809622328e-15
8.266666666666666060e+03,6.005573857465948009e-15
8.268253968253968196e+03,6.003449182826971711e-15
8.269841269841268513e+03,6.001325079142120998e-15
8.271428571428572468e+03,5.999201546660018006e-15
8.273015873015872785e+03,5.997078585628447889e-15
8.274603174603173102e+03,5.994956196294377753e-15
8.276190476190477057e+03,5.992834378903963755e-15
8.277777777777777374e+03,5.990713133702544003e-15
8.279365079365079509e+03,5.988592460934632246e-15
8.280952380952381645e+03,5.986472360843934437e-15
8.282539682539681962e+03,5.984352833673343218e-15
8.284126984126984098e+03,5.982233879664928445e-15
8.285714285714286234e+03,5.980115499059961648e-15
8.287301587301586551e+03,5.977997692098901830e-15
8.288888888888888687e+03,5.975880459021401780e-15
8.290476190476190823e+03,5.973763800066293080e-15
8.292063492063491140e+03,5.971647715471616087e-15
8.293650793650793275e+03,5.969532205474602574e-15
8.295238095238095411e+03,5.967417270311685987e-15
8.296825396825395728e+03,5.965302910218484878e-15
8.298412698412697864e+03,5.963189125429828941e-15
8.300000000000000000e+03,5.961075916179744017e-15
8.301587301587300317e+03,5.958963282701456834e-15
8.303174603174604272e+03,5.956851225227398946e-15
8.304761904761904589e+03,5.954739743989209102e-15
8.306349206349204906e+03,5.952628839217729304e-15
8.307936507936508860e+03,5.950518511142994546e-15
8.309523809523809177e+03,5.948408759994282517e-15
8.311111111111109494e+03,5.946299586000045757e-15
8.312698412698413449e+03,5.944190989387960569e-15
8.314285714285713766e+03,5.942082970384925436e-15
8.315873015873015902e+03,5.939975529217036571e-15
8.317460317460318038e+03,5.937868666109606060e-15
8.319047619047618355e+03,5.935762381287175271e-15
8.320634920634920491e+03,5.933656674973491977e-15
8.322222222222222626e+03,5.931551547391516669e-15
8.323809523809522943e+03,5.929446998763450165e-15
8.325396825396825079e+03,5.927343029310684701e-15
8.326984126984127215e+03,5.925239639253865461e-15
8.328571428571427532e+03,5.923136828812835356e-15
8.330158730158729668e+03,5.921034598206679204e-15
8.331746031746031804e+03,5.918932947653695329e-15
8.333333333333332121e+03,5.916831877371428690e-15
8.334920634920634257e+03,5.914731387576619611e-15
8.336507936507936392e+03,5.912631478485268462e-15
8.338095238095236709e+03,5.910532150312593064e-15
8.339682539682540664e+03,5.908433403273043677e-15
8.341269841269840981e+03,5.906335237580309309e-15
8.342857142857141298e+03,5.904237653447312985e-15
8.344444444444445253e+03,5.902140651086192813e-15
8.346031746031745570e+03,5.900044230708361150e-15
8.347619047619047706e+03,5.897948392524433600e-15
8.349206349206349842e+03,5.895853136744285821e-15
8.350793650793650158e+03,5.893758463577031426e-15
8.352380952380952294e+03,5.891664373231012525e-15
8.353968253968254430e+03,5.889570865913841532e-15
8.355555555555554747e+03,5.887477941832339631e-15
8.357142857142856883e+03,5.885385601192606201e-15
8.358730158730159019e+03,5.883293844199960436e-15
8.360317460317459336e+03,5.881202671058997356e-15
8.361904761904761472e+03,5.879112081973531798e-15
8.363492063492063608e+03,5.877022077146648902e-15
8.365079365079363924e+03,5.874932656780682813e-15
8.366666666666666060e+03,5.872843821077210368e-15
8.368253968253968196e+03,5.870755570237073189e-15
8.369841269841268513e+03,5.868667904460365843e-15
8.371428571428572468e+03,5.866580823946433481e-15
8.373015873015872785e+03,5.864494328893885247e-15
8.374603174603173102e+03,5.862408419500591121e-15
8.376190476190477057e+03,5.860323095963668512e-15
8.377777777777777374e+03,5.858238358479513807e-15
8.379365079365079509e+03,5.856154207243765301e-15
8.380952380952381645e+03,5.854070642451345790e-15
8.382539682539681962e+03,5.851987664296428651e-15
8.384126984126984098e+03,5.849905272972459936e-15
8.385714285714286234e+03,5.847823468672144950e-15
8.387301587301586551e+03,5.845742251587476663e-15
8.388888888888888687e+03,5.843661621909690735e-15
8.390476190476190823e+03,5.841581579829308906e-15
8.392063492063491140e+03,5.839502125536133478e-15
8.393650793650793275e+03,5.837423259219214177e-15
8.395238095238095411e+03,5.835344981066897856e-15
8.396825396825395728e+03,5.833267291266799304e-15
8.398412698412697864e+03,5.831190190005813868e-15
8.400000000000000000e+03,5.829113677470100100e-15
8.401587301587300317e+03,5.827037753845116045e-15
8.403174603174602453e+03,5.824962419315578215e-15
8.404761904761904589e+03,5.822887674065514449e-15
8.406349206349204906e+03,5.820813518278201592e-15
8.407936507936508860e+03,5.818739952136219131e-15
8.409523809523809177e+03,5.816666975821430272e-15
8.411111111111109494e+03,5.814594589514986667e-15
8.412698412698413449e+03,5.812522793397308692e-15
8.414285714285713766e+03,5.810451587648131206e-15
8.415873015873015902e+03,5.808380972446463313e-15
8.417460317460318038e+03,5.806310947970597835e-15
8.419047619047618355e+03,5.804241514398146014e-15
8.420634920634920491e+03,5.802172671905983087e-15
8.422222222222222626e+03,5.800104420670293249e-15
8.423809523809522943e+03,5.798036760866559398e-15
8.425396825396825079e+03,5.795969692669545777e-15
8.426984126984127215e+03,5.793903216253329535e-15
8.428571428571427532e+03,5.791837331791283365e-15
8.430158730158729668e+03,5.789772039456063676e-15
8.431746031746031804e+03,5.787707339419650034e-15
8.433333333333332121e+03,5.785643231853319131e-15
8.434920634920634257e+03,5.783579716927643992e-15
8.436507936507936392e+03,5.781516794812501080e-15
8.438095238095236709e+03,5.779454465677082917e-15
8.439682539682540664e+03,5.777392729689878359e-15
8.441269841269840981e+03,5.775331587018689163e-15
8.442857142857141298e+03,5.773271037830631569e-15
8.444444444444445253e+03,5.771211082292111051e-15
8.446031746031745570e+03,5.769151720568879118e-15
8.447619047619047706e+03,5.767092952825965473e-15
8.449206349206349842e+03,5.765034779227732439e-15
8.450793650793650158e+03,5.762977199937852089e-15
8.452380952380952294e+03,5.760920215119309396e-15
8.453968253968254430e+03,5.758863824934414070e-15
8.455555555555554747e+03,5.756808029544789510e-15
8.457142857142856883e+03,5.754752829111370441e-15
8.458730158730159019e+03,5.752698223794428944e-15
8.460317460317459336e+03,5.750644213753543692e-15
8.461904761904761472e+03,5.748590799147625191e-15
8.463492063492063608e+03,5.746537980134896853e-15
8.465079365079363924e+03,5.744485756872920230e-15
8.466666666666666060e+03,5.742434129518572938e-15
8.468253968253968196e+03,5.740383098228066000e-15
8.469841269841268513e+03,5.738332663156938332e-15
8.471428571428572468e+03,5.736282824460041753e-15
8.473015873015872785e+03,5.734233582291584370e-15
8.474603174603173102e+03,5.732184936805092715e-15
8.476190476190477057e+03,5.730136888153419631e-15
8.477777777777777374e+03,5.728089436488767943e-15
8.479365079365079509e+03,5.726042581962655742e-15
8.480952380952381645e+03,5.723996324725952675e-15
8.482539682539681962e+03,5.721950664928861016e-15
8.484126984126984098e+03,5.719905602720911715e-15
8.485714285714286234e+03,5.717861138250991223e-15
8.487301587301586551e+03,5.715817271667316250e-15
8.488888888888888687e+03,5.713774003117438495e-15
8.490476190476190823e+03,5.711731332748274624e-15
8.492063492063491140e+03,5.709689260706055783e-15
8.493650793650793275e+03,5.707647787136380452e-15
8.495238095238095411e+03,5.705606912184182100e-15
8.496825396825395728e+03,5.703566635993748909e-15
8.498412698412697864e+03,5.701526958708700106e-15
8.500000000000000000e+03,5.699487880472021464e-15
8.501587301587300317e+03,5.697449401426042423e-15
8.503174603174602453e+03,5.695411521712447134e-15
8.504761904761904589e+03,5.693374241472260262e-15
8.506349206349204906e+03,5.691337560845874593e-15
8.507936507936508860e+03,5.689301479973022636e-15
8.509523809523809177e+03,5.687265998992810546e-15
8.511111111111109494e+03,5.685231118043687357e-15
8.512698412698413449e+03,5.683196837263452080e-15
8.514285714285713766e+03,5.681163156789291571e-15
8.515873015873015902e+03,5.679130076757715842e-15
8.517460317460318038e+03,5.677097597304627484e-15
8.519047619047618355e+03,5.675065718565269600e-15
8.520634920634920491e+03,5.673034440674257358e-15
8.522222222222222626e+03,5.671003763765566162e-15
8.523809523809522943e+03,5.668973687972547426e-15
8.525396825396825079e+03,5.666944213427899386e-15
8.526984126984127215e+03,5.664915340263701814e-15
8.528571428571427532e+03,5.662887068611401023e-15
8.530158730158729668e+03,5.660859398601802774e-15
8.531746031746031804e+03,5.658832330365099093e-15
8.533333333333332121e+03,5.656805864030839084e-15
8.534920634920634257e+03,5.654779999727951018e-15
8.536507936507936392e+03,5.652754737584736811e-15
8.538095238095236709e+03,5.650730077728873600e-15
8.539682539682540664e+03,5.648706020287398756e-15
8.541269841269840981e+03,5.646682565386761161e-15
8.542857142857141298e+03,5.644659713152750996e-15
8.544444444444445253e+03,5.642637463710551022e-15
8.546031746031745570e+03,5.640615817184734996e-15
8.547619047619047706e+03,5.638594773699236911e-15
8.549206349206349842e+03,5.636574333377385703e-15
8.550793650793650158e+03,5.634554496341892632e-15
8.552380952380952294e+03,5.632535262714847331e-15
8.553968253968254430e+03,5.630516632617731226e-15
8.555555555555554747e+03,5.628498606171400173e-15
8.557142857142856883e+03,5.626481183496108918e-15
8.558730158730159019e+03,5.624464364711494527e-15
8.560317460317459336e+03,5.622448149936589801e-15
8.561904761904761472e+03,5.620432539289804340e-15
8.563492063492063608e+03,5.618417532888948208e-15
8.565079365079363924e+03,5.616403130851229570e-15
8.566666666666666060e+03,5.614389333293227868e-15
8.568253968253968196e+03,5.612376140330945887e-15
8.569841269841268513e+03,5.610363552079760057e-15
8.571428571428572468e+03,5.608351568654444117e-15
8.573015873015872785e+03,5.606340190169183317e-15
8.574603174603173102e+03,5.604329416737553117e-15
8.576190476190477057e+03,5.602319248472519187e-15
8.577777777777777374e+03,5.600309685486457919e-15
8.579365079365079509e+03,5.598300727891150113e-15
8.580952380952381645e+03,5.596292375797762049e-15
8.582539682539681962e+03,5.594284629316892026e-15
8.584126984126984098e+03,5.592277488558511198e-15
8.585714285714286234e+03,5.590270953632014852e-15
8.587301587301586551e+03,5.588265024646202682e-15
8.588888888888888687e+03,5.586259701709274063e-15
8.590476190476190823e+03,5.584254984928843821e-15
8.592063492063491140e+03,5.582250874411931193e-15
8.593650793650793275e+03,5.580247370264967715e-15
8.595238095238095411e+03,5.578244472593805898e-15
8.596825396825395728e+03,5.576242181503690042e-15
8.598412698412697864e+03,5.574240497099301990e-15
8.600000000000000000e+03,5.572239419484705906e-15
8.601587301587300317e+03,5.570238948763418483e-15
8.603174603174602453e+03,5.568239085038348995e-15
8.604761904761904589e+03,5.566239828411822166e-15
8.606349206349204906e+03,5.564241178985600264e-15
8.607936507936508860e+03,5.562243136860845234e-15
8.609523809523809177e+03,5.560245702138154986e-15
8.611111111111109494e+03,5.558248874917531839e-15
8.612698412698413449e+03,5.556252655298409342e-15
8.614285714285713766e+03,5.554257043379651490e-15
8.615873015873015902e+03,5.552262039259531418e-15
8.617460317460318038e+03,5.550267643035762171e-15
8.619047619047618355e+03,5.548273854805469882e-15
8.620634920634920491e+03,5.546280674665217435e-15
8.622222222222222626e+03,5.544288102710989483e-15
8.623809523809522943e+03,5.542296139038202695e-15
8.625396825396825079e+03,5.540304783741709707e-15
8.626984126984127215e+03,5.538314036915777819e-15
8.628571428571427532e+03,5.536323898654122919e-15
8.630158730158729668e+03,5.534334369049885812e-15
8.631746031746031804e+03,5.532345448195641693e-15
8.633333333333332121e+03,5.530357136183402509e-15
8.634920634920634257e+03,5.528369433104615383e-15
8.636507936507936392e+03,5.526382339050166557e-15
8.638095238095236709e+03,5.524395854110369561e-15
8.639682539682540664e+03,5.522409978374990455e-15
8.641269841269840981e+03,5.520424711933228109e-15
8.642857142857141298e+03,5.518440054873729188e-15
8.644444444444445253e+03,5.516456007284562913e-15
8.646031746031745570e+03,5.514472569253266023e-15
8.647619047619047706e+03,5.512489740866800178e-15
8.649206349206349842e+03,5.510507522211579568e-15
8.650793650793650158e+03,5.508525913373465392e-15
8.652380952380952294e+03,5.506544914437759545e-15
8.653968253968254430e+03,5.504564525489211722e-15
8.655555555555554747e+03,5.502584746612025724e-15
8.657142857142856883e+03,5.500605577889853151e-15
8.658730158730159019e+03,5.498627019405787089e-15
8.660317460317459336e+03,5.496649071242378675e-15
8.661904761904761472e+03,5.494671733481638678e-15
8.663492063492063608e+03,5.492695006205010676e-15
8.665079365079363924e+03,5.490718889493417598e-15
8.666666666666666060e+03,5.488743383427215183e-15
8.668253968253968196e+03,5.486768488086224321e-15
8.669841269841268513e+03,5.484794203549730266e-15
8.671428571428572468e+03,5.482820529896452660e-15
8.673015873015872785e+03,5.480847467204596805e-15
8.674603174603173102e+03,5.478875015551815015e-15
8.676190476190477057e+03,5.476903175015212919e-15
8.677777777777777374e+03,5.474931945671378658e-15
8.679365079365079509e+03,5.472961327596336334e-15
8.680952380952381645e+03,5.470991320865590980e-15
8.682539682539681962e+03,5.469021925554109625e-15
8.684126984126984098e+03,5.467053141736323663e-15
8.685714285714286234e+03,5.465084969486119384e-15
8.687301587301586551e+03,5.463117408876871895e-15
8.688888888888888687e+03,5.461150459981403313e-15
8.690476190476190823e+03,5.459184122872014319e-15
8.692063492063491140e+03,5.457218397620480999e-15
8.693650793650793275e+03,5.455253284298031972e-15
8.695238095238095411e+03,5.453288782975391772e-15
8.696825396825395728e+03,5.451324893722734310e-15
8.698412698412697864e+03,5.449361616609719161e-15
8.700000000000000000e+03,5.447398951705477359e-15
8.701587301587300317e+03,5.445436899078621661e-15
8.703174603174602453e+03,5.443475458797229184e-15
8.704761904761904589e+03,5.441514630928859555e-15
8.706349206349204906e+03,5.439554415540554906e-15
8.707936507936508860e+03,5.437594812698825678e-15
8.709523809523809177e+03,5.435635822469679018e-15
8.711111111111109494e+03,5.433677444918588804e-15
8.712698412698413449e+03,5.431719680110500376e-15
8.714285714285713766e+03,5.429762528109877081e-15
8.715873015873015902e+03,5.427805988980622963e-15
8.717460317460318038e+03,5.425850062786161650e-15
8.719047619047618355e+03,5.423894749589384289e-15
8.720634920634920491e+03,5.421940049452661378e-15
8.722222222222222626e+03,5.419985962437873534e-15
8.723809523809522943e+03,5.418032488606368102e-15
8.725396825396825079e+03,5.416079628018988346e-15
8.726984126984127215e+03,5.414127380736070293e-15
8.728571428571427532e+03,5.412175746817441153e-15
8.730158730158729668e+03,5.410224726322404335e-15
8.731746031746031804e+03,5.408274319309778096e-15
8.733333333333332121e+03,5.406324525837860045e-15
8.734920634920634257e+03,5.404375345964446867e-15
8.736507936507936392e+03,5.402426779746824850e-15
8.738095238095236709e+03,5.400478827241784881e-15
8.739682539682540664e+03,5.398531488505597196e-15
8.741269841269840981e+03,5.396584763594058717e-15
8.742857142857141298e+03,5.394638652562434672e-15
8.744444444444445253e+03,5.392693155465505139e-15
8.746031746031745570e+03,5.390748272357553216e-15
8.747619047619047706e+03,5.388804003292352394e-15
8.749206349206349842e+03,5.386860348323190228e-15
8.750793650793650158e+03,5.384917307502845457e-15
8.752380952380952294e+03,5.382974880883606149e-15
8.753968253968254430e+03,5.381033068517262598e-15
8.755555555555554747e+03,5.379091870455120742e-15
8.757142857142856883e+03,5.377151286747974544e-15
8.758730158730159019e+03,5.375211317446139921e-15
8.760317460317459336e+03,5.373271962599438170e-15
8.761904761904761472e+03,5.371333222257195187e-15
8.763492063492063608e+03,5.369395096468246984e-15
8.765079365079363924e+03,5.367457585280942846e-15
8.766666666666666060e+03,5.365520688743150853e-15
8.768253968253968196e+03,5.363584406902229479e-15
8.769841269841268513e+03,5.361648739805080451e-15
8.771428571428572468e+03,5.359713687498086423e-15
8.773015873015872785e+03,5.357779250027175665e-15
8.774603174603173102e+03,5.355845427437777889e-15
8.776190476190477057e+03,5.353912219774828978e-15
8.777777777777777374e+03,5.351979627082805698e-15
8.779365079365079509e+03,5.350047649405686257e-15
8.780952380952381645e+03,5.348116286786975544e-15
8.782539682539681962e+03,5.346185539269696456e-15
8.784126984126984098e+03,5.344255406896384372e-15
8.785714285714286234e+03,5.342325889709113978e-15
8.787301587301586551e+03,5.340396987749469287e-15
8.788888888888888687e+03,5.338468701058566519e-15
8.790476190476190823e+03,5.336541029677028067e-15
8.792063492063491140e+03,5.334613973645029037e-15
8.793650793650793275e+03,5.332687533002247556e-15
8.795238095238095411e+03,5.330761707787895534e-15
8.796825396825395728e+03,5.328836498040723394e-15
8.798412698412697864e+03,5.326911903798987737e-15
8.800000000000000000e+03,5.324987925100499454e-15
8.801587301587300317e+03,5.323064561982583498e-15
8.803174603174602453e+03,5.321141814482095452e-15
8.804761904761904589e+03,5.319219682635434145e-15
8.806349206349204906e+03,5.317298166478520360e-15
8.807936507936508860e+03,5.315377266046807873e-15
8.809523809523809177e+03,5.313456981375298440e-15
8.811111111111109494e+03,5.311537312498515773e-15
8.812698412698413449e+03,5.309618259450517361e-15
8.814285714285713766e+03,5.307699822264914201e-15
8.815873015873015902e+03,5.305782000974831353e-15
8.817460317460318038e+03,5.303864795612954478e-15
8.819047619047618355e+03,5.301948206211500657e-15
8.820634920634920491e+03,5.300032232802214440e-15
8.822222222222222626e+03,5.298116875416401772e-15
8.823809523809522943e+03,5.296202134084901594e-15
8.825396825396825079e+03,5.294288008838088205e-15
8.826984126984127215e+03,5.292374499705891778e-15
8.828571428571427532e+03,5.290461606717777843e-15
8.830158730158729668e+03,5.288549329902755185e-15
8.831746031746031804e+03,5.286637669289392399e-15
8.833333333333332121e+03,5.284726624905793446e-15
8.834920634920634257e+03,5.282816196779603166e-15
8.836507936507936392e+03,5.280906384938033316e-15
8.838095238095236709e+03,5.278997189407825493e-15
8.839682539682540664e+03,5.277088610215286629e-15
8.841269841269840981e+03,5.275180647386266908e-15
8.842857142857141298e+03,5.273273300946166073e-15
8.844444444444445253e+03,5.271366570919937373e-15
8.846031746031745570e+03,5.269460457332097814e-15
8.847619047619047706e+03,5.267554960206696612e-15
8.849206349206349842e+03,5.265650079567356994e-15
8.850793650793650158e+03,5.263745815437253327e-15
8.852380952380952294e+03,5.261842167839105595e-15
8.853968253968254430e+03,5.259939136795209373e-15
8.855555555555554747e+03,5.258036722327400331e-15
8.857142857142856883e+03,5.256134924457079476e-15
8.858730158730159019e+03,5.254233743205212365e-15
8.860317460317459336e+03,5.252333178592321214e-15
8.861904761904761472e+03,5.250433230638484111e-15
8.863492063492063608e+03,5.248533899363343692e-15
8.865079365079363924e+03,5.246635184786115032e-15
8.866666666666666060e+03,5.244737086925560398e-15
8.868253968253968196e+03,5.242839605800016862e-15
8.869841269841268513e+03,5.240942741427389199e-15
8.871428571428572468e+03,5.239046493825130958e-15
8.873015873015872785e+03,5.237150863010284690e-15
8.874603174603173102e+03,5.235255848999452760e-15
8.876190476190477057e+03,5.233361451808785519e-15
8.877777777777777374e+03,5.231467671454034151e-15
8.879365079365079509e+03,5.229574507950495460e-15
8.880952380952381645e+03,5.227681961313055249e-15
8.882539682539681962e+03,5.225790031556152041e-15
8.884126984126984098e+03,5.223898718693810993e-15
8.885714285714286234e+03,5.222008022739623390e-15
8.887301587301586551e+03,5.220117943706751376e-15
8.888888888888888687e+03,5.218228481607940577e-15
8.890476190476190823e+03,5.216339636455497222e-15
8.892063492063491140e+03,5.214451408261326012e-15
8.893650793650793275e+03,5.212563797036881207e-15
8.895238095238095411e+03,5.210676802793217115e-15
8.896825396825395728e+03,5.208790425540954170e-15
8.898412698412697864e+03,5.206904665290294711e-15
8.900000000000000000e+03,5.205019522051019035e-15
8.901587301587300317e+03,5.203134995832496442e-15
8.903174603174602453e+03,5.201251086643659205e-15
8.904761904761904589e+03,5.199367794493043588e-15
8.906349206349204906e+03,5.197485119388753559e-15
8.907936507936508860e+03,5.195603061338478144e-15
8.909523809523809177e+03,5.193721620349501687e-15
8.911111111111109494e+03,5.191840796428678598e-15
8.912698412698413449e+03,5.189960589582453084e-15
8.914285714285713766e+03,5.188080999816870973e-15
8.915873015873015902e+03,5.186202027137545011e-15
8.917460317460318038e+03,5.184323671549680102e-15
8.919047619047618355e+03,5.182445933058087510e-15
8.920634920634920491e+03,5.180568811667142256e-15
8.922222222222222626e+03,5.178692307380824144e-15
8.923809523809522943e+03,5.176816420202709869e-15
8.925396825396825079e+03,5.174941150135948564e-15
8.926984126984127215e+03,5.173066497183299664e-15
8.928571428571427532e+03,5.171192461347111609e-15
8.930158730158729668e+03,5.169319042629317896e-15
8.931746031746031804e+03,5.167446241031458382e-15
8.933333333333332121e+03,5.165574056554669027e-15
8.934920634920634257e+03,5.163702489199662960e-15
8.936507936507936392e+03,5.161831538966780970e-15
8.938095238095236709e+03,5.159961205855928394e-15
8.939682539682540664e+03,5.158091489866636648e-15
8.941269841269840981e+03,5.156222390998022207e-15
8.942857142857141298e+03,5.154353909248805540e-15
8.944444444444445253e+03,5.152486044617301640e-15
8.946031746031745570e+03,5.150618797101442901e-15
8.947619047619047706e+03,5.148752166698742047e-15
8.949206349206349842e+03,5.146886153406329200e-15
8.950793650793650158e+03,5.145020757220936898e-15
8.952380952380952294e+03,5.143155978138900095e-15
8.953968253968254430e+03,5.141291816156156946e-15
8.955555555555554747e+03,5.139428271268252752e-15
8.957142857142856883e+03,5.137565343470337597e-15
8.958730158730159019e+03,5.135703032757175022e-15
8.960317460317459336e+03,5.133841339123134927e-15
8.961904761904761472e+03,5.131980262562180159e-15
8.963492063492063608e+03,5.130119803067913057e-15
8.965079365079363924e+03,5.128259960633517862e-15
8.966666666666666060e+03,5.126400735251809630e-15
8.968253968253968196e+03,5.124542126915195573e-15
8.969841269841268513e+03,5.122684135615720819e-15
8.971428571428572468e+03,5.120826761345012398e-15
8.973015873015872785e+03,5.118970004094340775e-15
8.974603174603173102e+03,5.117113863854576463e-15
8.976190476190477057e+03,5.115258340616195543e-15
8.977777777777777374e+03,5.113403434369315957e-15
8.979365079365079509e+03,5.111549145103644646e-15
8.980952380952381645e+03,5.109695472808527255e-15
8.982539682539681962e+03,5.107842417472914999e-15
8.984126984126984098e+03,5.105989979085382804e-15
8.985714285714286234e+03,5.104138157634120635e-15
8.987301587301586551e+03,5.102286953106948478e-15
8.988888888888888687e+03,5.100436365491289525e-15
8.990476190476190823e+03,5.098586394774211978e-15
8.992063492063491140e+03,5.096737040942386455e-15
8.993650793650793275e+03,5.094888303982115965e-15
8.995238095238095411e+03,5.093040183879320127e-15
8.996825396825395728e+03,5.091192680619559634e-15
8.998412698412697864e+03,5.089345794187998377e-15
9.000000000000000000e+03,5.087499524569441318e-15
9.001587301587300317e+03,5.085653871748315554e-15
9.003174603174602453e+03,5.083808835708668739e-15
9.004761904761904589e+03,5.081964416434189597e-15
9.006349206349204906e+03,5.080120613908185830e-15
9.007936507936508860e+03,5.078277428113593590e-15
9.009523809523809177e+03,5.076434859032982993e-15
9.011111111111109494e+03,5.074592906648562071e-15
9.012698412698413449e+03,5.072751570942146791e-15
9.014285714285713766e+03,5.070910851895220222e-15
9.015873015873015902e+03,5.069070749488860745e-15
9.017460317460318038e+03,5.067231263703807533e-15
9.019047619047618355e+03,5.065392394520422682e-15
9.020634920634920491e+03,5.063554141918705414e-15
9.022222222222222626e+03,5.061716505878284183e-15
9.023809523809522943e+03,5.059879486378440347e-15
9.025396825396825079e+03,5.058043083398067933e-15
9.026984126984127215e+03,5.056207296915719390e-15
9.028571428571427532e+03,5.054372126909576404e-15
9.030158730158729668e+03,5.052537573357456995e-15
9.031746031746031804e+03,5.050703636236826561e-15
9.033333333333332121e+03,5.048870315524786049e-15
9.034920634920634257e+03,5.047037611198075106e-15
9.036507936507936392e+03,5.045205523233080758e-15
9.038095238095236709e+03,5.043374051605827946e-15
9.039682539682540664e+03,5.041543196291981098e-15
9.041269841269840981e+03,5.039712957266863068e-15
9.042857142857141298e+03,5.037883334505425156e-15
9.044444444444445253e+03,5.036054327982266829e-15
9.046031746031745570e+03,5.034225937671642823e-15
9.047619047619047706e+03,5.032398163547441053e-15
9.049206349206349842e+03,5.030571005583205491e-15
9.050793650793650158e+03,5.028744463752125121e-15
9.052380952380952294e+03,5.026918538027038674e-15
9.053968253968254430e+03,5.025093228380422792e-15
9.055555555555554747e+03,5.023268534784426741e-15
9.057142857142856883e+03,5.021444457210826656e-15
9.058730158730159019e+03,5.019620995631064194e-15
9.060317460317459336e+03,5.017798150016226815e-15
9.061904761904761472e+03,5.015975920337053300e-15
9.063492063492063608e+03,5.014154306563939278e-15
9.065079365079363924e+03,5.012333308666935644e-15
9.066666666666666060e+03,5.010512926615736729e-15
9.068253968253968196e+03,5.008693160379709486e-15
9.069841269841268513e+03,5.006874009927853260e-15
9.071428571428572468e+03,5.005055475228847905e-15
9.073015873015872785e+03,5.003237556251013558e-15
9.074603174603173102e+03,5.001420252962337452e-15
9.076190476190477057e+03,4.999603565330451838e-15
9.077777777777777374e+03,4.997787493322667107e-15
9.079365079365079509e+03,4.995972036905939454e-15
9.080952380952381645e+03,4.994157196046881919e-15
9.082539682539681962e+03,4.992342970711785686e-15
9.084126984126984098e+03,4.990529360866587742e-15
9.085714285714286234e+03,4.988716366476892962e-15
9.087301587301586551e+03,4.986903987507967012e-15
9.088888888888888687e+03,4.985092223924742658e-15
9.090476190476190823e+03,4.983281075691810301e-15
9.092063492063491140e+03,4.981470542773436118e-15
9.093650793650793275e+03,4.979660625133537613e-15
9.095238095238095411e+03,4.977851322735704911e-15
9.096825396825395728e+03,4.976042635543199970e-15
9.098412698412697864e+03,4.974234563518944749e-15
9.100000000000000000e+03,4.972427106625530677e-15
9.101587301587300317e+03,4.970620264825220224e-15
9.103174603174602453e+03,4.968814038079942175e-15
9.104761904761904589e+03,4.967008426351293203e-15
9.106349206349204906e+03,4.965203429600551282e-15
9.107936507936508860e+03,4.963399047788648864e-15
9.109523809523809177e+03,4.961595280876202858e-15
9.111111111111109494e+03,4.959792128823502005e-15
9.112698412698413449e+03,4.957989591590495049e-15
9.114285714285713766e+03,4.956187669136821498e-15
9.115873015873015902e+03,4.954386361421784020e-15
9.117460317460318038e+03,4.952585668404366579e-15
9.119047619047618355e+03,4.950785590043224188e-15
9.120634920634920491e+03,4.948986126296686846e-15
9.122222222222222626e+03,4.947187277122765065e-15
9.123809523809522943e+03,4.945389042479148291e-15
9.125396825396825079e+03,4.943591422323197803e-15
9.126984126984127215e+03,4.941794416611954602e-15
9.128571428571427532e+03,4.939998025302144934e-15
9.130158730158729668e+03,4.938202248350170825e-15
9.131746031746031804e+03,4.936407085712111654e-15
9.133333333333332121e+03,4.934612537343739145e-15
9.134920634920634257e+03,4.932818603200488181e-15
9.136507936507936392e+03,4.931025283237491507e-15
9.138095238095236709e+03,4.929232577409567115e-15
9.139682539682540664e+03,4.927440485671189843e-15
9.141269841269840981e+03,4.925649007976564737e-15
9.142857142857141298e+03,4.923858144279531602e-15
9.144444444444445253e+03,4.922067894533650984e-15
9.146031746031745570e+03,4.920278258692155266e-15
9.147619047619047706e+03,4.918489236707964438e-15
9.149206349206349842e+03,4.916700828533687684e-15
9.150793650793650158e+03,4.914913034121624949e-15
9.152380952380952294e+03,4.913125853423755905e-15
9.153968253968254430e+03,4.911339286391754143e-15
9.155555555555554747e+03,4.909553332976995066e-15
9.157142857142856883e+03,4.907767993130513288e-15
9.158730158730159019e+03,4.905983266803068113e-15
9.160317460317459336e+03,4.904199153945093831e-15
9.161904761904761472e+03,4.902415654506713924e-15
9.163492063492063608e+03,4.900632768437750526e-15
9.165079365079363924e+03,4.898850495687719694e-15
9.166666666666666060e+03,4.897068836205828255e-15
9.168253968253968196e+03,4.895287789940980896e-15
9.169841269841268513e+03,4.893507356841775442e-15
9.171428571428572468e+03,4.891727536856499695e-15
9.173015873015872785e+03,4.889948329933157464e-15
9.174603174603173102e+03,4.888169736019416507e-15
9.176190476190477057e+03,4.886391755062675578e-15
9.177777777777777374e+03,4.884614387010009211e-15
9.179365079365077690e+03,4.882837631808205581e-15
9.180952380952381645e+03,4.881061489403734166e-15
9.182539682539681962e+03,4.879285959742786763e-15
9.184126984126984098e+03,4.877511042771233315e-15
9.185714285714286234e+03,4.875736738434661351e-15
9.187301587301586551e+03,4.873963046678353902e-15
9.188888888888888687e+03,4.872189967447293442e-15
9.190476190476190823e+03,4.870417500686172932e-15
9.192063492063491140e+03,4.868645646339380045e-15
9.193650793650793275e+03,4.866874404351010576e-15
9.195238095238095411e+03,4.865103774664864496e-15
9.196825396825395728e+03,4.863333757224449109e-15
9.198412698412697864e+03,4.861564351972971162e-15
9.200000000000000000e+03,4.859795558853351837e-15
9.201587301587300317e+03,4.858027377808215702e-15
9.203174603174602453e+03,4.856259808779889924e-15
9.204761904761904589e+03,4.854492851710415316e-15
9.206349206349204906e+03,4.852726506541546333e-15
9.207936507936508860e+03,4.850960773214732140e-15
9.209523809523809177e+03,4.849195651671145013e-15
9.211111111111109494e+03,4.847431141851665350e-15
9.212698412698413449e+03,4.845667243696873780e-15
9.214285714285713766e+03,4.843903957147076410e-15
9.215873015873015902e+03,4.842141282142281156e-15
9.217460317460318038e+03,4.840379218622214314e-15
9.219047619047618355e+03,4.838617766526318974e-15
9.220634920634920491e+03,4.836856925793736885e-15
9.222222222222222626e+03,4.835096696363343949e-15
9.223809523809522943e+03,4.833337078173716300e-15
9.225396825396825079e+03,4.831578071163152393e-15
9.226984126984127215e+03,4.829819675269664327e-15
9.228571428571427532e+03,4.828061890430981790e-15
9.230158730158729668e+03,4.826304716584555999e-15
9.231746031746031804e+03,4.824548153667536829e-15
9.233333333333332121e+03,4.822792201616825663e-15
9.234920634920634257e+03,4.821036860369011495e-15
9.236507936507936392e+03,4.819282129860420627e-15
9.238095238095236709e+03,4.817528010027098528e-15
9.239682539682540664e+03,4.815774500804791689e-15
9.241269841269840981e+03,4.814021602128998110e-15
9.242857142857141298e+03,4.812269313934918387e-15
9.244444444444445253e+03,4.810517636157476231e-15
9.246031746031745570e+03,4.808766568731325559e-15
9.247619047619047706e+03,4.807016111590838666e-15
9.249206349206349842e+03,4.805266264670107012e-15
9.250793650793650158e+03,4.803517027902964100e-15
9.252380952380952294e+03,4.801768401222942088e-15
9.253968253968254430e+03,4.800020384563326220e-15
9.255555555555554747e+03,4.798272977857106706e-15
9.257142857142856883e+03,4.796526181037009489e-15
9.258730158730159019e+03,4.794779994035491508e-15
9.260317460317459336e+03,4.793034416784731237e-15
9.261904761904761472e+03,4.791289449216634991e-15
9.263492063492063608e+03,4.789545091262840873e-15
9.265079365079363924e+03,4.787801342854720350e-15
9.266666666666666060e+03,4.786058203923363268e-15
9.268253968253968196e+03,4.784315674399603879e-15
9.269841269841268513e+03,4.782573754213996392e-15
9.271428571428572468e+03,4.780832443296833901e-15
9.273015873015872785e+03,4.779091741578137345e-15
9.274603174603173102e+03,4.777351648987661815e-15
9.276190476190477057e+03,4.775612165454898135e-15
9.277777777777777374e+03,4.773873290909063393e-15
9.279365079365077690e+03,4.772135025279125399e-15
9.280952380952381645e+03,4.770397368493756926e-15
9.282539682539681962e+03,4.768660320481405925e-15
9.284126984126984098e+03,4.766923881170224521e-15
9.285714285714286234e+03,4.765188050488114772e-15
9.287301587301586551e+03,4.763452828362708945e-15
9.288888888888888687e+03,4.761718214721390817e-15
9.290476190476190823e+03,4.759984209491262539e-15
9.292063492063491140e+03,4.758250812599183296e-15
9.293650793650793275e+03,4.756518023971736169e-15
9.295238095238095411e+03,4.754785843535255750e-15
9.296825396825395728e+03,4.753054271215809994e-15
9.298412698412697864e+03,4.751323306939214422e-15
9.300000000000000000e+03,4.749592950631013975e-15
9.301587301587300317e+03,4.747863202216512991e-15
9.303174603174602453e+03,4.746134061620738919e-15
9.304761904761904589e+03,4.744405528768474661e-15
9.306349206349204906e+03,4.742677603584243583e-15
9.307936507936508860e+03,4.740950285992311883e-15
9.309523809523809177e+03,4.739223575916694900e-15
9.311111111111109494e+03,4.737497473281141339e-15
9.312698412698413449e+03,4.735771978009156147e-15
9.314285714285713766e+03,4.734047090023992625e-15
9.315873015873015902e+03,4.732322809248640594e-15
9.317460317460318038e+03,4.730599135605839015e-15
9.319047619047618355e+03,4.728876069018086249e-15
9.320634920634920491e+03,4.727153609407612445e-15
9.322222222222222626e+03,4.725431756696404781e-15
9.323809523809522943e+03,4.723710510806201943e-15
9.325396825396825079e+03,4.721989871658489396e-15
9.326984126984127215e+03,4.720269839174491488e-15
9.328571428571427532e+03,4.718550413275214056e-15
9.330158730158729668e+03,4.716831593881373423e-15
9.331746031746031804e+03,4.715113380913475287e-15
9.333333333333332121e+03,4.713395774291751610e-15
9.334920634920634257e+03,4.711678773936198487e-15
9.336507936507936392e+03,4.709962379766565886e-15
9.338095238095236709e+03,4.708246591702353707e-15
9.339682539682540664e+03,4.706531409662816515e-15
9.341269841269840981e+03,4.704816833566965116e-15
9.342857142857141298e+03,4.703102863333572081e-15
9.344444444444445253e+03,4.701389498881144133e-15
9.346031746031745570e+03,4.699676740127974215e-15
9.347619047619047706e+03,4.697964586992090213e-15
9.349206349206349842e+03,4.696253039391284144e-15
9.350793650793650158e+03,4.694542097243114520e-15
9.352380952380952294e+03,4.692831760464878742e-15
9.353968253968254430e+03,4.691122028973650174e-15
9.355555555555554747e+03,4.689412902686256055e-15
9.357142857142856883e+03,4.687704381519280656e-15
9.358730158730159019e+03,4.685996465389072376e-15
9.360317460317459336e+03,4.684289154211748482e-15
9.361904761904761472e+03,4.682582447903159601e-15
9.363492063492063608e+03,4.680876346378954416e-15
9.365079365079363924e+03,4.679170849554515761e-15
9.366666666666666060e+03,4.677465957345009535e-15
9.368253968253968196e+03,4.675761669665348411e-15
9.369841269841268513e+03,4.674057986430223394e-15
9.371428571428570649e+03,4.672354907554077784e-15
9.373015873015872785e+03,4.670652432951126904e-15
9.374603174603173102e+03,4.668950562535350204e-15
9.376190476190477057e+03,4.667249296220491267e-15
9.377777777777777374e+03,4.665548633920061749e-15
9.379365079365077690e+03,4.663848575547344537e-15
9.380952380952381645e+03,4.662149121015375606e-15
9.382539682539681962e+03,4.660450270236977937e-15
9.384126984126984098e+03,4.658752023124725231e-15
9.385714285714286234e+03,4.657054379590968731e-15
9.387301587301586551e+03,4.655357339547837220e-15
9.388888888888888687e+03,4.653660902907207836e-15
9.390476190476190823e+03,4.651965069580748667e-15
9.392063492063491140e+03,4.650269839479887989e-15
9.393650793650793275e+03,4.648575212515827675e-15
9.395238095238095411e+03,4.646881188599541615e-15
9.396825396825395728e+03,4.645187767641774931e-15
9.398412698412697864e+03,4.643494949553047919e-15
9.400000000000000000e+03,4.641802734243652896e-15
9.401587301587300317e+03,4.640111121623652618e-15
9.403174603174602453e+03,4.638420111602890539e-15
9.404761904761904589e+03,4.636729704090975822e-15
9.406349206349204906e+03,4.635039898997303056e-15
9.407936507936508860e+03,4.633350696231030178e-15
9.409523809523809177e+03,4.631662095701109227e-15
9.411111111111109494e+03,4.629974097316249275e-15
9.412698412698413449e+03,4.628286700984944823e-15
9.414285714285713766e+03,4.626599906615477382e-15
9.415873015873015902e+03,4.624913714115888646e-15
9.417460317460318038e+03,4.623228123394010473e-15
9.419047619047618355e+03,4.621543134357445953e-15
9.420634920634920491e+03,4.619858746913593070e-15
9.422222222222222626e+03,4.618174960969605262e-15
9.423809523809522943e+03,4.616491776432442697e-15
9.425396825396825079e+03,4.614809193208827306e-15
9.426984126984127215e+03,4.613127211205264083e-15
9.428571428571427532e+03,4.611445830328053707e-15
9.430158730158729668e+03,4.609765050483261777e-15
9.431746031746031804e+03,4.608084871576748788e-15
9.433333333333332121e+03,4.606405293514155144e-15
9.434920634920634257e+03,4.604726316200900365e-15
9.436507936507936392e+03,4.603047939542190982e-15
9.438095238095236709e+03,4.601370163443030786e-15
9.439682539682540664e+03,4.599692987808175867e-15
9.441269841269840981e+03,4.598016412542206398e-15
9.442857142857141298e+03,4.596340437549460374e-15
9.444444444444445253e+03,4.594665062734073050e-15
9.446031746031745570e+03,4.592990287999976946e-15
9.447619047619047706e+03,4.591316113250867133e-15
9.449206349206349842e+03,4.589642538390247778e-15
9.450793650793650158e+03,4.587969563321402169e-15
9.452380952380952294e+03,4.586297187947405332e-15
9.453968253968254430e+03,4.584625412171116936e-15
9.455555555555554747e+03,4.582954235895197066e-15
9.457142857142856883e+03,4.581283659022079406e-15
9.458730158730159019e+03,4.579613681453999636e-15
9.460317460317459336e+03,4.577944303092989118e-15
9.461904761904761472e+03,4.576275523840852816e-15
9.463492063492063608e+03,4.574607343599205573e-15
9.465079365079363924e+03,4.572939762269447666e-15
9.466666666666666060e+03,4.571272779752766377e-15
9.468253968253968196e+03,4.569606395950154141e-15
9.469841269841268513e+03,4.567940610762389611e-15
9.471428571428570649e+03,4.566275424090045548e-15
9.473015873015872785e+03,4.564610835833491185e-15
9.474603174603173102e+03,4.562946845892888287e-15
9.476190476190477057e+03,4.561283454168201401e-15
9.477777777777777374e+03,4.559620660559181296e-15
9.479365079365077690e+03,4.557958464965385468e-15
9.480952380952381645e+03,4.556296867286152109e-15
9.482539682539681962e+03,4.554635867420640342e-15
9.484126984126984098e+03,4.552975465267783674e-15
9.485714285714286234e+03,4.551315660726328651e-15
9.487301587301586551e+03,4.549656453694819085e-15
9.488888888888888687e+03,4.547997844071589738e-15
9.490476190476190823e+03,4.546339831754779733e-15
9.492063492063491140e+03,4.544682416642335713e-15
9.493650793650793275e+03,4.543025598631988173e-15
9.495238095238095411e+03,4.541369377621286169e-15
9.496825396825395728e+03,4.539713753507563399e-15
9.498412698412697864e+03,4.538058726187973700e-15
9.500000000000000000e+03,4.536404295559452394e-15
9.501587301587300317e+03,4.534750461518756522e-15
9.503174603174602453e+03,4.533097223962433287e-15
9.504761904761904589e+03,4.531444582786837410e-15
9.506349206349204906e+03,4.529792537888135863e-15
9.507936507936508860e+03,4.528141089162277894e-15
9.509523809523809177e+03,4.526490236505048664e-15
9.511111111111109494e+03,4.524839979812006147e-15
9.512698412698413449e+03,4.523190318978540286e-15
9.514285714285713766e+03,4.521541253899830399e-15
9.515873015873015902e+03,4.519892784470873579e-15
9.517460317460318038e+03,4.518244910586464968e-15
9.519047619047618355e+03,4.516597632141215115e-15
9.520634920634920491e+03,4.514950949029532623e-15
9.522222222222222626e+03,4.513304861145639921e-15
9.523809523809522943e+03,4.511659368383578001e-15
9.525396825396825079e+03,4.510014470637175651e-15
9.526984126984127215e+03,4.508370167800088112e-15
9.528571428571427532e+03,4.506726459765773406e-15
9.530158730158729668e+03,4.505083346427503386e-15
9.531746031746031804e+03,4.503440827678357424e-15
9.533333333333332121e+03,4.501798903411228718e-15
9.534920634920634257e+03,4.500157573518820352e-15
9.536507936507936392e+03,4.498516837893648450e-15
9.538095238095236709e+03,4.496876696428044544e-15
9.539682539682540664e+03,4.495237149014144525e-15
9.541269841269840981e+03,4.493598195543912316e-15
9.542857142857141298e+03,4.491959835909109888e-15
9.544444444444445253e+03,4.490322070001319355e-15
9.546031746031745570e+03,4.488684897711942969e-15
9.547619047619047706e+03,4.487048318932185768e-15
9.549206349206349842e+03,4.485412333553082393e-15
9.550793650793650158e+03,4.483776941465482107e-15
9.552380952380952294e+03,4.482142142560033010e-15
9.553968253968254430e+03,4.480507936727217543e-15
9.555555555555554747e+03,4.478874323857330398e-15
9.557142857142856883e+03,4.477241303840484039e-15
9.558730158730159019e+03,4.475608876566603183e-15
9.560317460317459336e+03,4.473977041925445306e-15
9.561904761904761472e+03,4.472345799806567515e-15
9.563492063492063608e+03,4.470715150099361257e-15
9.565079365079363924e+03,4.469085092693029439e-15
9.566666666666666060e+03,4.467455627476596687e-15
9.568253968253968196e+03,4.465826754338920388e-15
9.569841269841268513e+03,4.464198473168652036e-15
9.571428571428570649e+03,4.462570783854286931e-15
9.573015873015872785e+03,4.460943686284135780e-15
9.574603174603173102e+03,4.459317180346330218e-15
9.576190476190477057e+03,4.457691265928821231e-15
9.577777777777777374e+03,4.456065942919390987e-15
9.579365079365077690e+03,4.454441211205640220e-15
9.580952380952381645e+03,4.452817070674986645e-15
9.582539682539681962e+03,4.451193521214685471e-15
9.584126984126984098e+03,4.449570562711807318e-15
9.585714285714286234e+03,4.447948195053251618e-15
9.587301587301586551e+03,4.446326418125744257e-15
9.588888888888888687e+03,4.444705231815823371e-15
9.590476190476190823e+03,4.443084636009874056e-15
9.592063492063491140e+03,4.441464630594096027e-15
9.593650793650793275e+03,4.439845215454516240e-15
9.595238095238095411e+03,4.438226390476990463e-15
9.596825396825395728e+03,4.436608155547203288e-15
9.598412698412697864e+03,4.434990510550668907e-15
9.600000000000000000e+03,4.433373455372720866e-15
9.601587301587300317e+03,4.431756989898533361e-15
9.603174603174602453e+03,4.430141114013104672e-15
9.604761904761904589e+03,4.428525827601264261e-15
9.606349206349204906e+03,4.426911130547669620e-15
9.607936507936508860e+03,4.425297022736800747e-15
9.609523809523809177e+03,4.423683504052990912e-15
9.611111111111109494e+03,4.422070574380388791e-15
9.612698412698413449e+03,4.420458233602966356e-15
9.614285714285713766e+03,4.418846481604551216e-15
9.615873015873015902e+03,4.417235318268784811e-15
9.617460317460318038e+03,4.415624743479143707e-15
9.619047619047618355e+03,4.414014757118950643e-15
9.620634920634920491e+03,4.412405359071344553e-15
9.622222222222222626e+03,4.410796549219312122e-15
9.623809523809522943e+03,4.409188327445666485e-15
9.625396825396825079e+03,4.407580693633052748e-15
9.626984126984127215e+03,4.405973647663965348e-15
9.628571428571427532e+03,4.404367189420725169e-15
9.630158730158729668e+03,4.402761318785481125e-15
9.631746031746031804e+03,4.401156035640233825e-15
9.633333333333332121e+03,4.399551339866808749e-15
9.634920634920634257e+03,4.397947231346876762e-15
9.636507936507936392e+03,4.396343709961940701e-15
9.638095238095236709e+03,4.394740775593348785e-15
9.639682539682540664e+03,4.393138428122272530e-15
9.641269841269840981e+03,4.391536667429742245e-15
9.642857142857141298e+03,4.389935493396606801e-15
9.644444444444445253e+03,4.388334905903566764e-15
9.646031746031745570e+03,4.386734904831169660e-15
9.647619047619047706e+03,4.385135490059779999e-15
9.649206349206349842e+03,4.383536661469626608e-15
9.650793650793650158e+03,4.381938418940764764e-15
9.652380952380952294e+03,4.380340762353095127e-15
9.653968253968254430e+03,4.378743691586362952e-15
9.655555555555554747e+03,4.377147206520152566e-15
9.657142857142856883e+03,4.375551307033888947e-15
9.658730158730159019e+03,4.373955993006849554e-15
9.660317460317459336e+03,4.372361264318135932e-15
9.661904761904761472e+03,4.370767120846715519e-15
9.663492063492063608e+03,4.369173562471382992e-15
9.665079365079363924e+03,4.367580589070789456e-15
9.666666666666666060e+03,4.365988200523414832e-15
9.668253968253968196e+03,4.364396396707603359e-15
9.669841269841268513e+03,4.362805177501535980e-15
9.671428571428570649e+03,4.361214542783231133e-15
9.673015873015872785e+03,4.359624492430569205e-15
9.674603174603173102e+03,4.358035026321267291e-15
9.676190476190477057e+03,4.356446144332886289e-15
9.677777777777777374e+03,4.354857846342845103e-15
9.679365079365077690e+03,4.353270132228406442e-15
9.680952380952381645e+03,4.351683001866668933e-15
9.682539682539681962e+03,4.350096455134607351e-15
9.684126984126984098e+03,4.348510491909011090e-15
9.685714285714286234e+03,4.346925112066544901e-15
9.687301587301586551e+03,4.345340315483711032e-15
9.688888888888888687e+03,4.343756102036861849e-15
9.690476190476190823e+03,4.342172471602206141e-15
9.692063492063491140e+03,4.340589424055800450e-15
9.693650793650793275e+03,4.339006959273546700e-15
9.695238095238095411e+03,4.337425077131205610e-15
9.696825396825395728e+03,4.335843777504386437e-15
9.698412698412697864e+03,4.334263060268546976e-15
9.700000000000000000e+03,4.332682925299013284e-15
9.701587301587300317e+03,4.331103372470940233e-15
9.703174603174602453e+03,4.329524401659350169e-15
9.704761904761904589e+03,4.327946012739114762e-15
9.706349206349204906e+03,4.326368205584973157e-15
9.707936507936508860e+03,4.324790980071487792e-15
9.709523809523809177e+03,4.323214336073111455e-15
9.711111111111109494e+03,4.321638273464130482e-15
9.712698412698413449e+03,4.320062792118685271e-15
9.714285714285713766e+03,4.318487891910781325e-15
9.715873015873015902e+03,4.316913572714278208e-15
9.717460317460318038e+03,4.315339834402890333e-15
9.719047619047618355e+03,4.313766676850189329e-15
9.720634920634920491e+03,4.312194099929595364e-15
9.722222222222222626e+03,4.310622103514400811e-15
9.723809523809522943e+03,4.309050687477751315e-15
9.725396825396825079e+03,4.307479851692642635e-15
9.726984126984127215e+03,4.305909596031934060e-15
9.728571428571427532e+03,4.304339920368349982e-15
9.730158730158729668e+03,4.302770824574463334e-15
9.731746031746031804e+03,4.301202308522710573e-15
9.733333333333332121e+03,4.299634372085394840e-15
9.734920634920634257e+03,4.298067015134670182e-15
9.736507936507936392e+03,4.296500237542549439e-15
9.738095238095236709e+03,4.294934039180918445e-15
9.739682539682540664e+03,4.293368419921509204e-15
9.741269841269840981e+03,4.291803379635935394e-15
9.742857142857141298e+03,4.290238918195652130e-15
9.744444444444445253e+03,4.288675035471985943e-15
9.746031746031745570e+03,4.287111731336127680e-15
9.747619047619047706e+03,4.285549005659126983e-15
9.749206349206349842e+03,4.283986858311897808e-15
9.750793650793650158e+03,4.282425289165225528e-15
9.752380952380952294e+03,4.280864298089743265e-15
9.753968253968254430e+03,4.279303884955965812e-15
9.755555555555554747e+03,4.277744049634258080e-15
9.757142857142856883e+03,4.276184791994858760e-15
9.758730158730159019e+03,4.274626111907875594e-15
9.760317460317459336e+03,4.273068009243268015e-15
9.761904761904761472e+03,4.271510483870873188e-15
9.763492063492063608e+03,4.269953535660393377e-15
9.765079365079363924e+03,4.268397164481392798e-15
9.766666666666666060e+03,4.266841370203307085e-15
9.768253968253968196e+03,4.265286152695433027e-15
9.769841269841268513e+03,4.263731511826949089e-15
9.771428571428570649e+03,4.262177447466887005e-15
9.773015873015872785e+03,4.260623959484150714e-15
9.774603174603173102e+03,4.259071047747517150e-15
9.776190476190477057e+03,4.257518712125625983e-15
9.777777777777777374e+03,4.255966952487000132e-15
9.779365079365077690e+03,4.254415768700011056e-15
9.780952380952381645e+03,4.252865160632915040e-15
9.782539682539681962e+03,4.251315128153840571e-15
9.784126984126984098e+03,4.249765671130774935e-15
9.785714285714286234e+03,4.248216789431587872e-15
9.787301587301586551e+03,4.246668482924015019e-15
9.788888888888888687e+03,4.245120751475662640e-15
9.790476190476190823e+03,4.243573594954012358e-15
9.792063492063491140e+03,4.242027013226414056e-15
9.793650793650793275e+03,4.240481006160096921e-15
9.795238095238095411e+03,4.238935573622161557e-15
9.796825396825395728e+03,4.237390715479574461e-15
9.798412698412697864e+03,4.235846431599183800e-15
9.800000000000000000e+03,4.234302721847710737e-15
9.801587301587300317e+03,4.232759586091747058e-15
9.803174603174602453e+03,4.231217024197762278e-15
9.804761904761904589e+03,4.229675036032101273e-15
9.806349206349204906e+03,4.228133621460984276e-15
9.807936507936508860e+03,4.226592780350502149e-15
9.809523809523809177e+03,4.225052512566628213e-15
9.811111111111109494e+03,4.223512817975212726e-15
9.812698412698413449e+03,4.221973696441971842e-15
9.814285714285713766e+03,4.220435147832516004e-15
9.815873015873015902e+03,4.218897172012314453e-15
9.817460317460318038e+03,4.217359768846729930e-15
9.819047619047618355e+03,4.215822938200991862e-15
9.820634920634920491e+03,4.214286679940213710e-15
9.822222222222222626e+03,4.212750993929386664e-15
9.823809523809522943e+03,4.211215880033378851e-15
9.825396825396825079e+03,4.209681338116942435e-15
9.826984126984127215e+03,4.208147368044695474e-15
9.828571428571427532e+03,4.206613969681159786e-15
9.830158730158729668e+03,4.205081142890715981e-15
9.831746031746031804e+03,4.203548887537631074e-15
9.833333333333332121e+03,4.202017203486060061e-15
9.834920634920634257e+03,4.200486090600026201e-15
9.836507936507936392e+03,4.198955548743450986e-15
9.838095238095236709e+03,4.197425577780122593e-15
9.839682539682540664e+03,4.195896177573711657e-15
9.841269841269840981e+03,4.194367347987789420e-15
9.842857142857141298e+03,4.192839088885788280e-15
9.844444444444445253e+03,4.191311400131027830e-15
9.846031746031745570e+03,4.189784281586726690e-15
9.847619047619047706e+03,4.188257733115967794e-15
9.849206349206349842e+03,4.186731754581729948e-15
9.850793650793650158e+03,4.185206345846868893e-15
9.852380952380952294e+03,4.183681506774129144e-15
9.853968253968254430e+03,4.182157237226136095e-15
9.855555555555554747e+03,4.180633537065414169e-15
9.857142857142856883e+03,4.179110406154346579e-15
9.858730158730159019e+03,4.177587844355231344e-15
9.860317460317459336e+03,4.176065851530237110e-15
9.861904761904761472e+03,4.174544427541412613e-15
9.863492063492063608e+03,4.173023572250709563e-15
9.865079365079363924e+03,4.171503285519959760e-15
9.866666666666666060e+03,4.169983567210882199e-15
9.868253968253968196e+03,4.168464417185073601e-15
9.869841269841268513e+03,4.166945835304037600e-15
9.871428571428570649e+03,4.165427821429151614e-15
9.873015873015872785e+03,4.163910375421691298e-15
9.874603174603173102e+03,4.162393497142813188e-15
9.876190476190477057e+03,4.160877186453560224e-15
9.877777777777777374e+03,4.159361443214886205e-15
9.879365079365077690e+03,4.157846267287600570e-15
9.880952380952381645e+03,4.156331658532433080e-15
9.882539682539681962e+03,4.154817616809989647e-15
9.884126984126984098e+03,4.153304141980768109e-15
9.885714285714286234e+03,4.151791233905159806e-15
9.887301587301586551e+03,4.150278892443444063e-15
9.888888888888888687e+03,4.148767117455796072e-15
9.890476190476190823e+03,4.147255908802279008e-15
9.892063492063491140e+03,4.145745266342850340e-15
9.893650793650793275e+03,4.144235189937357883e-15
9.895238095238095411e+03,4.142725679445544535e-15
9.896825396825395728e+03,4.141216734727047487e-15
9.898412698412697864e+03,4.139708355641392699e-15
9.900000000000000000e+03,4.138200542048002002e-15
9.901587301587300317e+03,4.136693293806193888e-15
9.903174603174602453e+03,4.135186610775173249e-15
9.904761904761904589e+03,4.133680492814047952e-15
9.906349206349204906e+03,4.132174939781820153e-15
9.907936507936508860e+03,4.130669951537377625e-15
9.909523809523809177e+03,4.129165527939519788e-15
9.911111111111109494e+03,4.127661668846927732e-15
9.912698412698413449e+03,4.126158374118175264e-15
9.914285714285713766e+03,4.124655643611756513e-15
9.915873015873015902e+03,4.123153477186030717e-15
9.917460317460318038e+03,4.121651874699276646e-15
9.919047619047618355e+03,4.120150836009665787e-15
9.920634920634920491e+03,4.118650360975256820e-15
9.922222222222222626e+03,4.117150449454017706e-15
9.923809523809522943e+03,4.115651101303805175e-15
9.925396825396825079e+03,4.114152316382389973e-15
9.926984126984127215e+03,4.112654094547416628e-15
9.928571428571427532e+03,4.111156435656454726e-15
9.930158730158729668e+03,4.109659339566953156e-15
9.931746031746031804e+03,4.108162806136269301e-15
9.933333333333332121e+03,4.106666835221664302e-15
9.934920634920634257e+03,4.105171426680286494e-15
9.936507936507936392e+03,4.103676580369195857e-15
9.938095238095236709e+03,4.102182296145350611e-15
9.939682539682540664e+03,4.100688573865600901e-15
9.941269841269840981e+03,4.099195413386713251e-15
9.942857142857141298e+03,4.097702814565347691e-15
9.944444444444445253e+03,4.096210777258060909e-15
9.946031746031745570e+03,4.094719301321320453e-15
9.947619047619047706e+03,4.093228386611491317e-15
9.949206349206349842e+03,4.091738032984841468e-15
9.950793650793650158e+03,4.090248240297543418e-15
9.952380952380952294e+03,4.088759008405673439e-15
9.953968253968254430e+03,4.087270337165204463e-15
9.955555555555554747e+03,4.085782226432027380e-15
9.957142857142856883e+03,4.084294676061916328e-15
9.958730158730159019e+03,4.082807685910568137e-15
9.960317460317459336e+03,4.081321255833578663e-15
9.961904761904761472e+03,4.079835385686443577e-15
9.963492063492063608e+03,4.078350075324567040e-15
9.965079365079363924e+03,4.076865324603262498e-15
9.966666666666666060e+03,4.075381133377741629e-15
9.968253968253968196e+03,4.073897501503128553e-15
9.969841269841268513e+03,4.072414428834447988e-15
9.971428571428570649e+03,4.070931915226635514e-15
9.973015873015872785e+03,4.069449960534530470e-15
9.974603174603173102e+03,4.067968564612882264e-15
9.976190476190477057e+03,4.066487727316341695e-15
9.977777777777777374e+03,4.065007448499479102e-15
9.979365079365077690e+03,4.063527728016759901e-15
9.980952380952381645e+03,4.062048565722558004e-15
9.982539682539681962e+03,4.060569961471167645e-15
9.984126984126984098e+03,4.059091915116775775e-15
9.985714285714286234e+03,4.057614426513500714e-15
9.987301587301586551e+03,4.056137495515343240e-15
9.988888888888888687e+03,4.054661121976229979e-15
9.990476190476190823e+03,4.053185305749992106e-15
9.992063492063491140e+03,4.051710046690377965e-15
9.993650793650793275e+03,4.050235344651031768e-15
9.995238095238095411e+03,4.048761199485521211e-15
9.996825396825395728e+03,4.047287611047327214e-15
9.998412698412697864e+03,4.045814579189824988e-15
1.000000000000000000e+04,4.044342103766311649e-15
