wavelength_angstrom,flux_erg_s_cm2_angstrom
3.500000000000000000e+03,9.303979733518225191e-15
3.501587301587301681e+03,9.307719965631968811e-15
3.503174603174603362e+03,9.311448934451415542e-15
3.504761904761904589e+03,9.315166647168739628e-15
3.506349206349206270e+03,9.318873111007862235e-15
3.507936507936507951e+03,9.322568333224328383e-15
3.509523809523809632e+03,9.326252321105081333e-15
3.511111111111111313e+03,9.329925081968401058e-15
3.512698412698412540e+03,9.333586623163702294e-15
3.514285714285714221e+03,9.337236952071384653e-15
3.515873015873015902e+03,9.340876076102693789e-15
3.517460317460317583e+03,9.344504002699585709e-15
3.519047619047619264e+03,9.348120739334537449e-15
3.520634920634920491e+03,9.351726293510444522e-15
3.522222222222222172e+03,9.355320672760464723e-15
3.523809523809523853e+03,9.358903884647809868e-15
3.525396825396825534e+03,9.362475936765685845e-15
3.526984126984126760e+03,9.366036836737095394e-15
3.528571428571428442e+03,9.369586592214683494e-15
3.530158730158730123e+03,9.373125210880619031e-15
3.531746031746031804e+03,9.376652700446462271e-15
3.533333333333333485e+03,9.380169068652959757e-15
3.534920634920634711e+03,9.383674323269927554e-15
3.536507936507936392e+03,9.387168472096145545e-15
3.538095238095238074e+03,9.390651522959136550e-15
3.539682539682539755e+03,9.394123483715092171e-15
3.541269841269841436e+03,9.397584362248691355e-15
3.542857142857142662e+03,9.401034166472971021e-15
3.544444444444444343e+03,9.404472904329144622e-15
3.546031746031746025e+03,9.407900583786531147e-15
3.547619047619047706e+03,9.411317212842331085e-15
3.549206349206349387e+03,9.414722799521553849e-15
3.550793650793650613e+03,9.418117351876814253e-15
3.552380952380952294e+03,9.421500877988270974e-15
3.553968253968253975e+03,9.424873385963364659e-15
3.555555555555555657e+03,9.428234883936808451e-15
3.557142857142857338e+03,9.431585380070356069e-15
3.558730158730158564e+03,9.434924882552696099e-15
3.560317460317460245e+03,9.438253399599302107e-15
3.561904761904761926e+03,9.441570939452306428e-15
3.563492063492063608e+03,9.444877510380329768e-15
3.565079365079365289e+03,9.448173120678386539e-15
3.566666666666666515e+03,9.451457778667717625e-15
3.568253968253968196e+03,9.454731492695638917e-15
3.569841269841269877e+03,9.457994271135441918e-15
3.571428571428571558e+03,9.461246122386215460e-15
3.573015873015872785e+03,9.464487054872749466e-15
3.574603174603174466e+03,9.467717077045355083e-15
3.576190476190476147e+03,9.470936197379743204e-15
3.577777777777777828e+03,9.474144424376929801e-15
3.579365079365079509e+03,9.477341766563022935e-15
3.580952380952380736e+03,9.480528232489126511e-15
3.582539682539682417e+03,9.483703830731251932e-15
3.584126984126984098e+03,9.486868569890068813e-15
3.585714285714285779e+03,9.490022458590892360e-15
3.587301587301587460e+03,9.493165505483475114e-15
3.588888888888888687e+03,9.496297719241858644e-15
3.590476190476190368e+03,9.499419108564318324e-15
3.592063492063492049e+03,9.502529682173181899e-15
3.593650793650793730e+03,9.505629448814644887e-15
3.595238095238095411e+03,9.508718417258751652e-15
3.596825396825396638e+03,9.511796596299179250e-15
3.598412698412698319e+03,9.514863994753101750e-15
3.600000000000000000e+03,9.517920621461120811e-15
3.601587301587301681e+03,9.520966485287098446e-15
3.603174603174603362e+03,9.524001595117996091e-15
3.604761904761904589e+03,9.527025959863787835e-15
3.606349206349206270e+03,9.530039588457323152e-15
3.607936507936507951e+03,9.533042489854177025e-15
3.609523809523809632e+03,9.536034673032536342e-15
3.611111111111111313e+03,9.539016146993065797e-15
3.612698412698412540e+03,9.541986920758764312e-15
3.614285714285714221e+03,9.544947003374886154e-15
3.615873015873015902e+03,9.547896403908740562e-15
3.617460317460317583e+03,9.550835131449631795e-15
3.619047619047619264e+03,9.553763195108641406e-15
3.620634920634920491e+03,9.556680604018620356e-15
3.622222222222222172e+03,9.559587367333993371e-15
3.623809523809523853e+03,9.562483494230588551e-15
3.625396825396825534e+03,9.565368993905626329e-15
3.626984126984126760e+03,9.568243875577482807e-15
3.628571428571428442e+03,9.571108148485617185e-15
3.630158730158730123e+03,9.573961821890455007e-15
3.631746031746031804e+03,9.576804905073252478e-15
3.633333333333333485e+03,9.579637407335908718e-15
3.634920634920634711e+03,9.582459338000968911e-15
3.636507936507936392e+03,9.585270706411395540e-15
3.638095238095238074e+03,9.588071521930478458e-15
3.639682539682539755e+03,9.590861793941702353e-15
3.641269841269841436e+03,9.593641531848672603e-15
3.642857142857142662e+03,9.596410745074889657e-15
3.644444444444444343e+03,9.599169443063744302e-15
3.646031746031746025e+03,9.601917635278331494e-15
3.647619047619047706e+03,9.604655331201298893e-15
3.649206349206349387e+03,9.607382540334802692e-15
3.650793650793650613e+03,9.610099272200346684e-15
3.652380952380952294e+03,9.612805536338622918e-15
3.653968253968253975e+03,9.615501342309489605e-15
3.655555555555555657e+03,9.618186699691747084e-15
3.657142857142857338e+03,9.620861618083093647e-15
3.658730158730158564e+03,9.623526107099925166e-15
3.660317460317460245e+03,9.626180176377339828e-15
3.661904761904761926e+03,9.628823835568877811e-15
3.663492063492063608e+03,9.631457094346503928e-15
3.665079365079364834e+03,9.634079962400460897e-15
3.666666666666666515e+03,9.636692449439122618e-15
3.668253968253968196e+03,9.639294565188918437e-15
3.669841269841269877e+03,9.641886319394180112e-15
3.671428571428571558e+03,9.644467721817078700e-15
3.673015873015872785e+03,9.647038782237428920e-15
3.674603174603174466e+03,9.649599510452641823e-15
3.676190476190476147e+03,9.652149916277585954e-15
3.677777777777777828e+03,9.654690009544435886e-15
3.679365079365079509e+03,9.657219800102640668e-15
3.680952380952380736e+03,9.659739297818713991e-15
3.682539682539682417e+03,9.662248512576177383e-15
3.684126984126984098e+03,9.664747454275438731e-15
3.685714285714285779e+03,9.667236132833689727e-15
3.687301587301587460e+03,9.669714558184722852e-15
3.688888888888888687e+03,9.672182740278907707e-15
3.690476190476190368e+03,9.674640689083044291e-15
3.692063492063492049e+03,9.677088414580214692e-15
3.693650793650793730e+03,9.679525926769734177e-15
3.695238095238095411e+03,9.681953235666979219e-15
3.696825396825396638e+03,9.684370351303329128e-15
3.698412698412698319e+03,9.686777283726008269e-15
3.700000000000000000e+03,9.689174042998013496e-15
3.701587301587301681e+03,9.691560639197965840e-15
3.703174603174603362e+03,9.693937082420037936e-15
3.704761904761904589e+03,9.696303382773810451e-15
3.706349206349206270e+03,9.698659550384197929e-15
3.707936507936507951e+03,9.701005595391284711e-15
3.709523809523809632e+03,9.703341527950285489e-15
3.711111111111111313e+03,9.705667358231401735e-15
3.712698412698412540e+03,9.707983096419671815e-15
3.714285714285714221e+03,9.710288752714941017e-15
3.715873015873015902e+03,9.712584337331714819e-15
3.717460317460317583e+03,9.714869860499016895e-15
3.719047619047619264e+03,9.717145332460367026e-15
3.720634920634920491e+03,9.719410763473596509e-15
3.722222222222222172e+03,9.721666163810772424e-15
3.723809523809523853e+03,9.723911543758091929e-15
3.725396825396825534e+03,9.726146913615779704e-15
3.726984126984126760e+03,9.728372283697947539e-15
3.728571428571428442e+03,9.730587664332561197e-15
3.730158730158730123e+03,9.732793065861270025e-15
3.731746031746031804e+03,9.734988498639305974e-15
3.733333333333333485e+03,9.737173973035423651e-15
3.734920634920634711e+03,9.739349499431763053e-15
3.736507936507936392e+03,9.741515088223747018e-15
3.738095238095238074e+03,9.743670749819962895e-15
3.739682539682539755e+03,9.745816494642124679e-15
3.741269841269841436e+03,9.747952333124905769e-15
3.742857142857142662e+03,9.750078275715826956e-15
3.744444444444444343e+03,9.752194332875228020e-15
3.746031746031746025e+03,9.754300515076087868e-15
3.747619047619047706e+03,9.756396832803969319e-15
3.749206349206349387e+03,9.758483296556903927e-15
3.750793650793650613e+03,9.760559916845298895e-15
3.752380952380952294e+03,9.762626704191810859e-15
3.753968253968253975e+03,9.764683669131268577e-15
3.755555555555555657e+03,9.766730822210584581e-15
3.757142857142856883e+03,9.768768173988611599e-15
3.758730158730158564e+03,9.770795735036093650e-15
3.760317460317460245e+03,9.772813515935549291e-15
3.761904761904761926e+03,9.774821527281112266e-15
3.763492063492063608e+03,9.776819779678552018e-15
3.765079365079364834e+03,9.778808283745098561e-15
3.766666666666666515e+03,9.780787050109311529e-15
3.768253968253968196e+03,9.782756089411092799e-15
3.769841269841269877e+03,9.784715412301487695e-15
3.771428571428571558e+03,9.786665029442623462e-15
3.773015873015872785e+03,9.788604951507616176e-15
3.774603174603174466e+03,9.790535189180495015e-15
3.776190476190476147e+03,9.792455753156055528e-15
3.777777777777777828e+03,9.794366654139794957e-15
3.779365079365079509e+03,9.796267902847842804e-15
3.780952380952380736e+03,9.798159510006785718e-15
3.782539682539682417e+03,9.800041486353675372e-15
3.784126984126984098e+03,9.801913842635850186e-15
3.785714285714285779e+03,9.803776589610880109e-15
3.787301587301587460e+03,9.805629738046448283e-15
3.788888888888888687e+03,9.807473298720314761e-15
3.790476190476190368e+03,9.809307282420168199e-15
3.792063492063492049e+03,9.811131699943504373e-15
3.793650793650793730e+03,9.812946562097632486e-15
3.795238095238095411e+03,9.814751879699506357e-15
3.796825396825396638e+03,9.816547663575634486e-15
3.798412698412698319e+03,9.818333924562034306e-15
3.800000000000000000e+03,9.820110673504099646e-15
3.801587301587301681e+03,9.821877921256502920e-15
3.803174603174603362e+03,9.823635678683157258e-15
3.804761904761904589e+03,9.825383956657087134e-15
3.806349206349206270e+03,9.827122766060313191e-15
3.807936507936507951e+03,9.828852117783803332e-15
3.809523809523809632e+03,9.830572022727392257e-15
3.811111111111111313e+03,9.832282491799650512e-15
3.812698412698412540e+03,9.833983535917816647e-15
3.814285714285714221e+03,9.835675166007726217e-15
3.815873015873015902e+03,9.837357393003674522e-15
3.817460317460317583e+03,9.839030227848366119e-15
3.819047619047619264e+03,9.840693681492834359e-15
3.820634920634920491e+03,9.842347764896323056e-15
3.822222222222222172e+03,9.843992489026213916e-15
3.823809523809523853e+03,9.845627864857936599e-15
3.825396825396825534e+03,9.847253903374907199e-15
3.826984126984127215e+03,9.848870615568383081e-15
3.828571428571428442e+03,9.850478012437442383e-15
3.830158730158730123e+03,9.852076104988835699e-15
3.831746031746031804e+03,9.853664904236951378e-15
3.833333333333333485e+03,9.855244421203716122e-15
3.834920634920634711e+03,9.856814666918492436e-15
3.836507936507936392e+03,9.858375652418009209e-15
3.838095238095238074e+03,9.859927388746271783e-15
3.839682539682539755e+03,9.861469886954494109e-15
3.841269841269841436e+03,9.863003158100966222e-15
3.842857142857142662e+03,9.864527213251025841e-15
3.844444444444444343e+03,9.866042063476960548e-15
3.846031746031746025e+03,9.867547719857903660e-15
3.847619047619047706e+03,9.869044193479758500e-15
3.849206349206348932e+03,9.870531495435154217e-15
3.850793650793650613e+03,9.872009636823278551e-15
3.852380952380952294e+03,9.873478628749880986e-15
3.853968253968253975e+03,9.874938482327154423e-15
3.855555555555555657e+03,9.876389208673620004e-15
3.857142857142856883e+03,9.877830818914013518e-15
3.858730158730158564e+03,9.879263324179085029e-15
3.860317460317460245e+03,9.880686735604983566e-15
3.861904761904761926e+03,9.882101064331897124e-15
3.863492063492063608e+03,9.883506321499990035e-15
3.865079365079364834e+03,9.884902518238213759e-15
3.866666666666666515e+03,9.886289665633795327e-15
3.868253968253968196e+03,9.887667774651233945e-15
3.869841269841269877e+03,9.889036855922635967e-15
3.871428571428571558e+03,9.890396919220902535e-15
3.873015873015872785e+03,9.891747972172789790e-15
3.874603174603174466e+03,9.893090017205875173e-15
3.876190476190476147e+03,9.894423044515592664e-15
3.877777777777777828e+03,9.895747016340358756e-15
3.879365079365079509e+03,9.897061832848197683e-15
3.880952380952380736e+03,9.898367260365723461e-15
3.882539682539682417e+03,9.899662785011339787e-15
3.884126984126984098e+03,9.900947323527870155e-15
3.885714285714285779e+03,9.902218670224093736e-15
3.887301587301587460e+03,9.903472473786226587e-15
3.888888888888888687e+03,9.904700407988411124e-15
3.890476190476190368e+03,9.905887014940995046e-15
3.892063492063492049e+03,9.907004454608926389e-15
3.893650793650793730e+03,9.908004103167936144e-15
3.895238095238095411e+03,9.908803649428446351e-15
3.896825396825396638e+03,9.909268133382900355e-15
3.898412698412698319e+03,9.909183402464866110e-15
3.900000000000000000e+03,9.908220935754119208e-15
3.901587301587301681e+03,9.905894144241357759e-15
3.903174603174603362e+03,9.901508311253760842e-15
3.904761904761904589e+03,9.894109382581357463e-15
3.906349206349206270e+03,9.882440690611960800e-15
3.907936507936507951e+03,9.864920862352784762e-15
3.909523809523809632e+03,9.839659627747830808e-15
3.911111111111111313e+03,9.804529618637230222e-15
3.912698412698412540e+03,9.757309959202987785e-15
3.914285714285714221e+03,9.695910170938743077e-15
3.915873015873015902e+03,9.618670135840830803e-15
3.917460317460317583e+03,9.524714443780077983e-15
3.919047619047619264e+03,9.414319981770444778e-15
3.920634920634920491e+03,9.289238319979526455e-15
3.922222222222222172e+03,9.152904463932468531e-15
3.923809523809523853e+03,9.010465701610865648e-15
3.925396825396825534e+03,8.868581507121736029e-15
3.926984126984127215e+03,8.734977378862368969e-15
3.928571428571428442e+03,8.617777655771511301e-15
3.930158730158730123e+03,8.524686697910465121e-15
3.931746031746031804e+03,8.462124274894333219e-15
3.933333333333333485e+03,8.434440099700110412e-15
3.934920634920634711e+03,8.443328069459961829e-15
3.936507936507936392e+03,8.487532290282542828e-15
3.938095238095238074e+03,8.562889829346531906e-15
3.939682539682539755e+03,8.662699730881237484e-15
3.941269841269841436e+03,8.778356709428917481e-15
3.942857142857142662e+03,8.900152342648305107e-15
3.944444444444444343e+03,9.018133325075366058e-15
3.946031746031746025e+03,9.122915968697926975e-15
3.947619047619047706e+03,9.206383081098978456e-15
3.949206349206348932e+03,9.262223907368678862e-15
3.950793650793650613e+03,9.286309297109682421e-15
3.952380952380952294e+03,9.276914310314093962e-15
3.953968253968253975e+03,9.234805562957999510e-15
3.955555555555555657e+03,9.163202828989715070e-15
3.957142857142856883e+03,9.067610499250125139e-15
3.958730158730158564e+03,8.955503362919063682e-15
3.960317460317460245e+03,8.835850753090407618e-15
3.961904761904761926e+03,8.718477484010651754e-15
3.963492063492063608e+03,8.613287838796872318e-15
3.965079365079364834e+03,8.529413439894934042e-15
3.966666666666666515e+03,8.474376998209322040e-15
3.968253968253968196e+03,8.453381193672302028e-15
3.969841269841269877e+03,8.468827806189620782e-15
3.971428571428571558e+03,8.520144759770771584e-15
3.973015873015872785e+03,8.603952466343283455e-15
3.974603174603174466e+03,8.714545607525515684e-15
3.976190476190476147e+03,8.844614743488155861e-15
3.977777777777777828e+03,8.986095493663192999e-15
3.979365079365079509e+03,9.131019089180888628e-15
3.980952380952380736e+03,9.272248589555865200e-15
3.982539682539682417e+03,9.404015808273417849e-15
3.984126984126984098e+03,9.522216514323134643e-15
3.985714285714285779e+03,9.624465596897694031e-15
3.987301587301587460e+03,9.709950500058332958e-15
3.988888888888888687e+03,9.779144396973747914e-15
3.990476190476190368e+03,9.833448359163203146e-15
3.992063492063492049e+03,9.874825974864541048e-15
3.993650793650793730e+03,9.905478766714576169e-15
3.995238095238095411e+03,9.927591553781055854e-15
3.996825396825396638e+03,9.943158289929539681e-15
3.998412698412698319e+03,9.953884148019420318e-15
4.000000000000000000e+03,9.961150214783081906e-15
4.001587301587301681e+03,9.966023072160384351e-15
4.003174603174603362e+03,9.969291684686143426e-15
4.004761904761904589e+03,9.971516853290375658e-15
4.006349206349206270e+03,9.973082533735670809e-15
4.007936507936507951e+03,9.974242392803189324e-15
4.009523809523809632e+03,9.975158378066765064e-15
4.011111111111111313e+03,9.975930514944925163e-15
4.012698412698412540e+03,9.976618628000010651e-15
4.014285714285714221e+03,9.977257393035406220e-15
4.015873015873015902e+03,9.977866301953908708e-15
4.017460317460317583e+03,9.978455987561996154e-15
4.019047619047619264e+03,9.979032082489250177e-15
4.020634920634920491e+03,9.979597486968324267e-15
4.022222222222222172e+03,9.980153654536573015e-15
4.023809523809523853e+03,9.980701296139261494e-15
4.025396825396825534e+03,9.981240752986448629e-15
4.026984126984127215e+03,9.981772187641367509e-15
4.028571428571428442e+03,9.982295678868695074e-15
4.030158730158730123e+03,9.982811267259176116e-15
4.031746031746031804e+03,9.983318976509876685e-15
4.033333333333333030e+03,9.983818823052729992e-15
4.034920634920635166e+03,9.984310820282494811e-15
4.036507936507936392e+03,9.984794980359179586e-15
4.038095238095238074e+03,9.985271314954104470e-15
4.039682539682539755e+03,9.985739835550032930e-15
4.041269841269840981e+03,9.986200553558345986e-15
4.042857142857142662e+03,9.986653480363526080e-15
4.044444444444444343e+03,9.987098627339554336e-15
4.046031746031746025e+03,9.987536005855751289e-15
4.047619047619047706e+03,9.987965627278823189e-15
4.049206349206348932e+03,9.988387502973448913e-15
4.050793650793650613e+03,9.988801644302502424e-15
4.052380952380952294e+03,9.989208062627084326e-15
4.053968253968253975e+03,9.989606769306447712e-15
4.055555555555555657e+03,9.989997775698009204e-15
4.057142857142856883e+03,9.990381093157247985e-15
4.058730158730158564e+03,9.990756733037688437e-15
4.060317460317460245e+03,9.991124706690855972e-15
4.061904761904761926e+03,9.991485025466223384e-15
4.063492063492063608e+03,9.991837700711105143e-15
4.065079365079364834e+03,9.992182743770723662e-15
4.066666666666666515e+03,9.992520165988035744e-15
4.068253968253968196e+03,9.992849978703753093e-15
4.069841269841269877e+03,9.993172193256299718e-15
4.071428571428571558e+03,9.993486820981737779e-15
4.073015873015872785e+03,9.993793873213723407e-15
4.074603174603174466e+03,9.994093361283443603e-15
4.076190476190476147e+03,9.994385296519611497e-15
4.077777777777777828e+03,9.994669690248387465e-15
4.079365079365079509e+03,9.994946553793320754e-15
4.080952380952380736e+03,9.995215898475324240e-15
4.082539682539682417e+03,9.995477735612642868e-15
4.084126984126984098e+03,9.995732076520754260e-15
4.085714285714285779e+03,9.995978932512368716e-15
4.087301587301587460e+03,9.996218314897372412e-15
4.088888888888888687e+03,9.996450234982754827e-15
4.090476190476190368e+03,9.996674704072605587e-15
4.092063492063492049e+03,9.996891733468043468e-15
4.093650793650793730e+03,9.997101334467151710e-15
4.095238095238095411e+03,9.997303518364973283e-15
4.096825396825396638e+03,9.997498296453449355e-15
4.098412698412698774e+03,9.997685680021353030e-15
4.100000000000000000e+03,9.997865680354281455e-15
4.101587301587301226e+03,9.998038308734600607e-15
4.103174603174603362e+03,9.998203576441358511e-15
4.104761904761904589e+03,9.998361494750294711e-15
4.106349206349206725e+03,9.998512074933789779e-15
4.107936507936507951e+03,9.998655328260775389e-15
4.109523809523809177e+03,9.998791265996759560e-15
4.111111111111111313e+03,9.998919899403716210e-15
4.112698412698412540e+03,9.999041239740096208e-15
4.114285714285713766e+03,9.999155298260737439e-15
4.115873015873015902e+03,9.999262086216866382e-15
4.117460317460317128e+03,9.999361614856023957e-15
4.119047619047619264e+03,9.999453895422019776e-15
4.120634920634920491e+03,9.999538939154916357e-15
4.122222222222222626e+03,9.999616757290995999e-15
4.123809523809523853e+03,9.999687361062648760e-15
4.125396825396825079e+03,9.999750761698405593e-15
4.126984126984127215e+03,9.999806970422873653e-15
4.128571428571428442e+03,9.999855998456666885e-15
4.130158730158729668e+03,9.999897857016412328e-15
4.131746031746031804e+03,9.999932557314666500e-15
4.133333333333333030e+03,9.999960110559902775e-15
4.134920634920635166e+03,9.999980527956460896e-15
4.136507936507936392e+03,9.999993820704523309e-15
4.138095238095238528e+03,9.999999999999999988e-15
4.139682539682539755e+03,9.999999077034597858e-15
4.141269841269840981e+03,9.999991062995727707e-15
4.142857142857143117e+03,9.999975969066436343e-15
4.144444444444444343e+03,9.999953806425427107e-15
4.146031746031745570e+03,9.999924586246968365e-15
4.147619047619047706e+03,9.999888319700880884e-15
4.149206349206348932e+03,9.999845017952498391e-15
4.150793650793651068e+03,9.999794692162623393e-15
4.152380952380952294e+03,9.999737353487489320e-15
4.153968253968254430e+03,9.999673013078708449e-15
4.155555555555555657e+03,9.999601682083259293e-15
4.157142857142856883e+03,9.999523371643442417e-15
4.158730158730159019e+03,9.999438092896815754e-15
4.160317460317460245e+03,9.999345856976205651e-15
4.161904761904761472e+03,9.999246675009605893e-15
4.163492063492063608e+03,9.999140558120188745e-15
4.165079365079364834e+03,9.999027517426270247e-15
4.166666666666666970e+03,9.998907564041256566e-15
4.168253968253968196e+03,9.998780709073563538e-15
4.169841269841269423e+03,9.998646963626679771e-15
4.171428571428571558e+03,9.998506338799045165e-15
4.173015873015872785e+03,9.998358845684039865e-15
4.174603174603174921e+03,9.998204495369976374e-15
4.176190476190476147e+03,9.998043298940004889e-15
4.177777777777777374e+03,9.997875267472138546e-15
4.179365079365079509e+03,9.997700412039179265e-15
4.180952380952380736e+03,9.997518743708695662e-15
4.182539682539682872e+03,9.997330273542983607e-15
4.184126984126984098e+03,9.997135012599042559e-15
4.185714285714285325e+03,9.996932971928509300e-15
4.187301587301587460e+03,9.996724162577673712e-15
4.188888888888888687e+03,9.996508595587379382e-15
4.190476190476190823e+03,9.996286281993077244e-15
4.192063492063492049e+03,9.996057232824689895e-15
4.193650793650793275e+03,9.995821459106635260e-15
4.195238095238095411e+03,9.995578971857802926e-15
4.196825396825396638e+03,9.995329782091514701e-15
4.198412698412697864e+03,9.995073900815412595e-15
4.200000000000000000e+03,9.994811339031569259e-15
4.201587301587301226e+03,9.994542107736314436e-15
4.203174603174603362e+03,9.994266217920290183e-15
4.204761904761904589e+03,9.993983680568405116e-15
4.206349206349206725e+03,9.993694506659763411e-15
4.207936507936507951e+03,9.993398707167658497e-15
4.209523809523809177e+03,9.993096293059532030e-15
4.211111111111111313e+03,9.992787275296981787e-15
4.212698412698412540e+03,9.992471664835659110e-15
4.214285714285713766e+03,9.992149472625283107e-15
4.215873015873015902e+03,9.991820709609615409e-15
4.217460317460317128e+03,9.991485386726392328e-15
4.219047619047619264e+03,9.991143514907307499e-15
4.220634920634920491e+03,9.990795105078016618e-15
4.222222222222222626e+03,9.990440168158044354e-15
4.223809523809523853e+03,9.990078715060801702e-15
4.225396825396825079e+03,9.989710756693535500e-15
4.226984126984127215e+03,9.989336303957287406e-15
4.228571428571428442e+03,9.988955367746892318e-15
4.230158730158729668e+03,9.988567958950932625e-15
4.231746031746031804e+03,9.988174088451692450e-15
4.233333333333333030e+03,9.987773767125141873e-15
4.234920634920635166e+03,9.987367005840936931e-15
4.236507936507936392e+03,9.986953815462323378e-15
4.238095238095238528e+03,9.986534206846157194e-15
4.239682539682539755e+03,9.986108190842884076e-15
4.241269841269840981e+03,9.985675778296433728e-15
4.242857142857143117e+03,9.985236980044308219e-15
4.244444444444444343e+03,9.984791806917441558e-15
4.246031746031745570e+03,9.984340269740253344e-15
4.247619047619047706e+03,9.983882379330557253e-15
4.249206349206348932e+03,9.983418146499584705e-15
4.250793650793651068e+03,9.982947582051898093e-15
4.252380952380952294e+03,9.982470696785439685e-15
4.253968253968254430e+03,9.981987501491444856e-15
4.255555555555555657e+03,9.981498006954415265e-15
4.257142857142856883e+03,9.981002223952109387e-15
4.258730158730159019e+03,9.980500163255525159e-15
4.260317460317460245e+03,9.979991835628863692e-15
4.261904761904761472e+03,9.979477251829470896e-15
4.263492063492063608e+03,9.978956422607857992e-15
4.265079365079364834e+03,9.978429358707643131e-15
4.266666666666666970e+03,9.977896070865538778e-15
4.268253968253968196e+03,9.977356569811309111e-15
4.269841269841269423e+03,9.976810866267776331e-15
4.271428571428571558e+03,9.976258970950757556e-15
4.273015873015872785e+03,9.975700894569042728e-15
4.274603174603174921e+03,9.975136647824405663e-15
4.276190476190476147e+03,9.974566241411526738e-15
4.277777777777777374e+03,9.973989686018018138e-15
4.279365079365079509e+03,9.973406992324337078e-15
4.280952380952380736e+03,9.972818171003820515e-15
4.282539682539682872e+03,9.972223232722628349e-15
4.284126984126984098e+03,9.971622188139716603e-15
4.285714285714285325e+03,9.971015047906846889e-15
4.287301587301587460e+03,9.970401822668480699e-15
4.288888888888888687e+03,9.969782523061851982e-15
4.290476190476190823e+03,9.969157159716892989e-15
4.292063492063492049e+03,9.968525743256196412e-15
4.293650793650793275e+03,9.967888284295031157e-15
4.295238095238095411e+03,9.967244793441261879e-15
4.296825396825396638e+03,9.966595281295397899e-15
4.298412698412697864e+03,9.965939758450495376e-15
4.300000000000000000e+03,9.965278235492226732e-15
4.301587301587301226e+03,9.964610722998721303e-15
4.303174603174603362e+03,9.963937231540659997e-15
4.304761904761904589e+03,9.963257771681213768e-15
4.306349206349206725e+03,9.962572353975993128e-15
4.307936507936507951e+03,9.961880988973086010e-15
4.309523809523809177e+03,9.961183687212966261e-15
4.311111111111111313e+03,9.960480459228507844e-15
4.312698412698412540e+03,9.959771315544953281e-15
4.314285714285713766e+03,9.959056266679924696e-15
4.315873015873015902e+03,9.958335323143316533e-15
4.317460317460317128e+03,9.957608495437366553e-15
4.319047619047619264e+03,9.956875794056584832e-15
4.320634920634920491e+03,9.956137229487741148e-15
4.322222222222222626e+03,9.955392812209827106e-15
4.323809523809523853e+03,9.954642552694070344e-15
4.325396825396825079e+03,9.953886461403884044e-15
4.326984126984127215e+03,9.953124548794843265e-15
4.328571428571428442e+03,9.952356825314686522e-15
4.330158730158729668e+03,9.951583301403285810e-15
4.331746031746031804e+03,9.950803987492594538e-15
4.333333333333333030e+03,9.950018894006686971e-15
4.334920634920635166e+03,9.949228031361657259e-15
4.336507936507936392e+03,9.948431409965706208e-15
4.338095238095238528e+03,9.947629040218992976e-15
4.339682539682539755e+03,9.946820932513748672e-15
4.341269841269840981e+03,9.946007097234102798e-15
4.342857142857143117e+03,9.945187544756226833e-15
4.344444444444444343e+03,9.944362285448195384e-15
4.346031746031745570e+03,9.943531329670008278e-15
4.347619047619047706e+03,9.942694687773570053e-15
4.349206349206348932e+03,9.941852370102669445e-15
4.350793650793651068e+03,9.941004386992949412e-15
4.352380952380952294e+03,9.940150748771903980e-15
4.353968253968254430e+03,9.939291465758852997e-15
4.355555555555555657e+03,9.938426548264907426e-15
4.357142857142856883e+03,9.937556006592981962e-15
4.358730158730159019e+03,9.936679851037735086e-15
4.360317460317460245e+03,9.935798091885599035e-15
4.361904761904761472e+03,9.934910739414702496e-15
4.363492063492063608e+03,9.934017803894902162e-15
4.365079365079364834e+03,9.933119295587749596e-15
4.366666666666666970e+03,9.932215224746439172e-15
4.368253968253968196e+03,9.931305601615869599e-15
4.369841269841269423e+03,9.930390436432522443e-15
4.371428571428571558e+03,9.929469739424518920e-15
4.373015873015872785e+03,9.928543520811593080e-15
4.374603174603174921e+03,9.927611790805038157e-15
4.376190476190476147e+03,9.926674559607711310e-15
4.377777777777777374e+03,9.925731837414027306e-15
4.379365079365079509e+03,9.924783634409930127e-15
4.380952380952380736e+03,9.923829960772869297e-15
4.382539682539682872e+03,9.922870826671771488e-15
4.384126984126984098e+03,9.921906242267075231e-15
4.385714285714285325e+03,9.920936217710645713e-15
4.387301587301587460e+03,9.919960763145806338e-15
4.388888888888888687e+03,9.918979888707300858e-15
4.390476190476190823e+03,9.917993604521269706e-15
4.392063492063492049e+03,9.917001920705279978e-15
4.393650793650793275e+03,9.916004847368246541e-15
4.395238095238095411e+03,9.915002394610438348e-15
4.396825396825396638e+03,9.913994572523468969e-15
4.398412698412697864e+03,9.912981391190309215e-15
4.400000000000000000e+03,9.911962860685206672e-15
4.401587301587301226e+03,9.910938991073712524e-15
4.403174603174603362e+03,9.909909792412656310e-15
4.404761904761904589e+03,9.908875274750138032e-15
4.406349206349206725e+03,9.907835448125496604e-15
4.407936507936507951e+03,9.906790322569303540e-15
4.409523809523809177e+03,9.905739908103362953e-15
4.411111111111111313e+03,9.904684214740635826e-15
4.412698412698412540e+03,9.903623252485318898e-15
4.414285714285713766e+03,9.902557031332761043e-15
4.415873015873015902e+03,9.901485561269449071e-15
4.417460317460317128e+03,9.900408852273040862e-15
4.419047619047619264e+03,9.899326914312311723e-15
4.420634920634920491e+03,9.898239757347119675e-15
4.422222222222222626e+03,9.897147391328460677e-15
4.423809523809523853e+03,9.896049826198407093e-15
4.425396825396825079e+03,9.894947071890054051e-15
4.426984126984127215e+03,9.893839138327617259e-15
4.428571428571428442e+03,9.892726035426305212e-15
4.430158730158729668e+03,9.891607773092374411e-15
4.431746031746031804e+03,9.890484361223075723e-15
4.433333333333333030e+03,9.889355809706681196e-15
4.434920634920635166e+03,9.888222128422439891e-15
4.436507936507936392e+03,9.887083327240543167e-15
4.438095238095238528e+03,9.885939416022197255e-15
4.439682539682539755e+03,9.884790404619495468e-15
4.441269841269840981e+03,9.883636302875495505e-15
4.442857142857143117e+03,9.882477120624176852e-15
4.444444444444444343e+03,9.881312867690387145e-15
4.446031746031745570e+03,9.880143553889891071e-15
4.447619047619047706e+03,9.878969189029346710e-15
4.449206349206348932e+03,9.877789782906256621e-15
4.450793650793651068e+03,9.876605345308975733e-15
4.452380952380952294e+03,9.875415886016703453e-15
4.453968253968253521e+03,9.874221414799494716e-15
4.455555555555555657e+03,9.873021941418163736e-15
4.457142857142856883e+03,9.871817475624389722e-15
4.458730158730159019e+03,9.870608027160600119e-15
4.460317460317460245e+03,9.869393605760013212e-15
4.461904761904761472e+03,9.868174221146628656e-15
4.463492063492063608e+03,9.866949883035184879e-15
4.465079365079364834e+03,9.865720601131179595e-15
4.466666666666666970e+03,9.864486385130836664e-15
4.468253968253968196e+03,9.863247244721093482e-15
4.469841269841269423e+03,9.862003189579589924e-15
4.471428571428571558e+03,9.860754229374690442e-15
4.473015873015872785e+03,9.859500373765439886e-15
4.474603174603174921e+03,9.858241632401525635e-15
4.476190476190476147e+03,9.856978014923343867e-15
4.477777777777777374e+03,9.855709530961917513e-15
4.479365079365079509e+03,9.854436190138921503e-15
4.480952380952380736e+03,9.853158002066654365e-15
4.482539682539682872e+03,9.851874976348050851e-15
4.484126984126984098e+03,9.850587122576640911e-15
4.485714285714285325e+03,9.849294450336556006e-15
4.487301587301587460e+03,9.847996969202530686e-15
4.488888888888888687e+03,9.846694688739861571e-15
4.490476190476190823e+03,9.845387618504423124e-15
4.492063492063492049e+03,9.844075768042640834e-15
4.493650793650793275e+03,9.842759146891503835e-15
4.495238095238095411e+03,9.841437764578523884e-15
4.496825396825396638e+03,9.840111630621743256e-15
4.498412698412697864e+03,9.838780754529736315e-15
4.500000000000000000e+03,9.837445145801571649e-15
4.501587301587301226e+03,9.836104813926834165e-15
4.503174603174603362e+03,9.834759768385577748e-15
4.504761904761904589e+03,9.833410018648350513e-15
4.506349206349206725e+03,9.832055574176171132e-15
4.507936507936507951e+03,9.830696444420520950e-15
4.509523809523809177e+03,9.829332638823321895e-15
4.511111111111111313e+03,9.827964166816955414e-15
4.512698412698412540e+03,9.826591037824238799e-15
4.514285714285713766e+03,9.825213261258388911e-15
4.515873015873015902e+03,9.823830846523078966e-15
4.517460317460317128e+03,9.822443803012358082e-15
4.519047619047619264e+03,9.821052140110692290e-15
4.520634920634920491e+03,9.819655867192926678e-15
4.522222222222222626e+03,9.818254993624307470e-15
4.523809523809523853e+03,9.816849528760441014e-15
4.525396825396825079e+03,9.815439481947300085e-15
4.526984126984127215e+03,9.814024862521212848e-15
4.528571428571428442e+03,9.812605679808873895e-15
4.530158730158729668e+03,9.811181943127295342e-15
4.531746031746031804e+03,9.809753661783855735e-15
4.533333333333333030e+03,9.808320845076202231e-15
4.534920634920635166e+03,9.806883502292375239e-15
4.536507936507936392e+03,9.805441642710663271e-15
4.538095238095238528e+03,9.803995275599686559e-15
4.539682539682539755e+03,9.802544410218363922e-15
4.541269841269840981e+03,9.801089055815876481e-15
4.542857142857143117e+03,9.799629221631716569e-15
4.544444444444444343e+03,9.798164916895624619e-15
4.546031746031745570e+03,9.796696150827614408e-15
4.547619047619047706e+03,9.795222932637976216e-15
4.549206349206348932e+03,9.793745271527221601e-15
4.550793650793651068e+03,9.792263176686133889e-15
4.552380952380952294e+03,9.790776657295712954e-15
4.553968253968254430e+03,9.789285722527197304e-15
4.555555555555555657e+03,9.787790381542051461e-15
4.557142857142856883e+03,9.786290643491961226e-15
4.558730158730159019e+03,9.784786517518822639e-15
4.560317460317460245e+03,9.783278012754719885e-15
4.561904761904761472e+03,9.781765138321948964e-15
4.563492063492063608e+03,9.780247903333001913e-15
4.565079365079364834e+03,9.778726316890539984e-15
4.566666666666666060e+03,9.777200388087425200e-15
4.568253968253968196e+03,9.775670126006674598e-15
4.569841269841270332e+03,9.774135539721464965e-15
4.571428571428571558e+03,9.772596638295181747e-15
4.573015873015872785e+03,9.771053430781297562e-15
4.574603174603174921e+03,9.769505926223481068e-15
4.576190476190476147e+03,9.767954133655527536e-15
4.577777777777777374e+03,9.766398062101384100e-15
4.579365079365079509e+03,9.764837720575115045e-15
4.580952380952380736e+03,9.763273118080898648e-15
4.582539682539681962e+03,9.761704263613083983e-15
4.584126984126984098e+03,9.760131166156072585e-15
4.585714285714285325e+03,9.758553834684435205e-15
4.587301587301587460e+03,9.756972278162801372e-15
4.588888888888888687e+03,9.755386505545941426e-15
4.590476190476190823e+03,9.753796525778684487e-15
4.592063492063492049e+03,9.752202347795976821e-15
4.593650793650793275e+03,9.750603980522823473e-15
4.595238095238095411e+03,9.749001432874352947e-15
4.596825396825396638e+03,9.747394713755720968e-15
4.598412698412697864e+03,9.745783832062176746e-15
4.600000000000000000e+03,9.744168796679040887e-15
4.601587301587301226e+03,9.742549616481691195e-15
4.603174603174603362e+03,9.740926300335557937e-15
4.604761904761904589e+03,9.739298857096139623e-15
4.606349206349206725e+03,9.737667295608961981e-15
4.607936507936507951e+03,9.736031624709607939e-15
4.609523809523809177e+03,9.734391853223700264e-15
4.611111111111111313e+03,9.732747989966887367e-15
4.612698412698412540e+03,9.731100043744863814e-15
4.614285714285713766e+03,9.729448023353340345e-15
4.615873015873015902e+03,9.727791937578080165e-15
4.617460317460317128e+03,9.726131795194807435e-15
4.619047619047619264e+03,9.724467604969327178e-15
4.620634920634920491e+03,9.722799375657413263e-15
4.622222222222222626e+03,9.721127116004873091e-15
4.623809523809523853e+03,9.719450834747506571e-15
4.625396825396825079e+03,9.717770540611110858e-15
4.626984126984127215e+03,9.716086242311500860e-15
4.628571428571428442e+03,9.714397948554471374e-15
4.630158730158729668e+03,9.712705668035804975e-15
4.631746031746031804e+03,9.711009409441294103e-15
4.633333333333333030e+03,9.709309181446687420e-15
4.634920634920635166e+03,9.707604992717748189e-15
4.636507936507936392e+03,9.705896851910191160e-15
4.638095238095238528e+03,9.704184767669703086e-15
4.639682539682539755e+03,9.702468748631985316e-15
4.641269841269840981e+03,9.700748803422657558e-15
4.642857142857143117e+03,9.699024940657347808e-15
4.644444444444444343e+03,9.697297168941616618e-15
4.646031746031745570e+03,9.695565496871015475e-15
4.647619047619047706e+03,9.693829933031023688e-15
4.649206349206348932e+03,9.692090485997106765e-15
4.650793650793651068e+03,9.690347164334667507e-15
4.652380952380952294e+03,9.688599976599079136e-15
4.653968253968254430e+03,9.686848931335626920e-15
4.655555555555555657e+03,9.685094037079582327e-15
4.657142857142856883e+03,9.683335302356149383e-15
4.658730158730159019e+03,9.681572735680445739e-15
4.660317460317460245e+03,9.679806345557583131e-15
4.661904761904761472e+03,9.678036140482579036e-15
4.663492063492063608e+03,9.676262128940375594e-15
4.665079365079364834e+03,9.674484319405885371e-15
4.666666666666666060e+03,9.672702720343923513e-15
4.668253968253968196e+03,9.670917340209251921e-15
4.669841269841270332e+03,9.669128187446552434e-15
4.671428571428571558e+03,9.667335270490444179e-15
4.673015873015872785e+03,9.665538597765455174e-15
4.674603174603174921e+03,9.663738177686060196e-15
4.676190476190476147e+03,9.661934018656636601e-15
4.677777777777777374e+03,9.660126129071491147e-15
4.679365079365079509e+03,9.658314517314863148e-15
4.680952380952380736e+03,9.656499191760899233e-15
4.682539682539681962e+03,9.654680160773642300e-15
4.684126984126984098e+03,9.652857432707078848e-15
4.685714285714285325e+03,9.651031015905113734e-15
4.687301587301587460e+03,9.649200918701527573e-15
4.688888888888888687e+03,9.647367149420066673e-15
4.690476190476190823e+03,9.645529716374367295e-15
4.692063492063492049e+03,9.643688627867943041e-15
4.693650793650793275e+03,9.641843892194259001e-15
4.695238095238095411e+03,9.639995517636660759e-15
4.696825396825396638e+03,9.638143512468440653e-15
4.698412698412697864e+03,9.636287884952758894e-15
4.700000000000000000e+03,9.634428643342703515e-15
4.701587301587301226e+03,9.632565795881266710e-15
4.703174603174603362e+03,9.630699350801330628e-15
4.704761904761904589e+03,9.628829316325700511e-15
4.706349206349206725e+03,9.626955700667087336e-15
4.707936507936507951e+03,9.625078512028084152e-15
4.709523809523809177e+03,9.623197758601211828e-15
4.711111111111111313e+03,9.621313448568892241e-15
4.712698412698412540e+03,9.619425590103421443e-15
4.714285714285713766e+03,9.617534191367050138e-15
4.715873015873015902e+03,9.615639260511874807e-15
4.717460317460317128e+03,9.613740805679941847e-15
4.719047619047619264e+03,9.611838835003173410e-15
4.720634920634920491e+03,9.609933356603406855e-15
4.722222222222222626e+03,9.608024378592364762e-15
4.723809523809523853e+03,9.606111909071713316e-15
4.725396825396825079e+03,9.604195956132975526e-15
4.726984126984127215e+03,9.602276527857602225e-15
4.728571428571428442e+03,9.600353632316953139e-15
4.730158730158729668e+03,9.598427277572268484e-15
4.731746031746031804e+03,9.596497471674719458e-15
4.733333333333333030e+03,9.594564222665357749e-15
4.734920634920635166e+03,9.592627538575162871e-15
4.736507936507936392e+03,9.590687427425001139e-15
4.738095238095238528e+03,9.588743897225676160e-15
4.739682539682539755e+03,9.586796955977846789e-15
4.741269841269840981e+03,9.584846611672128104e-15
4.742857142857143117e+03,9.582892872289029876e-15
4.744444444444444343e+03,9.580935745798958143e-15
4.746031746031745570e+03,9.578975240162254658e-15
4.747619047619047706e+03,9.577011363329135354e-15
4.749206349206348932e+03,9.575044123239761343e-15
4.750793650793650158e+03,9.573073527824196319e-15
4.752380952380952294e+03,9.571099585002404977e-15
4.753968253968254430e+03,9.569122302684297190e-15
4.755555555555555657e+03,9.567141688769677527e-15
4.757142857142856883e+03,9.565157751148261020e-15
4.758730158730159019e+03,9.563170497699706308e-15
4.760317460317460245e+03,9.561179936293568295e-15
4.761904761904761472e+03,9.559186074789328135e-15
4.763492063492063608e+03,9.557188921036410579e-15
4.765079365079364834e+03,9.555188482874130341e-15
4.766666666666666060e+03,9.553184768131753622e-15
4.768253968253968196e+03,9.551177784628468137e-15
4.769841269841270332e+03,9.549167540173384691e-15
4.771428571428571558e+03,9.547154042565551381e-15
4.773015873015872785e+03,9.545137299593942548e-15
4.774603174603174921e+03,9.543117319037455625e-15
4.776190476190476147e+03,9.541094108664958469e-15
4.777777777777777374e+03,9.539067676235199426e-15
4.779365079365079509e+03,9.537038029496927244e-15
4.780952380952380736e+03,9.535005176188780627e-15
4.782539682539681962e+03,9.532969124039349772e-15
4.784126984126984098e+03,9.530929880767129032e-15
4.785714285714285325e+03,9.528887454080382812e-15
4.787301587301587460e+03,9.526841851676945198e-15
4.788888888888888687e+03,9.524793081243225993e-15
4.790476190476190823e+03,9.522741150451640607e-15
4.792063492063492049e+03,9.520686066953167945e-15
4.793650793650793275e+03,9.518627838356675937e-15
4.795238095238095411e+03,9.516566472173373112e-15
4.796825396825396638e+03,9.514501975671404178e-15
4.798412698412697864e+03,9.512434355506282883e-15
4.800000000000000000e+03,9.510363616807735037e-15
4.801587301587301226e+03,9.508289760988661007e-15
4.803174603174603362e+03,9.506212780639538014e-15
4.804761904761904589e+03,9.504132647979371835e-15
4.806349206349206725e+03,9.502049289504820159e-15
4.807936507936507951e+03,9.499962532013134563e-15
4.809523809523809177e+03,9.497871991177703351e-15
4.811111111111111313e+03,9.495776848668684047e-15
4.812698412698412540e+03,9.493675420440021991e-15
4.814285714285713766e+03,9.491564347582953812e-15
4.815873015873015902e+03,9.489437130190820281e-15
4.817460317460317128e+03,9.487281561915088753e-15
4.819047619047619264e+03,9.485075400710712335e-15
4.820634920634920491e+03,9.482779334852415128e-15
4.822222222222222626e+03,9.480326002956809132e-15
4.823809523809523853e+03,9.477603573097265294e-15
4.825396825396825079e+03,9.474432304234725236e-15
4.826984126984127215e+03,9.470532788356739601e-15
4.828571428571428442e+03,9.465485435843643291e-15
4.830158730158729668e+03,9.458682453878460330e-15
4.831746031746031804e+03,9.449276231464333580e-15
4.833333333333333030e+03,9.436131638361229288e-15
4.834920634920635166e+03,9.417793890384279814e-15
4.836507936507936392e+03,9.392487517896863848e-15
4.838095238095238528e+03,9.358164345264123846e-15
4.839682539682539755e+03,9.312617705230768506e-15
4.841269841269840981e+03,9.253674892776049897e-15
4.842857142857143117e+03,9.179469210326600434e-15
4.844444444444444343e+03,9.088777143848650276e-15
4.846031746031745570e+03,8.981387143204382491e-15
4.847619047619047706e+03,8.858447799423380355e-15
4.849206349206348932e+03,8.722729836519467265e-15
4.850793650793650158e+03,8.578733409497715544e-15
4.852380952380952294e+03,8.432583589831831022e-15
4.853968253968254430e+03,8.291683665474311297e-15
4.855555555555555657e+03,8.164135133413242044e-15
4.857142857142856883e+03,8.057978195769049026e-15
4.858730158730159019e+03,7.980347553830350456e-15
4.860317460317460245e+03,7.936665155475794088e-15
4.861904761904761472e+03,7.929996378909369563e-15
4.863492063492063608e+03,7.960675766374409269e-15
4.865079365079364834e+03,8.026265757098139006e-15
4.866666666666666060e+03,8.121855487444822558e-15
4.868253968253968196e+03,8.240648801321314924e-15
4.869841269841270332e+03,8.374743727183870107e-15
4.871428571428571558e+03,8.515979507060493715e-15
4.873015873015872785e+03,8.656726163743287440e-15
4.874603174603174921e+03,8.790513784046706798e-15
4.876190476190476147e+03,8.912437203136605458e-15
4.877777777777777374e+03,9.019316705405348088e-15
4.879365079365079509e+03,9.109636712951648558e-15
4.880952380952380736e+03,9.183314569414469265e-15
4.882539682539681962e+03,9.241366610802278190e-15
4.884126984126984098e+03,9.285538927344390487e-15
4.885714285714285325e+03,9.317958886893120092e-15
4.887301587301587460e+03,9.340845596281835389e-15
4.888888888888888687e+03,9.356298112655057854e-15
4.890476190476190823e+03,9.366163390438993312e-15
4.892063492063492049e+03,9.371973988797750725e-15
4.893650793650793275e+03,9.374939098983187686e-15
4.895238095238095411e+03,9.375970809781426991e-15
4.896825396825396638e+03,9.375729317900333822e-15
4.898412698412697864e+03,9.374674442623230457e-15
4.900000000000000000e+03,9.373114978111436683e-15
4.901587301587301226e+03,9.371251191061037599e-15
4.903174603174603362e+03,9.369208671005285772e-15
4.904761904761904589e+03,9.367063651654566857e-15
4.906349206349206725e+03,9.364860961827391071e-15
4.907936507936507951e+03,9.362626157748300230e-15
4.909523809523809177e+03,9.360373372642188303e-15
4.911111111111111313e+03,9.358110193190054193e-15
4.912698412698412540e+03,9.355840574939217561e-15
4.914285714285713766e+03,9.353566522652279035e-15
4.915873015873015902e+03,9.351289025312229492e-15
4.917460317460317128e+03,9.349008558972752722e-15
4.919047619047619264e+03,9.346725348385691189e-15
4.920634920634920491e+03,9.344439498793446842e-15
4.922222222222222626e+03,9.342151060249913071e-15
4.923809523809523853e+03,9.339860058051396283e-15
4.925396825396825079e+03,9.337566506700394245e-15
4.926984126984127215e+03,9.335270416122694077e-15
4.928571428571428442e+03,9.332971794354363445e-15
4.930158730158729668e+03,9.330670648669255252e-15
4.931746031746031804e+03,9.328366986038657960e-15
4.933333333333333030e+03,9.326060813313311036e-15
4.934920634920635166e+03,9.323752137293369032e-15
4.936507936507936392e+03,9.321440964754735341e-15
4.938095238095238528e+03,9.319127302458495388e-15
4.939682539682539755e+03,9.316811157154307161e-15
4.941269841269840981e+03,9.314492535581611324e-15
4.942857142857143117e+03,9.312171444469965687e-15
4.944444444444444343e+03,9.309847890539217185e-15
4.946031746031745570e+03,9.307521880499549207e-15
4.947619047619047706e+03,9.305193421051438996e-15
4.949206349206348932e+03,9.302862518885771249e-15
4.950793650793650158e+03,9.300529180683738714e-15
4.952380952380952294e+03,9.298193413116911618e-15
4.953968253968254430e+03,9.295855222847229770e-15
4.955555555555555657e+03,9.293514616527004146e-15
4.957142857142856883e+03,9.291171600798924772e-15
4.958730158730159019e+03,9.288826182296062306e-15
4.960317460317460245e+03,9.286478367641871191e-15
4.961904761904761472e+03,9.284128163450200699e-15
4.963492063492063608e+03,9.281775576325335953e-15
4.965079365079364834e+03,9.279420612861900107e-15
4.966666666666666060e+03,9.277063279645001075e-15
4.968253968253968196e+03,9.274703583250100581e-15
4.969841269841269423e+03,9.272341530243148263e-15
4.971428571428571558e+03,9.269977127180466501e-15
4.973015873015872785e+03,9.267610380608843501e-15
4.974603174603174921e+03,9.265241297065503321e-15
4.976190476190476147e+03,9.262869883078116912e-15
4.977777777777777374e+03,9.260496145164813165e-15
4.979365079365079509e+03,9.258120089834166286e-15
4.980952380952380736e+03,9.255741723585238398e-15
4.982539682539681962e+03,9.253361052907540094e-15
4.984126984126984098e+03,9.250978084281074618e-15
4.985714285714285325e+03,9.248592824176317350e-15
4.987301587301587460e+03,9.246205279054259985e-15
4.988888888888888687e+03,9.243815455366336379e-15
4.990476190476190823e+03,9.241423359554555078e-15
4.992063492063492049e+03,9.239028998051354168e-15
4.993650793650793275e+03,9.236632377279771666e-15
4.995238095238095411e+03,9.234233503653270400e-15
4.996825396825396638e+03,9.231832383575925748e-15
4.998412698412697864e+03,9.229429023442310474e-15
5.000000000000000000e+03,9.227023429637504187e-15
5.001587301587301226e+03,9.224615608537199052e-15
5.003174603174603362e+03,9.222205566507584616e-15
5.004761904761904589e+03,9.219793309905429849e-15
5.006349206349206725e+03,9.217378845078075254e-15
5.007936507936507951e+03,9.214962178363426560e-15
5.009523809523809177e+03,9.212543316089942097e-15
5.011111111111111313e+03,9.210122264576716414e-15
5.012698412698412540e+03,9.207699030133382465e-15
5.014285714285713766e+03,9.205273619060206268e-15
5.015873015873015902e+03,9.202846037648026954e-15
5.017460317460317128e+03,9.200416292178327763e-15
5.019047619047619264e+03,9.197984388923180826e-15
5.020634920634920491e+03,9.195550334145278715e-15
5.022222222222222626e+03,9.193114134097972315e-15
5.023809523809523853e+03,9.190675795025220328e-15
5.025396825396825079e+03,9.188235323161630304e-15
5.026984126984127215e+03,9.185792724732472831e-15
5.028571428571428442e+03,9.183348005953672077e-15
5.030158730158729668e+03,9.180901173031772651e-15
5.031746031746031804e+03,9.178452232164065824e-15
5.033333333333333030e+03,9.176001189538445957e-15
5.034920634920635166e+03,9.173548051333528828e-15
5.036507936507936392e+03,9.171092823718609035e-15
5.038095238095238528e+03,9.168635512853689971e-15
5.039682539682539755e+03,9.166176124889450696e-15
5.041269841269840981e+03,9.163714665967307463e-15
5.042857142857143117e+03,9.161251142219380589e-15
5.044444444444444343e+03,9.158785559768494452e-15
5.046031746031745570e+03,9.156317924728254805e-15
5.047619047619047706e+03,9.153848243202957261e-15
5.049206349206348932e+03,9.151376521287661453e-15
5.050793650793650158e+03,9.148902765068164207e-15
5.052380952380952294e+03,9.146426980621038987e-15
5.053968253968254430e+03,9.143949174013612231e-15
5.055555555555555657e+03,9.141469351303991748e-15
5.057142857142856883e+03,9.138987518541046207e-15
5.058730158730159019e+03,9.136503681764446160e-15
5.060317460317460245e+03,9.134017847004643530e-15
5.061904761904761472e+03,9.131530020282911055e-15
5.063492063492063608e+03,9.129040207611294956e-15
5.065079365079364834e+03,9.126548414992682777e-15
5.066666666666666060e+03,9.124054648420771834e-15
5.068253968253968196e+03,9.121558913880086570e-15
5.069841269841269423e+03,9.119061217345997482e-15
5.071428571428571558e+03,9.116561564784681686e-15
5.073015873015872785e+03,9.114059962153228618e-15
5.074603174603174921e+03,9.111556415399516975e-15
5.076190476190476147e+03,9.109050930462345664e-15
5.077777777777777374e+03,9.106543513271345451e-15
5.079365079365079509e+03,9.104034169747035761e-15
5.080952380952380736e+03,9.101522905800821515e-15
5.082539682539681962e+03,9.099009727335024695e-15
5.084126984126984098e+03,9.096494640242814915e-15
5.085714285714285325e+03,9.093977650408319866e-15
5.087301587301587460e+03,9.091458763706557475e-15
5.088888888888888687e+03,9.088937986003461146e-15
5.090476190476190823e+03,9.086415323155912890e-15
5.092063492063492049e+03,9.083890781011714935e-15
5.093650793650793275e+03,9.081364365409624423e-15
5.095238095238095411e+03,9.078836082179326602e-15
5.096825396825396638e+03,9.076305937141502657e-15
5.098412698412697864e+03,9.073773936107772919e-15
5.100000000000000000e+03,9.071240084880736304e-15
5.101587301587301226e+03,9.068704389253970317e-15
5.103174603174603362e+03,9.066166855012046825e-15
5.104761904761904589e+03,9.063627487930516282e-15
5.106349206349206725e+03,9.061086293775967682e-15
5.107936507936507951e+03,9.058543278305970185e-15
5.109523809523809177e+03,9.055998447269106246e-15
5.111111111111111313e+03,9.053451806405009482e-15
5.112698412698412540e+03,9.050903361444323651e-15
5.114285714285713766e+03,9.048353118108754718e-15
5.115873015873015902e+03,9.045801082111017210e-15
5.117460317460317128e+03,9.043247259154935193e-15
5.119047619047619264e+03,9.040691654935357073e-15
5.120634920634920491e+03,9.038134275138210816e-15
5.122222222222222626e+03,9.035575125440511839e-15
5.123809523809523853e+03,9.033014211510355119e-15
5.125396825396825079e+03,9.030451539006915194e-15
5.126984126984127215e+03,9.027887113580493495e-15
5.128571428571428442e+03,9.025320940872472591e-15
5.130158730158729668e+03,9.022753026515398231e-15
5.131746031746031804e+03,9.020183376132865749e-15
5.133333333333333030e+03,9.017611995339682568e-15
5.134920634920635166e+03,9.015038889741730939e-15
5.136507936507936392e+03,9.012464064936089424e-15
5.138095238095238528e+03,9.009887526510952436e-15
5.139682539682539755e+03,9.007309280045691765e-15
5.141269841269840981e+03,9.004729331110867627e-15
5.142857142857143117e+03,9.002147685268179750e-15
5.144444444444444343e+03,8.999564348070557309e-15
5.146031746031745570e+03,8.996979325062087923e-15
5.147619047619047706e+03,8.994392621778082348e-15
5.149206349206348932e+03,8.991804243745044493e-15
5.150793650793650158e+03,8.989214196480718760e-15
5.152380952380952294e+03,8.986622485494042703e-15
5.153968253968254430e+03,8.984029116285206990e-15
5.155555555555555657e+03,8.981434094345641198e-15
5.157142857142856883e+03,8.978837425158031171e-15
5.158730158730159019e+03,8.976239114196284307e-15
5.160317460317460245e+03,8.973639166925619491e-15
5.161904761904761472e+03,8.971037588802494520e-15
5.163492063492063608e+03,8.968434385274650277e-15
5.165079365079364834e+03,8.965829561781137551e-15
5.166666666666666060e+03,8.963223123752279178e-15
5.168253968253968196e+03,8.960615076609712632e-15
5.169841269841269423e+03,8.958005425766383720e-15
5.171428571428571558e+03,8.955394176626556045e-15
5.173015873015872785e+03,8.952781334585825206e-15
5.174603174603174921e+03,8.950166905031123532e-15
5.176190476190476147e+03,8.947550893340721658e-15
5.177777777777777374e+03,8.944933304884244306e-15
5.179365079365079509e+03,8.942314145022673436e-15
5.180952380952380736e+03,8.939693419108364025e-15
5.182539682539681962e+03,8.937071132485029869e-15
5.184126984126984098e+03,8.934447290487801956e-15
5.185714285714285325e+03,8.931821898443177981e-15
5.187301587301587460e+03,8.929194961669039701e-15
5.188888888888888687e+03,8.926566485474714463e-15
5.190476190476190823e+03,8.923936475160918410e-15
5.192063492063492049e+03,8.921304936019814856e-15
5.193650793650793275e+03,8.918671873334960640e-15
5.195238095238095411e+03,8.916037292381400794e-15
5.196825396825396638e+03,8.913401198425589653e-15
5.198412698412697864e+03,8.910763596725455545e-15
5.200000000000000000e+03,8.908124492530383434e-15
5.201587301587301226e+03,8.905483891081246474e-15
5.203174603174603362e+03,8.902841797610364989e-15
5.204761904761904589e+03,8.900198217341605871e-15
5.206349206349206725e+03,8.897553155490262671e-15
5.207936507936507951e+03,8.894906617263184971e-15
5.209523809523809177e+03,8.892258607858716858e-15
5.211111111111111313e+03,8.889609132466720584e-15
5.212698412698412540e+03,8.886958196268606546e-15
5.214285714285713766e+03,8.884305804437290688e-15
5.215873015873015902e+03,8.881651962137274962e-15
5.217460317460317128e+03,8.878996674524571600e-15
5.219047619047619264e+03,8.876339946746800930e-15
5.220634920634920491e+03,8.873681783943118804e-15
5.222222222222222626e+03,8.871022191244274972e-15
5.223809523809523853e+03,8.868361173772598883e-15
5.225396825396825079e+03,8.865698736642035971e-15
5.226984126984127215e+03,8.863034884958097170e-15
5.228571428571428442e+03,8.860369623817945689e-15
5.230158730158729668e+03,8.857702958310335478e-15
5.231746031746031804e+03,8.855034893515671184e-15
5.233333333333333030e+03,8.852365434505975018e-15
5.234920634920634257e+03,8.849694586344919887e-15
5.236507936507936392e+03,8.847022354087845171e-15
5.238095238095238528e+03,8.844348742781728325e-15
5.239682539682539755e+03,8.841673757465243254e-15
5.241269841269840981e+03,8.838997403168716137e-15
5.242857142857143117e+03,8.836319684914182226e-15
5.244444444444444343e+03,8.833640607715355865e-15
5.246031746031745570e+03,8.830960176577662050e-15
5.247619047619047706e+03,8.828278396498226960e-15
5.249206349206348932e+03,8.825595272465922134e-15
5.250793650793650158e+03,8.822910809461320293e-15
5.252380952380952294e+03,8.820225012456741096e-15
5.253968253968254430e+03,8.817537886416251139e-15
5.255555555555555657e+03,8.814849436295667110e-15
5.257142857142856883e+03,8.812159667042573145e-15
5.258730158730159019e+03,8.809468583596301897e-15
5.260317460317460245e+03,8.806776190888008684e-15
5.261904761904761472e+03,8.804082493840584718e-15
5.263492063492063608e+03,8.801387497368754923e-15
5.265079365079364834e+03,8.798691206379030604e-15
5.266666666666666060e+03,8.795993625769739421e-15
5.268253968253968196e+03,8.793294760431014350e-15
5.269841269841269423e+03,8.790594615244859942e-15
5.271428571428571558e+03,8.787893195085059239e-15
5.273015873015872785e+03,8.785190504817292106e-15
5.274603174603174921e+03,8.782486549299062653e-15
5.276190476190476147e+03,8.779781333379752876e-15
5.277777777777777374e+03,8.777074861900603729e-15
5.279365079365079509e+03,8.774367139694756141e-15
5.280952380952380736e+03,8.771658171587214730e-15
5.282539682539681962e+03,8.768947962394879358e-15
5.284126984126984098e+03,8.766236516926594037e-15
5.285714285714285325e+03,8.763523839983063313e-15
5.287301587301587460e+03,8.760809936356964286e-15
5.288888888888888687e+03,8.758094810832856674e-15
5.290476190476190823e+03,8.755378468187288526e-15
5.292063492063492049e+03,8.752660913188703132e-15
5.293650793650793275e+03,8.749942150597541578e-15
5.295238095238095411e+03,8.747222185166189103e-15
5.296825396825396638e+03,8.744501021639011385e-15
5.298412698412697864e+03,8.741778664752348232e-15
5.300000000000000000e+03,8.739055119234538824e-15
5.301587301587301226e+03,8.736330389805909092e-15
5.303174603174603362e+03,8.733604481178811162e-15
5.304761904761904589e+03,8.730877398057594953e-15
5.306349206349206725e+03,8.728149145138627114e-15
5.307936507936507951e+03,8.725419727110344663e-15
5.309523809523809177e+03,8.722689148653179256e-15
5.311111111111111313e+03,8.719957414439650278e-15
5.312698412698412540e+03,8.717224529134300148e-15
5.314285714285713766e+03,8.714490497393782679e-15
5.315873015873015902e+03,8.711755323866776300e-15
5.317460317460317128e+03,8.709019013194089762e-15
5.319047619047619264e+03,8.706281570008589566e-15
5.320634920634920491e+03,8.703542998935258336e-15
5.322222222222222626e+03,8.700803304591191665e-15
5.323809523809523853e+03,8.698062491585594961e-15
5.325396825396825079e+03,8.695320564519805530e-15
5.326984126984127215e+03,8.692577527987294159e-15
5.328571428571428442e+03,8.689833386573679314e-15
5.330158730158729668e+03,8.687088144856717673e-15
5.331746031746031804e+03,8.684341807406343567e-15
5.333333333333333030e+03,8.681594378784653209e-15
5.334920634920634257e+03,8.678845863545936241e-15
5.336507936507936392e+03,8.676096266236633140e-15
5.338095238095238528e+03,8.673345591395418838e-15
5.339682539682539755e+03,8.670593843553152230e-15
5.341269841269840981e+03,8.667841027232904580e-15
5.342857142857143117e+03,8.665087146949975290e-15
5.344444444444444343e+03,8.662332207211895064e-15
5.346031746031745570e+03,8.659576212518414856e-15
5.347619047619047706e+03,8.656819167361564253e-15
5.349206349206348932e+03,8.654061076225594671e-15
5.350793650793650158e+03,8.651301943587058244e-15
5.352380952380952294e+03,8.648541773914735249e-15
5.353968253968254430e+03,8.645780571669717724e-15
5.355555555555555657e+03,8.643018341305398425e-15
5.357142857142856883e+03,8.640255087267432960e-15
5.358730158730159019e+03,8.637490813993813943e-15
5.360317460317460245e+03,8.634725525914833126e-15
5.361904761904761472e+03,8.631959227453133467e-15
5.363492063492063608e+03,8.629191923023641287e-15
5.365079365079364834e+03,8.626423617033671976e-15
5.366666666666666060e+03,8.623654313882870041e-15
5.368253968253968196e+03,8.620884017963246971e-15
5.369841269841269423e+03,8.618112733659182813e-15
5.371428571428571558e+03,8.615340465347416711e-15
5.373015873015872785e+03,8.612567217397094230e-15
5.374603174603174921e+03,8.609792994169737385e-15
5.376190476190476147e+03,8.607017800019293549e-15
5.377777777777777374e+03,8.604241639292097586e-15
5.379365079365079509e+03,8.601464516326916030e-15
5.380952380952380736e+03,8.598686435454943926e-15
5.382539682539681962e+03,8.595907400999811146e-15
5.384126984126984098e+03,8.593127417277579226e-15
5.385714285714285325e+03,8.590346488596793440e-15
5.387301587301587460e+03,8.587564619258433883e-15
5.388888888888888687e+03,8.584781813555980161e-15
5.390476190476190823e+03,8.581998075775351438e-15
5.392063492063492049e+03,8.579213410195015297e-15
5.393650793650793275e+03,8.576427821085869412e-15
5.395238095238095411e+03,8.573641312711364610e-15
5.396825396825396638e+03,8.570853889327444918e-15
5.398412698412697864e+03,8.568065555182596471e-15
5.400000000000000000e+03,8.565276314517823849e-15
5.401587301587301226e+03,8.562486171566665851e-15
5.403174603174603362e+03,8.559695130555223895e-15
5.404761904761904589e+03,8.556903195702149397e-15
5.406349206349206725e+03,8.554110371218675327e-15
5.407936507936507951e+03,8.551316661308584650e-15
5.409523809523809177e+03,8.548522070168275015e-15
5.411111111111111313e+03,8.545726601986708271e-15
5.412698412698412540e+03,8.542930260945468838e-15
5.414285714285713766e+03,8.540133051218733731e-15
5.415873015873015902e+03,8.537334976973315161e-15
5.417460317460317128e+03,8.534536042368635290e-15
5.419047619047619264e+03,8.531736251556775141e-15
5.420634920634920491e+03,8.528935608682443041e-15
5.422222222222222626e+03,8.526134117883004602e-15
5.423809523809523853e+03,8.523331783288485872e-15
5.425396825396825079e+03,8.520528609021579649e-15
5.426984126984127215e+03,8.517724599197680191e-15
5.428571428571428442e+03,8.514919757924835881e-15
5.430158730158729668e+03,8.512114089303836006e-15
5.431746031746031804e+03,8.509307597428114513e-15
5.433333333333333030e+03,8.506500286383882539e-15
5.434920634920634257e+03,8.503692160250027435e-15
5.436507936507936392e+03,8.500883223098199543e-15
5.438095238095238528e+03,8.498073478992758554e-15
5.439682539682539755e+03,8.495262931990846078e-15
5.441269841269840981e+03,8.492451586142341476e-15
5.442857142857143117e+03,8.489639445489888673e-15
5.444444444444444343e+03,8.486826514068915097e-15
5.446031746031745570e+03,8.484012795907614320e-15
5.447619047619047706e+03,8.481198295026999703e-15
5.449206349206348932e+03,8.478383015440869683e-15
5.450793650793650158e+03,8.475566961155825134e-15
5.452380952380952294e+03,8.472750136171285138e-15
5.453968253968253521e+03,8.469932544479521695e-15
5.455555555555555657e+03,8.467114190065599776e-15
5.457142857142856883e+03,8.464295076907475136e-15
5.458730158730159019e+03,8.461475208975913850e-15
5.460317460317460245e+03,8.458654590234575936e-15
5.461904761904761472e+03,8.455833224639966442e-15
5.463492063492063608e+03,8.453011116141479625e-15
5.465079365079364834e+03,8.450188268681392640e-15
5.466666666666666060e+03,8.447364686194895513e-15
5.468253968253968196e+03,8.444540372610056434e-15
5.469841269841269423e+03,8.441715331847873824e-15
5.471428571428571558e+03,8.438889567822260554e-15
5.473015873015872785e+03,8.436063084440058145e-15
5.474603174603174921e+03,8.433235885601065168e-15
5.476190476190476147e+03,8.430407975197999380e-15
5.477777777777777374e+03,8.427579357116560831e-15
5.479365079365079509e+03,8.424750035235387686e-15
5.480952380952380736e+03,8.421920013426128805e-15
5.482539682539681962e+03,8.419089295553374320e-15
5.484126984126984098e+03,8.416257885474729787e-15
5.485714285714285325e+03,8.413425787040784636e-15
5.487301587301587460e+03,8.410593004095168963e-15
5.488888888888888687e+03,8.407759540474485692e-15
5.490476190476190823e+03,8.404925400008381573e-15
5.492063492063492049e+03,8.402090586519570846e-15
5.493650793650793275e+03,8.399255103823731109e-15
5.495238095238095411e+03,8.396418955729668985e-15
5.496825396825396638e+03,8.393582146039204944e-15
5.498412698412697864e+03,8.390744678547258498e-15
5.500000000000000000e+03,8.387906557041802455e-15
5.501587301587301226e+03,8.385067785303902351e-15
5.503174603174603362e+03,8.382228367107711728e-15
5.504761904761904589e+03,8.379388306220508413e-15
5.506349206349206725e+03,8.376547606402648769e-15
5.507936507936507951e+03,8.373706271407649734e-15
5.509523809523809177e+03,8.370864304982116247e-15
5.511111111111111313e+03,8.368021710865812246e-15
5.512698412698412540e+03,8.365178492791637001e-15
5.514285714285713766e+03,8.362334654485669290e-15
5.515873015873015902e+03,8.359490199667116913e-15
5.517460317460317128e+03,8.356645132048365601e-15
5.519047619047619264e+03,8.353799455335012148e-15
5.520634920634920491e+03,8.350953173225804457e-15
5.522222222222222626e+03,8.348106289412709384e-15
5.523809523809523853e+03,8.345258807580878025e-15
5.525396825396825079e+03,8.342410731408707251e-15
5.526984126984127215e+03,8.339562064567787639e-15
5.528571428571428442e+03,8.336712810722966585e-15
5.530158730158729668e+03,8.333862973532307279e-15
5.531746031746031804e+03,8.331012556647142352e-15
5.533333333333333030e+03,8.328161563712032851e-15
5.534920634920634257e+03,8.325309998364847129e-15
5.536507936507936392e+03,8.322457864236688266e-15
5.538095238095238528e+03,8.319605164951969803e-15
5.539682539682539755e+03,8.316751904128388919e-15
5.541269841269840981e+03,8.313898085376928008e-15
5.542857142857143117e+03,8.311043712301892547e-15
5.544444444444444343e+03,8.308188788500898469e-15
5.546031746031745570e+03,8.305333317564903726e-15
5.547619047619047706e+03,8.302477303078170416e-15
5.549206349206348932e+03,8.299620748618345247e-15
5.550793650793650158e+03,8.296763657756371193e-15
5.552380952380952294e+03,8.293906034056601077e-15
5.553968253968254430e+03,8.291047881076715543e-15
5.555555555555555657e+03,8.288189202367819286e-15
5.557142857142856883e+03,8.285330001474349551e-15
5.558730158730159019e+03,8.282470281934178680e-15
5.560317460317460245e+03,8.279610047278558898e-15
5.561904761904761472e+03,8.276749301032157016e-15
5.563492063492063608e+03,8.273888046713068635e-15
5.565079365079364834e+03,8.271026287832788168e-15
5.566666666666666060e+03,8.268164027896298769e-15
5.568253968253968196e+03,8.265301270401965051e-15
5.569841269841270332e+03,8.262438018841662455e-15
5.571428571428570649e+03,8.259574276700695212e-15
5.573015873015872785e+03,8.256710047457842096e-15
5.574603174603174921e+03,8.253845334585354844e-15
5.576190476190476147e+03,8.250980141549000758e-15
5.577777777777777374e+03,8.248114471807994861e-15
5.579365079365079509e+03,8.245248328815121382e-15
5.580952380952380736e+03,8.242381716016599648e-15
5.582539682539681962e+03,8.239514636852238705e-15
5.584126984126984098e+03,8.236647094755325295e-15
5.585714285714286234e+03,8.233779093152729566e-15
5.587301587301586551e+03,8.230910635464835651e-15
5.588888888888888687e+03,8.228041725105587424e-15
5.590476190476190823e+03,8.225172365482504275e-15
5.592063492063492049e+03,8.222302559996655867e-15
5.593650793650793275e+03,8.219432312042720512e-15
5.595238095238095411e+03,8.216561625008934684e-15
5.596825396825396638e+03,8.213690502277164017e-15
5.598412698412697864e+03,8.210818947222859127e-15
5.600000000000000000e+03,8.207946963215079279e-15
5.601587301587302136e+03,8.205074553616512898e-15
5.603174603174602453e+03,8.202201721783490191e-15
5.604761904761904589e+03,8.199328471065961055e-15
5.606349206349206725e+03,8.196454804807537681e-15
5.607936507936507951e+03,8.193580726345485085e-15
5.609523809523809177e+03,8.190706239010722684e-15
5.611111111111111313e+03,8.187831346127855856e-15
5.612698412698412540e+03,8.184956051015147533e-15
5.614285714285713766e+03,8.182080356984592361e-15
5.615873015873015902e+03,8.179204267341834655e-15
5.617460317460317128e+03,8.176327785386264640e-15
5.619047619047618355e+03,8.173450914410964811e-15
5.620634920634920491e+03,8.170573657702741484e-15
5.622222222222222626e+03,8.167696018542132687e-15
5.623809523809523853e+03,8.164818000203427091e-15
5.625396825396825079e+03,8.161939605954643502e-15
5.626984126984127215e+03,8.159060839057579768e-15
5.628571428571428442e+03,8.156181702767774915e-15
5.630158730158729668e+03,8.153302200334556477e-15
5.631746031746031804e+03,8.150422335001019988e-15
5.633333333333333030e+03,8.147542110004062113e-15
5.634920634920634257e+03,8.144661528574382226e-15
5.636507936507936392e+03,8.141780593936457166e-15
5.638095238095238528e+03,8.138899309308620121e-15
5.639682539682539755e+03,8.136017677902992792e-15
5.641269841269840981e+03,8.133135702925543763e-15
5.642857142857143117e+03,8.130253387576064836e-15
5.644444444444444343e+03,8.127370735048229411e-15
5.646031746031745570e+03,8.124487748529527792e-15
5.647619047619047706e+03,8.121604431201341349e-15
5.649206349206348932e+03,8.118720786238920420e-15
5.650793650793650158e+03,8.115836816811373276e-15
5.652380952380952294e+03,8.112952526081719758e-15
5.653968253968254430e+03,8.110067917206884967e-15
5.655555555555555657e+03,8.107182993337678756e-15
5.657142857142856883e+03,8.104297757618820969e-15
5.658730158730159019e+03,8.101412213188987201e-15
5.660317460317460245e+03,8.098526363180739373e-15
5.661904761904761472e+03,8.095640210720615665e-15
5.663492063492063608e+03,8.092753758929073716e-15
5.665079365079364834e+03,8.089867010920549001e-15
5.666666666666666060e+03,8.086979969803423279e-15
5.668253968253968196e+03,8.084092638680057719e-15
5.669841269841270332e+03,8.081205020646785017e-15
5.671428571428570649e+03,8.078317118793945681e-15
5.673015873015872785e+03,8.075428936205842278e-15
5.674603174603174921e+03,8.072540475960819897e-15
5.676190476190476147e+03,8.069651741131212507e-15
5.677777777777777374e+03,8.066762734783390288e-15
5.679365079365079509e+03,8.063873459977728079e-15
5.680952380952380736e+03,8.060983919768654284e-15
5.682539682539681962e+03,8.058094117204649296e-15
5.684126984126984098e+03,8.055204055328229718e-15
5.685714285714286234e+03,8.052313737175990967e-15
5.687301587301586551e+03,8.049423165778593067e-15
5.688888888888888687e+03,8.046532344160762231e-15
5.690476190476190823e+03,8.043641275341312950e-15
5.692063492063492049e+03,8.040749962333181121e-15
5.693650793650793275e+03,8.037858408143367255e-15
5.695238095238095411e+03,8.034966615773010622e-15
5.696825396825396638e+03,8.032074588217352971e-15
5.698412698412697864e+03,8.029182328465773236e-15
5.700000000000000000e+03,8.026289839501763872e-15
5.701587301587302136e+03,8.023397124302997116e-15
5.703174603174602453e+03,8.020504185841271349e-15
5.704761904761904589e+03,8.017611027082533179e-15
5.706349206349206725e+03,8.014717650986932667e-15
5.707936507936507951e+03,8.011824060508753903e-15
5.709523809523809177e+03,8.008930258596517558e-15
5.711111111111111313e+03,8.006036248192867292e-15
5.712698412698412540e+03,8.003142032234702278e-15
5.714285714285713766e+03,8.000247613653099896e-15
5.715873015873015902e+03,7.997352995373377264e-15
5.717460317460317128e+03,7.994458180315053371e-15
5.719047619047618355e+03,7.991563171391888522e-15
5.720634920634920491e+03,7.988667971511876451e-15
5.722222222222222626e+03,7.985772583577266404e-15
5.723809523809523853e+03,7.982877010484566297e-15
5.725396825396825079e+03,7.979981255124544298e-15
5.726984126984127215e+03,7.977085320382235130e-15
5.728571428571428442e+03,7.974189209136954275e-15
5.730158730158729668e+03,7.971292924262321642e-15
5.731746031746031804e+03,7.968396468626222118e-15
5.733333333333333030e+03,7.965499845090878147e-15
5.734920634920634257e+03,7.962603056512803978e-15
5.736507936507936392e+03,7.959706105742841947e-15
5.738095238095238528e+03,7.956808995626165637e-15
5.739682539682539755e+03,7.953911729002267255e-15
5.741269841269840981e+03,7.951014308705001807e-15
5.742857142857143117e+03,7.948116737562569744e-15
5.744444444444444343e+03,7.945219018397528009e-15
5.746031746031745570e+03,7.942321154026815273e-15
5.747619047619047706e+03,7.939423147261723543e-15
5.749206349206348932e+03,7.936525000907948649e-15
5.750793650793650158e+03,7.933626717765560260e-15
5.752380952380952294e+03,7.930728300629050802e-15
5.753968253968254430e+03,7.927829752287307055e-15
5.755555555555555657e+03,7.924931075523616463e-15
5.757142857142856883e+03,7.922032273115723935e-15
5.758730158730159019e+03,7.919133347835776621e-15
5.760317460317460245e+03,7.916234302450377559e-15
5.761904761904761472e+03,7.913335139720565160e-15
5.763492063492063608e+03,7.910435862401846343e-15
5.765079365079364834e+03,7.907536473244169713e-15
5.766666666666666060e+03,7.904636974991994982e-15
5.768253968253968196e+03,7.901737370384204614e-15
5.769841269841270332e+03,7.898837662154209534e-15
5.771428571428570649e+03,7.895937853029906529e-15
5.773015873015872785e+03,7.893037945733687716e-15
5.774603174603174921e+03,7.890137942982461050e-15
5.776190476190476147e+03,7.887237847487637703e-15
5.777777777777777374e+03,7.884337661955195173e-15
5.779365079365079509e+03,7.881437389085585777e-15
5.780952380952380736e+03,7.878537031573854979e-15
5.782539682539681962e+03,7.875636592109554616e-15
5.784126984126984098e+03,7.872736073376842292e-15
5.785714285714286234e+03,7.869835478054399342e-15
5.787301587301586551e+03,7.866934808815504980e-15
5.788888888888888687e+03,7.864034068327987390e-15
5.790476190476190823e+03,7.861133259254305769e-15
5.792063492063492049e+03,7.858232384251479332e-15
5.793650793650793275e+03,7.855331445971159881e-15
5.795238095238095411e+03,7.852430447059578167e-15
5.796825396825396638e+03,7.849529390157630664e-15
5.798412698412697864e+03,7.846628277900784904e-15
5.800000000000000000e+03,7.843727112919183611e-15
5.801587301587302136e+03,7.840825897837602095e-15
5.803174603174602453e+03,7.837924635275457726e-15
5.804761904761904589e+03,7.835023327846839906e-15
5.806349206349206725e+03,7.832121978160489561e-15
5.807936507936507951e+03,7.829220588819844893e-15
5.809523809523809177e+03,7.826319162422981429e-15
5.811111111111111313e+03,7.823417701562709835e-15
5.812698412698412540e+03,7.820516208826509660e-15
5.814285714285713766e+03,7.817614686796581392e-15
5.815873015873015902e+03,7.814713138049824374e-15
5.817460317460317128e+03,7.811811565157868360e-15
5.819047619047618355e+03,7.808909970687053003e-15
5.820634920634920491e+03,7.806008357198476761e-15
5.822222222222222626e+03,7.803106727247968503e-15
5.823809523809523853e+03,7.800205083386103286e-15
5.825396825396825079e+03,7.797303428158224439e-15
5.826984126984127215e+03,7.794401764104438834e-15
5.828571428571428442e+03,7.791500093759610572e-15
5.830158730158729668e+03,7.788598419653405161e-15
5.831746031746031804e+03,7.785696744310276895e-15
5.833333333333333030e+03,7.782795070249451496e-15
5.834920634920634257e+03,7.779893399984992383e-15
5.836507936507936392e+03,7.776991736025754913e-15
5.838095238095238528e+03,7.774090080875410049e-15
5.839682539682539755e+03,7.771188437032458561e-15
5.841269841269840981e+03,7.768286806990246801e-15
5.842857142857143117e+03,7.765385193236947772e-15
5.844444444444444343e+03,7.762483598255595836e-15
5.846031746031745570e+03,7.759582024524081982e-15
5.847619047619047706e+03,7.756680474515138050e-15
5.849206349206348932e+03,7.753778950696401414e-15
5.850793650793650158e+03,7.750877455530366078e-15
5.852380952380952294e+03,7.747975991474428424e-15
5.853968253968254430e+03,7.745074560980857240e-15
5.855555555555554747e+03,7.742173166496864713e-15
5.857142857142856883e+03,7.739271810464514928e-15
5.858730158730159019e+03,7.736370495320835877e-15
5.860317460317460245e+03,7.733469223497761093e-15
5.861904761904761472e+03,7.730567997422165929e-15
5.863492063492063608e+03,7.727666819515845476e-15
5.865079365079364834e+03,7.724765692195568203e-15
5.866666666666666060e+03,7.721864617873038091e-15
5.868253968253968196e+03,7.718963598954932501e-15
5.869841269841270332e+03,7.716062637842886393e-15
5.871428571428570649e+03,7.713161736933514419e-15
5.873015873015872785e+03,7.710260898618434583e-15
5.874603174603174921e+03,7.707360125284220913e-15
5.876190476190476147e+03,7.704459419312493394e-15
5.877777777777777374e+03,7.701558783079831184e-15
5.879365079365079509e+03,7.698658218957859399e-15
5.880952380952380736e+03,7.695757729313206509e-15
5.882539682539681962e+03,7.692857316507551670e-15
5.884126984126984098e+03,7.689956982897580548e-15
5.885714285714286234e+03,7.687056730835050008e-15
5.887301587301586551e+03,7.684156562666756555e-15
5.888888888888888687e+03,7.681256480734552116e-15
5.890476190476190823e+03,7.678356487375348771e-15
5.892063492063492049e+03,7.675456584921155039e-15
5.893650793650793275e+03,7.672556775699042748e-15
5.895238095238095411e+03,7.669657062031170702e-15
5.896825396825396638e+03,7.666757446234795721e-15
5.898412698412697864e+03,7.663857930622282111e-15
5.900000000000000000e+03,7.660958517501100084e-15
5.901587301587302136e+03,7.658059209173833649e-15
5.903174603174602453e+03,7.655160007938210587e-15
5.904761904761904589e+03,7.652260916087050384e-15
5.906349206349206725e+03,7.649361935908360477e-15
5.907936507936507951e+03,7.646463069685260521e-15
5.909523809523809177e+03,7.643564319696037607e-15
5.911111111111111313e+03,7.640665688214128911e-15
5.912698412698412540e+03,7.637767177508159558e-15
5.914285714285713766e+03,7.634868789841912642e-15
5.915873015873015902e+03,7.631970527474365519e-15
5.917460317460317128e+03,7.629072392659675603e-15
5.919047619047618355e+03,7.626174387647197725e-15
5.920634920634920491e+03,7.623276514681507794e-15
5.922222222222222626e+03,7.620378776002372825e-15
5.923809523809523853e+03,7.617481173844798268e-15
5.925396825396825079e+03,7.614583710439001186e-15
5.926984126984127215e+03,7.611686388010438658e-15
5.928571428571428442e+03,7.608789208779795152e-15
5.930158730158729668e+03,7.605892174963031439e-15
5.931746031746031804e+03,7.602995288771334101e-15
5.933333333333333030e+03,7.600098552411181800e-15
5.934920634920634257e+03,7.597201968084290057e-15
5.936507936507936392e+03,7.594305537987672780e-15
5.938095238095238528e+03,7.591409264313621756e-15
5.939682539682539755e+03,7.588513149249714539e-15
5.941269841269840981e+03,7.585617194978841273e-15
5.942857142857143117e+03,7.582721403679179446e-15
5.944444444444444343e+03,7.579825777524239644e-15
5.946031746031745570e+03,7.576930318682826110e-15
5.947619047619047706e+03,7.574035029319095118e-15
5.949206349206348932e+03,7.571139911592517109e-15
5.950793650793650158e+03,7.568244967657917711e-15
5.952380952380952294e+03,7.565350199665460381e-15
5.953968253968254430e+03,7.562455609760677968e-15
5.955555555555554747e+03,7.559561200084447459e-15
5.957142857142856883e+03,7.556666972773019963e-15
5.958730158730159019e+03,7.553772929958031752e-15
5.960317460317460245e+03,7.550879073766497952e-15
5.961904761904761472e+03,7.547985406320818850e-15
5.963492063492063608e+03,7.545091929738803567e-15
5.965079365079364834e+03,7.542198646133657427e-15
5.966666666666666060e+03,7.539305557613996163e-15
5.968253968253968196e+03,7.536412666283856962e-15
5.969841269841270332e+03,7.533519974242700035e-15
5.971428571428570649e+03,7.530627483585429137e-15
5.973015873015872785e+03,7.527735196402367893e-15
5.974603174603174921e+03,7.524843114779305559e-15
5.976190476190476147e+03,7.521951240797482816e-15
5.977777777777777374e+03,7.519059576533591774e-15
5.979365079365079509e+03,7.516168124059783861e-15
5.980952380952380736e+03,7.513276885443718729e-15
5.982539682539681962e+03,7.510385862748501148e-15
5.984126984126984098e+03,7.507495058032748847e-15
5.985714285714286234e+03,7.504604473350564116e-15
5.987301587301586551e+03,7.501714110751554315e-15
5.988888888888888687e+03,7.498823972280828718e-15
5.990476190476190823e+03,7.495934059979022182e-15
5.992063492063492049e+03,7.493044375882295142e-15
5.993650793650793275e+03,7.490154922022330463e-15
5.995238095238095411e+03,7.487265700426360253e-15
5.996825396825396638e+03,7.484376713117132735e-15
5.998412698412697864e+03,7.481487962112976936e-15
6.000000000000000000e+03,7.478599449427764814e-15
6.001587301587301226e+03,7.475711177070942823e-15
6.003174603174602453e+03,7.472823147047519281e-15
6.004761904761904589e+03,7.469935361358075422e-15
6.006349206349206725e+03,7.467047821998801677e-15
6.007936507936507951e+03,7.464160530961456658e-15
6.009523809523809177e+03,7.461273490233409756e-15
6.011111111111111313e+03,7.458386701797623783e-15
6.012698412698412540e+03,7.455500167632694418e-15
6.014285714285713766e+03,7.452613889712820230e-15
6.015873015873015902e+03,7.449727870007834230e-15
6.017460317460317128e+03,7.446842110483191253e-15
6.019047619047618355e+03,7.443956613100007397e-15
6.020634920634920491e+03,7.441071379815019006e-15
6.022222222222222626e+03,7.438186412580637888e-15
6.023809523809523853e+03,7.435301713344921337e-15
6.025396825396825079e+03,7.432417284051610003e-15
6.026984126984127215e+03,7.429533126640093178e-15
6.028571428571428442e+03,7.426649243045464017e-15
6.030158730158729668e+03,7.423765635198487984e-15
6.031746031746031804e+03,7.420882305025639141e-15
6.033333333333333030e+03,7.417999254449076480e-15
6.034920634920634257e+03,7.415116485386678634e-15
6.036507936507936392e+03,7.412233999752029676e-15
6.038095238095238528e+03,7.409351799454430167e-15
6.039682539682539755e+03,7.406469886398933437e-15
6.041269841269840981e+03,7.403588262486291950e-15
6.042857142857143117e+03,7.400706929613031451e-15
6.044444444444444343e+03,7.397825889671405216e-15
6.046031746031745570e+03,7.394945144549425603e-15
6.047619047619047706e+03,7.392064696130859322e-15
6.049206349206348932e+03,7.389184546295263721e-15
6.050793650793650158e+03,7.386304696917942610e-15
6.052380952380952294e+03,7.383425149869998324e-15
6.053968253968254430e+03,7.380545907018308061e-15
6.055555555555554747e+03,7.377666970225569635e-15
6.057142857142856883e+03,7.374788341350244674e-15
6.058730158730159019e+03,7.371910022246618577e-15
6.060317460317460245e+03,7.369032014764802094e-15
6.061904761904761472e+03,7.366154320750709232e-15
6.063492063492063608e+03,7.363276942046098279e-15
6.065079365079364834e+03,7.360399880488544983e-15
6.066666666666666060e+03,7.357523137911477262e-15
6.068253968253968196e+03,7.354646716144154692e-15
6.069841269841270332e+03,7.351770617011715840e-15
6.071428571428570649e+03,7.348894842335130933e-15
6.073015873015872785e+03,7.346019393931260231e-15
6.074603174603174921e+03,7.343144273612825630e-15
6.076190476190476147e+03,7.340269483188428017e-15
6.077777777777777374e+03,7.337395024462558315e-15
6.079365079365079509e+03,7.334520899235597478e-15
6.080952380952380736e+03,7.331647109303832277e-15
6.082539682539681962e+03,7.328773656459448980e-15
6.084126984126984098e+03,7.325900542490538090e-15
6.085714285714286234e+03,7.323027769181133788e-15
6.087301587301586551e+03,7.320155338311172912e-15
6.088888888888888687e+03,7.317283251656524931e-15
6.090476190476190823e+03,7.314411510989018771e-15
6.092063492063492049e+03,7.311540118076400212e-15
6.093650793650793275e+03,7.308669074682398156e-15
6.095238095238095411e+03,7.305798382566648892e-15
6.096825396825396638e+03,7.302928043484812853e-15
6.098412698412697864e+03,7.300058059188478370e-15
6.100000000000000000e+03,7.297188431425235827e-15
6.101587301587301226e+03,7.294319161938631910e-15
6.103174603174602453e+03,7.291450252468245329e-15
6.104761904761904589e+03,7.288581704749598478e-15
6.106349206349206725e+03,7.285713520514244196e-15
6.107936507936507951e+03,7.282845701489762624e-15
6.109523809523809177e+03,7.279978249399710710e-15
6.111111111111111313e+03,7.277111165963697942e-15
6.112698412698412540e+03,7.274244452897343749e-15
6.114285714285713766e+03,7.271378111912309059e-15
6.115873015873015902e+03,7.268512144716289980e-15
6.117460317460317128e+03,7.265646553013044632e-15
6.119047619047618355e+03,7.262781338502364738e-15
6.120634920634920491e+03,7.259916502880119807e-15
6.122222222222222626e+03,7.257052047838230309e-15
6.123809523809523853e+03,7.254187975064705543e-15
6.125396825396825079e+03,7.251324286243613657e-15
6.126984126984127215e+03,7.248460983055121094e-15
6.128571428571428442e+03,7.245598067175491014e-15
6.130158730158729668e+03,7.242735540277062782e-15
6.131746031746031804e+03,7.239873404028302457e-15
6.133333333333333030e+03,7.237011660093782277e-15
6.134920634920634257e+03,7.234150310134174357e-15
6.136507936507936392e+03,7.231289355806283812e-15
6.138095238095238528e+03,7.228428798763058229e-15
6.139682539682539755e+03,7.225568640653556109e-15
6.141269841269840981e+03,7.222708883123000513e-15
6.142857142857143117e+03,7.219849527812742773e-15
6.144444444444444343e+03,7.216990576360305087e-15
6.146031746031745570e+03,7.214132030399347395e-15
6.147619047619047706e+03,7.211273891559722589e-15
6.149206349206348932e+03,7.208416161467438657e-15
6.150793650793650158e+03,7.205558841744691809e-15
6.152380952380952294e+03,7.202701934009857013e-15
6.153968253968254430e+03,7.199845439877489574e-15
6.155555555555554747e+03,7.196989360958383505e-15
6.157142857142856883e+03,7.194133698859470560e-15
6.158730158730159019e+03,7.191278455183954334e-15
6.160317460317460245e+03,7.188423631531220335e-15
6.161904761904761472e+03,7.185569229496888050e-15
6.163492063492063608e+03,7.182715250672801478e-15
6.165079365079364834e+03,7.179861696647032283e-15
6.166666666666666060e+03,7.177008569003901887e-15
6.168253968253968196e+03,7.174155869323981466e-15
6.169841269841270332e+03,7.171303599184073018e-15
6.171428571428570649e+03,7.168451760157272473e-15
6.173015873015872785e+03,7.165600353812908162e-15
6.174603174603174921e+03,7.162749381716596036e-15
6.176190476190476147e+03,7.159898845430216001e-15
6.177777777777777374e+03,7.157048746511948204e-15
6.179365079365079509e+03,7.154199086516247793e-15
6.180952380952380736e+03,7.151349866993871734e-15
6.182539682539681962e+03,7.148501089491888281e-15
6.184126984126984098e+03,7.145652755553634376e-15
6.185714285714286234e+03,7.142804866718808732e-15
6.187301587301586551e+03,7.139957424523400841e-15
6.188888888888888687e+03,7.137110430499731991e-15
6.190476190476190823e+03,7.134263886176452110e-15
6.192063492063492049e+03,7.131417793078558702e-15
6.193650793650793275e+03,7.128572152727373177e-15
6.195238095238095411e+03,7.125726966640591342e-15
6.196825396825396638e+03,7.122882236332232912e-15
6.198412698412697864e+03,7.120037963312714085e-15
6.200000000000000000e+03,7.117194149088790743e-15
6.201587301587301226e+03,7.114350795163599478e-15
6.203174603174602453e+03,7.111507903036671783e-15
6.204761904761904589e+03,7.108665474203888306e-15
6.206349206349206725e+03,7.105823510157564043e-15
6.207936507936507951e+03,7.102982012386377340e-15
6.209523809523809177e+03,7.100140982375426693e-15
6.211111111111111313e+03,7.097300421606211816e-15
6.212698412698412540e+03,7.094460331556658092e-15
6.214285714285713766e+03,7.091620713701086600e-15
6.215873015873015902e+03,7.088781569510274065e-15
6.217460317460317128e+03,7.085942900451411053e-15
6.219047619047618355e+03,7.083104707988133522e-15
6.220634920634920491e+03,7.080266993580518087e-15
6.222222222222222626e+03,7.077429758685098593e-15
6.223809523809523853e+03,7.074593004754862951e-15
6.225396825396825079e+03,7.071756733239239735e-15
6.226984126984127215e+03,7.068920945584154974e-15
6.228571428571428442e+03,7.066085643231987192e-15
6.230158730158729668e+03,7.063250827621614734e-15
6.231746031746031804e+03,7.060416500188370019e-15
6.233333333333333030e+03,7.057582662364122364e-15
6.234920634920634257e+03,7.054749315577180957e-15
6.236507936507936392e+03,7.051916461252399775e-15
6.238095238095238528e+03,7.049084100811123944e-15
6.239682539682539755e+03,7.046252235671224444e-15
6.241269841269840981e+03,7.043420867247072080e-15
6.242857142857143117e+03,7.040589996949591125e-15
6.244444444444444343e+03,7.037759626186203306e-15
6.246031746031745570e+03,7.034929756360892498e-15
6.247619047619047706e+03,7.032100388874180265e-15
6.249206349206348932e+03,7.029271525123125068e-15
6.250793650793650158e+03,7.026443166501364084e-15
6.252380952380952294e+03,7.023615314399069807e-15
6.253968253968254430e+03,7.020787970202987135e-15
6.255555555555554747e+03,7.017961135296445196e-15
6.257142857142856883e+03,7.015134811059334473e-15
6.258730158730159019e+03,7.012308998868129683e-15
6.260317460317460245e+03,7.009483700095914229e-15
6.261904761904761472e+03,7.006658916112335236e-15
6.263492063492063608e+03,7.003834648283663503e-15
6.265079365079364834e+03,7.001010897972759586e-15
6.266666666666666060e+03,6.998187666539107714e-15
6.268253968253968196e+03,6.995364955338801593e-15
6.269841269841270332e+03,6.992542765724559393e-15
6.271428571428570649e+03,6.989721099045734792e-15
6.273015873015872785e+03,6.986899956648301200e-15
6.274603174603174921e+03,6.984079339874880154e-15
6.276190476190476147e+03,6.981259250064731070e-15
6.277777777777777374e+03,6.978439688553784368e-15
6.279365079365079509e+03,6.975620656674597300e-15
6.280952380952380736e+03,6.972802155756415480e-15
6.282539682539681962e+03,6.969984187125134229e-15
6.284126984126984098e+03,6.967166752103330919e-15
6.285714285714286234e+03,6.964349852010255508e-15
6.287301587301586551e+03,6.961533488161852626e-15
6.288888888888888687e+03,6.958717661870735542e-15
6.290476190476190823e+03,6.955902374446245333e-15
6.292063492063492049e+03,6.953087627194402758e-15
6.293650793650793275e+03,6.950273421417926404e-15
6.295238095238095411e+03,6.947459758416268187e-15
6.296825396825396638e+03,6.944646639485581795e-15
6.298412698412697864e+03,6.941834065918758186e-15
6.300000000000000000e+03,6.939022039005397980e-15
6.301587301587301226e+03,6.936210560031858002e-15
6.303174603174602453e+03,6.933399630281220513e-15
6.304761904761904589e+03,6.930589251033316880e-15
6.306349206349206725e+03,6.927779423564715741e-15
6.307936507936507951e+03,6.924970149148772704e-15
6.309523809523809177e+03,6.922161429055571969e-15
6.311111111111111313e+03,6.919353264551988652e-15
6.312698412698412540e+03,6.916545656901658015e-15
6.314285714285713766e+03,6.913738607364991249e-15
6.315873015873015902e+03,6.910932117199192032e-15
6.317460317460317128e+03,6.908126187658245493e-15
6.319047619047618355e+03,6.905320819992933985e-15
6.320634920634920491e+03,6.902516015450840240e-15
6.322222222222222626e+03,6.899711775276361571e-15
6.323809523809523853e+03,6.896908100710671215e-15
6.325396825396825079e+03,6.894104992991805111e-15
6.326984126984127215e+03,6.891302453354588532e-15
6.328571428571428442e+03,6.888500483030678688e-15
6.330158730158729668e+03,6.885699083248578922e-15
6.331746031746031804e+03,6.882898255233611889e-15
6.333333333333333030e+03,6.880098000207950323e-15
6.334920634920634257e+03,6.877298319390618614e-15
6.336507936507936392e+03,6.874499213997488865e-15
6.338095238095238528e+03,6.871700685241302978e-15
6.339682539682538845e+03,6.868902734331656878e-15
6.341269841269840981e+03,6.866105362475006033e-15
6.342857142857143117e+03,6.863308570874704112e-15
6.344444444444444343e+03,6.860512360730968273e-15
6.346031746031745570e+03,6.857716733240907561e-15
6.347619047619047706e+03,6.854921689598519754e-15
6.349206349206348932e+03,6.852127230994703196e-15
6.350793650793650158e+03,6.849333358617255218e-15
6.352380952380952294e+03,6.846540073650872927e-15
6.353968253968254430e+03,6.843747377277167409e-15
6.355555555555554747e+03,6.840955270674682655e-15
6.357142857142856883e+03,6.838163755018860859e-15
6.358730158730159019e+03,6.835372831482089741e-15
6.360317460317460245e+03,6.832582501233685990e-15
6.361904761904761472e+03,6.829792765439902355e-15
6.363492063492063608e+03,6.827003625263924498e-15
6.365079365079364834e+03,6.824215081865908852e-15
6.366666666666666060e+03,6.821427136402951071e-15
6.368253968253968196e+03,6.818639790029104172e-15
6.369841269841270332e+03,6.815853043895401414e-15
6.371428571428570649e+03,6.813066899149828682e-15
6.373015873015872785e+03,6.810281356937349741e-15
6.374603174603174921e+03,6.807496418399908592e-15
6.376190476190476147e+03,6.804712084676448411e-15
6.377777777777777374e+03,6.801928356902876835e-15
6.379365079365079509e+03,6.799145236212120400e-15
6.380952380952380736e+03,6.796362723734096133e-15
6.382539682539681962e+03,6.793580820595724970e-15
6.384126984126984098e+03,6.790799527920934119e-15
6.385714285714286234e+03,6.788018846830684671e-15
6.387301587301586551e+03,6.785238778442939257e-15
6.388888888888888687e+03,6.782459323872700701e-15
6.390476190476190823e+03,6.779680484231997824e-15
6.392063492063492049e+03,6.776902260629895693e-15
6.393650793650793275e+03,6.774124654172498782e-15
6.395238095238095411e+03,6.771347665962953337e-15
6.396825396825396638e+03,6.768571297101478928e-15
6.398412698412697864e+03,6.765795548685323488e-15
6.400000000000000000e+03,6.763020421808826420e-15
6.401587301587301226e+03,6.760245917563366530e-15
6.403174603174602453e+03,6.757472037037413307e-15
6.404761904761904589e+03,6.754698781316496154e-15
6.406349206349206725e+03,6.751926151483250933e-15
6.407936507936507951e+03,6.749154148617374210e-15
6.409523809523809177e+03,6.746382773795689520e-15
6.411111111111111313e+03,6.743612028092066113e-15
6.412698412698412540e+03,6.740841912577524662e-15
6.414285714285713766e+03,6.738072428320170213e-15
6.415873015873015902e+03,6.735303576385214266e-15
6.417460317460317128e+03,6.732535357835007915e-15
6.419047619047618355e+03,6.729767773728999244e-15
6.420634920634920491e+03,6.727000825123788549e-15
6.422222222222222626e+03,6.724234513073092050e-15
6.423809523809523853e+03,6.721468838627760828e-15
6.425396825396825079e+03,6.718703802835793437e-15
6.426984126984127215e+03,6.715939406742345382e-15
6.428571428571428442e+03,6.713175651389707021e-15
6.430158730158729668e+03,6.710412537817345381e-15
6.431746031746031804e+03,6.707650067061863135e-15
6.433333333333333030e+03,6.704888240157053032e-15
6.434920634920634257e+03,6.702127058133873445e-15
6.436507936507936392e+03,6.699366522020449948e-15
6.438095238095238528e+03,6.696606632842103712e-15
6.439682539682538845e+03,6.693847391621341256e-15
6.441269841269840981e+03,6.691088799377844185e-15
6.442857142857143117e+03,6.688330857128502327e-15
6.444444444444444343e+03,6.685573565887420829e-15
6.446031746031745570e+03,6.682816926665879930e-15
6.447619047619047706e+03,6.680060940472399642e-15
6.449206349206348932e+03,6.677305608312705833e-15
6.450793650793650158e+03,6.674550931189728649e-15
6.452380952380952294e+03,6.671796910103645898e-15
6.453968253968254430e+03,6.669043546051867276e-15
6.455555555555554747e+03,6.666290840029015433e-15
6.457142857142856883e+03,6.663538793026978830e-15
6.458730158730159019e+03,6.660787406034866766e-15
6.460317460317460245e+03,6.658036680039062241e-15
6.461904761904761472e+03,6.655286616023184085e-15
6.463492063492063608e+03,6.652537214968112990e-15
6.465079365079364834e+03,6.649788477852012026e-15
6.466666666666666060e+03,6.647040405650284823e-15
6.468253968253968196e+03,6.644292999335633956e-15
6.469841269841270332e+03,6.641546259878021493e-15
6.471428571428570649e+03,6.638800188244722644e-15
6.473015873015872785e+03,6.636054785400249239e-15
6.474603174603174921e+03,6.633310052306457013e-15
6.476190476190476147e+03,6.630565989922471454e-15
6.477777777777777374e+03,6.627822599204734345e-15
6.479365079365079509e+03,6.625079881106979308e-15
6.480952380952380736e+03,6.622337836580265729e-15
6.482539682539681962e+03,6.619596466572953510e-15
6.484126984126984098e+03,6.616855772030714116e-15
6.485714285714285325e+03,6.614115753896502964e-15
6.487301587301586551e+03,6.611376413110455293e-15
6.488888888888888687e+03,6.608637750609576930e-15
6.490476190476190823e+03,6.605899767326789771e-15
6.492063492063492049e+03,6.603162464188187331e-15
6.493650793650793275e+03,6.600425842105103536e-15
6.495238095238095411e+03,6.597689901952346477e-15
6.496825396825396638e+03,6.594954644509531608e-15
6.498412698412697864e+03,6.592220070307969372e-15
6.500000000000000000e+03,6.589486179241879831e-15
6.501587301587301226e+03,6.586752969609551174e-15
6.503174603174602453e+03,6.584020435816146781e-15
6.504761904761904589e+03,6.581288563029561498e-15
6.506349206349206725e+03,6.578557315111554242e-15
6.507936507936507951e+03,6.575826608169852978e-15
6.509523809523809177e+03,6.573096254340545554e-15
6.511111111111111313e+03,6.570365845937341358e-15
6.512698412698412540e+03,6.567634524124083327e-15
6.514285714285713766e+03,6.564900531638720228e-15
6.515873015873015902e+03,6.562160376014257450e-15
6.517460317460317128e+03,6.559407316236834025e-15
6.519047619047618355e+03,6.556628719873191833e-15
6.520634920634920491e+03,6.553801612233276883e-15
6.522222222222222626e+03,6.550885460314752608e-15
6.523809523809523853e+03,6.547810934220756121e-15
6.525396825396825079e+03,6.544463140742569044e-15
6.526984126984127215e+03,6.540657756225441454e-15
6.528571428571428442e+03,6.536108787085100424e-15
6.530158730158729668e+03,6.530387589953370865e-15
6.531746031746031804e+03,6.522874521694258064e-15
6.533333333333333030e+03,6.512707308091189093e-15
6.534920634920634257e+03,6.498733857541183557e-15
6.536507936507936392e+03,6.479481402218582027e-15
6.538095238095238528e+03,6.453157686532149067e-15
6.539682539682538845e+03,6.417702167042943596e-15
6.541269841269840981e+03,6.370904290479545647e-15
6.542857142857143117e+03,6.310600413453790378e-15
6.544444444444444343e+03,6.234949970599026340e-15
6.546031746031745570e+03,6.142775440743181155e-15
6.547619047619047706e+03,6.033931506365770997e-15
6.549206349206348932e+03,5.909650277011174100e-15
6.550793650793650158e+03,5.772796517826188151e-15
6.552380952380952294e+03,5.627964604602986033e-15
6.553968253968254430e+03,5.481361166122042794e-15
6.555555555555554747e+03,5.340444920365062307e-15
6.557142857142856883e+03,5.213334985102867996e-15
6.558730158730159019e+03,5.108043926081032259e-15
6.560317460317460245e+03,5.031632269098440516e-15
6.561904761904761472e+03,4.989407023295424324e-15
6.563492063492063608e+03,4.984290234435736017e-15
6.565079365079364834e+03,5.016461859118389493e-15
6.566666666666666060e+03,5.083337564232046993e-15
6.568253968253968196e+03,5.179885254342267411e-15
6.569841269841270332e+03,5.299226497498685133e-15
6.571428571428570649e+03,5.433423061498607823e-15
6.573015873015872785e+03,5.574323923222706152e-15
6.574603174603174921e+03,5.714348396358256514e-15
6.576190476190476147e+03,5.847104331762801893e-15
6.577777777777777374e+03,5.967779475750866415e-15
6.579365079365079509e+03,6.073289053300881863e-15
6.580952380952380736e+03,6.162203549783498680e-15
6.582539682539681962e+03,6.234510035176350255e-15
6.584126984126984098e+03,6.291274601763111352e-15
6.585714285714285325e+03,6.334272954884330646e-15
6.587301587301586551e+03,6.365644364901577609e-15
6.588888888888888687e+03,6.387606086846894157e-15
6.590476190476190823e+03,6.402246039118724212e-15
6.592063492063492049e+03,6.411394929745097878e-15
6.593650793650793275e+03,6.416567357986156968e-15
6.595238095238095411e+03,6.418955245676947328e-15
6.596825396825396638e+03,6.419455540199327405e-15
6.598412698412697864e+03,6.418716062176324671e-15
6.600000000000000000e+03,6.417187083703426822e-15
6.601587301587301226e+03,6.415170394716343368e-15
6.603174603174602453e+03,6.412861349833513661e-15
6.604761904761904589e+03,6.410382233470341354e-15
6.606349206349206725e+03,6.407807139680366981e-15
6.607936507936507951e+03,6.405179561472966370e-15
6.609523809523809177e+03,6.402524249090705848e-15
6.611111111111111313e+03,6.399854864649115422e-15
6.612698412698412540e+03,6.397178727202056882e-15
6.614285714285713766e+03,6.394499643775535762e-15
6.615873015873015902e+03,6.391819537874384197e-15
6.617460317460317128e+03,6.389139353919835284e-15
6.619047619047618355e+03,6.386459542764332034e-15
6.620634920634920491e+03,6.383780313845946698e-15
6.622222222222222626e+03,6.381101761985913913e-15
6.623809523809523853e+03,6.378423929165139135e-15
6.625396825396825079e+03,6.375746833701982325e-15
6.626984126984127215e+03,6.373070483618566455e-15
6.628571428571428442e+03,6.370394882582181232e-15
6.630158730158729668e+03,6.367720032468822299e-15
6.631746031746031804e+03,6.365045934437320012e-15
6.633333333333333030e+03,6.362372589366383380e-15
6.634920634920634257e+03,6.359699998027465514e-15
6.636507936507936392e+03,6.357028161151139176e-15
6.638095238095238528e+03,6.354357079451920653e-15
6.639682539682538845e+03,6.351686753637273026e-15
6.641269841269840981e+03,6.349017184410775815e-15
6.642857142857143117e+03,6.346348372473240425e-15
6.644444444444444343e+03,6.343680318523085650e-15
6.646031746031745570e+03,6.341013023256419705e-15
6.647619047619047706e+03,6.338346487367119910e-15
6.649206349206348932e+03,6.335680711546852408e-15
6.650793650793650158e+03,6.333015696485024831e-15
6.652380952380952294e+03,6.330351442868873078e-15
6.653968253968254430e+03,6.327687951383386373e-15
6.655555555555554747e+03,6.325025222711378261e-15
6.657142857142856883e+03,6.322363257533434542e-15
6.658730158730159019e+03,6.319702056527969286e-15
6.660317460317460245e+03,6.317041620371166449e-15
6.661904761904761472e+03,6.314381949737056399e-15
6.663492063492063608e+03,6.311723045297459116e-15
6.665079365079364834e+03,6.309064907722029155e-15
6.666666666666666060e+03,6.306407537678231196e-15
6.668253968253968196e+03,6.303750935831350292e-15
6.669841269841270332e+03,6.301095102844529743e-15
6.671428571428570649e+03,6.298440039378714292e-15
6.673015873015872785e+03,6.295785746092699035e-15
6.674603174603174921e+03,6.293132223643120746e-15
6.676190476190476147e+03,6.290479472684476018e-15
6.677777777777777374e+03,6.287827493869085767e-15
6.679365079365079509e+03,6.285176287847142562e-15
6.680952380952380736e+03,6.282525855266683804e-15
6.682539682539681962e+03,6.279876196773620124e-15
6.684126984126984098e+03,6.277227313011725918e-15
6.685714285714285325e+03,6.274579204622642504e-15
6.687301587301586551e+03,6.271931872245882850e-15
6.688888888888888687e+03,6.269285316518835525e-15
6.690476190476190823e+03,6.266639538076775737e-15
6.692063492063492049e+03,6.263994537552866126e-15
6.693650793650793275e+03,6.261350315578148872e-15
6.695238095238095411e+03,6.258706872781565422e-15
6.696825396825396638e+03,6.256064209789958850e-15
6.698412698412697864e+03,6.253422327228058871e-15
6.700000000000000000e+03,6.250781225718514977e-15
6.701587301587301226e+03,6.248140905881869610e-15
6.703174603174602453e+03,6.245501368336593664e-15
6.704761904761904589e+03,6.242862613699063608e-15
6.706349206349206725e+03,6.240224642583580416e-15
6.707936507936507951e+03,6.237587455602371149e-15
6.709523809523809177e+03,6.234951053365581851e-15
6.711111111111111313e+03,6.232315436481294118e-15
6.712698412698412540e+03,6.229680605555534564e-15
6.714285714285713766e+03,6.227046561192253520e-15
6.715873015873015902e+03,6.224413303993358167e-15
6.717460317460317128e+03,6.221780834558692028e-15
6.719047619047618355e+03,6.219149153486054683e-15
6.720634920634920491e+03,6.216518261371198624e-15
6.722222222222222626e+03,6.213888158807832398e-15
6.723809523809523853e+03,6.211258846387637186e-15
6.725396825396825079e+03,6.208630324700246280e-15
6.726984126984127215e+03,6.206002594333272703e-15
6.728571428571428442e+03,6.203375655872302105e-15
6.730158730158729668e+03,6.200749509900887240e-15
6.731746031746031804e+03,6.198124157000569268e-15
6.733333333333333030e+03,6.195499597750878542e-15
6.734920634920634257e+03,6.192875832729326721e-15
6.736507936507936392e+03,6.190252862511422543e-15
6.738095238095238528e+03,6.187630687670667889e-15
6.739682539682538845e+03,6.185009308778564872e-15
6.741269841269840981e+03,6.182388726404620580e-15
6.742857142857143117e+03,6.179768941116341548e-15
6.744444444444444343e+03,6.177149953479261370e-15
6.746031746031745570e+03,6.174531764056918611e-15
6.747619047619047706e+03,6.171914373410859172e-15
6.749206349206348932e+03,6.169297782100675738e-15
6.750793650793650158e+03,6.166681990683964383e-15
6.752380952380952294e+03,6.164066999716360074e-15
6.753968253968254430e+03,6.161452809751539827e-15
6.755555555555554747e+03,6.158839421341196671e-15
6.757142857142856883e+03,6.156226835035084616e-15
6.758730158730159019e+03,6.153615051380981573e-15
6.760317460317460245e+03,6.151004070924740636e-15
6.761904761904761472e+03,6.148393894210233278e-15
6.763492063492063608e+03,6.145784521779416408e-15
6.765079365079364834e+03,6.143175954172287402e-15
6.766666666666666060e+03,6.140568191926914086e-15
6.768253968253968196e+03,6.137961235579421318e-15
6.769841269841270332e+03,6.135355085664008348e-15
6.771428571428570649e+03,6.132749742712966173e-15
6.773015873015872785e+03,6.130145207256625468e-15
6.774603174603174921e+03,6.127541479823429165e-15
6.776190476190476147e+03,6.124938560939896165e-15
6.777777777777777374e+03,6.122336451130624492e-15
6.779365079365079509e+03,6.119735150918303915e-15
6.780952380952380736e+03,6.117134660823741193e-15
6.782539682539681962e+03,6.114534981365804853e-15
6.784126984126984098e+03,6.111936113061503287e-15
6.785714285714285325e+03,6.109338056425922436e-15
6.787301587301586551e+03,6.106740811972276272e-15
6.788888888888888687e+03,6.104144380211879978e-15
6.790476190476190823e+03,6.101548761654160995e-15
6.792063492063492049e+03,6.098953956806690573e-15
6.793650793650793275e+03,6.096359966175135651e-15
6.795238095238095411e+03,6.093766790263305403e-15
6.796825396825396638e+03,6.091174429573140979e-15
6.798412698412697864e+03,6.088582884604709983e-15
6.800000000000000000e+03,6.085992155856214364e-15
6.801587301587301226e+03,6.083402243824018816e-15
6.803174603174602453e+03,6.080813149002602653e-15
6.804761904761904589e+03,6.078224871884618976e-15
6.806349206349206725e+03,6.075637412960859175e-15
6.807936507936507951e+03,6.073050772720274228e-15
6.809523809523809177e+03,6.070464951649967599e-15
6.811111111111111313e+03,6.067879950235218909e-15
6.812698412698412540e+03,6.065295768959458684e-15
6.814285714285713766e+03,6.062712408304292820e-15
6.815873015873015902e+03,6.060129868749501785e-15
6.817460317460317128e+03,6.057548150773042202e-15
6.819047619047618355e+03,6.054967254851046059e-15
6.820634920634920491e+03,6.052387181457825442e-15
6.822222222222222626e+03,6.049807931065892255e-15
6.823809523809522943e+03,6.047229504145940080e-15
6.825396825396825079e+03,6.044651901166856793e-15
6.826984126984127215e+03,6.042075122595719050e-15
6.828571428571428442e+03,6.039499168897820677e-15
6.830158730158729668e+03,6.036924040536641121e-15
6.831746031746031804e+03,6.034349737973885683e-15
6.833333333333333030e+03,6.031776261669451593e-15
6.834920634920634257e+03,6.029203612081465088e-15
6.836507936507936392e+03,6.026631789666262481e-15
6.838095238095238528e+03,6.024060794878396468e-15
6.839682539682538845e+03,6.021490628170659011e-15
6.841269841269840981e+03,6.018921289994048199e-15
6.842857142857143117e+03,6.016352780797813219e-15
6.844444444444444343e+03,6.013785101029429896e-15
6.846031746031745570e+03,6.011218251134613320e-15
6.847619047619047706e+03,6.008652231557305221e-15
6.849206349206348932e+03,6.006087042739715777e-15
6.850793650793650158e+03,6.003522685122288122e-15
6.852380952380952294e+03,6.000959159143718058e-15
6.853968253968254430e+03,5.998396465240954854e-15
6.855555555555554747e+03,5.995834603849221747e-15
6.857142857142856883e+03,5.993273575401974928e-15
6.858730158730159019e+03,5.990713380330955605e-15
6.860317460317460245e+03,5.988154019066169489e-15
6.861904761904761472e+03,5.985595492035885222e-15
6.863492063492063608e+03,5.983037799666658040e-15
6.865079365079364834e+03,5.980480942383309260e-15
6.866666666666666060e+03,5.977924920608957053e-15
6.868253968253968196e+03,5.975369734764976991e-15
6.869841269841270332e+03,5.972815385271066743e-15
6.871428571428570649e+03,5.970261872545183749e-15
6.873015873015872785e+03,5.967709197003604386e-15
6.874603174603174921e+03,5.965157359060879793e-15
6.876190476190476147e+03,5.962606359129890302e-15
6.877777777777777374e+03,5.960056197621787850e-15
6.879365079365079509e+03,5.957506874946056722e-15
6.880952380952380736e+03,5.954958391510476475e-15
6.882539682539681962e+03,5.952410747721157437e-15
6.884126984126984098e+03,5.949863943982507572e-15
6.885714285714285325e+03,5.947317980697269561e-15
6.887301587301586551e+03,5.944772858266499498e-15
6.888888888888888687e+03,5.942228577089588983e-15
6.890476190476190823e+03,5.939685137564254863e-15
6.892063492063492049e+03,5.937142540086546333e-15
6.893650793650793275e+03,5.934600785050859925e-15
6.895238095238095411e+03,5.932059872849909530e-15
6.896825396825396638e+03,5.929519803874785563e-15
6.898412698412697864e+03,5.926980578514888700e-15
6.900000000000000000e+03,5.924442197157989830e-15
6.901587301587301226e+03,5.921904660190207178e-15
6.903174603174602453e+03,5.919367967996021294e-15
6.904761904761904589e+03,5.916832120958260854e-15
6.906349206349206725e+03,5.914297119458119223e-15
6.907936507936507951e+03,5.911762963875165505e-15
6.909523809523809177e+03,5.909229654587319292e-15
6.911111111111111313e+03,5.906697191970890902e-15
6.912698412698412540e+03,5.904165576400548246e-15
6.914285714285713766e+03,5.901634808249358632e-15
6.915873015873015902e+03,5.899104887888743808e-15
6.917460317460317128e+03,5.896575815688529655e-15
6.919047619047618355e+03,5.894047592016924100e-15
6.920634920634920491e+03,5.891520217240522638e-15
6.922222222222222626e+03,5.888993691724311490e-15
6.923809523809522943e+03,5.886468015831690474e-15
6.925396825396825079e+03,5.883943189924439879e-15
6.926984126984127215e+03,5.881419214362750440e-15
6.928571428571428442e+03,5.878896089505220969e-15
6.930158730158729668e+03,5.876373815708855201e-15
6.931746031746031804e+03,5.873852393329077574e-15
6.933333333333333030e+03,5.871331822719719812e-15
6.934920634920634257e+03,5.868812104233034344e-15
6.936507936507936392e+03,5.866293238219694295e-15
6.938095238095238528e+03,5.863775225028802171e-15
6.939682539682538845e+03,5.861258065007882756e-15
6.941269841269840981e+03,5.858741758502893364e-15
6.942857142857143117e+03,5.856226305858223847e-15
6.944444444444444343e+03,5.853711707416712366e-15
6.946031746031745570e+03,5.851197963519621724e-15
6.947619047619047706e+03,5.848685074506660673e-15
6.949206349206348932e+03,5.846173040715988637e-15
6.950793650793650158e+03,5.843661862484218089e-15
6.952380952380952294e+03,5.841151540146407441e-15
6.953968253968254430e+03,5.838642074036064207e-15
6.955555555555554747e+03,5.836133464485178134e-15
6.957142857142856883e+03,5.833625711824162822e-15
6.958730158730159019e+03,5.831118816381931458e-15
6.960317460317460245e+03,5.828612778485845543e-15
6.961904761904761472e+03,5.826107598461748016e-15
6.963492063492063608e+03,5.823603276633937230e-15
6.965079365079364834e+03,5.821099813325210333e-15
6.966666666666666060e+03,5.818597208856830140e-15
6.968253968253968196e+03,5.816095463548544065e-15
6.969841269841269423e+03,5.813594577718584907e-15
6.971428571428570649e+03,5.811094551683677954e-15
6.973015873015872785e+03,5.808595385759032301e-15
6.974603174603174921e+03,5.806097080258358998e-15
6.976190476190476147e+03,5.803599635493865525e-15
6.977777777777777374e+03,5.801103051776248694e-15
6.979365079365079509e+03,5.798607329414722258e-15
6.980952380952380736e+03,5.796112468716998769e-15
6.982539682539681962e+03,5.793618469989304564e-15
6.984126984126984098e+03,5.791125333536371877e-15
6.985714285714285325e+03,5.788633059661460927e-15
6.987301587301586551e+03,5.786141648666320479e-15
6.988888888888888687e+03,5.783651100851258044e-15
6.990476190476190823e+03,5.781161416515078358e-15
6.992063492063492049e+03,5.778672595955123606e-15
6.993650793650793275e+03,5.776184639467264747e-15
6.995238095238095411e+03,5.773697547345900727e-15
6.996825396825396638e+03,5.771211319883963211e-15
6.998412698412697864e+03,5.768725957372941824e-15
7.000000000000000000e+03,5.766241460102842347e-15
7.001587301587301226e+03,5.763757828362226942e-15
7.003174603174602453e+03,5.761275062438212581e-15
7.004761904761904589e+03,5.758793162616441063e-15
7.006349206349206725e+03,5.756312129181135818e-15
7.007936507936507951e+03,5.753831962415057726e-15
7.009523809523809177e+03,5.751352662599535096e-15
7.011111111111111313e+03,5.748874230014444734e-15
7.012698412698412540e+03,5.746396664938250594e-15
7.014285714285713766e+03,5.743919967647960395e-15
7.015873015873015902e+03,5.741444138419164272e-15
7.017460317460317128e+03,5.738969177526016632e-15
7.019047619047618355e+03,5.736495085241265346e-15
7.020634920634920491e+03,5.734021861836209143e-15
7.022222222222222626e+03,5.731549507580757573e-15
7.023809523809522943e+03,5.729078022743386034e-15
7.025396825396825079e+03,5.726607407591156285e-15
7.026984126984127215e+03,5.724137662389725913e-15
7.028571428571428442e+03,5.721668787403346756e-15
7.030158730158729668e+03,5.719200782894860168e-15
7.031746031746031804e+03,5.716733649125708062e-15
7.033333333333333030e+03,5.714267386355939227e-15
7.034920634920634257e+03,5.711801994844195908e-15
7.036507936507936392e+03,5.709337474847731169e-15
7.038095238095238528e+03,5.706873826622409678e-15
7.039682539682538845e+03,5.704411050422708497e-15
7.041269841269840981e+03,5.701949146501712348e-15
7.042857142857143117e+03,5.699488115111138857e-15
7.044444444444444343e+03,5.697027956501307000e-15
7.046031746031745570e+03,5.694568670921176545e-15
7.047619047619047706e+03,5.692110258618314922e-15
7.049206349206348932e+03,5.689652719838934297e-15
7.050793650793650158e+03,5.687196054827875795e-15
7.052380952380952294e+03,5.684740263828601613e-15
7.053968253968254430e+03,5.682285347083232096e-15
7.055555555555554747e+03,5.679831304832514181e-15
7.057142857142856883e+03,5.677378137315832443e-15
7.058730158730159019e+03,5.674925844771224871e-15
7.060317460317460245e+03,5.672474427435385237e-15
7.061904761904761472e+03,5.670023885543637846e-15
7.063492063492063608e+03,5.667574219329976200e-15
7.065079365079364834e+03,5.665125429027047212e-15
7.066666666666666060e+03,5.662677514866150420e-15
7.068253968253968196e+03,5.660230477077248246e-15
7.069841269841269423e+03,5.657784315888976246e-15
7.071428571428570649e+03,5.655339031528631279e-15
7.073015873015872785e+03,5.652894624222169929e-15
7.074603174603174921e+03,5.650451094194232171e-15
7.076190476190476147e+03,5.648008441668139007e-15
7.077777777777777374e+03,5.645566666865877473e-15
7.079365079365079509e+03,5.643125770008109319e-15
7.080952380952380736e+03,5.640685751314204140e-15
7.082539682539681962e+03,5.638246611002186526e-15
7.084126984126984098e+03,5.635808349288792064e-15
7.085714285714285325e+03,5.633370966389441314e-15
7.087301587301586551e+03,5.630934462518239803e-15
7.088888888888888687e+03,5.628498837887996171e-15
7.090476190476190823e+03,5.626064092710222170e-15
7.092063492063492049e+03,5.623630227195126353e-15
7.093650793650793275e+03,5.621197241551618812e-15
7.095238095238095411e+03,5.618765135987321424e-15
7.096825396825396638e+03,5.616333910708563127e-15
7.098412698412697864e+03,5.613903565920383857e-15
7.100000000000000000e+03,5.611474101826536921e-15
7.101587301587301226e+03,5.609045518629500825e-15
7.103174603174602453e+03,5.606617816530469020e-15
7.104761904761904589e+03,5.604190995729352270e-15
7.106349206349206725e+03,5.601765056424789697e-15
7.107936507936507951e+03,5.599339998814158241e-15
7.109523809523809177e+03,5.596915823093549793e-15
7.111111111111111313e+03,5.594492529457798796e-15
7.112698412698412540e+03,5.592070118100469628e-15
7.114285714285713766e+03,5.589648589213870011e-15
7.115873015873015902e+03,5.587227942989042336e-15
7.117460317460317128e+03,5.584808179615777070e-15
7.119047619047618355e+03,5.582389299282606446e-15
7.120634920634920491e+03,5.579971302176813934e-15
7.122222222222222626e+03,5.577554188484435810e-15
7.123809523809522943e+03,5.575137958390254855e-15
7.125396825396825079e+03,5.572722612077818488e-15
7.126984126984127215e+03,5.570308149729419057e-15
7.128571428571428442e+03,5.567894571526129325e-15
7.130158730158729668e+03,5.565481877647774081e-15
7.131746031746031804e+03,5.563070068272936445e-15
7.133333333333333030e+03,5.560659143578990214e-15
7.134920634920634257e+03,5.558249103742055684e-15
7.136507936507936392e+03,5.555839948937042253e-15
7.138095238095238528e+03,5.553431679337633423e-15
7.139682539682538845e+03,5.551024295116286812e-15
7.141269841269840981e+03,5.548617796444245978e-15
7.142857142857143117e+03,5.546212183491538846e-15
7.144444444444444343e+03,5.543807456426972182e-15
7.146031746031745570e+03,5.541403615418151318e-15
7.147619047619047706e+03,5.539000660631458064e-15
7.149206349206348932e+03,5.536598592232091727e-15
7.150793650793650158e+03,5.534197410384021778e-15
7.152380952380952294e+03,5.531797115250034398e-15
7.153968253968254430e+03,5.529397706991706446e-15
7.155555555555554747e+03,5.526999185769432274e-15
7.157142857142856883e+03,5.524601551742389815e-15
7.158730158730159019e+03,5.522204805068588697e-15
7.160317460317460245e+03,5.519808945904832379e-15
7.161904761904761472e+03,5.517413974406749708e-15
7.163492063492063608e+03,5.515019890728783082e-15
7.165079365079364834e+03,5.512626695024180566e-15
7.166666666666666060e+03,5.510234387445029808e-15
7.168253968253968196e+03,5.507842968142224913e-15
7.169841269841269423e+03,5.505452437265504300e-15
7.171428571428570649e+03,5.503062794963414423e-15
7.173015873015872785e+03,5.500674041383353154e-15
7.174603174603174921e+03,5.498286176671524817e-15
7.176190476190476147e+03,5.495899200972994621e-15
7.177777777777777374e+03,5.493513114431653162e-15
7.179365079365079509e+03,5.491127917190230622e-15
7.180952380952380736e+03,5.488743609390303867e-15
7.182539682539681962e+03,5.486360191172301182e-15
7.184126984126984098e+03,5.483977662675473084e-15
7.185714285714285325e+03,5.481596024037952272e-15
7.187301587301586551e+03,5.479215275396699199e-15
7.188888888888888687e+03,5.476835416887543090e-15
7.190476190476190823e+03,5.474456448645166169e-15
7.192063492063492049e+03,5.472078370803102865e-15
7.193650793650793275e+03,5.469701183493770580e-15
7.195238095238095411e+03,5.467324886848412893e-15
7.196825396825396638e+03,5.464949480997180020e-15
7.198412698412697864e+03,5.462574966069063340e-15
7.200000000000000000e+03,5.460201342191945884e-15
7.201587301587301226e+03,5.457828609492566834e-15
7.203174603174602453e+03,5.455456768096552289e-15
7.204761904761904589e+03,5.453085818128395543e-15
7.206349206349206725e+03,5.450715759711487854e-15
7.207936507936507951e+03,5.448346592968086094e-15
7.209523809523809177e+03,5.445978318019343523e-15
7.211111111111111313e+03,5.443610934985292425e-15
7.212698412698412540e+03,5.441244443984865417e-15
7.214285714285713766e+03,5.438878845135877296e-15
7.215873015873015902e+03,5.436514138555036090e-15
7.217460317460317128e+03,5.434150324357966717e-15
7.219047619047618355e+03,5.431787402659165240e-15
7.220634920634920491e+03,5.429425373572050924e-15
7.222222222222222626e+03,5.427064237208933106e-15
7.223809523809522943e+03,5.424703993681039597e-15
7.225396825396825079e+03,5.422344643098485914e-15
7.226984126984127215e+03,5.419986185570328130e-15
7.228571428571428442e+03,5.417628621204510819e-15
7.230158730158729668e+03,5.415271950107904910e-15
7.231746031746031804e+03,5.412916172386294285e-15
7.233333333333333030e+03,5.410561288144389973e-15
7.234920634920634257e+03,5.408207297485812798e-15
7.236507936507936392e+03,5.405854200513116257e-15
7.238095238095238528e+03,5.403501997327778627e-15
7.239682539682538845e+03,5.401150688030210857e-15
7.241269841269840981e+03,5.398800272719747890e-15
7.242857142857143117e+03,5.396450751494668385e-15
7.244444444444444343e+03,5.394102124452174992e-15
7.246031746031745570e+03,5.391754391688411714e-15
7.247619047619047706e+03,5.389407553298467843e-15
7.249206349206348932e+03,5.387061609376369287e-15
7.250793650793650158e+03,5.384716560015095928e-15
7.252380952380952294e+03,5.382372405306558737e-15
7.253968253968254430e+03,5.380029145341633703e-15
7.255555555555554747e+03,5.377686780210135005e-15
7.257142857142856883e+03,5.375345310000839472e-15
7.258730158730159019e+03,5.373004734801479481e-15
7.260317460317460245e+03,5.370665054698737435e-15
7.261904761904761472e+03,5.368326269778265485e-15
7.263492063492063608e+03,5.365988380124674483e-15
7.265079365079364834e+03,5.363651385821533989e-15
7.266666666666666060e+03,5.361315286951384885e-15
7.268253968253968196e+03,5.358980083595746480e-15
7.269841269841269423e+03,5.356645775835092841e-15
7.271428571428570649e+03,5.354312363748884349e-15
7.273015873015872785e+03,5.351979847415545611e-15
7.274603174603174921e+03,5.349648226912492281e-15
7.276190476190476147e+03,5.347317502316106604e-15
7.277777777777777374e+03,5.344987673701761086e-15
7.279365079365079509e+03,5.342658741143809811e-15
7.280952380952380736e+03,5.340330704715598698e-15
7.282539682539681962e+03,5.338003564489454461e-15
7.284126984126984098e+03,5.335677320536692491e-15
7.285714285714285325e+03,5.333351972927636583e-15
7.287301587301586551e+03,5.331027521731589745e-15
7.288888888888888687e+03,5.328703967016852343e-15
7.290476190476190823e+03,5.326381308850736300e-15
7.292063492063492049e+03,5.324059547299554054e-15
7.293650793650793275e+03,5.321738682428599620e-15
7.295238095238095411e+03,5.319418714302202240e-15
7.296825396825396638e+03,5.317099642983678255e-15
7.298412698412697864e+03,5.314781468535372134e-15
7.300000000000000000e+03,5.312464191018616232e-15
7.301587301587301226e+03,5.310147810493783652e-15
7.303174603174602453e+03,5.307832327020240124e-15
7.304761904761904589e+03,5.305517740656386595e-15
7.306349206349206725e+03,5.303204051459640309e-15
7.307936507936507951e+03,5.300891259486436373e-15
7.309523809523809177e+03,5.298579364792244332e-15
7.311111111111111313e+03,5.296268367431540553e-15
7.312698412698412540e+03,5.293958267457866602e-15
7.314285714285713766e+03,5.291649064923750362e-15
7.315873015873015902e+03,5.289340759880788069e-15
7.317460317460317128e+03,5.287033352379593038e-15
7.319047619047618355e+03,5.284726842469828008e-15
7.320634920634920491e+03,5.282421230200184628e-15
7.322222222222222626e+03,5.280116515618401607e-15
7.323809523809522943e+03,5.277812698771256028e-15
7.325396825396825079e+03,5.275509779704576766e-15
7.326984126984127215e+03,5.273207758463238963e-15
7.328571428571428442e+03,5.270906635091165605e-15
7.330158730158729668e+03,5.268606409631334622e-15
7.331746031746031804e+03,5.266307082125766269e-15
7.333333333333333030e+03,5.264008652615562566e-15
7.334920634920634257e+03,5.261711121140852866e-15
7.336507936507936392e+03,5.259414487740845134e-15
7.338095238095238528e+03,5.257118752453803070e-15
7.339682539682538845e+03,5.254823915317065825e-15
7.341269841269840981e+03,5.252529976367014087e-15
7.342857142857143117e+03,5.250236935639122142e-15
7.344444444444444343e+03,5.247944793167919221e-15
7.346031746031745570e+03,5.245653548987016320e-15
7.347619047619047706e+03,5.243363203129086480e-15
7.349206349206348932e+03,5.241073755625894764e-15
7.350793650793650158e+03,5.238785206508275378e-15
7.352380952380952294e+03,5.236497555806138771e-15
7.353968253968254430e+03,5.234210803548480315e-15
7.355555555555554747e+03,5.231924949763385826e-15
7.357142857142856883e+03,5.229639994478026038e-15
7.358730158730159019e+03,5.227355937718649510e-15
7.360317460317460245e+03,5.225072779510608654e-15
7.361904761904761472e+03,5.222790519878341592e-15
7.363492063492063608e+03,5.220509158845377677e-15
7.365079365079364834e+03,5.218228696434349329e-15
7.366666666666666060e+03,5.215949132666980200e-15
7.368253968253968196e+03,5.213670467564097796e-15
7.369841269841269423e+03,5.211392701145639787e-15
7.371428571428570649e+03,5.209115833430629553e-15
7.373015873015872785e+03,5.206839864437210107e-15
7.374603174603174921e+03,5.204564794182627525e-15
7.376190476190476147e+03,5.202290622683241206e-15
7.377777777777777374e+03,5.200017349954519134e-15
7.379365079365079509e+03,5.197744976011044980e-15
7.380952380952380736e+03,5.195473500866518891e-15
7.382539682539681962e+03,5.193202924533756703e-15
7.384126984126984098e+03,5.190933247024693091e-15
7.385714285714285325e+03,5.188664468350387886e-15
7.387301587301586551e+03,5.186396588521025281e-15
7.388888888888888687e+03,5.184129607545902004e-15
7.390476190476190823e+03,5.181863525433464386e-15
7.392063492063492049e+03,5.179598342191273660e-15
7.393650793650793275e+03,5.177334057826019367e-15
7.395238095238095411e+03,5.175070672343534344e-15
7.396825396825396638e+03,5.172808185748782104e-15
7.398412698412697864e+03,5.170546598045859991e-15
7.400000000000000000e+03,5.168285909238011010e-15
7.401587301587301226e+03,5.166026119327615946e-15
7.403174603174602453e+03,5.163767228316188622e-15
7.404761904761904589e+03,5.161509236204406669e-15
7.406349206349206725e+03,5.159252142992076027e-15
7.407936507936507041e+03,5.156995948678168023e-15
7.409523809523809177e+03,5.154740653260786234e-15
7.411111111111111313e+03,5.152486256737198835e-15
7.412698412698412540e+03,5.150232759103829920e-15
7.414285714285713766e+03,5.147980160356246878e-15
7.415873015873015902e+03,5.145728460489181698e-15
7.417460317460317128e+03,5.143477659496535695e-15
7.419047619047618355e+03,5.141227757371349539e-15
7.420634920634920491e+03,5.138978754105855316e-15
7.422222222222222626e+03,5.136730649691421310e-15
7.423809523809522943e+03,5.134483444118604856e-15
7.425396825396825079e+03,5.132237137377123941e-15
7.426984126984127215e+03,5.129991729455862726e-15
7.428571428571428442e+03,5.127747220342892056e-15
7.430158730158729668e+03,5.125503610025446585e-15
7.431746031746031804e+03,5.123260898489932661e-15
7.433333333333333030e+03,5.121019085721944106e-15
7.434920634920634257e+03,5.118778171706254327e-15
7.436507936507936392e+03,5.116538156426815527e-15
7.438095238095238528e+03,5.114299039866763437e-15
7.439682539682538845e+03,5.112060822008425995e-15
7.441269841269840981e+03,5.109823502833302836e-15
7.442857142857143117e+03,5.107587082322101577e-15
7.444444444444444343e+03,5.105351560454710998e-15
7.446031746031745570e+03,5.103116937210207352e-15
7.447619047619047706e+03,5.100883212566875665e-15
7.449206349206348932e+03,5.098650386502186860e-15
7.450793650793650158e+03,5.096418458992814318e-15
7.452380952380952294e+03,5.094187430014625995e-15
7.453968253968254430e+03,5.091957299542696255e-15
7.455555555555554747e+03,5.089728067551309808e-15
7.457142857142856883e+03,5.087499734013941997e-15
7.458730158730159019e+03,5.085272298903287978e-15
7.460317460317460245e+03,5.083045762191245370e-15
7.461904761904761472e+03,5.080820123848924510e-15
7.463492063492063608e+03,5.078595383846641350e-15
7.465079365079364834e+03,5.076371542153946648e-15
7.466666666666666060e+03,5.074148598739579425e-15
7.468253968253968196e+03,5.071926553571520605e-15
7.469841269841269423e+03,5.069705406616959886e-15
7.471428571428570649e+03,5.067485157842304414e-15
7.473015873015872785e+03,5.065265807213192986e-15
7.474603174603174921e+03,5.063047354694481060e-15
7.476190476190476147e+03,5.060829800250260477e-15
7.477777777777777374e+03,5.058613143843846049e-15
7.479365079365079509e+03,5.056397385437782660e-15
7.480952380952380736e+03,5.054182524993848421e-15
7.482539682539681962e+03,5.051968562473056250e-15
7.484126984126984098e+03,5.049755497835647555e-15
7.485714285714285325e+03,5.047543331041109598e-15
7.487301587301586551e+03,5.045332062048163653e-15
7.488888888888888687e+03,5.043121690814776844e-15
7.490476190476190823e+03,5.040912217298151101e-15
7.492063492063492049e+03,5.038703641454740513e-15
7.493650793650793275e+03,5.036495963240233974e-15
7.495238095238095411e+03,5.034289182609579637e-15
7.496825396825396638e+03,5.032083299516969140e-15
7.498412698412697864e+03,5.029878313915847855e-15
7.500000000000000000e+03,5.027674225758910161e-15
7.501587301587301226e+03,5.025471034998102595e-15
7.503174603174602453e+03,5.023268741584638844e-15
7.504761904761904589e+03,5.021067345468976865e-15
7.506349206349206725e+03,5.018866846600844920e-15
7.507936507936507041e+03,5.016667244929228951e-15
7.509523809523809177e+03,5.014468540402373372e-15
7.511111111111111313e+03,5.012270732967787378e-15
7.512698412698412540e+03,5.010073822572259935e-15
7.514285714285713766e+03,5.007877809161830590e-15
7.515873015873015902e+03,5.005682692681817872e-15
7.517460317460317128e+03,5.003488473076806669e-15
7.519047619047618355e+03,5.001295150290663217e-15
7.520634920634920491e+03,4.999102724266518532e-15
7.522222222222222626e+03,4.996911194946782614e-15
7.523809523809522943e+03,4.994720562273150753e-15
7.525396825396825079e+03,4.992530826186583020e-15
7.526984126984127215e+03,4.990341986627340558e-15
7.528571428571428442e+03,4.988154043534949290e-15
7.530158730158729668e+03,4.985966996848236207e-15
7.531746031746031804e+03,4.983780846505290717e-15
7.533333333333333030e+03,4.981595592443516707e-15
7.534920634920634257e+03,4.979411234599593890e-15
7.536507936507936392e+03,4.977227772909493581e-15
7.538095238095238528e+03,4.975045207308480278e-15
7.539682539682538845e+03,4.972863537731121913e-15
7.541269841269840981e+03,4.970682764111266975e-15
7.542857142857143117e+03,4.968502886382070548e-15
7.544444444444444343e+03,4.966323904475988784e-15
7.546031746031745570e+03,4.964145818324772592e-15
7.547619047619047706e+03,4.961968627859485784e-15
7.549206349206348932e+03,4.959792333010486142e-15
7.550793650793650158e+03,4.957616933707440405e-15
7.552380952380952294e+03,4.955442429879321116e-15
7.553968253968253521e+03,4.953268821454415295e-15
7.555555555555554747e+03,4.951096108360318134e-15
7.557142857142856883e+03,4.948924290523935358e-15
7.558730158730159019e+03,4.946753367871491119e-15
7.560317460317460245e+03,4.944583340328515368e-15
7.561904761904761472e+03,4.942414207819864372e-15
7.563492063492063608e+03,4.940245970269711243e-15
7.565079365079364834e+03,4.938078627601548305e-15
7.566666666666666060e+03,4.935912179738190253e-15
7.568253968253968196e+03,4.933746626601773360e-15
7.569841269841269423e+03,4.931581968113762577e-15
7.571428571428570649e+03,4.929418204194944438e-15
7.573015873015872785e+03,4.927255334765435731e-15
7.574603174603174921e+03,4.925093359744688237e-15
7.576190476190476147e+03,4.922932279051479258e-15
7.577777777777777374e+03,4.920772092603921089e-15
7.579365079365079509e+03,4.918612800319460224e-15
7.580952380952380736e+03,4.916454402114875782e-15
7.582539682539681962e+03,4.914296897906289762e-15
7.584126984126984098e+03,4.912140287609161517e-15
7.585714285714285325e+03,4.909984571138290914e-15
7.587301587301586551e+03,4.907829748407820699e-15
7.588888888888888687e+03,4.905675819331235708e-15
7.590476190476190823e+03,4.903522783821366021e-15
7.592063492063492049e+03,4.901370641790395644e-15
7.593650793650793275e+03,4.899219393149842780e-15
7.595238095238095411e+03,4.897069037810592181e-15
7.596825396825396638e+03,4.894919575682867531e-15
7.598412698412697864e+03,4.892771006676251959e-15
7.600000000000000000e+03,4.890623330699681730e-15
7.601587301587301226e+03,4.888476547661450185e-15
7.603174603174603362e+03,4.886330657469197489e-15
7.604761904761904589e+03,4.884185660029948497e-15
7.606349206349205815e+03,4.882041555250061474e-15
7.607936507936507951e+03,4.879898343035270698e-15
7.609523809523809177e+03,4.877756023290681724e-15
7.611111111111111313e+03,4.875614595920739042e-15
7.612698412698412540e+03,4.873474060829283662e-15
7.614285714285713766e+03,4.871334417919501053e-15
7.615873015873015902e+03,4.869195667093966892e-15
7.617460317460317128e+03,4.867057808254613148e-15
7.619047619047619264e+03,4.864920841302750954e-15
7.620634920634920491e+03,4.862784766139063511e-15
7.622222222222221717e+03,4.860649582663612398e-15
7.623809523809523853e+03,4.858515290775832838e-15
7.625396825396825079e+03,4.856381890374541587e-15
7.626984126984126306e+03,4.854249381357936934e-15
7.628571428571428442e+03,4.852117763623593178e-15
7.630158730158729668e+03,4.849987037068477987e-15
7.631746031746031804e+03,4.847857201588928726e-15
7.633333333333333030e+03,4.845728257080680071e-15
7.634920634920634257e+03,4.843600203438856121e-15
7.636507936507936392e+03,4.841473040557961717e-15
7.638095238095237619e+03,4.839346768331896647e-15
7.639682539682539755e+03,4.837221386653950117e-15
7.641269841269840981e+03,4.835096895416812590e-15
7.642857142857142208e+03,4.832973294512558427e-15
7.644444444444444343e+03,4.830850583832664034e-15
7.646031746031745570e+03,4.828728763268007860e-15
7.647619047619047706e+03,4.826607832708856986e-15
7.649206349206348932e+03,4.824487792044897102e-15
7.650793650793650158e+03,4.822368641165191490e-15
7.652380952380952294e+03,4.820250379958225193e-15
7.653968253968253521e+03,4.818133008311882933e-15
7.655555555555555657e+03,4.816016526113456997e-15
7.657142857142856883e+03,4.813900933249649605e-15
7.658730158730158109e+03,4.811786229606564229e-15
7.660317460317460245e+03,4.809672415069724531e-15
7.661904761904761472e+03,4.807559489524061737e-15
7.663492063492063608e+03,4.805447452853920161e-15
7.665079365079364834e+03,4.803336304943061937e-15
7.666666666666666060e+03,4.801226045674667020e-15
7.668253968253968196e+03,4.799116674931325299e-15
7.669841269841269423e+03,4.797008192595057890e-15
7.671428571428571558e+03,4.794900598547295056e-15
7.673015873015872785e+03,4.792793892668897501e-15
7.674603174603174011e+03,4.790688074840146116e-15
7.676190476190476147e+03,4.788583144940746713e-15
7.677777777777777374e+03,4.786479102849833968e-15
7.679365079365079509e+03,4.784375948445965111e-15
7.680952380952380736e+03,4.782273681607132549e-15
7.682539682539681962e+03,4.780172302210757551e-15
7.684126984126984098e+03,4.778071810133690254e-15
7.685714285714285325e+03,4.775972205252215178e-15
7.687301587301587460e+03,4.773873487442055966e-15
7.688888888888888687e+03,4.771775656578372225e-15
7.690476190476189913e+03,4.769678712535754791e-15
7.692063492063492049e+03,4.767582655188232044e-15
7.693650793650793275e+03,4.765487484409285685e-15
7.695238095238095411e+03,4.763393200071825486e-15
7.696825396825396638e+03,4.761299802048216911e-15
7.698412698412697864e+03,4.759207290210255861e-15
7.700000000000000000e+03,4.757115664429193138e-15
7.701587301587301226e+03,4.755024924575726551e-15
7.703174603174603362e+03,4.752935070519995394e-15
7.704761904761904589e+03,4.750846102131598595e-15
7.706349206349205815e+03,4.748758019279581297e-15
7.707936507936507951e+03,4.746670821832435656e-15
7.709523809523809177e+03,4.744584509658122133e-15
7.711111111111111313e+03,4.742499082624045043e-15
7.712698412698412540e+03,4.740414540597065963e-15
7.714285714285713766e+03,4.738330883443509259e-15
7.715873015873015902e+03,4.736248111029153403e-15
7.717460317460317128e+03,4.734166223219248329e-15
7.719047619047619264e+03,4.732085219878486250e-15
7.720634920634920491e+03,4.730005100871045039e-15
7.722222222222221717e+03,4.727925866060550367e-15
7.723809523809523853e+03,4.725847515310104890e-15
7.725396825396825079e+03,4.723770048482271684e-15
7.726984126984126306e+03,4.721693465439088442e-15
7.728571428571428442e+03,4.719617766042051699e-15
7.730158730158729668e+03,4.717542950152144444e-15
7.731746031746031804e+03,4.715469017629812449e-15
7.733333333333333030e+03,4.713395968334978471e-15
7.734920634920634257e+03,4.711323802127040675e-15
7.736507936507936392e+03,4.709252518864873425e-15
7.738095238095237619e+03,4.707182118406826489e-15
7.739682539682539755e+03,4.705112600610728987e-15
7.741269841269840981e+03,4.703043965333902016e-15
7.742857142857142208e+03,4.700976212433131821e-15
7.744444444444444343e+03,4.698909341764698990e-15
7.746031746031745570e+03,4.696843353184360306e-15
7.747619047619047706e+03,4.694778246547370838e-15
7.749206349206348932e+03,4.692714021708456327e-15
7.750793650793650158e+03,4.690650678521842378e-15
7.752380952380952294e+03,4.688588216841242624e-15
7.753968253968253521e+03,4.686526636519861096e-15
7.755555555555555657e+03,4.684465937410385119e-15
7.757142857142856883e+03,4.682406119365013714e-15
7.758730158730158109e+03,4.680347182235424465e-15
7.760317460317460245e+03,4.678289125872794028e-15
7.761904761904761472e+03,4.676231950127806022e-15
7.763492063492063608e+03,4.674175654850629730e-15
7.765079365079364834e+03,4.672120239890943762e-15
7.766666666666666060e+03,4.670065705097926589e-15
7.768253968253968196e+03,4.668012050320250236e-15
7.769841269841269423e+03,4.665959275406099210e-15
7.771428571428571558e+03,4.663907380203164981e-15
7.773015873015872785e+03,4.661856364558634936e-15
7.774603174603174011e+03,4.659806228319215258e-15
7.776190476190476147e+03,4.657756971331110413e-15
7.777777777777777374e+03,4.655708593440044452e-15
7.779365079365079509e+03,4.653661094491245232e-15
7.780952380952380736e+03,4.651614474329453094e-15
7.782539682539681962e+03,4.649568732798930329e-15
7.784126984126984098e+03,4.647523869743443823e-15
7.785714285714285325e+03,4.645479885006283992e-15
7.787301587301587460e+03,4.643436778430256889e-15
7.788888888888888687e+03,4.641394549857684996e-15
7.790476190476189913e+03,4.639353199130405647e-15
7.792063492063492049e+03,4.637312726089797056e-15
7.793650793650793275e+03,4.635273130576733358e-15
7.795238095238095411e+03,4.633234412431633514e-15
7.796825396825396638e+03,4.631196571494430546e-15
7.798412698412697864e+03,4.629159607604585738e-15
7.800000000000000000e+03,4.627123520601085479e-15
7.801587301587301226e+03,4.625088310322450731e-15
7.803174603174603362e+03,4.623053976606723618e-15
7.804761904761904589e+03,4.621020519291483988e-15
7.806349206349205815e+03,4.618987938213849421e-15
7.807936507936507951e+03,4.616956233210448401e-15
7.809523809523809177e+03,4.614925404117469228e-15
7.811111111111111313e+03,4.612895450770620573e-15
7.812698412698412540e+03,4.610866373005153571e-15
7.814285714285713766e+03,4.608838170655858659e-15
7.815873015873015902e+03,4.606810843557060059e-15
7.817460317460317128e+03,4.604784391542629187e-15
7.819047619047618355e+03,4.602758814445975185e-15
7.820634920634920491e+03,4.600734112100048079e-15
7.822222222222221717e+03,4.598710284337350611e-15
7.823809523809523853e+03,4.596687330989920094e-15
7.825396825396825079e+03,4.594665251889341826e-15
7.826984126984126306e+03,4.592644046866764862e-15
7.828571428571428442e+03,4.590623715752857843e-15
7.830158730158729668e+03,4.588604258377869735e-15
7.831746031746031804e+03,4.586585674571578554e-15
7.833333333333333030e+03,4.584567964163330809e-15
7.834920634920634257e+03,4.582551126982007581e-15
7.836507936507936392e+03,4.580535162856069489e-15
7.838095238095237619e+03,4.578520071613506990e-15
7.839682539682539755e+03,4.576505853081886135e-15
7.841269841269840981e+03,4.574492507088324900e-15
7.842857142857142208e+03,4.572480033459500290e-15
7.844444444444444343e+03,4.570468432021646758e-15
7.846031746031745570e+03,4.568457702600574348e-15
7.847619047619047706e+03,4.566447845021634780e-15
7.849206349206348932e+03,4.564438859109757729e-15
7.850793650793650158e+03,4.562430744689438211e-15
7.852380952380952294e+03,4.560423501584730267e-15
7.853968253968253521e+03,4.558417129619261953e-15
7.855555555555555657e+03,4.556411628616223509e-15
7.857142857142856883e+03,4.554406998398388654e-15
7.858730158730158109e+03,4.552403238788080669e-15
7.860317460317460245e+03,4.550400349607210261e-15
7.861904761904761472e+03,4.548398330677259784e-15
7.863492063492063608e+03,4.546397181819280875e-15
7.865079365079364834e+03,4.544396902853903130e-15
7.866666666666666060e+03,4.542397493601338838e-15
7.868253968253968196e+03,4.540398953881360104e-15
7.869841269841269423e+03,4.538401283513339868e-15
7.871428571428571558e+03,4.536404482316216409e-15
7.873015873015872785e+03,4.534408550108511486e-15
7.874603174603174011e+03,4.532413486708337441e-15
7.876190476190476147e+03,4.530419291933375109e-15
7.877777777777777374e+03,4.528425965600905369e-15
7.879365079365079509e+03,4.526433507527783121e-15
7.880952380952380736e+03,4.524441917530456996e-15
7.882539682539681962e+03,4.522451195424955954e-15
7.884126984126984098e+03,4.520461341026905847e-15
7.885714285714285325e+03,4.518472354151522319e-15
7.887301587301587460e+03,4.516484234613600551e-15
7.888888888888888687e+03,4.514496982227541292e-15
7.890476190476189913e+03,4.512510596807334298e-15
7.892063492063492049e+03,4.510525078166556748e-15
7.893650793650793275e+03,4.508540426118394546e-15
7.895238095238095411e+03,4.506556640475619445e-15
7.896825396825396638e+03,4.504573721050605613e-15
7.898412698412697864e+03,4.502591667655324108e-15
7.900000000000000000e+03,4.500610480101340514e-15
7.901587301587301226e+03,4.498630158199837030e-15
7.903174603174603362e+03,4.496650701761581702e-15
7.904761904761904589e+03,4.494672110596954456e-15
7.906349206349205815e+03,4.492694384515937633e-15
7.907936507936507951e+03,4.490717523328111253e-15
7.909523809523809177e+03,4.488741526842678265e-15
7.911111111111111313e+03,4.486766394868432982e-15
7.912698412698412540e+03,4.484792127213784758e-15
7.914285714285713766e+03,4.482818723686754825e-15
7.915873015873015902e+03,4.480846184094972351e-15
7.917460317460317128e+03,4.478874508245672074e-15
7.919047619047618355e+03,4.476903695945714023e-15
7.920634920634920491e+03,4.474933747001562220e-15
7.922222222222221717e+03,4.472964661219301243e-15
7.923809523809523853e+03,4.470996438404624396e-15
7.925396825396825079e+03,4.469029078362851852e-15
7.926984126984126306e+03,4.467062580898914875e-15
7.928571428571428442e+03,4.465096945817363709e-15
7.930158730158729668e+03,4.463132172922370735e-15
7.931746031746031804e+03,4.461168262017732045e-15
7.933333333333333030e+03,4.459205212906860347e-15
7.934920634920634257e+03,4.457243025392796005e-15
7.936507936507936392e+03,4.455281699278199943e-15
7.938095238095237619e+03,4.453321234365362317e-15
7.939682539682539755e+03,4.451361630456197788e-15
7.941269841269840981e+03,4.449402887352250251e-15
7.942857142857142208e+03,4.447445004854684949e-15
7.944444444444444343e+03,4.445487982764304248e-15
7.946031746031745570e+03,4.443531820881548427e-15
7.947619047619047706e+03,4.441576519006460179e-15
7.949206349206348932e+03,4.439622076938750875e-15
7.950793650793650158e+03,4.437668494477741402e-15
7.952380952380952294e+03,4.435715771422396869e-15
7.953968253968253521e+03,4.433763907571316352e-15
7.955555555555555657e+03,4.431812902722732899e-15
7.957142857142856883e+03,4.429862756674518258e-15
7.958730158730158109e+03,4.427913469224186822e-15
7.960317460317460245e+03,4.425965040168889320e-15
7.961904761904761472e+03,4.424017469305417550e-15
7.963492063492063608e+03,4.422070756430204378e-15
7.965079365079364834e+03,4.420124901339329259e-15
7.966666666666666060e+03,4.418179903828507197e-15
7.968253968253968196e+03,4.416235763693106093e-15
7.969841269841269423e+03,4.414292480728134921e-15
7.971428571428571558e+03,4.412350054728252397e-15
7.973015873015872785e+03,4.410408485487765407e-15
7.974603174603174011e+03,4.408467772800623483e-15
7.976190476190476147e+03,4.406527916460434579e-15
7.977777777777777374e+03,4.404588916260449297e-15
7.979365079365079509e+03,4.402650771993574294e-15
7.980952380952380736e+03,4.400713483452369916e-15
7.982539682539681962e+03,4.398777050429050202e-15
7.984126984126984098e+03,4.396841472715477358e-15
7.985714285714285325e+03,4.394906750103177534e-15
7.987301587301587460e+03,4.392972882383325838e-15
7.988888888888888687e+03,4.391039869346763689e-15
7.990476190476189913e+03,4.389107710783988564e-15
7.992063492063492049e+03,4.387176406485148474e-15
7.993650793650793275e+03,4.385245956240063263e-15
7.995238095238095411e+03,4.383316359838212778e-15
7.996825396825396638e+03,4.381387617068732130e-15
7.998412698412697864e+03,4.379459727720425114e-15
8.000000000000000000e+03,4.377532691581760253e-15
8.001587301587301226e+03,4.375606508440871598e-15
8.003174603174603362e+03,4.373681178085556353e-15
8.004761904761904589e+03,4.371756700303283558e-15
8.006349206349205815e+03,4.369833074881187776e-15
8.007936507936507951e+03,4.367910301606071457e-15
8.009523809523809177e+03,4.365988380264408099e-15
8.011111111111111313e+03,4.364067310642346187e-15
8.012698412698412540e+03,4.362147092525702098e-15
8.014285714285713766e+03,4.360227725699967985e-15
8.015873015873015902e+03,4.358309209950306257e-15
8.017460317460317128e+03,4.356391545061558260e-15
8.019047619047618355e+03,4.354474730818238747e-15
8.020634920634920491e+03,4.352558767004538252e-15
8.022222222222221717e+03,4.350643653404326242e-15
8.023809523809523853e+03,4.348729389801156639e-15
8.025396825396825079e+03,4.346815975978257567e-15
8.026984126984126306e+03,4.344903411718532926e-15
8.028571428571428442e+03,4.342991696804576596e-15
8.030158730158729668e+03,4.341080831018662966e-15
8.031746031746031804e+03,4.339170814142743783e-15
8.033333333333333030e+03,4.337261645958467081e-15
8.034920634920634257e+03,4.335353326247152729e-15
8.036507936507936392e+03,4.333445854789814517e-15
8.038095238095237619e+03,4.331539231367154635e-15
8.039682539682539755e+03,4.329633455759554208e-15
8.041269841269840981e+03,4.327728527747095381e-15
8.042857142857142208e+03,4.325824447109543178e-15
8.044444444444444343e+03,4.323921213626352600e-15
8.046031746031745570e+03,4.322018827076674937e-15
8.047619047619047706e+03,4.320117287239350667e-15
8.049206349206348932e+03,4.318216593892914192e-15
8.050793650793650158e+03,4.316316746815592256e-15
8.052380952380952294e+03,4.314417745785311836e-15
8.053968253968253521e+03,4.312519590579697777e-15
8.055555555555555657e+03,4.310622280976059378e-15
8.057142857142856883e+03,4.308725816751419583e-15
8.058730158730158109e+03,4.306830197682489735e-15
8.060317460317460245e+03,4.304935423545686930e-15
8.061904761904761472e+03,4.303041494117126135e-15
8.063492063492063608e+03,4.301148409172622545e-15
8.065079365079364834e+03,4.299256168487701057e-15
8.066666666666666060e+03,4.297364771837579701e-15
8.068253968253968196e+03,4.295474218997188571e-15
8.069841269841269423e+03,4.293584509741158784e-15
8.071428571428571558e+03,4.291695643843831156e-15
8.073015873015872785e+03,4.289807621079253837e-15
8.074603174603174011e+03,4.287920441221174418e-15
8.076190476190476147e+03,4.286034104043059658e-15
8.077777777777777374e+03,4.284148609318081281e-15
8.079365079365079509e+03,4.282263956819119922e-15
8.080952380952380736e+03,4.280380146318773802e-15
8.082539682539681962e+03,4.278497177589346899e-15
8.084126984126984098e+03,4.276615050402859200e-15
8.085714285714285325e+03,4.274733764531045914e-15
8.087301587301587460e+03,4.272853319745351948e-15
8.088888888888888687e+03,4.270973715816944531e-15
8.090476190476189913e+03,4.269094952516704535e-15
8.092063492063492049e+03,4.267217029615226476e-15
8.093650793650793275e+03,4.265339946882835867e-15
8.095238095238095411e+03,4.263463704089560823e-15
8.096825396825396638e+03,4.261588301005160454e-15
8.098412698412697864e+03,4.259713737399113039e-15
8.100000000000000000e+03,4.257840013040610498e-15
8.101587301587301226e+03,4.255967127698587584e-15
8.103174603174603362e+03,4.254095081141679281e-15
8.104761904761904589e+03,4.252223873138256307e-15
8.106349206349205815e+03,4.250353503456416432e-15
8.107936507936507951e+03,4.248483971863981326e-15
8.109523809523809177e+03,4.246615278128496556e-15
8.111111111111110404e+03,4.244747422017236324e-15
8.112698412698412540e+03,4.242880403297206616e-15
8.114285714285713766e+03,4.241014221735141262e-15
8.115873015873015902e+03,4.239148877097503515e-15
8.117460317460317128e+03,4.237284369150489200e-15
8.119047619047618355e+03,4.235420697660025932e-15
8.120634920634920491e+03,4.233557862391769958e-15
8.122222222222221717e+03,4.231695863111121934e-15
8.123809523809523853e+03,4.229834699583205623e-15
8.125396825396825079e+03,4.227974371572883679e-15
8.126984126984126306e+03,4.226114878844756852e-15
8.128571428571428442e+03,4.224256221163160835e-15
8.130158730158729668e+03,4.222398398292173364e-15
8.131746031746031804e+03,4.220541409995601596e-15
8.133333333333333030e+03,4.218685256037008138e-15
8.134920634920634257e+03,4.216829936179673190e-15
8.136507936507936392e+03,4.214975450186639501e-15
8.138095238095237619e+03,4.213121797820680031e-15
8.139682539682539755e+03,4.211268978844310571e-15
8.141269841269840981e+03,4.209416993019799209e-15
8.142857142857142208e+03,4.207565840109152133e-15
8.144444444444444343e+03,4.205715519874114416e-15
8.146031746031745570e+03,4.203866032076188953e-15
8.147619047619047706e+03,4.202017376476620679e-15
8.149206349206348932e+03,4.200169552836398939e-15
8.150793650793650158e+03,4.198322560916266954e-15
8.152380952380952294e+03,4.196476400476711566e-15
8.153968253968253521e+03,4.194631071277979801e-15
8.155555555555555657e+03,4.192786573080052839e-15
8.157142857142856883e+03,4.190942905642679149e-15
8.158730158730158109e+03,4.189100068725352395e-15
8.160317460317460245e+03,4.187258062087320906e-15
8.161904761904761472e+03,4.185416885487583731e-15
8.163492063492063608e+03,4.183576538684903262e-15
8.165079365079364834e+03,4.181737021437788664e-15
8.166666666666666060e+03,4.179898333504510080e-15
8.168253968253968196e+03,4.178060474643089159e-15
8.169841269841269423e+03,4.176223444611318784e-15
8.171428571428571558e+03,4.174387243166733876e-15
8.173015873015872785e+03,4.172551870066646112e-15
8.174603174603174011e+03,4.170717325068107632e-15
8.176190476190476147e+03,4.168883607927950485e-15
8.177777777777777374e+03,4.167050718402757438e-15
8.179365079365079509e+03,4.165218656248877758e-15
8.180952380952380736e+03,4.163387421222421684e-15
8.182539682539681962e+03,4.161557013079270687e-15
8.184126984126984098e+03,4.159727431575061691e-15
8.185714285714285325e+03,4.157898676465202851e-15
8.187301587301587460e+03,4.156070747504871974e-15
8.188888888888888687e+03,4.154243644449000741e-15
8.190476190476189913e+03,4.152417367052310999e-15
8.192063492063491140e+03,4.150591915069272946e-15
8.193650793650793275e+03,4.148767288254135110e-15
8.195238095238095411e+03,4.146943486360916462e-15
8.196825396825395728e+03,4.145120509143407203e-15
8.198412698412697864e+03,4.143298356355168763e-15
8.200000000000000000e+03,4.141477027749533015e-15
8.201587301587300317e+03,4.139656523079612528e-15
8.203174603174604272e+03,4.137836842098280058e-15
8.204761904761904589e+03,4.136017984558203255e-15
8.206349206349204906e+03,4.134199950211808380e-15
8.207936507936508860e+03,4.132382738811303178e-15
8.209523809523809177e+03,4.130566350108678459e-15
8.211111111111109494e+03,4.128750783855697840e-15
8.212698412698413449e+03,4.126936039803896166e-15
8.214285714285713766e+03,4.125122117704605550e-15
8.215873015873015902e+03,4.123309017308923808e-15
8.217460317460318038e+03,4.121496738367737345e-15
8.219047619047618355e+03,4.119685280631707739e-15
8.220634920634920491e+03,4.117874643851284364e-15
8.222222222222222626e+03,4.116064827776698869e-15
8.223809523809522943e+03,4.114255832157966757e-15
8.225396825396825079e+03,4.112447656744885012e-15
8.226984126984127215e+03,4.110640301287037630e-15
8.228571428571427532e+03,4.108833765533801924e-15
8.230158730158729668e+03,4.107028049234328802e-15
8.231746031746031804e+03,4.105223152137565649e-15
8.233333333333332121e+03,4.103419073992250799e-15
8.234920634920634257e+03,4.101615814546901707e-15
8.236507936507936392e+03,4.099813373549830724e-15
8.238095238095236709e+03,4.098011750749145096e-15
8.239682539682540664e+03,4.096210945892732767e-15
8.241269841269840981e+03,4.094410958728288408e-15
8.242857142857141298e+03,4.092611789003288967e-15
8.244444444444445253e+03,4.090813436465001553e-15
8.246031746031745570e+03,4.089015900860496061e-15
8.247619047619047706e+03,4.087219181936636493e-15
8.249206349206349842e+03,4.085423279440074647e-15
8.250793650793650158e+03,4.083628193117268261e-15
8.252380952380952294e+03,4.081833922714466026e-15
8.253968253968254430e+03,4.080040467977711529e-15
8.255555555555554747e+03,4.078247828652857451e-15
8.257142857142856883e+03,4.076456004485545059e-15
8.258730158730159019e+03,4.074664995221220774e-15
8.260317460317459336e+03,4.072874800605132220e-15
8.261904761904761472e+03,4.071085420382320342e-15
8.263492063492063608e+03,4.069296854297640702e-15
8.265079365079363924e+03,4.067509102095742969e-15
8.266666666666666060e+03,4.065722163521078808e-15
8.268253968253968196e+03,4.063936038317910559e-15
8.269841269841268513e+03,4.062150726230299399e-15
8.271428571428572468e+03,4.060366227002114026e-15
8.273015873015872785e+03,4.058582540377036177e-15
8.274603174603173102e+03,4.056799666098536963e-15
8.276190476190477057e+03,4.055017603909912368e-15
8.277777777777777374e+03,4.053236353554257216e-15
8.279365079365079509e+03,4.051455914774482528e-15
8.280952380952381645e+03,4.049676287313297374e-15
8.282539682539681962e+03,4.047897470913239644e-15
8.284126984126984098e+03,4.046119465316630289e-15
8.285714285714286234e+03,4.044342270265630911e-15
8.287301587301586551e+03,4.042565885502198009e-15
8.288888888888888687e+03,4.040790310768106642e-15
8.290476190476190823e+03,4.039015545804940967e-15
8.292063492063491140e+03,4.037241590354113167e-15
8.293650793650793275e+03,4.035468444156829533e-15
8.295238095238095411e+03,4.033696106954126754e-15
8.296825396825395728e+03,4.031924578486856131e-15
8.298412698412697864e+03,4.030153858495679643e-15
8.300000000000000000e+03,4.028383946721086507e-15
8.301587301587300317e+03,4.026614842903376612e-15
8.303174603174604272e+03,4.024846546782669200e-15
8.304761904761904589e+03,4.023079058098912330e-15
8.306349206349204906e+03,4.021312376591862366e-15
8.307936507936508860e+03,4.019546502001099757e-15
8.309523809523809177e+03,4.017781434066035348e-15
8.311111111111109494e+03,4.016017172525893022e-15
8.312698412698413449e+03,4.014253717119717591e-15
8.314285714285713766e+03,4.012491067586392942e-15
8.315873015873015902e+03,4.010729223664609688e-15
8.317460317460318038e+03,4.008968185092891204e-15
8.319047619047618355e+03,4.007207951609591261e-15
8.320634920634920491e+03,4.005448522952880613e-15
8.322222222222222626e+03,4.003689898860759621e-15
8.323809523809522943e+03,4.001932079071063775e-15
8.325396825396825079e+03,4.000175063321443968e-15
8.326984126984127215e+03,3.998418851349391748e-15
8.328571428571427532e+03,3.996663442892222742e-15
8.330158730158729668e+03,3.994908837687083765e-15
8.331746031746031804e+03,3.993155035470952813e-15
8.333333333333332121e+03,3.991402035980641434e-15
8.334920634920634257e+03,3.989649838952782892e-15
8.336507936507936392e+03,3.987898444123857414e-15
8.338095238095236709e+03,3.986147851230174041e-15
8.339682539682540664e+03,3.984398060007870635e-15
8.341269841269840981e+03,3.982649070192928072e-15
8.342857142857141298e+03,3.980900881521154468e-15
8.344444444444445253e+03,3.979153493728195435e-15
8.346031746031745570e+03,3.977406906549538021e-15
8.347619047619047706e+03,3.975661119720508350e-15
8.349206349206349842e+03,3.973916132976258994e-15
8.350793650793650158e+03,3.972171946051795009e-15
8.352380952380952294e+03,3.970428558681947901e-15
8.353968253968254430e+03,3.968685970601396928e-15
8.355555555555554747e+03,3.966944181544661994e-15
8.357142857142856883e+03,3.965203191246098135e-15
8.358730158730159019e+03,3.963462999439906558e-15
8.360317460317459336e+03,3.961723605860133062e-15
8.361904761904761472e+03,3.959985010240658578e-15
8.363492063492063608e+03,3.958247212315214940e-15
8.365079365079363924e+03,3.956510211817375421e-15
8.366666666666666060e+03,3.954774008480557099e-15
8.368253968253968196e+03,3.953038602038024804e-15
8.369841269841268513e+03,3.951303992222885592e-15
8.371428571428572468e+03,3.949570178768093481e-15
8.373015873015872785e+03,3.947837161406462070e-15
8.374603174603173102e+03,3.946104939870631412e-15
8.376190476190477057e+03,3.944373513893104294e-15
8.377777777777777374e+03,3.942642883206232833e-15
8.379365079365079509e+03,3.940913047542212952e-15
8.380952380952381645e+03,3.939184006633091478e-15
8.382539682539681962e+03,3.937455760210771666e-15
8.384126984126984098e+03,3.935728308007002153e-15
8.385714285714286234e+03,3.934001649753384851e-15
8.387301587301586551e+03,3.932275785181379673e-15
8.388888888888888687e+03,3.930550714022291918e-15
8.390476190476190823e+03,3.928826436007286467e-15
8.392063492063491140e+03,3.927102950867383839e-15
8.393650793650793275e+03,3.925380258333449937e-15
8.395238095238095411e+03,3.923658358136215769e-15
8.396825396825395728e+03,3.921937250006269558e-15
8.398412698412697864e+03,3.920216933674048855e-15
8.400000000000000000e+03,3.918497408869853950e-15
8.401587301587300317e+03,3.916778675323842348e-15
8.403174603174602453e+03,3.915060732766028772e-15
8.404761904761904589e+03,3.913343580926287525e-15
8.406349206349204906e+03,3.911627219534357228e-15
8.407936507936508860e+03,3.909911648319826618e-15
8.409523809523809177e+03,3.908196867012160581e-15
8.411111111111109494e+03,3.906482875340672541e-15
8.412698412698413449e+03,3.904769673034537083e-15
8.414285714285713766e+03,3.903057259822806519e-15
8.415873015873015902e+03,3.901345635434381698e-15
8.417460317460318038e+03,3.899634799598030943e-15
8.419047619047618355e+03,3.897924752042396357e-15
8.420634920634920491e+03,3.896215492495969370e-15
8.422222222222222626e+03,3.894507020687119932e-15
8.423809523809522943e+03,3.892799336344079147e-15
8.425396825396825079e+03,3.891092439194944018e-15
8.426984126984127215e+03,3.889386328967677439e-15
8.428571428571427532e+03,3.887681005390120031e-15
8.430158730158729668e+03,3.885976468189968053e-15
8.431746031746031804e+03,3.884272717094795492e-15
8.433333333333332121e+03,3.882569751832045383e-15
8.434920634920634257e+03,3.880867572129023500e-15
8.436507936507936392e+03,3.879166177712913341e-15
8.438095238095236709e+03,3.877465568310771402e-15
8.439682539682540664e+03,3.875765743649517701e-15
8.441269841269840981e+03,3.874066703455953932e-15
8.442857142857141298e+03,3.872368447456754777e-15
8.444444444444445253e+03,3.870670975378450560e-15
8.446031746031745570e+03,3.868974286947473787e-15
8.447619047619047706e+03,3.867278381890109443e-15
8.449206349206349842e+03,3.865583259932529710e-15
8.450793650793650158e+03,3.863888920800780550e-15
8.452380952380952294e+03,3.862195364220776974e-15
8.453968253968254430e+03,3.860502589918318821e-15
8.455555555555554747e+03,3.858810597619086811e-15
8.457142857142856883e+03,3.857119387048622823e-15
8.458730158730159019e+03,3.855428957932366976e-15
8.460317460317459336e+03,3.853739309995630013e-15
8.461904761904761472e+03,3.852050442963598828e-15
8.463492063492063608e+03,3.850362356561344351e-15
8.465079365079363924e+03,3.848675050513821550e-15
8.466666666666666060e+03,3.846988524545857598e-15
8.468253968253968196e+03,3.845302778382172381e-15
8.469841269841268513e+03,3.843617811747365092e-15
8.471428571428572468e+03,3.841933624365905549e-15
8.473015873015872785e+03,3.840250215962167329e-15
8.474603174603173102e+03,3.838567586260393848e-15
8.476190476190477057e+03,3.836885734984714925e-15
8.477777777777777374e+03,3.835204661859155461e-15
8.479365079365079509e+03,3.833524366607612562e-15
8.480952380952381645e+03,3.831844848953872103e-15
8.482539682539681962e+03,3.830166108621617409e-15
8.484126984126984098e+03,3.828488145334406375e-15
8.485714285714286234e+03,3.826810958815691189e-15
8.487301587301586551e+03,3.825134548788812810e-15
8.488888888888888687e+03,3.823458914976993077e-15
8.490476190476190823e+03,3.821784057103356802e-15
8.492063492063491140e+03,3.820109974890908888e-15
8.493650793650793275e+03,3.818436668062544588e-15
8.495238095238095411e+03,3.816764136341051079e-15
8.496825396825395728e+03,3.815092379449112989e-15
8.498412698412697864e+03,3.813421397109301346e-15
8.500000000000000000e+03,3.811751189044076741e-15
8.501587301587300317e+03,3.810081754975797212e-15
8.503174603174602453e+03,3.808413094626718245e-15
8.504761904761904589e+03,3.806745207718979362e-15
8.506349206349204906e+03,3.805078093974624635e-15
8.507936507936508860e+03,3.803411753115586118e-15
8.509523809523809177e+03,3.801746184863696466e-15
8.511111111111109494e+03,3.800081388940680262e-15
8.512698412698413449e+03,3.798417365068158748e-15
8.514285714285713766e+03,3.796754112967656136e-15
8.515873015873015902e+03,3.795091632360586196e-15
8.517460317460318038e+03,3.793429922968267249e-15
8.519047619047618355e+03,3.791768984511915850e-15
8.520634920634920491e+03,3.790108816712642059e-15
8.522222222222222626e+03,3.788449419291460483e-15
8.523809523809522943e+03,3.786790791969286335e-15
8.525396825396825079e+03,3.785132934466933062e-15
8.526984126984127215e+03,3.783475846505116293e-15
8.528571428571427532e+03,3.781819527804456206e-15
8.530158730158729668e+03,3.780163978085466482e-15
8.531746031746031804e+03,3.778509197068573239e-15
8.533333333333332121e+03,3.776855184474101619e-15
8.534920634920634257e+03,3.775201940022278947e-15
8.536507936507936392e+03,3.773549463433241829e-15
8.538095238095236709e+03,3.771897754427030629e-15
8.539682539682540664e+03,3.770246812723576849e-15
8.541269841269840981e+03,3.768596638042742570e-15
8.542857142857141298e+03,3.766947230104277857e-15
8.544444444444445253e+03,3.765298588627841265e-15
8.546031746031745570e+03,3.763650713333008520e-15
8.547619047619047706e+03,3.762003603939250428e-15
8.549206349206349842e+03,3.760357260165955756e-15
8.550793650793650158e+03,3.758711681732415448e-15
8.552380952380952294e+03,3.757066868357833679e-15
8.553968253968254430e+03,3.755422819761322321e-15
8.555555555555554747e+03,3.753779535661903322e-15
8.557142857142856883e+03,3.752137015778507906e-15
8.558730158730159019e+03,3.750495259829981315e-15
8.560317460317459336e+03,3.748854267535080435e-15
8.561904761904761472e+03,3.747214038612472224e-15
8.563492063492063608e+03,3.745574572780731344e-15
8.565079365079363924e+03,3.743935869758363825e-15
8.566666666666666060e+03,3.742297929263760522e-15
8.568253968253968196e+03,3.740660751015249972e-15
8.569841269841268513e+03,3.739024334731069992e-15
8.571428571428572468e+03,3.737388680129360581e-15
8.573015873015872785e+03,3.735753786928195474e-15
8.574603174603173102e+03,3.734119654845553740e-15
8.576190476190477057e+03,3.732486283599326888e-15
8.577777777777777374e+03,3.730853672907336216e-15
8.579365079365079509e+03,3.729221822487310727e-15
8.580952380952381645e+03,3.727590732056894225e-15
8.582539682539681962e+03,3.725960401333663462e-15
8.584126984126984098e+03,3.724330830035094216e-15
8.585714285714286234e+03,3.722702017878599155e-15
8.587301587301586551e+03,3.721073964581499442e-15
8.588888888888888687e+03,3.719446669861034194e-15
8.590476190476190823e+03,3.717820133434379423e-15
8.592063492063491140e+03,3.716194355018617264e-15
8.593650793650793275e+03,3.714569334330749391e-15
8.595238095238095411e+03,3.712945071087710422e-15
8.596825396825395728e+03,3.711321565006350567e-15
8.598412698412697864e+03,3.709698815803446675e-15
8.600000000000000000e+03,3.708076823195693550e-15
8.601587301587300317e+03,3.706455586899713422e-15
8.603174603174602453e+03,3.704835106632054370e-15
8.604761904761904589e+03,3.703215382109182427e-15
8.606349206349204906e+03,3.701596413047498156e-15
8.607936507936508860e+03,3.699978199163314552e-15
8.609523809523809177e+03,3.698360740172891759e-15
8.611111111111109494e+03,3.696744035792389734e-15
8.612698412698413449e+03,3.695128085737915581e-15
8.614285714285713766e+03,3.693512889725497518e-15
8.615873015873015902e+03,3.691898447471088032e-15
8.617460317460318038e+03,3.690284758690572559e-15
8.619047619047618355e+03,3.688671823099766322e-15
8.620634920634920491e+03,3.687059640414404872e-15
8.622222222222222626e+03,3.685448210350164596e-15
8.623809523809522943e+03,3.683837532622642205e-15
8.625396825396825079e+03,3.682227606947372878e-15
8.626984126984127215e+03,3.680618433039819220e-15
8.628571428571427532e+03,3.679010010615374416e-15
8.630158730158729668e+03,3.677402339389363019e-15
8.631746031746031804e+03,3.675795419077042532e-15
8.633333333333332121e+03,3.674189249393608134e-15
8.634920634920634257e+03,3.672583830054176908e-15
8.636507936507936392e+03,3.670979160773810720e-15
8.638095238095236709e+03,3.669375241267500433e-15
8.639682539682540664e+03,3.667772071250170651e-15
8.641269841269840981e+03,3.666169650436680498e-15
8.642857142857141298e+03,3.664567978541829936e-15
8.644444444444445253e+03,3.662967055280345563e-15
8.646031746031745570e+03,3.661366880366898756e-15
8.647619047619047706e+03,3.659767453516091472e-15
8.649206349206349842e+03,3.658168774442468082e-15
8.650793650793650158e+03,3.656570842860502748e-15
8.652380952380952294e+03,3.654973658484614411e-15
8.653968253968254430e+03,3.653377221029156538e-15
8.655555555555554747e+03,3.651781530208425008e-15
8.657142857142856883e+03,3.650186585736648648e-15
8.658730158730159019e+03,3.648592387328003429e-15
8.660317460317459336e+03,3.646998934696599848e-15
8.661904761904761472e+03,3.645406227556488451e-15
8.663492063492063608e+03,3.643814265621664559e-15
8.665079365079363924e+03,3.642223048606062754e-15
8.666666666666666060e+03,3.640632576223563185e-15
8.668253968253968196e+03,3.639042848187971850e-15
8.669841269841268513e+03,3.637453864213064768e-15
8.671428571428572468e+03,3.635865624012532763e-15
8.673015873015872785e+03,3.634278127300029581e-15
8.674603174603173102e+03,3.632691373789146648e-15
8.676190476190477057e+03,3.631105363193410705e-15
8.677777777777777374e+03,3.629520095226316148e-15
8.679365079365079509e+03,3.627935569601272966e-15
8.680952380952381645e+03,3.626351786031654860e-15
8.682539682539681962e+03,3.624768744230781099e-15
8.684126984126984098e+03,3.623186443911911000e-15
8.685714285714286234e+03,3.621604884788249447e-15
8.687301587301586551e+03,3.620024066572962671e-15
8.688888888888888687e+03,3.618443988979139594e-15
8.690476190476190823e+03,3.616864651719838373e-15
8.692063492063491140e+03,3.615286054508058788e-15
8.693650793650793275e+03,3.613708197056743823e-15
8.695238095238095411e+03,3.612131079078793861e-15
8.696825396825395728e+03,3.610554700287056435e-15
8.698412698412697864e+03,3.608979060394318331e-15
8.700000000000000000e+03,3.607404159113333207e-15
8.701587301587300317e+03,3.605829996156797921e-15
8.703174603174602453e+03,3.604256571237357265e-15
8.704761904761904589e+03,3.602683884067612648e-15
8.706349206349204906e+03,3.601111934360112620e-15
8.707936507936508860e+03,3.599540721827361558e-15
8.709523809523809177e+03,3.597970246181817296e-15
8.711111111111109494e+03,3.596400507135886391e-15
8.712698412698413449e+03,3.594831504401928857e-15
8.714285714285713766e+03,3.593263237692267634e-15
8.715873015873015902e+03,3.591695706719165706e-15
8.717460317460318038e+03,3.590128911194852925e-15
8.719047619047618355e+03,3.588562850831509446e-15
8.720634920634920491e+03,3.586997525341266514e-15
8.722222222222222626e+03,3.585432934436218298e-15
8.723809523809522943e+03,3.583869077828410845e-15
8.725396825396825079e+03,3.582305955229846817e-15
8.726984126984127215e+03,3.580743566352488642e-15
8.728571428571427532e+03,3.579181910908256151e-15
8.730158730158729668e+03,3.577620988609017897e-15
8.731746031746031804e+03,3.576060799166614826e-15
8.733333333333332121e+03,3.574501342292836605e-15
8.734920634920634257e+03,3.572942617699431882e-15
8.736507936507936392e+03,3.571384625098116172e-15
8.738095238095236709e+03,3.569827364200554504e-15
8.739682539682540664e+03,3.568270834718376407e-15
8.741269841269840981e+03,3.566715036363179067e-15
8.742857142857141298e+03,3.565159968846503661e-15
8.744444444444445253e+03,3.563605631879867701e-15
8.746031746031745570e+03,3.562052025174745311e-15
8.747619047619047706e+03,3.560499148442569593e-15
8.749206349206349842e+03,3.558947001394740519e-15
8.750793650793650158e+03,3.557395583742613884e-15
8.752380952380952294e+03,3.555844895197517082e-15
8.753968253968254430e+03,3.554294935470733335e-15
8.755555555555554747e+03,3.552745704273518250e-15
8.757142857142856883e+03,3.551197201317081290e-15
8.758730158730159019e+03,3.549649426312602728e-15
8.760317460317459336e+03,3.548102378971227338e-15
8.761904761904761472e+03,3.546556059004063607e-15
8.763492063492063608e+03,3.545010466122183339e-15
8.765079365079363924e+03,3.543465600036631124e-15
8.766666666666666060e+03,3.541921460458411320e-15
8.768253968253968196e+03,3.540378047098495940e-15
8.769841269841268513e+03,3.538835359667831754e-15
8.771428571428572468e+03,3.537293397877315046e-15
8.773015873015872785e+03,3.535752161437835000e-15
8.774603174603173102e+03,3.534211650060227156e-15
8.776190476190477057e+03,3.532671863455302206e-15
8.777777777777777374e+03,3.531132801333847571e-15
8.779365079365079509e+03,3.529594463406610045e-15
8.780952380952381645e+03,3.528056849384307235e-15
8.782539682539681962e+03,3.526519958977635447e-15
8.784126984126984098e+03,3.524983791897246023e-15
8.785714285714286234e+03,3.523448347853775317e-15
8.787301587301586551e+03,3.521913626557828917e-15
8.788888888888888687e+03,3.520379627719969418e-15
8.790476190476190823e+03,3.518846351050748766e-15
8.792063492063491140e+03,3.517313796260681041e-15
8.793650793650793275e+03,3.515781963060255473e-15
8.795238095238095411e+03,3.514250851159932896e-15
8.796825396825395728e+03,3.512720460270155208e-15
8.798412698412697864e+03,3.511190790101320527e-15
8.800000000000000000e+03,3.509661840363819083e-15
8.801587301587300317e+03,3.508133610768003238e-15
8.803174603174602453e+03,3.506606101024205635e-15
8.804761904761904589e+03,3.505079310842729335e-15
8.806349206349204906e+03,3.503553239933860830e-15
8.807936507936508860e+03,3.502027888007847171e-15
8.809523809523809177e+03,3.500503254774932254e-15
8.811111111111109494e+03,3.498979339945317771e-15
8.812698412698413449e+03,3.497456143229188451e-15
8.814285714285713766e+03,3.495933664336710488e-15
8.815873015873015902e+03,3.494411902978018519e-15
8.817460317460318038e+03,3.492890858863232984e-15
8.819047619047618355e+03,3.491370531702451837e-15
8.820634920634920491e+03,3.489850921205738326e-15
8.822222222222222626e+03,3.488332027083149781e-15
8.823809523809522943e+03,3.486813849044721047e-15
8.825396825396825079e+03,3.485296386800453841e-15
8.826984126984127215e+03,3.483779640060344355e-15
8.828571428571427532e+03,3.482263608534359595e-15
8.830158730158729668e+03,3.480748291932448027e-15
8.831746031746031804e+03,3.479233689964543130e-15
8.833333333333332121e+03,3.477719802340555506e-15
8.834920634920634257e+03,3.476206628770376823e-15
8.836507936507936392e+03,3.474694168963883368e-15
8.838095238095236709e+03,3.473182422630929733e-15
8.839682539682540664e+03,3.471671389481351578e-15
8.841269841269840981e+03,3.470161069224979435e-15
8.842857142857141298e+03,3.468651461571609522e-15
8.844444444444445253e+03,3.467142566231029376e-15
8.846031746031745570e+03,3.465634382913017466e-15
8.847619047619047706e+03,3.464126911327321100e-15
8.849206349206349842e+03,3.462620151183678906e-15
8.850793650793650158e+03,3.461114102191821627e-15
8.852380952380952294e+03,3.459608764061454365e-15
8.853968253968254430e+03,3.458104136502271180e-15
8.855555555555554747e+03,3.456600219223951537e-15
8.857142857142856883e+03,3.455097011936161097e-15
8.858730158730159019e+03,3.453594514348551715e-15
8.860317460317459336e+03,3.452092726170762230e-15
8.861904761904761472e+03,3.450591647112416098e-15
8.863492063492063608e+03,3.449091276883124942e-15
8.865079365079363924e+03,3.447591615192491708e-15
8.866666666666666060e+03,3.446092661750100410e-15
8.868253968253968196e+03,3.444594416265527960e-15
8.869841269841268513e+03,3.443096878448339440e-15
8.871428571428572468e+03,3.441600048008085336e-15
8.873015873015872785e+03,3.440103924654307457e-15
8.874603174603173102e+03,3.438608508096545245e-15
8.876190476190477057e+03,3.437113798044304618e-15
8.877777777777777374e+03,3.435619794207108844e-15
8.879365079365079509e+03,3.434126496294452797e-15
8.880952380952381645e+03,3.432633904015831743e-15
8.882539682539681962e+03,3.431142017080724776e-15
8.884126984126984098e+03,3.429650835198611386e-15
8.885714285714286234e+03,3.428160358078952523e-15
8.887301587301586551e+03,3.426670585431208350e-15
8.888888888888888687e+03,3.425181516964826011e-15
8.890476190476190823e+03,3.423693152389245555e-15
8.892063492063491140e+03,3.422205491413909786e-15
8.893650793650793275e+03,3.420718533748242186e-15
8.895238095238095411e+03,3.419232279101660318e-15
8.896825396825395728e+03,3.417746727183587662e-15
8.898412698412697864e+03,3.416261877703426004e-15
8.900000000000000000e+03,3.414777730370581075e-15
8.901587301587300317e+03,3.413294284894455845e-15
8.903174603174602453e+03,3.411811540984433561e-15
8.904761904761904589e+03,3.410329498349910488e-15
8.906349206349204906e+03,3.408848156700271057e-15
8.907936507936508860e+03,3.407367515744885895e-15
8.909523809523809177e+03,3.405887575193139038e-15
8.911111111111109494e+03,3.404408334754401113e-15
8.912698412698413449e+03,3.402929794138036041e-15
8.914285714285713766e+03,3.401451953053417997e-15
8.915873015873015902e+03,3.399974811209904988e-15
8.917460317460318038e+03,3.398498368316856200e-15
8.919047619047618355e+03,3.397022624083634765e-15
8.920634920634920491e+03,3.395547578219594349e-15
8.922222222222222626e+03,3.394073230434092169e-15
8.923809523809522943e+03,3.392599580436482678e-15
8.925396825396825079e+03,3.391126627936117964e-15
8.926984126984127215e+03,3.389654372642348539e-15
8.928571428571427532e+03,3.388182814264533196e-15
8.930158730158729668e+03,3.386711952512016133e-15
8.931746031746031804e+03,3.385241787094154961e-15
8.933333333333332121e+03,3.383772317720306107e-15
8.934920634920634257e+03,3.382303544099813771e-15
8.936507936507936392e+03,3.380835465942041478e-15
8.938095238095236709e+03,3.379368082956340923e-15
8.939682539682540664e+03,3.377901394852069716e-15
8.941269841269840981e+03,3.376435401338592171e-15
8.942857142857141298e+03,3.374970102125270239e-15
8.944444444444445253e+03,3.373505496921459951e-15
8.946031746031745570e+03,3.372041585436546133e-15
8.947619047619047706e+03,3.370578367379881267e-15
8.949206349206349842e+03,3.369115842460848997e-15
8.950793650793650158e+03,3.367654010388826259e-15
8.952380952380952294e+03,3.366192870873197091e-15
8.953968253968254430e+03,3.364732423623341584e-15
8.955555555555554747e+03,3.363272668348655609e-15
8.957142857142856883e+03,3.361813604758531880e-15
8.958730158730159019e+03,3.360355232562371001e-15
8.960317460317459336e+03,3.358897551469580279e-15
8.961904761904761472e+03,3.357440561189567417e-15
8.963492063492063608e+03,3.355984261431755502e-15
8.965079365079363924e+03,3.354528651905562884e-15
8.966666666666666060e+03,3.353073732320425272e-15
8.968253968253968196e+03,3.351619502385770880e-15
8.969841269841268513e+03,3.350165961811053162e-15
8.971428571428572468e+03,3.348713110305713744e-15
8.973015873015872785e+03,3.347260947579218704e-15
8.974603174603173102e+03,3.345809473341031359e-15
8.976190476190477057e+03,3.344358687300626859e-15
8.977777777777777374e+03,3.342908589167485878e-15
8.979365079365079509e+03,3.341459178651103286e-15
8.980952380952381645e+03,3.340010455460977901e-15
8.982539682539681962e+03,3.338562419306621160e-15
8.984126984126984098e+03,3.337115069897548839e-15
8.985714285714286234e+03,3.335668406943293283e-15
8.987301587301586551e+03,3.334222430153389988e-15
8.988888888888888687e+03,3.332777139237389047e-15
8.990476190476190823e+03,3.331332533904853175e-15
8.992063492063491140e+03,3.329888613865348239e-15
8.993650793650793275e+03,3.328445378828459043e-15
8.995238095238095411e+03,3.327002828503775516e-15
8.996825396825395728e+03,3.325560962600904549e-15
8.998412698412697864e+03,3.324119780829462103e-15
9.000000000000000000e+03,3.322679282899072423e-15
9.001587301587300317e+03,3.321239468519383420e-15
9.003174603174602453e+03,3.319800337400041822e-15
9.004761904761904589e+03,3.318361889250717628e-15
9.006349206349204906e+03,3.316924123781089121e-15
9.007936507936508860e+03,3.315487040700846414e-15
9.009523809523809177e+03,3.314050639719701317e-15
9.011111111111109494e+03,3.312614920547371949e-15
9.012698412698413449e+03,3.311179882893588262e-15
9.014285714285713766e+03,3.309745526468107032e-15
9.015873015873015902e+03,3.308311850980687396e-15
9.017460317460318038e+03,3.306878856141106246e-15
9.019047619047618355e+03,3.305446541659163743e-15
9.020634920634920491e+03,3.304014907244663991e-15
9.022222222222222626e+03,3.302583952607433579e-15
9.023809523809522943e+03,3.301153677457315661e-15
9.025396825396825079e+03,3.299724081504162857e-15
9.026984126984127215e+03,3.298295164457852242e-15
9.028571428571427532e+03,3.296866926028273907e-15
9.030158730158729668e+03,3.295439365925334509e-15
9.031746031746031804e+03,3.294012483858960034e-15
9.033333333333332121e+03,3.292586279539092636e-15
9.034920634920634257e+03,3.291160752675690250e-15
9.036507936507936392e+03,3.289735902978733291e-15
9.038095238095236709e+03,3.288311730158215980e-15
9.039682539682540664e+03,3.286888233924151076e-15
9.041269841269840981e+03,3.285465413986579737e-15
9.042857142857141298e+03,3.284043270055547854e-15
9.044444444444445253e+03,3.282621801841125773e-15
9.046031746031745570e+03,3.281201009053411056e-15
9.047619047619047706e+03,3.279780891402507181e-15
9.049206349206349842e+03,3.278361448598550759e-15
9.050793650793650158e+03,3.276942680351689443e-15
9.052380952380952294e+03,3.275524586372093370e-15
9.053968253968254430e+03,3.274107166369955949e-15
9.055555555555554747e+03,3.272690420055496226e-15
9.057142857142856883e+03,3.271274347138937191e-15
9.058730158730159019e+03,3.269858947330541673e-15
9.060317460317459336e+03,3.268444220340583937e-15
9.061904761904761472e+03,3.267030165879366649e-15
9.063492063492063608e+03,3.265616783657207069e-15
9.065079365079363924e+03,3.264204073384450067e-15
9.066666666666666060e+03,3.262792034771461810e-15
9.068253968253968196e+03,3.261380667528632923e-15
9.069841269841268513e+03,3.259969971366370989e-15
9.071428571428572468e+03,3.258559945995115147e-15
9.073015873015872785e+03,3.257150591125326229e-15
9.074603174603173102e+03,3.255741906467484000e-15
9.076190476190477057e+03,3.254333891732092284e-15
9.077777777777777374e+03,3.252926546629686856e-15
9.079365079365079509e+03,3.251519870870823605e-15
9.080952380952381645e+03,3.250113864166078538e-15
9.082539682539681962e+03,3.248708526226061185e-15
9.084126984126984098e+03,3.247303856761398042e-15
9.085714285714286234e+03,3.245899855482748337e-15
9.087301587301586551e+03,3.244496522100791023e-15
9.088888888888888687e+03,3.243093856326233846e-15
9.090476190476190823e+03,3.241691857869809400e-15
9.092063492063491140e+03,3.240290526442281045e-15
9.093650793650793275e+03,3.238889861754430286e-15
9.095238095238095411e+03,3.237489863517073337e-15
9.096825396825395728e+03,3.236090531441049683e-15
9.098412698412697864e+03,3.234691865237226418e-15
9.100000000000000000e+03,3.233293864616498250e-15
9.101587301587300317e+03,3.231896529289789465e-15
9.103174603174602453e+03,3.230499858968047623e-15
9.104761904761904589e+03,3.229103853362250655e-15
9.106349206349204906e+03,3.227708512183410411e-15
9.107936507936508860e+03,3.226313835142556493e-15
9.109523809523809177e+03,3.224919821950757550e-15
9.111111111111109494e+03,3.223526472319108264e-15
9.112698412698413449e+03,3.222133785958723038e-15
9.114285714285713766e+03,3.220741762580764791e-15
9.115873015873015902e+03,3.219350401896409061e-15
9.117460317460318038e+03,3.217959703616867679e-15
9.119047619047618355e+03,3.216569667453385207e-15
9.120634920634920491e+03,3.215180293117233429e-15
9.122222222222222626e+03,3.213791580319711339e-15
9.123809523809522943e+03,3.212403528772159352e-15
9.125396825396825079e+03,3.211016138185935232e-15
9.126984126984127215e+03,3.209629408272439741e-15
9.128571428571427532e+03,3.208243338743097698e-15
9.130158730158729668e+03,3.206857929309369817e-15
9.131746031746031804e+03,3.205473179682744421e-15
9.133333333333332121e+03,3.204089089574752037e-15
9.134920634920634257e+03,3.202705658696937787e-15
9.136507936507936392e+03,3.201322886760894913e-15
9.138095238095236709e+03,3.199940773478244267e-15
9.139682539682540664e+03,3.198559318560635889e-15
9.141269841269840981e+03,3.197178521719763995e-15
9.142857142857141298e+03,3.195798382667342127e-15
9.144444444444445253e+03,3.194418901115122484e-15
9.146031746031745570e+03,3.193040076774901045e-15
9.147619047619047706e+03,3.191661909358490354e-15
9.149206349206349842e+03,3.190284398577751867e-15
9.150793650793650158e+03,3.188907544144574254e-15
9.152380952380952294e+03,3.187531345770880500e-15
9.153968253968254430e+03,3.186155803168633035e-15
9.155555555555554747e+03,3.184780916049827419e-15
9.157142857142856883e+03,3.183406684126487218e-15
9.158730158730159019e+03,3.182033107110686090e-15
9.160317460317459336e+03,3.180660184714517809e-15
9.161904761904761472e+03,3.179287916650125848e-15
9.163492063492063608e+03,3.177916302629680106e-15
9.165079365079363924e+03,3.176545342365391503e-15
9.166666666666666060e+03,3.175175035569502513e-15
9.168253968253968196e+03,3.173805381954298209e-15
9.169841269841268513e+03,3.172436381232098769e-15
9.171428571428572468e+03,3.171068033115256318e-15
9.173015873015872785e+03,3.169700337316174653e-15
9.174603174603173102e+03,3.168333293547275715e-15
9.176190476190477057e+03,3.166966901521031142e-15
9.177777777777777374e+03,3.165601160949950832e-15
9.179365079365077690e+03,3.164236071546577815e-15
9.180952380952381645e+03,3.162871633023491410e-15
9.182539682539681962e+03,3.161507845093321422e-15
9.184126984126984098e+03,3.160144707468724872e-15
9.185714285714286234e+03,3.158782219862399012e-15
9.187301587301586551e+03,3.157420381987087638e-15
9.188888888888888687e+03,3.156059193555566099e-15
9.190476190476190823e+03,3.154698654280651162e-15
9.192063492063491140e+03,3.153338763875200218e-15
9.193650793650793275e+03,3.151979522052112467e-15
9.195238095238095411e+03,3.150620928524320243e-15
9.196825396825395728e+03,3.149262983004807945e-15
9.198412698412697864e+03,3.147905685206587185e-15
9.200000000000000000e+03,3.146549034842719277e-15
9.201587301587300317e+03,3.145193031626306552e-15
9.203174603174602453e+03,3.143837675270484477e-15
9.204761904761904589e+03,3.142482965488435452e-15
9.206349206349204906e+03,3.141128901993387634e-15
9.207936507936508860e+03,3.139775484498599157e-15
9.209523809523809177e+03,3.138422712717383767e-15
9.211111111111109494e+03,3.137070586363084795e-15
9.212698412698413449e+03,3.135719105149094084e-15
9.214285714285713766e+03,3.134368268788848446e-15
9.215873015873015902e+03,3.133018076995818611e-15
9.217460317460318038e+03,3.131668529483526191e-15
9.219047619047618355e+03,3.130319625965534214e-15
9.220634920634920491e+03,3.128971366155441995e-15
9.222222222222222626e+03,3.127623749766903675e-15
9.223809523809522943e+03,3.126276776513609683e-15
9.225396825396825079e+03,3.124930446109290284e-15
9.226984126984127215e+03,3.123584758267731361e-15
9.228571428571427532e+03,3.122239712702751136e-15
9.230158730158729668e+03,3.120895309128222660e-15
9.231746031746031804e+03,3.119551547258050931e-15
9.233333333333332121e+03,3.118208426806200507e-15
9.234920634920634257e+03,3.116865947486662374e-15
9.236507936507936392e+03,3.115524109013493385e-15
9.238095238095236709e+03,3.114182911100781160e-15
9.239682539682540664e+03,3.112842353462658285e-15
9.241269841269840981e+03,3.111502435813316510e-15
9.242857142857141298e+03,3.110163157866978743e-15
9.244444444444445253e+03,3.108824519337915622e-15
9.246031746031745570e+03,3.107486519940453790e-15
9.247619047619047706e+03,3.106149159388958942e-15
9.249206349206349842e+03,3.104812437397836214e-15
9.250793650793650158e+03,3.103476353681558979e-15
9.252380952380952294e+03,3.102140907954621516e-15
9.253968253968254430e+03,3.100806099931582393e-15
9.255555555555554747e+03,3.099471929327041597e-15
9.257142857142856883e+03,3.098138395855646838e-15
9.258730158730159019e+03,3.096805499232091583e-15
9.260317460317459336e+03,3.095473239171123333e-15
9.261904761904761472e+03,3.094141615387527850e-15
9.263492063492063608e+03,3.092810627596148088e-15
9.265079365079363924e+03,3.091480275511868812e-15
9.266666666666666060e+03,3.090150558849626851e-15
9.268253968253968196e+03,3.088821477324405970e-15
9.269841269841268513e+03,3.087493030651238846e-15
9.271428571428572468e+03,3.086165218545205484e-15
9.273015873015872785e+03,3.084838040721443086e-15
9.274603174603173102e+03,3.083511496895123953e-15
9.276190476190477057e+03,3.082185586781477978e-15
9.277777777777777374e+03,3.080860310095791061e-15
9.279365079365077690e+03,3.079535666553389726e-15
9.280952380952381645e+03,3.078211655869644677e-15
9.282539682539681962e+03,3.076888277759995246e-15
9.284126984126984098e+03,3.075565531939916661e-15
9.285714285714286234e+03,3.074243418124938973e-15
9.287301587301586551e+03,3.072921936030639173e-15
9.288888888888888687e+03,3.071601085372652624e-15
9.290476190476190823e+03,3.070280865866659658e-15
9.292063492063491140e+03,3.068961277228394247e-15
9.293650793650793275e+03,3.067642319173638090e-15
9.295238095238095411e+03,3.066323991418226529e-15
9.296825396825395728e+03,3.065006293678053281e-15
9.298412698412697864e+03,3.063689225669049138e-15
9.300000000000000000e+03,3.062372787107210766e-15
9.301587301587300317e+03,3.061056977708582947e-15
9.303174603174602453e+03,3.059741797189254248e-15
9.304761904761904589e+03,3.058427245265377526e-15
9.306349206349204906e+03,3.057113321653152183e-15
9.307936507936508860e+03,3.055800026068830077e-15
9.309523809523809177e+03,3.054487358228723418e-15
9.311111111111109494e+03,3.053175317849186617e-15
9.312698412698413449e+03,3.051863904646628517e-15
9.314285714285713766e+03,3.050553118337521071e-15
9.315873015873015902e+03,3.049242958638381195e-15
9.317460317460318038e+03,3.047933425265782999e-15
9.319047619047618355e+03,3.046624517936355025e-15
9.320634920634920491e+03,3.045316236366775907e-15
9.322222222222222626e+03,3.044008580273784230e-15
9.323809523809522943e+03,3.042701549374165520e-15
9.325396825396825079e+03,3.041395143384767622e-15
9.326984126984127215e+03,3.040089362022483738e-15
9.328571428571427532e+03,3.038784205004278071e-15
9.330158730158729668e+03,3.037479672047150321e-15
9.331746031746031804e+03,3.036175762868165662e-15
9.333333333333332121e+03,3.034872477184450014e-15
9.334920634920634257e+03,3.033569814713169920e-15
9.336507936507936392e+03,3.032267775171559766e-15
9.338095238095236709e+03,3.030966358276906793e-15
9.339682539682540664e+03,3.029665563746549121e-15
9.341269841269840981e+03,3.028365391297887982e-15
9.342857142857141298e+03,3.027065840648380614e-15
9.344444444444445253e+03,3.025766911515527251e-15
9.346031746031745570e+03,3.024468603616906615e-15
9.347619047619047706e+03,3.023170916670136875e-15
9.349206349206349842e+03,3.021873850392900883e-15
9.350793650793650158e+03,3.020577404502937502e-15
9.352380952380952294e+03,3.019281578718038450e-15
9.353968253968254430e+03,3.017986372756055790e-15
9.355555555555554747e+03,3.016691786334904696e-15
9.357142857142856883e+03,3.015397819172548461e-15
9.358730158730159019e+03,3.014104470987011910e-15
9.360317460317459336e+03,3.012811741496382978e-15
9.361904761904761472e+03,3.011519630418794561e-15
9.363492063492063608e+03,3.010228137472452531e-15
9.365079365079363924e+03,3.008937262375611663e-15
9.366666666666666060e+03,3.007647004846589844e-15
9.368253968253968196e+03,3.006357364603758211e-15
9.369841269841268513e+03,3.005068341365555344e-15
9.371428571428570649e+03,3.003779934850471102e-15
9.373015873015872785e+03,3.002492144777056876e-15
9.374603174603173102e+03,3.001204970863923612e-15
9.376190476190477057e+03,2.999918412829740637e-15
9.377777777777777374e+03,2.998632470393240382e-15
9.379365079365077690e+03,2.997347143273213656e-15
9.380952380952381645e+03,2.996062431188501362e-15
9.382539682539681962e+03,2.994778333858022103e-15
9.384126984126984098e+03,2.993494851000737476e-15
9.385714285714286234e+03,2.992211982335680865e-15
9.387301587301586551e+03,2.990929727581942452e-15
9.388888888888888687e+03,2.989648086458670005e-15
9.390476190476190823e+03,2.988367058685076767e-15
9.392063492063491140e+03,2.987086643980436725e-15
9.393650793650793275e+03,2.985806842064077114e-15
9.395238095238095411e+03,2.984527652655393797e-15
9.396825396825395728e+03,2.983249075473844961e-15
9.398412698412697864e+03,2.981971110238943616e-15
9.400000000000000000e+03,2.980693756670267460e-15
9.401587301587300317e+03,2.979417014487458877e-15
9.403174603174602453e+03,2.978140883410217444e-15
9.404761904761904589e+03,2.976865363158305845e-15
9.406349206349204906e+03,2.975590453451550271e-15
9.407936507936508860e+03,2.974316154009837257e-15
9.409523809523809177e+03,2.973042464553117237e-15
9.411111111111109494e+03,2.971769384801406122e-15
9.412698412698413449e+03,2.970496914474770703e-15
9.414285714285713766e+03,2.969225053293357447e-15
9.415873015873015902e+03,2.967953800977360939e-15
9.417460317460318038e+03,2.966683157247047158e-15
9.419047619047618355e+03,2.965413121822741249e-15
9.420634920634920491e+03,2.964143694424835407e-15
9.422222222222222626e+03,2.962874874773783360e-15
9.423809523809522943e+03,2.961606662590099972e-15
9.425396825396825079e+03,2.960339057594363217e-15
9.426984126984127215e+03,2.959072059507222854e-15
9.428571428571427532e+03,2.957805668049387412e-15
9.430158730158729668e+03,2.956539882941623009e-15
9.431746031746031804e+03,2.955274703904773463e-15
9.433333333333332121e+03,2.954010130659736631e-15
9.434920634920634257e+03,2.952746162927478211e-15
9.436507936507936392e+03,2.951482800429023460e-15
9.438095238095236709e+03,2.950220042885479284e-15
9.439682539682540664e+03,2.948957890017993606e-15
9.441269841269840981e+03,2.947696341547797972e-15
9.442857142857141298e+03,2.946435397196180330e-15
9.444444444444445253e+03,2.945175056684490947e-15
9.446031746031745570e+03,2.943915319734158189e-15
9.447619047619047706e+03,2.942656186066664852e-15
9.449206349206349842e+03,2.941397655403561576e-15
9.450793650793650158e+03,2.940139727466466051e-15
9.452380952380952294e+03,2.938882401977064996e-15
9.453968253968254430e+03,2.937625678657097981e-15
9.455555555555554747e+03,2.936369557228394507e-15
9.457142857142856883e+03,2.935114037412824307e-15
9.458730158730159019e+03,2.933859118932339155e-15
9.460317460317459336e+03,2.932604801508959063e-15
9.461904761904761472e+03,2.931351084864758472e-15
9.463492063492063608e+03,2.930097968721887162e-15
9.465079365079363924e+03,2.928845452802560781e-15
9.466666666666666060e+03,2.927593536829061635e-15
9.468253968253968196e+03,2.926342220523737114e-15
9.469841269841268513e+03,2.925091503609009152e-15
9.471428571428570649e+03,2.923841385807352933e-15
9.473015873015872785e+03,2.922591866841325683e-15
9.474603174603173102e+03,2.921342946433545369e-15
9.476190476190477057e+03,2.920094624306699379e-15
9.477777777777777374e+03,2.918846900183539785e-15
9.479365079365077690e+03,2.917599773786890843e-15
9.480952380952381645e+03,2.916353244839639917e-15
9.482539682539681962e+03,2.915107313064752072e-15
9.484126984126984098e+03,2.913861978185251539e-15
9.485714285714286234e+03,2.912617239924231181e-15
9.487301587301586551e+03,2.911373098004861955e-15
9.488888888888888687e+03,2.910129552150368859e-15
9.490476190476190823e+03,2.908886602084060901e-15
9.492063492063491140e+03,2.907644247529306651e-15
9.493650793650793275e+03,2.906402488209544491e-15
9.495238095238095411e+03,2.905161323848285379e-15
9.496825396825395728e+03,2.903920754169105355e-15
9.498412698412697864e+03,2.902680778895656976e-15
9.500000000000000000e+03,2.901441397751653544e-15
9.501587301587300317e+03,2.900202610460884485e-15
9.503174603174602453e+03,2.898964416747203517e-15
9.504761904761904589e+03,2.897726816334539299e-15
9.506349206349204906e+03,2.896489808946893067e-15
9.507936507936508860e+03,2.895253394308322065e-15
9.509523809523809177e+03,2.894017572142975045e-15
9.511111111111109494e+03,2.892782342175049274e-15
9.512698412698413449e+03,2.891547704128826033e-15
9.514285714285713766e+03,2.890313657728655233e-15
9.515873015873015902e+03,2.889080202698957784e-15
9.517460317460318038e+03,2.887847338764219676e-15
9.519047619047618355e+03,2.886615065649004600e-15
9.520634920634920491e+03,2.885383383077943699e-15
9.522222222222222626e+03,2.884152290775737927e-15
9.523809523809522943e+03,2.882921788467165941e-15
9.525396825396825079e+03,2.881691875877070297e-15
9.526984126984127215e+03,2.880462552730371252e-15
9.528571428571427532e+03,2.879233818752052568e-15
9.530158730158729668e+03,2.878005673667180048e-15
9.531746031746031804e+03,2.876778117200882603e-15
9.533333333333332121e+03,2.875551149078366454e-15
9.534920634920634257e+03,2.874324769024905268e-15
9.536507936507936392e+03,2.873098976765849233e-15
9.538095238095236709e+03,2.871873772026620717e-15
9.539682539682540664e+03,2.870649154532707957e-15
9.541269841269840981e+03,2.869425124009683600e-15
9.542857142857141298e+03,2.868201680183179850e-15
9.544444444444445253e+03,2.866978822778907799e-15
9.546031746031745570e+03,2.865756551522653480e-15
9.547619047619047706e+03,2.864534866140269584e-15
9.549206349206349842e+03,2.863313766357689266e-15
9.550793650793650158e+03,2.862093251900917469e-15
9.552380952380952294e+03,2.860873322496021060e-15
9.553968253968254430e+03,2.859653977869155258e-15
9.555555555555554747e+03,2.858435217746539970e-15
9.557142857142856883e+03,2.857217041854473594e-15
9.558730158730159019e+03,2.855999449919322371e-15
9.560317460317459336e+03,2.854782441667536159e-15
9.561904761904761472e+03,2.853566016825623193e-15
9.563492063492063608e+03,2.852350175120180061e-15
9.565079365079363924e+03,2.851134916277870799e-15
9.566666666666666060e+03,2.849920240025435171e-15
9.568253968253968196e+03,2.848706146089687491e-15
9.569841269841268513e+03,2.847492634197513069e-15
9.571428571428570649e+03,2.846279704075872947e-15
9.573015873015872785e+03,2.845067355451808629e-15
9.574603174603173102e+03,2.843855588052430253e-15
9.576190476190477057e+03,2.842644401604920133e-15
9.577777777777777374e+03,2.841433795836545784e-15
9.579365079365077690e+03,2.840223770474638618e-15
9.580952380952381645e+03,2.839014325246610509e-15
9.582539682539681962e+03,2.837805459879949064e-15
9.584126984126984098e+03,2.836597174102215646e-15
9.585714285714286234e+03,2.835389467641046956e-15
9.587301587301586551e+03,2.834182340224155426e-15
9.588888888888888687e+03,2.832975791579329612e-15
9.590476190476190823e+03,2.831769821434431829e-15
9.592063492063491140e+03,2.830564429517400910e-15
9.593650793650793275e+03,2.829359615556253788e-15
9.595238095238095411e+03,2.828155379279080758e-15
9.596825396825395728e+03,2.826951720414050213e-15
9.598412698412697864e+03,2.825748638689405487e-15
9.600000000000000000e+03,2.824546133833460913e-15
9.601587301587300317e+03,2.823344205574620358e-15
9.603174603174602453e+03,2.822142853641351194e-15
9.604761904761904589e+03,2.820942077762204805e-15
9.606349206349204906e+03,2.819741877665806334e-15
9.607936507936508860e+03,2.818542253080853106e-15
9.609523809523809177e+03,2.817343203736128431e-15
9.611111111111109494e+03,2.816144729360492532e-15
9.612698412698413449e+03,2.814946829682869530e-15
9.614285714285713766e+03,2.813749504432274662e-15
9.615873015873015902e+03,2.812552753337796526e-15
9.617460317460318038e+03,2.811356576128591168e-15
9.619047619047618355e+03,2.810160972533913243e-15
9.620634920634920491e+03,2.808965942283072626e-15
9.622222222222222626e+03,2.807771485105469121e-15
9.623809523809522943e+03,2.806577600730577475e-15
9.625396825396825079e+03,2.805384288887946586e-15
9.626984126984127215e+03,2.804191549307210158e-15
9.628571428571427532e+03,2.802999381718079989e-15
9.630158730158729668e+03,2.801807785850333748e-15
9.631746031746031804e+03,2.800616761433839429e-15
9.633333333333332121e+03,2.799426308198541151e-15
9.634920634920634257e+03,2.798236425874456396e-15
9.636507936507936392e+03,2.797047114191685872e-15
9.638095238095236709e+03,2.795858372880408779e-15
9.639682539682540664e+03,2.794670201670875707e-15
9.641269841269840981e+03,2.793482600293428756e-15
9.642857142857141298e+03,2.792295568478473527e-15
9.644444444444445253e+03,2.791109105956506343e-15
9.646031746031745570e+03,2.789923212458102016e-15
9.647619047619047706e+03,2.788737887713903990e-15
9.649206349206349842e+03,2.787553131454644850e-15
9.650793650793650158e+03,2.786368943411132913e-15
9.652380952380952294e+03,2.785185323314253802e-15
9.653968253968254430e+03,2.784002270894976761e-15
9.655555555555554747e+03,2.782819785884348342e-15
9.657142857142856883e+03,2.781637868013495165e-15
9.658730158730159019e+03,2.780456517013619584e-15
9.660317460317459336e+03,2.779275732616008357e-15
9.661904761904761472e+03,2.778095514552027131e-15
9.663492063492063608e+03,2.776915862553120438e-15
9.665079365079363924e+03,2.775736776350814063e-15
9.666666666666666060e+03,2.774558255676710704e-15
9.668253968253968196e+03,2.773380300262496286e-15
9.669841269841268513e+03,2.772202909839938773e-15
9.671428571428570649e+03,2.771026084140877522e-15
9.673015873015872785e+03,2.769849822897243399e-15
9.674603174603173102e+03,2.768674125841042998e-15
9.676190476190477057e+03,2.767498992704359041e-15
9.677777777777777374e+03,2.766324423219360234e-15
9.679365079365077690e+03,2.765150417118299297e-15
9.680952380952381645e+03,2.763976974133497582e-15
9.682539682539681962e+03,2.762804093997372285e-15
9.684126984126984098e+03,2.761631776442409235e-15
9.685714285714286234e+03,2.760460021201179459e-15
9.687301587301586551e+03,2.759288828006341544e-15
9.688888888888888687e+03,2.758118196590621923e-15
9.690476190476190823e+03,2.756948126686841295e-15
9.692063492063491140e+03,2.755778618027893329e-15
9.693650793650793275e+03,2.754609670346758865e-15
9.695238095238095411e+03,2.753441283376496050e-15
9.696825396825395728e+03,2.752273456850243100e-15
9.698412698412697864e+03,2.751106190501226979e-15
9.700000000000000000e+03,2.749939484062751169e-15
9.701587301587300317e+03,2.748773337268201195e-15
9.703174603174602453e+03,2.747607749851045412e-15
9.704761904761904589e+03,2.746442721544831061e-15
9.706349206349204906e+03,2.745278252083196890e-15
9.707936507936508860e+03,2.744114341199851462e-15
9.709523809523809177e+03,2.742950988628595638e-15
9.711111111111109494e+03,2.741788194103307190e-15
9.712698412698413449e+03,2.740625957357944356e-15
9.714285714285713766e+03,2.739464278126553332e-15
9.715873015873015902e+03,2.738303156143259593e-15
9.717460317460318038e+03,2.737142591142273813e-15
9.719047619047618355e+03,2.735982582857884761e-15
9.720634920634920491e+03,2.734823131024467589e-15
9.722222222222222626e+03,2.733664235376476726e-15
9.723809523809522943e+03,2.732505895648458901e-15
9.725396825396825079e+03,2.731348111575030261e-15
9.726984126984127215e+03,2.730190882890899250e-15
9.728571428571427532e+03,2.729034209330855171e-15
9.730158730158729668e+03,2.727878090629768184e-15
9.731746031746031804e+03,2.726722526522596013e-15
9.733333333333332121e+03,2.725567516744376453e-15
9.734920634920634257e+03,2.724413061030234071e-15
9.736507936507936392e+03,2.723259159115368771e-15
9.738095238095236709e+03,2.722105810735075911e-15
9.739682539682540664e+03,2.720953015624722634e-15
9.741269841269840981e+03,2.719800773519770351e-15
9.742857142857141298e+03,2.718649084155756994e-15
9.744444444444445253e+03,2.717497947268308057e-15
9.746031746031745570e+03,2.716347362593129895e-15
9.747619047619047706e+03,2.715197329866016423e-15
9.749206349206349842e+03,2.714047848822839262e-15
9.750793650793650158e+03,2.712898919199565088e-15
9.752380952380952294e+03,2.711750540732232760e-15
9.753968253968254430e+03,2.710602713156975798e-15
9.755555555555554747e+03,2.709455436210005034e-15
9.757142857142856883e+03,2.708308709627613732e-15
9.758730158730159019e+03,2.707162533146190216e-15
9.760317460317459336e+03,2.706016906502198935e-15
9.761904761904761472e+03,2.704871829432187167e-15
9.763492063492063608e+03,2.703727301672795277e-15
9.765079365079363924e+03,2.702583322960740937e-15
9.766666666666666060e+03,2.701439893032831358e-15
9.768253968253968196e+03,2.700297011625956182e-15
9.769841269841268513e+03,2.699154678477088673e-15
9.771428571428570649e+03,2.698012893323292816e-15
9.773015873015872785e+03,2.696871655901707928e-15
9.774603174603173102e+03,2.695730965949567598e-15
9.776190476190477057e+03,2.694590823204189427e-15
9.777777777777777374e+03,2.693451227402972663e-15
9.779365079365077690e+03,2.692312178283402542e-15
9.780952380952381645e+03,2.691173675583048312e-15
9.782539682539681962e+03,2.690035719039572306e-15
9.784126984126984098e+03,2.688898308390714167e-15
9.785714285714286234e+03,2.687761443374302284e-15
9.787301587301586551e+03,2.686625123728253397e-15
9.788888888888888687e+03,2.685489349190563924e-15
9.790476190476190823e+03,2.684354119499319423e-15
9.792063492063491140e+03,2.683219434392691436e-15
9.793650793650793275e+03,2.682085293608936704e-15
9.795238095238095411e+03,2.680951696886402688e-15
9.796825396825395728e+03,2.679818643963516126e-15
9.798412698412697864e+03,2.678686134578787772e-15
9.800000000000000000e+03,2.677554168470824228e-15
9.801587301587300317e+03,2.676422745378315711e-15
9.803174603174602453e+03,2.675291865040030935e-15
9.804761904761904589e+03,2.674161527194831695e-15
9.806349206349204906e+03,2.673031731581669719e-15
9.807936507936508860e+03,2.671902477939572069e-15
9.809523809523809177e+03,2.670773766007664022e-15
9.811111111111109494e+03,2.669645595525148952e-15
9.812698412698413449e+03,2.668517966231321739e-15
9.814285714285713766e+03,2.667390877865562069e-15
9.815873015873015902e+03,2.666264330167336005e-15
9.817460317460318038e+03,2.665138322876197570e-15
9.819047619047618355e+03,2.664012855731791111e-15
9.820634920634920491e+03,2.662887928473839465e-15
9.822222222222222626e+03,2.661763540842159740e-15
9.823809523809522943e+03,2.660639692576653847e-15
9.825396825396825079e+03,2.659516383417310075e-15
9.826984126984127215e+03,2.658393613104204673e-15
9.828571428571427532e+03,2.657271381377503030e-15
9.830158730158729668e+03,2.656149687977453761e-15
9.831746031746031804e+03,2.655028532644396592e-15
9.833333333333332121e+03,2.653907915118756844e-15
9.834920634920634257e+03,2.652787835141044244e-15
9.836507936507936392e+03,2.651668292451866337e-15
9.838095238095236709e+03,2.650549286791908766e-15
9.839682539682540664e+03,2.649430817901944739e-15
9.841269841269840981e+03,2.648312885522842521e-15
9.842857142857141298e+03,2.647195489395552416e-15
9.844444444444445253e+03,2.646078629261112296e-15
9.846031746031745570e+03,2.644962304860653508e-15
9.847619047619047706e+03,2.643846515935385896e-15
9.849206349206349842e+03,2.642731262226617513e-15
9.850793650793650158e+03,2.641616543475740032e-15
9.852380952380952294e+03,2.640502359424227565e-15
9.853968253968254430e+03,2.639388709813654405e-15
9.855555555555554747e+03,2.638275594385676100e-15
9.857142857142856883e+03,2.637163012882033791e-15
9.858730158730159019e+03,2.636050965044561700e-15
9.860317460317459336e+03,2.634939450615183589e-15
9.861904761904761472e+03,2.633828469335902105e-15
9.863492063492063608e+03,2.632718020948824417e-15
9.865079365079363924e+03,2.631608105196133822e-15
9.866666666666666060e+03,2.630498721820104728e-15
9.868253968253968196e+03,2.629389870563099504e-15
9.869841269841268513e+03,2.628281551167574389e-15
9.871428571428570649e+03,2.627173763376070034e-15
9.873015873015872785e+03,2.626066506931217413e-15
9.874603174603173102e+03,2.624959781575737037e-15
9.876190476190477057e+03,2.623853587052433033e-15
9.877777777777777374e+03,2.622747923104209323e-15
9.879365079365077690e+03,2.621642789474043980e-15
9.880952380952381645e+03,2.620538185905017627e-15
9.882539682539681962e+03,2.619434112140296483e-15
9.884126984126984098e+03,2.618330567923131564e-15
9.885714285714286234e+03,2.617227552996866977e-15
9.887301587301586551e+03,2.616125067104934784e-15
9.888888888888888687e+03,2.615023109990855004e-15
9.890476190476190823e+03,2.613921681398243506e-15
9.892063492063491140e+03,2.612820781070799380e-15
9.893650793650793275e+03,2.611720408752308100e-15
9.895238095238095411e+03,2.610620564186654139e-15
9.896825396825395728e+03,2.609521247117807168e-15
9.898412698412697864e+03,2.608422457289824029e-15
9.900000000000000000e+03,2.607324194446852279e-15
9.901587301587300317e+03,2.606226458333137298e-15
9.903174603174602453e+03,2.605129248692999010e-15
9.904761904761904589e+03,2.604032565270859104e-15
9.906349206349204906e+03,2.602936407811224861e-15
9.907936507936508860e+03,2.601840776058694278e-15
9.909523809523809177e+03,2.600745669757959624e-15
9.911111111111109494e+03,2.599651088653793236e-15
9.912698412698413449e+03,2.598557032491064481e-15
9.914285714285713766e+03,2.597463501014733444e-15
9.915873015873015902e+03,2.596370493969847777e-15
9.917460317460318038e+03,2.595278011101546635e-15
9.919047619047618355e+03,2.594186052155058713e-15
9.920634920634920491e+03,2.593094616875704210e-15
9.922222222222222626e+03,2.592003705008889710e-15
9.923809523809522943e+03,2.590913316300116455e-15
9.925396825396825079e+03,2.589823450494979566e-15
9.926984126984127215e+03,2.588734107339154625e-15
9.928571428571427532e+03,2.587645286578414245e-15
9.930158730158729668e+03,2.586556987958623730e-15
9.931746031746031804e+03,2.585469211225733187e-15
9.933333333333332121e+03,2.584381956125787384e-15
9.934920634920634257e+03,2.583295222404919840e-15
9.936507936507936392e+03,2.582209009809355183e-15
9.938095238095236709e+03,2.581123318085414285e-15
9.939682539682540664e+03,2.580038146979495721e-15
9.941269841269840981e+03,2.578953496238102587e-15
9.942857142857141298e+03,2.577869365607825940e-15
9.944444444444445253e+03,2.576785754835339666e-15
9.946031746031745570e+03,2.575702663667417838e-15
9.947619047619047706e+03,2.574620091850921695e-15
9.949206349206349842e+03,2.573538039132802804e-15
9.950793650793650158e+03,2.572456505260109364e-15
9.952380952380952294e+03,2.571375489979972802e-15
9.953968253968254430e+03,2.570294993039619207e-15
9.955555555555554747e+03,2.569215014186373276e-15
9.957142857142856883e+03,2.568135553167637407e-15
9.958730158730159019e+03,2.567056609730912214e-15
9.960317460317459336e+03,2.565978183623794944e-15
9.961904761904761472e+03,2.564900274593965281e-15
9.963492063492063608e+03,2.563822882389199546e-15
9.965079365079363924e+03,2.562746006757365959e-15
9.966666666666666060e+03,2.561669647446418334e-15
9.968253968253968196e+03,2.560593804204410670e-15
9.969841269841268513e+03,2.559518476779483739e-15
9.971428571428570649e+03,2.558443664919869823e-15
9.973015873015872785e+03,2.557369368373895078e-15
9.974603174603173102e+03,2.556295586889975982e-15
9.976190476190477057e+03,2.555222320216618159e-15
9.977777777777777374e+03,2.554149568102427808e-15
9.979365079365077690e+03,2.553077330296097907e-15
9.980952380952381645e+03,2.552005606546403471e-15
9.982539682539681962e+03,2.550934396602230748e-15
9.984126984126984098e+03,2.549863700212541716e-15
9.985714285714286234e+03,2.548793517126403664e-15
9.987301587301586551e+03,2.547723847092964348e-15
9.988888888888888687e+03,2.546654689861468550e-15
9.990476190476190823e+03,2.545586045181253352e-15
9.992063492063491140e+03,2.544517912801752470e-15
9.993650793650793275e+03,2.543450292472480478e-15
9.995238095238095411e+03,2.542383183943055687e-15
9.996825396825395728e+03,2.541316586963185547e-15
9.998412698412697864e+03,2.540250501282663100e-15
1.000000000000000000e+04,2.539184926651382363e-15
